original_trial_index,record,true_cue_side,predicted_cue_side,score_right,sample,stage,candidate,held_out_record
0,VisualCogA_Task-1,-1,-1,-0.08351084799943578,raw_qc_pass,cue_locked,rbf_svm_drop_redundant_alpha_asym_12_C_10_gamma_0.03,VisualCogA_Task-1
1,VisualCogA_Task-1,1,-1,-0.5229037120504227,raw_qc_pass,cue_locked,rbf_svm_drop_redundant_alpha_asym_12_C_10_gamma_0.03,VisualCogA_Task-1
2,VisualCogA_Task-1,-1,-1,-0.31135412083295155,raw_qc_pass,cue_locked,rbf_svm_drop_redundant_alpha_asym_12_C_10_gamma_0.03,VisualCogA_Task-1
3,VisualCogA_Task-1,-1,1,0.6509378197701492,raw_qc_pass,cue_locked,rbf_svm_drop_redundant_alpha_asym_12_C_10_gamma_0.03,VisualCogA_Task-1
4,VisualCogA_Task-1,1,1,0.6812617880241214,raw_qc_pass,cue_locked,rbf_svm_drop_redundant_alpha_asym_12_C_10_gamma_0.03,VisualCogA_Task-1
5,VisualCogA_Task-1,-1,1,0.32744191572755166,raw_qc_pass,cue_locked,rbf_svm_drop_redundant_alpha_asym_12_C_10_gamma_0.03,VisualCogA_Task-1
6,VisualCogA_Task-1,-1,-1,-0.24315717106826032,raw_qc_pass,cue_locked,rbf_svm_drop_redundant_alpha_asym_12_C_10_gamma_0.03,VisualCogA_Task-1
7,VisualCogA_Task-1,-1,-1,-1.2797490983049233,raw_qc_pass,cue_locked,rbf_svm_drop_redundant_alpha_asym_12_C_10_gamma_0.03,VisualCogA_Task-1
8,VisualCogA_Task-1,1,-1,-0.6129868647806982,raw_qc_pass,cue_locked,rbf_svm_drop_redundant_alpha_asym_12_C_10_gamma_0.03,VisualCogA_Task-1
9,VisualCogA_Task-1,1,1,1.5986686794284706,raw_qc_pass,cue_locked,rbf_svm_drop_redundant_alpha_asym_12_C_10_gamma_0.03,VisualCogA_Task-1
10,VisualCogA_Task-1,1,-1,-0.5529015289924566,raw_qc_pass,cue_locked,rbf_svm_drop_redundant_alpha_asym_12_C_10_gamma_0.03,VisualCogA_Task-1
11,VisualCogA_Task-1,1,1,0.2617279159224386,raw_qc_pass,cue_locked,rbf_svm_drop_redundant_alpha_asym_12_C_10_gamma_0.03,VisualCogA_Task-1
12,VisualCogA_Task-1,-1,1,0.08607656585810083,raw_qc_pass,cue_locked,rbf_svm_drop_redundant_alpha_asym_12_C_10_gamma_0.03,VisualCogA_Task-1
13,VisualCogA_Task-1,-1,-1,-0.09846250734283044,raw_qc_pass,cue_locked,rbf_svm_drop_redundant_alpha_asym_12_C_10_gamma_0.03,VisualCogA_Task-1
14,VisualCogA_Task-1,1,1,1.0800274673378458,raw_qc_pass,cue_locked,rbf_svm_drop_redundant_alpha_asym_12_C_10_gamma_0.03,VisualCogA_Task-1
15,VisualCogA_Task-1,-1,1,0.4777422315712927,raw_qc_pass,cue_locked,rbf_svm_drop_redundant_alpha_asym_12_C_10_gamma_0.03,VisualCogA_Task-1
16,VisualCogA_Task-1,1,1,0.3156008843667688,raw_qc_pass,cue_locked,rbf_svm_drop_redundant_alpha_asym_12_C_10_gamma_0.03,VisualCogA_Task-1
17,VisualCogA_Task-1,-1,-1,-0.19693598022194284,raw_qc_pass,cue_locked,rbf_svm_drop_redundant_alpha_asym_12_C_10_gamma_0.03,VisualCogA_Task-1
18,VisualCogA_Task-1,-1,1,0.37894155062733126,raw_qc_pass,cue_locked,rbf_svm_drop_redundant_alpha_asym_12_C_10_gamma_0.03,VisualCogA_Task-1
19,VisualCogA_Task-1,1,1,0.8614955633890407,raw_qc_pass,cue_locked,rbf_svm_drop_redundant_alpha_asym_12_C_10_gamma_0.03,VisualCogA_Task-1
20,VisualCogA_Task-1,-1,1,0.08364129232726089,raw_qc_pass,cue_locked,rbf_svm_drop_redundant_alpha_asym_12_C_10_gamma_0.03,VisualCogA_Task-1
21,VisualCogA_Task-1,-1,1,1.2508530735608276,raw_qc_pass,cue_locked,rbf_svm_drop_redundant_alpha_asym_12_C_10_gamma_0.03,VisualCogA_Task-1
22,VisualCogA_Task-1,1,1,0.09497812324792296,raw_qc_pass,cue_locked,rbf_svm_drop_redundant_alpha_asym_12_C_10_gamma_0.03,VisualCogA_Task-1
23,VisualCogA_Task-1,-1,-1,-0.5720138385483151,raw_qc_pass,cue_locked,rbf_svm_drop_redundant_alpha_asym_12_C_10_gamma_0.03,VisualCogA_Task-1
24,VisualCogA_Task-1,-1,-1,-0.4224505134853447,raw_qc_pass,cue_locked,rbf_svm_drop_redundant_alpha_asym_12_C_10_gamma_0.03,VisualCogA_Task-1
25,VisualCogA_Task-1,1,1,0.953505982505565,raw_qc_pass,cue_locked,rbf_svm_drop_redundant_alpha_asym_12_C_10_gamma_0.03,VisualCogA_Task-1
26,VisualCogA_Task-1,1,-1,-0.8609335478062514,raw_qc_pass,cue_locked,rbf_svm_drop_redundant_alpha_asym_12_C_10_gamma_0.03,VisualCogA_Task-1
27,VisualCogA_Task-1,-1,-1,-0.05074823716536894,raw_qc_pass,cue_locked,rbf_svm_drop_redundant_alpha_asym_12_C_10_gamma_0.03,VisualCogA_Task-1
28,VisualCogA_Task-1,-1,-1,-0.2348727645968192,raw_qc_pass,cue_locked,rbf_svm_drop_redundant_alpha_asym_12_C_10_gamma_0.03,VisualCogA_Task-1
29,VisualCogA_Task-1,-1,-1,-0.5142093421477212,raw_qc_pass,cue_locked,rbf_svm_drop_redundant_alpha_asym_12_C_10_gamma_0.03,VisualCogA_Task-1
30,VisualCogA_Task-1,-1,-1,-0.498958843198926,raw_qc_pass,cue_locked,rbf_svm_drop_redundant_alpha_asym_12_C_10_gamma_0.03,VisualCogA_Task-1
31,VisualCogA_Task-1,1,1,1.2047935420684082,raw_qc_pass,cue_locked,rbf_svm_drop_redundant_alpha_asym_12_C_10_gamma_0.03,VisualCogA_Task-1
32,VisualCogA_Task-1,1,-1,-0.9778208144393024,raw_qc_pass,cue_locked,rbf_svm_drop_redundant_alpha_asym_12_C_10_gamma_0.03,VisualCogA_Task-1
33,VisualCogA_Task-1,-1,1,0.6096190212222214,raw_qc_pass,cue_locked,rbf_svm_drop_redundant_alpha_asym_12_C_10_gamma_0.03,VisualCogA_Task-1
34,VisualCogA_Task-1,1,1,0.08962064412257639,raw_qc_pass,cue_locked,rbf_svm_drop_redundant_alpha_asym_12_C_10_gamma_0.03,VisualCogA_Task-1
35,VisualCogA_Task-1,-1,1,2.1484954658446647,raw_qc_pass,cue_locked,rbf_svm_drop_redundant_alpha_asym_12_C_10_gamma_0.03,VisualCogA_Task-1
36,VisualCogA_Task-1,-1,1,0.3250098340390746,raw_qc_pass,cue_locked,rbf_svm_drop_redundant_alpha_asym_12_C_10_gamma_0.03,VisualCogA_Task-1
37,VisualCogA_Task-1,-1,-1,-0.4862910959082589,raw_qc_pass,cue_locked,rbf_svm_drop_redundant_alpha_asym_12_C_10_gamma_0.03,VisualCogA_Task-1
38,VisualCogA_Task-1,-1,1,0.022433228472377803,raw_qc_pass,cue_locked,rbf_svm_drop_redundant_alpha_asym_12_C_10_gamma_0.03,VisualCogA_Task-1
39,VisualCogA_Task-1,-1,-1,-0.03553053052762141,raw_qc_pass,cue_locked,rbf_svm_drop_redundant_alpha_asym_12_C_10_gamma_0.03,VisualCogA_Task-1
40,VisualCogA_Task-1,-1,-1,-0.986708932344911,raw_qc_pass,cue_locked,rbf_svm_drop_redundant_alpha_asym_12_C_10_gamma_0.03,VisualCogA_Task-1
41,VisualCogA_Task-1,1,-1,-0.40045586812780365,raw_qc_pass,cue_locked,rbf_svm_drop_redundant_alpha_asym_12_C_10_gamma_0.03,VisualCogA_Task-1
42,VisualCogA_Task-1,-1,1,0.7011034041224968,raw_qc_pass,cue_locked,rbf_svm_drop_redundant_alpha_asym_12_C_10_gamma_0.03,VisualCogA_Task-1
43,VisualCogA_Task-1,1,-1,-0.8964833475111462,raw_qc_pass,cue_locked,rbf_svm_drop_redundant_alpha_asym_12_C_10_gamma_0.03,VisualCogA_Task-1
44,VisualCogA_Task-1,-1,1,0.32818706345222703,raw_qc_pass,cue_locked,rbf_svm_drop_redundant_alpha_asym_12_C_10_gamma_0.03,VisualCogA_Task-1
45,VisualCogA_Task-1,-1,-1,-0.09778404279052307,raw_qc_pass,cue_locked,rbf_svm_drop_redundant_alpha_asym_12_C_10_gamma_0.03,VisualCogA_Task-1
46,VisualCogA_Task-1,-1,-1,-0.9741003009038665,raw_qc_pass,cue_locked,rbf_svm_drop_redundant_alpha_asym_12_C_10_gamma_0.03,VisualCogA_Task-1
47,VisualCogA_Task-1,1,-1,-0.7144076695795125,raw_qc_pass,cue_locked,rbf_svm_drop_redundant_alpha_asym_12_C_10_gamma_0.03,VisualCogA_Task-1
48,VisualCogA_Task-1,-1,-1,-0.6910146560091885,raw_qc_pass,cue_locked,rbf_svm_drop_redundant_alpha_asym_12_C_10_gamma_0.03,VisualCogA_Task-1
49,VisualCogA_Task-1,-1,1,0.35581290010100086,raw_qc_pass,cue_locked,rbf_svm_drop_redundant_alpha_asym_12_C_10_gamma_0.03,VisualCogA_Task-1
50,VisualCogA_Task-1,1,1,0.8223120068295484,raw_qc_pass,cue_locked,rbf_svm_drop_redundant_alpha_asym_12_C_10_gamma_0.03,VisualCogA_Task-1
51,VisualCogA_Task-1,1,-1,-0.05707540451153317,raw_qc_pass,cue_locked,rbf_svm_drop_redundant_alpha_asym_12_C_10_gamma_0.03,VisualCogA_Task-1
52,VisualCogA_Task-1,1,-1,-0.5819703190034986,raw_qc_pass,cue_locked,rbf_svm_drop_redundant_alpha_asym_12_C_10_gamma_0.03,VisualCogA_Task-1
53,VisualCogA_Task-1,-1,-1,-1.1953550333958012,raw_qc_pass,cue_locked,rbf_svm_drop_redundant_alpha_asym_12_C_10_gamma_0.03,VisualCogA_Task-1
54,VisualCogA_Task-1,1,-1,-0.5422392831676748,raw_qc_pass,cue_locked,rbf_svm_drop_redundant_alpha_asym_12_C_10_gamma_0.03,VisualCogA_Task-1
55,VisualCogA_Task-1,-1,1,0.4614644500369358,raw_qc_pass,cue_locked,rbf_svm_drop_redundant_alpha_asym_12_C_10_gamma_0.03,VisualCogA_Task-1
56,VisualCogA_Task-1,-1,-1,-0.5005654645373634,raw_qc_pass,cue_locked,rbf_svm_drop_redundant_alpha_asym_12_C_10_gamma_0.03,VisualCogA_Task-1
57,VisualCogA_Task-1,1,1,0.09939591140649437,raw_qc_pass,cue_locked,rbf_svm_drop_redundant_alpha_asym_12_C_10_gamma_0.03,VisualCogA_Task-1
58,VisualCogA_Task-1,1,1,0.7640929482407388,raw_qc_pass,cue_locked,rbf_svm_drop_redundant_alpha_asym_12_C_10_gamma_0.03,VisualCogA_Task-1
59,VisualCogA_Task-1,-1,-1,-0.8902109974400052,raw_qc_pass,cue_locked,rbf_svm_drop_redundant_alpha_asym_12_C_10_gamma_0.03,VisualCogA_Task-1
60,VisualCogA_Task-1,1,1,0.9510957130129085,raw_qc_pass,cue_locked,rbf_svm_drop_redundant_alpha_asym_12_C_10_gamma_0.03,VisualCogA_Task-1
61,VisualCogA_Task-1,-1,1,0.9468941681076524,raw_qc_pass,cue_locked,rbf_svm_drop_redundant_alpha_asym_12_C_10_gamma_0.03,VisualCogA_Task-1
62,VisualCogA_Task-1,1,1,0.38173023424050334,raw_qc_pass,cue_locked,rbf_svm_drop_redundant_alpha_asym_12_C_10_gamma_0.03,VisualCogA_Task-1
63,VisualCogA_Task-1,1,-1,-0.08608848173684283,raw_qc_pass,cue_locked,rbf_svm_drop_redundant_alpha_asym_12_C_10_gamma_0.03,VisualCogA_Task-1
64,VisualCogA_Task-1,-1,-1,-0.02689092546838115,raw_qc_pass,cue_locked,rbf_svm_drop_redundant_alpha_asym_12_C_10_gamma_0.03,VisualCogA_Task-1
65,VisualCogA_Task-1,1,1,0.3286206335956423,raw_qc_pass,cue_locked,rbf_svm_drop_redundant_alpha_asym_12_C_10_gamma_0.03,VisualCogA_Task-1
66,VisualCogA_Task-1,-1,-1,-0.886394454439275,raw_qc_pass,cue_locked,rbf_svm_drop_redundant_alpha_asym_12_C_10_gamma_0.03,VisualCogA_Task-1
67,VisualCogA_Task-1,-1,-1,-1.0581924267123946,raw_qc_pass,cue_locked,rbf_svm_drop_redundant_alpha_asym_12_C_10_gamma_0.03,VisualCogA_Task-1
68,VisualCogA_Task-1,1,1,0.45869015079375575,raw_qc_pass,cue_locked,rbf_svm_drop_redundant_alpha_asym_12_C_10_gamma_0.03,VisualCogA_Task-1
69,VisualCogA_Task-1,1,1,0.9261809775136054,raw_qc_pass,cue_locked,rbf_svm_drop_redundant_alpha_asym_12_C_10_gamma_0.03,VisualCogA_Task-1
70,VisualCogA_Task-1,-1,1,0.7882766689504457,raw_qc_pass,cue_locked,rbf_svm_drop_redundant_alpha_asym_12_C_10_gamma_0.03,VisualCogA_Task-1
71,VisualCogA_Task-1,1,1,0.17691037058792045,raw_qc_pass,cue_locked,rbf_svm_drop_redundant_alpha_asym_12_C_10_gamma_0.03,VisualCogA_Task-1
72,VisualCogA_Task-1,-1,-1,-1.5776924200830236,raw_qc_pass,cue_locked,rbf_svm_drop_redundant_alpha_asym_12_C_10_gamma_0.03,VisualCogA_Task-1
73,VisualCogA_Task-1,1,1,0.282995030117277,raw_qc_pass,cue_locked,rbf_svm_drop_redundant_alpha_asym_12_C_10_gamma_0.03,VisualCogA_Task-1
74,VisualCogA_Task-1,-1,1,0.6844726446061447,raw_qc_pass,cue_locked,rbf_svm_drop_redundant_alpha_asym_12_C_10_gamma_0.03,VisualCogA_Task-1
75,VisualCogA_Task-1,1,-1,-0.24034659974863384,raw_qc_pass,cue_locked,rbf_svm_drop_redundant_alpha_asym_12_C_10_gamma_0.03,VisualCogA_Task-1
76,VisualCogA_Task-1,-1,1,0.008255751465420347,raw_qc_pass,cue_locked,rbf_svm_drop_redundant_alpha_asym_12_C_10_gamma_0.03,VisualCogA_Task-1
77,VisualCogA_Task-1,-1,1,0.24074794071054903,raw_qc_pass,cue_locked,rbf_svm_drop_redundant_alpha_asym_12_C_10_gamma_0.03,VisualCogA_Task-1
78,VisualCogA_Task-1,-1,1,0.736599685807003,raw_qc_pass,cue_locked,rbf_svm_drop_redundant_alpha_asym_12_C_10_gamma_0.03,VisualCogA_Task-1
79,VisualCogA_Task-1,-1,1,0.9816950342934552,raw_qc_pass,cue_locked,rbf_svm_drop_redundant_alpha_asym_12_C_10_gamma_0.03,VisualCogA_Task-1
80,VisualCogA_Task-1,-1,1,0.6949530365718448,raw_qc_pass,cue_locked,rbf_svm_drop_redundant_alpha_asym_12_C_10_gamma_0.03,VisualCogA_Task-1
81,VisualCogA_Task-1,1,1,0.6769344679866192,raw_qc_pass,cue_locked,rbf_svm_drop_redundant_alpha_asym_12_C_10_gamma_0.03,VisualCogA_Task-1
82,VisualCogA_Task-1,-1,1,0.4273720117073567,raw_qc_pass,cue_locked,rbf_svm_drop_redundant_alpha_asym_12_C_10_gamma_0.03,VisualCogA_Task-1
83,VisualCogA_Task-1,1,-1,-0.35808324584338824,raw_qc_pass,cue_locked,rbf_svm_drop_redundant_alpha_asym_12_C_10_gamma_0.03,VisualCogA_Task-1
84,VisualCogA_Task-1,-1,-1,-0.25493864682626133,raw_qc_pass,cue_locked,rbf_svm_drop_redundant_alpha_asym_12_C_10_gamma_0.03,VisualCogA_Task-1
85,VisualCogA_Task-1,1,1,0.16062921487866674,raw_qc_pass,cue_locked,rbf_svm_drop_redundant_alpha_asym_12_C_10_gamma_0.03,VisualCogA_Task-1
86,VisualCogA_Task-1,1,1,0.4727652149361201,raw_qc_pass,cue_locked,rbf_svm_drop_redundant_alpha_asym_12_C_10_gamma_0.03,VisualCogA_Task-1
87,VisualCogA_Task-1,1,-1,-0.9033396416785255,raw_qc_pass,cue_locked,rbf_svm_drop_redundant_alpha_asym_12_C_10_gamma_0.03,VisualCogA_Task-1
88,VisualCogA_Task-1,1,-1,-0.021800256339434193,raw_qc_pass,cue_locked,rbf_svm_drop_redundant_alpha_asym_12_C_10_gamma_0.03,VisualCogA_Task-1
89,VisualCogA_Task-1,1,1,0.7761621445275055,raw_qc_pass,cue_locked,rbf_svm_drop_redundant_alpha_asym_12_C_10_gamma_0.03,VisualCogA_Task-1
90,VisualCogA_Task-1,-1,1,0.3151945421501299,raw_qc_pass,cue_locked,rbf_svm_drop_redundant_alpha_asym_12_C_10_gamma_0.03,VisualCogA_Task-1
91,VisualCogA_Task-1,1,1,0.07084595709750172,raw_qc_pass,cue_locked,rbf_svm_drop_redundant_alpha_asym_12_C_10_gamma_0.03,VisualCogA_Task-1
92,VisualCogA_Task-1,1,1,0.7108176064649647,raw_qc_pass,cue_locked,rbf_svm_drop_redundant_alpha_asym_12_C_10_gamma_0.03,VisualCogA_Task-1
93,VisualCogA_Task-1,1,1,0.7283034022403754,raw_qc_pass,cue_locked,rbf_svm_drop_redundant_alpha_asym_12_C_10_gamma_0.03,VisualCogA_Task-1
94,VisualCogA_Task-1,-1,1,0.9104081239141253,raw_qc_pass,cue_locked,rbf_svm_drop_redundant_alpha_asym_12_C_10_gamma_0.03,VisualCogA_Task-1
95,VisualCogA_Task-1,1,-1,-0.07210588707242696,raw_qc_pass,cue_locked,rbf_svm_drop_redundant_alpha_asym_12_C_10_gamma_0.03,VisualCogA_Task-1
96,VisualCogA_Task-1,1,-1,-0.6022647588942924,raw_qc_pass,cue_locked,rbf_svm_drop_redundant_alpha_asym_12_C_10_gamma_0.03,VisualCogA_Task-1
97,VisualCogA_Task-1,-1,-1,-0.36595303905518617,raw_qc_pass,cue_locked,rbf_svm_drop_redundant_alpha_asym_12_C_10_gamma_0.03,VisualCogA_Task-1
98,VisualCogA_Task-1,-1,1,0.2775496282429024,raw_qc_pass,cue_locked,rbf_svm_drop_redundant_alpha_asym_12_C_10_gamma_0.03,VisualCogA_Task-1
99,VisualCogA_Task-1,1,-1,-1.2697796635051122,raw_qc_pass,cue_locked,rbf_svm_drop_redundant_alpha_asym_12_C_10_gamma_0.03,VisualCogA_Task-1
0,VisualCogA_Task-2,1,1,0.8523021963425081,raw_qc_pass,cue_locked,rbf_svm_full_baseline_13_C_10_gamma_scale,VisualCogA_Task-2
1,VisualCogA_Task-2,-1,-1,-0.9797214976750797,raw_qc_pass,cue_locked,rbf_svm_full_baseline_13_C_10_gamma_scale,VisualCogA_Task-2
2,VisualCogA_Task-2,-1,-1,-0.46100963070562456,raw_qc_pass,cue_locked,rbf_svm_full_baseline_13_C_10_gamma_scale,VisualCogA_Task-2
3,VisualCogA_Task-2,-1,-1,-1.0755123940506583,raw_qc_pass,cue_locked,rbf_svm_full_baseline_13_C_10_gamma_scale,VisualCogA_Task-2
4,VisualCogA_Task-2,1,1,0.4512352240366509,raw_qc_pass,cue_locked,rbf_svm_full_baseline_13_C_10_gamma_scale,VisualCogA_Task-2
5,VisualCogA_Task-2,-1,-1,-1.6024761682348532,raw_qc_pass,cue_locked,rbf_svm_full_baseline_13_C_10_gamma_scale,VisualCogA_Task-2
6,VisualCogA_Task-2,1,1,1.7320886525714536,raw_qc_pass,cue_locked,rbf_svm_full_baseline_13_C_10_gamma_scale,VisualCogA_Task-2
7,VisualCogA_Task-2,1,1,0.345405501168737,raw_qc_pass,cue_locked,rbf_svm_full_baseline_13_C_10_gamma_scale,VisualCogA_Task-2
8,VisualCogA_Task-2,-1,1,0.7259645200183165,raw_qc_pass,cue_locked,rbf_svm_full_baseline_13_C_10_gamma_scale,VisualCogA_Task-2
9,VisualCogA_Task-2,-1,-1,-0.5373747671883022,raw_qc_pass,cue_locked,rbf_svm_full_baseline_13_C_10_gamma_scale,VisualCogA_Task-2
10,VisualCogA_Task-2,1,1,0.9252845108932826,raw_qc_pass,cue_locked,rbf_svm_full_baseline_13_C_10_gamma_scale,VisualCogA_Task-2
11,VisualCogA_Task-2,1,1,0.929583433888588,raw_qc_pass,cue_locked,rbf_svm_full_baseline_13_C_10_gamma_scale,VisualCogA_Task-2
12,VisualCogA_Task-2,1,-1,-1.1134998590298055,raw_qc_pass,cue_locked,rbf_svm_full_baseline_13_C_10_gamma_scale,VisualCogA_Task-2
13,VisualCogA_Task-2,-1,1,1.4968203561778488,raw_qc_pass,cue_locked,rbf_svm_full_baseline_13_C_10_gamma_scale,VisualCogA_Task-2
14,VisualCogA_Task-2,-1,-1,-2.354568465849696,raw_qc_pass,cue_locked,rbf_svm_full_baseline_13_C_10_gamma_scale,VisualCogA_Task-2
15,VisualCogA_Task-2,-1,-1,-0.3790161529121889,raw_qc_pass,cue_locked,rbf_svm_full_baseline_13_C_10_gamma_scale,VisualCogA_Task-2
16,VisualCogA_Task-2,1,1,0.24924565843598528,raw_qc_pass,cue_locked,rbf_svm_full_baseline_13_C_10_gamma_scale,VisualCogA_Task-2
17,VisualCogA_Task-2,1,-1,-1.9401214130667148,raw_qc_pass,cue_locked,rbf_svm_full_baseline_13_C_10_gamma_scale,VisualCogA_Task-2
18,VisualCogA_Task-2,-1,1,0.8794747069858102,raw_qc_pass,cue_locked,rbf_svm_full_baseline_13_C_10_gamma_scale,VisualCogA_Task-2
19,VisualCogA_Task-2,-1,1,0.04386908735664613,raw_qc_pass,cue_locked,rbf_svm_full_baseline_13_C_10_gamma_scale,VisualCogA_Task-2
20,VisualCogA_Task-2,1,-1,-2.8068259528338713,raw_qc_pass,cue_locked,rbf_svm_full_baseline_13_C_10_gamma_scale,VisualCogA_Task-2
21,VisualCogA_Task-2,-1,-1,-2.1356096655241616,raw_qc_pass,cue_locked,rbf_svm_full_baseline_13_C_10_gamma_scale,VisualCogA_Task-2
22,VisualCogA_Task-2,1,1,0.23038751077887004,raw_qc_pass,cue_locked,rbf_svm_full_baseline_13_C_10_gamma_scale,VisualCogA_Task-2
23,VisualCogA_Task-2,1,-1,-2.828056298870247,raw_qc_pass,cue_locked,rbf_svm_full_baseline_13_C_10_gamma_scale,VisualCogA_Task-2
24,VisualCogA_Task-2,-1,-1,-2.625385378091814,raw_qc_pass,cue_locked,rbf_svm_full_baseline_13_C_10_gamma_scale,VisualCogA_Task-2
25,VisualCogA_Task-2,-1,1,1.397374185531741,raw_qc_pass,cue_locked,rbf_svm_full_baseline_13_C_10_gamma_scale,VisualCogA_Task-2
26,VisualCogA_Task-2,1,1,0.15134361220742304,raw_qc_pass,cue_locked,rbf_svm_full_baseline_13_C_10_gamma_scale,VisualCogA_Task-2
27,VisualCogA_Task-2,1,-1,-0.6281821181014673,raw_qc_pass,cue_locked,rbf_svm_full_baseline_13_C_10_gamma_scale,VisualCogA_Task-2
28,VisualCogA_Task-2,1,1,0.26079346790203745,raw_qc_pass,cue_locked,rbf_svm_full_baseline_13_C_10_gamma_scale,VisualCogA_Task-2
30,VisualCogA_Task-2,-1,-1,-1.5371584337802642,raw_qc_pass,cue_locked,rbf_svm_full_baseline_13_C_10_gamma_scale,VisualCogA_Task-2
31,VisualCogA_Task-2,-1,1,0.7124902852951249,raw_qc_pass,cue_locked,rbf_svm_full_baseline_13_C_10_gamma_scale,VisualCogA_Task-2
33,VisualCogA_Task-2,-1,1,0.2948117791305516,raw_qc_pass,cue_locked,rbf_svm_full_baseline_13_C_10_gamma_scale,VisualCogA_Task-2
34,VisualCogA_Task-2,-1,1,1.1416668105240066,raw_qc_pass,cue_locked,rbf_svm_full_baseline_13_C_10_gamma_scale,VisualCogA_Task-2
35,VisualCogA_Task-2,1,-1,-1.3674790191875694,raw_qc_pass,cue_locked,rbf_svm_full_baseline_13_C_10_gamma_scale,VisualCogA_Task-2
36,VisualCogA_Task-2,1,-1,-0.5664497694817883,raw_qc_pass,cue_locked,rbf_svm_full_baseline_13_C_10_gamma_scale,VisualCogA_Task-2
37,VisualCogA_Task-2,-1,1,1.48999618118345,raw_qc_pass,cue_locked,rbf_svm_full_baseline_13_C_10_gamma_scale,VisualCogA_Task-2
38,VisualCogA_Task-2,1,1,0.3774652920631309,raw_qc_pass,cue_locked,rbf_svm_full_baseline_13_C_10_gamma_scale,VisualCogA_Task-2
39,VisualCogA_Task-2,-1,1,1.3969241662767462,raw_qc_pass,cue_locked,rbf_svm_full_baseline_13_C_10_gamma_scale,VisualCogA_Task-2
40,VisualCogA_Task-2,-1,-1,-1.716009893808781,raw_qc_pass,cue_locked,rbf_svm_full_baseline_13_C_10_gamma_scale,VisualCogA_Task-2
41,VisualCogA_Task-2,-1,-1,-0.9346190105283185,raw_qc_pass,cue_locked,rbf_svm_full_baseline_13_C_10_gamma_scale,VisualCogA_Task-2
42,VisualCogA_Task-2,-1,-1,-0.6052520913021315,raw_qc_pass,cue_locked,rbf_svm_full_baseline_13_C_10_gamma_scale,VisualCogA_Task-2
43,VisualCogA_Task-2,-1,1,0.836847535076682,raw_qc_pass,cue_locked,rbf_svm_full_baseline_13_C_10_gamma_scale,VisualCogA_Task-2
45,VisualCogA_Task-2,-1,1,1.14907795690989,raw_qc_pass,cue_locked,rbf_svm_full_baseline_13_C_10_gamma_scale,VisualCogA_Task-2
46,VisualCogA_Task-2,-1,-1,-0.1967343774277694,raw_qc_pass,cue_locked,rbf_svm_full_baseline_13_C_10_gamma_scale,VisualCogA_Task-2
47,VisualCogA_Task-2,-1,-1,-1.7269300213560783,raw_qc_pass,cue_locked,rbf_svm_full_baseline_13_C_10_gamma_scale,VisualCogA_Task-2
48,VisualCogA_Task-2,1,1,0.013958434192260338,raw_qc_pass,cue_locked,rbf_svm_full_baseline_13_C_10_gamma_scale,VisualCogA_Task-2
49,VisualCogA_Task-2,1,-1,-1.2024990760395842,raw_qc_pass,cue_locked,rbf_svm_full_baseline_13_C_10_gamma_scale,VisualCogA_Task-2
50,VisualCogA_Task-2,-1,-1,-1.5084144110318467,raw_qc_pass,cue_locked,rbf_svm_full_baseline_13_C_10_gamma_scale,VisualCogA_Task-2
51,VisualCogA_Task-2,1,1,0.6774644252313704,raw_qc_pass,cue_locked,rbf_svm_full_baseline_13_C_10_gamma_scale,VisualCogA_Task-2
52,VisualCogA_Task-2,1,-1,-0.8973823948927409,raw_qc_pass,cue_locked,rbf_svm_full_baseline_13_C_10_gamma_scale,VisualCogA_Task-2
53,VisualCogA_Task-2,-1,-1,-0.8120354320945318,raw_qc_pass,cue_locked,rbf_svm_full_baseline_13_C_10_gamma_scale,VisualCogA_Task-2
54,VisualCogA_Task-2,-1,-1,-1.424659150515094,raw_qc_pass,cue_locked,rbf_svm_full_baseline_13_C_10_gamma_scale,VisualCogA_Task-2
55,VisualCogA_Task-2,1,1,0.1875948993419428,raw_qc_pass,cue_locked,rbf_svm_full_baseline_13_C_10_gamma_scale,VisualCogA_Task-2
56,VisualCogA_Task-2,1,-1,-0.749216997190246,raw_qc_pass,cue_locked,rbf_svm_full_baseline_13_C_10_gamma_scale,VisualCogA_Task-2
57,VisualCogA_Task-2,1,-1,-0.6912406883723279,raw_qc_pass,cue_locked,rbf_svm_full_baseline_13_C_10_gamma_scale,VisualCogA_Task-2
58,VisualCogA_Task-2,1,-1,-0.5441564887065173,raw_qc_pass,cue_locked,rbf_svm_full_baseline_13_C_10_gamma_scale,VisualCogA_Task-2
59,VisualCogA_Task-2,1,1,1.2152166923441914,raw_qc_pass,cue_locked,rbf_svm_full_baseline_13_C_10_gamma_scale,VisualCogA_Task-2
60,VisualCogA_Task-2,-1,-1,-0.3339172616923218,raw_qc_pass,cue_locked,rbf_svm_full_baseline_13_C_10_gamma_scale,VisualCogA_Task-2
61,VisualCogA_Task-2,1,-1,-1.064486548352413,raw_qc_pass,cue_locked,rbf_svm_full_baseline_13_C_10_gamma_scale,VisualCogA_Task-2
62,VisualCogA_Task-2,-1,-1,-0.3391643149042515,raw_qc_pass,cue_locked,rbf_svm_full_baseline_13_C_10_gamma_scale,VisualCogA_Task-2
63,VisualCogA_Task-2,-1,1,1.1470941821713183,raw_qc_pass,cue_locked,rbf_svm_full_baseline_13_C_10_gamma_scale,VisualCogA_Task-2
64,VisualCogA_Task-2,1,-1,-1.7148047503033157,raw_qc_pass,cue_locked,rbf_svm_full_baseline_13_C_10_gamma_scale,VisualCogA_Task-2
65,VisualCogA_Task-2,-1,-1,-2.6124988919185066,raw_qc_pass,cue_locked,rbf_svm_full_baseline_13_C_10_gamma_scale,VisualCogA_Task-2
66,VisualCogA_Task-2,1,1,1.4612968474702484,raw_qc_pass,cue_locked,rbf_svm_full_baseline_13_C_10_gamma_scale,VisualCogA_Task-2
67,VisualCogA_Task-2,1,1,0.30431414434224263,raw_qc_pass,cue_locked,rbf_svm_full_baseline_13_C_10_gamma_scale,VisualCogA_Task-2
68,VisualCogA_Task-2,-1,1,1.0609885752213042,raw_qc_pass,cue_locked,rbf_svm_full_baseline_13_C_10_gamma_scale,VisualCogA_Task-2
69,VisualCogA_Task-2,-1,1,0.8572632529810782,raw_qc_pass,cue_locked,rbf_svm_full_baseline_13_C_10_gamma_scale,VisualCogA_Task-2
70,VisualCogA_Task-2,1,-1,-0.6903998071711961,raw_qc_pass,cue_locked,rbf_svm_full_baseline_13_C_10_gamma_scale,VisualCogA_Task-2
71,VisualCogA_Task-2,1,-1,-1.0046798975353697,raw_qc_pass,cue_locked,rbf_svm_full_baseline_13_C_10_gamma_scale,VisualCogA_Task-2
72,VisualCogA_Task-2,1,-1,-0.9144217103055754,raw_qc_pass,cue_locked,rbf_svm_full_baseline_13_C_10_gamma_scale,VisualCogA_Task-2
73,VisualCogA_Task-2,1,1,1.1818007222083673,raw_qc_pass,cue_locked,rbf_svm_full_baseline_13_C_10_gamma_scale,VisualCogA_Task-2
74,VisualCogA_Task-2,-1,-1,-0.979789301551975,raw_qc_pass,cue_locked,rbf_svm_full_baseline_13_C_10_gamma_scale,VisualCogA_Task-2
75,VisualCogA_Task-2,-1,-1,-0.7234733300783873,raw_qc_pass,cue_locked,rbf_svm_full_baseline_13_C_10_gamma_scale,VisualCogA_Task-2
76,VisualCogA_Task-2,-1,-1,-0.053488638694558055,raw_qc_pass,cue_locked,rbf_svm_full_baseline_13_C_10_gamma_scale,VisualCogA_Task-2
77,VisualCogA_Task-2,1,1,0.6174732494703343,raw_qc_pass,cue_locked,rbf_svm_full_baseline_13_C_10_gamma_scale,VisualCogA_Task-2
78,VisualCogA_Task-2,-1,1,0.29299272787798786,raw_qc_pass,cue_locked,rbf_svm_full_baseline_13_C_10_gamma_scale,VisualCogA_Task-2
79,VisualCogA_Task-2,1,-1,-1.0260564576913502,raw_qc_pass,cue_locked,rbf_svm_full_baseline_13_C_10_gamma_scale,VisualCogA_Task-2
80,VisualCogA_Task-2,-1,-1,-1.3904723111442565,raw_qc_pass,cue_locked,rbf_svm_full_baseline_13_C_10_gamma_scale,VisualCogA_Task-2
81,VisualCogA_Task-2,1,-1,-0.20982994742040323,raw_qc_pass,cue_locked,rbf_svm_full_baseline_13_C_10_gamma_scale,VisualCogA_Task-2
82,VisualCogA_Task-2,1,-1,-0.4824607365619215,raw_qc_pass,cue_locked,rbf_svm_full_baseline_13_C_10_gamma_scale,VisualCogA_Task-2
83,VisualCogA_Task-2,-1,1,0.5943619464238805,raw_qc_pass,cue_locked,rbf_svm_full_baseline_13_C_10_gamma_scale,VisualCogA_Task-2
84,VisualCogA_Task-2,1,1,0.0041023828466409396,raw_qc_pass,cue_locked,rbf_svm_full_baseline_13_C_10_gamma_scale,VisualCogA_Task-2
86,VisualCogA_Task-2,-1,1,1.5867203669034804,raw_qc_pass,cue_locked,rbf_svm_full_baseline_13_C_10_gamma_scale,VisualCogA_Task-2
87,VisualCogA_Task-2,1,1,1.654369391498168,raw_qc_pass,cue_locked,rbf_svm_full_baseline_13_C_10_gamma_scale,VisualCogA_Task-2
88,VisualCogA_Task-2,-1,-1,-0.9222799202408274,raw_qc_pass,cue_locked,rbf_svm_full_baseline_13_C_10_gamma_scale,VisualCogA_Task-2
89,VisualCogA_Task-2,-1,1,0.1186529687229248,raw_qc_pass,cue_locked,rbf_svm_full_baseline_13_C_10_gamma_scale,VisualCogA_Task-2
90,VisualCogA_Task-2,-1,1,0.45398287693612965,raw_qc_pass,cue_locked,rbf_svm_full_baseline_13_C_10_gamma_scale,VisualCogA_Task-2
91,VisualCogA_Task-2,-1,-1,-1.9015492515516776,raw_qc_pass,cue_locked,rbf_svm_full_baseline_13_C_10_gamma_scale,VisualCogA_Task-2
92,VisualCogA_Task-2,1,-1,-0.7564336145583506,raw_qc_pass,cue_locked,rbf_svm_full_baseline_13_C_10_gamma_scale,VisualCogA_Task-2
93,VisualCogA_Task-2,-1,1,0.16625528017454988,raw_qc_pass,cue_locked,rbf_svm_full_baseline_13_C_10_gamma_scale,VisualCogA_Task-2
94,VisualCogA_Task-2,-1,1,0.929206182940274,raw_qc_pass,cue_locked,rbf_svm_full_baseline_13_C_10_gamma_scale,VisualCogA_Task-2
95,VisualCogA_Task-2,-1,-1,-0.8213950384620212,raw_qc_pass,cue_locked,rbf_svm_full_baseline_13_C_10_gamma_scale,VisualCogA_Task-2
96,VisualCogA_Task-2,-1,1,0.5684969922648493,raw_qc_pass,cue_locked,rbf_svm_full_baseline_13_C_10_gamma_scale,VisualCogA_Task-2
97,VisualCogA_Task-2,-1,-1,-0.40856142937232737,raw_qc_pass,cue_locked,rbf_svm_full_baseline_13_C_10_gamma_scale,VisualCogA_Task-2
98,VisualCogA_Task-2,-1,1,0.6600456706152602,raw_qc_pass,cue_locked,rbf_svm_full_baseline_13_C_10_gamma_scale,VisualCogA_Task-2
99,VisualCogA_Task-2,-1,-1,-0.40719172349980876,raw_qc_pass,cue_locked,rbf_svm_full_baseline_13_C_10_gamma_scale,VisualCogA_Task-2
0,VisualCogB_Task-1,-1,-1,-0.2135835316939497,raw_qc_pass,cue_locked,rbf_svm_drop_redundant_alpha_asym_12_C_1_gamma_0.1,VisualCogB_Task-1
1,VisualCogB_Task-1,-1,-1,-0.9839515051694291,raw_qc_pass,cue_locked,rbf_svm_drop_redundant_alpha_asym_12_C_1_gamma_0.1,VisualCogB_Task-1
2,VisualCogB_Task-1,1,-1,-0.6607522519530143,raw_qc_pass,cue_locked,rbf_svm_drop_redundant_alpha_asym_12_C_1_gamma_0.1,VisualCogB_Task-1
3,VisualCogB_Task-1,-1,-1,-0.17504987280542683,raw_qc_pass,cue_locked,rbf_svm_drop_redundant_alpha_asym_12_C_1_gamma_0.1,VisualCogB_Task-1
4,VisualCogB_Task-1,1,-1,-0.13586246556709836,raw_qc_pass,cue_locked,rbf_svm_drop_redundant_alpha_asym_12_C_1_gamma_0.1,VisualCogB_Task-1
5,VisualCogB_Task-1,1,-1,-0.4290328684510661,raw_qc_pass,cue_locked,rbf_svm_drop_redundant_alpha_asym_12_C_1_gamma_0.1,VisualCogB_Task-1
6,VisualCogB_Task-1,1,-1,-0.428934431621255,raw_qc_pass,cue_locked,rbf_svm_drop_redundant_alpha_asym_12_C_1_gamma_0.1,VisualCogB_Task-1
7,VisualCogB_Task-1,-1,-1,-0.7098594820099132,raw_qc_pass,cue_locked,rbf_svm_drop_redundant_alpha_asym_12_C_1_gamma_0.1,VisualCogB_Task-1
8,VisualCogB_Task-1,-1,-1,-0.6771907872959043,raw_qc_pass,cue_locked,rbf_svm_drop_redundant_alpha_asym_12_C_1_gamma_0.1,VisualCogB_Task-1
9,VisualCogB_Task-1,-1,-1,-0.16306016491560238,raw_qc_pass,cue_locked,rbf_svm_drop_redundant_alpha_asym_12_C_1_gamma_0.1,VisualCogB_Task-1
10,VisualCogB_Task-1,1,-1,-0.8146087104116931,raw_qc_pass,cue_locked,rbf_svm_drop_redundant_alpha_asym_12_C_1_gamma_0.1,VisualCogB_Task-1
11,VisualCogB_Task-1,-1,-1,-0.7994267067398728,raw_qc_pass,cue_locked,rbf_svm_drop_redundant_alpha_asym_12_C_1_gamma_0.1,VisualCogB_Task-1
12,VisualCogB_Task-1,1,-1,-0.5975140756540702,raw_qc_pass,cue_locked,rbf_svm_drop_redundant_alpha_asym_12_C_1_gamma_0.1,VisualCogB_Task-1
13,VisualCogB_Task-1,1,-1,-0.6769158731842304,raw_qc_pass,cue_locked,rbf_svm_drop_redundant_alpha_asym_12_C_1_gamma_0.1,VisualCogB_Task-1
14,VisualCogB_Task-1,-1,1,0.32004953591561736,raw_qc_pass,cue_locked,rbf_svm_drop_redundant_alpha_asym_12_C_1_gamma_0.1,VisualCogB_Task-1
15,VisualCogB_Task-1,1,1,0.9889903282472959,raw_qc_pass,cue_locked,rbf_svm_drop_redundant_alpha_asym_12_C_1_gamma_0.1,VisualCogB_Task-1
16,VisualCogB_Task-1,-1,-1,-0.374737576061584,raw_qc_pass,cue_locked,rbf_svm_drop_redundant_alpha_asym_12_C_1_gamma_0.1,VisualCogB_Task-1
17,VisualCogB_Task-1,-1,-1,-0.9594027519828532,raw_qc_pass,cue_locked,rbf_svm_drop_redundant_alpha_asym_12_C_1_gamma_0.1,VisualCogB_Task-1
18,VisualCogB_Task-1,1,1,0.7973183359359975,raw_qc_pass,cue_locked,rbf_svm_drop_redundant_alpha_asym_12_C_1_gamma_0.1,VisualCogB_Task-1
19,VisualCogB_Task-1,-1,1,0.44219740414265163,raw_qc_pass,cue_locked,rbf_svm_drop_redundant_alpha_asym_12_C_1_gamma_0.1,VisualCogB_Task-1
20,VisualCogB_Task-1,1,1,0.02401797991942778,raw_qc_pass,cue_locked,rbf_svm_drop_redundant_alpha_asym_12_C_1_gamma_0.1,VisualCogB_Task-1
21,VisualCogB_Task-1,1,-1,-0.7291724289741442,raw_qc_pass,cue_locked,rbf_svm_drop_redundant_alpha_asym_12_C_1_gamma_0.1,VisualCogB_Task-1
22,VisualCogB_Task-1,1,1,0.29759662663122755,raw_qc_pass,cue_locked,rbf_svm_drop_redundant_alpha_asym_12_C_1_gamma_0.1,VisualCogB_Task-1
23,VisualCogB_Task-1,1,-1,-0.015322499693693759,raw_qc_pass,cue_locked,rbf_svm_drop_redundant_alpha_asym_12_C_1_gamma_0.1,VisualCogB_Task-1
24,VisualCogB_Task-1,1,-1,-0.480360381640074,raw_qc_pass,cue_locked,rbf_svm_drop_redundant_alpha_asym_12_C_1_gamma_0.1,VisualCogB_Task-1
25,VisualCogB_Task-1,1,-1,-0.8133842151687392,raw_qc_pass,cue_locked,rbf_svm_drop_redundant_alpha_asym_12_C_1_gamma_0.1,VisualCogB_Task-1
26,VisualCogB_Task-1,1,-1,-0.020322804649446358,raw_qc_pass,cue_locked,rbf_svm_drop_redundant_alpha_asym_12_C_1_gamma_0.1,VisualCogB_Task-1
27,VisualCogB_Task-1,1,1,0.020026745634427967,raw_qc_pass,cue_locked,rbf_svm_drop_redundant_alpha_asym_12_C_1_gamma_0.1,VisualCogB_Task-1
28,VisualCogB_Task-1,1,-1,-0.6694337557899727,raw_qc_pass,cue_locked,rbf_svm_drop_redundant_alpha_asym_12_C_1_gamma_0.1,VisualCogB_Task-1
29,VisualCogB_Task-1,-1,-1,-0.9487169951043003,raw_qc_pass,cue_locked,rbf_svm_drop_redundant_alpha_asym_12_C_1_gamma_0.1,VisualCogB_Task-1
30,VisualCogB_Task-1,1,-1,-0.21055509440443443,raw_qc_pass,cue_locked,rbf_svm_drop_redundant_alpha_asym_12_C_1_gamma_0.1,VisualCogB_Task-1
31,VisualCogB_Task-1,-1,1,0.8567776697342516,raw_qc_pass,cue_locked,rbf_svm_drop_redundant_alpha_asym_12_C_1_gamma_0.1,VisualCogB_Task-1
32,VisualCogB_Task-1,-1,-1,-0.5738145507664343,raw_qc_pass,cue_locked,rbf_svm_drop_redundant_alpha_asym_12_C_1_gamma_0.1,VisualCogB_Task-1
33,VisualCogB_Task-1,1,-1,-0.12861554916263057,raw_qc_pass,cue_locked,rbf_svm_drop_redundant_alpha_asym_12_C_1_gamma_0.1,VisualCogB_Task-1
34,VisualCogB_Task-1,-1,-1,-0.9157283582676248,raw_qc_pass,cue_locked,rbf_svm_drop_redundant_alpha_asym_12_C_1_gamma_0.1,VisualCogB_Task-1
36,VisualCogB_Task-1,-1,-1,-0.6865944144108118,raw_qc_pass,cue_locked,rbf_svm_drop_redundant_alpha_asym_12_C_1_gamma_0.1,VisualCogB_Task-1
37,VisualCogB_Task-1,-1,1,0.9134432673568852,raw_qc_pass,cue_locked,rbf_svm_drop_redundant_alpha_asym_12_C_1_gamma_0.1,VisualCogB_Task-1
38,VisualCogB_Task-1,1,-1,-0.30989539254088005,raw_qc_pass,cue_locked,rbf_svm_drop_redundant_alpha_asym_12_C_1_gamma_0.1,VisualCogB_Task-1
39,VisualCogB_Task-1,1,-1,-0.13349824732206633,raw_qc_pass,cue_locked,rbf_svm_drop_redundant_alpha_asym_12_C_1_gamma_0.1,VisualCogB_Task-1
40,VisualCogB_Task-1,-1,-1,-0.20022980696879267,raw_qc_pass,cue_locked,rbf_svm_drop_redundant_alpha_asym_12_C_1_gamma_0.1,VisualCogB_Task-1
41,VisualCogB_Task-1,1,-1,-0.7890273679828358,raw_qc_pass,cue_locked,rbf_svm_drop_redundant_alpha_asym_12_C_1_gamma_0.1,VisualCogB_Task-1
42,VisualCogB_Task-1,1,-1,-0.3809930017144597,raw_qc_pass,cue_locked,rbf_svm_drop_redundant_alpha_asym_12_C_1_gamma_0.1,VisualCogB_Task-1
43,VisualCogB_Task-1,1,1,0.666427437499448,raw_qc_pass,cue_locked,rbf_svm_drop_redundant_alpha_asym_12_C_1_gamma_0.1,VisualCogB_Task-1
44,VisualCogB_Task-1,1,-1,-0.8431245485920196,raw_qc_pass,cue_locked,rbf_svm_drop_redundant_alpha_asym_12_C_1_gamma_0.1,VisualCogB_Task-1
45,VisualCogB_Task-1,-1,-1,-0.04933172351418336,raw_qc_pass,cue_locked,rbf_svm_drop_redundant_alpha_asym_12_C_1_gamma_0.1,VisualCogB_Task-1
46,VisualCogB_Task-1,-1,1,0.47087214332228977,raw_qc_pass,cue_locked,rbf_svm_drop_redundant_alpha_asym_12_C_1_gamma_0.1,VisualCogB_Task-1
47,VisualCogB_Task-1,1,-1,-0.01730179136348564,raw_qc_pass,cue_locked,rbf_svm_drop_redundant_alpha_asym_12_C_1_gamma_0.1,VisualCogB_Task-1
48,VisualCogB_Task-1,1,-1,-0.5772429678934943,raw_qc_pass,cue_locked,rbf_svm_drop_redundant_alpha_asym_12_C_1_gamma_0.1,VisualCogB_Task-1
49,VisualCogB_Task-1,-1,-1,-0.48543477937473684,raw_qc_pass,cue_locked,rbf_svm_drop_redundant_alpha_asym_12_C_1_gamma_0.1,VisualCogB_Task-1
50,VisualCogB_Task-1,1,-1,-0.5266293581617556,raw_qc_pass,cue_locked,rbf_svm_drop_redundant_alpha_asym_12_C_1_gamma_0.1,VisualCogB_Task-1
51,VisualCogB_Task-1,-1,-1,-0.4175550092249748,raw_qc_pass,cue_locked,rbf_svm_drop_redundant_alpha_asym_12_C_1_gamma_0.1,VisualCogB_Task-1
52,VisualCogB_Task-1,1,1,0.6085917127100792,raw_qc_pass,cue_locked,rbf_svm_drop_redundant_alpha_asym_12_C_1_gamma_0.1,VisualCogB_Task-1
54,VisualCogB_Task-1,1,-1,-0.46055042956202813,raw_qc_pass,cue_locked,rbf_svm_drop_redundant_alpha_asym_12_C_1_gamma_0.1,VisualCogB_Task-1
55,VisualCogB_Task-1,-1,-1,-0.8787373982882813,raw_qc_pass,cue_locked,rbf_svm_drop_redundant_alpha_asym_12_C_1_gamma_0.1,VisualCogB_Task-1
56,VisualCogB_Task-1,1,1,0.75147355675588,raw_qc_pass,cue_locked,rbf_svm_drop_redundant_alpha_asym_12_C_1_gamma_0.1,VisualCogB_Task-1
57,VisualCogB_Task-1,1,-1,-0.40495640052570125,raw_qc_pass,cue_locked,rbf_svm_drop_redundant_alpha_asym_12_C_1_gamma_0.1,VisualCogB_Task-1
58,VisualCogB_Task-1,1,-1,-0.029525126596354312,raw_qc_pass,cue_locked,rbf_svm_drop_redundant_alpha_asym_12_C_1_gamma_0.1,VisualCogB_Task-1
59,VisualCogB_Task-1,1,1,0.3514669592074172,raw_qc_pass,cue_locked,rbf_svm_drop_redundant_alpha_asym_12_C_1_gamma_0.1,VisualCogB_Task-1
60,VisualCogB_Task-1,-1,1,0.45340447638378734,raw_qc_pass,cue_locked,rbf_svm_drop_redundant_alpha_asym_12_C_1_gamma_0.1,VisualCogB_Task-1
61,VisualCogB_Task-1,-1,-1,-0.6517170930859001,raw_qc_pass,cue_locked,rbf_svm_drop_redundant_alpha_asym_12_C_1_gamma_0.1,VisualCogB_Task-1
62,VisualCogB_Task-1,1,-1,-0.46057549793471,raw_qc_pass,cue_locked,rbf_svm_drop_redundant_alpha_asym_12_C_1_gamma_0.1,VisualCogB_Task-1
63,VisualCogB_Task-1,-1,-1,-0.44215310175532146,raw_qc_pass,cue_locked,rbf_svm_drop_redundant_alpha_asym_12_C_1_gamma_0.1,VisualCogB_Task-1
64,VisualCogB_Task-1,-1,1,0.867398955918231,raw_qc_pass,cue_locked,rbf_svm_drop_redundant_alpha_asym_12_C_1_gamma_0.1,VisualCogB_Task-1
65,VisualCogB_Task-1,-1,-1,-0.44372984677666255,raw_qc_pass,cue_locked,rbf_svm_drop_redundant_alpha_asym_12_C_1_gamma_0.1,VisualCogB_Task-1
66,VisualCogB_Task-1,1,1,0.13012855415988867,raw_qc_pass,cue_locked,rbf_svm_drop_redundant_alpha_asym_12_C_1_gamma_0.1,VisualCogB_Task-1
67,VisualCogB_Task-1,1,1,0.8419603594681447,raw_qc_pass,cue_locked,rbf_svm_drop_redundant_alpha_asym_12_C_1_gamma_0.1,VisualCogB_Task-1
68,VisualCogB_Task-1,-1,-1,-0.6602328333763092,raw_qc_pass,cue_locked,rbf_svm_drop_redundant_alpha_asym_12_C_1_gamma_0.1,VisualCogB_Task-1
69,VisualCogB_Task-1,-1,-1,-0.8843070823377689,raw_qc_pass,cue_locked,rbf_svm_drop_redundant_alpha_asym_12_C_1_gamma_0.1,VisualCogB_Task-1
70,VisualCogB_Task-1,1,-1,-0.14608970317202596,raw_qc_pass,cue_locked,rbf_svm_drop_redundant_alpha_asym_12_C_1_gamma_0.1,VisualCogB_Task-1
71,VisualCogB_Task-1,1,1,0.180401453445325,raw_qc_pass,cue_locked,rbf_svm_drop_redundant_alpha_asym_12_C_1_gamma_0.1,VisualCogB_Task-1
72,VisualCogB_Task-1,-1,-1,-0.3500918009485866,raw_qc_pass,cue_locked,rbf_svm_drop_redundant_alpha_asym_12_C_1_gamma_0.1,VisualCogB_Task-1
73,VisualCogB_Task-1,-1,1,1.2986505419168686,raw_qc_pass,cue_locked,rbf_svm_drop_redundant_alpha_asym_12_C_1_gamma_0.1,VisualCogB_Task-1
74,VisualCogB_Task-1,1,1,0.8675282241321854,raw_qc_pass,cue_locked,rbf_svm_drop_redundant_alpha_asym_12_C_1_gamma_0.1,VisualCogB_Task-1
75,VisualCogB_Task-1,-1,1,0.0550494565339531,raw_qc_pass,cue_locked,rbf_svm_drop_redundant_alpha_asym_12_C_1_gamma_0.1,VisualCogB_Task-1
76,VisualCogB_Task-1,-1,-1,-0.9531406867824583,raw_qc_pass,cue_locked,rbf_svm_drop_redundant_alpha_asym_12_C_1_gamma_0.1,VisualCogB_Task-1
77,VisualCogB_Task-1,-1,1,0.459350156189379,raw_qc_pass,cue_locked,rbf_svm_drop_redundant_alpha_asym_12_C_1_gamma_0.1,VisualCogB_Task-1
78,VisualCogB_Task-1,1,1,0.1071487460008077,raw_qc_pass,cue_locked,rbf_svm_drop_redundant_alpha_asym_12_C_1_gamma_0.1,VisualCogB_Task-1
79,VisualCogB_Task-1,-1,-1,-1.104204143924905,raw_qc_pass,cue_locked,rbf_svm_drop_redundant_alpha_asym_12_C_1_gamma_0.1,VisualCogB_Task-1
80,VisualCogB_Task-1,-1,-1,-0.9787627073900328,raw_qc_pass,cue_locked,rbf_svm_drop_redundant_alpha_asym_12_C_1_gamma_0.1,VisualCogB_Task-1
81,VisualCogB_Task-1,1,-1,-0.9277850227155654,raw_qc_pass,cue_locked,rbf_svm_drop_redundant_alpha_asym_12_C_1_gamma_0.1,VisualCogB_Task-1
82,VisualCogB_Task-1,-1,-1,-0.29752728674527706,raw_qc_pass,cue_locked,rbf_svm_drop_redundant_alpha_asym_12_C_1_gamma_0.1,VisualCogB_Task-1
83,VisualCogB_Task-1,-1,-1,-0.05101964165087658,raw_qc_pass,cue_locked,rbf_svm_drop_redundant_alpha_asym_12_C_1_gamma_0.1,VisualCogB_Task-1
84,VisualCogB_Task-1,1,1,0.16956960032663015,raw_qc_pass,cue_locked,rbf_svm_drop_redundant_alpha_asym_12_C_1_gamma_0.1,VisualCogB_Task-1
85,VisualCogB_Task-1,-1,-1,-0.11394611584351788,raw_qc_pass,cue_locked,rbf_svm_drop_redundant_alpha_asym_12_C_1_gamma_0.1,VisualCogB_Task-1
86,VisualCogB_Task-1,-1,-1,-0.8137254661764028,raw_qc_pass,cue_locked,rbf_svm_drop_redundant_alpha_asym_12_C_1_gamma_0.1,VisualCogB_Task-1
87,VisualCogB_Task-1,1,-1,-0.4628233682079482,raw_qc_pass,cue_locked,rbf_svm_drop_redundant_alpha_asym_12_C_1_gamma_0.1,VisualCogB_Task-1
88,VisualCogB_Task-1,-1,-1,-0.38504667554573924,raw_qc_pass,cue_locked,rbf_svm_drop_redundant_alpha_asym_12_C_1_gamma_0.1,VisualCogB_Task-1
89,VisualCogB_Task-1,-1,-1,-0.7031105974638006,raw_qc_pass,cue_locked,rbf_svm_drop_redundant_alpha_asym_12_C_1_gamma_0.1,VisualCogB_Task-1
90,VisualCogB_Task-1,1,-1,-0.082106358640057,raw_qc_pass,cue_locked,rbf_svm_drop_redundant_alpha_asym_12_C_1_gamma_0.1,VisualCogB_Task-1
91,VisualCogB_Task-1,1,-1,-0.46282336854577266,raw_qc_pass,cue_locked,rbf_svm_drop_redundant_alpha_asym_12_C_1_gamma_0.1,VisualCogB_Task-1
92,VisualCogB_Task-1,-1,1,0.1531660283943862,raw_qc_pass,cue_locked,rbf_svm_drop_redundant_alpha_asym_12_C_1_gamma_0.1,VisualCogB_Task-1
93,VisualCogB_Task-1,1,1,0.47330812645848386,raw_qc_pass,cue_locked,rbf_svm_drop_redundant_alpha_asym_12_C_1_gamma_0.1,VisualCogB_Task-1
94,VisualCogB_Task-1,-1,1,0.10100556319980436,raw_qc_pass,cue_locked,rbf_svm_drop_redundant_alpha_asym_12_C_1_gamma_0.1,VisualCogB_Task-1
95,VisualCogB_Task-1,1,-1,-0.6979078329217676,raw_qc_pass,cue_locked,rbf_svm_drop_redundant_alpha_asym_12_C_1_gamma_0.1,VisualCogB_Task-1
96,VisualCogB_Task-1,-1,1,0.14857844278921783,raw_qc_pass,cue_locked,rbf_svm_drop_redundant_alpha_asym_12_C_1_gamma_0.1,VisualCogB_Task-1
97,VisualCogB_Task-1,1,-1,-0.22433194270854218,raw_qc_pass,cue_locked,rbf_svm_drop_redundant_alpha_asym_12_C_1_gamma_0.1,VisualCogB_Task-1
98,VisualCogB_Task-1,1,-1,-1.3339161893135452,raw_qc_pass,cue_locked,rbf_svm_drop_redundant_alpha_asym_12_C_1_gamma_0.1,VisualCogB_Task-1
99,VisualCogB_Task-1,1,1,0.23346881457952184,raw_qc_pass,cue_locked,rbf_svm_drop_redundant_alpha_asym_12_C_1_gamma_0.1,VisualCogB_Task-1
0,VisualCogB_Task-2,-1,-1,0.47812963304924433,raw_qc_pass,cue_locked,logistic_erp_only_3_l2_100,VisualCogB_Task-2
1,VisualCogB_Task-2,-1,-1,0.4877883420757751,raw_qc_pass,cue_locked,logistic_erp_only_3_l2_100,VisualCogB_Task-2
2,VisualCogB_Task-2,-1,-1,0.4749389056176092,raw_qc_pass,cue_locked,logistic_erp_only_3_l2_100,VisualCogB_Task-2
3,VisualCogB_Task-2,1,-1,0.4764682687003543,raw_qc_pass,cue_locked,logistic_erp_only_3_l2_100,VisualCogB_Task-2
4,VisualCogB_Task-2,-1,-1,0.4797311205147537,raw_qc_pass,cue_locked,logistic_erp_only_3_l2_100,VisualCogB_Task-2
5,VisualCogB_Task-2,1,-1,0.4843584218318433,raw_qc_pass,cue_locked,logistic_erp_only_3_l2_100,VisualCogB_Task-2
6,VisualCogB_Task-2,1,-1,0.45369529922840435,raw_qc_pass,cue_locked,logistic_erp_only_3_l2_100,VisualCogB_Task-2
7,VisualCogB_Task-2,1,-1,0.48573133896228493,raw_qc_pass,cue_locked,logistic_erp_only_3_l2_100,VisualCogB_Task-2
8,VisualCogB_Task-2,1,-1,0.47490076100962375,raw_qc_pass,cue_locked,logistic_erp_only_3_l2_100,VisualCogB_Task-2
9,VisualCogB_Task-2,-1,-1,0.4673913241930063,raw_qc_pass,cue_locked,logistic_erp_only_3_l2_100,VisualCogB_Task-2
10,VisualCogB_Task-2,1,-1,0.48304485406916864,raw_qc_pass,cue_locked,logistic_erp_only_3_l2_100,VisualCogB_Task-2
11,VisualCogB_Task-2,1,-1,0.48365623504408833,raw_qc_pass,cue_locked,logistic_erp_only_3_l2_100,VisualCogB_Task-2
12,VisualCogB_Task-2,1,-1,0.48297805073625616,raw_qc_pass,cue_locked,logistic_erp_only_3_l2_100,VisualCogB_Task-2
14,VisualCogB_Task-2,1,-1,0.4580839775734657,raw_qc_pass,cue_locked,logistic_erp_only_3_l2_100,VisualCogB_Task-2
16,VisualCogB_Task-2,-1,-1,0.48430880903890633,raw_qc_pass,cue_locked,logistic_erp_only_3_l2_100,VisualCogB_Task-2
17,VisualCogB_Task-2,1,-1,0.4697794391023702,raw_qc_pass,cue_locked,logistic_erp_only_3_l2_100,VisualCogB_Task-2
18,VisualCogB_Task-2,1,-1,0.4728252620256159,raw_qc_pass,cue_locked,logistic_erp_only_3_l2_100,VisualCogB_Task-2
19,VisualCogB_Task-2,-1,-1,0.4854681297120326,raw_qc_pass,cue_locked,logistic_erp_only_3_l2_100,VisualCogB_Task-2
20,VisualCogB_Task-2,1,-1,0.4751184058227201,raw_qc_pass,cue_locked,logistic_erp_only_3_l2_100,VisualCogB_Task-2
21,VisualCogB_Task-2,1,-1,0.4831238774649037,raw_qc_pass,cue_locked,logistic_erp_only_3_l2_100,VisualCogB_Task-2
23,VisualCogB_Task-2,-1,-1,0.47514201051470745,raw_qc_pass,cue_locked,logistic_erp_only_3_l2_100,VisualCogB_Task-2
24,VisualCogB_Task-2,-1,-1,0.4693434230777993,raw_qc_pass,cue_locked,logistic_erp_only_3_l2_100,VisualCogB_Task-2
25,VisualCogB_Task-2,1,-1,0.4740086550333088,raw_qc_pass,cue_locked,logistic_erp_only_3_l2_100,VisualCogB_Task-2
26,VisualCogB_Task-2,-1,-1,0.44997550809634324,raw_qc_pass,cue_locked,logistic_erp_only_3_l2_100,VisualCogB_Task-2
27,VisualCogB_Task-2,-1,-1,0.47372560337464814,raw_qc_pass,cue_locked,logistic_erp_only_3_l2_100,VisualCogB_Task-2
28,VisualCogB_Task-2,-1,-1,0.4691010344881328,raw_qc_pass,cue_locked,logistic_erp_only_3_l2_100,VisualCogB_Task-2
29,VisualCogB_Task-2,1,-1,0.4689320856053859,raw_qc_pass,cue_locked,logistic_erp_only_3_l2_100,VisualCogB_Task-2
30,VisualCogB_Task-2,1,-1,0.4812268389597619,raw_qc_pass,cue_locked,logistic_erp_only_3_l2_100,VisualCogB_Task-2
31,VisualCogB_Task-2,1,-1,0.4626919925228458,raw_qc_pass,cue_locked,logistic_erp_only_3_l2_100,VisualCogB_Task-2
32,VisualCogB_Task-2,1,-1,0.47531938797784995,raw_qc_pass,cue_locked,logistic_erp_only_3_l2_100,VisualCogB_Task-2
33,VisualCogB_Task-2,1,-1,0.4765014563193414,raw_qc_pass,cue_locked,logistic_erp_only_3_l2_100,VisualCogB_Task-2
34,VisualCogB_Task-2,-1,-1,0.4657805555108327,raw_qc_pass,cue_locked,logistic_erp_only_3_l2_100,VisualCogB_Task-2
35,VisualCogB_Task-2,1,-1,0.48417053606023175,raw_qc_pass,cue_locked,logistic_erp_only_3_l2_100,VisualCogB_Task-2
36,VisualCogB_Task-2,-1,-1,0.47551494557930535,raw_qc_pass,cue_locked,logistic_erp_only_3_l2_100,VisualCogB_Task-2
37,VisualCogB_Task-2,-1,-1,0.49041399769641825,raw_qc_pass,cue_locked,logistic_erp_only_3_l2_100,VisualCogB_Task-2
38,VisualCogB_Task-2,1,-1,0.47026354098709183,raw_qc_pass,cue_locked,logistic_erp_only_3_l2_100,VisualCogB_Task-2
39,VisualCogB_Task-2,1,-1,0.4668422257147649,raw_qc_pass,cue_locked,logistic_erp_only_3_l2_100,VisualCogB_Task-2
40,VisualCogB_Task-2,1,-1,0.4933123276679023,raw_qc_pass,cue_locked,logistic_erp_only_3_l2_100,VisualCogB_Task-2
41,VisualCogB_Task-2,-1,-1,0.4726308091268567,raw_qc_pass,cue_locked,logistic_erp_only_3_l2_100,VisualCogB_Task-2
43,VisualCogB_Task-2,1,-1,0.4726703141738828,raw_qc_pass,cue_locked,logistic_erp_only_3_l2_100,VisualCogB_Task-2
44,VisualCogB_Task-2,-1,-1,0.48375040041848605,raw_qc_pass,cue_locked,logistic_erp_only_3_l2_100,VisualCogB_Task-2
45,VisualCogB_Task-2,-1,-1,0.4757505152038621,raw_qc_pass,cue_locked,logistic_erp_only_3_l2_100,VisualCogB_Task-2
46,VisualCogB_Task-2,1,-1,0.4664947630570792,raw_qc_pass,cue_locked,logistic_erp_only_3_l2_100,VisualCogB_Task-2
47,VisualCogB_Task-2,-1,-1,0.46662101541901135,raw_qc_pass,cue_locked,logistic_erp_only_3_l2_100,VisualCogB_Task-2
48,VisualCogB_Task-2,1,-1,0.46257224834643,raw_qc_pass,cue_locked,logistic_erp_only_3_l2_100,VisualCogB_Task-2
50,VisualCogB_Task-2,-1,-1,0.46639454999449664,raw_qc_pass,cue_locked,logistic_erp_only_3_l2_100,VisualCogB_Task-2
51,VisualCogB_Task-2,-1,-1,0.4798394222182288,raw_qc_pass,cue_locked,logistic_erp_only_3_l2_100,VisualCogB_Task-2
52,VisualCogB_Task-2,1,-1,0.47361757356581086,raw_qc_pass,cue_locked,logistic_erp_only_3_l2_100,VisualCogB_Task-2
54,VisualCogB_Task-2,1,-1,0.4797938985546542,raw_qc_pass,cue_locked,logistic_erp_only_3_l2_100,VisualCogB_Task-2
55,VisualCogB_Task-2,-1,-1,0.4281206012250058,raw_qc_pass,cue_locked,logistic_erp_only_3_l2_100,VisualCogB_Task-2
56,VisualCogB_Task-2,-1,-1,0.49472273936260613,raw_qc_pass,cue_locked,logistic_erp_only_3_l2_100,VisualCogB_Task-2
57,VisualCogB_Task-2,-1,-1,0.4813251679081941,raw_qc_pass,cue_locked,logistic_erp_only_3_l2_100,VisualCogB_Task-2
58,VisualCogB_Task-2,-1,-1,0.44970330245465,raw_qc_pass,cue_locked,logistic_erp_only_3_l2_100,VisualCogB_Task-2
59,VisualCogB_Task-2,-1,-1,0.4656963933088926,raw_qc_pass,cue_locked,logistic_erp_only_3_l2_100,VisualCogB_Task-2
60,VisualCogB_Task-2,-1,-1,0.4775551969714263,raw_qc_pass,cue_locked,logistic_erp_only_3_l2_100,VisualCogB_Task-2
61,VisualCogB_Task-2,1,-1,0.4705595540510166,raw_qc_pass,cue_locked,logistic_erp_only_3_l2_100,VisualCogB_Task-2
62,VisualCogB_Task-2,-1,-1,0.46711241272812626,raw_qc_pass,cue_locked,logistic_erp_only_3_l2_100,VisualCogB_Task-2
63,VisualCogB_Task-2,-1,-1,0.4670106251786829,raw_qc_pass,cue_locked,logistic_erp_only_3_l2_100,VisualCogB_Task-2
64,VisualCogB_Task-2,1,-1,0.47458425741979293,raw_qc_pass,cue_locked,logistic_erp_only_3_l2_100,VisualCogB_Task-2
65,VisualCogB_Task-2,1,-1,0.4631664877642406,raw_qc_pass,cue_locked,logistic_erp_only_3_l2_100,VisualCogB_Task-2
66,VisualCogB_Task-2,1,-1,0.4604347082568645,raw_qc_pass,cue_locked,logistic_erp_only_3_l2_100,VisualCogB_Task-2
67,VisualCogB_Task-2,1,-1,0.4803425151722489,raw_qc_pass,cue_locked,logistic_erp_only_3_l2_100,VisualCogB_Task-2
68,VisualCogB_Task-2,-1,-1,0.4774819566813157,raw_qc_pass,cue_locked,logistic_erp_only_3_l2_100,VisualCogB_Task-2
69,VisualCogB_Task-2,-1,-1,0.4915968341713518,raw_qc_pass,cue_locked,logistic_erp_only_3_l2_100,VisualCogB_Task-2
70,VisualCogB_Task-2,1,-1,0.46145883502990587,raw_qc_pass,cue_locked,logistic_erp_only_3_l2_100,VisualCogB_Task-2
71,VisualCogB_Task-2,1,-1,0.46550320817446184,raw_qc_pass,cue_locked,logistic_erp_only_3_l2_100,VisualCogB_Task-2
72,VisualCogB_Task-2,1,-1,0.4826118166071361,raw_qc_pass,cue_locked,logistic_erp_only_3_l2_100,VisualCogB_Task-2
73,VisualCogB_Task-2,-1,-1,0.46639381268348107,raw_qc_pass,cue_locked,logistic_erp_only_3_l2_100,VisualCogB_Task-2
74,VisualCogB_Task-2,-1,-1,0.4601540354388979,raw_qc_pass,cue_locked,logistic_erp_only_3_l2_100,VisualCogB_Task-2
75,VisualCogB_Task-2,1,-1,0.4577885747260015,raw_qc_pass,cue_locked,logistic_erp_only_3_l2_100,VisualCogB_Task-2
76,VisualCogB_Task-2,1,-1,0.47091790968165786,raw_qc_pass,cue_locked,logistic_erp_only_3_l2_100,VisualCogB_Task-2
77,VisualCogB_Task-2,-1,-1,0.4856615665492641,raw_qc_pass,cue_locked,logistic_erp_only_3_l2_100,VisualCogB_Task-2
78,VisualCogB_Task-2,-1,-1,0.46217170122024326,raw_qc_pass,cue_locked,logistic_erp_only_3_l2_100,VisualCogB_Task-2
79,VisualCogB_Task-2,-1,-1,0.469008854291972,raw_qc_pass,cue_locked,logistic_erp_only_3_l2_100,VisualCogB_Task-2
80,VisualCogB_Task-2,1,-1,0.48448776981460884,raw_qc_pass,cue_locked,logistic_erp_only_3_l2_100,VisualCogB_Task-2
82,VisualCogB_Task-2,1,-1,0.4780717278465321,raw_qc_pass,cue_locked,logistic_erp_only_3_l2_100,VisualCogB_Task-2
83,VisualCogB_Task-2,-1,-1,0.4814390295985832,raw_qc_pass,cue_locked,logistic_erp_only_3_l2_100,VisualCogB_Task-2
84,VisualCogB_Task-2,-1,1,0.5555229217613156,raw_qc_pass,cue_locked,logistic_erp_only_3_l2_100,VisualCogB_Task-2
85,VisualCogB_Task-2,1,-1,0.47123091027299197,raw_qc_pass,cue_locked,logistic_erp_only_3_l2_100,VisualCogB_Task-2
86,VisualCogB_Task-2,-1,-1,0.467744021557349,raw_qc_pass,cue_locked,logistic_erp_only_3_l2_100,VisualCogB_Task-2
87,VisualCogB_Task-2,1,-1,0.48156322499690635,raw_qc_pass,cue_locked,logistic_erp_only_3_l2_100,VisualCogB_Task-2
88,VisualCogB_Task-2,-1,-1,0.45699413381230786,raw_qc_pass,cue_locked,logistic_erp_only_3_l2_100,VisualCogB_Task-2
89,VisualCogB_Task-2,1,-1,0.47044203190715383,raw_qc_pass,cue_locked,logistic_erp_only_3_l2_100,VisualCogB_Task-2
90,VisualCogB_Task-2,-1,-1,0.43926423079023064,raw_qc_pass,cue_locked,logistic_erp_only_3_l2_100,VisualCogB_Task-2
91,VisualCogB_Task-2,-1,-1,0.49045999060473894,raw_qc_pass,cue_locked,logistic_erp_only_3_l2_100,VisualCogB_Task-2
92,VisualCogB_Task-2,1,-1,0.4733612679242347,raw_qc_pass,cue_locked,logistic_erp_only_3_l2_100,VisualCogB_Task-2
93,VisualCogB_Task-2,-1,-1,0.47629822453099013,raw_qc_pass,cue_locked,logistic_erp_only_3_l2_100,VisualCogB_Task-2
94,VisualCogB_Task-2,1,-1,0.46972339130343976,raw_qc_pass,cue_locked,logistic_erp_only_3_l2_100,VisualCogB_Task-2
95,VisualCogB_Task-2,1,-1,0.4383511827146616,raw_qc_pass,cue_locked,logistic_erp_only_3_l2_100,VisualCogB_Task-2
96,VisualCogB_Task-2,-1,-1,0.48464433880021496,raw_qc_pass,cue_locked,logistic_erp_only_3_l2_100,VisualCogB_Task-2
97,VisualCogB_Task-2,-1,-1,0.47264445814934,raw_qc_pass,cue_locked,logistic_erp_only_3_l2_100,VisualCogB_Task-2
98,VisualCogB_Task-2,1,-1,0.4795881106354554,raw_qc_pass,cue_locked,logistic_erp_only_3_l2_100,VisualCogB_Task-2
99,VisualCogB_Task-2,-1,-1,0.4844599346484267,raw_qc_pass,cue_locked,logistic_erp_only_3_l2_100,VisualCogB_Task-2
0,VisualCogA_Task-1,-1,-1,0.4855600426525239,raw_qc_pass,target_locked,robust_logistic_drop_redundant_alpha_asym_12_l2_10,VisualCogA_Task-1
1,VisualCogA_Task-1,1,-1,0.37453560669365554,raw_qc_pass,target_locked,robust_logistic_drop_redundant_alpha_asym_12_l2_10,VisualCogA_Task-1
2,VisualCogA_Task-1,-1,1,0.545322151198136,raw_qc_pass,target_locked,robust_logistic_drop_redundant_alpha_asym_12_l2_10,VisualCogA_Task-1
3,VisualCogA_Task-1,-1,-1,0.30453880760769103,raw_qc_pass,target_locked,robust_logistic_drop_redundant_alpha_asym_12_l2_10,VisualCogA_Task-1
4,VisualCogA_Task-1,1,1,0.771659157462146,raw_qc_pass,target_locked,robust_logistic_drop_redundant_alpha_asym_12_l2_10,VisualCogA_Task-1
5,VisualCogA_Task-1,-1,1,0.6229683966812505,raw_qc_pass,target_locked,robust_logistic_drop_redundant_alpha_asym_12_l2_10,VisualCogA_Task-1
6,VisualCogA_Task-1,-1,-1,0.4645935132985904,raw_qc_pass,target_locked,robust_logistic_drop_redundant_alpha_asym_12_l2_10,VisualCogA_Task-1
7,VisualCogA_Task-1,-1,1,0.5122470874866386,raw_qc_pass,target_locked,robust_logistic_drop_redundant_alpha_asym_12_l2_10,VisualCogA_Task-1
8,VisualCogA_Task-1,1,1,0.5392058244165602,raw_qc_pass,target_locked,robust_logistic_drop_redundant_alpha_asym_12_l2_10,VisualCogA_Task-1
9,VisualCogA_Task-1,1,1,0.5075719469126209,raw_qc_pass,target_locked,robust_logistic_drop_redundant_alpha_asym_12_l2_10,VisualCogA_Task-1
10,VisualCogA_Task-1,1,-1,0.30624723937282144,raw_qc_pass,target_locked,robust_logistic_drop_redundant_alpha_asym_12_l2_10,VisualCogA_Task-1
11,VisualCogA_Task-1,1,-1,0.2969560668706722,raw_qc_pass,target_locked,robust_logistic_drop_redundant_alpha_asym_12_l2_10,VisualCogA_Task-1
12,VisualCogA_Task-1,-1,-1,0.44358432109261847,raw_qc_pass,target_locked,robust_logistic_drop_redundant_alpha_asym_12_l2_10,VisualCogA_Task-1
13,VisualCogA_Task-1,-1,1,0.5346904346039574,raw_qc_pass,target_locked,robust_logistic_drop_redundant_alpha_asym_12_l2_10,VisualCogA_Task-1
14,VisualCogA_Task-1,1,-1,0.46473657944265295,raw_qc_pass,target_locked,robust_logistic_drop_redundant_alpha_asym_12_l2_10,VisualCogA_Task-1
15,VisualCogA_Task-1,-1,1,0.602355904406396,raw_qc_pass,target_locked,robust_logistic_drop_redundant_alpha_asym_12_l2_10,VisualCogA_Task-1
16,VisualCogA_Task-1,1,-1,0.44431898002237896,raw_qc_pass,target_locked,robust_logistic_drop_redundant_alpha_asym_12_l2_10,VisualCogA_Task-1
17,VisualCogA_Task-1,-1,1,0.615701770898782,raw_qc_pass,target_locked,robust_logistic_drop_redundant_alpha_asym_12_l2_10,VisualCogA_Task-1
18,VisualCogA_Task-1,-1,-1,0.3731621743304509,raw_qc_pass,target_locked,robust_logistic_drop_redundant_alpha_asym_12_l2_10,VisualCogA_Task-1
19,VisualCogA_Task-1,1,-1,0.4948654357224951,raw_qc_pass,target_locked,robust_logistic_drop_redundant_alpha_asym_12_l2_10,VisualCogA_Task-1
20,VisualCogA_Task-1,-1,1,0.5195534938941896,raw_qc_pass,target_locked,robust_logistic_drop_redundant_alpha_asym_12_l2_10,VisualCogA_Task-1
21,VisualCogA_Task-1,-1,-1,0.39850273160309296,raw_qc_pass,target_locked,robust_logistic_drop_redundant_alpha_asym_12_l2_10,VisualCogA_Task-1
22,VisualCogA_Task-1,1,-1,0.36611568281962237,raw_qc_pass,target_locked,robust_logistic_drop_redundant_alpha_asym_12_l2_10,VisualCogA_Task-1
23,VisualCogA_Task-1,-1,1,0.5122360498225549,raw_qc_pass,target_locked,robust_logistic_drop_redundant_alpha_asym_12_l2_10,VisualCogA_Task-1
24,VisualCogA_Task-1,-1,1,0.551460258644232,raw_qc_pass,target_locked,robust_logistic_drop_redundant_alpha_asym_12_l2_10,VisualCogA_Task-1
25,VisualCogA_Task-1,1,1,0.5371076789170179,raw_qc_pass,target_locked,robust_logistic_drop_redundant_alpha_asym_12_l2_10,VisualCogA_Task-1
26,VisualCogA_Task-1,1,-1,0.340895697942518,raw_qc_pass,target_locked,robust_logistic_drop_redundant_alpha_asym_12_l2_10,VisualCogA_Task-1
27,VisualCogA_Task-1,-1,-1,0.3081131514807359,raw_qc_pass,target_locked,robust_logistic_drop_redundant_alpha_asym_12_l2_10,VisualCogA_Task-1
28,VisualCogA_Task-1,-1,-1,0.3796752712491905,raw_qc_pass,target_locked,robust_logistic_drop_redundant_alpha_asym_12_l2_10,VisualCogA_Task-1
29,VisualCogA_Task-1,-1,1,0.5164728804145766,raw_qc_pass,target_locked,robust_logistic_drop_redundant_alpha_asym_12_l2_10,VisualCogA_Task-1
30,VisualCogA_Task-1,-1,1,0.5273653506607038,raw_qc_pass,target_locked,robust_logistic_drop_redundant_alpha_asym_12_l2_10,VisualCogA_Task-1
31,VisualCogA_Task-1,1,-1,0.3875537557001997,raw_qc_pass,target_locked,robust_logistic_drop_redundant_alpha_asym_12_l2_10,VisualCogA_Task-1
32,VisualCogA_Task-1,1,1,0.606703689575839,raw_qc_pass,target_locked,robust_logistic_drop_redundant_alpha_asym_12_l2_10,VisualCogA_Task-1
33,VisualCogA_Task-1,-1,-1,0.3219990872714154,raw_qc_pass,target_locked,robust_logistic_drop_redundant_alpha_asym_12_l2_10,VisualCogA_Task-1
34,VisualCogA_Task-1,1,1,0.5366706178457167,raw_qc_pass,target_locked,robust_logistic_drop_redundant_alpha_asym_12_l2_10,VisualCogA_Task-1
35,VisualCogA_Task-1,-1,1,0.5403842299935598,raw_qc_pass,target_locked,robust_logistic_drop_redundant_alpha_asym_12_l2_10,VisualCogA_Task-1
36,VisualCogA_Task-1,-1,-1,0.405722920265239,raw_qc_pass,target_locked,robust_logistic_drop_redundant_alpha_asym_12_l2_10,VisualCogA_Task-1
37,VisualCogA_Task-1,-1,-1,0.486124424615286,raw_qc_pass,target_locked,robust_logistic_drop_redundant_alpha_asym_12_l2_10,VisualCogA_Task-1
38,VisualCogA_Task-1,-1,-1,0.4970900965906301,raw_qc_pass,target_locked,robust_logistic_drop_redundant_alpha_asym_12_l2_10,VisualCogA_Task-1
39,VisualCogA_Task-1,-1,-1,0.4439548512227373,raw_qc_pass,target_locked,robust_logistic_drop_redundant_alpha_asym_12_l2_10,VisualCogA_Task-1
40,VisualCogA_Task-1,-1,1,0.5698760927918791,raw_qc_pass,target_locked,robust_logistic_drop_redundant_alpha_asym_12_l2_10,VisualCogA_Task-1
41,VisualCogA_Task-1,1,1,0.6013768756369268,raw_qc_pass,target_locked,robust_logistic_drop_redundant_alpha_asym_12_l2_10,VisualCogA_Task-1
42,VisualCogA_Task-1,-1,1,0.6991709510131179,raw_qc_pass,target_locked,robust_logistic_drop_redundant_alpha_asym_12_l2_10,VisualCogA_Task-1
43,VisualCogA_Task-1,1,1,0.5563101152348129,raw_qc_pass,target_locked,robust_logistic_drop_redundant_alpha_asym_12_l2_10,VisualCogA_Task-1
44,VisualCogA_Task-1,-1,1,0.5850143208116301,raw_qc_pass,target_locked,robust_logistic_drop_redundant_alpha_asym_12_l2_10,VisualCogA_Task-1
45,VisualCogA_Task-1,-1,1,0.5945695291959145,raw_qc_pass,target_locked,robust_logistic_drop_redundant_alpha_asym_12_l2_10,VisualCogA_Task-1
46,VisualCogA_Task-1,-1,-1,0.36428310872398983,raw_qc_pass,target_locked,robust_logistic_drop_redundant_alpha_asym_12_l2_10,VisualCogA_Task-1
47,VisualCogA_Task-1,1,-1,0.3809611793482494,raw_qc_pass,target_locked,robust_logistic_drop_redundant_alpha_asym_12_l2_10,VisualCogA_Task-1
48,VisualCogA_Task-1,-1,1,0.5720551108045479,raw_qc_pass,target_locked,robust_logistic_drop_redundant_alpha_asym_12_l2_10,VisualCogA_Task-1
49,VisualCogA_Task-1,-1,1,0.558198202627931,raw_qc_pass,target_locked,robust_logistic_drop_redundant_alpha_asym_12_l2_10,VisualCogA_Task-1
50,VisualCogA_Task-1,1,1,0.6401566883823678,raw_qc_pass,target_locked,robust_logistic_drop_redundant_alpha_asym_12_l2_10,VisualCogA_Task-1
51,VisualCogA_Task-1,1,1,0.5810895321335763,raw_qc_pass,target_locked,robust_logistic_drop_redundant_alpha_asym_12_l2_10,VisualCogA_Task-1
52,VisualCogA_Task-1,1,1,0.5598141297910812,raw_qc_pass,target_locked,robust_logistic_drop_redundant_alpha_asym_12_l2_10,VisualCogA_Task-1
53,VisualCogA_Task-1,-1,-1,0.39958955201384466,raw_qc_pass,target_locked,robust_logistic_drop_redundant_alpha_asym_12_l2_10,VisualCogA_Task-1
54,VisualCogA_Task-1,1,1,0.5152119226448285,raw_qc_pass,target_locked,robust_logistic_drop_redundant_alpha_asym_12_l2_10,VisualCogA_Task-1
55,VisualCogA_Task-1,-1,-1,0.46180917008530303,raw_qc_pass,target_locked,robust_logistic_drop_redundant_alpha_asym_12_l2_10,VisualCogA_Task-1
56,VisualCogA_Task-1,-1,-1,0.4798177937453821,raw_qc_pass,target_locked,robust_logistic_drop_redundant_alpha_asym_12_l2_10,VisualCogA_Task-1
57,VisualCogA_Task-1,1,1,0.5785570604878604,raw_qc_pass,target_locked,robust_logistic_drop_redundant_alpha_asym_12_l2_10,VisualCogA_Task-1
58,VisualCogA_Task-1,1,-1,0.4771595467260206,raw_qc_pass,target_locked,robust_logistic_drop_redundant_alpha_asym_12_l2_10,VisualCogA_Task-1
59,VisualCogA_Task-1,-1,1,0.6120889489914363,raw_qc_pass,target_locked,robust_logistic_drop_redundant_alpha_asym_12_l2_10,VisualCogA_Task-1
60,VisualCogA_Task-1,1,-1,0.44906838432036883,raw_qc_pass,target_locked,robust_logistic_drop_redundant_alpha_asym_12_l2_10,VisualCogA_Task-1
61,VisualCogA_Task-1,-1,1,0.5132922267255647,raw_qc_pass,target_locked,robust_logistic_drop_redundant_alpha_asym_12_l2_10,VisualCogA_Task-1
62,VisualCogA_Task-1,1,-1,0.40365049036207057,raw_qc_pass,target_locked,robust_logistic_drop_redundant_alpha_asym_12_l2_10,VisualCogA_Task-1
63,VisualCogA_Task-1,1,-1,0.4636942381655423,raw_qc_pass,target_locked,robust_logistic_drop_redundant_alpha_asym_12_l2_10,VisualCogA_Task-1
64,VisualCogA_Task-1,-1,1,0.6483339547038467,raw_qc_pass,target_locked,robust_logistic_drop_redundant_alpha_asym_12_l2_10,VisualCogA_Task-1
65,VisualCogA_Task-1,1,1,0.6665482738817644,raw_qc_pass,target_locked,robust_logistic_drop_redundant_alpha_asym_12_l2_10,VisualCogA_Task-1
66,VisualCogA_Task-1,-1,1,0.5856411531587195,raw_qc_pass,target_locked,robust_logistic_drop_redundant_alpha_asym_12_l2_10,VisualCogA_Task-1
67,VisualCogA_Task-1,-1,1,0.5933975997616375,raw_qc_pass,target_locked,robust_logistic_drop_redundant_alpha_asym_12_l2_10,VisualCogA_Task-1
68,VisualCogA_Task-1,1,1,0.5391347959084701,raw_qc_pass,target_locked,robust_logistic_drop_redundant_alpha_asym_12_l2_10,VisualCogA_Task-1
69,VisualCogA_Task-1,1,1,0.5379702775695338,raw_qc_pass,target_locked,robust_logistic_drop_redundant_alpha_asym_12_l2_10,VisualCogA_Task-1
70,VisualCogA_Task-1,-1,1,0.5646894456551378,raw_qc_pass,target_locked,robust_logistic_drop_redundant_alpha_asym_12_l2_10,VisualCogA_Task-1
71,VisualCogA_Task-1,1,-1,0.4277156886251977,raw_qc_pass,target_locked,robust_logistic_drop_redundant_alpha_asym_12_l2_10,VisualCogA_Task-1
72,VisualCogA_Task-1,-1,-1,0.40360102679738435,raw_qc_pass,target_locked,robust_logistic_drop_redundant_alpha_asym_12_l2_10,VisualCogA_Task-1
73,VisualCogA_Task-1,1,-1,0.33675929438844193,raw_qc_pass,target_locked,robust_logistic_drop_redundant_alpha_asym_12_l2_10,VisualCogA_Task-1
74,VisualCogA_Task-1,-1,1,0.5168146172531063,raw_qc_pass,target_locked,robust_logistic_drop_redundant_alpha_asym_12_l2_10,VisualCogA_Task-1
75,VisualCogA_Task-1,1,-1,0.4405038942741795,raw_qc_pass,target_locked,robust_logistic_drop_redundant_alpha_asym_12_l2_10,VisualCogA_Task-1
76,VisualCogA_Task-1,-1,1,0.563292007200813,raw_qc_pass,target_locked,robust_logistic_drop_redundant_alpha_asym_12_l2_10,VisualCogA_Task-1
77,VisualCogA_Task-1,-1,1,0.5202099090293952,raw_qc_pass,target_locked,robust_logistic_drop_redundant_alpha_asym_12_l2_10,VisualCogA_Task-1
78,VisualCogA_Task-1,-1,-1,0.4170434527681937,raw_qc_pass,target_locked,robust_logistic_drop_redundant_alpha_asym_12_l2_10,VisualCogA_Task-1
79,VisualCogA_Task-1,-1,-1,0.4392776524651865,raw_qc_pass,target_locked,robust_logistic_drop_redundant_alpha_asym_12_l2_10,VisualCogA_Task-1
80,VisualCogA_Task-1,-1,-1,0.4395639753529499,raw_qc_pass,target_locked,robust_logistic_drop_redundant_alpha_asym_12_l2_10,VisualCogA_Task-1
81,VisualCogA_Task-1,1,1,0.6921828523652024,raw_qc_pass,target_locked,robust_logistic_drop_redundant_alpha_asym_12_l2_10,VisualCogA_Task-1
82,VisualCogA_Task-1,-1,-1,0.45025216175635085,raw_qc_pass,target_locked,robust_logistic_drop_redundant_alpha_asym_12_l2_10,VisualCogA_Task-1
83,VisualCogA_Task-1,1,1,0.53435736343498,raw_qc_pass,target_locked,robust_logistic_drop_redundant_alpha_asym_12_l2_10,VisualCogA_Task-1
84,VisualCogA_Task-1,-1,1,0.5167933910765641,raw_qc_pass,target_locked,robust_logistic_drop_redundant_alpha_asym_12_l2_10,VisualCogA_Task-1
85,VisualCogA_Task-1,1,-1,0.4080155428592092,raw_qc_pass,target_locked,robust_logistic_drop_redundant_alpha_asym_12_l2_10,VisualCogA_Task-1
86,VisualCogA_Task-1,1,-1,0.49628040277792046,raw_qc_pass,target_locked,robust_logistic_drop_redundant_alpha_asym_12_l2_10,VisualCogA_Task-1
87,VisualCogA_Task-1,1,-1,0.46291263442905184,raw_qc_pass,target_locked,robust_logistic_drop_redundant_alpha_asym_12_l2_10,VisualCogA_Task-1
88,VisualCogA_Task-1,1,1,0.5626443625457904,raw_qc_pass,target_locked,robust_logistic_drop_redundant_alpha_asym_12_l2_10,VisualCogA_Task-1
89,VisualCogA_Task-1,1,1,0.5971349698137286,raw_qc_pass,target_locked,robust_logistic_drop_redundant_alpha_asym_12_l2_10,VisualCogA_Task-1
90,VisualCogA_Task-1,-1,-1,0.4345926631036194,raw_qc_pass,target_locked,robust_logistic_drop_redundant_alpha_asym_12_l2_10,VisualCogA_Task-1
91,VisualCogA_Task-1,1,-1,0.45014122425303965,raw_qc_pass,target_locked,robust_logistic_drop_redundant_alpha_asym_12_l2_10,VisualCogA_Task-1
92,VisualCogA_Task-1,1,1,0.6307516318747506,raw_qc_pass,target_locked,robust_logistic_drop_redundant_alpha_asym_12_l2_10,VisualCogA_Task-1
93,VisualCogA_Task-1,1,1,0.5159705842095438,raw_qc_pass,target_locked,robust_logistic_drop_redundant_alpha_asym_12_l2_10,VisualCogA_Task-1
94,VisualCogA_Task-1,-1,1,0.5510518006946243,raw_qc_pass,target_locked,robust_logistic_drop_redundant_alpha_asym_12_l2_10,VisualCogA_Task-1
95,VisualCogA_Task-1,1,1,0.5017114580787951,raw_qc_pass,target_locked,robust_logistic_drop_redundant_alpha_asym_12_l2_10,VisualCogA_Task-1
96,VisualCogA_Task-1,1,-1,0.47232170917706845,raw_qc_pass,target_locked,robust_logistic_drop_redundant_alpha_asym_12_l2_10,VisualCogA_Task-1
97,VisualCogA_Task-1,-1,1,0.5750623342574194,raw_qc_pass,target_locked,robust_logistic_drop_redundant_alpha_asym_12_l2_10,VisualCogA_Task-1
98,VisualCogA_Task-1,-1,-1,0.37847718694393956,raw_qc_pass,target_locked,robust_logistic_drop_redundant_alpha_asym_12_l2_10,VisualCogA_Task-1
99,VisualCogA_Task-1,1,-1,0.43965469847260114,raw_qc_pass,target_locked,robust_logistic_drop_redundant_alpha_asym_12_l2_10,VisualCogA_Task-1
0,VisualCogA_Task-2,1,-1,-0.9339931385689149,raw_qc_pass,target_locked,rbf_svm_drop_redundant_alpha_asym_12_C_10_gamma_0.03,VisualCogA_Task-2
1,VisualCogA_Task-2,-1,-1,-0.8754605513547722,raw_qc_pass,target_locked,rbf_svm_drop_redundant_alpha_asym_12_C_10_gamma_0.03,VisualCogA_Task-2
2,VisualCogA_Task-2,-1,1,0.3011061512259372,raw_qc_pass,target_locked,rbf_svm_drop_redundant_alpha_asym_12_C_10_gamma_0.03,VisualCogA_Task-2
3,VisualCogA_Task-2,-1,-1,-0.8109121157105819,raw_qc_pass,target_locked,rbf_svm_drop_redundant_alpha_asym_12_C_10_gamma_0.03,VisualCogA_Task-2
4,VisualCogA_Task-2,1,-1,-0.1030420629249662,raw_qc_pass,target_locked,rbf_svm_drop_redundant_alpha_asym_12_C_10_gamma_0.03,VisualCogA_Task-2
5,VisualCogA_Task-2,-1,1,0.39685677097973193,raw_qc_pass,target_locked,rbf_svm_drop_redundant_alpha_asym_12_C_10_gamma_0.03,VisualCogA_Task-2
6,VisualCogA_Task-2,1,1,0.10592656360248554,raw_qc_pass,target_locked,rbf_svm_drop_redundant_alpha_asym_12_C_10_gamma_0.03,VisualCogA_Task-2
7,VisualCogA_Task-2,1,-1,-0.922203723837882,raw_qc_pass,target_locked,rbf_svm_drop_redundant_alpha_asym_12_C_10_gamma_0.03,VisualCogA_Task-2
8,VisualCogA_Task-2,-1,-1,-0.3357631883645553,raw_qc_pass,target_locked,rbf_svm_drop_redundant_alpha_asym_12_C_10_gamma_0.03,VisualCogA_Task-2
9,VisualCogA_Task-2,-1,-1,-1.9865328571317618,raw_qc_pass,target_locked,rbf_svm_drop_redundant_alpha_asym_12_C_10_gamma_0.03,VisualCogA_Task-2
10,VisualCogA_Task-2,1,1,0.2085961413291766,raw_qc_pass,target_locked,rbf_svm_drop_redundant_alpha_asym_12_C_10_gamma_0.03,VisualCogA_Task-2
11,VisualCogA_Task-2,1,-1,-0.37745943615863475,raw_qc_pass,target_locked,rbf_svm_drop_redundant_alpha_asym_12_C_10_gamma_0.03,VisualCogA_Task-2
12,VisualCogA_Task-2,1,-1,-0.16480422109438586,raw_qc_pass,target_locked,rbf_svm_drop_redundant_alpha_asym_12_C_10_gamma_0.03,VisualCogA_Task-2
13,VisualCogA_Task-2,-1,-1,-0.16289694883129102,raw_qc_pass,target_locked,rbf_svm_drop_redundant_alpha_asym_12_C_10_gamma_0.03,VisualCogA_Task-2
14,VisualCogA_Task-2,-1,-1,-0.7887708671720788,raw_qc_pass,target_locked,rbf_svm_drop_redundant_alpha_asym_12_C_10_gamma_0.03,VisualCogA_Task-2
15,VisualCogA_Task-2,-1,-1,-1.5289358392769354,raw_qc_pass,target_locked,rbf_svm_drop_redundant_alpha_asym_12_C_10_gamma_0.03,VisualCogA_Task-2
16,VisualCogA_Task-2,1,1,0.6169994521256734,raw_qc_pass,target_locked,rbf_svm_drop_redundant_alpha_asym_12_C_10_gamma_0.03,VisualCogA_Task-2
17,VisualCogA_Task-2,1,-1,-0.42648296917444495,raw_qc_pass,target_locked,rbf_svm_drop_redundant_alpha_asym_12_C_10_gamma_0.03,VisualCogA_Task-2
18,VisualCogA_Task-2,-1,-1,-0.03707543689699411,raw_qc_pass,target_locked,rbf_svm_drop_redundant_alpha_asym_12_C_10_gamma_0.03,VisualCogA_Task-2
19,VisualCogA_Task-2,-1,-1,-0.7185919575321045,raw_qc_pass,target_locked,rbf_svm_drop_redundant_alpha_asym_12_C_10_gamma_0.03,VisualCogA_Task-2
20,VisualCogA_Task-2,1,-1,-0.0907541770843141,raw_qc_pass,target_locked,rbf_svm_drop_redundant_alpha_asym_12_C_10_gamma_0.03,VisualCogA_Task-2
21,VisualCogA_Task-2,-1,1,1.7122424203394677,raw_qc_pass,target_locked,rbf_svm_drop_redundant_alpha_asym_12_C_10_gamma_0.03,VisualCogA_Task-2
22,VisualCogA_Task-2,1,-1,-0.9940178584871584,raw_qc_pass,target_locked,rbf_svm_drop_redundant_alpha_asym_12_C_10_gamma_0.03,VisualCogA_Task-2
23,VisualCogA_Task-2,1,1,0.26129755403032884,raw_qc_pass,target_locked,rbf_svm_drop_redundant_alpha_asym_12_C_10_gamma_0.03,VisualCogA_Task-2
24,VisualCogA_Task-2,-1,-1,-1.0061662251744068,raw_qc_pass,target_locked,rbf_svm_drop_redundant_alpha_asym_12_C_10_gamma_0.03,VisualCogA_Task-2
25,VisualCogA_Task-2,-1,-1,-2.184458113753913,raw_qc_pass,target_locked,rbf_svm_drop_redundant_alpha_asym_12_C_10_gamma_0.03,VisualCogA_Task-2
26,VisualCogA_Task-2,1,1,0.27008424961734767,raw_qc_pass,target_locked,rbf_svm_drop_redundant_alpha_asym_12_C_10_gamma_0.03,VisualCogA_Task-2
27,VisualCogA_Task-2,1,-1,-0.3257730323950867,raw_qc_pass,target_locked,rbf_svm_drop_redundant_alpha_asym_12_C_10_gamma_0.03,VisualCogA_Task-2
28,VisualCogA_Task-2,1,-1,-1.2791684204832798,raw_qc_pass,target_locked,rbf_svm_drop_redundant_alpha_asym_12_C_10_gamma_0.03,VisualCogA_Task-2
29,VisualCogA_Task-2,-1,-1,-0.3999488856484412,raw_qc_pass,target_locked,rbf_svm_drop_redundant_alpha_asym_12_C_10_gamma_0.03,VisualCogA_Task-2
31,VisualCogA_Task-2,-1,-1,-1.4536824153664638,raw_qc_pass,target_locked,rbf_svm_drop_redundant_alpha_asym_12_C_10_gamma_0.03,VisualCogA_Task-2
32,VisualCogA_Task-2,1,1,0.2546177485453627,raw_qc_pass,target_locked,rbf_svm_drop_redundant_alpha_asym_12_C_10_gamma_0.03,VisualCogA_Task-2
34,VisualCogA_Task-2,-1,-1,-0.9467523188006182,raw_qc_pass,target_locked,rbf_svm_drop_redundant_alpha_asym_12_C_10_gamma_0.03,VisualCogA_Task-2
35,VisualCogA_Task-2,1,-1,-0.680485492151303,raw_qc_pass,target_locked,rbf_svm_drop_redundant_alpha_asym_12_C_10_gamma_0.03,VisualCogA_Task-2
36,VisualCogA_Task-2,1,1,0.7452470975099448,raw_qc_pass,target_locked,rbf_svm_drop_redundant_alpha_asym_12_C_10_gamma_0.03,VisualCogA_Task-2
37,VisualCogA_Task-2,-1,1,0.16993246626700986,raw_qc_pass,target_locked,rbf_svm_drop_redundant_alpha_asym_12_C_10_gamma_0.03,VisualCogA_Task-2
38,VisualCogA_Task-2,1,-1,-0.3531759938934471,raw_qc_pass,target_locked,rbf_svm_drop_redundant_alpha_asym_12_C_10_gamma_0.03,VisualCogA_Task-2
39,VisualCogA_Task-2,-1,1,0.14581377386801253,raw_qc_pass,target_locked,rbf_svm_drop_redundant_alpha_asym_12_C_10_gamma_0.03,VisualCogA_Task-2
40,VisualCogA_Task-2,-1,1,0.26670704593800276,raw_qc_pass,target_locked,rbf_svm_drop_redundant_alpha_asym_12_C_10_gamma_0.03,VisualCogA_Task-2
41,VisualCogA_Task-2,-1,1,0.3946138243867201,raw_qc_pass,target_locked,rbf_svm_drop_redundant_alpha_asym_12_C_10_gamma_0.03,VisualCogA_Task-2
42,VisualCogA_Task-2,-1,-1,-0.3545401768829335,raw_qc_pass,target_locked,rbf_svm_drop_redundant_alpha_asym_12_C_10_gamma_0.03,VisualCogA_Task-2
43,VisualCogA_Task-2,-1,-1,-1.193215122161366,raw_qc_pass,target_locked,rbf_svm_drop_redundant_alpha_asym_12_C_10_gamma_0.03,VisualCogA_Task-2
44,VisualCogA_Task-2,-1,1,0.3738376690212408,raw_qc_pass,target_locked,rbf_svm_drop_redundant_alpha_asym_12_C_10_gamma_0.03,VisualCogA_Task-2
45,VisualCogA_Task-2,-1,1,0.009701696509935687,raw_qc_pass,target_locked,rbf_svm_drop_redundant_alpha_asym_12_C_10_gamma_0.03,VisualCogA_Task-2
46,VisualCogA_Task-2,-1,1,0.5170767705310657,raw_qc_pass,target_locked,rbf_svm_drop_redundant_alpha_asym_12_C_10_gamma_0.03,VisualCogA_Task-2
47,VisualCogA_Task-2,-1,-1,-0.6406899901668013,raw_qc_pass,target_locked,rbf_svm_drop_redundant_alpha_asym_12_C_10_gamma_0.03,VisualCogA_Task-2
48,VisualCogA_Task-2,1,-1,-1.2236261751829762,raw_qc_pass,target_locked,rbf_svm_drop_redundant_alpha_asym_12_C_10_gamma_0.03,VisualCogA_Task-2
49,VisualCogA_Task-2,1,-1,-0.8383158883180395,raw_qc_pass,target_locked,rbf_svm_drop_redundant_alpha_asym_12_C_10_gamma_0.03,VisualCogA_Task-2
50,VisualCogA_Task-2,-1,-1,-1.299643623627586,raw_qc_pass,target_locked,rbf_svm_drop_redundant_alpha_asym_12_C_10_gamma_0.03,VisualCogA_Task-2
51,VisualCogA_Task-2,1,-1,-0.07371114964144021,raw_qc_pass,target_locked,rbf_svm_drop_redundant_alpha_asym_12_C_10_gamma_0.03,VisualCogA_Task-2
52,VisualCogA_Task-2,1,-1,-1.3312306123832356,raw_qc_pass,target_locked,rbf_svm_drop_redundant_alpha_asym_12_C_10_gamma_0.03,VisualCogA_Task-2
53,VisualCogA_Task-2,-1,-1,-0.10101368129106825,raw_qc_pass,target_locked,rbf_svm_drop_redundant_alpha_asym_12_C_10_gamma_0.03,VisualCogA_Task-2
54,VisualCogA_Task-2,-1,-1,-0.5589354405347591,raw_qc_pass,target_locked,rbf_svm_drop_redundant_alpha_asym_12_C_10_gamma_0.03,VisualCogA_Task-2
55,VisualCogA_Task-2,1,-1,-0.37352587421036554,raw_qc_pass,target_locked,rbf_svm_drop_redundant_alpha_asym_12_C_10_gamma_0.03,VisualCogA_Task-2
56,VisualCogA_Task-2,1,-1,-0.18763545230050505,raw_qc_pass,target_locked,rbf_svm_drop_redundant_alpha_asym_12_C_10_gamma_0.03,VisualCogA_Task-2
57,VisualCogA_Task-2,1,-1,-1.1697823228303303,raw_qc_pass,target_locked,rbf_svm_drop_redundant_alpha_asym_12_C_10_gamma_0.03,VisualCogA_Task-2
58,VisualCogA_Task-2,1,1,0.5243010981224738,raw_qc_pass,target_locked,rbf_svm_drop_redundant_alpha_asym_12_C_10_gamma_0.03,VisualCogA_Task-2
59,VisualCogA_Task-2,1,1,0.10375043253081606,raw_qc_pass,target_locked,rbf_svm_drop_redundant_alpha_asym_12_C_10_gamma_0.03,VisualCogA_Task-2
60,VisualCogA_Task-2,-1,1,0.2994896715421145,raw_qc_pass,target_locked,rbf_svm_drop_redundant_alpha_asym_12_C_10_gamma_0.03,VisualCogA_Task-2
61,VisualCogA_Task-2,1,-1,-0.8604298883851469,raw_qc_pass,target_locked,rbf_svm_drop_redundant_alpha_asym_12_C_10_gamma_0.03,VisualCogA_Task-2
62,VisualCogA_Task-2,-1,1,0.10021299156211305,raw_qc_pass,target_locked,rbf_svm_drop_redundant_alpha_asym_12_C_10_gamma_0.03,VisualCogA_Task-2
63,VisualCogA_Task-2,-1,1,0.6880652454465721,raw_qc_pass,target_locked,rbf_svm_drop_redundant_alpha_asym_12_C_10_gamma_0.03,VisualCogA_Task-2
64,VisualCogA_Task-2,1,-1,-0.9861070656847384,raw_qc_pass,target_locked,rbf_svm_drop_redundant_alpha_asym_12_C_10_gamma_0.03,VisualCogA_Task-2
65,VisualCogA_Task-2,-1,-1,-0.36545379344535633,raw_qc_pass,target_locked,rbf_svm_drop_redundant_alpha_asym_12_C_10_gamma_0.03,VisualCogA_Task-2
66,VisualCogA_Task-2,1,-1,-0.4589986210615178,raw_qc_pass,target_locked,rbf_svm_drop_redundant_alpha_asym_12_C_10_gamma_0.03,VisualCogA_Task-2
67,VisualCogA_Task-2,1,1,0.37915852711845405,raw_qc_pass,target_locked,rbf_svm_drop_redundant_alpha_asym_12_C_10_gamma_0.03,VisualCogA_Task-2
68,VisualCogA_Task-2,-1,-1,-0.15181264949716256,raw_qc_pass,target_locked,rbf_svm_drop_redundant_alpha_asym_12_C_10_gamma_0.03,VisualCogA_Task-2
69,VisualCogA_Task-2,-1,-1,-1.761053878600743,raw_qc_pass,target_locked,rbf_svm_drop_redundant_alpha_asym_12_C_10_gamma_0.03,VisualCogA_Task-2
70,VisualCogA_Task-2,1,1,0.12659499223049386,raw_qc_pass,target_locked,rbf_svm_drop_redundant_alpha_asym_12_C_10_gamma_0.03,VisualCogA_Task-2
71,VisualCogA_Task-2,1,1,0.2568378057039007,raw_qc_pass,target_locked,rbf_svm_drop_redundant_alpha_asym_12_C_10_gamma_0.03,VisualCogA_Task-2
72,VisualCogA_Task-2,1,-1,-2.0481073449474705,raw_qc_pass,target_locked,rbf_svm_drop_redundant_alpha_asym_12_C_10_gamma_0.03,VisualCogA_Task-2
73,VisualCogA_Task-2,1,-1,-1.0001792275968382,raw_qc_pass,target_locked,rbf_svm_drop_redundant_alpha_asym_12_C_10_gamma_0.03,VisualCogA_Task-2
74,VisualCogA_Task-2,-1,1,2.2542467989085906,raw_qc_pass,target_locked,rbf_svm_drop_redundant_alpha_asym_12_C_10_gamma_0.03,VisualCogA_Task-2
75,VisualCogA_Task-2,-1,-1,-0.05808560188709344,raw_qc_pass,target_locked,rbf_svm_drop_redundant_alpha_asym_12_C_10_gamma_0.03,VisualCogA_Task-2
76,VisualCogA_Task-2,-1,-1,-0.5732531217470689,raw_qc_pass,target_locked,rbf_svm_drop_redundant_alpha_asym_12_C_10_gamma_0.03,VisualCogA_Task-2
77,VisualCogA_Task-2,1,1,0.22370983704459646,raw_qc_pass,target_locked,rbf_svm_drop_redundant_alpha_asym_12_C_10_gamma_0.03,VisualCogA_Task-2
78,VisualCogA_Task-2,-1,-1,-0.15748075597961742,raw_qc_pass,target_locked,rbf_svm_drop_redundant_alpha_asym_12_C_10_gamma_0.03,VisualCogA_Task-2
79,VisualCogA_Task-2,1,-1,-0.8164279307232996,raw_qc_pass,target_locked,rbf_svm_drop_redundant_alpha_asym_12_C_10_gamma_0.03,VisualCogA_Task-2
80,VisualCogA_Task-2,-1,1,0.25152268993835736,raw_qc_pass,target_locked,rbf_svm_drop_redundant_alpha_asym_12_C_10_gamma_0.03,VisualCogA_Task-2
81,VisualCogA_Task-2,1,-1,-0.6366119741440512,raw_qc_pass,target_locked,rbf_svm_drop_redundant_alpha_asym_12_C_10_gamma_0.03,VisualCogA_Task-2
82,VisualCogA_Task-2,1,-1,-0.8295488820485784,raw_qc_pass,target_locked,rbf_svm_drop_redundant_alpha_asym_12_C_10_gamma_0.03,VisualCogA_Task-2
83,VisualCogA_Task-2,-1,1,0.03300815906930743,raw_qc_pass,target_locked,rbf_svm_drop_redundant_alpha_asym_12_C_10_gamma_0.03,VisualCogA_Task-2
84,VisualCogA_Task-2,1,1,0.6694606413639259,raw_qc_pass,target_locked,rbf_svm_drop_redundant_alpha_asym_12_C_10_gamma_0.03,VisualCogA_Task-2
85,VisualCogA_Task-2,-1,-1,-0.7219641301539874,raw_qc_pass,target_locked,rbf_svm_drop_redundant_alpha_asym_12_C_10_gamma_0.03,VisualCogA_Task-2
86,VisualCogA_Task-2,-1,1,0.5987831906829555,raw_qc_pass,target_locked,rbf_svm_drop_redundant_alpha_asym_12_C_10_gamma_0.03,VisualCogA_Task-2
87,VisualCogA_Task-2,1,-1,-0.8124950990306277,raw_qc_pass,target_locked,rbf_svm_drop_redundant_alpha_asym_12_C_10_gamma_0.03,VisualCogA_Task-2
88,VisualCogA_Task-2,-1,-1,-1.1141505752541827,raw_qc_pass,target_locked,rbf_svm_drop_redundant_alpha_asym_12_C_10_gamma_0.03,VisualCogA_Task-2
89,VisualCogA_Task-2,-1,-1,-0.15160608570066825,raw_qc_pass,target_locked,rbf_svm_drop_redundant_alpha_asym_12_C_10_gamma_0.03,VisualCogA_Task-2
90,VisualCogA_Task-2,-1,-1,-1.4896965390702237,raw_qc_pass,target_locked,rbf_svm_drop_redundant_alpha_asym_12_C_10_gamma_0.03,VisualCogA_Task-2
91,VisualCogA_Task-2,-1,1,0.20738787867684993,raw_qc_pass,target_locked,rbf_svm_drop_redundant_alpha_asym_12_C_10_gamma_0.03,VisualCogA_Task-2
92,VisualCogA_Task-2,1,-1,-0.3710718226271881,raw_qc_pass,target_locked,rbf_svm_drop_redundant_alpha_asym_12_C_10_gamma_0.03,VisualCogA_Task-2
93,VisualCogA_Task-2,-1,-1,-0.44411871858229124,raw_qc_pass,target_locked,rbf_svm_drop_redundant_alpha_asym_12_C_10_gamma_0.03,VisualCogA_Task-2
94,VisualCogA_Task-2,-1,1,0.35613956921604806,raw_qc_pass,target_locked,rbf_svm_drop_redundant_alpha_asym_12_C_10_gamma_0.03,VisualCogA_Task-2
95,VisualCogA_Task-2,-1,-1,-0.33552241210553535,raw_qc_pass,target_locked,rbf_svm_drop_redundant_alpha_asym_12_C_10_gamma_0.03,VisualCogA_Task-2
96,VisualCogA_Task-2,-1,1,0.827949496643283,raw_qc_pass,target_locked,rbf_svm_drop_redundant_alpha_asym_12_C_10_gamma_0.03,VisualCogA_Task-2
97,VisualCogA_Task-2,-1,-1,-0.6534068543862663,raw_qc_pass,target_locked,rbf_svm_drop_redundant_alpha_asym_12_C_10_gamma_0.03,VisualCogA_Task-2
98,VisualCogA_Task-2,-1,1,0.06849089624739846,raw_qc_pass,target_locked,rbf_svm_drop_redundant_alpha_asym_12_C_10_gamma_0.03,VisualCogA_Task-2
99,VisualCogA_Task-2,-1,1,0.3682617838972886,raw_qc_pass,target_locked,rbf_svm_drop_redundant_alpha_asym_12_C_10_gamma_0.03,VisualCogA_Task-2
0,VisualCogB_Task-1,-1,-1,0.4880814670619958,raw_qc_pass,target_locked,logistic_full_baseline_13_l2_100,VisualCogB_Task-1
1,VisualCogB_Task-1,-1,-1,0.49651492442751466,raw_qc_pass,target_locked,logistic_full_baseline_13_l2_100,VisualCogB_Task-1
2,VisualCogB_Task-1,1,-1,0.4722107216926311,raw_qc_pass,target_locked,logistic_full_baseline_13_l2_100,VisualCogB_Task-1
3,VisualCogB_Task-1,-1,-1,0.41929326801896577,raw_qc_pass,target_locked,logistic_full_baseline_13_l2_100,VisualCogB_Task-1
4,VisualCogB_Task-1,1,-1,0.47098637441178187,raw_qc_pass,target_locked,logistic_full_baseline_13_l2_100,VisualCogB_Task-1
6,VisualCogB_Task-1,1,1,0.5121952043422763,raw_qc_pass,target_locked,logistic_full_baseline_13_l2_100,VisualCogB_Task-1
7,VisualCogB_Task-1,-1,-1,0.4887741663356213,raw_qc_pass,target_locked,logistic_full_baseline_13_l2_100,VisualCogB_Task-1
8,VisualCogB_Task-1,-1,-1,0.4011570969385629,raw_qc_pass,target_locked,logistic_full_baseline_13_l2_100,VisualCogB_Task-1
9,VisualCogB_Task-1,-1,-1,0.4128831766957435,raw_qc_pass,target_locked,logistic_full_baseline_13_l2_100,VisualCogB_Task-1
10,VisualCogB_Task-1,1,-1,0.4960887183043513,raw_qc_pass,target_locked,logistic_full_baseline_13_l2_100,VisualCogB_Task-1
11,VisualCogB_Task-1,-1,-1,0.49102065819325214,raw_qc_pass,target_locked,logistic_full_baseline_13_l2_100,VisualCogB_Task-1
12,VisualCogB_Task-1,1,-1,0.4911218988981131,raw_qc_pass,target_locked,logistic_full_baseline_13_l2_100,VisualCogB_Task-1
13,VisualCogB_Task-1,1,-1,0.44339860051672203,raw_qc_pass,target_locked,logistic_full_baseline_13_l2_100,VisualCogB_Task-1
14,VisualCogB_Task-1,-1,-1,0.4980913482637538,raw_qc_pass,target_locked,logistic_full_baseline_13_l2_100,VisualCogB_Task-1
15,VisualCogB_Task-1,1,1,0.5268083031479515,raw_qc_pass,target_locked,logistic_full_baseline_13_l2_100,VisualCogB_Task-1
16,VisualCogB_Task-1,-1,-1,0.4337215029151094,raw_qc_pass,target_locked,logistic_full_baseline_13_l2_100,VisualCogB_Task-1
17,VisualCogB_Task-1,-1,1,0.5111646594869201,raw_qc_pass,target_locked,logistic_full_baseline_13_l2_100,VisualCogB_Task-1
18,VisualCogB_Task-1,1,-1,0.4776198504544355,raw_qc_pass,target_locked,logistic_full_baseline_13_l2_100,VisualCogB_Task-1
19,VisualCogB_Task-1,-1,-1,0.4847816149345806,raw_qc_pass,target_locked,logistic_full_baseline_13_l2_100,VisualCogB_Task-1
20,VisualCogB_Task-1,1,-1,0.451426222299259,raw_qc_pass,target_locked,logistic_full_baseline_13_l2_100,VisualCogB_Task-1
21,VisualCogB_Task-1,1,1,0.5088147078940943,raw_qc_pass,target_locked,logistic_full_baseline_13_l2_100,VisualCogB_Task-1
22,VisualCogB_Task-1,1,-1,0.4821729993096178,raw_qc_pass,target_locked,logistic_full_baseline_13_l2_100,VisualCogB_Task-1
23,VisualCogB_Task-1,1,1,0.5433526837105982,raw_qc_pass,target_locked,logistic_full_baseline_13_l2_100,VisualCogB_Task-1
24,VisualCogB_Task-1,1,1,0.5549815417925689,raw_qc_pass,target_locked,logistic_full_baseline_13_l2_100,VisualCogB_Task-1
25,VisualCogB_Task-1,1,1,0.5001147265256479,raw_qc_pass,target_locked,logistic_full_baseline_13_l2_100,VisualCogB_Task-1
26,VisualCogB_Task-1,1,1,0.5267521721124094,raw_qc_pass,target_locked,logistic_full_baseline_13_l2_100,VisualCogB_Task-1
27,VisualCogB_Task-1,1,1,0.5289880371227699,raw_qc_pass,target_locked,logistic_full_baseline_13_l2_100,VisualCogB_Task-1
28,VisualCogB_Task-1,1,-1,0.4826921203737834,raw_qc_pass,target_locked,logistic_full_baseline_13_l2_100,VisualCogB_Task-1
29,VisualCogB_Task-1,-1,-1,0.46350619532353493,raw_qc_pass,target_locked,logistic_full_baseline_13_l2_100,VisualCogB_Task-1
30,VisualCogB_Task-1,1,-1,0.4562435580320062,raw_qc_pass,target_locked,logistic_full_baseline_13_l2_100,VisualCogB_Task-1
31,VisualCogB_Task-1,-1,-1,0.46496710948501285,raw_qc_pass,target_locked,logistic_full_baseline_13_l2_100,VisualCogB_Task-1
32,VisualCogB_Task-1,-1,-1,0.4224791533716628,raw_qc_pass,target_locked,logistic_full_baseline_13_l2_100,VisualCogB_Task-1
33,VisualCogB_Task-1,1,1,0.5728148639828615,raw_qc_pass,target_locked,logistic_full_baseline_13_l2_100,VisualCogB_Task-1
34,VisualCogB_Task-1,-1,-1,0.492316652746701,raw_qc_pass,target_locked,logistic_full_baseline_13_l2_100,VisualCogB_Task-1
35,VisualCogB_Task-1,-1,-1,0.43933690354031457,raw_qc_pass,target_locked,logistic_full_baseline_13_l2_100,VisualCogB_Task-1
36,VisualCogB_Task-1,-1,-1,0.49228982890733136,raw_qc_pass,target_locked,logistic_full_baseline_13_l2_100,VisualCogB_Task-1
37,VisualCogB_Task-1,-1,-1,0.43916171440475965,raw_qc_pass,target_locked,logistic_full_baseline_13_l2_100,VisualCogB_Task-1
38,VisualCogB_Task-1,1,-1,0.4759192815309927,raw_qc_pass,target_locked,logistic_full_baseline_13_l2_100,VisualCogB_Task-1
39,VisualCogB_Task-1,1,1,0.5400878063967447,raw_qc_pass,target_locked,logistic_full_baseline_13_l2_100,VisualCogB_Task-1
40,VisualCogB_Task-1,-1,-1,0.47509927063880486,raw_qc_pass,target_locked,logistic_full_baseline_13_l2_100,VisualCogB_Task-1
41,VisualCogB_Task-1,1,-1,0.4401862894703055,raw_qc_pass,target_locked,logistic_full_baseline_13_l2_100,VisualCogB_Task-1
42,VisualCogB_Task-1,1,-1,0.48696573105697516,raw_qc_pass,target_locked,logistic_full_baseline_13_l2_100,VisualCogB_Task-1
43,VisualCogB_Task-1,1,-1,0.4388995300093178,raw_qc_pass,target_locked,logistic_full_baseline_13_l2_100,VisualCogB_Task-1
44,VisualCogB_Task-1,1,-1,0.4934977325860526,raw_qc_pass,target_locked,logistic_full_baseline_13_l2_100,VisualCogB_Task-1
45,VisualCogB_Task-1,-1,-1,0.44399546982174876,raw_qc_pass,target_locked,logistic_full_baseline_13_l2_100,VisualCogB_Task-1
46,VisualCogB_Task-1,-1,1,0.5131759761665619,raw_qc_pass,target_locked,logistic_full_baseline_13_l2_100,VisualCogB_Task-1
47,VisualCogB_Task-1,1,-1,0.4835699605719591,raw_qc_pass,target_locked,logistic_full_baseline_13_l2_100,VisualCogB_Task-1
48,VisualCogB_Task-1,1,1,0.5047778774946119,raw_qc_pass,target_locked,logistic_full_baseline_13_l2_100,VisualCogB_Task-1
49,VisualCogB_Task-1,-1,-1,0.45835259729883615,raw_qc_pass,target_locked,logistic_full_baseline_13_l2_100,VisualCogB_Task-1
50,VisualCogB_Task-1,1,1,0.5058961628217564,raw_qc_pass,target_locked,logistic_full_baseline_13_l2_100,VisualCogB_Task-1
51,VisualCogB_Task-1,-1,-1,0.47533474987733904,raw_qc_pass,target_locked,logistic_full_baseline_13_l2_100,VisualCogB_Task-1
52,VisualCogB_Task-1,1,-1,0.48484206180253436,raw_qc_pass,target_locked,logistic_full_baseline_13_l2_100,VisualCogB_Task-1
53,VisualCogB_Task-1,-1,-1,0.46974559387623605,raw_qc_pass,target_locked,logistic_full_baseline_13_l2_100,VisualCogB_Task-1
54,VisualCogB_Task-1,1,-1,0.42802498517038184,raw_qc_pass,target_locked,logistic_full_baseline_13_l2_100,VisualCogB_Task-1
55,VisualCogB_Task-1,-1,-1,0.4694955694839358,raw_qc_pass,target_locked,logistic_full_baseline_13_l2_100,VisualCogB_Task-1
56,VisualCogB_Task-1,1,1,0.5198011044579844,raw_qc_pass,target_locked,logistic_full_baseline_13_l2_100,VisualCogB_Task-1
57,VisualCogB_Task-1,1,-1,0.48682802432257005,raw_qc_pass,target_locked,logistic_full_baseline_13_l2_100,VisualCogB_Task-1
58,VisualCogB_Task-1,1,-1,0.4903142232364739,raw_qc_pass,target_locked,logistic_full_baseline_13_l2_100,VisualCogB_Task-1
59,VisualCogB_Task-1,1,-1,0.47385496423097956,raw_qc_pass,target_locked,logistic_full_baseline_13_l2_100,VisualCogB_Task-1
60,VisualCogB_Task-1,-1,1,0.5415704619489953,raw_qc_pass,target_locked,logistic_full_baseline_13_l2_100,VisualCogB_Task-1
61,VisualCogB_Task-1,-1,-1,0.48326286821201797,raw_qc_pass,target_locked,logistic_full_baseline_13_l2_100,VisualCogB_Task-1
62,VisualCogB_Task-1,1,-1,0.4424875485035609,raw_qc_pass,target_locked,logistic_full_baseline_13_l2_100,VisualCogB_Task-1
63,VisualCogB_Task-1,-1,-1,0.46589430492573375,raw_qc_pass,target_locked,logistic_full_baseline_13_l2_100,VisualCogB_Task-1
64,VisualCogB_Task-1,-1,-1,0.4589491574810678,raw_qc_pass,target_locked,logistic_full_baseline_13_l2_100,VisualCogB_Task-1
65,VisualCogB_Task-1,-1,-1,0.47362141329781127,raw_qc_pass,target_locked,logistic_full_baseline_13_l2_100,VisualCogB_Task-1
66,VisualCogB_Task-1,1,1,0.5240572240415527,raw_qc_pass,target_locked,logistic_full_baseline_13_l2_100,VisualCogB_Task-1
67,VisualCogB_Task-1,1,1,0.5294227663006782,raw_qc_pass,target_locked,logistic_full_baseline_13_l2_100,VisualCogB_Task-1
68,VisualCogB_Task-1,-1,-1,0.432246159983867,raw_qc_pass,target_locked,logistic_full_baseline_13_l2_100,VisualCogB_Task-1
69,VisualCogB_Task-1,-1,1,0.5051605910379126,raw_qc_pass,target_locked,logistic_full_baseline_13_l2_100,VisualCogB_Task-1
70,VisualCogB_Task-1,1,-1,0.4940220919531479,raw_qc_pass,target_locked,logistic_full_baseline_13_l2_100,VisualCogB_Task-1
71,VisualCogB_Task-1,1,-1,0.4598266474939251,raw_qc_pass,target_locked,logistic_full_baseline_13_l2_100,VisualCogB_Task-1
72,VisualCogB_Task-1,-1,1,0.5071936525318064,raw_qc_pass,target_locked,logistic_full_baseline_13_l2_100,VisualCogB_Task-1
73,VisualCogB_Task-1,-1,1,0.5370534810481324,raw_qc_pass,target_locked,logistic_full_baseline_13_l2_100,VisualCogB_Task-1
74,VisualCogB_Task-1,1,-1,0.48069089149216915,raw_qc_pass,target_locked,logistic_full_baseline_13_l2_100,VisualCogB_Task-1
75,VisualCogB_Task-1,-1,-1,0.4784210542593947,raw_qc_pass,target_locked,logistic_full_baseline_13_l2_100,VisualCogB_Task-1
76,VisualCogB_Task-1,-1,1,0.5649338813808085,raw_qc_pass,target_locked,logistic_full_baseline_13_l2_100,VisualCogB_Task-1
77,VisualCogB_Task-1,-1,-1,0.44733048156860805,raw_qc_pass,target_locked,logistic_full_baseline_13_l2_100,VisualCogB_Task-1
78,VisualCogB_Task-1,1,-1,0.48378667895231897,raw_qc_pass,target_locked,logistic_full_baseline_13_l2_100,VisualCogB_Task-1
79,VisualCogB_Task-1,-1,-1,0.42020880873764477,raw_qc_pass,target_locked,logistic_full_baseline_13_l2_100,VisualCogB_Task-1
80,VisualCogB_Task-1,-1,1,0.5010129140533359,raw_qc_pass,target_locked,logistic_full_baseline_13_l2_100,VisualCogB_Task-1
81,VisualCogB_Task-1,1,-1,0.49769605013401214,raw_qc_pass,target_locked,logistic_full_baseline_13_l2_100,VisualCogB_Task-1
82,VisualCogB_Task-1,-1,1,0.5111694255877696,raw_qc_pass,target_locked,logistic_full_baseline_13_l2_100,VisualCogB_Task-1
83,VisualCogB_Task-1,-1,-1,0.45218018274311655,raw_qc_pass,target_locked,logistic_full_baseline_13_l2_100,VisualCogB_Task-1
84,VisualCogB_Task-1,1,-1,0.4352625496620498,raw_qc_pass,target_locked,logistic_full_baseline_13_l2_100,VisualCogB_Task-1
85,VisualCogB_Task-1,-1,-1,0.4745370656343993,raw_qc_pass,target_locked,logistic_full_baseline_13_l2_100,VisualCogB_Task-1
86,VisualCogB_Task-1,-1,1,0.5136793684628782,raw_qc_pass,target_locked,logistic_full_baseline_13_l2_100,VisualCogB_Task-1
87,VisualCogB_Task-1,1,-1,0.49319187336740244,raw_qc_pass,target_locked,logistic_full_baseline_13_l2_100,VisualCogB_Task-1
88,VisualCogB_Task-1,-1,1,0.514654668344959,raw_qc_pass,target_locked,logistic_full_baseline_13_l2_100,VisualCogB_Task-1
89,VisualCogB_Task-1,-1,-1,0.4036071795275362,raw_qc_pass,target_locked,logistic_full_baseline_13_l2_100,VisualCogB_Task-1
90,VisualCogB_Task-1,1,-1,0.45463471029733094,raw_qc_pass,target_locked,logistic_full_baseline_13_l2_100,VisualCogB_Task-1
91,VisualCogB_Task-1,1,1,0.5007174675453305,raw_qc_pass,target_locked,logistic_full_baseline_13_l2_100,VisualCogB_Task-1
92,VisualCogB_Task-1,-1,-1,0.4405470331793968,raw_qc_pass,target_locked,logistic_full_baseline_13_l2_100,VisualCogB_Task-1
93,VisualCogB_Task-1,1,-1,0.44134424911169656,raw_qc_pass,target_locked,logistic_full_baseline_13_l2_100,VisualCogB_Task-1
94,VisualCogB_Task-1,-1,1,0.5014061496473745,raw_qc_pass,target_locked,logistic_full_baseline_13_l2_100,VisualCogB_Task-1
95,VisualCogB_Task-1,1,-1,0.46235259371763715,raw_qc_pass,target_locked,logistic_full_baseline_13_l2_100,VisualCogB_Task-1
97,VisualCogB_Task-1,1,-1,0.47104866929705935,raw_qc_pass,target_locked,logistic_full_baseline_13_l2_100,VisualCogB_Task-1
98,VisualCogB_Task-1,1,1,0.505388099484693,raw_qc_pass,target_locked,logistic_full_baseline_13_l2_100,VisualCogB_Task-1
99,VisualCogB_Task-1,1,1,0.5034078433297792,raw_qc_pass,target_locked,logistic_full_baseline_13_l2_100,VisualCogB_Task-1
0,VisualCogB_Task-2,-1,-1,-2.066689443368044,raw_qc_pass,target_locked,rbf_svm_drop_redundant_alpha_asym_12_C_10_gamma_0.1,VisualCogB_Task-2
1,VisualCogB_Task-2,-1,-1,-0.3369166731005167,raw_qc_pass,target_locked,rbf_svm_drop_redundant_alpha_asym_12_C_10_gamma_0.1,VisualCogB_Task-2
2,VisualCogB_Task-2,-1,-1,-1.3701540175214117,raw_qc_pass,target_locked,rbf_svm_drop_redundant_alpha_asym_12_C_10_gamma_0.1,VisualCogB_Task-2
3,VisualCogB_Task-2,1,-1,-1.19748153003634,raw_qc_pass,target_locked,rbf_svm_drop_redundant_alpha_asym_12_C_10_gamma_0.1,VisualCogB_Task-2
4,VisualCogB_Task-2,-1,-1,-0.2811742022949551,raw_qc_pass,target_locked,rbf_svm_drop_redundant_alpha_asym_12_C_10_gamma_0.1,VisualCogB_Task-2
5,VisualCogB_Task-2,1,1,0.5444274718169527,raw_qc_pass,target_locked,rbf_svm_drop_redundant_alpha_asym_12_C_10_gamma_0.1,VisualCogB_Task-2
6,VisualCogB_Task-2,1,-1,-0.08937313378320118,raw_qc_pass,target_locked,rbf_svm_drop_redundant_alpha_asym_12_C_10_gamma_0.1,VisualCogB_Task-2
7,VisualCogB_Task-2,1,-1,-0.6238957020570396,raw_qc_pass,target_locked,rbf_svm_drop_redundant_alpha_asym_12_C_10_gamma_0.1,VisualCogB_Task-2
8,VisualCogB_Task-2,1,-1,-0.6780874602545698,raw_qc_pass,target_locked,rbf_svm_drop_redundant_alpha_asym_12_C_10_gamma_0.1,VisualCogB_Task-2
9,VisualCogB_Task-2,-1,-1,-1.4725311626693318,raw_qc_pass,target_locked,rbf_svm_drop_redundant_alpha_asym_12_C_10_gamma_0.1,VisualCogB_Task-2
10,VisualCogB_Task-2,1,-1,-0.5883297089604648,raw_qc_pass,target_locked,rbf_svm_drop_redundant_alpha_asym_12_C_10_gamma_0.1,VisualCogB_Task-2
11,VisualCogB_Task-2,1,-1,-0.35491074100189796,raw_qc_pass,target_locked,rbf_svm_drop_redundant_alpha_asym_12_C_10_gamma_0.1,VisualCogB_Task-2
12,VisualCogB_Task-2,1,-1,-1.4219191954918569,raw_qc_pass,target_locked,rbf_svm_drop_redundant_alpha_asym_12_C_10_gamma_0.1,VisualCogB_Task-2
13,VisualCogB_Task-2,1,-1,-1.0700478986446544,raw_qc_pass,target_locked,rbf_svm_drop_redundant_alpha_asym_12_C_10_gamma_0.1,VisualCogB_Task-2
14,VisualCogB_Task-2,1,-1,-1.9398852937633664,raw_qc_pass,target_locked,rbf_svm_drop_redundant_alpha_asym_12_C_10_gamma_0.1,VisualCogB_Task-2
15,VisualCogB_Task-2,1,1,0.9560002491383153,raw_qc_pass,target_locked,rbf_svm_drop_redundant_alpha_asym_12_C_10_gamma_0.1,VisualCogB_Task-2
16,VisualCogB_Task-2,-1,-1,-1.1858715899654872,raw_qc_pass,target_locked,rbf_svm_drop_redundant_alpha_asym_12_C_10_gamma_0.1,VisualCogB_Task-2
17,VisualCogB_Task-2,1,1,0.31692010726625414,raw_qc_pass,target_locked,rbf_svm_drop_redundant_alpha_asym_12_C_10_gamma_0.1,VisualCogB_Task-2
18,VisualCogB_Task-2,1,-1,-0.18477212856109754,raw_qc_pass,target_locked,rbf_svm_drop_redundant_alpha_asym_12_C_10_gamma_0.1,VisualCogB_Task-2
19,VisualCogB_Task-2,-1,-1,-1.501676542865157,raw_qc_pass,target_locked,rbf_svm_drop_redundant_alpha_asym_12_C_10_gamma_0.1,VisualCogB_Task-2
20,VisualCogB_Task-2,1,1,0.37576998242884446,raw_qc_pass,target_locked,rbf_svm_drop_redundant_alpha_asym_12_C_10_gamma_0.1,VisualCogB_Task-2
21,VisualCogB_Task-2,1,-1,-1.4949619678636998,raw_qc_pass,target_locked,rbf_svm_drop_redundant_alpha_asym_12_C_10_gamma_0.1,VisualCogB_Task-2
22,VisualCogB_Task-2,-1,-1,-0.41645928102710533,raw_qc_pass,target_locked,rbf_svm_drop_redundant_alpha_asym_12_C_10_gamma_0.1,VisualCogB_Task-2
23,VisualCogB_Task-2,-1,-1,-0.20042725790208632,raw_qc_pass,target_locked,rbf_svm_drop_redundant_alpha_asym_12_C_10_gamma_0.1,VisualCogB_Task-2
24,VisualCogB_Task-2,-1,1,0.697029524956751,raw_qc_pass,target_locked,rbf_svm_drop_redundant_alpha_asym_12_C_10_gamma_0.1,VisualCogB_Task-2
25,VisualCogB_Task-2,1,1,0.4917251383474855,raw_qc_pass,target_locked,rbf_svm_drop_redundant_alpha_asym_12_C_10_gamma_0.1,VisualCogB_Task-2
26,VisualCogB_Task-2,-1,-1,-0.6074880263788832,raw_qc_pass,target_locked,rbf_svm_drop_redundant_alpha_asym_12_C_10_gamma_0.1,VisualCogB_Task-2
27,VisualCogB_Task-2,-1,-1,-0.9816721084295242,raw_qc_pass,target_locked,rbf_svm_drop_redundant_alpha_asym_12_C_10_gamma_0.1,VisualCogB_Task-2
28,VisualCogB_Task-2,-1,-1,-0.22962850973641974,raw_qc_pass,target_locked,rbf_svm_drop_redundant_alpha_asym_12_C_10_gamma_0.1,VisualCogB_Task-2
29,VisualCogB_Task-2,1,1,0.37958144895374385,raw_qc_pass,target_locked,rbf_svm_drop_redundant_alpha_asym_12_C_10_gamma_0.1,VisualCogB_Task-2
30,VisualCogB_Task-2,1,-1,-0.7268908906524129,raw_qc_pass,target_locked,rbf_svm_drop_redundant_alpha_asym_12_C_10_gamma_0.1,VisualCogB_Task-2
31,VisualCogB_Task-2,1,1,0.1003742992666944,raw_qc_pass,target_locked,rbf_svm_drop_redundant_alpha_asym_12_C_10_gamma_0.1,VisualCogB_Task-2
32,VisualCogB_Task-2,1,-1,-0.7528996507569056,raw_qc_pass,target_locked,rbf_svm_drop_redundant_alpha_asym_12_C_10_gamma_0.1,VisualCogB_Task-2
33,VisualCogB_Task-2,1,1,1.3629889203167456,raw_qc_pass,target_locked,rbf_svm_drop_redundant_alpha_asym_12_C_10_gamma_0.1,VisualCogB_Task-2
34,VisualCogB_Task-2,-1,1,0.11104898724240357,raw_qc_pass,target_locked,rbf_svm_drop_redundant_alpha_asym_12_C_10_gamma_0.1,VisualCogB_Task-2
35,VisualCogB_Task-2,1,-1,-1.4142927155229768,raw_qc_pass,target_locked,rbf_svm_drop_redundant_alpha_asym_12_C_10_gamma_0.1,VisualCogB_Task-2
36,VisualCogB_Task-2,-1,-1,-0.1019249501235505,raw_qc_pass,target_locked,rbf_svm_drop_redundant_alpha_asym_12_C_10_gamma_0.1,VisualCogB_Task-2
37,VisualCogB_Task-2,-1,1,0.3596814628475706,raw_qc_pass,target_locked,rbf_svm_drop_redundant_alpha_asym_12_C_10_gamma_0.1,VisualCogB_Task-2
38,VisualCogB_Task-2,1,1,0.703174274131063,raw_qc_pass,target_locked,rbf_svm_drop_redundant_alpha_asym_12_C_10_gamma_0.1,VisualCogB_Task-2
39,VisualCogB_Task-2,1,1,1.7345688039772027,raw_qc_pass,target_locked,rbf_svm_drop_redundant_alpha_asym_12_C_10_gamma_0.1,VisualCogB_Task-2
40,VisualCogB_Task-2,1,-1,-1.1273332444992206,raw_qc_pass,target_locked,rbf_svm_drop_redundant_alpha_asym_12_C_10_gamma_0.1,VisualCogB_Task-2
41,VisualCogB_Task-2,-1,-1,-0.013868330387752772,raw_qc_pass,target_locked,rbf_svm_drop_redundant_alpha_asym_12_C_10_gamma_0.1,VisualCogB_Task-2
42,VisualCogB_Task-2,-1,1,0.45030606783916033,raw_qc_pass,target_locked,rbf_svm_drop_redundant_alpha_asym_12_C_10_gamma_0.1,VisualCogB_Task-2
43,VisualCogB_Task-2,1,-1,-1.1476346664631882,raw_qc_pass,target_locked,rbf_svm_drop_redundant_alpha_asym_12_C_10_gamma_0.1,VisualCogB_Task-2
44,VisualCogB_Task-2,-1,-1,-0.19937411190219262,raw_qc_pass,target_locked,rbf_svm_drop_redundant_alpha_asym_12_C_10_gamma_0.1,VisualCogB_Task-2
45,VisualCogB_Task-2,-1,-1,-1.4326925533809058,raw_qc_pass,target_locked,rbf_svm_drop_redundant_alpha_asym_12_C_10_gamma_0.1,VisualCogB_Task-2
46,VisualCogB_Task-2,1,-1,-0.637265992781759,raw_qc_pass,target_locked,rbf_svm_drop_redundant_alpha_asym_12_C_10_gamma_0.1,VisualCogB_Task-2
47,VisualCogB_Task-2,-1,1,1.33846878239855,raw_qc_pass,target_locked,rbf_svm_drop_redundant_alpha_asym_12_C_10_gamma_0.1,VisualCogB_Task-2
48,VisualCogB_Task-2,1,-1,-0.5845460318198047,raw_qc_pass,target_locked,rbf_svm_drop_redundant_alpha_asym_12_C_10_gamma_0.1,VisualCogB_Task-2
49,VisualCogB_Task-2,-1,-1,-0.10446140525120125,raw_qc_pass,target_locked,rbf_svm_drop_redundant_alpha_asym_12_C_10_gamma_0.1,VisualCogB_Task-2
50,VisualCogB_Task-2,-1,1,0.10491422023523193,raw_qc_pass,target_locked,rbf_svm_drop_redundant_alpha_asym_12_C_10_gamma_0.1,VisualCogB_Task-2
51,VisualCogB_Task-2,-1,-1,-0.8749390760814576,raw_qc_pass,target_locked,rbf_svm_drop_redundant_alpha_asym_12_C_10_gamma_0.1,VisualCogB_Task-2
52,VisualCogB_Task-2,1,-1,-1.2802150869158715,raw_qc_pass,target_locked,rbf_svm_drop_redundant_alpha_asym_12_C_10_gamma_0.1,VisualCogB_Task-2
53,VisualCogB_Task-2,1,1,0.7363830627929299,raw_qc_pass,target_locked,rbf_svm_drop_redundant_alpha_asym_12_C_10_gamma_0.1,VisualCogB_Task-2
54,VisualCogB_Task-2,1,-1,-0.686899910838021,raw_qc_pass,target_locked,rbf_svm_drop_redundant_alpha_asym_12_C_10_gamma_0.1,VisualCogB_Task-2
55,VisualCogB_Task-2,-1,-1,-0.6915339810674784,raw_qc_pass,target_locked,rbf_svm_drop_redundant_alpha_asym_12_C_10_gamma_0.1,VisualCogB_Task-2
56,VisualCogB_Task-2,-1,1,1.5864389952059947,raw_qc_pass,target_locked,rbf_svm_drop_redundant_alpha_asym_12_C_10_gamma_0.1,VisualCogB_Task-2
57,VisualCogB_Task-2,-1,-1,-0.10839091198912472,raw_qc_pass,target_locked,rbf_svm_drop_redundant_alpha_asym_12_C_10_gamma_0.1,VisualCogB_Task-2
58,VisualCogB_Task-2,-1,-1,-1.2513679341742128,raw_qc_pass,target_locked,rbf_svm_drop_redundant_alpha_asym_12_C_10_gamma_0.1,VisualCogB_Task-2
59,VisualCogB_Task-2,-1,-1,-0.33198358642403264,raw_qc_pass,target_locked,rbf_svm_drop_redundant_alpha_asym_12_C_10_gamma_0.1,VisualCogB_Task-2
60,VisualCogB_Task-2,-1,-1,-0.7550621924766517,raw_qc_pass,target_locked,rbf_svm_drop_redundant_alpha_asym_12_C_10_gamma_0.1,VisualCogB_Task-2
61,VisualCogB_Task-2,1,1,1.529178143650713,raw_qc_pass,target_locked,rbf_svm_drop_redundant_alpha_asym_12_C_10_gamma_0.1,VisualCogB_Task-2
62,VisualCogB_Task-2,-1,1,0.06632840661831489,raw_qc_pass,target_locked,rbf_svm_drop_redundant_alpha_asym_12_C_10_gamma_0.1,VisualCogB_Task-2
63,VisualCogB_Task-2,-1,1,0.5673095175429211,raw_qc_pass,target_locked,rbf_svm_drop_redundant_alpha_asym_12_C_10_gamma_0.1,VisualCogB_Task-2
64,VisualCogB_Task-2,1,1,0.23423408071407253,raw_qc_pass,target_locked,rbf_svm_drop_redundant_alpha_asym_12_C_10_gamma_0.1,VisualCogB_Task-2
65,VisualCogB_Task-2,1,-1,-0.4488772973230804,raw_qc_pass,target_locked,rbf_svm_drop_redundant_alpha_asym_12_C_10_gamma_0.1,VisualCogB_Task-2
66,VisualCogB_Task-2,1,-1,-1.0809971433466514,raw_qc_pass,target_locked,rbf_svm_drop_redundant_alpha_asym_12_C_10_gamma_0.1,VisualCogB_Task-2
67,VisualCogB_Task-2,1,-1,-2.2875388574282076,raw_qc_pass,target_locked,rbf_svm_drop_redundant_alpha_asym_12_C_10_gamma_0.1,VisualCogB_Task-2
68,VisualCogB_Task-2,-1,1,0.38897988532471367,raw_qc_pass,target_locked,rbf_svm_drop_redundant_alpha_asym_12_C_10_gamma_0.1,VisualCogB_Task-2
69,VisualCogB_Task-2,-1,-1,-0.9181028383448554,raw_qc_pass,target_locked,rbf_svm_drop_redundant_alpha_asym_12_C_10_gamma_0.1,VisualCogB_Task-2
70,VisualCogB_Task-2,1,-1,-0.47992468514941816,raw_qc_pass,target_locked,rbf_svm_drop_redundant_alpha_asym_12_C_10_gamma_0.1,VisualCogB_Task-2
71,VisualCogB_Task-2,1,1,1.3239938822016,raw_qc_pass,target_locked,rbf_svm_drop_redundant_alpha_asym_12_C_10_gamma_0.1,VisualCogB_Task-2
72,VisualCogB_Task-2,1,1,0.8696206541691577,raw_qc_pass,target_locked,rbf_svm_drop_redundant_alpha_asym_12_C_10_gamma_0.1,VisualCogB_Task-2
73,VisualCogB_Task-2,-1,-1,-0.63829083656203,raw_qc_pass,target_locked,rbf_svm_drop_redundant_alpha_asym_12_C_10_gamma_0.1,VisualCogB_Task-2
74,VisualCogB_Task-2,-1,-1,-1.215167697384714,raw_qc_pass,target_locked,rbf_svm_drop_redundant_alpha_asym_12_C_10_gamma_0.1,VisualCogB_Task-2
75,VisualCogB_Task-2,1,-1,-1.2814850928284112,raw_qc_pass,target_locked,rbf_svm_drop_redundant_alpha_asym_12_C_10_gamma_0.1,VisualCogB_Task-2
76,VisualCogB_Task-2,1,1,2.04870423681999,raw_qc_pass,target_locked,rbf_svm_drop_redundant_alpha_asym_12_C_10_gamma_0.1,VisualCogB_Task-2
77,VisualCogB_Task-2,-1,-1,-0.7298331301318332,raw_qc_pass,target_locked,rbf_svm_drop_redundant_alpha_asym_12_C_10_gamma_0.1,VisualCogB_Task-2
78,VisualCogB_Task-2,-1,1,0.06970198578026833,raw_qc_pass,target_locked,rbf_svm_drop_redundant_alpha_asym_12_C_10_gamma_0.1,VisualCogB_Task-2
79,VisualCogB_Task-2,-1,1,0.35359593306117837,raw_qc_pass,target_locked,rbf_svm_drop_redundant_alpha_asym_12_C_10_gamma_0.1,VisualCogB_Task-2
80,VisualCogB_Task-2,1,-1,-0.4784863447911492,raw_qc_pass,target_locked,rbf_svm_drop_redundant_alpha_asym_12_C_10_gamma_0.1,VisualCogB_Task-2
81,VisualCogB_Task-2,-1,-1,-1.9160264251549515,raw_qc_pass,target_locked,rbf_svm_drop_redundant_alpha_asym_12_C_10_gamma_0.1,VisualCogB_Task-2
82,VisualCogB_Task-2,1,1,3.7400714435344766,raw_qc_pass,target_locked,rbf_svm_drop_redundant_alpha_asym_12_C_10_gamma_0.1,VisualCogB_Task-2
83,VisualCogB_Task-2,-1,-1,-0.02109243060352907,raw_qc_pass,target_locked,rbf_svm_drop_redundant_alpha_asym_12_C_10_gamma_0.1,VisualCogB_Task-2
84,VisualCogB_Task-2,-1,1,0.3237504621490109,raw_qc_pass,target_locked,rbf_svm_drop_redundant_alpha_asym_12_C_10_gamma_0.1,VisualCogB_Task-2
85,VisualCogB_Task-2,1,1,0.5298898949586558,raw_qc_pass,target_locked,rbf_svm_drop_redundant_alpha_asym_12_C_10_gamma_0.1,VisualCogB_Task-2
86,VisualCogB_Task-2,-1,1,0.4877272903179732,raw_qc_pass,target_locked,rbf_svm_drop_redundant_alpha_asym_12_C_10_gamma_0.1,VisualCogB_Task-2
87,VisualCogB_Task-2,1,-1,-0.09032414610636026,raw_qc_pass,target_locked,rbf_svm_drop_redundant_alpha_asym_12_C_10_gamma_0.1,VisualCogB_Task-2
88,VisualCogB_Task-2,-1,-1,-0.15454853464343948,raw_qc_pass,target_locked,rbf_svm_drop_redundant_alpha_asym_12_C_10_gamma_0.1,VisualCogB_Task-2
89,VisualCogB_Task-2,1,-1,-0.20892613123560683,raw_qc_pass,target_locked,rbf_svm_drop_redundant_alpha_asym_12_C_10_gamma_0.1,VisualCogB_Task-2
90,VisualCogB_Task-2,-1,1,1.0874868296729905,raw_qc_pass,target_locked,rbf_svm_drop_redundant_alpha_asym_12_C_10_gamma_0.1,VisualCogB_Task-2
91,VisualCogB_Task-2,-1,-1,-0.03558162707956532,raw_qc_pass,target_locked,rbf_svm_drop_redundant_alpha_asym_12_C_10_gamma_0.1,VisualCogB_Task-2
92,VisualCogB_Task-2,1,1,1.1167810668253835,raw_qc_pass,target_locked,rbf_svm_drop_redundant_alpha_asym_12_C_10_gamma_0.1,VisualCogB_Task-2
93,VisualCogB_Task-2,-1,1,0.9971135255896652,raw_qc_pass,target_locked,rbf_svm_drop_redundant_alpha_asym_12_C_10_gamma_0.1,VisualCogB_Task-2
94,VisualCogB_Task-2,1,-1,-0.5880295638604475,raw_qc_pass,target_locked,rbf_svm_drop_redundant_alpha_asym_12_C_10_gamma_0.1,VisualCogB_Task-2
95,VisualCogB_Task-2,1,-1,-0.2840243097686908,raw_qc_pass,target_locked,rbf_svm_drop_redundant_alpha_asym_12_C_10_gamma_0.1,VisualCogB_Task-2
96,VisualCogB_Task-2,-1,1,0.24100519004133708,raw_qc_pass,target_locked,rbf_svm_drop_redundant_alpha_asym_12_C_10_gamma_0.1,VisualCogB_Task-2
97,VisualCogB_Task-2,-1,-1,-0.4113089120715275,raw_qc_pass,target_locked,rbf_svm_drop_redundant_alpha_asym_12_C_10_gamma_0.1,VisualCogB_Task-2
98,VisualCogB_Task-2,1,1,0.11778451235559377,raw_qc_pass,target_locked,rbf_svm_drop_redundant_alpha_asym_12_C_10_gamma_0.1,VisualCogB_Task-2
99,VisualCogB_Task-2,-1,1,0.7530534531807073,raw_qc_pass,target_locked,rbf_svm_drop_redundant_alpha_asym_12_C_10_gamma_0.1,VisualCogB_Task-2
0,VisualCogA_Task-1,-1,1,0.34229944106797716,q1_quality_matched,cue_locked,rbf_svm_drop_redundant_alpha_asym_12_C_10_gamma_0.03,VisualCogA_Task-1
1,VisualCogA_Task-1,1,-1,-0.48833121137768054,q1_quality_matched,cue_locked,rbf_svm_drop_redundant_alpha_asym_12_C_10_gamma_0.03,VisualCogA_Task-1
4,VisualCogA_Task-1,1,1,0.43603442449112406,q1_quality_matched,cue_locked,rbf_svm_drop_redundant_alpha_asym_12_C_10_gamma_0.03,VisualCogA_Task-1
5,VisualCogA_Task-1,-1,1,0.661547438306253,q1_quality_matched,cue_locked,rbf_svm_drop_redundant_alpha_asym_12_C_10_gamma_0.03,VisualCogA_Task-1
6,VisualCogA_Task-1,-1,-1,-0.19743585809979192,q1_quality_matched,cue_locked,rbf_svm_drop_redundant_alpha_asym_12_C_10_gamma_0.03,VisualCogA_Task-1
7,VisualCogA_Task-1,-1,-1,-1.0282428089197915,q1_quality_matched,cue_locked,rbf_svm_drop_redundant_alpha_asym_12_C_10_gamma_0.03,VisualCogA_Task-1
8,VisualCogA_Task-1,1,-1,-0.8960615897863928,q1_quality_matched,cue_locked,rbf_svm_drop_redundant_alpha_asym_12_C_10_gamma_0.03,VisualCogA_Task-1
9,VisualCogA_Task-1,1,1,1.8176314410456385,q1_quality_matched,cue_locked,rbf_svm_drop_redundant_alpha_asym_12_C_10_gamma_0.03,VisualCogA_Task-1
10,VisualCogA_Task-1,1,-1,-0.2657082853392343,q1_quality_matched,cue_locked,rbf_svm_drop_redundant_alpha_asym_12_C_10_gamma_0.03,VisualCogA_Task-1
11,VisualCogA_Task-1,1,-1,-0.0431045321390473,q1_quality_matched,cue_locked,rbf_svm_drop_redundant_alpha_asym_12_C_10_gamma_0.03,VisualCogA_Task-1
12,VisualCogA_Task-1,-1,1,0.125926585669611,q1_quality_matched,cue_locked,rbf_svm_drop_redundant_alpha_asym_12_C_10_gamma_0.03,VisualCogA_Task-1
15,VisualCogA_Task-1,-1,1,0.45528652509430834,q1_quality_matched,cue_locked,rbf_svm_drop_redundant_alpha_asym_12_C_10_gamma_0.03,VisualCogA_Task-1
16,VisualCogA_Task-1,1,-1,-0.2909965957086087,q1_quality_matched,cue_locked,rbf_svm_drop_redundant_alpha_asym_12_C_10_gamma_0.03,VisualCogA_Task-1
17,VisualCogA_Task-1,-1,-1,-0.7043455855351584,q1_quality_matched,cue_locked,rbf_svm_drop_redundant_alpha_asym_12_C_10_gamma_0.03,VisualCogA_Task-1
20,VisualCogA_Task-1,-1,1,0.19967514624041693,q1_quality_matched,cue_locked,rbf_svm_drop_redundant_alpha_asym_12_C_10_gamma_0.03,VisualCogA_Task-1
23,VisualCogA_Task-1,-1,1,0.46082219514057443,q1_quality_matched,cue_locked,rbf_svm_drop_redundant_alpha_asym_12_C_10_gamma_0.03,VisualCogA_Task-1
24,VisualCogA_Task-1,-1,-1,-0.23021363505473347,q1_quality_matched,cue_locked,rbf_svm_drop_redundant_alpha_asym_12_C_10_gamma_0.03,VisualCogA_Task-1
28,VisualCogA_Task-1,-1,-1,-0.9117668037019391,q1_quality_matched,cue_locked,rbf_svm_drop_redundant_alpha_asym_12_C_10_gamma_0.03,VisualCogA_Task-1
29,VisualCogA_Task-1,-1,-1,-0.5875699085980275,q1_quality_matched,cue_locked,rbf_svm_drop_redundant_alpha_asym_12_C_10_gamma_0.03,VisualCogA_Task-1
30,VisualCogA_Task-1,-1,-1,-0.27404246066640536,q1_quality_matched,cue_locked,rbf_svm_drop_redundant_alpha_asym_12_C_10_gamma_0.03,VisualCogA_Task-1
31,VisualCogA_Task-1,1,1,0.02079791236975459,q1_quality_matched,cue_locked,rbf_svm_drop_redundant_alpha_asym_12_C_10_gamma_0.03,VisualCogA_Task-1
32,VisualCogA_Task-1,1,-1,-1.0166122886006719,q1_quality_matched,cue_locked,rbf_svm_drop_redundant_alpha_asym_12_C_10_gamma_0.03,VisualCogA_Task-1
33,VisualCogA_Task-1,-1,1,0.4186873188454878,q1_quality_matched,cue_locked,rbf_svm_drop_redundant_alpha_asym_12_C_10_gamma_0.03,VisualCogA_Task-1
34,VisualCogA_Task-1,1,-1,-0.12618108368907,q1_quality_matched,cue_locked,rbf_svm_drop_redundant_alpha_asym_12_C_10_gamma_0.03,VisualCogA_Task-1
37,VisualCogA_Task-1,-1,-1,-0.6946023583178855,q1_quality_matched,cue_locked,rbf_svm_drop_redundant_alpha_asym_12_C_10_gamma_0.03,VisualCogA_Task-1
41,VisualCogA_Task-1,1,-1,-0.40191774979638795,q1_quality_matched,cue_locked,rbf_svm_drop_redundant_alpha_asym_12_C_10_gamma_0.03,VisualCogA_Task-1
44,VisualCogA_Task-1,-1,1,0.2611918900427914,q1_quality_matched,cue_locked,rbf_svm_drop_redundant_alpha_asym_12_C_10_gamma_0.03,VisualCogA_Task-1
46,VisualCogA_Task-1,-1,-1,-1.3617859358265847,q1_quality_matched,cue_locked,rbf_svm_drop_redundant_alpha_asym_12_C_10_gamma_0.03,VisualCogA_Task-1
48,VisualCogA_Task-1,-1,-1,-0.22576582821480273,q1_quality_matched,cue_locked,rbf_svm_drop_redundant_alpha_asym_12_C_10_gamma_0.03,VisualCogA_Task-1
49,VisualCogA_Task-1,-1,-1,-0.5135556809464525,q1_quality_matched,cue_locked,rbf_svm_drop_redundant_alpha_asym_12_C_10_gamma_0.03,VisualCogA_Task-1
50,VisualCogA_Task-1,1,-1,-0.4938838551718956,q1_quality_matched,cue_locked,rbf_svm_drop_redundant_alpha_asym_12_C_10_gamma_0.03,VisualCogA_Task-1
54,VisualCogA_Task-1,1,-1,-1.231861777272422,q1_quality_matched,cue_locked,rbf_svm_drop_redundant_alpha_asym_12_C_10_gamma_0.03,VisualCogA_Task-1
55,VisualCogA_Task-1,-1,-1,-1.1234505828318364,q1_quality_matched,cue_locked,rbf_svm_drop_redundant_alpha_asym_12_C_10_gamma_0.03,VisualCogA_Task-1
57,VisualCogA_Task-1,1,-1,-0.1904435046582995,q1_quality_matched,cue_locked,rbf_svm_drop_redundant_alpha_asym_12_C_10_gamma_0.03,VisualCogA_Task-1
60,VisualCogA_Task-1,1,1,0.2793569292620315,q1_quality_matched,cue_locked,rbf_svm_drop_redundant_alpha_asym_12_C_10_gamma_0.03,VisualCogA_Task-1
64,VisualCogA_Task-1,-1,1,0.07371181432387952,q1_quality_matched,cue_locked,rbf_svm_drop_redundant_alpha_asym_12_C_10_gamma_0.03,VisualCogA_Task-1
66,VisualCogA_Task-1,-1,-1,-0.6868229221670503,q1_quality_matched,cue_locked,rbf_svm_drop_redundant_alpha_asym_12_C_10_gamma_0.03,VisualCogA_Task-1
68,VisualCogA_Task-1,1,-1,-0.004357499109015395,q1_quality_matched,cue_locked,rbf_svm_drop_redundant_alpha_asym_12_C_10_gamma_0.03,VisualCogA_Task-1
69,VisualCogA_Task-1,1,1,0.3614688916826194,q1_quality_matched,cue_locked,rbf_svm_drop_redundant_alpha_asym_12_C_10_gamma_0.03,VisualCogA_Task-1
71,VisualCogA_Task-1,1,1,0.4425156580641463,q1_quality_matched,cue_locked,rbf_svm_drop_redundant_alpha_asym_12_C_10_gamma_0.03,VisualCogA_Task-1
72,VisualCogA_Task-1,-1,-1,-1.1496939330583216,q1_quality_matched,cue_locked,rbf_svm_drop_redundant_alpha_asym_12_C_10_gamma_0.03,VisualCogA_Task-1
73,VisualCogA_Task-1,1,1,0.2894291115474965,q1_quality_matched,cue_locked,rbf_svm_drop_redundant_alpha_asym_12_C_10_gamma_0.03,VisualCogA_Task-1
74,VisualCogA_Task-1,-1,1,0.2513347473820875,q1_quality_matched,cue_locked,rbf_svm_drop_redundant_alpha_asym_12_C_10_gamma_0.03,VisualCogA_Task-1
75,VisualCogA_Task-1,1,-1,-0.01141700506114085,q1_quality_matched,cue_locked,rbf_svm_drop_redundant_alpha_asym_12_C_10_gamma_0.03,VisualCogA_Task-1
78,VisualCogA_Task-1,-1,1,1.1378213660950676,q1_quality_matched,cue_locked,rbf_svm_drop_redundant_alpha_asym_12_C_10_gamma_0.03,VisualCogA_Task-1
79,VisualCogA_Task-1,-1,1,0.5663153773378713,q1_quality_matched,cue_locked,rbf_svm_drop_redundant_alpha_asym_12_C_10_gamma_0.03,VisualCogA_Task-1
81,VisualCogA_Task-1,1,1,0.11617309857107627,q1_quality_matched,cue_locked,rbf_svm_drop_redundant_alpha_asym_12_C_10_gamma_0.03,VisualCogA_Task-1
84,VisualCogA_Task-1,-1,-1,-0.7521757601700367,q1_quality_matched,cue_locked,rbf_svm_drop_redundant_alpha_asym_12_C_10_gamma_0.03,VisualCogA_Task-1
89,VisualCogA_Task-1,1,1,1.010807115169764,q1_quality_matched,cue_locked,rbf_svm_drop_redundant_alpha_asym_12_C_10_gamma_0.03,VisualCogA_Task-1
90,VisualCogA_Task-1,-1,1,0.4784645557014151,q1_quality_matched,cue_locked,rbf_svm_drop_redundant_alpha_asym_12_C_10_gamma_0.03,VisualCogA_Task-1
91,VisualCogA_Task-1,1,-1,-0.4383881926072386,q1_quality_matched,cue_locked,rbf_svm_drop_redundant_alpha_asym_12_C_10_gamma_0.03,VisualCogA_Task-1
93,VisualCogA_Task-1,1,1,0.8128959417694956,q1_quality_matched,cue_locked,rbf_svm_drop_redundant_alpha_asym_12_C_10_gamma_0.03,VisualCogA_Task-1
94,VisualCogA_Task-1,-1,1,0.49331357902046213,q1_quality_matched,cue_locked,rbf_svm_drop_redundant_alpha_asym_12_C_10_gamma_0.03,VisualCogA_Task-1
99,VisualCogA_Task-1,1,-1,-1.092987821696423,q1_quality_matched,cue_locked,rbf_svm_drop_redundant_alpha_asym_12_C_10_gamma_0.03,VisualCogA_Task-1
0,VisualCogA_Task-2,1,1,1.0260465846355005,q1_quality_matched,cue_locked,rbf_svm_full_baseline_13_C_1_gamma_scale,VisualCogA_Task-2
1,VisualCogA_Task-2,-1,-1,-0.7970013924899595,q1_quality_matched,cue_locked,rbf_svm_full_baseline_13_C_1_gamma_scale,VisualCogA_Task-2
2,VisualCogA_Task-2,-1,-1,-0.5992499643208075,q1_quality_matched,cue_locked,rbf_svm_full_baseline_13_C_1_gamma_scale,VisualCogA_Task-2
3,VisualCogA_Task-2,-1,-1,-0.5121736462609991,q1_quality_matched,cue_locked,rbf_svm_full_baseline_13_C_1_gamma_scale,VisualCogA_Task-2
4,VisualCogA_Task-2,1,1,0.2620278476259318,q1_quality_matched,cue_locked,rbf_svm_full_baseline_13_C_1_gamma_scale,VisualCogA_Task-2
5,VisualCogA_Task-2,-1,-1,-0.211923324601962,q1_quality_matched,cue_locked,rbf_svm_full_baseline_13_C_1_gamma_scale,VisualCogA_Task-2
6,VisualCogA_Task-2,1,-1,-0.08818048880446216,q1_quality_matched,cue_locked,rbf_svm_full_baseline_13_C_1_gamma_scale,VisualCogA_Task-2
7,VisualCogA_Task-2,1,1,0.5414165816936046,q1_quality_matched,cue_locked,rbf_svm_full_baseline_13_C_1_gamma_scale,VisualCogA_Task-2
8,VisualCogA_Task-2,-1,1,0.6331265160725333,q1_quality_matched,cue_locked,rbf_svm_full_baseline_13_C_1_gamma_scale,VisualCogA_Task-2
9,VisualCogA_Task-2,-1,-1,-0.12797026066420047,q1_quality_matched,cue_locked,rbf_svm_full_baseline_13_C_1_gamma_scale,VisualCogA_Task-2
10,VisualCogA_Task-2,1,1,0.9677171096802085,q1_quality_matched,cue_locked,rbf_svm_full_baseline_13_C_1_gamma_scale,VisualCogA_Task-2
11,VisualCogA_Task-2,1,1,0.1186098602885921,q1_quality_matched,cue_locked,rbf_svm_full_baseline_13_C_1_gamma_scale,VisualCogA_Task-2
12,VisualCogA_Task-2,1,-1,-1.0675242519014427,q1_quality_matched,cue_locked,rbf_svm_full_baseline_13_C_1_gamma_scale,VisualCogA_Task-2
13,VisualCogA_Task-2,-1,1,0.6511947125133398,q1_quality_matched,cue_locked,rbf_svm_full_baseline_13_C_1_gamma_scale,VisualCogA_Task-2
14,VisualCogA_Task-2,-1,-1,-1.0943818568019816,q1_quality_matched,cue_locked,rbf_svm_full_baseline_13_C_1_gamma_scale,VisualCogA_Task-2
15,VisualCogA_Task-2,-1,-1,-0.409354287623508,q1_quality_matched,cue_locked,rbf_svm_full_baseline_13_C_1_gamma_scale,VisualCogA_Task-2
16,VisualCogA_Task-2,1,-1,-0.9231646100421398,q1_quality_matched,cue_locked,rbf_svm_full_baseline_13_C_1_gamma_scale,VisualCogA_Task-2
17,VisualCogA_Task-2,1,-1,-1.4135268724576142,q1_quality_matched,cue_locked,rbf_svm_full_baseline_13_C_1_gamma_scale,VisualCogA_Task-2
18,VisualCogA_Task-2,-1,-1,-0.11871618012381824,q1_quality_matched,cue_locked,rbf_svm_full_baseline_13_C_1_gamma_scale,VisualCogA_Task-2
19,VisualCogA_Task-2,-1,1,0.2769521399243321,q1_quality_matched,cue_locked,rbf_svm_full_baseline_13_C_1_gamma_scale,VisualCogA_Task-2
20,VisualCogA_Task-2,1,-1,-0.9328792432956606,q1_quality_matched,cue_locked,rbf_svm_full_baseline_13_C_1_gamma_scale,VisualCogA_Task-2
21,VisualCogA_Task-2,-1,-1,-1.0126346825913481,q1_quality_matched,cue_locked,rbf_svm_full_baseline_13_C_1_gamma_scale,VisualCogA_Task-2
23,VisualCogA_Task-2,1,-1,-1.0859250905701123,q1_quality_matched,cue_locked,rbf_svm_full_baseline_13_C_1_gamma_scale,VisualCogA_Task-2
24,VisualCogA_Task-2,-1,-1,-1.1473118751521056,q1_quality_matched,cue_locked,rbf_svm_full_baseline_13_C_1_gamma_scale,VisualCogA_Task-2
25,VisualCogA_Task-2,-1,1,0.663749748188247,q1_quality_matched,cue_locked,rbf_svm_full_baseline_13_C_1_gamma_scale,VisualCogA_Task-2
26,VisualCogA_Task-2,1,-1,-0.14340861932466276,q1_quality_matched,cue_locked,rbf_svm_full_baseline_13_C_1_gamma_scale,VisualCogA_Task-2
27,VisualCogA_Task-2,1,-1,-0.8860984403356477,q1_quality_matched,cue_locked,rbf_svm_full_baseline_13_C_1_gamma_scale,VisualCogA_Task-2
28,VisualCogA_Task-2,1,1,0.5906753518844473,q1_quality_matched,cue_locked,rbf_svm_full_baseline_13_C_1_gamma_scale,VisualCogA_Task-2
31,VisualCogA_Task-2,-1,1,0.41623086184067726,q1_quality_matched,cue_locked,rbf_svm_full_baseline_13_C_1_gamma_scale,VisualCogA_Task-2
35,VisualCogA_Task-2,1,-1,-0.4557172640193369,q1_quality_matched,cue_locked,rbf_svm_full_baseline_13_C_1_gamma_scale,VisualCogA_Task-2
36,VisualCogA_Task-2,1,-1,-0.4673313042054711,q1_quality_matched,cue_locked,rbf_svm_full_baseline_13_C_1_gamma_scale,VisualCogA_Task-2
37,VisualCogA_Task-2,-1,1,0.8668862822876998,q1_quality_matched,cue_locked,rbf_svm_full_baseline_13_C_1_gamma_scale,VisualCogA_Task-2
39,VisualCogA_Task-2,-1,1,0.7317632871450094,q1_quality_matched,cue_locked,rbf_svm_full_baseline_13_C_1_gamma_scale,VisualCogA_Task-2
41,VisualCogA_Task-2,-1,-1,-0.48478620507147174,q1_quality_matched,cue_locked,rbf_svm_full_baseline_13_C_1_gamma_scale,VisualCogA_Task-2
43,VisualCogA_Task-2,-1,1,1.0920515795939179,q1_quality_matched,cue_locked,rbf_svm_full_baseline_13_C_1_gamma_scale,VisualCogA_Task-2
45,VisualCogA_Task-2,-1,1,0.9572979813481627,q1_quality_matched,cue_locked,rbf_svm_full_baseline_13_C_1_gamma_scale,VisualCogA_Task-2
46,VisualCogA_Task-2,-1,1,0.5148319002692098,q1_quality_matched,cue_locked,rbf_svm_full_baseline_13_C_1_gamma_scale,VisualCogA_Task-2
47,VisualCogA_Task-2,-1,-1,-1.1108910587151968,q1_quality_matched,cue_locked,rbf_svm_full_baseline_13_C_1_gamma_scale,VisualCogA_Task-2
48,VisualCogA_Task-2,1,1,0.6806591387957778,q1_quality_matched,cue_locked,rbf_svm_full_baseline_13_C_1_gamma_scale,VisualCogA_Task-2
49,VisualCogA_Task-2,1,-1,-0.6069713457743161,q1_quality_matched,cue_locked,rbf_svm_full_baseline_13_C_1_gamma_scale,VisualCogA_Task-2
51,VisualCogA_Task-2,1,1,0.8956160193812462,q1_quality_matched,cue_locked,rbf_svm_full_baseline_13_C_1_gamma_scale,VisualCogA_Task-2
52,VisualCogA_Task-2,1,-1,-0.5570755566040453,q1_quality_matched,cue_locked,rbf_svm_full_baseline_13_C_1_gamma_scale,VisualCogA_Task-2
53,VisualCogA_Task-2,-1,-1,-0.22746069337615804,q1_quality_matched,cue_locked,rbf_svm_full_baseline_13_C_1_gamma_scale,VisualCogA_Task-2
54,VisualCogA_Task-2,-1,-1,-0.7854237815860469,q1_quality_matched,cue_locked,rbf_svm_full_baseline_13_C_1_gamma_scale,VisualCogA_Task-2
55,VisualCogA_Task-2,1,1,0.16927204626660364,q1_quality_matched,cue_locked,rbf_svm_full_baseline_13_C_1_gamma_scale,VisualCogA_Task-2
56,VisualCogA_Task-2,1,-1,-1.1596892311142186,q1_quality_matched,cue_locked,rbf_svm_full_baseline_13_C_1_gamma_scale,VisualCogA_Task-2
57,VisualCogA_Task-2,1,1,0.11806305916745885,q1_quality_matched,cue_locked,rbf_svm_full_baseline_13_C_1_gamma_scale,VisualCogA_Task-2
58,VisualCogA_Task-2,1,1,0.3552103980290523,q1_quality_matched,cue_locked,rbf_svm_full_baseline_13_C_1_gamma_scale,VisualCogA_Task-2
60,VisualCogA_Task-2,-1,-1,-0.023166402419048437,q1_quality_matched,cue_locked,rbf_svm_full_baseline_13_C_1_gamma_scale,VisualCogA_Task-2
63,VisualCogA_Task-2,-1,1,0.3147360704853809,q1_quality_matched,cue_locked,rbf_svm_full_baseline_13_C_1_gamma_scale,VisualCogA_Task-2
64,VisualCogA_Task-2,1,-1,-0.6862263896584393,q1_quality_matched,cue_locked,rbf_svm_full_baseline_13_C_1_gamma_scale,VisualCogA_Task-2
65,VisualCogA_Task-2,-1,-1,-1.0471567895345886,q1_quality_matched,cue_locked,rbf_svm_full_baseline_13_C_1_gamma_scale,VisualCogA_Task-2
66,VisualCogA_Task-2,1,1,1.280389014092072,q1_quality_matched,cue_locked,rbf_svm_full_baseline_13_C_1_gamma_scale,VisualCogA_Task-2
68,VisualCogA_Task-2,-1,1,0.20904198980312194,q1_quality_matched,cue_locked,rbf_svm_full_baseline_13_C_1_gamma_scale,VisualCogA_Task-2
69,VisualCogA_Task-2,-1,1,0.2933253897598499,q1_quality_matched,cue_locked,rbf_svm_full_baseline_13_C_1_gamma_scale,VisualCogA_Task-2
70,VisualCogA_Task-2,1,-1,-0.32252330113043637,q1_quality_matched,cue_locked,rbf_svm_full_baseline_13_C_1_gamma_scale,VisualCogA_Task-2
71,VisualCogA_Task-2,1,-1,-0.07542214660265856,q1_quality_matched,cue_locked,rbf_svm_full_baseline_13_C_1_gamma_scale,VisualCogA_Task-2
72,VisualCogA_Task-2,1,-1,-0.3928872480674195,q1_quality_matched,cue_locked,rbf_svm_full_baseline_13_C_1_gamma_scale,VisualCogA_Task-2
73,VisualCogA_Task-2,1,1,0.24067722004154535,q1_quality_matched,cue_locked,rbf_svm_full_baseline_13_C_1_gamma_scale,VisualCogA_Task-2
74,VisualCogA_Task-2,-1,1,0.2808578717680944,q1_quality_matched,cue_locked,rbf_svm_full_baseline_13_C_1_gamma_scale,VisualCogA_Task-2
75,VisualCogA_Task-2,-1,-1,-0.07415371118048247,q1_quality_matched,cue_locked,rbf_svm_full_baseline_13_C_1_gamma_scale,VisualCogA_Task-2
76,VisualCogA_Task-2,-1,1,0.007606395980595315,q1_quality_matched,cue_locked,rbf_svm_full_baseline_13_C_1_gamma_scale,VisualCogA_Task-2
78,VisualCogA_Task-2,-1,-1,-0.09169586710526861,q1_quality_matched,cue_locked,rbf_svm_full_baseline_13_C_1_gamma_scale,VisualCogA_Task-2
80,VisualCogA_Task-2,-1,-1,-0.436538287442714,q1_quality_matched,cue_locked,rbf_svm_full_baseline_13_C_1_gamma_scale,VisualCogA_Task-2
81,VisualCogA_Task-2,1,-1,-0.41071474121607904,q1_quality_matched,cue_locked,rbf_svm_full_baseline_13_C_1_gamma_scale,VisualCogA_Task-2
82,VisualCogA_Task-2,1,1,0.4093688174848008,q1_quality_matched,cue_locked,rbf_svm_full_baseline_13_C_1_gamma_scale,VisualCogA_Task-2
83,VisualCogA_Task-2,-1,1,0.5714077241803225,q1_quality_matched,cue_locked,rbf_svm_full_baseline_13_C_1_gamma_scale,VisualCogA_Task-2
84,VisualCogA_Task-2,1,1,0.3783220326908009,q1_quality_matched,cue_locked,rbf_svm_full_baseline_13_C_1_gamma_scale,VisualCogA_Task-2
86,VisualCogA_Task-2,-1,1,1.0313879220217497,q1_quality_matched,cue_locked,rbf_svm_full_baseline_13_C_1_gamma_scale,VisualCogA_Task-2
87,VisualCogA_Task-2,1,1,0.12663535796027003,q1_quality_matched,cue_locked,rbf_svm_full_baseline_13_C_1_gamma_scale,VisualCogA_Task-2
88,VisualCogA_Task-2,-1,-1,-0.7566882643740223,q1_quality_matched,cue_locked,rbf_svm_full_baseline_13_C_1_gamma_scale,VisualCogA_Task-2
89,VisualCogA_Task-2,-1,1,0.5895895821059315,q1_quality_matched,cue_locked,rbf_svm_full_baseline_13_C_1_gamma_scale,VisualCogA_Task-2
90,VisualCogA_Task-2,-1,1,0.16486346949768704,q1_quality_matched,cue_locked,rbf_svm_full_baseline_13_C_1_gamma_scale,VisualCogA_Task-2
91,VisualCogA_Task-2,-1,-1,-0.28518245959117516,q1_quality_matched,cue_locked,rbf_svm_full_baseline_13_C_1_gamma_scale,VisualCogA_Task-2
92,VisualCogA_Task-2,1,1,0.39854771390866317,q1_quality_matched,cue_locked,rbf_svm_full_baseline_13_C_1_gamma_scale,VisualCogA_Task-2
94,VisualCogA_Task-2,-1,1,0.902968180825792,q1_quality_matched,cue_locked,rbf_svm_full_baseline_13_C_1_gamma_scale,VisualCogA_Task-2
95,VisualCogA_Task-2,-1,-1,-0.1402532045377669,q1_quality_matched,cue_locked,rbf_svm_full_baseline_13_C_1_gamma_scale,VisualCogA_Task-2
96,VisualCogA_Task-2,-1,1,0.8804959483917182,q1_quality_matched,cue_locked,rbf_svm_full_baseline_13_C_1_gamma_scale,VisualCogA_Task-2
97,VisualCogA_Task-2,-1,1,0.05658986963493917,q1_quality_matched,cue_locked,rbf_svm_full_baseline_13_C_1_gamma_scale,VisualCogA_Task-2
98,VisualCogA_Task-2,-1,1,0.9276162935027809,q1_quality_matched,cue_locked,rbf_svm_full_baseline_13_C_1_gamma_scale,VisualCogA_Task-2
0,VisualCogB_Task-1,-1,-1,0.44175348347759835,q1_quality_matched,cue_locked,logistic_bandpower_only_9_l2_0.1,VisualCogB_Task-1
1,VisualCogB_Task-1,-1,-1,0.4516746386651724,q1_quality_matched,cue_locked,logistic_bandpower_only_9_l2_0.1,VisualCogB_Task-1
2,VisualCogB_Task-1,1,-1,0.45004257347394944,q1_quality_matched,cue_locked,logistic_bandpower_only_9_l2_0.1,VisualCogB_Task-1
3,VisualCogB_Task-1,-1,1,0.5414761242987676,q1_quality_matched,cue_locked,logistic_bandpower_only_9_l2_0.1,VisualCogB_Task-1
4,VisualCogB_Task-1,1,-1,0.4842885565428485,q1_quality_matched,cue_locked,logistic_bandpower_only_9_l2_0.1,VisualCogB_Task-1
6,VisualCogB_Task-1,1,1,0.5349955097590894,q1_quality_matched,cue_locked,logistic_bandpower_only_9_l2_0.1,VisualCogB_Task-1
7,VisualCogB_Task-1,-1,-1,0.4141970543281421,q1_quality_matched,cue_locked,logistic_bandpower_only_9_l2_0.1,VisualCogB_Task-1
8,VisualCogB_Task-1,-1,1,0.5296257250309097,q1_quality_matched,cue_locked,logistic_bandpower_only_9_l2_0.1,VisualCogB_Task-1
9,VisualCogB_Task-1,-1,-1,0.47678006415545715,q1_quality_matched,cue_locked,logistic_bandpower_only_9_l2_0.1,VisualCogB_Task-1
10,VisualCogB_Task-1,1,1,0.5358891386064641,q1_quality_matched,cue_locked,logistic_bandpower_only_9_l2_0.1,VisualCogB_Task-1
11,VisualCogB_Task-1,-1,-1,0.4164138313462506,q1_quality_matched,cue_locked,logistic_bandpower_only_9_l2_0.1,VisualCogB_Task-1
12,VisualCogB_Task-1,1,-1,0.38314546704972124,q1_quality_matched,cue_locked,logistic_bandpower_only_9_l2_0.1,VisualCogB_Task-1
14,VisualCogB_Task-1,-1,-1,0.46379881536455747,q1_quality_matched,cue_locked,logistic_bandpower_only_9_l2_0.1,VisualCogB_Task-1
15,VisualCogB_Task-1,1,1,0.5618056949730283,q1_quality_matched,cue_locked,logistic_bandpower_only_9_l2_0.1,VisualCogB_Task-1
16,VisualCogB_Task-1,-1,1,0.6711644271977101,q1_quality_matched,cue_locked,logistic_bandpower_only_9_l2_0.1,VisualCogB_Task-1
17,VisualCogB_Task-1,-1,1,0.5991103179581705,q1_quality_matched,cue_locked,logistic_bandpower_only_9_l2_0.1,VisualCogB_Task-1
18,VisualCogB_Task-1,1,1,0.5226065602444119,q1_quality_matched,cue_locked,logistic_bandpower_only_9_l2_0.1,VisualCogB_Task-1
19,VisualCogB_Task-1,-1,1,0.5848513413571351,q1_quality_matched,cue_locked,logistic_bandpower_only_9_l2_0.1,VisualCogB_Task-1
20,VisualCogB_Task-1,1,-1,0.4752031942968803,q1_quality_matched,cue_locked,logistic_bandpower_only_9_l2_0.1,VisualCogB_Task-1
21,VisualCogB_Task-1,1,-1,0.2576801556376297,q1_quality_matched,cue_locked,logistic_bandpower_only_9_l2_0.1,VisualCogB_Task-1
23,VisualCogB_Task-1,1,1,0.5109492132556691,q1_quality_matched,cue_locked,logistic_bandpower_only_9_l2_0.1,VisualCogB_Task-1
25,VisualCogB_Task-1,1,-1,0.48861865735700993,q1_quality_matched,cue_locked,logistic_bandpower_only_9_l2_0.1,VisualCogB_Task-1
26,VisualCogB_Task-1,1,1,0.55711698862873,q1_quality_matched,cue_locked,logistic_bandpower_only_9_l2_0.1,VisualCogB_Task-1
27,VisualCogB_Task-1,1,1,0.5971199026163663,q1_quality_matched,cue_locked,logistic_bandpower_only_9_l2_0.1,VisualCogB_Task-1
28,VisualCogB_Task-1,1,-1,0.43358901320417725,q1_quality_matched,cue_locked,logistic_bandpower_only_9_l2_0.1,VisualCogB_Task-1
29,VisualCogB_Task-1,-1,-1,0.4339040884229549,q1_quality_matched,cue_locked,logistic_bandpower_only_9_l2_0.1,VisualCogB_Task-1
30,VisualCogB_Task-1,1,-1,0.3676791592447075,q1_quality_matched,cue_locked,logistic_bandpower_only_9_l2_0.1,VisualCogB_Task-1
31,VisualCogB_Task-1,-1,1,0.6922641951994588,q1_quality_matched,cue_locked,logistic_bandpower_only_9_l2_0.1,VisualCogB_Task-1
32,VisualCogB_Task-1,-1,-1,0.44909639253416905,q1_quality_matched,cue_locked,logistic_bandpower_only_9_l2_0.1,VisualCogB_Task-1
33,VisualCogB_Task-1,1,1,0.5803244437970106,q1_quality_matched,cue_locked,logistic_bandpower_only_9_l2_0.1,VisualCogB_Task-1
34,VisualCogB_Task-1,-1,-1,0.3866193621601947,q1_quality_matched,cue_locked,logistic_bandpower_only_9_l2_0.1,VisualCogB_Task-1
36,VisualCogB_Task-1,-1,-1,0.4222435112296982,q1_quality_matched,cue_locked,logistic_bandpower_only_9_l2_0.1,VisualCogB_Task-1
37,VisualCogB_Task-1,-1,1,0.5655924668006278,q1_quality_matched,cue_locked,logistic_bandpower_only_9_l2_0.1,VisualCogB_Task-1
38,VisualCogB_Task-1,1,1,0.5248992882598809,q1_quality_matched,cue_locked,logistic_bandpower_only_9_l2_0.1,VisualCogB_Task-1
39,VisualCogB_Task-1,1,1,0.5437780619104091,q1_quality_matched,cue_locked,logistic_bandpower_only_9_l2_0.1,VisualCogB_Task-1
40,VisualCogB_Task-1,-1,1,0.5468069312276597,q1_quality_matched,cue_locked,logistic_bandpower_only_9_l2_0.1,VisualCogB_Task-1
41,VisualCogB_Task-1,1,-1,0.4503546717882069,q1_quality_matched,cue_locked,logistic_bandpower_only_9_l2_0.1,VisualCogB_Task-1
42,VisualCogB_Task-1,1,-1,0.42432149202516645,q1_quality_matched,cue_locked,logistic_bandpower_only_9_l2_0.1,VisualCogB_Task-1
43,VisualCogB_Task-1,1,1,0.6054997143917137,q1_quality_matched,cue_locked,logistic_bandpower_only_9_l2_0.1,VisualCogB_Task-1
44,VisualCogB_Task-1,1,-1,0.4696216655852145,q1_quality_matched,cue_locked,logistic_bandpower_only_9_l2_0.1,VisualCogB_Task-1
47,VisualCogB_Task-1,1,-1,0.45173742966798913,q1_quality_matched,cue_locked,logistic_bandpower_only_9_l2_0.1,VisualCogB_Task-1
48,VisualCogB_Task-1,1,1,0.5361052870305669,q1_quality_matched,cue_locked,logistic_bandpower_only_9_l2_0.1,VisualCogB_Task-1
49,VisualCogB_Task-1,-1,-1,0.44609834067743126,q1_quality_matched,cue_locked,logistic_bandpower_only_9_l2_0.1,VisualCogB_Task-1
50,VisualCogB_Task-1,1,1,0.5853389770455829,q1_quality_matched,cue_locked,logistic_bandpower_only_9_l2_0.1,VisualCogB_Task-1
51,VisualCogB_Task-1,-1,-1,0.406773483501375,q1_quality_matched,cue_locked,logistic_bandpower_only_9_l2_0.1,VisualCogB_Task-1
52,VisualCogB_Task-1,1,1,0.5457868781227827,q1_quality_matched,cue_locked,logistic_bandpower_only_9_l2_0.1,VisualCogB_Task-1
54,VisualCogB_Task-1,1,1,0.5817384619460705,q1_quality_matched,cue_locked,logistic_bandpower_only_9_l2_0.1,VisualCogB_Task-1
55,VisualCogB_Task-1,-1,-1,0.4923839435342821,q1_quality_matched,cue_locked,logistic_bandpower_only_9_l2_0.1,VisualCogB_Task-1
56,VisualCogB_Task-1,1,1,0.6105357265291931,q1_quality_matched,cue_locked,logistic_bandpower_only_9_l2_0.1,VisualCogB_Task-1
58,VisualCogB_Task-1,1,-1,0.4437925612508294,q1_quality_matched,cue_locked,logistic_bandpower_only_9_l2_0.1,VisualCogB_Task-1
59,VisualCogB_Task-1,1,1,0.5615807831085046,q1_quality_matched,cue_locked,logistic_bandpower_only_9_l2_0.1,VisualCogB_Task-1
60,VisualCogB_Task-1,-1,1,0.5439083466827778,q1_quality_matched,cue_locked,logistic_bandpower_only_9_l2_0.1,VisualCogB_Task-1
61,VisualCogB_Task-1,-1,1,0.5929624595266003,q1_quality_matched,cue_locked,logistic_bandpower_only_9_l2_0.1,VisualCogB_Task-1
63,VisualCogB_Task-1,-1,1,0.5392880388940013,q1_quality_matched,cue_locked,logistic_bandpower_only_9_l2_0.1,VisualCogB_Task-1
64,VisualCogB_Task-1,-1,1,0.62841160502393,q1_quality_matched,cue_locked,logistic_bandpower_only_9_l2_0.1,VisualCogB_Task-1
66,VisualCogB_Task-1,1,-1,0.47470992828442055,q1_quality_matched,cue_locked,logistic_bandpower_only_9_l2_0.1,VisualCogB_Task-1
67,VisualCogB_Task-1,1,1,0.6370399968621303,q1_quality_matched,cue_locked,logistic_bandpower_only_9_l2_0.1,VisualCogB_Task-1
68,VisualCogB_Task-1,-1,1,0.5467988296375554,q1_quality_matched,cue_locked,logistic_bandpower_only_9_l2_0.1,VisualCogB_Task-1
69,VisualCogB_Task-1,-1,-1,0.39656593311888966,q1_quality_matched,cue_locked,logistic_bandpower_only_9_l2_0.1,VisualCogB_Task-1
71,VisualCogB_Task-1,1,-1,0.4576969601339569,q1_quality_matched,cue_locked,logistic_bandpower_only_9_l2_0.1,VisualCogB_Task-1
72,VisualCogB_Task-1,-1,1,0.5464017284086613,q1_quality_matched,cue_locked,logistic_bandpower_only_9_l2_0.1,VisualCogB_Task-1
73,VisualCogB_Task-1,-1,1,0.6308548232544464,q1_quality_matched,cue_locked,logistic_bandpower_only_9_l2_0.1,VisualCogB_Task-1
74,VisualCogB_Task-1,1,-1,0.3647700450011444,q1_quality_matched,cue_locked,logistic_bandpower_only_9_l2_0.1,VisualCogB_Task-1
75,VisualCogB_Task-1,-1,1,0.5092869632614361,q1_quality_matched,cue_locked,logistic_bandpower_only_9_l2_0.1,VisualCogB_Task-1
76,VisualCogB_Task-1,-1,1,0.6479960644234494,q1_quality_matched,cue_locked,logistic_bandpower_only_9_l2_0.1,VisualCogB_Task-1
78,VisualCogB_Task-1,1,-1,0.49392360326406,q1_quality_matched,cue_locked,logistic_bandpower_only_9_l2_0.1,VisualCogB_Task-1
79,VisualCogB_Task-1,-1,-1,0.4013591286738327,q1_quality_matched,cue_locked,logistic_bandpower_only_9_l2_0.1,VisualCogB_Task-1
80,VisualCogB_Task-1,-1,-1,0.4862472220391783,q1_quality_matched,cue_locked,logistic_bandpower_only_9_l2_0.1,VisualCogB_Task-1
81,VisualCogB_Task-1,1,-1,0.3923167831649082,q1_quality_matched,cue_locked,logistic_bandpower_only_9_l2_0.1,VisualCogB_Task-1
82,VisualCogB_Task-1,-1,1,0.5963233825927243,q1_quality_matched,cue_locked,logistic_bandpower_only_9_l2_0.1,VisualCogB_Task-1
83,VisualCogB_Task-1,-1,1,0.5168846947523517,q1_quality_matched,cue_locked,logistic_bandpower_only_9_l2_0.1,VisualCogB_Task-1
85,VisualCogB_Task-1,-1,-1,0.46532441417275006,q1_quality_matched,cue_locked,logistic_bandpower_only_9_l2_0.1,VisualCogB_Task-1
86,VisualCogB_Task-1,-1,1,0.5173563584566583,q1_quality_matched,cue_locked,logistic_bandpower_only_9_l2_0.1,VisualCogB_Task-1
88,VisualCogB_Task-1,-1,-1,0.337891289170739,q1_quality_matched,cue_locked,logistic_bandpower_only_9_l2_0.1,VisualCogB_Task-1
89,VisualCogB_Task-1,-1,-1,0.4750714143166658,q1_quality_matched,cue_locked,logistic_bandpower_only_9_l2_0.1,VisualCogB_Task-1
90,VisualCogB_Task-1,1,-1,0.48169397220769494,q1_quality_matched,cue_locked,logistic_bandpower_only_9_l2_0.1,VisualCogB_Task-1
92,VisualCogB_Task-1,-1,-1,0.48481142726123655,q1_quality_matched,cue_locked,logistic_bandpower_only_9_l2_0.1,VisualCogB_Task-1
93,VisualCogB_Task-1,1,1,0.5315355946193827,q1_quality_matched,cue_locked,logistic_bandpower_only_9_l2_0.1,VisualCogB_Task-1
94,VisualCogB_Task-1,-1,1,0.574203148767982,q1_quality_matched,cue_locked,logistic_bandpower_only_9_l2_0.1,VisualCogB_Task-1
95,VisualCogB_Task-1,1,-1,0.4660760900709423,q1_quality_matched,cue_locked,logistic_bandpower_only_9_l2_0.1,VisualCogB_Task-1
97,VisualCogB_Task-1,1,1,0.6062329893000481,q1_quality_matched,cue_locked,logistic_bandpower_only_9_l2_0.1,VisualCogB_Task-1
98,VisualCogB_Task-1,1,-1,0.36826569994282266,q1_quality_matched,cue_locked,logistic_bandpower_only_9_l2_0.1,VisualCogB_Task-1
99,VisualCogB_Task-1,1,1,0.5331974893618666,q1_quality_matched,cue_locked,logistic_bandpower_only_9_l2_0.1,VisualCogB_Task-1
0,VisualCogB_Task-2,-1,-1,0.48642349973636834,q1_quality_matched,cue_locked,logistic_erp_only_3_l2_10,VisualCogB_Task-2
2,VisualCogB_Task-2,-1,-1,0.4686112808968809,q1_quality_matched,cue_locked,logistic_erp_only_3_l2_10,VisualCogB_Task-2
3,VisualCogB_Task-2,1,-1,0.4777821361133132,q1_quality_matched,cue_locked,logistic_erp_only_3_l2_10,VisualCogB_Task-2
4,VisualCogB_Task-2,-1,-1,0.4935530496916671,q1_quality_matched,cue_locked,logistic_erp_only_3_l2_10,VisualCogB_Task-2
5,VisualCogB_Task-2,1,1,0.5185527708640625,q1_quality_matched,cue_locked,logistic_erp_only_3_l2_10,VisualCogB_Task-2
7,VisualCogB_Task-2,1,1,0.5226437337944583,q1_quality_matched,cue_locked,logistic_erp_only_3_l2_10,VisualCogB_Task-2
8,VisualCogB_Task-2,1,-1,0.46831586479503595,q1_quality_matched,cue_locked,logistic_erp_only_3_l2_10,VisualCogB_Task-2
10,VisualCogB_Task-2,1,-1,0.48932352093461257,q1_quality_matched,cue_locked,logistic_erp_only_3_l2_10,VisualCogB_Task-2
11,VisualCogB_Task-2,1,1,0.511696607668333,q1_quality_matched,cue_locked,logistic_erp_only_3_l2_10,VisualCogB_Task-2
12,VisualCogB_Task-2,1,1,0.5099747713783893,q1_quality_matched,cue_locked,logistic_erp_only_3_l2_10,VisualCogB_Task-2
16,VisualCogB_Task-2,-1,1,0.5219687981577097,q1_quality_matched,cue_locked,logistic_erp_only_3_l2_10,VisualCogB_Task-2
17,VisualCogB_Task-2,1,-1,0.4453645772674246,q1_quality_matched,cue_locked,logistic_erp_only_3_l2_10,VisualCogB_Task-2
18,VisualCogB_Task-2,1,-1,0.45952655367057477,q1_quality_matched,cue_locked,logistic_erp_only_3_l2_10,VisualCogB_Task-2
20,VisualCogB_Task-2,1,-1,0.47828526386564313,q1_quality_matched,cue_locked,logistic_erp_only_3_l2_10,VisualCogB_Task-2
21,VisualCogB_Task-2,1,1,0.5107019051507412,q1_quality_matched,cue_locked,logistic_erp_only_3_l2_10,VisualCogB_Task-2
23,VisualCogB_Task-2,-1,-1,0.46590169726463015,q1_quality_matched,cue_locked,logistic_erp_only_3_l2_10,VisualCogB_Task-2
24,VisualCogB_Task-2,-1,-1,0.4327045373156269,q1_quality_matched,cue_locked,logistic_erp_only_3_l2_10,VisualCogB_Task-2
25,VisualCogB_Task-2,1,-1,0.46804437369339563,q1_quality_matched,cue_locked,logistic_erp_only_3_l2_10,VisualCogB_Task-2
26,VisualCogB_Task-2,-1,-1,0.3502437149316356,q1_quality_matched,cue_locked,logistic_erp_only_3_l2_10,VisualCogB_Task-2
27,VisualCogB_Task-2,-1,-1,0.4629744991124772,q1_quality_matched,cue_locked,logistic_erp_only_3_l2_10,VisualCogB_Task-2
28,VisualCogB_Task-2,-1,-1,0.43556176885395487,q1_quality_matched,cue_locked,logistic_erp_only_3_l2_10,VisualCogB_Task-2
29,VisualCogB_Task-2,1,-1,0.4518234164880557,q1_quality_matched,cue_locked,logistic_erp_only_3_l2_10,VisualCogB_Task-2
30,VisualCogB_Task-2,1,1,0.5036903144217225,q1_quality_matched,cue_locked,logistic_erp_only_3_l2_10,VisualCogB_Task-2
31,VisualCogB_Task-2,1,-1,0.4061004885920944,q1_quality_matched,cue_locked,logistic_erp_only_3_l2_10,VisualCogB_Task-2
32,VisualCogB_Task-2,1,-1,0.468999771825584,q1_quality_matched,cue_locked,logistic_erp_only_3_l2_10,VisualCogB_Task-2
33,VisualCogB_Task-2,1,-1,0.4503998532593705,q1_quality_matched,cue_locked,logistic_erp_only_3_l2_10,VisualCogB_Task-2
34,VisualCogB_Task-2,-1,-1,0.42369395770265234,q1_quality_matched,cue_locked,logistic_erp_only_3_l2_10,VisualCogB_Task-2
35,VisualCogB_Task-2,1,1,0.5192236391437913,q1_quality_matched,cue_locked,logistic_erp_only_3_l2_10,VisualCogB_Task-2
36,VisualCogB_Task-2,-1,-1,0.4711821063117522,q1_quality_matched,cue_locked,logistic_erp_only_3_l2_10,VisualCogB_Task-2
37,VisualCogB_Task-2,-1,1,0.54306635204464,q1_quality_matched,cue_locked,logistic_erp_only_3_l2_10,VisualCogB_Task-2
38,VisualCogB_Task-2,1,-1,0.445503763645345,q1_quality_matched,cue_locked,logistic_erp_only_3_l2_10,VisualCogB_Task-2
39,VisualCogB_Task-2,1,-1,0.42850995526246805,q1_quality_matched,cue_locked,logistic_erp_only_3_l2_10,VisualCogB_Task-2
40,VisualCogB_Task-2,1,1,0.5613286673515032,q1_quality_matched,cue_locked,logistic_erp_only_3_l2_10,VisualCogB_Task-2
41,VisualCogB_Task-2,-1,-1,0.43583844881683587,q1_quality_matched,cue_locked,logistic_erp_only_3_l2_10,VisualCogB_Task-2
43,VisualCogB_Task-2,1,-1,0.4576728205782741,q1_quality_matched,cue_locked,logistic_erp_only_3_l2_10,VisualCogB_Task-2
44,VisualCogB_Task-2,-1,1,0.5242352383696638,q1_quality_matched,cue_locked,logistic_erp_only_3_l2_10,VisualCogB_Task-2
45,VisualCogB_Task-2,-1,-1,0.4746564508253052,q1_quality_matched,cue_locked,logistic_erp_only_3_l2_10,VisualCogB_Task-2
46,VisualCogB_Task-2,1,-1,0.43153643200762515,q1_quality_matched,cue_locked,logistic_erp_only_3_l2_10,VisualCogB_Task-2
47,VisualCogB_Task-2,-1,-1,0.42923423630685464,q1_quality_matched,cue_locked,logistic_erp_only_3_l2_10,VisualCogB_Task-2
48,VisualCogB_Task-2,1,-1,0.4010437279334673,q1_quality_matched,cue_locked,logistic_erp_only_3_l2_10,VisualCogB_Task-2
50,VisualCogB_Task-2,-1,-1,0.4155398107389925,q1_quality_matched,cue_locked,logistic_erp_only_3_l2_10,VisualCogB_Task-2
51,VisualCogB_Task-2,-1,-1,0.4920798074534399,q1_quality_matched,cue_locked,logistic_erp_only_3_l2_10,VisualCogB_Task-2
52,VisualCogB_Task-2,1,-1,0.467338734150806,q1_quality_matched,cue_locked,logistic_erp_only_3_l2_10,VisualCogB_Task-2
54,VisualCogB_Task-2,1,-1,0.4979935089173869,q1_quality_matched,cue_locked,logistic_erp_only_3_l2_10,VisualCogB_Task-2
57,VisualCogB_Task-2,-1,-1,0.4945075766586625,q1_quality_matched,cue_locked,logistic_erp_only_3_l2_10,VisualCogB_Task-2
59,VisualCogB_Task-2,-1,-1,0.42944203247146456,q1_quality_matched,cue_locked,logistic_erp_only_3_l2_10,VisualCogB_Task-2
60,VisualCogB_Task-2,-1,-1,0.4805048884409888,q1_quality_matched,cue_locked,logistic_erp_only_3_l2_10,VisualCogB_Task-2
61,VisualCogB_Task-2,1,-1,0.44931126800028065,q1_quality_matched,cue_locked,logistic_erp_only_3_l2_10,VisualCogB_Task-2
62,VisualCogB_Task-2,-1,-1,0.4318950992039171,q1_quality_matched,cue_locked,logistic_erp_only_3_l2_10,VisualCogB_Task-2
63,VisualCogB_Task-2,-1,-1,0.4275823596532648,q1_quality_matched,cue_locked,logistic_erp_only_3_l2_10,VisualCogB_Task-2
64,VisualCogB_Task-2,1,-1,0.4720873570339922,q1_quality_matched,cue_locked,logistic_erp_only_3_l2_10,VisualCogB_Task-2
66,VisualCogB_Task-2,1,-1,0.40979111740953605,q1_quality_matched,cue_locked,logistic_erp_only_3_l2_10,VisualCogB_Task-2
67,VisualCogB_Task-2,1,1,0.5034377558795506,q1_quality_matched,cue_locked,logistic_erp_only_3_l2_10,VisualCogB_Task-2
68,VisualCogB_Task-2,-1,-1,0.4678305311595778,q1_quality_matched,cue_locked,logistic_erp_only_3_l2_10,VisualCogB_Task-2
69,VisualCogB_Task-2,-1,1,0.5451477882643188,q1_quality_matched,cue_locked,logistic_erp_only_3_l2_10,VisualCogB_Task-2
70,VisualCogB_Task-2,1,-1,0.4095255450026543,q1_quality_matched,cue_locked,logistic_erp_only_3_l2_10,VisualCogB_Task-2
71,VisualCogB_Task-2,1,-1,0.4242287604573823,q1_quality_matched,cue_locked,logistic_erp_only_3_l2_10,VisualCogB_Task-2
72,VisualCogB_Task-2,1,1,0.505921949137005,q1_quality_matched,cue_locked,logistic_erp_only_3_l2_10,VisualCogB_Task-2
73,VisualCogB_Task-2,-1,-1,0.42771847644636035,q1_quality_matched,cue_locked,logistic_erp_only_3_l2_10,VisualCogB_Task-2
74,VisualCogB_Task-2,-1,-1,0.40131898129924937,q1_quality_matched,cue_locked,logistic_erp_only_3_l2_10,VisualCogB_Task-2
75,VisualCogB_Task-2,1,-1,0.3810764104980749,q1_quality_matched,cue_locked,logistic_erp_only_3_l2_10,VisualCogB_Task-2
76,VisualCogB_Task-2,1,-1,0.45065514644966226,q1_quality_matched,cue_locked,logistic_erp_only_3_l2_10,VisualCogB_Task-2
77,VisualCogB_Task-2,-1,1,0.5229301861473074,q1_quality_matched,cue_locked,logistic_erp_only_3_l2_10,VisualCogB_Task-2
79,VisualCogB_Task-2,-1,-1,0.44276761293755174,q1_quality_matched,cue_locked,logistic_erp_only_3_l2_10,VisualCogB_Task-2
82,VisualCogB_Task-2,1,-1,0.4854132904853141,q1_quality_matched,cue_locked,logistic_erp_only_3_l2_10,VisualCogB_Task-2
83,VisualCogB_Task-2,-1,1,0.5015923297864795,q1_quality_matched,cue_locked,logistic_erp_only_3_l2_10,VisualCogB_Task-2
85,VisualCogB_Task-2,1,-1,0.45182948205295165,q1_quality_matched,cue_locked,logistic_erp_only_3_l2_10,VisualCogB_Task-2
86,VisualCogB_Task-2,-1,-1,0.4361968665924805,q1_quality_matched,cue_locked,logistic_erp_only_3_l2_10,VisualCogB_Task-2
87,VisualCogB_Task-2,1,1,0.5068512653540319,q1_quality_matched,cue_locked,logistic_erp_only_3_l2_10,VisualCogB_Task-2
88,VisualCogB_Task-2,-1,-1,0.37698982138366105,q1_quality_matched,cue_locked,logistic_erp_only_3_l2_10,VisualCogB_Task-2
89,VisualCogB_Task-2,1,-1,0.4513625129345915,q1_quality_matched,cue_locked,logistic_erp_only_3_l2_10,VisualCogB_Task-2
91,VisualCogB_Task-2,-1,1,0.5470295734444616,q1_quality_matched,cue_locked,logistic_erp_only_3_l2_10,VisualCogB_Task-2
92,VisualCogB_Task-2,1,-1,0.4600010768062725,q1_quality_matched,cue_locked,logistic_erp_only_3_l2_10,VisualCogB_Task-2
93,VisualCogB_Task-2,-1,-1,0.4739247797068846,q1_quality_matched,cue_locked,logistic_erp_only_3_l2_10,VisualCogB_Task-2
94,VisualCogB_Task-2,1,-1,0.44364179402746096,q1_quality_matched,cue_locked,logistic_erp_only_3_l2_10,VisualCogB_Task-2
95,VisualCogB_Task-2,1,-1,0.3027362510533336,q1_quality_matched,cue_locked,logistic_erp_only_3_l2_10,VisualCogB_Task-2
96,VisualCogB_Task-2,-1,1,0.5133801957335693,q1_quality_matched,cue_locked,logistic_erp_only_3_l2_10,VisualCogB_Task-2
97,VisualCogB_Task-2,-1,-1,0.4587745603582153,q1_quality_matched,cue_locked,logistic_erp_only_3_l2_10,VisualCogB_Task-2
98,VisualCogB_Task-2,1,-1,0.49171660477388307,q1_quality_matched,cue_locked,logistic_erp_only_3_l2_10,VisualCogB_Task-2
99,VisualCogB_Task-2,-1,1,0.5141881236952306,q1_quality_matched,cue_locked,logistic_erp_only_3_l2_10,VisualCogB_Task-2
0,VisualCogA_Task-1,-1,-1,0.48550740756781635,q1_quality_matched,target_locked,logistic_bandpower_only_9_l2_100,VisualCogA_Task-1
1,VisualCogA_Task-1,1,-1,0.44396704455483127,q1_quality_matched,target_locked,logistic_bandpower_only_9_l2_100,VisualCogA_Task-1
4,VisualCogA_Task-1,1,1,0.6640396092268696,q1_quality_matched,target_locked,logistic_bandpower_only_9_l2_100,VisualCogA_Task-1
5,VisualCogA_Task-1,-1,1,0.5569949323261715,q1_quality_matched,target_locked,logistic_bandpower_only_9_l2_100,VisualCogA_Task-1
6,VisualCogA_Task-1,-1,-1,0.4805199867169152,q1_quality_matched,target_locked,logistic_bandpower_only_9_l2_100,VisualCogA_Task-1
7,VisualCogA_Task-1,-1,-1,0.498521011343127,q1_quality_matched,target_locked,logistic_bandpower_only_9_l2_100,VisualCogA_Task-1
8,VisualCogA_Task-1,1,1,0.5540162384198818,q1_quality_matched,target_locked,logistic_bandpower_only_9_l2_100,VisualCogA_Task-1
9,VisualCogA_Task-1,1,1,0.5126818374163032,q1_quality_matched,target_locked,logistic_bandpower_only_9_l2_100,VisualCogA_Task-1
10,VisualCogA_Task-1,1,-1,0.4026636496742444,q1_quality_matched,target_locked,logistic_bandpower_only_9_l2_100,VisualCogA_Task-1
11,VisualCogA_Task-1,1,-1,0.3978754881899563,q1_quality_matched,target_locked,logistic_bandpower_only_9_l2_100,VisualCogA_Task-1
12,VisualCogA_Task-1,-1,-1,0.4606333047905446,q1_quality_matched,target_locked,logistic_bandpower_only_9_l2_100,VisualCogA_Task-1
15,VisualCogA_Task-1,-1,1,0.5623739635807123,q1_quality_matched,target_locked,logistic_bandpower_only_9_l2_100,VisualCogA_Task-1
16,VisualCogA_Task-1,1,-1,0.4613405815746705,q1_quality_matched,target_locked,logistic_bandpower_only_9_l2_100,VisualCogA_Task-1
17,VisualCogA_Task-1,-1,1,0.5530317585544201,q1_quality_matched,target_locked,logistic_bandpower_only_9_l2_100,VisualCogA_Task-1
20,VisualCogA_Task-1,-1,1,0.5002052685865106,q1_quality_matched,target_locked,logistic_bandpower_only_9_l2_100,VisualCogA_Task-1
23,VisualCogA_Task-1,-1,1,0.5162220622146627,q1_quality_matched,target_locked,logistic_bandpower_only_9_l2_100,VisualCogA_Task-1
24,VisualCogA_Task-1,-1,1,0.5102375519441252,q1_quality_matched,target_locked,logistic_bandpower_only_9_l2_100,VisualCogA_Task-1
28,VisualCogA_Task-1,-1,-1,0.45441104939149846,q1_quality_matched,target_locked,logistic_bandpower_only_9_l2_100,VisualCogA_Task-1
29,VisualCogA_Task-1,-1,1,0.5179715029984425,q1_quality_matched,target_locked,logistic_bandpower_only_9_l2_100,VisualCogA_Task-1
30,VisualCogA_Task-1,-1,1,0.5297696004423664,q1_quality_matched,target_locked,logistic_bandpower_only_9_l2_100,VisualCogA_Task-1
31,VisualCogA_Task-1,1,-1,0.4407490848185252,q1_quality_matched,target_locked,logistic_bandpower_only_9_l2_100,VisualCogA_Task-1
32,VisualCogA_Task-1,1,1,0.5403826035034139,q1_quality_matched,target_locked,logistic_bandpower_only_9_l2_100,VisualCogA_Task-1
33,VisualCogA_Task-1,-1,-1,0.3969085063429212,q1_quality_matched,target_locked,logistic_bandpower_only_9_l2_100,VisualCogA_Task-1
34,VisualCogA_Task-1,1,-1,0.49047643712094335,q1_quality_matched,target_locked,logistic_bandpower_only_9_l2_100,VisualCogA_Task-1
37,VisualCogA_Task-1,-1,1,0.5014813185733266,q1_quality_matched,target_locked,logistic_bandpower_only_9_l2_100,VisualCogA_Task-1
41,VisualCogA_Task-1,1,1,0.5476161314606909,q1_quality_matched,target_locked,logistic_bandpower_only_9_l2_100,VisualCogA_Task-1
44,VisualCogA_Task-1,-1,1,0.5368220413356939,q1_quality_matched,target_locked,logistic_bandpower_only_9_l2_100,VisualCogA_Task-1
46,VisualCogA_Task-1,-1,-1,0.4404845901969794,q1_quality_matched,target_locked,logistic_bandpower_only_9_l2_100,VisualCogA_Task-1
48,VisualCogA_Task-1,-1,1,0.5293328501553304,q1_quality_matched,target_locked,logistic_bandpower_only_9_l2_100,VisualCogA_Task-1
49,VisualCogA_Task-1,-1,1,0.5456588795390521,q1_quality_matched,target_locked,logistic_bandpower_only_9_l2_100,VisualCogA_Task-1
50,VisualCogA_Task-1,1,1,0.5751444009866479,q1_quality_matched,target_locked,logistic_bandpower_only_9_l2_100,VisualCogA_Task-1
54,VisualCogA_Task-1,1,-1,0.48967079884259695,q1_quality_matched,target_locked,logistic_bandpower_only_9_l2_100,VisualCogA_Task-1
55,VisualCogA_Task-1,-1,-1,0.4963350525384602,q1_quality_matched,target_locked,logistic_bandpower_only_9_l2_100,VisualCogA_Task-1
57,VisualCogA_Task-1,1,1,0.5572964491170672,q1_quality_matched,target_locked,logistic_bandpower_only_9_l2_100,VisualCogA_Task-1
60,VisualCogA_Task-1,1,-1,0.4645996735617865,q1_quality_matched,target_locked,logistic_bandpower_only_9_l2_100,VisualCogA_Task-1
64,VisualCogA_Task-1,-1,1,0.5877300231197828,q1_quality_matched,target_locked,logistic_bandpower_only_9_l2_100,VisualCogA_Task-1
66,VisualCogA_Task-1,-1,1,0.5456015752300956,q1_quality_matched,target_locked,logistic_bandpower_only_9_l2_100,VisualCogA_Task-1
68,VisualCogA_Task-1,1,1,0.5256117179473223,q1_quality_matched,target_locked,logistic_bandpower_only_9_l2_100,VisualCogA_Task-1
69,VisualCogA_Task-1,1,1,0.5189838915200272,q1_quality_matched,target_locked,logistic_bandpower_only_9_l2_100,VisualCogA_Task-1
71,VisualCogA_Task-1,1,-1,0.4506717659171505,q1_quality_matched,target_locked,logistic_bandpower_only_9_l2_100,VisualCogA_Task-1
72,VisualCogA_Task-1,-1,-1,0.4598199119855378,q1_quality_matched,target_locked,logistic_bandpower_only_9_l2_100,VisualCogA_Task-1
73,VisualCogA_Task-1,1,-1,0.395969909796604,q1_quality_matched,target_locked,logistic_bandpower_only_9_l2_100,VisualCogA_Task-1
74,VisualCogA_Task-1,-1,-1,0.49592897234459427,q1_quality_matched,target_locked,logistic_bandpower_only_9_l2_100,VisualCogA_Task-1
75,VisualCogA_Task-1,1,-1,0.4698107972279456,q1_quality_matched,target_locked,logistic_bandpower_only_9_l2_100,VisualCogA_Task-1
78,VisualCogA_Task-1,-1,-1,0.4636716130485998,q1_quality_matched,target_locked,logistic_bandpower_only_9_l2_100,VisualCogA_Task-1
79,VisualCogA_Task-1,-1,-1,0.4854999640817074,q1_quality_matched,target_locked,logistic_bandpower_only_9_l2_100,VisualCogA_Task-1
81,VisualCogA_Task-1,1,1,0.598299427312784,q1_quality_matched,target_locked,logistic_bandpower_only_9_l2_100,VisualCogA_Task-1
84,VisualCogA_Task-1,-1,1,0.5115983712615922,q1_quality_matched,target_locked,logistic_bandpower_only_9_l2_100,VisualCogA_Task-1
89,VisualCogA_Task-1,1,1,0.5437158570935227,q1_quality_matched,target_locked,logistic_bandpower_only_9_l2_100,VisualCogA_Task-1
90,VisualCogA_Task-1,-1,-1,0.4624929861830857,q1_quality_matched,target_locked,logistic_bandpower_only_9_l2_100,VisualCogA_Task-1
91,VisualCogA_Task-1,1,-1,0.46865842069975416,q1_quality_matched,target_locked,logistic_bandpower_only_9_l2_100,VisualCogA_Task-1
93,VisualCogA_Task-1,1,1,0.5239213663087853,q1_quality_matched,target_locked,logistic_bandpower_only_9_l2_100,VisualCogA_Task-1
94,VisualCogA_Task-1,-1,1,0.5197073395762536,q1_quality_matched,target_locked,logistic_bandpower_only_9_l2_100,VisualCogA_Task-1
99,VisualCogA_Task-1,1,-1,0.45922941084999563,q1_quality_matched,target_locked,logistic_bandpower_only_9_l2_100,VisualCogA_Task-1
0,VisualCogA_Task-2,1,-1,0.4299225966748257,q1_quality_matched,target_locked,shrinkage_lda_bandpower_only_9,VisualCogA_Task-2
1,VisualCogA_Task-2,-1,-1,0.40117398776070445,q1_quality_matched,target_locked,shrinkage_lda_bandpower_only_9,VisualCogA_Task-2
2,VisualCogA_Task-2,-1,-1,0.37357272743610304,q1_quality_matched,target_locked,shrinkage_lda_bandpower_only_9,VisualCogA_Task-2
3,VisualCogA_Task-2,-1,-1,0.3715854669305028,q1_quality_matched,target_locked,shrinkage_lda_bandpower_only_9,VisualCogA_Task-2
4,VisualCogA_Task-2,1,-1,0.38552065556933746,q1_quality_matched,target_locked,shrinkage_lda_bandpower_only_9,VisualCogA_Task-2
5,VisualCogA_Task-2,-1,1,0.5988741364586052,q1_quality_matched,target_locked,shrinkage_lda_bandpower_only_9,VisualCogA_Task-2
6,VisualCogA_Task-2,1,-1,0.472357738771597,q1_quality_matched,target_locked,shrinkage_lda_bandpower_only_9,VisualCogA_Task-2
7,VisualCogA_Task-2,1,-1,0.4069966457489342,q1_quality_matched,target_locked,shrinkage_lda_bandpower_only_9,VisualCogA_Task-2
8,VisualCogA_Task-2,-1,-1,0.4362867188779956,q1_quality_matched,target_locked,shrinkage_lda_bandpower_only_9,VisualCogA_Task-2
9,VisualCogA_Task-2,-1,-1,0.37166979450291865,q1_quality_matched,target_locked,shrinkage_lda_bandpower_only_9,VisualCogA_Task-2
10,VisualCogA_Task-2,1,-1,0.4494495183075509,q1_quality_matched,target_locked,shrinkage_lda_bandpower_only_9,VisualCogA_Task-2
11,VisualCogA_Task-2,1,1,0.5034498293694767,q1_quality_matched,target_locked,shrinkage_lda_bandpower_only_9,VisualCogA_Task-2
12,VisualCogA_Task-2,1,-1,0.27304034109589975,q1_quality_matched,target_locked,shrinkage_lda_bandpower_only_9,VisualCogA_Task-2
13,VisualCogA_Task-2,-1,-1,0.4342185109946482,q1_quality_matched,target_locked,shrinkage_lda_bandpower_only_9,VisualCogA_Task-2
14,VisualCogA_Task-2,-1,-1,0.39919773738763487,q1_quality_matched,target_locked,shrinkage_lda_bandpower_only_9,VisualCogA_Task-2
15,VisualCogA_Task-2,-1,-1,0.26346334707900576,q1_quality_matched,target_locked,shrinkage_lda_bandpower_only_9,VisualCogA_Task-2
16,VisualCogA_Task-2,1,1,0.6406344862318213,q1_quality_matched,target_locked,shrinkage_lda_bandpower_only_9,VisualCogA_Task-2
17,VisualCogA_Task-2,1,-1,0.38070397898424,q1_quality_matched,target_locked,shrinkage_lda_bandpower_only_9,VisualCogA_Task-2
18,VisualCogA_Task-2,-1,-1,0.34373236736794693,q1_quality_matched,target_locked,shrinkage_lda_bandpower_only_9,VisualCogA_Task-2
19,VisualCogA_Task-2,-1,-1,0.43546881087785416,q1_quality_matched,target_locked,shrinkage_lda_bandpower_only_9,VisualCogA_Task-2
20,VisualCogA_Task-2,1,-1,0.18729087561296193,q1_quality_matched,target_locked,shrinkage_lda_bandpower_only_9,VisualCogA_Task-2
21,VisualCogA_Task-2,-1,-1,0.41352440284567465,q1_quality_matched,target_locked,shrinkage_lda_bandpower_only_9,VisualCogA_Task-2
23,VisualCogA_Task-2,1,1,0.6225472416918288,q1_quality_matched,target_locked,shrinkage_lda_bandpower_only_9,VisualCogA_Task-2
24,VisualCogA_Task-2,-1,-1,0.3788436009700945,q1_quality_matched,target_locked,shrinkage_lda_bandpower_only_9,VisualCogA_Task-2
25,VisualCogA_Task-2,-1,-1,0.2790717020716221,q1_quality_matched,target_locked,shrinkage_lda_bandpower_only_9,VisualCogA_Task-2
26,VisualCogA_Task-2,1,-1,0.4759643341624083,q1_quality_matched,target_locked,shrinkage_lda_bandpower_only_9,VisualCogA_Task-2
27,VisualCogA_Task-2,1,-1,0.49625060054238107,q1_quality_matched,target_locked,shrinkage_lda_bandpower_only_9,VisualCogA_Task-2
28,VisualCogA_Task-2,1,1,0.51005225349898,q1_quality_matched,target_locked,shrinkage_lda_bandpower_only_9,VisualCogA_Task-2
31,VisualCogA_Task-2,-1,-1,0.3429862498447713,q1_quality_matched,target_locked,shrinkage_lda_bandpower_only_9,VisualCogA_Task-2
35,VisualCogA_Task-2,1,1,0.5200854355668685,q1_quality_matched,target_locked,shrinkage_lda_bandpower_only_9,VisualCogA_Task-2
36,VisualCogA_Task-2,1,-1,0.45188936984691863,q1_quality_matched,target_locked,shrinkage_lda_bandpower_only_9,VisualCogA_Task-2
37,VisualCogA_Task-2,-1,-1,0.4831793259969207,q1_quality_matched,target_locked,shrinkage_lda_bandpower_only_9,VisualCogA_Task-2
39,VisualCogA_Task-2,-1,1,0.5744992032982996,q1_quality_matched,target_locked,shrinkage_lda_bandpower_only_9,VisualCogA_Task-2
41,VisualCogA_Task-2,-1,1,0.5907984844066412,q1_quality_matched,target_locked,shrinkage_lda_bandpower_only_9,VisualCogA_Task-2
43,VisualCogA_Task-2,-1,-1,0.4401419496799395,q1_quality_matched,target_locked,shrinkage_lda_bandpower_only_9,VisualCogA_Task-2
45,VisualCogA_Task-2,-1,-1,0.2620376417313148,q1_quality_matched,target_locked,shrinkage_lda_bandpower_only_9,VisualCogA_Task-2
46,VisualCogA_Task-2,-1,1,0.6047327351875368,q1_quality_matched,target_locked,shrinkage_lda_bandpower_only_9,VisualCogA_Task-2
47,VisualCogA_Task-2,-1,1,0.5356607431898451,q1_quality_matched,target_locked,shrinkage_lda_bandpower_only_9,VisualCogA_Task-2
48,VisualCogA_Task-2,1,-1,0.473874667709923,q1_quality_matched,target_locked,shrinkage_lda_bandpower_only_9,VisualCogA_Task-2
49,VisualCogA_Task-2,1,-1,0.41160650224558765,q1_quality_matched,target_locked,shrinkage_lda_bandpower_only_9,VisualCogA_Task-2
51,VisualCogA_Task-2,1,1,0.5576580381567817,q1_quality_matched,target_locked,shrinkage_lda_bandpower_only_9,VisualCogA_Task-2
52,VisualCogA_Task-2,1,-1,0.38212760417364483,q1_quality_matched,target_locked,shrinkage_lda_bandpower_only_9,VisualCogA_Task-2
53,VisualCogA_Task-2,-1,-1,0.479204970532411,q1_quality_matched,target_locked,shrinkage_lda_bandpower_only_9,VisualCogA_Task-2
54,VisualCogA_Task-2,-1,1,0.5924508698277152,q1_quality_matched,target_locked,shrinkage_lda_bandpower_only_9,VisualCogA_Task-2
55,VisualCogA_Task-2,1,-1,0.4105802778628154,q1_quality_matched,target_locked,shrinkage_lda_bandpower_only_9,VisualCogA_Task-2
56,VisualCogA_Task-2,1,1,0.7733579656252695,q1_quality_matched,target_locked,shrinkage_lda_bandpower_only_9,VisualCogA_Task-2
57,VisualCogA_Task-2,1,-1,0.3236170912954213,q1_quality_matched,target_locked,shrinkage_lda_bandpower_only_9,VisualCogA_Task-2
58,VisualCogA_Task-2,1,1,0.6545279012167956,q1_quality_matched,target_locked,shrinkage_lda_bandpower_only_9,VisualCogA_Task-2
60,VisualCogA_Task-2,-1,1,0.644230925402106,q1_quality_matched,target_locked,shrinkage_lda_bandpower_only_9,VisualCogA_Task-2
63,VisualCogA_Task-2,-1,1,0.664174168230973,q1_quality_matched,target_locked,shrinkage_lda_bandpower_only_9,VisualCogA_Task-2
64,VisualCogA_Task-2,1,-1,0.23056714696004377,q1_quality_matched,target_locked,shrinkage_lda_bandpower_only_9,VisualCogA_Task-2
65,VisualCogA_Task-2,-1,-1,0.3902817122017682,q1_quality_matched,target_locked,shrinkage_lda_bandpower_only_9,VisualCogA_Task-2
66,VisualCogA_Task-2,1,-1,0.481435475178959,q1_quality_matched,target_locked,shrinkage_lda_bandpower_only_9,VisualCogA_Task-2
68,VisualCogA_Task-2,-1,1,0.5319170464480583,q1_quality_matched,target_locked,shrinkage_lda_bandpower_only_9,VisualCogA_Task-2
69,VisualCogA_Task-2,-1,-1,0.3530339071371313,q1_quality_matched,target_locked,shrinkage_lda_bandpower_only_9,VisualCogA_Task-2
70,VisualCogA_Task-2,1,1,0.5536908797079125,q1_quality_matched,target_locked,shrinkage_lda_bandpower_only_9,VisualCogA_Task-2
71,VisualCogA_Task-2,1,1,0.56494784865211,q1_quality_matched,target_locked,shrinkage_lda_bandpower_only_9,VisualCogA_Task-2
72,VisualCogA_Task-2,1,-1,0.28661986221260694,q1_quality_matched,target_locked,shrinkage_lda_bandpower_only_9,VisualCogA_Task-2
73,VisualCogA_Task-2,1,-1,0.24966246193170893,q1_quality_matched,target_locked,shrinkage_lda_bandpower_only_9,VisualCogA_Task-2
74,VisualCogA_Task-2,-1,1,0.5523290510976973,q1_quality_matched,target_locked,shrinkage_lda_bandpower_only_9,VisualCogA_Task-2
75,VisualCogA_Task-2,-1,1,0.5831755474730936,q1_quality_matched,target_locked,shrinkage_lda_bandpower_only_9,VisualCogA_Task-2
76,VisualCogA_Task-2,-1,1,0.5429310821614934,q1_quality_matched,target_locked,shrinkage_lda_bandpower_only_9,VisualCogA_Task-2
78,VisualCogA_Task-2,-1,-1,0.4983663714380261,q1_quality_matched,target_locked,shrinkage_lda_bandpower_only_9,VisualCogA_Task-2
80,VisualCogA_Task-2,-1,-1,0.38994448693850425,q1_quality_matched,target_locked,shrinkage_lda_bandpower_only_9,VisualCogA_Task-2
81,VisualCogA_Task-2,1,1,0.521487644776248,q1_quality_matched,target_locked,shrinkage_lda_bandpower_only_9,VisualCogA_Task-2
82,VisualCogA_Task-2,1,-1,0.4774481928632889,q1_quality_matched,target_locked,shrinkage_lda_bandpower_only_9,VisualCogA_Task-2
83,VisualCogA_Task-2,-1,-1,0.4432664428927893,q1_quality_matched,target_locked,shrinkage_lda_bandpower_only_9,VisualCogA_Task-2
84,VisualCogA_Task-2,1,1,0.6384548360438076,q1_quality_matched,target_locked,shrinkage_lda_bandpower_only_9,VisualCogA_Task-2
86,VisualCogA_Task-2,-1,-1,0.33965662298953453,q1_quality_matched,target_locked,shrinkage_lda_bandpower_only_9,VisualCogA_Task-2
87,VisualCogA_Task-2,1,-1,0.4070957587209303,q1_quality_matched,target_locked,shrinkage_lda_bandpower_only_9,VisualCogA_Task-2
88,VisualCogA_Task-2,-1,1,0.5533632623268135,q1_quality_matched,target_locked,shrinkage_lda_bandpower_only_9,VisualCogA_Task-2
89,VisualCogA_Task-2,-1,1,0.5030982478533526,q1_quality_matched,target_locked,shrinkage_lda_bandpower_only_9,VisualCogA_Task-2
90,VisualCogA_Task-2,-1,-1,0.2909125620223051,q1_quality_matched,target_locked,shrinkage_lda_bandpower_only_9,VisualCogA_Task-2
91,VisualCogA_Task-2,-1,-1,0.45078166975489004,q1_quality_matched,target_locked,shrinkage_lda_bandpower_only_9,VisualCogA_Task-2
92,VisualCogA_Task-2,1,-1,0.2493600781206641,q1_quality_matched,target_locked,shrinkage_lda_bandpower_only_9,VisualCogA_Task-2
94,VisualCogA_Task-2,-1,1,0.5559068563475902,q1_quality_matched,target_locked,shrinkage_lda_bandpower_only_9,VisualCogA_Task-2
95,VisualCogA_Task-2,-1,-1,0.4453437549487512,q1_quality_matched,target_locked,shrinkage_lda_bandpower_only_9,VisualCogA_Task-2
96,VisualCogA_Task-2,-1,1,0.538743994618643,q1_quality_matched,target_locked,shrinkage_lda_bandpower_only_9,VisualCogA_Task-2
97,VisualCogA_Task-2,-1,-1,0.36307371869617955,q1_quality_matched,target_locked,shrinkage_lda_bandpower_only_9,VisualCogA_Task-2
98,VisualCogA_Task-2,-1,1,0.5921604231148203,q1_quality_matched,target_locked,shrinkage_lda_bandpower_only_9,VisualCogA_Task-2
0,VisualCogB_Task-1,-1,-1,-0.049031932328136296,q1_quality_matched,target_locked,rbf_svm_drop_redundant_alpha_asym_12_C_10_gamma_0.1,VisualCogB_Task-1
1,VisualCogB_Task-1,-1,-1,-0.7900701171707537,q1_quality_matched,target_locked,rbf_svm_drop_redundant_alpha_asym_12_C_10_gamma_0.1,VisualCogB_Task-1
2,VisualCogB_Task-1,1,1,0.6705915616142489,q1_quality_matched,target_locked,rbf_svm_drop_redundant_alpha_asym_12_C_10_gamma_0.1,VisualCogB_Task-1
3,VisualCogB_Task-1,-1,-1,-0.41080195770072403,q1_quality_matched,target_locked,rbf_svm_drop_redundant_alpha_asym_12_C_10_gamma_0.1,VisualCogB_Task-1
4,VisualCogB_Task-1,1,-1,-0.1290921234643706,q1_quality_matched,target_locked,rbf_svm_drop_redundant_alpha_asym_12_C_10_gamma_0.1,VisualCogB_Task-1
6,VisualCogB_Task-1,1,-1,-0.43909206731039074,q1_quality_matched,target_locked,rbf_svm_drop_redundant_alpha_asym_12_C_10_gamma_0.1,VisualCogB_Task-1
7,VisualCogB_Task-1,-1,-1,-0.32166819407713165,q1_quality_matched,target_locked,rbf_svm_drop_redundant_alpha_asym_12_C_10_gamma_0.1,VisualCogB_Task-1
8,VisualCogB_Task-1,-1,-1,-0.8018205557012211,q1_quality_matched,target_locked,rbf_svm_drop_redundant_alpha_asym_12_C_10_gamma_0.1,VisualCogB_Task-1
9,VisualCogB_Task-1,-1,-1,-1.0154206152062644,q1_quality_matched,target_locked,rbf_svm_drop_redundant_alpha_asym_12_C_10_gamma_0.1,VisualCogB_Task-1
10,VisualCogB_Task-1,1,1,1.728331933499228,q1_quality_matched,target_locked,rbf_svm_drop_redundant_alpha_asym_12_C_10_gamma_0.1,VisualCogB_Task-1
11,VisualCogB_Task-1,-1,1,0.9495630195571233,q1_quality_matched,target_locked,rbf_svm_drop_redundant_alpha_asym_12_C_10_gamma_0.1,VisualCogB_Task-1
12,VisualCogB_Task-1,1,-1,-0.392837506610478,q1_quality_matched,target_locked,rbf_svm_drop_redundant_alpha_asym_12_C_10_gamma_0.1,VisualCogB_Task-1
14,VisualCogB_Task-1,-1,1,1.0049988645719738,q1_quality_matched,target_locked,rbf_svm_drop_redundant_alpha_asym_12_C_10_gamma_0.1,VisualCogB_Task-1
15,VisualCogB_Task-1,1,-1,-0.15492369318766863,q1_quality_matched,target_locked,rbf_svm_drop_redundant_alpha_asym_12_C_10_gamma_0.1,VisualCogB_Task-1
16,VisualCogB_Task-1,-1,1,0.8334313470543839,q1_quality_matched,target_locked,rbf_svm_drop_redundant_alpha_asym_12_C_10_gamma_0.1,VisualCogB_Task-1
17,VisualCogB_Task-1,-1,-1,-0.2534299871839828,q1_quality_matched,target_locked,rbf_svm_drop_redundant_alpha_asym_12_C_10_gamma_0.1,VisualCogB_Task-1
18,VisualCogB_Task-1,1,-1,-0.5101915751534548,q1_quality_matched,target_locked,rbf_svm_drop_redundant_alpha_asym_12_C_10_gamma_0.1,VisualCogB_Task-1
19,VisualCogB_Task-1,-1,-1,-0.03368370990484182,q1_quality_matched,target_locked,rbf_svm_drop_redundant_alpha_asym_12_C_10_gamma_0.1,VisualCogB_Task-1
20,VisualCogB_Task-1,1,-1,-0.7676748751257302,q1_quality_matched,target_locked,rbf_svm_drop_redundant_alpha_asym_12_C_10_gamma_0.1,VisualCogB_Task-1
21,VisualCogB_Task-1,1,1,0.0855989732262517,q1_quality_matched,target_locked,rbf_svm_drop_redundant_alpha_asym_12_C_10_gamma_0.1,VisualCogB_Task-1
23,VisualCogB_Task-1,1,1,1.5736372984900453,q1_quality_matched,target_locked,rbf_svm_drop_redundant_alpha_asym_12_C_10_gamma_0.1,VisualCogB_Task-1
25,VisualCogB_Task-1,1,1,0.13189616823128691,q1_quality_matched,target_locked,rbf_svm_drop_redundant_alpha_asym_12_C_10_gamma_0.1,VisualCogB_Task-1
26,VisualCogB_Task-1,1,1,0.7956511860648121,q1_quality_matched,target_locked,rbf_svm_drop_redundant_alpha_asym_12_C_10_gamma_0.1,VisualCogB_Task-1
27,VisualCogB_Task-1,1,-1,-0.025434373123930487,q1_quality_matched,target_locked,rbf_svm_drop_redundant_alpha_asym_12_C_10_gamma_0.1,VisualCogB_Task-1
28,VisualCogB_Task-1,1,-1,-0.7843888799246063,q1_quality_matched,target_locked,rbf_svm_drop_redundant_alpha_asym_12_C_10_gamma_0.1,VisualCogB_Task-1
29,VisualCogB_Task-1,-1,-1,-0.9702528690090068,q1_quality_matched,target_locked,rbf_svm_drop_redundant_alpha_asym_12_C_10_gamma_0.1,VisualCogB_Task-1
30,VisualCogB_Task-1,1,-1,-1.3993848706108674,q1_quality_matched,target_locked,rbf_svm_drop_redundant_alpha_asym_12_C_10_gamma_0.1,VisualCogB_Task-1
31,VisualCogB_Task-1,-1,-1,-1.4075342750928472,q1_quality_matched,target_locked,rbf_svm_drop_redundant_alpha_asym_12_C_10_gamma_0.1,VisualCogB_Task-1
32,VisualCogB_Task-1,-1,-1,-1.916479528686669,q1_quality_matched,target_locked,rbf_svm_drop_redundant_alpha_asym_12_C_10_gamma_0.1,VisualCogB_Task-1
33,VisualCogB_Task-1,1,1,0.7605537112686851,q1_quality_matched,target_locked,rbf_svm_drop_redundant_alpha_asym_12_C_10_gamma_0.1,VisualCogB_Task-1
34,VisualCogB_Task-1,-1,-1,-1.087083776836097,q1_quality_matched,target_locked,rbf_svm_drop_redundant_alpha_asym_12_C_10_gamma_0.1,VisualCogB_Task-1
36,VisualCogB_Task-1,-1,1,0.8783159638937758,q1_quality_matched,target_locked,rbf_svm_drop_redundant_alpha_asym_12_C_10_gamma_0.1,VisualCogB_Task-1
37,VisualCogB_Task-1,-1,-1,-1.223645382172831,q1_quality_matched,target_locked,rbf_svm_drop_redundant_alpha_asym_12_C_10_gamma_0.1,VisualCogB_Task-1
38,VisualCogB_Task-1,1,1,0.5291667739898994,q1_quality_matched,target_locked,rbf_svm_drop_redundant_alpha_asym_12_C_10_gamma_0.1,VisualCogB_Task-1
39,VisualCogB_Task-1,1,1,0.6525280572545791,q1_quality_matched,target_locked,rbf_svm_drop_redundant_alpha_asym_12_C_10_gamma_0.1,VisualCogB_Task-1
40,VisualCogB_Task-1,-1,-1,-1.3126477285695315,q1_quality_matched,target_locked,rbf_svm_drop_redundant_alpha_asym_12_C_10_gamma_0.1,VisualCogB_Task-1
41,VisualCogB_Task-1,1,-1,-1.1758205400942803,q1_quality_matched,target_locked,rbf_svm_drop_redundant_alpha_asym_12_C_10_gamma_0.1,VisualCogB_Task-1
42,VisualCogB_Task-1,1,-1,-0.08179894923547715,q1_quality_matched,target_locked,rbf_svm_drop_redundant_alpha_asym_12_C_10_gamma_0.1,VisualCogB_Task-1
43,VisualCogB_Task-1,1,1,0.12268078201347676,q1_quality_matched,target_locked,rbf_svm_drop_redundant_alpha_asym_12_C_10_gamma_0.1,VisualCogB_Task-1
44,VisualCogB_Task-1,1,1,1.0044547493934997,q1_quality_matched,target_locked,rbf_svm_drop_redundant_alpha_asym_12_C_10_gamma_0.1,VisualCogB_Task-1
47,VisualCogB_Task-1,1,1,0.5281915916875632,q1_quality_matched,target_locked,rbf_svm_drop_redundant_alpha_asym_12_C_10_gamma_0.1,VisualCogB_Task-1
48,VisualCogB_Task-1,1,1,2.2944092304665302,q1_quality_matched,target_locked,rbf_svm_drop_redundant_alpha_asym_12_C_10_gamma_0.1,VisualCogB_Task-1
49,VisualCogB_Task-1,-1,1,0.11468816546379401,q1_quality_matched,target_locked,rbf_svm_drop_redundant_alpha_asym_12_C_10_gamma_0.1,VisualCogB_Task-1
50,VisualCogB_Task-1,1,1,1.3001314845187477,q1_quality_matched,target_locked,rbf_svm_drop_redundant_alpha_asym_12_C_10_gamma_0.1,VisualCogB_Task-1
51,VisualCogB_Task-1,-1,-1,-1.006073638419454,q1_quality_matched,target_locked,rbf_svm_drop_redundant_alpha_asym_12_C_10_gamma_0.1,VisualCogB_Task-1
52,VisualCogB_Task-1,1,-1,-0.8015086479033099,q1_quality_matched,target_locked,rbf_svm_drop_redundant_alpha_asym_12_C_10_gamma_0.1,VisualCogB_Task-1
54,VisualCogB_Task-1,1,1,0.9753981074694219,q1_quality_matched,target_locked,rbf_svm_drop_redundant_alpha_asym_12_C_10_gamma_0.1,VisualCogB_Task-1
55,VisualCogB_Task-1,-1,1,0.5315745094390985,q1_quality_matched,target_locked,rbf_svm_drop_redundant_alpha_asym_12_C_10_gamma_0.1,VisualCogB_Task-1
56,VisualCogB_Task-1,1,-1,-0.17138295058355046,q1_quality_matched,target_locked,rbf_svm_drop_redundant_alpha_asym_12_C_10_gamma_0.1,VisualCogB_Task-1
58,VisualCogB_Task-1,1,-1,-0.6271480125014149,q1_quality_matched,target_locked,rbf_svm_drop_redundant_alpha_asym_12_C_10_gamma_0.1,VisualCogB_Task-1
59,VisualCogB_Task-1,1,-1,-0.9146619811641737,q1_quality_matched,target_locked,rbf_svm_drop_redundant_alpha_asym_12_C_10_gamma_0.1,VisualCogB_Task-1
60,VisualCogB_Task-1,-1,1,0.14432209894519515,q1_quality_matched,target_locked,rbf_svm_drop_redundant_alpha_asym_12_C_10_gamma_0.1,VisualCogB_Task-1
61,VisualCogB_Task-1,-1,1,0.5648899003672795,q1_quality_matched,target_locked,rbf_svm_drop_redundant_alpha_asym_12_C_10_gamma_0.1,VisualCogB_Task-1
63,VisualCogB_Task-1,-1,-1,-1.5856528126913898,q1_quality_matched,target_locked,rbf_svm_drop_redundant_alpha_asym_12_C_10_gamma_0.1,VisualCogB_Task-1
64,VisualCogB_Task-1,-1,-1,-0.029687713159709195,q1_quality_matched,target_locked,rbf_svm_drop_redundant_alpha_asym_12_C_10_gamma_0.1,VisualCogB_Task-1
66,VisualCogB_Task-1,1,-1,-0.06378492244943768,q1_quality_matched,target_locked,rbf_svm_drop_redundant_alpha_asym_12_C_10_gamma_0.1,VisualCogB_Task-1
67,VisualCogB_Task-1,1,1,0.2663519808758076,q1_quality_matched,target_locked,rbf_svm_drop_redundant_alpha_asym_12_C_10_gamma_0.1,VisualCogB_Task-1
68,VisualCogB_Task-1,-1,-1,-0.23501878781463825,q1_quality_matched,target_locked,rbf_svm_drop_redundant_alpha_asym_12_C_10_gamma_0.1,VisualCogB_Task-1
69,VisualCogB_Task-1,-1,-1,-0.24699867877137072,q1_quality_matched,target_locked,rbf_svm_drop_redundant_alpha_asym_12_C_10_gamma_0.1,VisualCogB_Task-1
71,VisualCogB_Task-1,1,1,0.06665413736450199,q1_quality_matched,target_locked,rbf_svm_drop_redundant_alpha_asym_12_C_10_gamma_0.1,VisualCogB_Task-1
72,VisualCogB_Task-1,-1,1,1.0423587449696892,q1_quality_matched,target_locked,rbf_svm_drop_redundant_alpha_asym_12_C_10_gamma_0.1,VisualCogB_Task-1
73,VisualCogB_Task-1,-1,1,0.42029887305966973,q1_quality_matched,target_locked,rbf_svm_drop_redundant_alpha_asym_12_C_10_gamma_0.1,VisualCogB_Task-1
74,VisualCogB_Task-1,1,-1,-0.5579228889759634,q1_quality_matched,target_locked,rbf_svm_drop_redundant_alpha_asym_12_C_10_gamma_0.1,VisualCogB_Task-1
75,VisualCogB_Task-1,-1,-1,-0.6940938658400192,q1_quality_matched,target_locked,rbf_svm_drop_redundant_alpha_asym_12_C_10_gamma_0.1,VisualCogB_Task-1
76,VisualCogB_Task-1,-1,1,1.130951697788483,q1_quality_matched,target_locked,rbf_svm_drop_redundant_alpha_asym_12_C_10_gamma_0.1,VisualCogB_Task-1
78,VisualCogB_Task-1,1,-1,-0.9822510751762429,q1_quality_matched,target_locked,rbf_svm_drop_redundant_alpha_asym_12_C_10_gamma_0.1,VisualCogB_Task-1
79,VisualCogB_Task-1,-1,-1,-0.7683273616268448,q1_quality_matched,target_locked,rbf_svm_drop_redundant_alpha_asym_12_C_10_gamma_0.1,VisualCogB_Task-1
80,VisualCogB_Task-1,-1,1,0.5614006208854592,q1_quality_matched,target_locked,rbf_svm_drop_redundant_alpha_asym_12_C_10_gamma_0.1,VisualCogB_Task-1
81,VisualCogB_Task-1,1,-1,-0.8360525703654212,q1_quality_matched,target_locked,rbf_svm_drop_redundant_alpha_asym_12_C_10_gamma_0.1,VisualCogB_Task-1
82,VisualCogB_Task-1,-1,-1,-0.16888776198491473,q1_quality_matched,target_locked,rbf_svm_drop_redundant_alpha_asym_12_C_10_gamma_0.1,VisualCogB_Task-1
83,VisualCogB_Task-1,-1,1,0.4560840109388121,q1_quality_matched,target_locked,rbf_svm_drop_redundant_alpha_asym_12_C_10_gamma_0.1,VisualCogB_Task-1
85,VisualCogB_Task-1,-1,-1,-0.14364230258625166,q1_quality_matched,target_locked,rbf_svm_drop_redundant_alpha_asym_12_C_10_gamma_0.1,VisualCogB_Task-1
86,VisualCogB_Task-1,-1,1,0.9931648664167263,q1_quality_matched,target_locked,rbf_svm_drop_redundant_alpha_asym_12_C_10_gamma_0.1,VisualCogB_Task-1
88,VisualCogB_Task-1,-1,1,0.44026456510030043,q1_quality_matched,target_locked,rbf_svm_drop_redundant_alpha_asym_12_C_10_gamma_0.1,VisualCogB_Task-1
89,VisualCogB_Task-1,-1,-1,-0.2577598702911206,q1_quality_matched,target_locked,rbf_svm_drop_redundant_alpha_asym_12_C_10_gamma_0.1,VisualCogB_Task-1
90,VisualCogB_Task-1,1,-1,-0.39888399199016433,q1_quality_matched,target_locked,rbf_svm_drop_redundant_alpha_asym_12_C_10_gamma_0.1,VisualCogB_Task-1
92,VisualCogB_Task-1,-1,-1,-1.2466737058360131,q1_quality_matched,target_locked,rbf_svm_drop_redundant_alpha_asym_12_C_10_gamma_0.1,VisualCogB_Task-1
93,VisualCogB_Task-1,1,-1,-0.3273392414503419,q1_quality_matched,target_locked,rbf_svm_drop_redundant_alpha_asym_12_C_10_gamma_0.1,VisualCogB_Task-1
94,VisualCogB_Task-1,-1,1,0.11688041246690262,q1_quality_matched,target_locked,rbf_svm_drop_redundant_alpha_asym_12_C_10_gamma_0.1,VisualCogB_Task-1
95,VisualCogB_Task-1,1,1,0.554574480674855,q1_quality_matched,target_locked,rbf_svm_drop_redundant_alpha_asym_12_C_10_gamma_0.1,VisualCogB_Task-1
97,VisualCogB_Task-1,1,1,0.591553772019038,q1_quality_matched,target_locked,rbf_svm_drop_redundant_alpha_asym_12_C_10_gamma_0.1,VisualCogB_Task-1
98,VisualCogB_Task-1,1,-1,-0.4438716166746437,q1_quality_matched,target_locked,rbf_svm_drop_redundant_alpha_asym_12_C_10_gamma_0.1,VisualCogB_Task-1
99,VisualCogB_Task-1,1,-1,-0.4281923318440761,q1_quality_matched,target_locked,rbf_svm_drop_redundant_alpha_asym_12_C_10_gamma_0.1,VisualCogB_Task-1
0,VisualCogB_Task-2,-1,-1,-1.4488971704582099,q1_quality_matched,target_locked,rbf_svm_full_baseline_13_C_10_gamma_scale,VisualCogB_Task-2
2,VisualCogB_Task-2,-1,-1,-0.8913005137561738,q1_quality_matched,target_locked,rbf_svm_full_baseline_13_C_10_gamma_scale,VisualCogB_Task-2
3,VisualCogB_Task-2,1,-1,-1.2715035747246652,q1_quality_matched,target_locked,rbf_svm_full_baseline_13_C_10_gamma_scale,VisualCogB_Task-2
4,VisualCogB_Task-2,-1,1,0.23251856082624206,q1_quality_matched,target_locked,rbf_svm_full_baseline_13_C_10_gamma_scale,VisualCogB_Task-2
5,VisualCogB_Task-2,1,1,0.43780444162727633,q1_quality_matched,target_locked,rbf_svm_full_baseline_13_C_10_gamma_scale,VisualCogB_Task-2
7,VisualCogB_Task-2,1,-1,-0.853333926955407,q1_quality_matched,target_locked,rbf_svm_full_baseline_13_C_10_gamma_scale,VisualCogB_Task-2
8,VisualCogB_Task-2,1,-1,-0.5988783473791919,q1_quality_matched,target_locked,rbf_svm_full_baseline_13_C_10_gamma_scale,VisualCogB_Task-2
10,VisualCogB_Task-2,1,-1,-0.06896134699823557,q1_quality_matched,target_locked,rbf_svm_full_baseline_13_C_10_gamma_scale,VisualCogB_Task-2
11,VisualCogB_Task-2,1,-1,-0.22089447777261256,q1_quality_matched,target_locked,rbf_svm_full_baseline_13_C_10_gamma_scale,VisualCogB_Task-2
12,VisualCogB_Task-2,1,1,0.04581558408146731,q1_quality_matched,target_locked,rbf_svm_full_baseline_13_C_10_gamma_scale,VisualCogB_Task-2
16,VisualCogB_Task-2,-1,-1,-1.2159887518135588,q1_quality_matched,target_locked,rbf_svm_full_baseline_13_C_10_gamma_scale,VisualCogB_Task-2
17,VisualCogB_Task-2,1,1,0.6752790605986188,q1_quality_matched,target_locked,rbf_svm_full_baseline_13_C_10_gamma_scale,VisualCogB_Task-2
18,VisualCogB_Task-2,1,-1,-0.700609122440645,q1_quality_matched,target_locked,rbf_svm_full_baseline_13_C_10_gamma_scale,VisualCogB_Task-2
20,VisualCogB_Task-2,1,1,1.0274911158059217,q1_quality_matched,target_locked,rbf_svm_full_baseline_13_C_10_gamma_scale,VisualCogB_Task-2
21,VisualCogB_Task-2,1,-1,-1.2108534121190955,q1_quality_matched,target_locked,rbf_svm_full_baseline_13_C_10_gamma_scale,VisualCogB_Task-2
23,VisualCogB_Task-2,-1,-1,-0.27544720371033776,q1_quality_matched,target_locked,rbf_svm_full_baseline_13_C_10_gamma_scale,VisualCogB_Task-2
24,VisualCogB_Task-2,-1,-1,-0.16243871323624998,q1_quality_matched,target_locked,rbf_svm_full_baseline_13_C_10_gamma_scale,VisualCogB_Task-2
25,VisualCogB_Task-2,1,1,1.1059818048971435,q1_quality_matched,target_locked,rbf_svm_full_baseline_13_C_10_gamma_scale,VisualCogB_Task-2
26,VisualCogB_Task-2,-1,-1,-0.885756454256692,q1_quality_matched,target_locked,rbf_svm_full_baseline_13_C_10_gamma_scale,VisualCogB_Task-2
27,VisualCogB_Task-2,-1,-1,-0.9951894283536578,q1_quality_matched,target_locked,rbf_svm_full_baseline_13_C_10_gamma_scale,VisualCogB_Task-2
28,VisualCogB_Task-2,-1,-1,-0.9101192467656118,q1_quality_matched,target_locked,rbf_svm_full_baseline_13_C_10_gamma_scale,VisualCogB_Task-2
29,VisualCogB_Task-2,1,1,0.034463659628778356,q1_quality_matched,target_locked,rbf_svm_full_baseline_13_C_10_gamma_scale,VisualCogB_Task-2
30,VisualCogB_Task-2,1,-1,-1.8687940135617853,q1_quality_matched,target_locked,rbf_svm_full_baseline_13_C_10_gamma_scale,VisualCogB_Task-2
31,VisualCogB_Task-2,1,1,0.1434345847494941,q1_quality_matched,target_locked,rbf_svm_full_baseline_13_C_10_gamma_scale,VisualCogB_Task-2
32,VisualCogB_Task-2,1,-1,-0.6383011607131177,q1_quality_matched,target_locked,rbf_svm_full_baseline_13_C_10_gamma_scale,VisualCogB_Task-2
33,VisualCogB_Task-2,1,1,1.1103051295369766,q1_quality_matched,target_locked,rbf_svm_full_baseline_13_C_10_gamma_scale,VisualCogB_Task-2
34,VisualCogB_Task-2,-1,-1,-0.3429325209286001,q1_quality_matched,target_locked,rbf_svm_full_baseline_13_C_10_gamma_scale,VisualCogB_Task-2
35,VisualCogB_Task-2,1,-1,-1.3183477592070938,q1_quality_matched,target_locked,rbf_svm_full_baseline_13_C_10_gamma_scale,VisualCogB_Task-2
36,VisualCogB_Task-2,-1,1,0.11087880434159755,q1_quality_matched,target_locked,rbf_svm_full_baseline_13_C_10_gamma_scale,VisualCogB_Task-2
37,VisualCogB_Task-2,-1,-1,-0.6982002031142085,q1_quality_matched,target_locked,rbf_svm_full_baseline_13_C_10_gamma_scale,VisualCogB_Task-2
38,VisualCogB_Task-2,1,1,1.103877087437041,q1_quality_matched,target_locked,rbf_svm_full_baseline_13_C_10_gamma_scale,VisualCogB_Task-2
39,VisualCogB_Task-2,1,1,1.0361821797372057,q1_quality_matched,target_locked,rbf_svm_full_baseline_13_C_10_gamma_scale,VisualCogB_Task-2
40,VisualCogB_Task-2,1,-1,-0.5933334376353421,q1_quality_matched,target_locked,rbf_svm_full_baseline_13_C_10_gamma_scale,VisualCogB_Task-2
41,VisualCogB_Task-2,-1,-1,-0.8801317439152672,q1_quality_matched,target_locked,rbf_svm_full_baseline_13_C_10_gamma_scale,VisualCogB_Task-2
43,VisualCogB_Task-2,1,-1,-1.7341094467762237,q1_quality_matched,target_locked,rbf_svm_full_baseline_13_C_10_gamma_scale,VisualCogB_Task-2
44,VisualCogB_Task-2,-1,1,0.005804983928036259,q1_quality_matched,target_locked,rbf_svm_full_baseline_13_C_10_gamma_scale,VisualCogB_Task-2
45,VisualCogB_Task-2,-1,-1,-0.40181632320949173,q1_quality_matched,target_locked,rbf_svm_full_baseline_13_C_10_gamma_scale,VisualCogB_Task-2
46,VisualCogB_Task-2,1,-1,-0.8696173376849485,q1_quality_matched,target_locked,rbf_svm_full_baseline_13_C_10_gamma_scale,VisualCogB_Task-2
47,VisualCogB_Task-2,-1,1,1.5133303032587775,q1_quality_matched,target_locked,rbf_svm_full_baseline_13_C_10_gamma_scale,VisualCogB_Task-2
48,VisualCogB_Task-2,1,-1,-0.7733911118954802,q1_quality_matched,target_locked,rbf_svm_full_baseline_13_C_10_gamma_scale,VisualCogB_Task-2
50,VisualCogB_Task-2,-1,1,0.9890180785287526,q1_quality_matched,target_locked,rbf_svm_full_baseline_13_C_10_gamma_scale,VisualCogB_Task-2
51,VisualCogB_Task-2,-1,-1,-0.9596378578836311,q1_quality_matched,target_locked,rbf_svm_full_baseline_13_C_10_gamma_scale,VisualCogB_Task-2
52,VisualCogB_Task-2,1,-1,-1.1904684637921537,q1_quality_matched,target_locked,rbf_svm_full_baseline_13_C_10_gamma_scale,VisualCogB_Task-2
54,VisualCogB_Task-2,1,-1,-1.0160737465435286,q1_quality_matched,target_locked,rbf_svm_full_baseline_13_C_10_gamma_scale,VisualCogB_Task-2
57,VisualCogB_Task-2,-1,-1,-0.5151561424151871,q1_quality_matched,target_locked,rbf_svm_full_baseline_13_C_10_gamma_scale,VisualCogB_Task-2
59,VisualCogB_Task-2,-1,1,0.3619945368591954,q1_quality_matched,target_locked,rbf_svm_full_baseline_13_C_10_gamma_scale,VisualCogB_Task-2
60,VisualCogB_Task-2,-1,1,0.04236773291556824,q1_quality_matched,target_locked,rbf_svm_full_baseline_13_C_10_gamma_scale,VisualCogB_Task-2
61,VisualCogB_Task-2,1,1,0.7560055402001775,q1_quality_matched,target_locked,rbf_svm_full_baseline_13_C_10_gamma_scale,VisualCogB_Task-2
62,VisualCogB_Task-2,-1,1,1.0446390120691196,q1_quality_matched,target_locked,rbf_svm_full_baseline_13_C_10_gamma_scale,VisualCogB_Task-2
63,VisualCogB_Task-2,-1,-1,-0.05652756544149544,q1_quality_matched,target_locked,rbf_svm_full_baseline_13_C_10_gamma_scale,VisualCogB_Task-2
64,VisualCogB_Task-2,1,-1,-0.3210872940538981,q1_quality_matched,target_locked,rbf_svm_full_baseline_13_C_10_gamma_scale,VisualCogB_Task-2
66,VisualCogB_Task-2,1,-1,-0.7889633603135953,q1_quality_matched,target_locked,rbf_svm_full_baseline_13_C_10_gamma_scale,VisualCogB_Task-2
67,VisualCogB_Task-2,1,-1,-2.033098085631393,q1_quality_matched,target_locked,rbf_svm_full_baseline_13_C_10_gamma_scale,VisualCogB_Task-2
68,VisualCogB_Task-2,-1,1,0.34027709366887293,q1_quality_matched,target_locked,rbf_svm_full_baseline_13_C_10_gamma_scale,VisualCogB_Task-2
69,VisualCogB_Task-2,-1,-1,-0.2553406747924279,q1_quality_matched,target_locked,rbf_svm_full_baseline_13_C_10_gamma_scale,VisualCogB_Task-2
70,VisualCogB_Task-2,1,-1,-0.3790808966116273,q1_quality_matched,target_locked,rbf_svm_full_baseline_13_C_10_gamma_scale,VisualCogB_Task-2
71,VisualCogB_Task-2,1,1,0.5769051887351058,q1_quality_matched,target_locked,rbf_svm_full_baseline_13_C_10_gamma_scale,VisualCogB_Task-2
72,VisualCogB_Task-2,1,-1,-0.21719042284279638,q1_quality_matched,target_locked,rbf_svm_full_baseline_13_C_10_gamma_scale,VisualCogB_Task-2
73,VisualCogB_Task-2,-1,-1,-1.1521362742781536,q1_quality_matched,target_locked,rbf_svm_full_baseline_13_C_10_gamma_scale,VisualCogB_Task-2
74,VisualCogB_Task-2,-1,-1,-0.7353338522855384,q1_quality_matched,target_locked,rbf_svm_full_baseline_13_C_10_gamma_scale,VisualCogB_Task-2
75,VisualCogB_Task-2,1,-1,-1.562955130498151,q1_quality_matched,target_locked,rbf_svm_full_baseline_13_C_10_gamma_scale,VisualCogB_Task-2
76,VisualCogB_Task-2,1,1,1.6061246096515411,q1_quality_matched,target_locked,rbf_svm_full_baseline_13_C_10_gamma_scale,VisualCogB_Task-2
77,VisualCogB_Task-2,-1,-1,-0.5195023743848055,q1_quality_matched,target_locked,rbf_svm_full_baseline_13_C_10_gamma_scale,VisualCogB_Task-2
79,VisualCogB_Task-2,-1,-1,-0.26170354367779997,q1_quality_matched,target_locked,rbf_svm_full_baseline_13_C_10_gamma_scale,VisualCogB_Task-2
82,VisualCogB_Task-2,1,1,2.8410426560922617,q1_quality_matched,target_locked,rbf_svm_full_baseline_13_C_10_gamma_scale,VisualCogB_Task-2
83,VisualCogB_Task-2,-1,-1,-1.487630001303621,q1_quality_matched,target_locked,rbf_svm_full_baseline_13_C_10_gamma_scale,VisualCogB_Task-2
85,VisualCogB_Task-2,1,-1,-0.5272564997897549,q1_quality_matched,target_locked,rbf_svm_full_baseline_13_C_10_gamma_scale,VisualCogB_Task-2
86,VisualCogB_Task-2,-1,1,0.4590770176628695,q1_quality_matched,target_locked,rbf_svm_full_baseline_13_C_10_gamma_scale,VisualCogB_Task-2
87,VisualCogB_Task-2,1,-1,-1.1843836905698928,q1_quality_matched,target_locked,rbf_svm_full_baseline_13_C_10_gamma_scale,VisualCogB_Task-2
88,VisualCogB_Task-2,-1,-1,-1.2229852562284393,q1_quality_matched,target_locked,rbf_svm_full_baseline_13_C_10_gamma_scale,VisualCogB_Task-2
89,VisualCogB_Task-2,1,1,0.10259179091334887,q1_quality_matched,target_locked,rbf_svm_full_baseline_13_C_10_gamma_scale,VisualCogB_Task-2
91,VisualCogB_Task-2,-1,-1,-1.0382971989492256,q1_quality_matched,target_locked,rbf_svm_full_baseline_13_C_10_gamma_scale,VisualCogB_Task-2
92,VisualCogB_Task-2,1,1,0.4477135780357337,q1_quality_matched,target_locked,rbf_svm_full_baseline_13_C_10_gamma_scale,VisualCogB_Task-2
93,VisualCogB_Task-2,-1,1,0.7859851150381263,q1_quality_matched,target_locked,rbf_svm_full_baseline_13_C_10_gamma_scale,VisualCogB_Task-2
94,VisualCogB_Task-2,1,-1,-0.3601559728105324,q1_quality_matched,target_locked,rbf_svm_full_baseline_13_C_10_gamma_scale,VisualCogB_Task-2
95,VisualCogB_Task-2,1,-1,-0.10680150688635019,q1_quality_matched,target_locked,rbf_svm_full_baseline_13_C_10_gamma_scale,VisualCogB_Task-2
96,VisualCogB_Task-2,-1,1,0.5822221005049226,q1_quality_matched,target_locked,rbf_svm_full_baseline_13_C_10_gamma_scale,VisualCogB_Task-2
97,VisualCogB_Task-2,-1,1,0.023504052646438914,q1_quality_matched,target_locked,rbf_svm_full_baseline_13_C_10_gamma_scale,VisualCogB_Task-2
98,VisualCogB_Task-2,1,-1,-0.051341856622635615,q1_quality_matched,target_locked,rbf_svm_full_baseline_13_C_10_gamma_scale,VisualCogB_Task-2
99,VisualCogB_Task-2,-1,-1,-0.46871181585540894,q1_quality_matched,target_locked,rbf_svm_full_baseline_13_C_10_gamma_scale,VisualCogB_Task-2
