sample,stage,outer_held_out_record,candidate_order,name,representation,l2,edge_components,shrinkage,inner_mean_balanced_accuracy,inner_held_out_record,n_train,n_validation,accuracy,balanced_accuracy,auc,macro_f1
raw_qc_pass,cue_locked,VisualCogA_Task-1,0,baseline_logistic_l2_1,baseline_13,1.0,0,0.0,0.4848175545061144,VisualCogA_Task-2,191,96,0.4583333333333333,0.43915343915343913,0.41666666666666663,0.4337568058076225
raw_qc_pass,cue_locked,VisualCogA_Task-1,0,baseline_logistic_l2_1,baseline_13,1.0,0,0.0,0.4848175545061144,VisualCogB_Task-1,189,98,0.4897959183673469,0.4866220735785953,0.5071070234113713,0.4863731656184486
raw_qc_pass,cue_locked,VisualCogA_Task-1,0,baseline_logistic_l2_1,baseline_13,1.0,0,0.0,0.4848175545061144,VisualCogB_Task-2,194,93,0.5268817204301075,0.528677150786309,0.4842738205365402,0.5142450142450142
raw_qc_pass,cue_locked,VisualCogA_Task-1,1,logistic_baseline_13_l2_0.1,baseline_13,0.1,0,0.0,0.48439949430544554,VisualCogA_Task-2,191,96,0.4583333333333333,0.43915343915343913,0.4175485008818342,0.4337568058076225
raw_qc_pass,cue_locked,VisualCogA_Task-1,1,logistic_baseline_13_l2_0.1,baseline_13,0.1,0,0.0,0.48439949430544554,VisualCogB_Task-1,189,98,0.4897959183673469,0.48536789297658867,0.5108695652173912,0.48442760942760943
raw_qc_pass,cue_locked,VisualCogA_Task-1,1,logistic_baseline_13_l2_0.1,baseline_13,0.1,0,0.0,0.48439949430544554,VisualCogB_Task-2,194,93,0.5268817204301075,0.528677150786309,0.4842738205365402,0.5142450142450142
raw_qc_pass,cue_locked,VisualCogA_Task-1,2,logistic_baseline_13_l2_10,baseline_13,10.0,0,0.0,0.471196391062256,VisualCogA_Task-2,191,96,0.46875,0.44841269841269843,0.41578483245149916,0.4420512820512821
raw_qc_pass,cue_locked,VisualCogA_Task-1,2,logistic_baseline_13_l2_10,baseline_13,10.0,0,0.0,0.471196391062256,VisualCogB_Task-1,189,98,0.45918367346938777,0.45777591973244147,0.504180602006689,0.457772210042802
raw_qc_pass,cue_locked,VisualCogA_Task-1,2,logistic_baseline_13_l2_10,baseline_13,10.0,0,0.0,0.471196391062256,VisualCogB_Task-2,194,93,0.5053763440860215,0.5074005550416281,0.49028677150786315,0.4882775119617225
raw_qc_pass,cue_locked,VisualCogA_Task-1,3,logistic_baseline_13_l2_100,baseline_13,100.0,0,0.0,0.4871459156072169,VisualCogA_Task-2,191,96,0.4479166666666667,0.4378306878306878,0.4109347442680776,0.43760362551121923
raw_qc_pass,cue_locked,VisualCogA_Task-1,3,logistic_baseline_13_l2_100,baseline_13,100.0,0,0.0,0.4871459156072169,VisualCogB_Task-1,189,98,0.5102040816326531,0.5259197324414716,0.5037625418060201,0.4842105263157894
raw_qc_pass,cue_locked,VisualCogA_Task-1,3,logistic_baseline_13_l2_100,baseline_13,100.0,0,0.0,0.4871459156072169,VisualCogB_Task-2,194,93,0.4946236559139785,0.4976873265494912,0.5,0.4517747397466449
raw_qc_pass,cue_locked,VisualCogA_Task-1,4,logistic_erp_100ms_l2_0.1,erp_100ms,0.1,0,0.0,0.5501421865899202,VisualCogA_Task-2,191,96,0.6041666666666666,0.6111111111111112,0.6552028218694886,0.6039947894051237
raw_qc_pass,cue_locked,VisualCogA_Task-1,4,logistic_erp_100ms_l2_0.1,erp_100ms,0.1,0,0.0,0.5501421865899202,VisualCogB_Task-1,189,98,0.5612244897959183,0.5652173913043479,0.5748327759197325,0.5608129233976029
raw_qc_pass,cue_locked,VisualCogA_Task-1,4,logistic_erp_100ms_l2_0.1,erp_100ms,0.1,0,0.0,0.5501421865899202,VisualCogB_Task-2,194,93,0.4731182795698925,0.47409805735430155,0.48334875115633674,0.4691904484566104
raw_qc_pass,cue_locked,VisualCogA_Task-1,5,logistic_erp_100ms_l2_10,erp_100ms,10.0,0,0.0,0.5436184614029202,VisualCogA_Task-2,191,96,0.5416666666666666,0.5714285714285714,0.5652557319223986,0.5285714285714286
raw_qc_pass,cue_locked,VisualCogA_Task-1,5,logistic_erp_100ms_l2_10,erp_100ms,10.0,0,0.0,0.5436184614029202,VisualCogB_Task-1,189,98,0.5714285714285714,0.584866220735786,0.5472408026755853,0.5564655172413793
raw_qc_pass,cue_locked,VisualCogA_Task-1,5,logistic_erp_100ms_l2_10,erp_100ms,10.0,0,0.0,0.5436184614029202,VisualCogB_Task-2,194,93,0.4731182795698925,0.4745605920444034,0.4412580943570768,0.4641975308641975
raw_qc_pass,cue_locked,VisualCogA_Task-1,6,logistic_erp_100ms_l2_100,erp_100ms,100.0,0,0.0,0.5111217442006835,VisualCogA_Task-2,191,96,0.46875,0.5224867724867724,0.5881834215167548,0.38731072456513577
raw_qc_pass,cue_locked,VisualCogA_Task-1,6,logistic_erp_100ms_l2_100,erp_100ms,100.0,0,0.0,0.5111217442006835,VisualCogB_Task-1,189,98,0.5102040816326531,0.5346989966555185,0.5150501672240803,0.4337987481945113
raw_qc_pass,cue_locked,VisualCogA_Task-1,6,logistic_erp_100ms_l2_100,erp_100ms,100.0,0,0.0,0.5111217442006835,VisualCogB_Task-2,194,93,0.4731182795698925,0.4761794634597595,0.46345975948196116,0.42844600526777876
raw_qc_pass,cue_locked,VisualCogA_Task-1,7,logistic_erp_100ms_l2_1,erp_100ms,1.0,0,0.0,0.5122061059850144,VisualCogA_Task-2,191,96,0.5416666666666666,0.5555555555555556,0.6005291005291005,0.5408695652173914
raw_qc_pass,cue_locked,VisualCogA_Task-1,7,logistic_erp_100ms_l2_1,erp_100ms,1.0,0,0.0,0.5122061059850144,VisualCogB_Task-1,189,98,0.5306122448979592,0.5388795986622074,0.5476588628762542,0.5256734006734007
raw_qc_pass,cue_locked,VisualCogA_Task-1,7,logistic_erp_100ms_l2_1,erp_100ms,1.0,0,0.0,0.5122061059850144,VisualCogB_Task-2,194,93,0.44086021505376344,0.4421831637372803,0.4532839962997225,0.4329268292682927
raw_qc_pass,cue_locked,VisualCogA_Task-1,8,logistic_erp_50ms_l2_0.1,erp_50ms,0.1,0,0.0,0.5407181756241269,VisualCogA_Task-2,191,96,0.6145833333333334,0.6177248677248677,0.6512345679012346,0.6135349798716135
raw_qc_pass,cue_locked,VisualCogA_Task-1,8,logistic_erp_50ms_l2_0.1,erp_50ms,0.1,0,0.0,0.5407181756241269,VisualCogB_Task-1,189,98,0.5306122448979592,0.5301003344481605,0.5409698996655519,0.5298289528577389
raw_qc_pass,cue_locked,VisualCogA_Task-1,8,logistic_erp_50ms_l2_0.1,erp_50ms,0.1,0,0.0,0.5407181756241269,VisualCogB_Task-2,194,93,0.4731182795698925,0.4743293246993525,0.47409805735430155,0.4669551994385308
raw_qc_pass,cue_locked,VisualCogA_Task-1,9,logistic_erp_50ms_l2_10,erp_50ms,10.0,0,0.0,0.540897595283966,VisualCogA_Task-2,191,96,0.5416666666666666,0.5608465608465608,0.6362433862433863,0.5384615384615384
raw_qc_pass,cue_locked,VisualCogA_Task-1,9,logistic_erp_50ms_l2_10,erp_50ms,10.0,0,0.0,0.540897595283966,VisualCogB_Task-1,189,98,0.5102040816326531,0.512123745819398,0.5217391304347826,0.5102040816326531
raw_qc_pass,cue_locked,VisualCogA_Task-1,9,logistic_erp_50ms_l2_10,erp_50ms,10.0,0,0.0,0.540897595283966,VisualCogB_Task-2,194,93,0.5483870967741935,0.549722479185939,0.5231267345050878,0.5419793621013134
raw_qc_pass,cue_locked,VisualCogA_Task-1,10,logistic_erp_50ms_l2_100,erp_50ms,100.0,0,0.0,0.543635498191465,VisualCogA_Task-2,191,96,0.5208333333333334,0.5634920634920635,0.6097883597883598,0.482903981264637
raw_qc_pass,cue_locked,VisualCogA_Task-1,10,logistic_erp_50ms_l2_100,erp_50ms,100.0,0,0.0,0.543635498191465,VisualCogB_Task-1,189,98,0.5306122448979592,0.5489130434782609,0.5100334448160535,0.4950716845878136
raw_qc_pass,cue_locked,VisualCogA_Task-1,10,logistic_erp_50ms_l2_100,erp_50ms,100.0,0,0.0,0.543635498191465,VisualCogB_Task-2,194,93,0.5161290322580645,0.5185013876040703,0.49213691026827006,0.4926657776700206
raw_qc_pass,cue_locked,VisualCogA_Task-1,11,logistic_erp_50ms_l2_1,erp_50ms,1.0,0,0.0,0.5441957041941624,VisualCogA_Task-2,191,96,0.6041666666666666,0.6137566137566137,0.6569664902998237,0.6041666666666666
raw_qc_pass,cue_locked,VisualCogA_Task-1,11,logistic_erp_50ms_l2_1,erp_50ms,1.0,0,0.0,0.5441957041941624,VisualCogB_Task-1,189,98,0.5306122448979592,0.5338628762541806,0.5079431438127091,0.5304166666666668
raw_qc_pass,cue_locked,VisualCogA_Task-1,11,logistic_erp_50ms_l2_1,erp_50ms,1.0,0,0.0,0.5441957041941624,VisualCogB_Task-2,194,93,0.4838709677419355,0.4849676225716929,0.5041628122109159,0.4789915966386554
raw_qc_pass,cue_locked,VisualCogA_Task-1,12,logistic_spatial_100ms_l2_0.1,spatial_100ms,0.1,0,0.0,0.5501421865899202,VisualCogA_Task-2,191,96,0.6041666666666666,0.6111111111111112,0.6552028218694886,0.6039947894051237
raw_qc_pass,cue_locked,VisualCogA_Task-1,12,logistic_spatial_100ms_l2_0.1,spatial_100ms,0.1,0,0.0,0.5501421865899202,VisualCogB_Task-1,189,98,0.5612244897959183,0.5652173913043479,0.5748327759197325,0.5608129233976029
raw_qc_pass,cue_locked,VisualCogA_Task-1,12,logistic_spatial_100ms_l2_0.1,spatial_100ms,0.1,0,0.0,0.5501421865899202,VisualCogB_Task-2,194,93,0.4731182795698925,0.47409805735430155,0.48334875115633674,0.4691904484566104
raw_qc_pass,cue_locked,VisualCogA_Task-1,13,logistic_spatial_100ms_l2_10,spatial_100ms,10.0,0,0.0,0.5436184614029202,VisualCogA_Task-2,191,96,0.5416666666666666,0.5714285714285714,0.5652557319223986,0.5285714285714286
raw_qc_pass,cue_locked,VisualCogA_Task-1,13,logistic_spatial_100ms_l2_10,spatial_100ms,10.0,0,0.0,0.5436184614029202,VisualCogB_Task-1,189,98,0.5714285714285714,0.584866220735786,0.5472408026755853,0.5564655172413793
raw_qc_pass,cue_locked,VisualCogA_Task-1,13,logistic_spatial_100ms_l2_10,spatial_100ms,10.0,0,0.0,0.5436184614029202,VisualCogB_Task-2,194,93,0.4731182795698925,0.4745605920444034,0.4412580943570768,0.4641975308641975
raw_qc_pass,cue_locked,VisualCogA_Task-1,14,logistic_spatial_100ms_l2_100,spatial_100ms,100.0,0,0.0,0.5111217442006835,VisualCogA_Task-2,191,96,0.46875,0.5224867724867724,0.5881834215167548,0.38731072456513577
raw_qc_pass,cue_locked,VisualCogA_Task-1,14,logistic_spatial_100ms_l2_100,spatial_100ms,100.0,0,0.0,0.5111217442006835,VisualCogB_Task-1,189,98,0.5102040816326531,0.5346989966555185,0.5150501672240803,0.4337987481945113
raw_qc_pass,cue_locked,VisualCogA_Task-1,14,logistic_spatial_100ms_l2_100,spatial_100ms,100.0,0,0.0,0.5111217442006835,VisualCogB_Task-2,194,93,0.4731182795698925,0.4761794634597595,0.46345975948196116,0.42844600526777876
raw_qc_pass,cue_locked,VisualCogA_Task-1,15,logistic_spatial_100ms_l2_1,spatial_100ms,1.0,0,0.0,0.5122061059850144,VisualCogA_Task-2,191,96,0.5416666666666666,0.5555555555555556,0.6005291005291005,0.5408695652173914
raw_qc_pass,cue_locked,VisualCogA_Task-1,15,logistic_spatial_100ms_l2_1,spatial_100ms,1.0,0,0.0,0.5122061059850144,VisualCogB_Task-1,189,98,0.5306122448979592,0.5388795986622074,0.5476588628762542,0.5256734006734007
raw_qc_pass,cue_locked,VisualCogA_Task-1,15,logistic_spatial_100ms_l2_1,spatial_100ms,1.0,0,0.0,0.5122061059850144,VisualCogB_Task-2,194,93,0.44086021505376344,0.4421831637372803,0.4532839962997225,0.4329268292682927
raw_qc_pass,cue_locked,VisualCogA_Task-1,16,logistic_wave64_l2_0.1,wave64,0.1,0,0.0,0.4864593142036866,VisualCogA_Task-2,191,96,0.5416666666666666,0.5449735449735449,0.6133156966490301,0.5408695652173914
raw_qc_pass,cue_locked,VisualCogA_Task-1,16,logistic_wave64_l2_0.1,wave64,0.1,0,0.0,0.4864593142036866,VisualCogB_Task-1,189,98,0.5102040816326531,0.5045986622073578,0.5083612040133779,0.5027484143763213
raw_qc_pass,cue_locked,VisualCogA_Task-1,16,logistic_wave64_l2_0.1,wave64,0.1,0,0.0,0.4864593142036866,VisualCogB_Task-2,194,93,0.40860215053763443,0.40980573543015725,0.40055504162812205,0.4016844075330448
raw_qc_pass,cue_locked,VisualCogA_Task-1,17,logistic_wave64_l2_10,wave64,10.0,0,0.0,0.517081592474747,VisualCogA_Task-2,191,96,0.53125,0.5357142857142857,0.5974426807760141,0.530791788856305
raw_qc_pass,cue_locked,VisualCogA_Task-1,17,logistic_wave64_l2_10,wave64,10.0,0,0.0,0.517081592474747,VisualCogB_Task-1,189,98,0.5306122448979592,0.5301003344481605,0.5121237458193979,0.5298289528577389
raw_qc_pass,cue_locked,VisualCogA_Task-1,17,logistic_wave64_l2_10,wave64,10.0,0,0.0,0.517081592474747,VisualCogB_Task-2,194,93,0.4838709677419355,0.4854301572617946,0.486586493987049,0.47358490566037736
raw_qc_pass,cue_locked,VisualCogA_Task-1,18,logistic_wave64_l2_100,wave64,100.0,0,0.0,0.5420913941188379,VisualCogA_Task-2,191,96,0.5520833333333334,0.5806878306878307,0.5965608465608466,0.5408742075408741
raw_qc_pass,cue_locked,VisualCogA_Task-1,18,logistic_wave64_l2_100,wave64,100.0,0,0.0,0.5420913941188379,VisualCogB_Task-1,189,98,0.5306122448979592,0.5388795986622074,0.5334448160535118,0.5256734006734007
raw_qc_pass,cue_locked,VisualCogA_Task-1,18,logistic_wave64_l2_100,wave64,100.0,0,0.0,0.5420913941188379,VisualCogB_Task-2,194,93,0.5053763440860215,0.5067067530064755,0.4995374653098983,0.49835834896810505
raw_qc_pass,cue_locked,VisualCogA_Task-1,19,logistic_wave64_l2_1,wave64,1.0,0,0.0,0.5066236084583294,VisualCogA_Task-2,191,96,0.5833333333333334,0.582010582010582,0.6014109347442681,0.5804195804195804
raw_qc_pass,cue_locked,VisualCogA_Task-1,19,logistic_wave64_l2_1,wave64,1.0,0,0.0,0.5066236084583294,VisualCogB_Task-1,189,98,0.5204081632653061,0.5167224080267558,0.5121237458193979,0.5163288879554762
raw_qc_pass,cue_locked,VisualCogA_Task-1,19,logistic_wave64_l2_1,wave64,1.0,0,0.0,0.5066236084583294,VisualCogB_Task-2,194,93,0.41935483870967744,0.42113783533765037,0.42506938020351526,0.40384615384615385
raw_qc_pass,cue_locked,VisualCogA_Task-1,20,csp_e1_shrink0.01_l2_0.1,csp,0.1,1,0.01,0.47893515616303156,VisualCogA_Task-2,191,96,0.4791666666666667,0.5026455026455027,0.4656084656084656,0.47089947089947093
raw_qc_pass,cue_locked,VisualCogA_Task-1,20,csp_e1_shrink0.01_l2_0.1,csp,0.1,1,0.01,0.47893515616303156,VisualCogB_Task-1,189,98,0.5102040816326531,0.5058528428093645,0.45944816053511706,0.5050505050505051
raw_qc_pass,cue_locked,VisualCogA_Task-1,20,csp_e1_shrink0.01_l2_0.1,csp,0.1,1,0.01,0.47893515616303156,VisualCogB_Task-2,194,93,0.43010752688172044,0.4283071230342276,0.46808510638297873,0.41272488978911
raw_qc_pass,cue_locked,VisualCogA_Task-1,21,csp_e1_shrink0.01_l2_1,csp,1.0,1,0.01,0.4825583445688287,VisualCogA_Task-2,191,96,0.4791666666666667,0.5026455026455027,0.4656084656084656,0.47089947089947093
raw_qc_pass,cue_locked,VisualCogA_Task-1,21,csp_e1_shrink0.01_l2_1,csp,1.0,1,0.01,0.4825583445688287,VisualCogB_Task-1,189,98,0.5102040816326531,0.5058528428093645,0.45944816053511706,0.5050505050505051
raw_qc_pass,cue_locked,VisualCogA_Task-1,21,csp_e1_shrink0.01_l2_1,csp,1.0,1,0.01,0.4825583445688287,VisualCogB_Task-2,194,93,0.44086021505376344,0.4391766882516188,0.4611470860314524,0.42592592592592593
raw_qc_pass,cue_locked,VisualCogA_Task-1,22,csp_e1_shrink0.01_l2_10,csp,10.0,1,0.01,0.4898047213804229,VisualCogA_Task-2,191,96,0.4791666666666667,0.5026455026455027,0.4656084656084656,0.47089947089947093
raw_qc_pass,cue_locked,VisualCogA_Task-1,22,csp_e1_shrink0.01_l2_10,csp,10.0,1,0.01,0.4898047213804229,VisualCogB_Task-1,189,98,0.5102040816326531,0.5058528428093645,0.45944816053511706,0.5050505050505051
raw_qc_pass,cue_locked,VisualCogA_Task-1,22,csp_e1_shrink0.01_l2_10,csp,10.0,1,0.01,0.4898047213804229,VisualCogB_Task-2,194,93,0.46236559139784944,0.46091581868640147,0.406567992599445,0.4516509433962264
raw_qc_pass,cue_locked,VisualCogA_Task-1,23,csp_e1_shrink0.1_l2_0.1,csp,0.1,1,0.1,0.48441737822712233,VisualCogA_Task-2,191,96,0.4791666666666667,0.5026455026455027,0.46913580246913583,0.47089947089947093
raw_qc_pass,cue_locked,VisualCogA_Task-1,23,csp_e1_shrink0.1_l2_0.1,csp,0.1,1,0.1,0.48441737822712233,VisualCogB_Task-1,189,98,0.47959183673469385,0.47951505016722407,0.4531772575250836,0.4791036998436686
raw_qc_pass,cue_locked,VisualCogA_Task-1,23,csp_e1_shrink0.1_l2_0.1,csp,0.1,1,0.1,0.48441737822712233,VisualCogB_Task-2,194,93,0.4731182795698925,0.4710915818686401,0.4190564292321924,0.4526126126126126
raw_qc_pass,cue_locked,VisualCogA_Task-1,24,csp_e1_shrink0.1_l2_1,csp,1.0,1,0.1,0.48071710070630824,VisualCogA_Task-2,191,96,0.4791666666666667,0.5026455026455027,0.46913580246913583,0.47089947089947093
raw_qc_pass,cue_locked,VisualCogA_Task-1,24,csp_e1_shrink0.1_l2_1,csp,1.0,1,0.1,0.48071710070630824,VisualCogB_Task-1,189,98,0.47959183673469385,0.47951505016722407,0.4531772575250836,0.4791036998436686
raw_qc_pass,cue_locked,VisualCogA_Task-1,24,csp_e1_shrink0.1_l2_1,csp,1.0,1,0.1,0.48071710070630824,VisualCogB_Task-2,194,93,0.46236559139784944,0.459990749306198,0.41119333950046255,0.4334795321637427
raw_qc_pass,cue_locked,VisualCogA_Task-1,25,csp_e1_shrink0.1_l2_10,csp,10.0,1,0.1,0.46314078248244145,VisualCogA_Task-2,191,96,0.4791666666666667,0.5026455026455027,0.46913580246913583,0.47089947089947093
raw_qc_pass,cue_locked,VisualCogA_Task-1,25,csp_e1_shrink0.1_l2_10,csp,10.0,1,0.1,0.46314078248244145,VisualCogB_Task-1,189,98,0.47959183673469385,0.47951505016722407,0.4531772575250836,0.4791036998436686
raw_qc_pass,cue_locked,VisualCogA_Task-1,25,csp_e1_shrink0.1_l2_10,csp,10.0,1,0.1,0.46314078248244145,VisualCogB_Task-2,194,93,0.40860215053763443,0.40726179463459755,0.39084181313598526,0.3985890652557319
raw_qc_pass,cue_locked,VisualCogA_Task-1,26,csp_e2_shrink0.01_l2_0.1,csp,0.1,2,0.01,0.44182339884621724,VisualCogA_Task-2,191,96,0.3854166666666667,0.40608465608465605,0.4250440917107583,0.377240241891149
raw_qc_pass,cue_locked,VisualCogA_Task-1,26,csp_e2_shrink0.01_l2_0.1,csp,0.1,2,0.01,0.44182339884621724,VisualCogB_Task-1,189,98,0.47959183673469385,0.47951505016722407,0.4460702341137124,0.4791036998436686
raw_qc_pass,cue_locked,VisualCogA_Task-1,26,csp_e2_shrink0.01_l2_0.1,csp,0.1,2,0.01,0.44182339884621724,VisualCogB_Task-2,194,93,0.44086021505376344,0.4398704902867715,0.43200740055504167,0.43557422969187676
raw_qc_pass,cue_locked,VisualCogA_Task-1,27,csp_e2_shrink0.01_l2_1,csp,1.0,2,0.01,0.44182339884621724,VisualCogA_Task-2,191,96,0.3854166666666667,0.40608465608465605,0.42592592592592593,0.377240241891149
raw_qc_pass,cue_locked,VisualCogA_Task-1,27,csp_e2_shrink0.01_l2_1,csp,1.0,2,0.01,0.44182339884621724,VisualCogB_Task-1,189,98,0.47959183673469385,0.47951505016722407,0.44774247491638797,0.4791036998436686
raw_qc_pass,cue_locked,VisualCogA_Task-1,27,csp_e2_shrink0.01_l2_1,csp,1.0,2,0.01,0.44182339884621724,VisualCogB_Task-2,194,93,0.44086021505376344,0.4398704902867715,0.43061979648473636,0.43557422969187676
raw_qc_pass,cue_locked,VisualCogA_Task-1,28,csp_e2_shrink0.01_l2_10,csp,10.0,2,0.01,0.44826912503446575,VisualCogA_Task-2,191,96,0.3958333333333333,0.41534391534391535,0.4343033509700176,0.38920579201404126
raw_qc_pass,cue_locked,VisualCogA_Task-1,28,csp_e2_shrink0.01_l2_10,csp,10.0,2,0.01,0.44826912503446575,VisualCogB_Task-1,189,98,0.5,0.5,0.45317725752508364,0.49953100573215214
raw_qc_pass,cue_locked,VisualCogA_Task-1,28,csp_e2_shrink0.01_l2_10,csp,10.0,2,0.01,0.44826912503446575,VisualCogB_Task-2,194,93,0.43010752688172044,0.42946345975948197,0.41951896392229415,0.42772553117380707
raw_qc_pass,cue_locked,VisualCogA_Task-1,29,csp_e2_shrink0.1_l2_0.1,csp,0.1,2,0.1,0.43875443944824144,VisualCogA_Task-2,191,96,0.40625,0.4246031746031746,0.43253968253968256,0.4009852216748768
raw_qc_pass,cue_locked,VisualCogA_Task-1,29,csp_e2_shrink0.1_l2_0.1,csp,0.1,2,0.1,0.43875443944824144,VisualCogB_Task-1,189,98,0.41836734693877553,0.4205685618729097,0.4381270903010033,0.41830677913152137
raw_qc_pass,cue_locked,VisualCogA_Task-1,29,csp_e2_shrink0.1_l2_0.1,csp,0.1,2,0.1,0.43875443944824144,VisualCogB_Task-2,194,93,0.4731182795698925,0.4710915818686401,0.4259944495837188,0.4526126126126126
raw_qc_pass,cue_locked,VisualCogA_Task-1,30,csp_e2_shrink0.1_l2_1,csp,1.0,2,0.1,0.4356264003581303,VisualCogA_Task-2,191,96,0.40625,0.4246031746031746,0.4320987654320988,0.4009852216748768
raw_qc_pass,cue_locked,VisualCogA_Task-1,30,csp_e2_shrink0.1_l2_1,csp,1.0,2,0.1,0.4356264003581303,VisualCogB_Task-1,189,98,0.40816326530612246,0.41095317725752506,0.43854515050167225,0.40791666666666665
raw_qc_pass,cue_locked,VisualCogA_Task-1,30,csp_e2_shrink0.1_l2_1,csp,1.0,2,0.1,0.4356264003581303,VisualCogB_Task-2,194,93,0.4731182795698925,0.47132284921369105,0.42738205365402404,0.457047539616347
raw_qc_pass,cue_locked,VisualCogA_Task-1,31,csp_e2_shrink0.1_l2_10,csp,10.0,2,0.1,0.4225510102784232,VisualCogA_Task-2,191,96,0.3958333333333333,0.41534391534391535,0.43606701940035275,0.38920579201404126
raw_qc_pass,cue_locked,VisualCogA_Task-1,31,csp_e2_shrink0.1_l2_10,csp,10.0,2,0.1,0.4225510102784232,VisualCogB_Task-1,189,98,0.3979591836734694,0.4013377926421404,0.4389632107023411,0.39739447628973423
raw_qc_pass,cue_locked,VisualCogA_Task-1,31,csp_e2_shrink0.1_l2_10,csp,10.0,2,0.1,0.4225510102784232,VisualCogB_Task-2,194,93,0.45161290322580644,0.4509713228492137,0.42506938020351526,0.44932079414838033
raw_qc_pass,cue_locked,VisualCogA_Task-2,0,baseline_logistic_l2_1,baseline_13,1.0,0,0.0,0.4771258366694691,VisualCogA_Task-1,191,100,0.46,0.46457326892109496,0.48953301127214166,0.45978391356542614
raw_qc_pass,cue_locked,VisualCogA_Task-2,0,baseline_logistic_l2_1,baseline_13,1.0,0,0.0,0.4771258366694691,VisualCogB_Task-1,193,98,0.4897959183673469,0.4816053511705686,0.5029264214046822,0.4758237056054771
raw_qc_pass,cue_locked,VisualCogA_Task-2,0,baseline_logistic_l2_1,baseline_13,1.0,0,0.0,0.4771258366694691,VisualCogB_Task-2,198,93,0.4838709677419355,0.48519888991674376,0.5120259019426457,0.47654784240150094
raw_qc_pass,cue_locked,VisualCogA_Task-2,1,logistic_baseline_13_l2_0.1,baseline_13,0.1,0,0.0,0.48417641591400457,VisualCogA_Task-1,191,100,0.47,0.47383252818035426,0.4887278582930757,0.46994699469946993
raw_qc_pass,cue_locked,VisualCogA_Task-2,1,logistic_baseline_13_l2_0.1,baseline_13,0.1,0,0.0,0.48417641591400457,VisualCogB_Task-1,193,98,0.47959183673469385,0.47198996655518394,0.49958193979933113,0.4671073675231901
raw_qc_pass,cue_locked,VisualCogA_Task-2,1,logistic_baseline_13_l2_0.1,baseline_13,0.1,0,0.0,0.48417641591400457,VisualCogB_Task-2,198,93,0.5053763440860215,0.5067067530064755,0.515263644773358,0.49835834896810505
raw_qc_pass,cue_locked,VisualCogA_Task-2,2,logistic_baseline_13_l2_10,baseline_13,10.0,0,0.0,0.47815775463786564,VisualCogA_Task-1,191,100,0.47,0.47705314009661837,0.49396135265700486,0.468671679197995
raw_qc_pass,cue_locked,VisualCogA_Task-2,2,logistic_baseline_13_l2_10,baseline_13,10.0,0,0.0,0.47815775463786564,VisualCogB_Task-1,193,98,0.5102040816326531,0.5045986622073578,0.5025083612040134,0.5027484143763213
raw_qc_pass,cue_locked,VisualCogA_Task-2,2,logistic_baseline_13_l2_10,baseline_13,10.0,0,0.0,0.47815775463786564,VisualCogB_Task-2,198,93,0.45161290322580644,0.45282146160962067,0.5129509713228492,0.4451982688033688
raw_qc_pass,cue_locked,VisualCogA_Task-2,3,logistic_baseline_13_l2_100,baseline_13,100.0,0,0.0,0.4862763805101147,VisualCogA_Task-1,191,100,0.48,0.49597423510466987,0.49879227053140096,0.4663382594417077
raw_qc_pass,cue_locked,VisualCogA_Task-2,3,logistic_baseline_13_l2_100,baseline_13,100.0,0,0.0,0.4862763805101147,VisualCogB_Task-1,193,98,0.45918367346938777,0.4665551839464883,0.5033444816053512,0.45458363960936676
raw_qc_pass,cue_locked,VisualCogA_Task-2,3,logistic_baseline_13_l2_100,baseline_13,100.0,0,0.0,0.4862763805101147,VisualCogB_Task-2,198,93,0.4946236559139785,0.49629972247918597,0.505550416281221,0.4829054773453212
raw_qc_pass,cue_locked,VisualCogA_Task-2,4,logistic_erp_100ms_l2_0.1,erp_100ms,0.1,0,0.0,0.4390207530047185,VisualCogA_Task-1,191,100,0.43,0.4416264090177134,0.46739130434782605,0.42301852414211966
raw_qc_pass,cue_locked,VisualCogA_Task-2,4,logistic_erp_100ms_l2_0.1,erp_100ms,0.1,0,0.0,0.4390207530047185,VisualCogB_Task-1,193,98,0.4387755102040816,0.44481605351170567,0.38795986622073575,0.4358974358974359
raw_qc_pass,cue_locked,VisualCogA_Task-2,4,logistic_erp_100ms_l2_0.1,erp_100ms,0.1,0,0.0,0.4390207530047185,VisualCogB_Task-2,198,93,0.43010752688172044,0.43061979648473636,0.4569842738205365,0.4290513147225762
raw_qc_pass,cue_locked,VisualCogA_Task-2,5,logistic_erp_100ms_l2_10,erp_100ms,10.0,0,0.0,0.4471603532658112,VisualCogA_Task-1,191,100,0.45,0.4746376811594203,0.4907407407407407,0.40675223816201056
raw_qc_pass,cue_locked,VisualCogA_Task-2,5,logistic_erp_100ms_l2_10,erp_100ms,10.0,0,0.0,0.4471603532658112,VisualCogB_Task-1,193,98,0.4387755102040816,0.4473244147157191,0.3917224080267559,0.43161446799536013
raw_qc_pass,cue_locked,VisualCogA_Task-2,5,logistic_erp_100ms_l2_10,erp_100ms,10.0,0,0.0,0.4471603532658112,VisualCogB_Task-2,198,93,0.41935483870967744,0.41951896392229415,0.4639222941720629,0.4192876965772433
raw_qc_pass,cue_locked,VisualCogA_Task-2,6,logistic_erp_100ms_l2_100,erp_100ms,100.0,0,0.0,0.500144953891485,VisualCogA_Task-1,191,100,0.49,0.5277777777777778,0.45692431561996777,0.3743099006256901
raw_qc_pass,cue_locked,VisualCogA_Task-2,6,logistic_erp_100ms_l2_100,erp_100ms,100.0,0,0.0,0.500144953891485,VisualCogB_Task-1,193,98,0.4897959183673469,0.5091973244147158,0.4581939799331104,0.4444444444444444
raw_qc_pass,cue_locked,VisualCogA_Task-2,6,logistic_erp_100ms_l2_100,erp_100ms,100.0,0,0.0,0.500144953891485,VisualCogB_Task-2,198,93,0.46236559139784944,0.46345975948196116,0.4629972247918594,0.4572829131652661
raw_qc_pass,cue_locked,VisualCogA_Task-2,7,logistic_erp_100ms_l2_1,erp_100ms,1.0,0,0.0,0.4307934117138557,VisualCogA_Task-1,191,100,0.45,0.46980676328502413,0.4903381642512077,0.42462600690448793
raw_qc_pass,cue_locked,VisualCogA_Task-2,7,logistic_erp_100ms_l2_1,erp_100ms,1.0,0,0.0,0.4307934117138557,VisualCogB_Task-1,193,98,0.40816326530612246,0.41346153846153844,0.38168896321070234,0.4059364548494983
raw_qc_pass,cue_locked,VisualCogA_Task-2,7,logistic_erp_100ms_l2_1,erp_100ms,1.0,0,0.0,0.4307934117138557,VisualCogB_Task-2,198,93,0.40860215053763443,0.4091119333950046,0.46901017576318227,0.40750608131588095
raw_qc_pass,cue_locked,VisualCogA_Task-2,8,logistic_erp_50ms_l2_0.1,erp_50ms,0.1,0,0.0,0.4566831650550429,VisualCogA_Task-1,191,100,0.45,0.46497584541062803,0.46698872785829304,0.4373401534526854
raw_qc_pass,cue_locked,VisualCogA_Task-2,8,logistic_erp_50ms_l2_0.1,erp_50ms,0.1,0,0.0,0.4566831650550429,VisualCogB_Task-1,193,98,0.41836734693877553,0.4205685618729097,0.3904682274247492,0.41830677913152137
raw_qc_pass,cue_locked,VisualCogA_Task-2,8,logistic_erp_50ms_l2_0.1,erp_50ms,0.1,0,0.0,0.4566831650550429,VisualCogB_Task-2,198,93,0.4838709677419355,0.4845050878815911,0.47086031452358923,0.4823747680890538
raw_qc_pass,cue_locked,VisualCogA_Task-2,9,logistic_erp_50ms_l2_10,erp_50ms,10.0,0,0.0,0.42636056797327226,VisualCogA_Task-1,191,100,0.46,0.4774557165861514,0.4863123993558776,0.44191814799503926
raw_qc_pass,cue_locked,VisualCogA_Task-2,9,logistic_erp_50ms_l2_10,erp_50ms,10.0,0,0.0,0.42636056797327226,VisualCogB_Task-1,193,98,0.37755102040816324,0.38210702341137126,0.36872909698996653,0.3759265058983192
raw_qc_pass,cue_locked,VisualCogA_Task-2,9,logistic_erp_50ms_l2_10,erp_50ms,10.0,0,0.0,0.42636056797327226,VisualCogB_Task-2,198,93,0.41935483870967744,0.41951896392229415,0.46484736355226636,0.4192876965772433
raw_qc_pass,cue_locked,VisualCogA_Task-2,10,logistic_erp_50ms_l2_100,erp_50ms,100.0,0,0.0,0.49872144078897085,VisualCogA_Task-1,191,100,0.5,0.533816425120773,0.4742351046698873,0.415614773258532
raw_qc_pass,cue_locked,VisualCogA_Task-2,10,logistic_erp_50ms_l2_100,erp_50ms,100.0,0,0.0,0.49872144078897085,VisualCogB_Task-1,193,98,0.4489795918367347,0.46697324414715724,0.41638795986622074,0.40725806451612906
raw_qc_pass,cue_locked,VisualCogA_Task-2,10,logistic_erp_50ms_l2_100,erp_50ms,100.0,0,0.0,0.49872144078897085,VisualCogB_Task-2,198,93,0.4946236559139785,0.49537465309898243,0.46993524514338575,0.492511320097527
raw_qc_pass,cue_locked,VisualCogA_Task-2,11,logistic_erp_50ms_l2_1,erp_50ms,1.0,0,0.0,0.4435629710452405,VisualCogA_Task-1,191,100,0.45,0.461755233494364,0.4778582930756844,0.44326348820730843
raw_qc_pass,cue_locked,VisualCogA_Task-2,11,logistic_erp_50ms_l2_1,erp_50ms,1.0,0,0.0,0.4435629710452405,VisualCogB_Task-1,193,98,0.41836734693877553,0.4168060200668896,0.382943143812709,0.4168493579705606
raw_qc_pass,cue_locked,VisualCogA_Task-2,11,logistic_erp_50ms_l2_1,erp_50ms,1.0,0,0.0,0.4435629710452405,VisualCogB_Task-2,198,93,0.45161290322580644,0.4521276595744681,0.45050878815911194,0.4505965481292714
raw_qc_pass,cue_locked,VisualCogA_Task-2,12,logistic_spatial_100ms_l2_0.1,spatial_100ms,0.1,0,0.0,0.4390207530047185,VisualCogA_Task-1,191,100,0.43,0.4416264090177134,0.46739130434782605,0.42301852414211966
raw_qc_pass,cue_locked,VisualCogA_Task-2,12,logistic_spatial_100ms_l2_0.1,spatial_100ms,0.1,0,0.0,0.4390207530047185,VisualCogB_Task-1,193,98,0.4387755102040816,0.44481605351170567,0.38795986622073575,0.4358974358974359
raw_qc_pass,cue_locked,VisualCogA_Task-2,12,logistic_spatial_100ms_l2_0.1,spatial_100ms,0.1,0,0.0,0.4390207530047185,VisualCogB_Task-2,198,93,0.43010752688172044,0.43061979648473636,0.4569842738205365,0.4290513147225762
raw_qc_pass,cue_locked,VisualCogA_Task-2,13,logistic_spatial_100ms_l2_10,spatial_100ms,10.0,0,0.0,0.4471603532658112,VisualCogA_Task-1,191,100,0.45,0.4746376811594203,0.4907407407407407,0.40675223816201056
raw_qc_pass,cue_locked,VisualCogA_Task-2,13,logistic_spatial_100ms_l2_10,spatial_100ms,10.0,0,0.0,0.4471603532658112,VisualCogB_Task-1,193,98,0.4387755102040816,0.4473244147157191,0.3917224080267559,0.43161446799536013
raw_qc_pass,cue_locked,VisualCogA_Task-2,13,logistic_spatial_100ms_l2_10,spatial_100ms,10.0,0,0.0,0.4471603532658112,VisualCogB_Task-2,198,93,0.41935483870967744,0.41951896392229415,0.4639222941720629,0.4192876965772433
raw_qc_pass,cue_locked,VisualCogA_Task-2,14,logistic_spatial_100ms_l2_100,spatial_100ms,100.0,0,0.0,0.500144953891485,VisualCogA_Task-1,191,100,0.49,0.5277777777777778,0.45692431561996777,0.3743099006256901
raw_qc_pass,cue_locked,VisualCogA_Task-2,14,logistic_spatial_100ms_l2_100,spatial_100ms,100.0,0,0.0,0.500144953891485,VisualCogB_Task-1,193,98,0.4897959183673469,0.5091973244147158,0.4581939799331104,0.4444444444444444
raw_qc_pass,cue_locked,VisualCogA_Task-2,14,logistic_spatial_100ms_l2_100,spatial_100ms,100.0,0,0.0,0.500144953891485,VisualCogB_Task-2,198,93,0.46236559139784944,0.46345975948196116,0.4629972247918594,0.4572829131652661
raw_qc_pass,cue_locked,VisualCogA_Task-2,15,logistic_spatial_100ms_l2_1,spatial_100ms,1.0,0,0.0,0.4307934117138557,VisualCogA_Task-1,191,100,0.45,0.46980676328502413,0.4903381642512077,0.42462600690448793
raw_qc_pass,cue_locked,VisualCogA_Task-2,15,logistic_spatial_100ms_l2_1,spatial_100ms,1.0,0,0.0,0.4307934117138557,VisualCogB_Task-1,193,98,0.40816326530612246,0.41346153846153844,0.38168896321070234,0.4059364548494983
raw_qc_pass,cue_locked,VisualCogA_Task-2,15,logistic_spatial_100ms_l2_1,spatial_100ms,1.0,0,0.0,0.4307934117138557,VisualCogB_Task-2,198,93,0.40860215053763443,0.4091119333950046,0.46901017576318227,0.40750608131588095
raw_qc_pass,cue_locked,VisualCogA_Task-2,16,logistic_wave64_l2_0.1,wave64,0.1,0,0.0,0.43241404014607837,VisualCogA_Task-1,191,100,0.44,0.4412238325281803,0.4371980676328503,0.43977591036414565
raw_qc_pass,cue_locked,VisualCogA_Task-2,16,logistic_wave64_l2_0.1,wave64,0.1,0,0.0,0.43241404014607837,VisualCogB_Task-1,193,98,0.37755102040816324,0.37081939799331104,0.3649665551839465,0.3664016958134605
raw_qc_pass,cue_locked,VisualCogA_Task-2,16,logistic_wave64_l2_0.1,wave64,0.1,0,0.0,0.43241404014607837,VisualCogB_Task-2,198,93,0.4838709677419355,0.48519888991674376,0.4912118408880666,0.47654784240150094
raw_qc_pass,cue_locked,VisualCogA_Task-2,17,logistic_wave64_l2_10,wave64,10.0,0,0.0,0.4339475864298559,VisualCogA_Task-1,191,100,0.43,0.4400161030595813,0.45128824476650564,0.42534529690492995
raw_qc_pass,cue_locked,VisualCogA_Task-2,17,logistic_wave64_l2_10,wave64,10.0,0,0.0,0.4339475864298559,VisualCogB_Task-1,193,98,0.41836734693877553,0.4205685618729097,0.38001672240802675,0.41830677913152137
raw_qc_pass,cue_locked,VisualCogA_Task-2,17,logistic_wave64_l2_10,wave64,10.0,0,0.0,0.4339475864298559,VisualCogB_Task-2,198,93,0.44086021505376344,0.44125809435707675,0.4505087881591119,0.44027777777777777
raw_qc_pass,cue_locked,VisualCogA_Task-2,18,logistic_wave64_l2_100,wave64,100.0,0,0.0,0.43639434222998824,VisualCogA_Task-1,191,100,0.44,0.4605475040257649,0.4533011272141707,0.41151744430432957
raw_qc_pass,cue_locked,VisualCogA_Task-2,18,logistic_wave64_l2_100,wave64,100.0,0,0.0,0.43639434222998824,VisualCogB_Task-1,193,98,0.3877551020408163,0.3967391304347826,0.3896321070234114,0.37843551797040165
raw_qc_pass,cue_locked,VisualCogA_Task-2,18,logistic_wave64_l2_100,wave64,100.0,0,0.0,0.43639434222998824,VisualCogB_Task-2,198,93,0.45161290322580644,0.45189639222941724,0.4643848288621647,0.4513591671486408
raw_qc_pass,cue_locked,VisualCogA_Task-2,19,logistic_wave64_l2_1,wave64,1.0,0,0.0,0.44076942404108604,VisualCogA_Task-1,191,100,0.47,0.4754428341384863,0.4400161030595813,0.46952257031328193
raw_qc_pass,cue_locked,VisualCogA_Task-2,19,logistic_wave64_l2_1,wave64,1.0,0,0.0,0.44076942404108604,VisualCogB_Task-1,193,98,0.3877551020408163,0.38294314381270905,0.37541806020066887,0.38131313131313127
raw_qc_pass,cue_locked,VisualCogA_Task-2,19,logistic_wave64_l2_1,wave64,1.0,0,0.0,0.44076942404108604,VisualCogB_Task-2,198,93,0.46236559139784944,0.46392229417206293,0.47224791859389453,0.4516509433962264
raw_qc_pass,cue_locked,VisualCogA_Task-2,20,csp_e1_shrink0.01_l2_0.1,csp,0.1,1,0.01,0.4626253960974898,VisualCogA_Task-1,191,100,0.45,0.4714170692431562,0.4863123993558776,0.41927990708478513
raw_qc_pass,cue_locked,VisualCogA_Task-2,20,csp_e1_shrink0.01_l2_0.1,csp,0.1,1,0.01,0.4626253960974898,VisualCogB_Task-1,193,98,0.5510204081632653,0.5418060200668896,0.5100334448160535,0.5353448275862069
raw_qc_pass,cue_locked,VisualCogA_Task-2,20,csp_e1_shrink0.01_l2_0.1,csp,0.1,1,0.01,0.4626253960974898,VisualCogB_Task-2,198,93,0.3763440860215054,0.37465309898242366,0.3413506012950971,0.3596866096866097
raw_qc_pass,cue_locked,VisualCogA_Task-2,21,csp_e1_shrink0.01_l2_1,csp,1.0,1,0.01,0.4585841474910239,VisualCogA_Task-1,191,100,0.45,0.4714170692431562,0.4863123993558776,0.41927990708478513
raw_qc_pass,cue_locked,VisualCogA_Task-2,21,csp_e1_shrink0.01_l2_1,csp,1.0,1,0.01,0.4585841474910239,VisualCogB_Task-1,193,98,0.5408163265306123,0.5296822742474916,0.4937290969899665,0.518716577540107
raw_qc_pass,cue_locked,VisualCogA_Task-2,21,csp_e1_shrink0.01_l2_1,csp,1.0,1,0.01,0.4585841474910239,VisualCogB_Task-2,198,93,0.3763440860215054,0.37465309898242366,0.3413506012950971,0.3596866096866097
raw_qc_pass,cue_locked,VisualCogA_Task-2,22,csp_e1_shrink0.01_l2_10,csp,10.0,1,0.01,0.4365663102557953,VisualCogA_Task-1,191,100,0.46,0.48228663446054754,0.4863123993558776,0.4269949066213922
raw_qc_pass,cue_locked,VisualCogA_Task-2,22,csp_e1_shrink0.01_l2_10,csp,10.0,1,0.01,0.4365663102557953,VisualCogB_Task-1,193,98,0.46938775510204084,0.463628762541806,0.44565217391304346,0.46131078224101474
raw_qc_pass,cue_locked,VisualCogA_Task-2,22,csp_e1_shrink0.01_l2_10,csp,10.0,1,0.01,0.4365663102557953,VisualCogB_Task-2,198,93,0.3655913978494624,0.36378353376503236,0.3413506012950971,0.3462409150482545
raw_qc_pass,cue_locked,VisualCogA_Task-2,23,csp_e1_shrink0.1_l2_0.1,csp,0.1,1,0.1,0.44172238606404496,VisualCogA_Task-1,191,100,0.45,0.4714170692431562,0.48268921095008055,0.41927990708478513
raw_qc_pass,cue_locked,VisualCogA_Task-2,23,csp_e1_shrink0.1_l2_0.1,csp,0.1,1,0.1,0.44172238606404496,VisualCogB_Task-1,193,98,0.5,0.4899665551839465,0.4874581939799331,0.4804717083198096
raw_qc_pass,cue_locked,VisualCogA_Task-2,23,csp_e1_shrink0.1_l2_0.1,csp,0.1,1,0.1,0.44172238606404496,VisualCogB_Task-2,198,93,0.3655913978494624,0.36378353376503236,0.34273820536540245,0.3462409150482545
raw_qc_pass,cue_locked,VisualCogA_Task-2,24,csp_e1_shrink0.1_l2_1,csp,1.0,1,0.1,0.4321070014486604,VisualCogA_Task-1,191,100,0.45,0.4714170692431562,0.48268921095008055,0.41927990708478513
raw_qc_pass,cue_locked,VisualCogA_Task-2,24,csp_e1_shrink0.1_l2_1,csp,1.0,1,0.1,0.4321070014486604,VisualCogB_Task-1,193,98,0.46938775510204084,0.46112040133779264,0.47031772575250835,0.4548566538296962
raw_qc_pass,cue_locked,VisualCogA_Task-2,24,csp_e1_shrink0.1_l2_1,csp,1.0,1,0.1,0.4321070014486604,VisualCogB_Task-2,198,93,0.3655913978494624,0.36378353376503236,0.34273820536540245,0.3462409150482545
raw_qc_pass,cue_locked,VisualCogA_Task-2,25,csp_e1_shrink0.1_l2_10,csp,10.0,1,0.1,0.4373253415421161,VisualCogA_Task-1,191,100,0.45,0.4714170692431562,0.48268921095008055,0.41927990708478513
raw_qc_pass,cue_locked,VisualCogA_Task-2,25,csp_e1_shrink0.1_l2_10,csp,10.0,1,0.1,0.4373253415421161,VisualCogB_Task-1,193,98,0.46938775510204084,0.4661371237458194,0.44607023411371244,0.46582809224318655
raw_qc_pass,cue_locked,VisualCogA_Task-2,25,csp_e1_shrink0.1_l2_10,csp,10.0,1,0.1,0.4373253415421161,VisualCogB_Task-2,198,93,0.3763440860215054,0.3744218316373728,0.34273820536540245,0.3547846889952153
raw_qc_pass,cue_locked,VisualCogA_Task-2,26,csp_e2_shrink0.01_l2_0.1,csp,0.1,2,0.01,0.4251603058263558,VisualCogA_Task-1,191,100,0.43,0.45289855072463764,0.4754428341384863,0.392
raw_qc_pass,cue_locked,VisualCogA_Task-2,26,csp_e2_shrink0.01_l2_0.1,csp,0.1,2,0.01,0.4251603058263558,VisualCogB_Task-1,193,98,0.45918367346938777,0.45903010033444813,0.4251672240802675,0.458676393955185
raw_qc_pass,cue_locked,VisualCogA_Task-2,26,csp_e2_shrink0.01_l2_0.1,csp,0.1,2,0.01,0.4251603058263558,VisualCogB_Task-2,198,93,0.3655913978494624,0.3635522664199815,0.3214616096207216,0.3409009009009009
raw_qc_pass,cue_locked,VisualCogA_Task-2,27,csp_e2_shrink0.01_l2_1,csp,1.0,2,0.01,0.4251603058263558,VisualCogA_Task-1,191,100,0.43,0.45289855072463764,0.47383252818035426,0.392
raw_qc_pass,cue_locked,VisualCogA_Task-2,27,csp_e2_shrink0.01_l2_1,csp,1.0,2,0.01,0.4251603058263558,VisualCogB_Task-1,193,98,0.45918367346938777,0.45903010033444813,0.42558528428093645,0.458676393955185
raw_qc_pass,cue_locked,VisualCogA_Task-2,27,csp_e2_shrink0.01_l2_1,csp,1.0,2,0.01,0.4251603058263558,VisualCogB_Task-2,198,93,0.3655913978494624,0.3635522664199815,0.32377428307123035,0.3409009009009009
raw_qc_pass,cue_locked,VisualCogA_Task-2,28,csp_e2_shrink0.01_l2_10,csp,10.0,2,0.01,0.41806810724479543,VisualCogA_Task-1,191,100,0.43,0.45289855072463764,0.4714170692431562,0.392
raw_qc_pass,cue_locked,VisualCogA_Task-2,28,csp_e2_shrink0.01_l2_10,csp,10.0,2,0.01,0.41806810724479543,VisualCogB_Task-1,193,98,0.4489795918367347,0.4481605351170569,0.42642140468227424,0.44806007509386736
raw_qc_pass,cue_locked,VisualCogA_Task-2,28,csp_e2_shrink0.01_l2_10,csp,10.0,2,0.01,0.41806810724479543,VisualCogB_Task-2,198,93,0.3548387096774194,0.3531452358926919,0.32099907493061974,0.33760683760683763
raw_qc_pass,cue_locked,VisualCogA_Task-2,29,csp_e2_shrink0.1_l2_0.1,csp,0.1,2,0.1,0.42565545514204156,VisualCogA_Task-1,191,100,0.42,0.44202898550724634,0.4681964573268921,0.38455008488964343
raw_qc_pass,cue_locked,VisualCogA_Task-2,29,csp_e2_shrink0.1_l2_0.1,csp,0.1,2,0.1,0.42565545514204156,VisualCogB_Task-1,193,98,0.47959183673469385,0.48202341137123744,0.41304347826086957,0.4795376444860981
raw_qc_pass,cue_locked,VisualCogA_Task-2,29,csp_e2_shrink0.1_l2_0.1,csp,0.1,2,0.1,0.42565545514204156,VisualCogB_Task-2,198,93,0.3548387096774194,0.35291396854764107,0.3242368177613321,0.33253588516746413
raw_qc_pass,cue_locked,VisualCogA_Task-2,30,csp_e2_shrink0.1_l2_1,csp,1.0,2,0.1,0.42252741605193034,VisualCogA_Task-1,191,100,0.42,0.44202898550724634,0.4681964573268921,0.38455008488964343
raw_qc_pass,cue_locked,VisualCogA_Task-2,30,csp_e2_shrink0.1_l2_1,csp,1.0,2,0.1,0.42252741605193034,VisualCogB_Task-1,193,98,0.47959183673469385,0.48327759197324416,0.4159698996655518,0.4791036998436686
raw_qc_pass,cue_locked,VisualCogA_Task-2,30,csp_e2_shrink0.1_l2_1,csp,1.0,2,0.1,0.42252741605193034,VisualCogB_Task-2,198,93,0.34408602150537637,0.3422756706753006,0.3251618871415356,0.32407959013463605
raw_qc_pass,cue_locked,VisualCogA_Task-2,31,csp_e2_shrink0.1_l2_10,csp,10.0,2,0.1,0.41528103924033616,VisualCogA_Task-1,191,100,0.42,0.44202898550724634,0.4681964573268921,0.38455008488964343
raw_qc_pass,cue_locked,VisualCogA_Task-2,31,csp_e2_shrink0.1_l2_10,csp,10.0,2,0.1,0.41528103924033616,VisualCogB_Task-1,193,98,0.45918367346938777,0.46153846153846156,0.4214046822742475,0.45912735603457255
raw_qc_pass,cue_locked,VisualCogA_Task-2,31,csp_e2_shrink0.1_l2_10,csp,10.0,2,0.1,0.41528103924033616,VisualCogB_Task-2,198,93,0.34408602150537637,0.3422756706753006,0.3279370952821462,0.32407959013463605
raw_qc_pass,cue_locked,VisualCogB_Task-1,0,baseline_logistic_l2_1,baseline_13,1.0,0,0.0,0.4655852165102859,VisualCogA_Task-1,189,100,0.52,0.5169082125603865,0.5020128824476651,0.5169082125603865
raw_qc_pass,cue_locked,VisualCogB_Task-1,0,baseline_logistic_l2_1,baseline_13,1.0,0,0.0,0.4655852165102859,VisualCogA_Task-2,193,96,0.4583333333333333,0.4365079365079365,0.41534391534391535,0.42830966559780115
raw_qc_pass,cue_locked,VisualCogB_Task-1,0,baseline_logistic_l2_1,baseline_13,1.0,0,0.0,0.4655852165102859,VisualCogB_Task-2,196,93,0.44086021505376344,0.4433395004625347,0.4694727104532841,0.4108187134502924
raw_qc_pass,cue_locked,VisualCogB_Task-1,1,logistic_baseline_13_l2_0.1,baseline_13,0.1,0,0.0,0.48732353118723765,VisualCogA_Task-1,189,100,0.55,0.5462962962962963,0.49959742351046693,0.5463252343986289
raw_qc_pass,cue_locked,VisualCogB_Task-1,1,logistic_baseline_13_l2_0.1,baseline_13,0.1,0,0.0,0.48732353118723765,VisualCogA_Task-2,193,96,0.46875,0.45105820105820105,0.41181657848324515,0.4470920383963862
raw_qc_pass,cue_locked,VisualCogB_Task-1,1,logistic_baseline_13_l2_0.1,baseline_13,0.1,0,0.0,0.48732353118723765,VisualCogB_Task-2,196,93,0.46236559139784944,0.46461609620721556,0.46623496762257166,0.4389478764478765
raw_qc_pass,cue_locked,VisualCogB_Task-1,2,logistic_baseline_13_l2_10,baseline_13,10.0,0,0.0,0.4742118555717075,VisualCogA_Task-1,189,100,0.53,0.5197262479871175,0.5462962962962963,0.5160127690248172
raw_qc_pass,cue_locked,VisualCogB_Task-1,2,logistic_baseline_13_l2_10,baseline_13,10.0,0,0.0,0.4742118555717075,VisualCogA_Task-2,193,96,0.46875,0.43783068783068785,0.4404761904761905,0.41540298507462686
raw_qc_pass,cue_locked,VisualCogB_Task-1,2,logistic_baseline_13_l2_10,baseline_13,10.0,0,0.0,0.4742118555717075,VisualCogB_Task-2,196,93,0.46236559139784944,0.46507863089731727,0.4773358001850138,0.4273399014778325
raw_qc_pass,cue_locked,VisualCogB_Task-1,3,logistic_baseline_13_l2_100,baseline_13,100.0,0,0.0,0.4860803162529959,VisualCogA_Task-1,189,100,0.59,0.5640096618357487,0.5595813204508856,0.5249681381068243
raw_qc_pass,cue_locked,VisualCogB_Task-1,3,logistic_baseline_13_l2_100,baseline_13,100.0,0,0.0,0.4860803162529959,VisualCogA_Task-2,193,96,0.5,0.44973544973544977,0.4400352733686067,0.36703296703296706
raw_qc_pass,cue_locked,VisualCogB_Task-1,3,logistic_baseline_13_l2_100,baseline_13,100.0,0,0.0,0.4860803162529959,VisualCogB_Task-2,196,93,0.44086021505376344,0.4444958371877891,0.48612395929694724,0.3709677419354839
raw_qc_pass,cue_locked,VisualCogB_Task-1,4,logistic_erp_100ms_l2_0.1,erp_100ms,0.1,0,0.0,0.4823013181015032,VisualCogA_Task-1,189,100,0.44,0.4412238325281803,0.4500805152979066,0.43977591036414565
raw_qc_pass,cue_locked,VisualCogB_Task-1,4,logistic_erp_100ms_l2_0.1,erp_100ms,0.1,0,0.0,0.4823013181015032,VisualCogA_Task-2,193,96,0.5208333333333334,0.4973544973544974,0.4695767195767196,0.48888888888888893
raw_qc_pass,cue_locked,VisualCogB_Task-1,4,logistic_erp_100ms_l2_0.1,erp_100ms,0.1,0,0.0,0.4823013181015032,VisualCogB_Task-2,196,93,0.5053763440860215,0.5083256244218317,0.5198889916743756,0.46684945164506486
raw_qc_pass,cue_locked,VisualCogB_Task-1,5,logistic_erp_100ms_l2_10,erp_100ms,10.0,0,0.0,0.47480817454607155,VisualCogA_Task-1,189,100,0.5,0.4790660225442834,0.45450885668276975,0.45054945054945056
raw_qc_pass,cue_locked,VisualCogB_Task-1,5,logistic_erp_100ms_l2_10,erp_100ms,10.0,0,0.0,0.47480817454607155,VisualCogA_Task-2,193,96,0.5,0.46825396825396826,0.4409171075837743,0.4458874458874459
raw_qc_pass,cue_locked,VisualCogB_Task-1,5,logistic_erp_100ms_l2_10,erp_100ms,10.0,0,0.0,0.47480817454607155,VisualCogB_Task-2,196,93,0.4731182795698925,0.477104532839963,0.49167437557816834,0.39183237688509276
raw_qc_pass,cue_locked,VisualCogB_Task-1,6,logistic_erp_100ms_l2_100,erp_100ms,100.0,0,0.0,0.49913692821494243,VisualCogA_Task-1,189,100,0.55,0.5124798711755234,0.4786634460547504,0.39180970401405596
raw_qc_pass,cue_locked,VisualCogB_Task-1,6,logistic_erp_100ms_l2_100,erp_100ms,100.0,0,0.0,0.49913692821494243,VisualCogA_Task-2,193,96,0.5520833333333334,0.49603174603174605,0.44135802469135804,0.39427732942039617
raw_qc_pass,cue_locked,VisualCogB_Task-1,6,logistic_erp_100ms_l2_100,erp_100ms,100.0,0,0.0,0.49913692821494243,VisualCogB_Task-2,196,93,0.4838709677419355,0.48889916743755785,0.46901017576318227,0.3435294117647059
raw_qc_pass,cue_locked,VisualCogB_Task-1,7,logistic_erp_100ms_l2_1,erp_100ms,1.0,0,0.0,0.47988626704322046,VisualCogA_Task-1,189,100,0.48,0.47342995169082125,0.4420289855072464,0.4724025974025974
raw_qc_pass,cue_locked,VisualCogB_Task-1,7,logistic_erp_100ms_l2_1,erp_100ms,1.0,0,0.0,0.47988626704322046,VisualCogA_Task-2,193,96,0.4791666666666667,0.4576719576719577,0.45238095238095233,0.45029775538250116
raw_qc_pass,cue_locked,VisualCogB_Task-1,7,logistic_erp_100ms_l2_1,erp_100ms,1.0,0,0.0,0.47988626704322046,VisualCogB_Task-2,196,93,0.5053763440860215,0.5085568917668826,0.5124884366327475,0.45984848484848484
raw_qc_pass,cue_locked,VisualCogB_Task-1,8,logistic_erp_50ms_l2_0.1,erp_50ms,0.1,0,0.0,0.5002047552155476,VisualCogA_Task-1,189,100,0.46,0.46296296296296297,0.46497584541062803,0.46
raw_qc_pass,cue_locked,VisualCogB_Task-1,8,logistic_erp_50ms_l2_0.1,erp_50ms,0.1,0,0.0,0.5002047552155476,VisualCogA_Task-2,193,96,0.5,0.48677248677248675,0.4594356261022928,0.4857142857142857
raw_qc_pass,cue_locked,VisualCogB_Task-1,8,logistic_erp_50ms_l2_0.1,erp_50ms,0.1,0,0.0,0.5002047552155476,VisualCogB_Task-2,196,93,0.5483870967741935,0.5508788159111934,0.5633672525439408,0.5241228070175439
raw_qc_pass,cue_locked,VisualCogB_Task-1,9,logistic_erp_50ms_l2_10,erp_50ms,10.0,0,0.0,0.48914552630247976,VisualCogA_Task-1,189,100,0.49,0.48268921095008055,0.499194847020934,0.4812328349099786
raw_qc_pass,cue_locked,VisualCogB_Task-1,9,logistic_erp_50ms_l2_10,erp_50ms,10.0,0,0.0,0.48914552630247976,VisualCogA_Task-2,193,96,0.5,0.47619047619047616,0.5048500881834215,0.4666666666666667
raw_qc_pass,cue_locked,VisualCogB_Task-1,9,logistic_erp_50ms_l2_10,erp_50ms,10.0,0,0.0,0.48914552630247976,VisualCogB_Task-2,196,93,0.5053763440860215,0.5085568917668826,0.557354301572618,0.45984848484848484
raw_qc_pass,cue_locked,VisualCogB_Task-1,10,logistic_erp_50ms_l2_100,erp_50ms,100.0,0,0.0,0.5307471362821347,VisualCogA_Task-1,189,100,0.57,0.5438808373590982,0.4851046698872786,0.5017958521608157
raw_qc_pass,cue_locked,VisualCogB_Task-1,10,logistic_erp_50ms_l2_100,erp_50ms,100.0,0,0.0,0.5307471362821347,VisualCogA_Task-2,193,96,0.5729166666666666,0.5277777777777778,0.49779541446208114,0.4776376907763769
raw_qc_pass,cue_locked,VisualCogB_Task-1,10,logistic_erp_50ms_l2_100,erp_50ms,100.0,0,0.0,0.5307471362821347,VisualCogB_Task-2,196,93,0.5161290322580645,0.5205827937095282,0.5175763182238668,0.41915336571825124
raw_qc_pass,cue_locked,VisualCogB_Task-1,11,logistic_erp_50ms_l2_1,erp_50ms,1.0,0,0.0,0.4853106487395726,VisualCogA_Task-1,189,100,0.46,0.45974235104669886,0.4826892109500805,0.4591346153846154
raw_qc_pass,cue_locked,VisualCogB_Task-1,11,logistic_erp_50ms_l2_1,erp_50ms,1.0,0,0.0,0.4853106487395726,VisualCogA_Task-2,193,96,0.5104166666666666,0.4880952380952381,0.48985890652557323,0.48060320018418323
raw_qc_pass,cue_locked,VisualCogB_Task-1,11,logistic_erp_50ms_l2_1,erp_50ms,1.0,0,0.0,0.4853106487395726,VisualCogB_Task-2,196,93,0.5053763440860215,0.5080943570767807,0.5675300647548567,0.4731527093596059
raw_qc_pass,cue_locked,VisualCogB_Task-1,12,logistic_spatial_100ms_l2_0.1,spatial_100ms,0.1,0,0.0,0.4823013181015032,VisualCogA_Task-1,189,100,0.44,0.4412238325281803,0.4500805152979066,0.43977591036414565
raw_qc_pass,cue_locked,VisualCogB_Task-1,12,logistic_spatial_100ms_l2_0.1,spatial_100ms,0.1,0,0.0,0.4823013181015032,VisualCogA_Task-2,193,96,0.5208333333333334,0.4973544973544974,0.4695767195767196,0.48888888888888893
raw_qc_pass,cue_locked,VisualCogB_Task-1,12,logistic_spatial_100ms_l2_0.1,spatial_100ms,0.1,0,0.0,0.4823013181015032,VisualCogB_Task-2,196,93,0.5053763440860215,0.5083256244218317,0.5198889916743756,0.46684945164506486
raw_qc_pass,cue_locked,VisualCogB_Task-1,13,logistic_spatial_100ms_l2_10,spatial_100ms,10.0,0,0.0,0.47480817454607155,VisualCogA_Task-1,189,100,0.5,0.4790660225442834,0.45450885668276975,0.45054945054945056
raw_qc_pass,cue_locked,VisualCogB_Task-1,13,logistic_spatial_100ms_l2_10,spatial_100ms,10.0,0,0.0,0.47480817454607155,VisualCogA_Task-2,193,96,0.5,0.46825396825396826,0.4409171075837743,0.4458874458874459
raw_qc_pass,cue_locked,VisualCogB_Task-1,13,logistic_spatial_100ms_l2_10,spatial_100ms,10.0,0,0.0,0.47480817454607155,VisualCogB_Task-2,196,93,0.4731182795698925,0.477104532839963,0.49167437557816834,0.39183237688509276
raw_qc_pass,cue_locked,VisualCogB_Task-1,14,logistic_spatial_100ms_l2_100,spatial_100ms,100.0,0,0.0,0.49913692821494243,VisualCogA_Task-1,189,100,0.55,0.5124798711755234,0.4786634460547504,0.39180970401405596
raw_qc_pass,cue_locked,VisualCogB_Task-1,14,logistic_spatial_100ms_l2_100,spatial_100ms,100.0,0,0.0,0.49913692821494243,VisualCogA_Task-2,193,96,0.5520833333333334,0.49603174603174605,0.44135802469135804,0.39427732942039617
raw_qc_pass,cue_locked,VisualCogB_Task-1,14,logistic_spatial_100ms_l2_100,spatial_100ms,100.0,0,0.0,0.49913692821494243,VisualCogB_Task-2,196,93,0.4838709677419355,0.48889916743755785,0.46901017576318227,0.3435294117647059
raw_qc_pass,cue_locked,VisualCogB_Task-1,15,logistic_spatial_100ms_l2_1,spatial_100ms,1.0,0,0.0,0.47988626704322046,VisualCogA_Task-1,189,100,0.48,0.47342995169082125,0.4420289855072464,0.4724025974025974
raw_qc_pass,cue_locked,VisualCogB_Task-1,15,logistic_spatial_100ms_l2_1,spatial_100ms,1.0,0,0.0,0.47988626704322046,VisualCogA_Task-2,193,96,0.4791666666666667,0.4576719576719577,0.45238095238095233,0.45029775538250116
raw_qc_pass,cue_locked,VisualCogB_Task-1,15,logistic_spatial_100ms_l2_1,spatial_100ms,1.0,0,0.0,0.47988626704322046,VisualCogB_Task-2,196,93,0.5053763440860215,0.5085568917668826,0.5124884366327475,0.45984848484848484
raw_qc_pass,cue_locked,VisualCogB_Task-1,16,logistic_wave64_l2_0.1,wave64,0.1,0,0.0,0.462553860410783,VisualCogA_Task-1,189,100,0.46,0.466183574879227,0.49235104669887275,0.4591346153846154
raw_qc_pass,cue_locked,VisualCogB_Task-1,16,logistic_wave64_l2_0.1,wave64,0.1,0,0.0,0.462553860410783,VisualCogA_Task-2,193,96,0.40625,0.40343915343915343,0.4501763668430335,0.4030762517726628
raw_qc_pass,cue_locked,VisualCogB_Task-1,16,logistic_wave64_l2_0.1,wave64,0.1,0,0.0,0.462553860410783,VisualCogB_Task-2,196,93,0.5161290322580645,0.5180388529139686,0.5462534690101758,0.501370189443584
raw_qc_pass,cue_locked,VisualCogB_Task-1,17,logistic_wave64_l2_10,wave64,10.0,0,0.0,0.4819187276788264,VisualCogA_Task-1,189,100,0.5,0.49838969404186795,0.5048309178743962,0.4981934965877158
raw_qc_pass,cue_locked,VisualCogB_Task-1,17,logistic_wave64_l2_10,wave64,10.0,0,0.0,0.4819187276788264,VisualCogA_Task-2,193,96,0.4791666666666667,0.46031746031746035,0.5097001763668431,0.45553539019963707
raw_qc_pass,cue_locked,VisualCogB_Task-1,17,logistic_wave64_l2_10,wave64,10.0,0,0.0,0.4819187276788264,VisualCogB_Task-2,196,93,0.4838709677419355,0.48704902867715083,0.5365402405180388,0.43636363636363634
raw_qc_pass,cue_locked,VisualCogB_Task-1,18,logistic_wave64_l2_100,wave64,100.0,0,0.0,0.49160136525230574,VisualCogA_Task-1,189,100,0.5,0.48711755233494364,0.49235104669887275,0.4791666666666667
raw_qc_pass,cue_locked,VisualCogB_Task-1,18,logistic_wave64_l2_100,wave64,100.0,0,0.0,0.49160136525230574,VisualCogA_Task-2,193,96,0.5416666666666666,0.5105820105820106,0.5052910052910052,0.4920634920634921
raw_qc_pass,cue_locked,VisualCogB_Task-1,18,logistic_wave64_l2_100,wave64,100.0,0,0.0,0.49160136525230574,VisualCogB_Task-2,196,93,0.4731182795698925,0.477104532839963,0.5235892691951896,0.39183237688509276
raw_qc_pass,cue_locked,VisualCogB_Task-1,19,logistic_wave64_l2_1,wave64,1.0,0,0.0,0.4956226434795661,VisualCogA_Task-1,189,100,0.5,0.501610305958132,0.5048309178743962,0.49979991996798717
raw_qc_pass,cue_locked,VisualCogB_Task-1,19,logistic_wave64_l2_1,wave64,1.0,0,0.0,0.4956226434795661,VisualCogA_Task-2,193,96,0.46875,0.4563492063492064,0.4766313932980599,0.45545545545545546
raw_qc_pass,cue_locked,VisualCogB_Task-1,19,logistic_wave64_l2_1,wave64,1.0,0,0.0,0.4956226434795661,VisualCogB_Task-2,196,93,0.5268817204301075,0.5289084181313598,0.5527289546716004,0.5105263157894737
raw_qc_pass,cue_locked,VisualCogB_Task-1,20,csp_e1_shrink0.01_l2_0.1,csp,0.1,1,0.01,0.48128733111773503,VisualCogA_Task-1,189,100,0.48,0.46376811594202894,0.45008051529790666,0.44821731748726656
raw_qc_pass,cue_locked,VisualCogB_Task-1,20,csp_e1_shrink0.01_l2_0.1,csp,0.1,1,0.01,0.48128733111773503,VisualCogA_Task-2,193,96,0.4791666666666667,0.4814814814814815,0.5030864197530864,0.4782608695652174
raw_qc_pass,cue_locked,VisualCogB_Task-1,20,csp_e1_shrink0.01_l2_0.1,csp,0.1,1,0.01,0.48128733111773503,VisualCogB_Task-2,196,93,0.4946236559139785,0.4986123959296947,0.4384828862164662,0.41665554517549713
raw_qc_pass,cue_locked,VisualCogB_Task-1,21,csp_e1_shrink0.01_l2_1,csp,1.0,1,0.01,0.48314685109319705,VisualCogA_Task-1,189,100,0.48,0.46376811594202894,0.45008051529790666,0.44821731748726656
raw_qc_pass,cue_locked,VisualCogB_Task-1,21,csp_e1_shrink0.01_l2_1,csp,1.0,1,0.01,0.48314685109319705,VisualCogA_Task-2,193,96,0.4791666666666667,0.47619047619047616,0.4991181657848324,0.4755244755244755
raw_qc_pass,cue_locked,VisualCogB_Task-1,21,csp_e1_shrink0.01_l2_1,csp,1.0,1,0.01,0.48314685109319705,VisualCogB_Task-2,196,93,0.5053763440860215,0.509481961147086,0.43894542090656796,0.42376077586206895
raw_qc_pass,cue_locked,VisualCogB_Task-1,22,csp_e1_shrink0.01_l2_10,csp,10.0,1,0.01,0.4867512770688842,VisualCogA_Task-1,189,100,0.49,0.47302737520128824,0.45008051529790666,0.45599999999999996
raw_qc_pass,cue_locked,VisualCogB_Task-1,22,csp_e1_shrink0.01_l2_10,csp,10.0,1,0.01,0.4867512770688842,VisualCogA_Task-2,193,96,0.4895833333333333,0.4775132275132275,0.4942680776014109,0.4768101434768101
raw_qc_pass,cue_locked,VisualCogB_Task-1,22,csp_e1_shrink0.01_l2_10,csp,10.0,1,0.01,0.4867512770688842,VisualCogB_Task-2,196,93,0.5053763440860215,0.5097132284921368,0.42923219241443106,0.4123626373626374
raw_qc_pass,cue_locked,VisualCogB_Task-1,23,csp_e1_shrink0.1_l2_0.1,csp,0.1,1,0.1,0.5054419204897158,VisualCogA_Task-1,189,100,0.53,0.5100644122383253,0.4452495974235105,0.48684354187138335
raw_qc_pass,cue_locked,VisualCogB_Task-1,23,csp_e1_shrink0.1_l2_0.1,csp,0.1,1,0.1,0.5054419204897158,VisualCogA_Task-2,193,96,0.5208333333333334,0.5185185185185186,0.5158730158730158,0.5174825174825175
raw_qc_pass,cue_locked,VisualCogB_Task-1,23,csp_e1_shrink0.1_l2_0.1,csp,0.1,1,0.1,0.5054419204897158,VisualCogB_Task-2,196,93,0.4838709677419355,0.4877428307123034,0.4454209065679926,0.4095238095238095
raw_qc_pass,cue_locked,VisualCogB_Task-1,24,csp_e1_shrink0.1_l2_1,csp,1.0,1,0.1,0.5116147599958886,VisualCogA_Task-1,189,100,0.53,0.5100644122383253,0.4452495974235105,0.48684354187138335
raw_qc_pass,cue_locked,VisualCogB_Task-1,24,csp_e1_shrink0.1_l2_1,csp,1.0,1,0.1,0.5116147599958886,VisualCogA_Task-2,193,96,0.5416666666666666,0.537037037037037,0.5167548500881834,0.5366388767003072
raw_qc_pass,cue_locked,VisualCogB_Task-1,24,csp_e1_shrink0.1_l2_1,csp,1.0,1,0.1,0.5116147599958886,VisualCogB_Task-2,196,93,0.4838709677419355,0.4877428307123034,0.44357076780758553,0.4095238095238095
raw_qc_pass,cue_locked,VisualCogB_Task-1,25,csp_e1_shrink0.1_l2_10,csp,10.0,1,0.1,0.5084333044555062,VisualCogA_Task-1,189,100,0.53,0.5100644122383253,0.4452495974235105,0.48684354187138335
raw_qc_pass,cue_locked,VisualCogB_Task-1,25,csp_e1_shrink0.1_l2_10,csp,10.0,1,0.1,0.5084333044555062,VisualCogA_Task-2,193,96,0.5208333333333334,0.5052910052910053,0.5132275132275133,0.5033738191632928
raw_qc_pass,cue_locked,VisualCogB_Task-1,25,csp_e1_shrink0.1_l2_10,csp,10.0,1,0.1,0.5084333044555062,VisualCogB_Task-2,196,93,0.5053763440860215,0.5099444958371878,0.4361702127659576,0.3998316498316498
raw_qc_pass,cue_locked,VisualCogB_Task-1,26,csp_e2_shrink0.01_l2_0.1,csp,0.1,2,0.01,0.4751711867808075,VisualCogA_Task-1,189,100,0.49,0.46980676328502413,0.45289855072463764,0.44317065181788406
raw_qc_pass,cue_locked,VisualCogB_Task-1,26,csp_e2_shrink0.01_l2_0.1,csp,0.1,2,0.01,0.4751711867808075,VisualCogA_Task-2,193,96,0.53125,0.5119047619047619,0.46649029982363316,0.5076923076923077
raw_qc_pass,cue_locked,VisualCogB_Task-1,26,csp_e2_shrink0.01_l2_0.1,csp,0.1,2,0.01,0.4751711867808075,VisualCogB_Task-2,196,93,0.44086021505376344,0.44380203515263644,0.43570767807585575,0.3973080757726819
raw_qc_pass,cue_locked,VisualCogB_Task-1,27,csp_e2_shrink0.01_l2_1,csp,1.0,2,0.01,0.47524827589582447,VisualCogA_Task-1,189,100,0.49,0.46980676328502413,0.4537037037037037,0.44317065181788406
raw_qc_pass,cue_locked,VisualCogB_Task-1,27,csp_e2_shrink0.01_l2_1,csp,1.0,2,0.01,0.47524827589582447,VisualCogA_Task-2,193,96,0.53125,0.5119047619047619,0.46604938271604934,0.5076923076923077
raw_qc_pass,cue_locked,VisualCogB_Task-1,27,csp_e2_shrink0.01_l2_1,csp,1.0,2,0.01,0.47524827589582447,VisualCogB_Task-2,196,93,0.44086021505376344,0.4440333024976873,0.4324699352451434,0.3893939393939394
raw_qc_pass,cue_locked,VisualCogB_Task-1,28,csp_e2_shrink0.01_l2_10,csp,10.0,2,0.01,0.48485341647537145,VisualCogA_Task-1,189,100,0.5,0.4806763285024155,0.45088566827697263,0.4574652777777778
raw_qc_pass,cue_locked,VisualCogB_Task-1,28,csp_e2_shrink0.01_l2_10,csp,10.0,2,0.01,0.48485341647537145,VisualCogA_Task-2,193,96,0.5416666666666666,0.5185185185185185,0.4678130511463845,0.5111111111111111
raw_qc_pass,cue_locked,VisualCogB_Task-1,28,csp_e2_shrink0.01_l2_10,csp,10.0,2,0.01,0.48485341647537145,VisualCogB_Task-2,196,93,0.45161290322580644,0.4553654024051804,0.4338575393154486,0.37796721311475406
raw_qc_pass,cue_locked,VisualCogB_Task-1,29,csp_e2_shrink0.1_l2_0.1,csp,0.1,2,0.1,0.4621553627104043,VisualCogA_Task-1,189,100,0.47,0.4448470209339775,0.44484702093397743,0.396011396011396
raw_qc_pass,cue_locked,VisualCogB_Task-1,29,csp_e2_shrink0.1_l2_0.1,csp,0.1,2,0.1,0.4621553627104043,VisualCogA_Task-2,193,96,0.5208333333333334,0.4973544973544974,0.47045855379188717,0.48888888888888893
raw_qc_pass,cue_locked,VisualCogB_Task-1,29,csp_e2_shrink0.1_l2_0.1,csp,0.1,2,0.1,0.4621553627104043,VisualCogB_Task-2,196,93,0.44086021505376344,0.4442645698427382,0.44033302497687327,0.38063524590163933
raw_qc_pass,cue_locked,VisualCogB_Task-1,30,csp_e2_shrink0.1_l2_1,csp,1.0,2,0.1,0.4621553627104043,VisualCogA_Task-1,189,100,0.47,0.4448470209339775,0.4444444444444445,0.396011396011396
raw_qc_pass,cue_locked,VisualCogB_Task-1,30,csp_e2_shrink0.1_l2_1,csp,1.0,2,0.1,0.4621553627104043,VisualCogA_Task-2,193,96,0.5208333333333334,0.4973544973544974,0.4678130511463846,0.48888888888888893
raw_qc_pass,cue_locked,VisualCogB_Task-1,30,csp_e2_shrink0.1_l2_1,csp,1.0,2,0.1,0.4621553627104043,VisualCogB_Task-2,196,93,0.44086021505376344,0.4442645698427382,0.440795559666975,0.38063524590163933
raw_qc_pass,cue_locked,VisualCogB_Task-1,31,csp_e2_shrink0.1_l2_10,csp,10.0,2,0.1,0.4690191490993218,VisualCogA_Task-1,189,100,0.47,0.4448470209339775,0.44847020933977455,0.396011396011396
raw_qc_pass,cue_locked,VisualCogB_Task-1,31,csp_e2_shrink0.1_l2_10,csp,10.0,2,0.1,0.4690191490993218,VisualCogA_Task-2,193,96,0.53125,0.5066137566137566,0.4722222222222222,0.4971481783261553
raw_qc_pass,cue_locked,VisualCogB_Task-1,31,csp_e2_shrink0.1_l2_10,csp,10.0,2,0.1,0.4690191490993218,VisualCogB_Task-2,196,93,0.45161290322580644,0.4555966697502313,0.4338575393154487,0.3670092085946884
raw_qc_pass,cue_locked,VisualCogB_Task-2,0,baseline_logistic_l2_1,baseline_13,1.0,0,0.0,0.511457208920977,VisualCogA_Task-1,194,100,0.53,0.5293880837359098,0.5221417069243156,0.5288220551378446
raw_qc_pass,cue_locked,VisualCogB_Task-2,0,baseline_logistic_l2_1,baseline_13,1.0,0,0.0,0.511457208920977,VisualCogA_Task-2,198,96,0.5625,0.5396825396825397,0.5753968253968254,0.5333333333333333
raw_qc_pass,cue_locked,VisualCogB_Task-2,0,baseline_logistic_l2_1,baseline_13,1.0,0,0.0,0.511457208920977,VisualCogB_Task-1,196,98,0.45918367346938777,0.46530100334448155,0.48954849498327757,0.45641025641025645
raw_qc_pass,cue_locked,VisualCogB_Task-2,1,logistic_baseline_13_l2_0.1,baseline_13,0.1,0,0.0,0.5048663092141353,VisualCogA_Task-1,194,100,0.52,0.5201288244766505,0.5237520128824477,0.5192307692307692
raw_qc_pass,cue_locked,VisualCogB_Task-2,1,logistic_baseline_13_l2_0.1,baseline_13,0.1,0,0.0,0.5048663092141353,VisualCogA_Task-2,198,96,0.5520833333333334,0.5304232804232805,0.5806878306878307,0.5248071831472314
raw_qc_pass,cue_locked,VisualCogB_Task-2,1,logistic_baseline_13_l2_0.1,baseline_13,0.1,0,0.0,0.5048663092141353,VisualCogB_Task-1,196,98,0.45918367346938777,0.4640468227424749,0.48745819397993306,0.457772210042802
raw_qc_pass,cue_locked,VisualCogB_Task-2,2,logistic_baseline_13_l2_10,baseline_13,10.0,0,0.0,0.5178453457438965,VisualCogA_Task-1,194,100,0.54,0.533816425120773,0.5197262479871176,0.5332792207792207
raw_qc_pass,cue_locked,VisualCogB_Task-2,2,logistic_baseline_13_l2_10,baseline_13,10.0,0,0.0,0.5178453457438965,VisualCogA_Task-2,198,96,0.6041666666666666,0.5820105820105821,0.5740740740740741,0.5777777777777777
raw_qc_pass,cue_locked,VisualCogB_Task-2,2,logistic_baseline_13_l2_10,baseline_13,10.0,0,0.0,0.5178453457438965,VisualCogB_Task-1,196,98,0.42857142857142855,0.43770903010033446,0.4816053511705686,0.41987315010570825
raw_qc_pass,cue_locked,VisualCogB_Task-2,3,logistic_baseline_13_l2_100,baseline_13,100.0,0,0.0,0.5068386390850159,VisualCogA_Task-1,194,100,0.47,0.45450885668276975,0.5161030595813204,0.4403970013726111
raw_qc_pass,cue_locked,VisualCogB_Task-2,3,logistic_baseline_13_l2_100,baseline_13,100.0,0,0.0,0.5068386390850159,VisualCogA_Task-2,198,96,0.5833333333333334,0.5555555555555556,0.5705467372134039,0.5445920303605313
raw_qc_pass,cue_locked,VisualCogB_Task-2,3,logistic_baseline_13_l2_100,baseline_13,100.0,0,0.0,0.5068386390850159,VisualCogB_Task-1,196,98,0.4897959183673469,0.5104515050167224,0.4786789297658862,0.43704044117647056
raw_qc_pass,cue_locked,VisualCogB_Task-2,4,logistic_erp_100ms_l2_0.1,erp_100ms,0.1,0,0.0,0.5109587808863171,VisualCogA_Task-1,194,100,0.45,0.44887278582930756,0.44524959742351045,0.44862155388471175
raw_qc_pass,cue_locked,VisualCogB_Task-2,4,logistic_erp_100ms_l2_0.1,erp_100ms,0.1,0,0.0,0.5109587808863171,VisualCogA_Task-2,198,96,0.5416666666666666,0.5317460317460317,0.5983245149911818,0.5317073170731708
raw_qc_pass,cue_locked,VisualCogB_Task-2,4,logistic_erp_100ms_l2_0.1,erp_100ms,0.1,0,0.0,0.5109587808863171,VisualCogB_Task-1,196,98,0.5408163265306123,0.552257525083612,0.5731605351170569,0.5298006184028148
raw_qc_pass,cue_locked,VisualCogB_Task-2,5,logistic_erp_100ms_l2_10,erp_100ms,10.0,0,0.0,0.5294551798174987,VisualCogA_Task-1,194,100,0.5,0.4838969404186796,0.45974235104669886,0.46943972835314096
raw_qc_pass,cue_locked,VisualCogB_Task-2,5,logistic_erp_100ms_l2_10,erp_100ms,10.0,0,0.0,0.5294551798174987,VisualCogA_Task-2,198,96,0.5625,0.5555555555555556,0.5837742504409171,0.5555555555555556
raw_qc_pass,cue_locked,VisualCogB_Task-2,5,logistic_erp_100ms_l2_10,erp_100ms,10.0,0,0.0,0.5294551798174987,VisualCogB_Task-1,196,98,0.5306122448979592,0.5489130434782609,0.5275919732441471,0.4950716845878136
raw_qc_pass,cue_locked,VisualCogB_Task-2,6,logistic_erp_100ms_l2_100,erp_100ms,100.0,0,0.0,0.5167423156553591,VisualCogA_Task-1,194,100,0.55,0.5237520128824477,0.47061191626409016,0.47862356621480706
raw_qc_pass,cue_locked,VisualCogB_Task-2,6,logistic_erp_100ms_l2_100,erp_100ms,100.0,0,0.0,0.5167423156553591,VisualCogA_Task-2,198,96,0.5208333333333334,0.5026455026455027,0.5771604938271605,0.49909255898366606
raw_qc_pass,cue_locked,VisualCogB_Task-2,6,logistic_erp_100ms_l2_100,erp_100ms,100.0,0,0.0,0.5167423156553591,VisualCogB_Task-1,196,98,0.5,0.5238294314381271,0.5209030100334449,0.4269005847953216
raw_qc_pass,cue_locked,VisualCogB_Task-2,7,logistic_erp_100ms_l2_1,erp_100ms,1.0,0,0.0,0.5095519751316853,VisualCogA_Task-1,194,100,0.42,0.4162640901771336,0.4702093397745572,0.4162640901771336
raw_qc_pass,cue_locked,VisualCogB_Task-2,7,logistic_erp_100ms_l2_1,erp_100ms,1.0,0,0.0,0.5095519751316853,VisualCogA_Task-2,198,96,0.5833333333333334,0.5793650793650794,0.5943562610229277,0.5787626151820974
raw_qc_pass,cue_locked,VisualCogB_Task-2,7,logistic_erp_100ms_l2_1,erp_100ms,1.0,0,0.0,0.5095519751316853,VisualCogB_Task-1,196,98,0.5204081632653061,0.5330267558528428,0.5589464882943145,0.50552871712292
raw_qc_pass,cue_locked,VisualCogB_Task-2,8,logistic_erp_50ms_l2_0.1,erp_50ms,0.1,0,0.0,0.5094782431738953,VisualCogA_Task-1,194,100,0.39,0.39170692431561993,0.40458937198067635,0.3899389938993899
raw_qc_pass,cue_locked,VisualCogB_Task-2,8,logistic_erp_50ms_l2_0.1,erp_50ms,0.1,0,0.0,0.5094782431738953,VisualCogA_Task-2,198,96,0.5729166666666666,0.5568783068783069,0.568342151675485,0.5555053642010164
raw_qc_pass,cue_locked,VisualCogB_Task-2,8,logistic_erp_50ms_l2_0.1,erp_50ms,0.1,0,0.0,0.5094782431738953,VisualCogB_Task-1,196,98,0.5714285714285714,0.5798494983277591,0.5589464882943144,0.5669191919191919
raw_qc_pass,cue_locked,VisualCogB_Task-2,9,logistic_erp_50ms_l2_10,erp_50ms,10.0,0,0.0,0.5096094860587614,VisualCogA_Task-1,194,100,0.47,0.4609500805152979,0.4714170692431562,0.4578005115089514
raw_qc_pass,cue_locked,VisualCogB_Task-2,9,logistic_erp_50ms_l2_10,erp_50ms,10.0,0,0.0,0.5096094860587614,VisualCogA_Task-2,198,96,0.5729166666666666,0.5674603174603174,0.6000881834215168,0.5672347443650357
raw_qc_pass,cue_locked,VisualCogB_Task-2,9,logistic_erp_50ms_l2_10,erp_50ms,10.0,0,0.0,0.5096094860587614,VisualCogB_Task-1,196,98,0.4897959183673469,0.5004180602006689,0.5229933110367894,0.4791666666666667
raw_qc_pass,cue_locked,VisualCogB_Task-2,10,logistic_erp_50ms_l2_100,erp_50ms,100.0,0,0.0,0.5191386042835319,VisualCogA_Task-1,194,100,0.52,0.500805152979066,0.47785829307568434,0.47916666666666663
raw_qc_pass,cue_locked,VisualCogB_Task-2,10,logistic_erp_50ms_l2_100,erp_50ms,100.0,0,0.0,0.5191386042835319,VisualCogA_Task-2,198,96,0.5520833333333334,0.5436507936507937,0.6027336860670194,0.5437161489996685
raw_qc_pass,cue_locked,VisualCogB_Task-2,10,logistic_erp_50ms_l2_100,erp_50ms,100.0,0,0.0,0.5191386042835319,VisualCogB_Task-1,196,98,0.4897959183673469,0.5129598662207357,0.5091973244147158,0.4199810606060606
raw_qc_pass,cue_locked,VisualCogB_Task-2,11,logistic_erp_50ms_l2_1,erp_50ms,1.0,0,0.0,0.5164031486495255,VisualCogA_Task-1,194,100,0.5,0.4967793880837359,0.4601449275362318,0.4967793880837359
raw_qc_pass,cue_locked,VisualCogB_Task-2,11,logistic_erp_50ms_l2_1,erp_50ms,1.0,0,0.0,0.5164031486495255,VisualCogA_Task-2,198,96,0.5520833333333334,0.5436507936507937,0.5873015873015873,0.5437161489996685
raw_qc_pass,cue_locked,VisualCogB_Task-2,11,logistic_erp_50ms_l2_1,erp_50ms,1.0,0,0.0,0.5164031486495255,VisualCogB_Task-1,196,98,0.5,0.5087792642140468,0.544314381270903,0.4936201623958663
raw_qc_pass,cue_locked,VisualCogB_Task-2,12,logistic_spatial_100ms_l2_0.1,spatial_100ms,0.1,0,0.0,0.5109587808863171,VisualCogA_Task-1,194,100,0.45,0.44887278582930756,0.44524959742351045,0.44862155388471175
raw_qc_pass,cue_locked,VisualCogB_Task-2,12,logistic_spatial_100ms_l2_0.1,spatial_100ms,0.1,0,0.0,0.5109587808863171,VisualCogA_Task-2,198,96,0.5416666666666666,0.5317460317460317,0.5983245149911818,0.5317073170731708
raw_qc_pass,cue_locked,VisualCogB_Task-2,12,logistic_spatial_100ms_l2_0.1,spatial_100ms,0.1,0,0.0,0.5109587808863171,VisualCogB_Task-1,196,98,0.5408163265306123,0.552257525083612,0.5731605351170569,0.5298006184028148
raw_qc_pass,cue_locked,VisualCogB_Task-2,13,logistic_spatial_100ms_l2_10,spatial_100ms,10.0,0,0.0,0.5294551798174987,VisualCogA_Task-1,194,100,0.5,0.4838969404186796,0.45974235104669886,0.46943972835314096
raw_qc_pass,cue_locked,VisualCogB_Task-2,13,logistic_spatial_100ms_l2_10,spatial_100ms,10.0,0,0.0,0.5294551798174987,VisualCogA_Task-2,198,96,0.5625,0.5555555555555556,0.5837742504409171,0.5555555555555556
raw_qc_pass,cue_locked,VisualCogB_Task-2,13,logistic_spatial_100ms_l2_10,spatial_100ms,10.0,0,0.0,0.5294551798174987,VisualCogB_Task-1,196,98,0.5306122448979592,0.5489130434782609,0.5275919732441471,0.4950716845878136
raw_qc_pass,cue_locked,VisualCogB_Task-2,14,logistic_spatial_100ms_l2_100,spatial_100ms,100.0,0,0.0,0.5167423156553591,VisualCogA_Task-1,194,100,0.55,0.5237520128824477,0.47061191626409016,0.47862356621480706
raw_qc_pass,cue_locked,VisualCogB_Task-2,14,logistic_spatial_100ms_l2_100,spatial_100ms,100.0,0,0.0,0.5167423156553591,VisualCogA_Task-2,198,96,0.5208333333333334,0.5026455026455027,0.5771604938271605,0.49909255898366606
raw_qc_pass,cue_locked,VisualCogB_Task-2,14,logistic_spatial_100ms_l2_100,spatial_100ms,100.0,0,0.0,0.5167423156553591,VisualCogB_Task-1,196,98,0.5,0.5238294314381271,0.5209030100334449,0.4269005847953216
raw_qc_pass,cue_locked,VisualCogB_Task-2,15,logistic_spatial_100ms_l2_1,spatial_100ms,1.0,0,0.0,0.5095519751316853,VisualCogA_Task-1,194,100,0.42,0.4162640901771336,0.4702093397745572,0.4162640901771336
raw_qc_pass,cue_locked,VisualCogB_Task-2,15,logistic_spatial_100ms_l2_1,spatial_100ms,1.0,0,0.0,0.5095519751316853,VisualCogA_Task-2,198,96,0.5833333333333334,0.5793650793650794,0.5943562610229277,0.5787626151820974
raw_qc_pass,cue_locked,VisualCogB_Task-2,15,logistic_spatial_100ms_l2_1,spatial_100ms,1.0,0,0.0,0.5095519751316853,VisualCogB_Task-1,196,98,0.5204081632653061,0.5330267558528428,0.5589464882943145,0.50552871712292
raw_qc_pass,cue_locked,VisualCogB_Task-2,16,logistic_wave64_l2_0.1,wave64,0.1,0,0.0,0.5344645290297464,VisualCogA_Task-1,194,100,0.44,0.4412238325281803,0.40780998389694034,0.43977591036414565
raw_qc_pass,cue_locked,VisualCogB_Task-2,16,logistic_wave64_l2_0.1,wave64,0.1,0,0.0,0.5344645290297464,VisualCogA_Task-2,198,96,0.6354166666666666,0.6283068783068784,0.6287477954144621,0.6286061677904278
raw_qc_pass,cue_locked,VisualCogB_Task-2,16,logistic_wave64_l2_0.1,wave64,0.1,0,0.0,0.5344645290297464,VisualCogB_Task-1,196,98,0.5306122448979592,0.5338628762541806,0.5543478260869565,0.5304166666666668
raw_qc_pass,cue_locked,VisualCogB_Task-2,17,logistic_wave64_l2_10,wave64,10.0,0,0.0,0.5273641414945763,VisualCogA_Task-1,194,100,0.45,0.4472624798711755,0.4681964573268921,0.4472917294744247
raw_qc_pass,cue_locked,VisualCogB_Task-2,17,logistic_wave64_l2_10,wave64,10.0,0,0.0,0.5273641414945763,VisualCogA_Task-2,198,96,0.5833333333333334,0.5767195767195767,0.6362433862433863,0.5767195767195767
raw_qc_pass,cue_locked,VisualCogB_Task-2,17,logistic_wave64_l2_10,wave64,10.0,0,0.0,0.5273641414945763,VisualCogB_Task-1,196,98,0.5510204081632653,0.5581103678929766,0.5342809364548495,0.5480083857442348
raw_qc_pass,cue_locked,VisualCogB_Task-2,18,logistic_wave64_l2_100,wave64,100.0,0,0.0,0.5131412468368991,VisualCogA_Task-1,194,100,0.49,0.4778582930756844,0.47061191626409016,0.4708994708994709
raw_qc_pass,cue_locked,VisualCogB_Task-2,18,logistic_wave64_l2_100,wave64,100.0,0,0.0,0.5131412468368991,VisualCogA_Task-2,198,96,0.5416666666666666,0.5343915343915344,0.6089065255731922,0.5343915343915344
raw_qc_pass,cue_locked,VisualCogB_Task-2,18,logistic_wave64_l2_100,wave64,100.0,0,0.0,0.5131412468368991,VisualCogB_Task-1,196,98,0.5102040816326531,0.5271739130434783,0.5196488294314382,0.4789543642002658
raw_qc_pass,cue_locked,VisualCogB_Task-2,19,logistic_wave64_l2_1,wave64,1.0,0,0.0,0.5260642470787398,VisualCogA_Task-1,194,100,0.47,0.47061191626409016,0.44887278582930756,0.46952257031328193
raw_qc_pass,cue_locked,VisualCogB_Task-2,19,logistic_wave64_l2_1,wave64,1.0,0,0.0,0.5260642470787398,VisualCogA_Task-2,198,96,0.59375,0.5833333333333333,0.6534391534391536,0.5835835835835836
raw_qc_pass,cue_locked,VisualCogB_Task-2,19,logistic_wave64_l2_1,wave64,1.0,0,0.0,0.5260642470787398,VisualCogB_Task-1,196,98,0.5204081632653061,0.524247491638796,0.5489130434782609,0.5199583116206358
raw_qc_pass,cue_locked,VisualCogB_Task-2,20,csp_e1_shrink0.01_l2_0.1,csp,0.1,1,0.01,0.4725894073720161,VisualCogA_Task-1,194,100,0.49,0.5116747181964574,0.5277777777777778,0.4615140956604371
raw_qc_pass,cue_locked,VisualCogB_Task-2,20,csp_e1_shrink0.01_l2_0.1,csp,0.1,1,0.01,0.4725894073720161,VisualCogA_Task-2,198,96,0.4791666666666667,0.47883597883597884,0.5242504409171076,0.4771241830065359
raw_qc_pass,cue_locked,VisualCogB_Task-2,20,csp_e1_shrink0.01_l2_0.1,csp,0.1,1,0.01,0.4725894073720161,VisualCogB_Task-1,196,98,0.40816326530612246,0.42725752508361203,0.36831103678929766,0.3555555555555555
raw_qc_pass,cue_locked,VisualCogB_Task-2,21,csp_e1_shrink0.01_l2_1,csp,1.0,1,0.01,0.48963181209558027,VisualCogA_Task-1,194,100,0.51,0.5301932367149759,0.532608695652174,0.4873940788785438
raw_qc_pass,cue_locked,VisualCogB_Task-2,21,csp_e1_shrink0.01_l2_1,csp,1.0,1,0.01,0.48963181209558027,VisualCogA_Task-2,198,96,0.4791666666666667,0.47883597883597884,0.5242504409171076,0.4771241830065359
raw_qc_pass,cue_locked,VisualCogB_Task-2,21,csp_e1_shrink0.01_l2_1,csp,1.0,1,0.01,0.48963181209558027,VisualCogB_Task-1,196,98,0.4387755102040816,0.459866220735786,0.3695652173913043,0.37637394423232673
raw_qc_pass,cue_locked,VisualCogB_Task-2,22,csp_e1_shrink0.01_l2_10,csp,10.0,1,0.01,0.4907518005344092,VisualCogA_Task-1,194,100,0.54,0.5515297906602254,0.5619967793880838,0.5353535353535354
raw_qc_pass,cue_locked,VisualCogB_Task-2,22,csp_e1_shrink0.01_l2_10,csp,10.0,1,0.01,0.4907518005344092,VisualCogA_Task-2,198,96,0.4791666666666667,0.47883597883597884,0.5242504409171076,0.4771241830065359
raw_qc_pass,cue_locked,VisualCogB_Task-2,22,csp_e1_shrink0.01_l2_10,csp,10.0,1,0.01,0.4907518005344092,VisualCogB_Task-1,196,98,0.41836734693877553,0.4418896321070234,0.36831103678929766,0.3333333333333333
raw_qc_pass,cue_locked,VisualCogB_Task-2,23,csp_e1_shrink0.1_l2_0.1,csp,0.1,1,0.1,0.47876224687818897,VisualCogA_Task-1,194,100,0.5,0.5193236714975846,0.5362318840579711,0.4791666666666667
raw_qc_pass,cue_locked,VisualCogB_Task-2,23,csp_e1_shrink0.1_l2_0.1,csp,0.1,1,0.1,0.47876224687818897,VisualCogA_Task-2,198,96,0.4791666666666667,0.47883597883597884,0.5189594356261024,0.4771241830065359
raw_qc_pass,cue_locked,VisualCogB_Task-2,23,csp_e1_shrink0.1_l2_0.1,csp,0.1,1,0.1,0.47876224687818897,VisualCogB_Task-1,196,98,0.41836734693877553,0.4381270903010034,0.36831103678929766,0.3625470729202328
raw_qc_pass,cue_locked,VisualCogB_Task-2,24,csp_e1_shrink0.1_l2_1,csp,1.0,1,0.1,0.47768870957276754,VisualCogA_Task-1,194,100,0.5,0.5161030595813204,0.5209339774557166,0.48686371100164205
raw_qc_pass,cue_locked,VisualCogB_Task-2,24,csp_e1_shrink0.1_l2_1,csp,1.0,1,0.1,0.47768870957276754,VisualCogA_Task-2,198,96,0.4791666666666667,0.47883597883597884,0.5189594356261024,0.4771241830065359
raw_qc_pass,cue_locked,VisualCogB_Task-2,24,csp_e1_shrink0.1_l2_1,csp,1.0,1,0.1,0.47768870957276754,VisualCogB_Task-1,196,98,0.41836734693877553,0.4381270903010034,0.36580267558528434,0.3625470729202328
raw_qc_pass,cue_locked,VisualCogB_Task-2,25,csp_e1_shrink0.1_l2_10,csp,10.0,1,0.1,0.4843872579379826,VisualCogA_Task-1,194,100,0.51,0.5205314009661836,0.537037037037037,0.5059985885673959
raw_qc_pass,cue_locked,VisualCogB_Task-2,25,csp_e1_shrink0.1_l2_10,csp,10.0,1,0.1,0.4843872579379826,VisualCogA_Task-2,198,96,0.4895833333333333,0.4907407407407407,0.5189594356261024,0.4881949733434882
raw_qc_pass,cue_locked,VisualCogB_Task-2,25,csp_e1_shrink0.1_l2_10,csp,10.0,1,0.1,0.4843872579379826,VisualCogB_Task-1,196,98,0.41836734693877553,0.4418896321070234,0.3607859531772576,0.3333333333333333
raw_qc_pass,cue_locked,VisualCogB_Task-2,26,csp_e2_shrink0.01_l2_0.1,csp,0.1,2,0.01,0.4505590357039632,VisualCogA_Task-1,194,100,0.4,0.3977455716586151,0.35507246376811596,0.397832195905259
raw_qc_pass,cue_locked,VisualCogB_Task-2,26,csp_e2_shrink0.01_l2_0.1,csp,0.1,2,0.01,0.4505590357039632,VisualCogA_Task-2,198,96,0.5104166666666666,0.5145502645502645,0.5211640211640212,0.5099380905832519
raw_qc_pass,cue_locked,VisualCogB_Task-2,26,csp_e2_shrink0.01_l2_0.1,csp,0.1,2,0.01,0.4505590357039632,VisualCogB_Task-1,196,98,0.41836734693877553,0.43938127090301005,0.40091973244147155,0.35369663311350225
raw_qc_pass,cue_locked,VisualCogB_Task-2,27,csp_e2_shrink0.01_l2_1,csp,1.0,2,0.01,0.4639782520217303,VisualCogA_Task-1,194,100,0.42,0.4162640901771336,0.35789049919484706,0.4162640901771336
raw_qc_pass,cue_locked,VisualCogB_Task-2,27,csp_e2_shrink0.01_l2_1,csp,1.0,2,0.01,0.4639782520217303,VisualCogA_Task-2,198,96,0.5104166666666666,0.5145502645502645,0.5224867724867726,0.5099380905832519
raw_qc_pass,cue_locked,VisualCogB_Task-2,27,csp_e2_shrink0.01_l2_1,csp,1.0,2,0.01,0.4639782520217303,VisualCogB_Task-1,196,98,0.4387755102040816,0.46112040133779264,0.4076086956521739,0.3669994128009395
raw_qc_pass,cue_locked,VisualCogB_Task-2,28,csp_e2_shrink0.01_l2_10,csp,10.0,2,0.01,0.4756684539293235,VisualCogA_Task-1,194,100,0.42,0.4098228663446055,0.38566827697262474,0.40476190476190477
raw_qc_pass,cue_locked,VisualCogB_Task-2,28,csp_e2_shrink0.01_l2_10,csp,10.0,2,0.01,0.4756684539293235,VisualCogA_Task-2,198,96,0.53125,0.533068783068783,0.5321869488536155,0.52997497551953
raw_qc_pass,cue_locked,VisualCogB_Task-2,28,csp_e2_shrink0.01_l2_10,csp,10.0,2,0.01,0.4756684539293235,VisualCogB_Task-1,196,98,0.45918367346938777,0.4841137123745819,0.4243311036789298,0.369277474195507
raw_qc_pass,cue_locked,VisualCogB_Task-2,29,csp_e2_shrink0.1_l2_0.1,csp,0.1,2,0.1,0.45726864386284677,VisualCogA_Task-1,194,100,0.42,0.4162640901771336,0.3723832528180354,0.4162640901771336
raw_qc_pass,cue_locked,VisualCogB_Task-2,29,csp_e2_shrink0.1_l2_0.1,csp,0.1,2,0.1,0.45726864386284677,VisualCogA_Task-2,198,96,0.5,0.5052910052910053,0.5207231040564374,0.49978289188015634
raw_qc_pass,cue_locked,VisualCogB_Task-2,29,csp_e2_shrink0.1_l2_0.1,csp,0.1,2,0.1,0.45726864386284677,VisualCogB_Task-1,196,98,0.42857142857142855,0.45025083612040134,0.41137123745819404,0.36037296037296035
raw_qc_pass,cue_locked,VisualCogB_Task-2,30,csp_e2_shrink0.1_l2_1,csp,1.0,2,0.1,0.4500222670512526,VisualCogA_Task-1,194,100,0.4,0.394524959742351,0.3743961352657005,0.3939393939393939
raw_qc_pass,cue_locked,VisualCogB_Task-2,30,csp_e2_shrink0.1_l2_1,csp,1.0,2,0.1,0.4500222670512526,VisualCogA_Task-2,198,96,0.5,0.5052910052910053,0.5194003527336861,0.49978289188015634
raw_qc_pass,cue_locked,VisualCogB_Task-2,30,csp_e2_shrink0.1_l2_1,csp,1.0,2,0.1,0.4500222670512526,VisualCogB_Task-1,196,98,0.42857142857142855,0.45025083612040134,0.411371237458194,0.36037296037296035
raw_qc_pass,cue_locked,VisualCogB_Task-2,31,csp_e2_shrink0.1_l2_10,csp,10.0,2,0.1,0.46937690597110887,VisualCogA_Task-1,194,100,0.42,0.4114331723027375,0.4001610305958132,0.4084047327621379
raw_qc_pass,cue_locked,VisualCogB_Task-2,31,csp_e2_shrink0.1_l2_10,csp,10.0,2,0.1,0.46937690597110887,VisualCogA_Task-2,198,96,0.53125,0.533068783068783,0.5291005291005291,0.52997497551953
raw_qc_pass,cue_locked,VisualCogB_Task-2,31,csp_e2_shrink0.1_l2_10,csp,10.0,2,0.1,0.46937690597110887,VisualCogB_Task-1,196,98,0.4387755102040816,0.463628762541806,0.43812709030100333,0.34547662416514874
q1_quality_matched,cue_locked,VisualCogA_Task-1,0,baseline_logistic_l2_1,baseline_13,1.0,0,0.0,0.4792322749781626,VisualCogA_Task-2,163,80,0.45,0.44126984126984126,0.42730158730158735,0.44126984126984126
q1_quality_matched,cue_locked,VisualCogA_Task-1,0,baseline_logistic_l2_1,baseline_13,1.0,0,0.0,0.4792322749781626,VisualCogB_Task-1,160,83,0.5060240963855421,0.5052264808362369,0.5162601626016261,0.5034291551145483
q1_quality_matched,cue_locked,VisualCogA_Task-1,0,baseline_logistic_l2_1,baseline_13,1.0,0,0.0,0.4792322749781626,VisualCogB_Task-2,163,80,0.4875,0.4912005028284098,0.46700188560653677,0.4874199093608376
q1_quality_matched,cue_locked,VisualCogA_Task-1,1,logistic_baseline_13_l2_0.1,baseline_13,0.1,0,0.0,0.49653648056937905,VisualCogA_Task-2,163,80,0.4625,0.45555555555555555,0.4368253968253968,0.45561006488368416
q1_quality_matched,cue_locked,VisualCogA_Task-1,1,logistic_baseline_13_l2_0.1,baseline_13,0.1,0,0.0,0.49653648056937905,VisualCogB_Task-1,160,83,0.5180722891566265,0.5177119628339141,0.5238095238095237,0.5174418604651163
q1_quality_matched,cue_locked,VisualCogA_Task-1,1,logistic_baseline_13_l2_0.1,baseline_13,0.1,0,0.0,0.49653648056937905,VisualCogB_Task-2,163,80,0.5125,0.5163419233186675,0.4720301697045883,0.5124238162212846
q1_quality_matched,cue_locked,VisualCogA_Task-1,2,logistic_baseline_13_l2_10,baseline_13,10.0,0,0.0,0.45180772296484145,VisualCogA_Task-2,163,80,0.4125,0.3984126984126984,0.393015873015873,0.3965655593002728
q1_quality_matched,cue_locked,VisualCogA_Task-1,2,logistic_baseline_13_l2_10,baseline_13,10.0,0,0.0,0.45180772296484145,VisualCogB_Task-1,160,83,0.5180722891566265,0.5182926829268293,0.5058072009291521,0.5180023228803716
q1_quality_matched,cue_locked,VisualCogA_Task-1,2,logistic_baseline_13_l2_10,baseline_13,10.0,0,0.0,0.45180772296484145,VisualCogB_Task-2,163,80,0.425,0.43871778755499685,0.47203016970458833,0.4117647058823529
q1_quality_matched,cue_locked,VisualCogA_Task-1,3,logistic_baseline_13_l2_100,baseline_13,100.0,0,0.0,0.46584407923035265,VisualCogA_Task-2,163,80,0.4125,0.4174603174603174,0.3803174603174602,0.4124081887794968
q1_quality_matched,cue_locked,VisualCogA_Task-1,3,logistic_baseline_13_l2_100,baseline_13,100.0,0,0.0,0.46584407923035265,VisualCogB_Task-1,160,83,0.5421686746987951,0.5435540069686411,0.4878048780487805,0.5367215041128085
q1_quality_matched,cue_locked,VisualCogA_Task-1,3,logistic_baseline_13_l2_100,baseline_13,100.0,0,0.0,0.46584407923035265,VisualCogB_Task-2,163,80,0.4125,0.4365179132620993,0.497171590194846,0.3595639584397888
q1_quality_matched,cue_locked,VisualCogA_Task-1,4,logistic_erp_100ms_l2_0.1,erp_100ms,0.1,0,0.0,0.5783953104713173,VisualCogA_Task-2,163,80,0.625,0.6317460317460317,0.6780952380952381,0.6247654784240151
q1_quality_matched,cue_locked,VisualCogA_Task-1,4,logistic_erp_100ms_l2_0.1,erp_100ms,0.1,0,0.0,0.5783953104713173,VisualCogB_Task-1,160,83,0.6024096385542169,0.6024970963995354,0.6469221835075494,0.6024096385542169
q1_quality_matched,cue_locked,VisualCogA_Task-1,4,logistic_erp_100ms_l2_0.1,erp_100ms,0.1,0,0.0,0.5783953104713173,VisualCogB_Task-2,163,80,0.5,0.5009428032683847,0.5348837209302325,0.4996873045653534
q1_quality_matched,cue_locked,VisualCogA_Task-1,5,logistic_erp_100ms_l2_10,erp_100ms,10.0,0,0.0,0.49405433713431446,VisualCogA_Task-2,163,80,0.5,0.526984126984127,0.580952380952381,0.48849104859335035
q1_quality_matched,cue_locked,VisualCogA_Task-1,5,logistic_erp_100ms_l2_10,erp_100ms,10.0,0,0.0,0.49405433713431446,VisualCogB_Task-1,160,83,0.46987951807228917,0.4718350754936121,0.5441347270615562,0.45654761904761904
q1_quality_matched,cue_locked,VisualCogA_Task-1,5,logistic_erp_100ms_l2_10,erp_100ms,10.0,0,0.0,0.49405433713431446,VisualCogB_Task-2,163,80,0.475,0.4833438089252043,0.4494028912633563,0.47203016970458833
q1_quality_matched,cue_locked,VisualCogA_Task-1,6,logistic_erp_100ms_l2_100,erp_100ms,100.0,0,0.0,0.5011434049721061,VisualCogA_Task-2,163,80,0.45,0.4984126984126984,0.5485714285714286,0.38504542278127185
q1_quality_matched,cue_locked,VisualCogA_Task-1,6,logistic_erp_100ms_l2_100,erp_100ms,100.0,0,0.0,0.5011434049721061,VisualCogB_Task-1,160,83,0.4578313253012048,0.46196283391405346,0.5162601626016261,0.3882063882063882
q1_quality_matched,cue_locked,VisualCogA_Task-1,6,logistic_erp_100ms_l2_100,erp_100ms,100.0,0,0.0,0.5011434049721061,VisualCogB_Task-2,163,80,0.525,0.5430546825895664,0.47580138277812695,0.5052083333333333
q1_quality_matched,cue_locked,VisualCogA_Task-1,7,logistic_erp_100ms_l2_1,erp_100ms,1.0,0,0.0,0.5513453612432625,VisualCogA_Task-2,163,80,0.5875,0.5984126984126984,0.6476190476190476,0.5874355368026254
q1_quality_matched,cue_locked,VisualCogA_Task-1,7,logistic_erp_100ms_l2_1,erp_100ms,1.0,0,0.0,0.5513453612432625,VisualCogB_Task-1,160,83,0.6024096385542169,0.6030778164924506,0.6219512195121951,0.601484068092536
q1_quality_matched,cue_locked,VisualCogA_Task-1,7,logistic_erp_100ms_l2_1,erp_100ms,1.0,0,0.0,0.5513453612432625,VisualCogB_Task-2,163,80,0.45,0.4525455688246386,0.48334380892520423,0.45
q1_quality_matched,cue_locked,VisualCogA_Task-1,8,logistic_erp_50ms_l2_0.1,erp_50ms,0.1,0,0.0,0.57710366553248,VisualCogA_Task-2,163,80,0.6,0.6,0.6393650793650794,0.5977372721558768
q1_quality_matched,cue_locked,VisualCogA_Task-1,8,logistic_erp_50ms_l2_0.1,erp_50ms,0.1,0,0.0,0.57710366553248,VisualCogB_Task-1,160,83,0.6265060240963856,0.6265969802555169,0.6370499419279908,0.6265060240963856
q1_quality_matched,cue_locked,VisualCogA_Task-1,8,logistic_erp_50ms_l2_0.1,erp_50ms,0.1,0,0.0,0.57710366553248,VisualCogB_Task-2,163,80,0.5,0.5047140163419233,0.5116279069767442,0.4996873045653534
q1_quality_matched,cue_locked,VisualCogA_Task-1,9,logistic_erp_50ms_l2_10,erp_50ms,10.0,0,0.0,0.5834575155335223,VisualCogA_Task-2,163,80,0.6125,0.626984126984127,0.6584126984126984,0.6119543107494915
q1_quality_matched,cue_locked,VisualCogA_Task-1,9,logistic_erp_50ms_l2_10,erp_50ms,10.0,0,0.0,0.5834575155335223,VisualCogB_Task-1,160,83,0.5542168674698795,0.5548780487804879,0.5627177700348432,0.553179106649207
q1_quality_matched,cue_locked,VisualCogA_Task-1,9,logistic_erp_50ms_l2_10,erp_50ms,10.0,0,0.0,0.5834575155335223,VisualCogB_Task-2,163,80,0.5625,0.5685103708359522,0.5411690760527971,0.5618838992332968
q1_quality_matched,cue_locked,VisualCogA_Task-1,10,logistic_erp_50ms_l2_100,erp_50ms,100.0,0,0.0,0.527947366376181,VisualCogA_Task-2,163,80,0.5,0.5365079365079365,0.6158730158730159,0.47333772218564846
q1_quality_matched,cue_locked,VisualCogA_Task-1,10,logistic_erp_50ms_l2_100,erp_50ms,100.0,0,0.0,0.527947366376181,VisualCogB_Task-1,160,83,0.4457831325301205,0.4480255516840883,0.5238095238095237,0.4270708283313326
q1_quality_matched,cue_locked,VisualCogA_Task-1,10,logistic_erp_50ms_l2_100,erp_50ms,100.0,0,0.0,0.527947366376181,VisualCogB_Task-2,163,80,0.5875,0.599308610936518,0.5210559396605908,0.5822123753758506
q1_quality_matched,cue_locked,VisualCogA_Task-1,11,logistic_erp_50ms_l2_1,erp_50ms,1.0,0,0.0,0.5919231239991308,VisualCogA_Task-2,163,80,0.575,0.5809523809523809,0.6558730158730159,0.5747342088805503
q1_quality_matched,cue_locked,VisualCogA_Task-1,11,logistic_erp_50ms_l2_1,erp_50ms,1.0,0,0.0,0.5919231239991308,VisualCogB_Task-1,160,83,0.6265060240963856,0.6263066202090593,0.6085946573751452,0.6262890341321714
q1_quality_matched,cue_locked,VisualCogA_Task-1,11,logistic_erp_50ms_l2_1,erp_50ms,1.0,0,0.0,0.5919231239991308,VisualCogB_Task-2,163,80,0.5625,0.5685103708359522,0.5336266499057196,0.5618838992332968
q1_quality_matched,cue_locked,VisualCogA_Task-1,12,logistic_spatial_100ms_l2_0.1,spatial_100ms,0.1,0,0.0,0.5783953104713173,VisualCogA_Task-2,163,80,0.625,0.6317460317460317,0.6780952380952381,0.6247654784240151
q1_quality_matched,cue_locked,VisualCogA_Task-1,12,logistic_spatial_100ms_l2_0.1,spatial_100ms,0.1,0,0.0,0.5783953104713173,VisualCogB_Task-1,160,83,0.6024096385542169,0.6024970963995354,0.6469221835075494,0.6024096385542169
q1_quality_matched,cue_locked,VisualCogA_Task-1,12,logistic_spatial_100ms_l2_0.1,spatial_100ms,0.1,0,0.0,0.5783953104713173,VisualCogB_Task-2,163,80,0.5,0.5009428032683847,0.5348837209302325,0.4996873045653534
q1_quality_matched,cue_locked,VisualCogA_Task-1,13,logistic_spatial_100ms_l2_10,spatial_100ms,10.0,0,0.0,0.49405433713431446,VisualCogA_Task-2,163,80,0.5,0.526984126984127,0.580952380952381,0.48849104859335035
q1_quality_matched,cue_locked,VisualCogA_Task-1,13,logistic_spatial_100ms_l2_10,spatial_100ms,10.0,0,0.0,0.49405433713431446,VisualCogB_Task-1,160,83,0.46987951807228917,0.4718350754936121,0.5441347270615562,0.45654761904761904
q1_quality_matched,cue_locked,VisualCogA_Task-1,13,logistic_spatial_100ms_l2_10,spatial_100ms,10.0,0,0.0,0.49405433713431446,VisualCogB_Task-2,163,80,0.475,0.4833438089252043,0.4494028912633563,0.47203016970458833
q1_quality_matched,cue_locked,VisualCogA_Task-1,14,logistic_spatial_100ms_l2_100,spatial_100ms,100.0,0,0.0,0.5011434049721061,VisualCogA_Task-2,163,80,0.45,0.4984126984126984,0.5485714285714286,0.38504542278127185
q1_quality_matched,cue_locked,VisualCogA_Task-1,14,logistic_spatial_100ms_l2_100,spatial_100ms,100.0,0,0.0,0.5011434049721061,VisualCogB_Task-1,160,83,0.4578313253012048,0.46196283391405346,0.5162601626016261,0.3882063882063882
q1_quality_matched,cue_locked,VisualCogA_Task-1,14,logistic_spatial_100ms_l2_100,spatial_100ms,100.0,0,0.0,0.5011434049721061,VisualCogB_Task-2,163,80,0.525,0.5430546825895664,0.47580138277812695,0.5052083333333333
q1_quality_matched,cue_locked,VisualCogA_Task-1,15,logistic_spatial_100ms_l2_1,spatial_100ms,1.0,0,0.0,0.5513453612432625,VisualCogA_Task-2,163,80,0.5875,0.5984126984126984,0.6476190476190476,0.5874355368026254
q1_quality_matched,cue_locked,VisualCogA_Task-1,15,logistic_spatial_100ms_l2_1,spatial_100ms,1.0,0,0.0,0.5513453612432625,VisualCogB_Task-1,160,83,0.6024096385542169,0.6030778164924506,0.6219512195121951,0.601484068092536
q1_quality_matched,cue_locked,VisualCogA_Task-1,15,logistic_spatial_100ms_l2_1,spatial_100ms,1.0,0,0.0,0.5513453612432625,VisualCogB_Task-2,163,80,0.45,0.4525455688246386,0.48334380892520423,0.45
q1_quality_matched,cue_locked,VisualCogA_Task-1,16,logistic_wave64_l2_0.1,wave64,0.1,0,0.0,0.5282991767393356,VisualCogA_Task-2,163,80,0.5625,0.553968253968254,0.6063492063492063,0.5540691192865106
q1_quality_matched,cue_locked,VisualCogA_Task-1,16,logistic_wave64_l2_0.1,wave64,0.1,0,0.0,0.5282991767393356,VisualCogB_Task-1,160,83,0.5903614457831325,0.5900116144018583,0.59465737514518,0.5898255813953488
q1_quality_matched,cue_locked,VisualCogA_Task-1,16,logistic_wave64_l2_0.1,wave64,0.1,0,0.0,0.5282991767393356,VisualCogB_Task-2,163,80,0.4375,0.4409176618478944,0.44374607165304836,0.43741209563994377
q1_quality_matched,cue_locked,VisualCogA_Task-1,17,logistic_wave64_l2_10,wave64,10.0,0,0.0,0.54873640352937,VisualCogA_Task-2,163,80,0.55,0.5555555555555556,0.6304761904761904,0.549718574108818
q1_quality_matched,cue_locked,VisualCogA_Task-1,17,logistic_wave64_l2_10,wave64,10.0,0,0.0,0.54873640352937,VisualCogB_Task-1,160,83,0.5783132530120482,0.5783972125435539,0.5859465737514518,0.5783132530120482
q1_quality_matched,cue_locked,VisualCogA_Task-1,17,logistic_wave64_l2_10,wave64,10.0,0,0.0,0.54873640352937,VisualCogB_Task-2,163,80,0.5,0.5122564424890006,0.5047140163419233,0.4920634920634921
q1_quality_matched,cue_locked,VisualCogA_Task-1,18,logistic_wave64_l2_100,wave64,100.0,0,0.0,0.5609565849781392,VisualCogA_Task-2,163,80,0.5625,0.5825396825396826,0.6368253968253967,0.5591245473153834
q1_quality_matched,cue_locked,VisualCogA_Task-1,18,logistic_wave64_l2_100,wave64,100.0,0,0.0,0.5609565849781392,VisualCogB_Task-1,160,83,0.5060240963855421,0.506678281068525,0.5458768873403019,0.504874145205878
q1_quality_matched,cue_locked,VisualCogA_Task-1,18,logistic_wave64_l2_100,wave64,100.0,0,0.0,0.5609565849781392,VisualCogB_Task-2,163,80,0.5875,0.5936517913262099,0.5179132620993085,0.5869191049913942
q1_quality_matched,cue_locked,VisualCogA_Task-1,19,logistic_wave64_l2_1,wave64,1.0,0,0.0,0.5477180729875001,VisualCogA_Task-2,163,80,0.5625,0.5571428571428572,0.6050793650793651,0.5568919132774173
q1_quality_matched,cue_locked,VisualCogA_Task-1,19,logistic_wave64_l2_1,wave64,1.0,0,0.0,0.5477180729875001,VisualCogB_Task-1,160,83,0.5783132530120482,0.5775261324041812,0.6016260162601627,0.5760980592441267
q1_quality_matched,cue_locked,VisualCogA_Task-1,19,logistic_wave64_l2_1,wave64,1.0,0,0.0,0.5477180729875001,VisualCogB_Task-2,163,80,0.5,0.5084852294154619,0.453174104336895,0.497171590194846
q1_quality_matched,cue_locked,VisualCogA_Task-1,20,csp_e1_shrink0.01_l2_0.1,csp,0.1,1,0.01,0.5015078728351559,VisualCogA_Task-2,163,80,0.5,0.5365079365079365,0.4882539682539683,0.47333772218564846
q1_quality_matched,cue_locked,VisualCogA_Task-1,20,csp_e1_shrink0.01_l2_0.1,csp,0.1,1,0.01,0.5015078728351559,VisualCogB_Task-1,160,83,0.4457831325301205,0.4457026713124274,0.4500580720092915,0.4457026713124274
q1_quality_matched,cue_locked,VisualCogA_Task-1,20,csp_e1_shrink0.01_l2_0.1,csp,0.1,1,0.01,0.5015078728351559,VisualCogB_Task-2,163,80,0.525,0.5223130106851037,0.47328724072910117,0.5223130106851037
q1_quality_matched,cue_locked,VisualCogA_Task-1,21,csp_e1_shrink0.01_l2_1,csp,1.0,1,0.01,0.5098883463319085,VisualCogA_Task-2,163,80,0.5,0.5365079365079365,0.4907936507936508,0.47333772218564846
q1_quality_matched,cue_locked,VisualCogA_Task-1,21,csp_e1_shrink0.01_l2_1,csp,1.0,1,0.01,0.5098883463319085,VisualCogB_Task-1,160,83,0.4457831325301205,0.4457026713124274,0.4500580720092915,0.4457026713124274
q1_quality_matched,cue_locked,VisualCogA_Task-1,21,csp_e1_shrink0.01_l2_1,csp,1.0,1,0.01,0.5098883463319085,VisualCogB_Task-2,163,80,0.55,0.5474544311753614,0.46825895663104966,0.5474544311753614
q1_quality_matched,cue_locked,VisualCogA_Task-1,22,csp_e1_shrink0.01_l2_10,csp,10.0,1,0.01,0.4759224867846536,VisualCogA_Task-2,163,80,0.5125,0.5603174603174603,0.4876190476190476,0.4597402597402597
q1_quality_matched,cue_locked,VisualCogA_Task-1,22,csp_e1_shrink0.01_l2_10,csp,10.0,1,0.01,0.4759224867846536,VisualCogB_Task-1,160,83,0.4457831325301205,0.4457026713124274,0.4500580720092915,0.4457026713124274
q1_quality_matched,cue_locked,VisualCogA_Task-1,22,csp_e1_shrink0.01_l2_10,csp,10.0,1,0.01,0.4759224867846536,VisualCogB_Task-2,163,80,0.425,0.42174732872407295,0.40100565681961026,0.42174732872407295
q1_quality_matched,cue_locked,VisualCogA_Task-1,23,csp_e1_shrink0.1_l2_0.1,csp,0.1,1,0.1,0.484562355889639,VisualCogA_Task-2,163,80,0.5,0.5365079365079365,0.4977777777777778,0.47333772218564846
q1_quality_matched,cue_locked,VisualCogA_Task-1,23,csp_e1_shrink0.1_l2_0.1,csp,0.1,1,0.1,0.484562355889639,VisualCogB_Task-1,160,83,0.42168674698795183,0.42189314750290363,0.4529616724738676,0.42160278745644597
q1_quality_matched,cue_locked,VisualCogA_Task-1,23,csp_e1_shrink0.1_l2_0.1,csp,0.1,1,0.1,0.484562355889639,VisualCogB_Task-2,163,80,0.5,0.4952859836580767,0.46763042111879316,0.4949494949494949
q1_quality_matched,cue_locked,VisualCogA_Task-1,24,csp_e1_shrink0.1_l2_1,csp,1.0,1,0.1,0.4800578513851344,VisualCogA_Task-2,163,80,0.5,0.5365079365079365,0.4977777777777778,0.47333772218564846
q1_quality_matched,cue_locked,VisualCogA_Task-1,24,csp_e1_shrink0.1_l2_1,csp,1.0,1,0.1,0.4800578513851344,VisualCogB_Task-1,160,83,0.42168674698795183,0.42189314750290363,0.4529616724738676,0.42160278745644597
q1_quality_matched,cue_locked,VisualCogA_Task-1,24,csp_e1_shrink0.1_l2_1,csp,1.0,1,0.1,0.4800578513851344,VisualCogB_Task-2,163,80,0.4875,0.48177247014456315,0.45254556882463853,0.4809305269821174
q1_quality_matched,cue_locked,VisualCogA_Task-1,25,csp_e1_shrink0.1_l2_10,csp,10.0,1,0.1,0.4769612331722371,VisualCogA_Task-2,163,80,0.5125,0.553968253968254,0.4920634920634921,0.47642221849303573
q1_quality_matched,cue_locked,VisualCogA_Task-1,25,csp_e1_shrink0.1_l2_10,csp,10.0,1,0.1,0.4769612331722371,VisualCogB_Task-1,160,83,0.43373493975903615,0.4337979094076655,0.4529616724738676,0.43373493975903615
q1_quality_matched,cue_locked,VisualCogA_Task-1,25,csp_e1_shrink0.1_l2_10,csp,10.0,1,0.1,0.4769612331722371,VisualCogB_Task-2,163,80,0.45,0.44311753614079197,0.4098051539912005,0.44126984126984126
q1_quality_matched,cue_locked,VisualCogA_Task-1,26,csp_e2_shrink0.01_l2_0.1,csp,0.1,2,0.01,0.46986195335599756,VisualCogA_Task-2,163,80,0.475,0.5047619047619047,0.4774603174603175,0.4584139264990329
q1_quality_matched,cue_locked,VisualCogA_Task-1,26,csp_e2_shrink0.01_l2_0.1,csp,0.1,2,0.01,0.46986195335599756,VisualCogB_Task-1,160,83,0.4457831325301205,0.445993031358885,0.44831591173054586,0.4457026713124274
q1_quality_matched,cue_locked,VisualCogA_Task-1,26,csp_e2_shrink0.01_l2_0.1,csp,0.1,2,0.01,0.46986195335599756,VisualCogB_Task-2,163,80,0.475,0.45883092394720304,0.4368321810182275,0.43999999999999995
q1_quality_matched,cue_locked,VisualCogA_Task-1,27,csp_e2_shrink0.01_l2_1,csp,1.0,2,0.01,0.47479612340644667,VisualCogA_Task-2,163,80,0.475,0.5079365079365079,0.47809523809523813,0.453125
q1_quality_matched,cue_locked,VisualCogA_Task-1,27,csp_e2_shrink0.01_l2_1,csp,1.0,2,0.01,0.47479612340644667,VisualCogB_Task-1,160,83,0.4457831325301205,0.445993031358885,0.44889663182346107,0.4457026713124274
q1_quality_matched,cue_locked,VisualCogA_Task-1,27,csp_e2_shrink0.01_l2_1,csp,1.0,2,0.01,0.47479612340644667,VisualCogB_Task-2,163,80,0.4875,0.47045883092394725,0.4349465744814582,0.44957207585165293
q1_quality_matched,cue_locked,VisualCogA_Task-1,28,csp_e2_shrink0.01_l2_10,csp,10.0,2,0.01,0.47567755746995677,VisualCogA_Task-2,163,80,0.5,0.546031746031746,0.4812698412698413,0.45054945054945056
q1_quality_matched,cue_locked,VisualCogA_Task-1,28,csp_e2_shrink0.01_l2_10,csp,10.0,2,0.01,0.47567755746995677,VisualCogB_Task-1,160,83,0.43373493975903615,0.4337979094076655,0.451219512195122,0.43373493975903615
q1_quality_matched,cue_locked,VisualCogA_Task-1,28,csp_e2_shrink0.01_l2_10,csp,10.0,2,0.01,0.47567755746995677,VisualCogB_Task-2,163,80,0.4625,0.44720301697045883,0.3991200502828409,0.4303692664348402
q1_quality_matched,cue_locked,VisualCogA_Task-1,29,csp_e2_shrink0.1_l2_0.1,csp,0.1,2,0.1,0.4695974030914473,VisualCogA_Task-2,163,80,0.4875,0.5158730158730158,0.4990476190476191,0.4735997432193869
q1_quality_matched,cue_locked,VisualCogA_Task-1,29,csp_e2_shrink0.1_l2_0.1,csp,0.1,2,0.1,0.4695974030914473,VisualCogB_Task-1,160,83,0.43373493975903615,0.43408826945412315,0.45238095238095233,0.43340595497458245
q1_quality_matched,cue_locked,VisualCogA_Task-1,29,csp_e2_shrink0.1_l2_0.1,csp,0.1,2,0.1,0.4695974030914473,VisualCogB_Task-2,163,80,0.475,0.45883092394720304,0.41294783155248266,0.43999999999999995
q1_quality_matched,cue_locked,VisualCogA_Task-1,30,csp_e2_shrink0.1_l2_1,csp,1.0,2,0.1,0.4745315731418965,VisualCogA_Task-2,163,80,0.4875,0.5190476190476191,0.499047619047619,0.4688259109311741
q1_quality_matched,cue_locked,VisualCogA_Task-1,30,csp_e2_shrink0.1_l2_1,csp,1.0,2,0.1,0.4745315731418965,VisualCogB_Task-1,160,83,0.43373493975903615,0.43408826945412315,0.4529616724738676,0.43340595497458245
q1_quality_matched,cue_locked,VisualCogA_Task-1,30,csp_e2_shrink0.1_l2_1,csp,1.0,2,0.1,0.4745315731418965,VisualCogB_Task-2,163,80,0.4875,0.47045883092394725,0.40414833438089254,0.44957207585165293
q1_quality_matched,cue_locked,VisualCogA_Task-1,31,csp_e2_shrink0.1_l2_10,csp,10.0,2,0.1,0.4573436089034501,VisualCogA_Task-2,163,80,0.475,0.5142857142857143,0.49523809523809526,0.43999999999999995
q1_quality_matched,cue_locked,VisualCogA_Task-1,31,csp_e2_shrink0.1_l2_10,csp,10.0,2,0.1,0.4573436089034501,VisualCogB_Task-1,160,83,0.43373493975903615,0.4337979094076655,0.4523809523809524,0.43373493975903615
q1_quality_matched,cue_locked,VisualCogA_Task-1,31,csp_e2_shrink0.1_l2_10,csp,10.0,2,0.1,0.4573436089034501,VisualCogB_Task-2,163,80,0.4375,0.4239472030169704,0.4085480829666876,0.4108983799705449
q1_quality_matched,cue_locked,VisualCogA_Task-2,0,baseline_logistic_l2_1,baseline_13,1.0,0,0.0,0.46090801284143357,VisualCogA_Task-1,163,54,0.37037037037037035,0.3724137931034483,0.41655172413793107,0.37037037037037035
q1_quality_matched,cue_locked,VisualCogA_Task-2,0,baseline_logistic_l2_1,baseline_13,1.0,0,0.0,0.46090801284143357,VisualCogB_Task-1,134,83,0.5662650602409639,0.5656213704994193,0.5563298490127758,0.5646853146853147
q1_quality_matched,cue_locked,VisualCogA_Task-2,0,baseline_logistic_l2_1,baseline_13,1.0,0,0.0,0.46090801284143357,VisualCogB_Task-2,137,80,0.4375,0.44468887492143305,0.5166561910747958,0.43529411764705883
q1_quality_matched,cue_locked,VisualCogA_Task-2,1,logistic_baseline_13_l2_0.1,baseline_13,0.1,0,0.0,0.4704660426320215,VisualCogA_Task-1,163,54,0.35185185185185186,0.3524137931034483,0.4110344827586207,0.3516295025728988
q1_quality_matched,cue_locked,VisualCogA_Task-2,1,logistic_baseline_13_l2_0.1,baseline_13,0.1,0,0.0,0.4704660426320215,VisualCogB_Task-1,134,83,0.5783132530120482,0.5775261324041812,0.5516840882694541,0.5760980592441267
q1_quality_matched,cue_locked,VisualCogA_Task-2,1,logistic_baseline_13_l2_0.1,baseline_13,0.1,0,0.0,0.4704660426320215,VisualCogB_Task-2,137,80,0.475,0.48145820238843495,0.5135135135135135,0.4736842105263158
q1_quality_matched,cue_locked,VisualCogA_Task-2,2,logistic_baseline_13_l2_10,baseline_13,10.0,0,0.0,0.4892182743224267,VisualCogA_Task-1,163,54,0.3888888888888889,0.39241379310344826,0.4482758620689656,0.3886792452830189
q1_quality_matched,cue_locked,VisualCogA_Task-2,2,logistic_baseline_13_l2_10,baseline_13,10.0,0,0.0,0.4892182743224267,VisualCogB_Task-1,134,83,0.5903614457831325,0.5900116144018583,0.5534262485481998,0.5898255813953488
q1_quality_matched,cue_locked,VisualCogA_Task-2,2,logistic_baseline_13_l2_10,baseline_13,10.0,0,0.0,0.4892182743224267,VisualCogB_Task-2,137,80,0.475,0.4852294154619736,0.5210559396605908,0.4696969696969697
q1_quality_matched,cue_locked,VisualCogA_Task-2,3,logistic_baseline_13_l2_100,baseline_13,100.0,0,0.0,0.5254369355566375,VisualCogA_Task-1,163,54,0.4444444444444444,0.46068965517241384,0.4551724137931035,0.42471590909090906
q1_quality_matched,cue_locked,VisualCogA_Task-2,3,logistic_baseline_13_l2_100,baseline_13,100.0,0,0.0,0.5254369355566375,VisualCogB_Task-1,134,83,0.6024096385542169,0.5995934959349594,0.554006968641115,0.5779010633379565
q1_quality_matched,cue_locked,VisualCogA_Task-2,3,logistic_baseline_13_l2_100,baseline_13,100.0,0,0.0,0.5254369355566375,VisualCogB_Task-2,137,80,0.5,0.5160276555625393,0.5323695788812067,0.4842037395228885
q1_quality_matched,cue_locked,VisualCogA_Task-2,4,logistic_erp_100ms_l2_0.1,erp_100ms,0.1,0,0.0,0.47258584965491296,VisualCogA_Task-1,163,54,0.4074074074074074,0.41517241379310343,0.35724137931034483,0.40413793103448276
q1_quality_matched,cue_locked,VisualCogA_Task-2,4,logistic_erp_100ms_l2_0.1,erp_100ms,0.1,0,0.0,0.47258584965491296,VisualCogB_Task-1,134,83,0.4457831325301205,0.4457026713124274,0.44425087108013933,0.4457026713124274
q1_quality_matched,cue_locked,VisualCogA_Task-2,4,logistic_erp_100ms_l2_0.1,erp_100ms,0.1,0,0.0,0.47258584965491296,VisualCogB_Task-2,137,80,0.55,0.556882463859208,0.5323695788812068,0.5488721804511278
q1_quality_matched,cue_locked,VisualCogA_Task-2,5,logistic_erp_100ms_l2_10,erp_100ms,10.0,0,0.0,0.47823054285197575,VisualCogA_Task-1,163,54,0.42592592592592593,0.4517241379310345,0.3779310344827586,0.3627712219261515
q1_quality_matched,cue_locked,VisualCogA_Task-2,5,logistic_erp_100ms_l2_10,erp_100ms,10.0,0,0.0,0.47823054285197575,VisualCogB_Task-1,134,83,0.4578313253012048,0.45876887340301975,0.4883855981416957,0.45498321902816286
q1_quality_matched,cue_locked,VisualCogA_Task-2,5,logistic_erp_100ms_l2_10,erp_100ms,10.0,0,0.0,0.47823054285197575,VisualCogB_Task-2,137,80,0.525,0.524198617221873,0.5084852294154619,0.5238095238095238
q1_quality_matched,cue_locked,VisualCogA_Task-2,6,logistic_erp_100ms_l2_100,erp_100ms,100.0,0,0.0,0.4872652159492772,VisualCogA_Task-1,163,54,0.4444444444444444,0.48,0.4041379310344828,0.3076923076923077
q1_quality_matched,cue_locked,VisualCogA_Task-2,6,logistic_erp_100ms_l2_100,erp_100ms,100.0,0,0.0,0.4872652159492772,VisualCogB_Task-1,134,83,0.4457831325301205,0.4462833914053426,0.5063879210220674,0.4450581395348837
q1_quality_matched,cue_locked,VisualCogA_Task-2,6,logistic_erp_100ms_l2_100,erp_100ms,100.0,0,0.0,0.4872652159492772,VisualCogB_Task-2,137,80,0.525,0.535512256442489,0.5172847265870522,0.5202020202020202
q1_quality_matched,cue_locked,VisualCogA_Task-2,7,logistic_erp_100ms_l2_1,erp_100ms,1.0,0,0.0,0.47153638985000107,VisualCogA_Task-1,163,54,0.4444444444444444,0.4579310344827586,0.3696551724137931,0.4319775596072931
q1_quality_matched,cue_locked,VisualCogA_Task-2,7,logistic_erp_100ms_l2_1,erp_100ms,1.0,0,0.0,0.47153638985000107,VisualCogB_Task-1,134,83,0.4457831325301205,0.445993031358885,0.46631823461091754,0.4457026713124274
q1_quality_matched,cue_locked,VisualCogA_Task-2,7,logistic_erp_100ms_l2_1,erp_100ms,1.0,0,0.0,0.47153638985000107,VisualCogB_Task-2,137,80,0.5125,0.5106851037083595,0.5260842237586423,0.5105882352941176
q1_quality_matched,cue_locked,VisualCogA_Task-2,8,logistic_erp_50ms_l2_0.1,erp_50ms,0.1,0,0.0,0.47219759037976416,VisualCogA_Task-1,163,54,0.3888888888888889,0.40344827586206894,0.4220689655172414,0.37142857142857144
q1_quality_matched,cue_locked,VisualCogA_Task-2,8,logistic_erp_50ms_l2_0.1,erp_50ms,0.1,0,0.0,0.47219759037976416,VisualCogB_Task-1,134,83,0.4939759036144578,0.49303135888501737,0.44831591173054586,0.4903508771929824
q1_quality_matched,cue_locked,VisualCogA_Task-2,8,logistic_erp_50ms_l2_0.1,erp_50ms,0.1,0,0.0,0.47219759037976416,VisualCogB_Task-2,137,80,0.5125,0.5201131363922061,0.5417976115650535,0.5105882352941176
q1_quality_matched,cue_locked,VisualCogA_Task-2,9,logistic_erp_50ms_l2_10,erp_50ms,10.0,0,0.0,0.4603861790925377,VisualCogA_Task-1,163,54,0.37037037037037035,0.38620689655172413,0.3724137931034483,0.34801136363636365
q1_quality_matched,cue_locked,VisualCogA_Task-2,9,logistic_erp_50ms_l2_10,erp_50ms,10.0,0,0.0,0.4603861790925377,VisualCogB_Task-1,134,83,0.5301204819277109,0.5307781649245064,0.5023228803716608,0.5290266259275426
q1_quality_matched,cue_locked,VisualCogA_Task-2,9,logistic_erp_50ms_l2_10,erp_50ms,10.0,0,0.0,0.4603861790925377,VisualCogB_Task-2,137,80,0.4625,0.4641734758013828,0.4846008799497172,0.46241600250039067
q1_quality_matched,cue_locked,VisualCogA_Task-2,10,logistic_erp_50ms_l2_100,erp_50ms,100.0,0,0.0,0.4755932603862269,VisualCogA_Task-1,163,54,0.42592592592592593,0.46,0.4027586206896552,0.2987012987012987
q1_quality_matched,cue_locked,VisualCogA_Task-2,10,logistic_erp_50ms_l2_100,erp_50ms,100.0,0,0.0,0.4755932603862269,VisualCogB_Task-1,134,83,0.4939759036144578,0.49506387921022066,0.5133565621370499,0.4903508771929824
q1_quality_matched,cue_locked,VisualCogA_Task-2,10,logistic_erp_50ms_l2_100,erp_50ms,100.0,0,0.0,0.4755932603862269,VisualCogB_Task-2,137,80,0.4625,0.47171590194846014,0.4820867379006914,0.45835301527318534
q1_quality_matched,cue_locked,VisualCogA_Task-2,11,logistic_erp_50ms_l2_1,erp_50ms,1.0,0,0.0,0.4652405419342654,VisualCogA_Task-1,163,54,0.42592592592592593,0.4406896551724138,0.40413793103448276,0.4095238095238095
q1_quality_matched,cue_locked,VisualCogA_Task-2,11,logistic_erp_50ms_l2_1,erp_50ms,1.0,0,0.0,0.4652405419342654,VisualCogB_Task-1,134,83,0.46987951807228917,0.46980255516840885,0.4680603948896632,0.46980255516840885
q1_quality_matched,cue_locked,VisualCogA_Task-2,11,logistic_erp_50ms_l2_1,erp_50ms,1.0,0,0.0,0.4652405419342654,VisualCogB_Task-2,137,80,0.475,0.4852294154619736,0.5455688246385921,0.4696969696969697
q1_quality_matched,cue_locked,VisualCogA_Task-2,12,logistic_spatial_100ms_l2_0.1,spatial_100ms,0.1,0,0.0,0.47258584965491296,VisualCogA_Task-1,163,54,0.4074074074074074,0.41517241379310343,0.35724137931034483,0.40413793103448276
q1_quality_matched,cue_locked,VisualCogA_Task-2,12,logistic_spatial_100ms_l2_0.1,spatial_100ms,0.1,0,0.0,0.47258584965491296,VisualCogB_Task-1,134,83,0.4457831325301205,0.4457026713124274,0.44425087108013933,0.4457026713124274
q1_quality_matched,cue_locked,VisualCogA_Task-2,12,logistic_spatial_100ms_l2_0.1,spatial_100ms,0.1,0,0.0,0.47258584965491296,VisualCogB_Task-2,137,80,0.55,0.556882463859208,0.5323695788812068,0.5488721804511278
q1_quality_matched,cue_locked,VisualCogA_Task-2,13,logistic_spatial_100ms_l2_10,spatial_100ms,10.0,0,0.0,0.47823054285197575,VisualCogA_Task-1,163,54,0.42592592592592593,0.4517241379310345,0.3779310344827586,0.3627712219261515
q1_quality_matched,cue_locked,VisualCogA_Task-2,13,logistic_spatial_100ms_l2_10,spatial_100ms,10.0,0,0.0,0.47823054285197575,VisualCogB_Task-1,134,83,0.4578313253012048,0.45876887340301975,0.4883855981416957,0.45498321902816286
q1_quality_matched,cue_locked,VisualCogA_Task-2,13,logistic_spatial_100ms_l2_10,spatial_100ms,10.0,0,0.0,0.47823054285197575,VisualCogB_Task-2,137,80,0.525,0.524198617221873,0.5084852294154619,0.5238095238095238
q1_quality_matched,cue_locked,VisualCogA_Task-2,14,logistic_spatial_100ms_l2_100,spatial_100ms,100.0,0,0.0,0.4872652159492772,VisualCogA_Task-1,163,54,0.4444444444444444,0.48,0.4041379310344828,0.3076923076923077
q1_quality_matched,cue_locked,VisualCogA_Task-2,14,logistic_spatial_100ms_l2_100,spatial_100ms,100.0,0,0.0,0.4872652159492772,VisualCogB_Task-1,134,83,0.4457831325301205,0.4462833914053426,0.5063879210220674,0.4450581395348837
q1_quality_matched,cue_locked,VisualCogA_Task-2,14,logistic_spatial_100ms_l2_100,spatial_100ms,100.0,0,0.0,0.4872652159492772,VisualCogB_Task-2,137,80,0.525,0.535512256442489,0.5172847265870522,0.5202020202020202
q1_quality_matched,cue_locked,VisualCogA_Task-2,15,logistic_spatial_100ms_l2_1,spatial_100ms,1.0,0,0.0,0.47153638985000107,VisualCogA_Task-1,163,54,0.4444444444444444,0.4579310344827586,0.3696551724137931,0.4319775596072931
q1_quality_matched,cue_locked,VisualCogA_Task-2,15,logistic_spatial_100ms_l2_1,spatial_100ms,1.0,0,0.0,0.47153638985000107,VisualCogB_Task-1,134,83,0.4457831325301205,0.445993031358885,0.46631823461091754,0.4457026713124274
q1_quality_matched,cue_locked,VisualCogA_Task-2,15,logistic_spatial_100ms_l2_1,spatial_100ms,1.0,0,0.0,0.47153638985000107,VisualCogB_Task-2,137,80,0.5125,0.5106851037083595,0.5260842237586423,0.5105882352941176
q1_quality_matched,cue_locked,VisualCogA_Task-2,16,logistic_wave64_l2_0.1,wave64,0.1,0,0.0,0.49856177033500165,VisualCogA_Task-1,163,54,0.42592592592592593,0.4241379310344828,0.39172413793103444,0.4241486068111455
q1_quality_matched,cue_locked,VisualCogA_Task-2,16,logistic_wave64_l2_0.1,wave64,0.1,0,0.0,0.49856177033500165,VisualCogB_Task-1,134,83,0.5180722891566265,0.5165505226480837,0.45876887340301975,0.5094562647754137
q1_quality_matched,cue_locked,VisualCogA_Task-2,16,logistic_wave64_l2_0.1,wave64,0.1,0,0.0,0.49856177033500165,VisualCogB_Task-2,137,80,0.55,0.5549968573224386,0.5656819610307982,0.549718574108818
q1_quality_matched,cue_locked,VisualCogA_Task-2,17,logistic_wave64_l2_10,wave64,10.0,0,0.0,0.5012760116699327,VisualCogA_Task-1,163,54,0.4444444444444444,0.4496551724137931,0.40413793103448276,0.44368131868131866
q1_quality_matched,cue_locked,VisualCogA_Task-2,17,logistic_wave64_l2_10,wave64,10.0,0,0.0,0.5012760116699327,VisualCogB_Task-1,134,83,0.4457831325301205,0.4451219512195122,0.4767711962833914,0.44376456876456877
q1_quality_matched,cue_locked,VisualCogA_Task-2,17,logistic_wave64_l2_10,wave64,10.0,0,0.0,0.5012760116699327,VisualCogB_Task-2,137,80,0.6,0.6090509113764928,0.592080452545569,0.5977372721558768
q1_quality_matched,cue_locked,VisualCogA_Task-2,18,logistic_wave64_l2_100,wave64,100.0,0,0.0,0.5056023133047015,VisualCogA_Task-1,163,54,0.46296296296296297,0.48620689655172417,0.3737931034482759,0.4180602006688963
q1_quality_matched,cue_locked,VisualCogA_Task-2,18,logistic_wave64_l2_100,wave64,100.0,0,0.0,0.5056023133047015,VisualCogB_Task-1,134,83,0.4939759036144578,0.4947735191637631,0.5069686411149826,0.49213286713286714
q1_quality_matched,cue_locked,VisualCogA_Task-2,18,logistic_wave64_l2_100,wave64,100.0,0,0.0,0.5056023133047015,VisualCogB_Task-2,137,80,0.5375,0.5358265241986172,0.5373978629792584,0.5356862745098039
q1_quality_matched,cue_locked,VisualCogA_Task-2,19,logistic_wave64_l2_1,wave64,1.0,0,0.0,0.5148659815229338,VisualCogA_Task-1,163,54,0.4444444444444444,0.44413793103448274,0.4193103448275862,0.44368131868131866
q1_quality_matched,cue_locked,VisualCogA_Task-2,19,logistic_wave64_l2_1,wave64,1.0,0,0.0,0.5148659815229338,VisualCogB_Task-1,134,83,0.5180722891566265,0.5165505226480837,0.46747967479674796,0.5094562647754137
q1_quality_matched,cue_locked,VisualCogA_Task-2,19,logistic_wave64_l2_1,wave64,1.0,0,0.0,0.5148659815229338,VisualCogB_Task-2,137,80,0.575,0.5839094908862351,0.5908233815210558,0.5725958516656191
q1_quality_matched,cue_locked,VisualCogA_Task-2,20,csp_e1_shrink0.01_l2_0.1,csp,0.1,1,0.01,0.5137487777112634,VisualCogA_Task-1,163,54,0.4444444444444444,0.4772413793103448,0.42896551724137927,0.3338815789473684
q1_quality_matched,cue_locked,VisualCogA_Task-2,20,csp_e1_shrink0.01_l2_0.1,csp,0.1,1,0.01,0.5137487777112634,VisualCogB_Task-1,134,83,0.5180722891566265,0.5165505226480837,0.44250871080139376,0.5094562647754137
q1_quality_matched,cue_locked,VisualCogA_Task-2,20,csp_e1_shrink0.01_l2_0.1,csp,0.1,1,0.01,0.5137487777112634,VisualCogB_Task-2,137,80,0.55,0.5474544311753614,0.5053425518541799,0.5474544311753614
q1_quality_matched,cue_locked,VisualCogA_Task-2,21,csp_e1_shrink0.01_l2_1,csp,1.0,1,0.01,0.5170884961672608,VisualCogA_Task-1,163,54,0.4444444444444444,0.4772413793103448,0.4206896551724138,0.3338815789473684
q1_quality_matched,cue_locked,VisualCogA_Task-2,21,csp_e1_shrink0.01_l2_1,csp,1.0,1,0.01,0.5170884961672608,VisualCogB_Task-1,134,83,0.5301204819277109,0.5284552845528455,0.44250871080139376,0.5200889547813194
q1_quality_matched,cue_locked,VisualCogA_Task-2,21,csp_e1_shrink0.01_l2_1,csp,1.0,1,0.01,0.5170884961672608,VisualCogB_Task-2,137,80,0.55,0.5455688246385921,0.4927718416090509,0.5454545454545454
q1_quality_matched,cue_locked,VisualCogA_Task-2,22,csp_e1_shrink0.01_l2_10,csp,10.0,1,0.01,0.47916235188830886,VisualCogA_Task-1,163,54,0.4444444444444444,0.4772413793103448,0.42758620689655175,0.3338815789473684
q1_quality_matched,cue_locked,VisualCogA_Task-2,22,csp_e1_shrink0.01_l2_10,csp,10.0,1,0.01,0.47916235188830886,VisualCogB_Task-1,134,83,0.5421686746987951,0.5400696864111498,0.44250871080139376,0.5267106842737095
q1_quality_matched,cue_locked,VisualCogA_Task-2,22,csp_e1_shrink0.01_l2_10,csp,10.0,1,0.01,0.47916235188830886,VisualCogB_Task-2,137,80,0.4375,0.42017598994343186,0.4525455688246386,0.39587179056888744
q1_quality_matched,cue_locked,VisualCogA_Task-2,23,csp_e1_shrink0.1_l2_0.1,csp,0.1,1,0.1,0.4964244727782585,VisualCogA_Task-1,163,54,0.4444444444444444,0.47448275862068967,0.4648275862068966,0.35612082670906203
q1_quality_matched,cue_locked,VisualCogA_Task-2,23,csp_e1_shrink0.1_l2_0.1,csp,0.1,1,0.1,0.4964244727782585,VisualCogB_Task-1,134,83,0.46987951807228917,0.46922183507549364,0.42973286875725897,0.46794871794871795
q1_quality_matched,cue_locked,VisualCogA_Task-2,23,csp_e1_shrink0.1_l2_0.1,csp,0.1,1,0.1,0.4964244727782585,VisualCogB_Task-2,137,80,0.55,0.5455688246385921,0.48397234443746073,0.5454545454545454
q1_quality_matched,cue_locked,VisualCogA_Task-2,24,csp_e1_shrink0.1_l2_1,csp,1.0,1,0.1,0.4816683373324679,VisualCogA_Task-1,163,54,0.42592592592592593,0.4572413793103448,0.45793103448275857,0.3236363636363636
q1_quality_matched,cue_locked,VisualCogA_Task-2,24,csp_e1_shrink0.1_l2_1,csp,1.0,1,0.1,0.4816683373324679,VisualCogB_Task-1,134,83,0.46987951807228917,0.46922183507549364,0.42973286875725897,0.46794871794871795
q1_quality_matched,cue_locked,VisualCogA_Task-2,24,csp_e1_shrink0.1_l2_1,csp,1.0,1,0.1,0.4816683373324679,VisualCogB_Task-2,137,80,0.525,0.518541797611565,0.4814582023884349,0.5174603174603174
q1_quality_matched,cue_locked,VisualCogA_Task-2,25,csp_e1_shrink0.1_l2_10,csp,10.0,1,0.1,0.4469678528758858,VisualCogA_Task-1,163,54,0.4444444444444444,0.4772413793103448,0.42620689655172417,0.3338815789473684
q1_quality_matched,cue_locked,VisualCogA_Task-2,25,csp_e1_shrink0.1_l2_10,csp,10.0,1,0.1,0.4469678528758858,VisualCogB_Task-1,134,83,0.4819277108433735,0.48025551684088275,0.42973286875725897,0.4708673091178651
q1_quality_matched,cue_locked,VisualCogA_Task-2,25,csp_e1_shrink0.1_l2_10,csp,10.0,1,0.1,0.4469678528758858,VisualCogB_Task-2,137,80,0.4,0.3834066624764299,0.39409176618478947,0.36
q1_quality_matched,cue_locked,VisualCogA_Task-2,26,csp_e2_shrink0.01_l2_0.1,csp,0.1,2,0.01,0.4678337986368968,VisualCogA_Task-1,163,54,0.4074074074074074,0.4372413793103448,0.4386206896551724,0.31319554848966613
q1_quality_matched,cue_locked,VisualCogA_Task-2,26,csp_e2_shrink0.01_l2_0.1,csp,0.1,2,0.01,0.4678337986368968,VisualCogB_Task-1,134,83,0.4578313253012048,0.4555749128919861,0.42044134727061555,0.4369063772048847
q1_quality_matched,cue_locked,VisualCogA_Task-2,26,csp_e2_shrink0.01_l2_0.1,csp,0.1,2,0.01,0.4678337986368968,VisualCogB_Task-2,137,80,0.5125,0.5106851037083595,0.5053425518541798,0.5105882352941176
q1_quality_matched,cue_locked,VisualCogA_Task-2,27,csp_e2_shrink0.01_l2_1,csp,1.0,2,0.01,0.4822524032880596,VisualCogA_Task-1,163,54,0.42592592592592593,0.4572413793103448,0.4372413793103448,0.3236363636363636
q1_quality_matched,cue_locked,VisualCogA_Task-2,27,csp_e2_shrink0.01_l2_1,csp,1.0,2,0.01,0.4822524032880596,VisualCogB_Task-1,134,83,0.4578313253012048,0.4555749128919861,0.42102206736353076,0.4369063772048847
q1_quality_matched,cue_locked,VisualCogA_Task-2,27,csp_e2_shrink0.01_l2_1,csp,1.0,2,0.01,0.4822524032880596,VisualCogB_Task-2,137,80,0.5375,0.5339409176618479,0.4965430546825896,0.5339316643048339
q1_quality_matched,cue_locked,VisualCogA_Task-2,28,csp_e2_shrink0.01_l2_10,csp,10.0,2,0.01,0.4672048518877005,VisualCogA_Task-1,163,54,0.46296296296296297,0.4972413793103448,0.4372413793103448,0.3439463762044407
q1_quality_matched,cue_locked,VisualCogA_Task-2,28,csp_e2_shrink0.01_l2_10,csp,10.0,2,0.01,0.4672048518877005,VisualCogB_Task-1,134,83,0.4578313253012048,0.45528455284552843,0.4221835075493612,0.4310738766184311
q1_quality_matched,cue_locked,VisualCogA_Task-2,28,csp_e2_shrink0.01_l2_10,csp,10.0,2,0.01,0.4672048518877005,VisualCogB_Task-2,137,80,0.4625,0.44908862350722817,0.431803896920176,0.43708067419407626
q1_quality_matched,cue_locked,VisualCogA_Task-2,29,csp_e2_shrink0.1_l2_0.1,csp,0.1,2,0.1,0.45781296442199687,VisualCogA_Task-1,163,54,0.4074074074074074,0.4344827586206897,0.46344827586206894,0.33333333333333337
q1_quality_matched,cue_locked,VisualCogA_Task-2,29,csp_e2_shrink0.1_l2_0.1,csp,0.1,2,0.1,0.45781296442199687,VisualCogB_Task-1,134,83,0.4457831325301205,0.4436701509872242,0.4123112659698026,0.4270708283313326
q1_quality_matched,cue_locked,VisualCogA_Task-2,29,csp_e2_shrink0.1_l2_0.1,csp,0.1,2,0.1,0.45781296442199687,VisualCogB_Task-2,137,80,0.5,0.4952859836580767,0.49214330609679446,0.4949494949494949
q1_quality_matched,cue_locked,VisualCogA_Task-2,30,csp_e2_shrink0.1_l2_1,csp,1.0,2,0.1,0.47006940691099747,VisualCogA_Task-1,163,54,0.4074074074074074,0.4344827586206897,0.46482758620689657,0.33333333333333337
q1_quality_matched,cue_locked,VisualCogA_Task-2,30,csp_e2_shrink0.1_l2_1,csp,1.0,2,0.1,0.47006940691099747,VisualCogB_Task-1,134,83,0.4457831325301205,0.4436701509872242,0.4111498257839722,0.4270708283313326
q1_quality_matched,cue_locked,VisualCogA_Task-2,30,csp_e2_shrink0.1_l2_1,csp,1.0,2,0.1,0.47006940691099747,VisualCogB_Task-2,137,80,0.5375,0.5320553111250785,0.48900062853551224,0.531571451178984
q1_quality_matched,cue_locked,VisualCogA_Task-2,31,csp_e2_shrink0.1_l2_10,csp,10.0,2,0.1,0.45981736473277146,VisualCogA_Task-1,163,54,0.4444444444444444,0.4772413793103448,0.4579310344827586,0.3338815789473684
q1_quality_matched,cue_locked,VisualCogA_Task-2,31,csp_e2_shrink0.1_l2_10,csp,10.0,2,0.1,0.45981736473277146,VisualCogB_Task-1,134,83,0.4457831325301205,0.44337979094076657,0.4111498257839722,0.4215151515151515
q1_quality_matched,cue_locked,VisualCogA_Task-2,31,csp_e2_shrink0.1_l2_10,csp,10.0,2,0.1,0.45981736473277146,VisualCogB_Task-2,137,80,0.475,0.45883092394720304,0.41986172218730355,0.43999999999999995
q1_quality_matched,cue_locked,VisualCogB_Task-1,0,baseline_logistic_l2_1,baseline_13,1.0,0,0.0,0.46208155916255356,VisualCogA_Task-1,160,54,0.5370370370370371,0.5358620689655172,0.5406896551724137,0.5356037151702786
q1_quality_matched,cue_locked,VisualCogB_Task-1,0,baseline_logistic_l2_1,baseline_13,1.0,0,0.0,0.46208155916255356,VisualCogA_Task-2,134,80,0.425,0.43492063492063493,0.4660317460317461,0.42464040025015637
q1_quality_matched,cue_locked,VisualCogB_Task-1,0,baseline_logistic_l2_1,baseline_13,1.0,0,0.0,0.46208155916255356,VisualCogB_Task-2,134,80,0.4,0.4154619736015085,0.4494028912633563,0.3810444874274661
q1_quality_matched,cue_locked,VisualCogB_Task-1,1,logistic_baseline_13_l2_0.1,baseline_13,0.1,0,0.0,0.46473906831565204,VisualCogA_Task-1,160,54,0.5740740740740741,0.5703448275862069,0.5489655172413793,0.5703908682116915
q1_quality_matched,cue_locked,VisualCogB_Task-1,1,logistic_baseline_13_l2_0.1,baseline_13,0.1,0,0.0,0.46473906831565204,VisualCogA_Task-2,134,80,0.4125,0.42380952380952375,0.47301587301587306,0.41167266468471286
q1_quality_matched,cue_locked,VisualCogB_Task-1,1,logistic_baseline_13_l2_0.1,baseline_13,0.1,0,0.0,0.46473906831565204,VisualCogB_Task-2,134,80,0.3875,0.4000628535512256,0.43934632306725324,0.3756967670011149
q1_quality_matched,cue_locked,VisualCogB_Task-1,2,logistic_baseline_13_l2_10,baseline_13,10.0,0,0.0,0.47673401893129236,VisualCogA_Task-1,160,54,0.5,0.4958620689655172,0.5406896551724139,0.4956762365963334
q1_quality_matched,cue_locked,VisualCogB_Task-1,2,logistic_baseline_13_l2_10,baseline_13,10.0,0,0.0,0.47673401893129236,VisualCogA_Task-2,134,80,0.4375,0.4396825396825397,0.4539682539682539,0.43670787044281023
q1_quality_matched,cue_locked,VisualCogB_Task-1,2,logistic_baseline_13_l2_10,baseline_13,10.0,0,0.0,0.47673401893129236,VisualCogB_Task-2,134,80,0.475,0.49465744814582024,0.47014456316781894,0.4470046082949308
q1_quality_matched,cue_locked,VisualCogB_Task-1,3,logistic_baseline_13_l2_100,baseline_13,100.0,0,0.0,0.47907313660320877,VisualCogA_Task-1,160,54,0.5555555555555556,0.5503448275862068,0.5613793103448276,0.55
q1_quality_matched,cue_locked,VisualCogB_Task-1,3,logistic_baseline_13_l2_100,baseline_13,100.0,0,0.0,0.47907313660320877,VisualCogA_Task-2,134,80,0.475,0.46984126984126984,0.4355555555555556,0.4696969696969697
q1_quality_matched,cue_locked,VisualCogB_Task-1,3,logistic_baseline_13_l2_100,baseline_13,100.0,0,0.0,0.47907313660320877,VisualCogB_Task-2,134,80,0.3875,0.41703331238214963,0.48334380892520423,0.29483720093542004
q1_quality_matched,cue_locked,VisualCogB_Task-1,4,logistic_erp_100ms_l2_0.1,erp_100ms,0.1,0,0.0,0.44686158492092737,VisualCogA_Task-1,160,54,0.42592592592592593,0.4324137931034483,0.3682758620689655,0.4241486068111455
q1_quality_matched,cue_locked,VisualCogB_Task-1,4,logistic_erp_100ms_l2_0.1,erp_100ms,0.1,0,0.0,0.44686158492092737,VisualCogA_Task-2,134,80,0.4,0.4,0.42095238095238097,0.39849624060150374
q1_quality_matched,cue_locked,VisualCogB_Task-1,4,logistic_erp_100ms_l2_0.1,erp_100ms,0.1,0,0.0,0.44686158492092737,VisualCogB_Task-2,134,80,0.4875,0.5081709616593337,0.4971715901948459,0.4568637191588011
q1_quality_matched,cue_locked,VisualCogB_Task-1,5,logistic_erp_100ms_l2_10,erp_100ms,10.0,0,0.0,0.4237908087948184,VisualCogA_Task-1,160,54,0.35185185185185186,0.3413793103448276,0.326896551724138,0.3333333333333333
q1_quality_matched,cue_locked,VisualCogB_Task-1,5,logistic_erp_100ms_l2_10,erp_100ms,10.0,0,0.0,0.4237908087948184,VisualCogA_Task-2,134,80,0.45,0.47619047619047616,0.42984126984126986,0.4373401534526854
q1_quality_matched,cue_locked,VisualCogB_Task-1,5,logistic_erp_100ms_l2_10,erp_100ms,10.0,0,0.0,0.4237908087948184,VisualCogB_Task-2,134,80,0.425,0.4538026398491515,0.453174104336895,0.34472934472934474
q1_quality_matched,cue_locked,VisualCogB_Task-1,6,logistic_erp_100ms_l2_100,erp_100ms,100.0,0,0.0,0.47281821172759425,VisualCogA_Task-1,160,54,0.48148148148148145,0.46482758620689657,0.41655172413793107,0.4441176470588235
q1_quality_matched,cue_locked,VisualCogB_Task-1,6,logistic_erp_100ms_l2_100,erp_100ms,100.0,0,0.0,0.47281821172759425,VisualCogA_Task-2,134,80,0.45,0.48253968253968255,0.426031746031746,0.4270833333333333
q1_quality_matched,cue_locked,VisualCogB_Task-1,6,logistic_erp_100ms_l2_100,erp_100ms,100.0,0,0.0,0.47281821172759425,VisualCogB_Task-2,134,80,0.4375,0.4710873664362037,0.4877435575109993,0.32216155149689324
q1_quality_matched,cue_locked,VisualCogB_Task-1,7,logistic_erp_100ms_l2_1,erp_100ms,1.0,0,0.0,0.44074194483176043,VisualCogA_Task-1,160,54,0.4074074074074074,0.40689655172413797,0.3310344827586207,0.4065934065934066
q1_quality_matched,cue_locked,VisualCogB_Task-1,7,logistic_erp_100ms_l2_1,erp_100ms,1.0,0,0.0,0.44074194483176043,VisualCogA_Task-2,134,80,0.4375,0.45555555555555555,0.426031746031746,0.43316013226263583
q1_quality_matched,cue_locked,VisualCogB_Task-1,7,logistic_erp_100ms_l2_1,erp_100ms,1.0,0,0.0,0.44074194483176043,VisualCogB_Task-2,134,80,0.4375,0.45977372721558774,0.45945945945945943,0.39587179056888744
q1_quality_matched,cue_locked,VisualCogB_Task-1,8,logistic_erp_50ms_l2_0.1,erp_50ms,0.1,0,0.0,0.47383994144218683,VisualCogA_Task-1,160,54,0.35185185185185186,0.3551724137931035,0.3351724137931035,0.3516295025728988
q1_quality_matched,cue_locked,VisualCogB_Task-1,8,logistic_erp_50ms_l2_0.1,erp_50ms,0.1,0,0.0,0.47383994144218683,VisualCogA_Task-2,134,80,0.5375,0.5349206349206349,0.4317460317460317,0.5339316643048339
q1_quality_matched,cue_locked,VisualCogB_Task-1,8,logistic_erp_50ms_l2_0.1,erp_50ms,0.1,0,0.0,0.47383994144218683,VisualCogB_Task-2,134,80,0.5125,0.5314267756128221,0.5443117536140791,0.4894452626411389
q1_quality_matched,cue_locked,VisualCogB_Task-1,9,logistic_erp_50ms_l2_10,erp_50ms,10.0,0,0.0,0.4442160822754247,VisualCogA_Task-1,160,54,0.3333333333333333,0.3324137931034483,0.33103448275862074,0.33241758241758246
q1_quality_matched,cue_locked,VisualCogB_Task-1,9,logistic_erp_50ms_l2_10,erp_50ms,10.0,0,0.0,0.4442160822754247,VisualCogA_Task-2,134,80,0.475,0.4920634920634921,0.48380952380952374,0.47203016970458833
q1_quality_matched,cue_locked,VisualCogB_Task-1,9,logistic_erp_50ms_l2_10,erp_50ms,10.0,0,0.0,0.4442160822754247,VisualCogB_Task-2,134,80,0.4875,0.5081709616593337,0.5311125078566938,0.4568637191588011
q1_quality_matched,cue_locked,VisualCogB_Task-1,10,logistic_erp_50ms_l2_100,erp_50ms,100.0,0,0.0,0.4611466868403517,VisualCogA_Task-1,160,54,0.4074074074074074,0.39862068965517244,0.3641379310344828,0.394109396914446
q1_quality_matched,cue_locked,VisualCogB_Task-1,10,logistic_erp_50ms_l2_100,erp_50ms,100.0,0,0.0,0.4611466868403517,VisualCogA_Task-2,134,80,0.4625,0.4904761904761905,0.46412698412698405,0.4479216819130155
q1_quality_matched,cue_locked,VisualCogB_Task-1,10,logistic_erp_50ms_l2_100,erp_50ms,100.0,0,0.0,0.4611466868403517,VisualCogB_Task-2,134,80,0.4625,0.49434318038969205,0.5273412947831553,0.36753079610222467
q1_quality_matched,cue_locked,VisualCogB_Task-1,11,logistic_erp_50ms_l2_1,erp_50ms,1.0,0,0.0,0.46964074166961095,VisualCogA_Task-1,160,54,0.35185185185185186,0.35793103448275865,0.31034482758620696,0.3498452012383901
q1_quality_matched,cue_locked,VisualCogB_Task-1,11,logistic_erp_50ms_l2_1,erp_50ms,1.0,0,0.0,0.46964074166961095,VisualCogA_Task-2,134,80,0.5,0.5079365079365079,0.4603174603174603,0.5
q1_quality_matched,cue_locked,VisualCogB_Task-1,11,logistic_erp_50ms_l2_1,erp_50ms,1.0,0,0.0,0.46964074166961095,VisualCogB_Task-2,134,80,0.525,0.5430546825895664,0.519798868636078,0.5052083333333333
q1_quality_matched,cue_locked,VisualCogB_Task-1,12,logistic_spatial_100ms_l2_0.1,spatial_100ms,0.1,0,0.0,0.44686158492092737,VisualCogA_Task-1,160,54,0.42592592592592593,0.4324137931034483,0.3682758620689655,0.4241486068111455
q1_quality_matched,cue_locked,VisualCogB_Task-1,12,logistic_spatial_100ms_l2_0.1,spatial_100ms,0.1,0,0.0,0.44686158492092737,VisualCogA_Task-2,134,80,0.4,0.4,0.42095238095238097,0.39849624060150374
q1_quality_matched,cue_locked,VisualCogB_Task-1,12,logistic_spatial_100ms_l2_0.1,spatial_100ms,0.1,0,0.0,0.44686158492092737,VisualCogB_Task-2,134,80,0.4875,0.5081709616593337,0.4971715901948459,0.4568637191588011
q1_quality_matched,cue_locked,VisualCogB_Task-1,13,logistic_spatial_100ms_l2_10,spatial_100ms,10.0,0,0.0,0.4237908087948184,VisualCogA_Task-1,160,54,0.35185185185185186,0.3413793103448276,0.326896551724138,0.3333333333333333
q1_quality_matched,cue_locked,VisualCogB_Task-1,13,logistic_spatial_100ms_l2_10,spatial_100ms,10.0,0,0.0,0.4237908087948184,VisualCogA_Task-2,134,80,0.45,0.47619047619047616,0.42984126984126986,0.4373401534526854
q1_quality_matched,cue_locked,VisualCogB_Task-1,13,logistic_spatial_100ms_l2_10,spatial_100ms,10.0,0,0.0,0.4237908087948184,VisualCogB_Task-2,134,80,0.425,0.4538026398491515,0.453174104336895,0.34472934472934474
q1_quality_matched,cue_locked,VisualCogB_Task-1,14,logistic_spatial_100ms_l2_100,spatial_100ms,100.0,0,0.0,0.47281821172759425,VisualCogA_Task-1,160,54,0.48148148148148145,0.46482758620689657,0.41655172413793107,0.4441176470588235
q1_quality_matched,cue_locked,VisualCogB_Task-1,14,logistic_spatial_100ms_l2_100,spatial_100ms,100.0,0,0.0,0.47281821172759425,VisualCogA_Task-2,134,80,0.45,0.48253968253968255,0.426031746031746,0.4270833333333333
q1_quality_matched,cue_locked,VisualCogB_Task-1,14,logistic_spatial_100ms_l2_100,spatial_100ms,100.0,0,0.0,0.47281821172759425,VisualCogB_Task-2,134,80,0.4375,0.4710873664362037,0.4877435575109993,0.32216155149689324
q1_quality_matched,cue_locked,VisualCogB_Task-1,15,logistic_spatial_100ms_l2_1,spatial_100ms,1.0,0,0.0,0.44074194483176043,VisualCogA_Task-1,160,54,0.4074074074074074,0.40689655172413797,0.3310344827586207,0.4065934065934066
q1_quality_matched,cue_locked,VisualCogB_Task-1,15,logistic_spatial_100ms_l2_1,spatial_100ms,1.0,0,0.0,0.44074194483176043,VisualCogA_Task-2,134,80,0.4375,0.45555555555555555,0.426031746031746,0.43316013226263583
q1_quality_matched,cue_locked,VisualCogB_Task-1,15,logistic_spatial_100ms_l2_1,spatial_100ms,1.0,0,0.0,0.44074194483176043,VisualCogB_Task-2,134,80,0.4375,0.45977372721558774,0.45945945945945943,0.39587179056888744
q1_quality_matched,cue_locked,VisualCogB_Task-1,16,logistic_wave64_l2_0.1,wave64,0.1,0,0.0,0.4566461684504988,VisualCogA_Task-1,160,54,0.3333333333333333,0.3406896551724138,0.3710344827586207,0.3296551724137931
q1_quality_matched,cue_locked,VisualCogB_Task-1,16,logistic_wave64_l2_0.1,wave64,0.1,0,0.0,0.4566461684504988,VisualCogA_Task-2,134,80,0.4375,0.4396825396825397,0.37650793650793646,0.43670787044281023
q1_quality_matched,cue_locked,VisualCogB_Task-1,16,logistic_wave64_l2_0.1,wave64,0.1,0,0.0,0.4566461684504988,VisualCogB_Task-2,134,80,0.575,0.5895663104965431,0.5606536769327467,0.5652173913043479
q1_quality_matched,cue_locked,VisualCogB_Task-1,17,logistic_wave64_l2_10,wave64,10.0,0,0.0,0.45614668397346825,VisualCogA_Task-1,160,54,0.37037037037037035,0.3724137931034483,0.3406896551724138,0.37037037037037035
q1_quality_matched,cue_locked,VisualCogB_Task-1,17,logistic_wave64_l2_10,wave64,10.0,0,0.0,0.45614668397346825,VisualCogA_Task-2,134,80,0.5,0.5111111111111111,0.4323809523809524,0.4996873045653534
q1_quality_matched,cue_locked,VisualCogB_Task-1,17,logistic_wave64_l2_10,wave64,10.0,0,0.0,0.45614668397346825,VisualCogB_Task-2,134,80,0.4625,0.4849151477058454,0.5153991200502828,0.4227219332102702
q1_quality_matched,cue_locked,VisualCogB_Task-1,18,logistic_wave64_l2_100,wave64,100.0,0,0.0,0.48600287078234156,VisualCogA_Task-1,160,54,0.4444444444444444,0.44413793103448274,0.3558620689655172,0.44368131868131866
q1_quality_matched,cue_locked,VisualCogB_Task-1,18,logistic_wave64_l2_100,wave64,100.0,0,0.0,0.48600287078234156,VisualCogA_Task-2,134,80,0.45,0.473015873015873,0.4717460317460317,0.44126984126984126
q1_quality_matched,cue_locked,VisualCogB_Task-1,18,logistic_wave64_l2_100,wave64,100.0,0,0.0,0.48600287078234156,VisualCogB_Task-2,134,80,0.5125,0.5408548082966688,0.518541797611565,0.4498324810439076
q1_quality_matched,cue_locked,VisualCogB_Task-1,19,logistic_wave64_l2_1,wave64,1.0,0,0.0,0.45718804151843445,VisualCogA_Task-1,160,54,0.35185185185185186,0.34965517241379307,0.36275862068965514,0.3498452012383901
q1_quality_matched,cue_locked,VisualCogB_Task-1,19,logistic_wave64_l2_1,wave64,1.0,0,0.0,0.45718804151843445,VisualCogA_Task-2,134,80,0.425,0.4285714285714286,0.3752380952380952,0.42464040025015637
q1_quality_matched,cue_locked,VisualCogB_Task-1,19,logistic_wave64_l2_1,wave64,1.0,0,0.0,0.45718804151843445,VisualCogB_Task-2,134,80,0.575,0.5933375235700817,0.5461973601508485,0.5572916666666667
q1_quality_matched,cue_locked,VisualCogB_Task-1,20,csp_e1_shrink0.01_l2_0.1,csp,0.1,1,0.01,0.43977511708065037,VisualCogA_Task-1,160,54,0.4074074074074074,0.3931034482758621,0.38620689655172413,0.37662337662337664
q1_quality_matched,cue_locked,VisualCogB_Task-1,20,csp_e1_shrink0.01_l2_0.1,csp,0.1,1,0.01,0.43977511708065037,VisualCogA_Task-2,134,80,0.475,0.47619047619047616,0.5092063492063492,0.4736842105263158
q1_quality_matched,cue_locked,VisualCogB_Task-1,20,csp_e1_shrink0.01_l2_0.1,csp,0.1,1,0.01,0.43977511708065037,VisualCogB_Task-2,134,80,0.425,0.4500314267756128,0.4996857322438718,0.36813186813186816
q1_quality_matched,cue_locked,VisualCogB_Task-1,21,csp_e1_shrink0.01_l2_1,csp,1.0,1,0.01,0.4445370218425551,VisualCogA_Task-1,160,54,0.4074074074074074,0.3931034482758621,0.38620689655172413,0.37662337662337664
q1_quality_matched,cue_locked,VisualCogB_Task-1,21,csp_e1_shrink0.01_l2_1,csp,1.0,1,0.01,0.4445370218425551,VisualCogA_Task-2,134,80,0.4875,0.49047619047619045,0.5092063492063492,0.48677828195900485
q1_quality_matched,cue_locked,VisualCogB_Task-1,21,csp_e1_shrink0.01_l2_1,csp,1.0,1,0.01,0.4445370218425551,VisualCogB_Task-2,134,80,0.425,0.4500314267756128,0.49214330609679446,0.36813186813186816
q1_quality_matched,cue_locked,VisualCogB_Task-1,22,csp_e1_shrink0.01_l2_10,csp,10.0,1,0.01,0.4483859205751748,VisualCogA_Task-1,160,54,0.42592592592592593,0.41310344827586204,0.38620689655172413,0.40107334525939176
q1_quality_matched,cue_locked,VisualCogB_Task-1,22,csp_e1_shrink0.01_l2_10,csp,10.0,1,0.01,0.4483859205751748,VisualCogA_Task-2,134,80,0.4875,0.4936507936507936,0.5092063492063492,0.4874199093608376
q1_quality_matched,cue_locked,VisualCogB_Task-1,22,csp_e1_shrink0.01_l2_10,csp,10.0,1,0.01,0.4483859205751748,VisualCogB_Task-2,134,80,0.4125,0.4384035197988686,0.49214330609679446,0.34891774891774896
q1_quality_matched,cue_locked,VisualCogB_Task-1,23,csp_e1_shrink0.1_l2_0.1,csp,0.1,1,0.1,0.46798894667379026,VisualCogA_Task-1,160,54,0.46296296296296297,0.4475862068965517,0.4082758620689655,0.4299235529668729
q1_quality_matched,cue_locked,VisualCogB_Task-1,23,csp_e1_shrink0.1_l2_0.1,csp,0.1,1,0.1,0.46798894667379026,VisualCogA_Task-2,134,80,0.5125,0.5063492063492063,0.49777777777777776,0.5062509890805508
q1_quality_matched,cue_locked,VisualCogB_Task-1,23,csp_e1_shrink0.1_l2_0.1,csp,0.1,1,0.1,0.46798894667379026,VisualCogB_Task-2,134,80,0.425,0.4500314267756128,0.4965430546825896,0.36813186813186816
q1_quality_matched,cue_locked,VisualCogB_Task-1,24,csp_e1_shrink0.1_l2_1,csp,1.0,1,0.1,0.46798894667379026,VisualCogA_Task-1,160,54,0.46296296296296297,0.4475862068965517,0.4082758620689655,0.4299235529668729
q1_quality_matched,cue_locked,VisualCogB_Task-1,24,csp_e1_shrink0.1_l2_1,csp,1.0,1,0.1,0.46798894667379026,VisualCogA_Task-2,134,80,0.5125,0.5063492063492063,0.49968253968253973,0.5062509890805508
q1_quality_matched,cue_locked,VisualCogB_Task-1,24,csp_e1_shrink0.1_l2_1,csp,1.0,1,0.1,0.46798894667379026,VisualCogB_Task-2,134,80,0.425,0.4500314267756128,0.5109993714644877,0.36813186813186816
q1_quality_matched,cue_locked,VisualCogB_Task-1,25,csp_e1_shrink0.1_l2_10,csp,10.0,1,0.1,0.4470703192595735,VisualCogA_Task-1,160,54,0.42592592592592593,0.41310344827586204,0.4082758620689655,0.40107334525939176
q1_quality_matched,cue_locked,VisualCogB_Task-1,25,csp_e1_shrink0.1_l2_10,csp,10.0,1,0.1,0.4470703192595735,VisualCogA_Task-2,134,80,0.475,0.47619047619047616,0.49968253968253973,0.4736842105263158
q1_quality_matched,cue_locked,VisualCogB_Task-1,25,csp_e1_shrink0.1_l2_10,csp,10.0,1,0.1,0.4470703192595735,VisualCogB_Task-2,134,80,0.425,0.4519170333123822,0.502828409805154,0.35709294199860236
q1_quality_matched,cue_locked,VisualCogB_Task-1,26,csp_e2_shrink0.01_l2_0.1,csp,0.1,2,0.01,0.41548863791045026,VisualCogA_Task-1,160,54,0.37037037037037035,0.35310344827586204,0.39724137931034487,0.325
q1_quality_matched,cue_locked,VisualCogB_Task-1,26,csp_e2_shrink0.01_l2_0.1,csp,0.1,2,0.01,0.41548863791045026,VisualCogA_Task-2,134,80,0.4625,0.4587301587301587,0.4692063492063492,0.45835301527318534
q1_quality_matched,cue_locked,VisualCogB_Task-1,26,csp_e2_shrink0.01_l2_0.1,csp,0.1,2,0.01,0.41548863791045026,VisualCogB_Task-2,134,80,0.4125,0.43463230672533,0.44563167818981775,0.36902164792750464
q1_quality_matched,cue_locked,VisualCogB_Task-1,27,csp_e2_shrink0.01_l2_1,csp,1.0,2,0.01,0.41548863791045026,VisualCogA_Task-1,160,54,0.37037037037037035,0.35310344827586204,0.39724137931034487,0.325
q1_quality_matched,cue_locked,VisualCogB_Task-1,27,csp_e2_shrink0.01_l2_1,csp,1.0,2,0.01,0.41548863791045026,VisualCogA_Task-2,134,80,0.4625,0.4587301587301587,0.46857142857142864,0.45835301527318534
q1_quality_matched,cue_locked,VisualCogB_Task-1,27,csp_e2_shrink0.01_l2_1,csp,1.0,2,0.01,0.41548863791045026,VisualCogB_Task-2,134,80,0.4125,0.43463230672533,0.4468887492143305,0.36902164792750464
q1_quality_matched,cue_locked,VisualCogB_Task-1,28,csp_e2_shrink0.01_l2_10,csp,10.0,2,0.01,0.4114469378302578,VisualCogA_Task-1,160,54,0.3888888888888889,0.3758620689655172,0.4027586206896551,0.362432915921288
q1_quality_matched,cue_locked,VisualCogB_Task-1,28,csp_e2_shrink0.01_l2_10,csp,10.0,2,0.01,0.4114469378302578,VisualCogA_Task-2,134,80,0.4625,0.4587301587301587,0.47111111111111115,0.45835301527318534
q1_quality_matched,cue_locked,VisualCogB_Task-1,28,csp_e2_shrink0.01_l2_10,csp,10.0,2,0.01,0.4114469378302578,VisualCogB_Task-2,134,80,0.375,0.3997485857950974,0.4443746071653048,0.3131868131868132
q1_quality_matched,cue_locked,VisualCogB_Task-1,29,csp_e2_shrink0.1_l2_0.1,csp,0.1,2,0.1,0.4272474399018104,VisualCogA_Task-1,160,54,0.3888888888888889,0.37310344827586206,0.4096551724137931,0.35129231889333823
q1_quality_matched,cue_locked,VisualCogB_Task-1,29,csp_e2_shrink0.1_l2_0.1,csp,0.1,2,0.1,0.4272474399018104,VisualCogA_Task-2,134,80,0.4875,0.4777777777777778,0.46349206349206346,0.47762382544991244
q1_quality_matched,cue_locked,VisualCogB_Task-1,29,csp_e2_shrink0.1_l2_0.1,csp,0.1,2,0.1,0.4272474399018104,VisualCogB_Task-2,134,80,0.4125,0.4308610936517913,0.44500314267756125,0.38471608574701355
q1_quality_matched,cue_locked,VisualCogB_Task-1,30,csp_e2_shrink0.1_l2_1,csp,1.0,2,0.1,0.4272474399018104,VisualCogA_Task-1,160,54,0.3888888888888889,0.37310344827586206,0.4124137931034483,0.35129231889333823
q1_quality_matched,cue_locked,VisualCogB_Task-1,30,csp_e2_shrink0.1_l2_1,csp,1.0,2,0.1,0.4272474399018104,VisualCogA_Task-2,134,80,0.4875,0.4777777777777778,0.46158730158730155,0.47762382544991244
q1_quality_matched,cue_locked,VisualCogB_Task-1,30,csp_e2_shrink0.1_l2_1,csp,1.0,2,0.1,0.4272474399018104,VisualCogB_Task-2,134,80,0.4125,0.4308610936517913,0.44500314267756125,0.38471608574701355
q1_quality_matched,cue_locked,VisualCogB_Task-1,31,csp_e2_shrink0.1_l2_10,csp,10.0,2,0.1,0.42868331041546753,VisualCogA_Task-1,160,54,0.4074074074074074,0.39586206896551723,0.4110344827586207,0.38636363636363635
q1_quality_matched,cue_locked,VisualCogB_Task-1,31,csp_e2_shrink0.1_l2_10,csp,10.0,2,0.1,0.42868331041546753,VisualCogA_Task-2,134,80,0.4625,0.45555555555555555,0.4596825396825397,0.45561006488368416
q1_quality_matched,cue_locked,VisualCogB_Task-1,31,csp_e2_shrink0.1_l2_10,csp,10.0,2,0.1,0.42868331041546753,VisualCogB_Task-2,134,80,0.4125,0.43463230672533,0.4456316781898177,0.36902164792750464
q1_quality_matched,cue_locked,VisualCogB_Task-2,0,baseline_logistic_l2_1,baseline_13,1.0,0,0.0,0.5034087156963524,VisualCogA_Task-1,163,54,0.5555555555555556,0.5420689655172414,0.5296551724137931,0.5324675324675324
q1_quality_matched,cue_locked,VisualCogB_Task-2,0,baseline_logistic_l2_1,baseline_13,1.0,0,0.0,0.5034087156963524,VisualCogA_Task-2,137,80,0.525,0.5079365079365079,0.5136507936507937,0.5052083333333333
q1_quality_matched,cue_locked,VisualCogB_Task-2,0,baseline_logistic_l2_1,baseline_13,1.0,0,0.0,0.5034087156963524,VisualCogB_Task-1,134,83,0.4578313253012048,0.46022067363530783,0.4483159117305459,0.4369063772048847
q1_quality_matched,cue_locked,VisualCogB_Task-2,1,logistic_baseline_13_l2_0.1,baseline_13,0.1,0,0.0,0.5189023277753303,VisualCogA_Task-1,163,54,0.5740740740740741,0.5620689655172414,0.5324137931034483,0.5556350626118068
q1_quality_matched,cue_locked,VisualCogB_Task-2,1,logistic_baseline_13_l2_0.1,baseline_13,0.1,0,0.0,0.5189023277753303,VisualCogA_Task-2,137,80,0.5375,0.5222222222222223,0.5244444444444444,0.5206477732793522
q1_quality_matched,cue_locked,VisualCogB_Task-2,1,logistic_baseline_13_l2_0.1,baseline_13,0.1,0,0.0,0.5189023277753303,VisualCogB_Task-1,134,83,0.46987951807228917,0.47241579558652735,0.45005807200929154,0.44666666666666666
q1_quality_matched,cue_locked,VisualCogB_Task-2,2,logistic_baseline_13_l2_10,baseline_13,10.0,0,0.0,0.5127667641208432,VisualCogA_Task-1,163,54,0.5370370370370371,0.5248275862068965,0.543448275862069,0.5169946332737031
q1_quality_matched,cue_locked,VisualCogB_Task-2,2,logistic_baseline_13_l2_10,baseline_13,10.0,0,0.0,0.5127667641208432,VisualCogA_Task-2,137,80,0.575,0.5523809523809524,0.49460317460317454,0.5466666666666666
q1_quality_matched,cue_locked,VisualCogB_Task-2,2,logistic_baseline_13_l2_10,baseline_13,10.0,0,0.0,0.5127667641208432,VisualCogB_Task-1,134,83,0.4578313253012048,0.4610917537746806,0.4436701509872241,0.4168618266978923
q1_quality_matched,cue_locked,VisualCogB_Task-2,3,logistic_baseline_13_l2_100,baseline_13,100.0,0,0.0,0.5316618384574651,VisualCogA_Task-1,163,54,0.5740740740740741,0.5537931034482759,0.569655172413793,0.5272173582032738
q1_quality_matched,cue_locked,VisualCogB_Task-2,3,logistic_baseline_13_l2_100,baseline_13,100.0,0,0.0,0.5316618384574651,VisualCogA_Task-2,137,80,0.5875,0.553968253968254,0.4990476190476191,0.5344736378063834
q1_quality_matched,cue_locked,VisualCogB_Task-2,3,logistic_baseline_13_l2_100,baseline_13,100.0,0,0.0,0.5316618384574651,VisualCogB_Task-1,134,83,0.4819277108433735,0.48722415795586527,0.4605110336817654,0.36188092258179866
q1_quality_matched,cue_locked,VisualCogB_Task-2,4,logistic_erp_100ms_l2_0.1,erp_100ms,0.1,0,0.0,0.4961618629322582,VisualCogA_Task-1,163,54,0.4444444444444444,0.44413793103448274,0.3117241379310345,0.44368131868131866
q1_quality_matched,cue_locked,VisualCogB_Task-2,4,logistic_erp_100ms_l2_0.1,erp_100ms,0.1,0,0.0,0.4961618629322582,VisualCogA_Task-2,137,80,0.55,0.5365079365079365,0.5238095238095237,0.5357833655705996
q1_quality_matched,cue_locked,VisualCogB_Task-2,4,logistic_erp_100ms_l2_0.1,erp_100ms,0.1,0,0.0,0.4961618629322582,VisualCogB_Task-1,134,83,0.5060240963855421,0.5078397212543554,0.537746806039489,0.4954781319495923
q1_quality_matched,cue_locked,VisualCogB_Task-2,5,logistic_erp_100ms_l2_10,erp_100ms,10.0,0,0.0,0.4934716381646575,VisualCogA_Task-1,163,54,0.4074074074074074,0.39586206896551723,0.3117241379310345,0.38636363636363635
q1_quality_matched,cue_locked,VisualCogB_Task-2,5,logistic_erp_100ms_l2_10,erp_100ms,10.0,0,0.0,0.4934716381646575,VisualCogA_Task-2,137,80,0.5875,0.5857142857142856,0.5593650793650794,0.5843174303259329
q1_quality_matched,cue_locked,VisualCogB_Task-2,5,logistic_erp_100ms_l2_10,erp_100ms,10.0,0,0.0,0.4934716381646575,VisualCogB_Task-1,134,83,0.4939759036144578,0.4988385598141696,0.47444831591173053,0.39896551724137935
q1_quality_matched,cue_locked,VisualCogB_Task-2,6,logistic_erp_100ms_l2_100,erp_100ms,100.0,0,0.0,0.49665745524450317,VisualCogA_Task-1,163,54,0.48148148148148145,0.4593103448275862,0.36827586206896556,0.4166666666666667
q1_quality_matched,cue_locked,VisualCogB_Task-2,6,logistic_erp_100ms_l2_100,erp_100ms,100.0,0,0.0,0.49665745524450317,VisualCogA_Task-2,137,80,0.575,0.5428571428571429,0.5790476190476191,0.5248078266946191
q1_quality_matched,cue_locked,VisualCogB_Task-2,6,logistic_erp_100ms_l2_100,erp_100ms,100.0,0,0.0,0.49665745524450317,VisualCogB_Task-1,134,83,0.4819277108433735,0.4878048780487805,0.5331010452961672,0.3252032520325203
q1_quality_matched,cue_locked,VisualCogB_Task-2,7,logistic_erp_100ms_l2_1,erp_100ms,1.0,0,0.0,0.46922490554954804,VisualCogA_Task-1,163,54,0.42592592592592593,0.42689655172413793,0.32,0.42572898799313896
q1_quality_matched,cue_locked,VisualCogB_Task-2,7,logistic_erp_100ms_l2_1,erp_100ms,1.0,0,0.0,0.46922490554954804,VisualCogA_Task-2,137,80,0.5125,0.5095238095238095,0.5542857142857142,0.5087387812942843
q1_quality_matched,cue_locked,VisualCogB_Task-2,7,logistic_erp_100ms_l2_1,erp_100ms,1.0,0,0.0,0.46922490554954804,VisualCogB_Task-1,134,83,0.46987951807228917,0.4712543554006968,0.49419279907084784,0.463572267920094
q1_quality_matched,cue_locked,VisualCogB_Task-2,8,logistic_erp_50ms_l2_0.1,erp_50ms,0.1,0,0.0,0.4372346598671242,VisualCogA_Task-1,163,54,0.2962962962962963,0.3006896551724138,0.2689655172413793,0.29532967032967034
q1_quality_matched,cue_locked,VisualCogB_Task-2,8,logistic_erp_50ms_l2_0.1,erp_50ms,0.1,0,0.0,0.4372346598671242,VisualCogA_Task-2,137,80,0.5125,0.5031746031746032,0.4419047619047619,0.5031055900621118
q1_quality_matched,cue_locked,VisualCogB_Task-2,8,logistic_erp_50ms_l2_0.1,erp_50ms,0.1,0,0.0,0.4372346598671242,VisualCogB_Task-1,134,83,0.5060240963855421,0.5078397212543554,0.5551684088269454,0.4954781319495923
q1_quality_matched,cue_locked,VisualCogB_Task-2,9,logistic_erp_50ms_l2_10,erp_50ms,10.0,0,0.0,0.46706907676630127,VisualCogA_Task-1,163,54,0.37037037037037035,0.3641379310344828,0.2827586206896552,0.36250000000000004
q1_quality_matched,cue_locked,VisualCogB_Task-2,9,logistic_erp_50ms_l2_10,erp_50ms,10.0,0,0.0,0.46706907676630127,VisualCogA_Task-2,137,80,0.5125,0.5158730158730158,0.4958730158730159,0.5118134877171022
q1_quality_matched,cue_locked,VisualCogB_Task-2,9,logistic_erp_50ms_l2_10,erp_50ms,10.0,0,0.0,0.46706907676630127,VisualCogB_Task-1,134,83,0.5180722891566265,0.5211962833914053,0.5150987224157957,0.4851116625310174
q1_quality_matched,cue_locked,VisualCogB_Task-2,10,logistic_erp_50ms_l2_100,erp_50ms,100.0,0,0.0,0.4751923051250217,VisualCogA_Task-1,163,54,0.46296296296296297,0.4475862068965517,0.3448275862068965,0.4299235529668729
q1_quality_matched,cue_locked,VisualCogB_Task-2,10,logistic_erp_50ms_l2_100,erp_50ms,100.0,0,0.0,0.4751923051250217,VisualCogA_Task-2,137,80,0.5125,0.49047619047619045,0.5346031746031745,0.4833581718827621
q1_quality_matched,cue_locked,VisualCogB_Task-2,10,logistic_erp_50ms_l2_100,erp_50ms,100.0,0,0.0,0.4751923051250217,VisualCogB_Task-1,134,83,0.4819277108433735,0.48751451800232287,0.5092915214866436,0.34453627180899904
q1_quality_matched,cue_locked,VisualCogB_Task-2,11,logistic_erp_50ms_l2_1,erp_50ms,1.0,0,0.0,0.45123045910262055,VisualCogA_Task-1,163,54,0.35185185185185186,0.3524137931034483,0.2827586206896552,0.3516295025728988
q1_quality_matched,cue_locked,VisualCogB_Task-2,11,logistic_erp_50ms_l2_1,erp_50ms,1.0,0,0.0,0.45123045910262055,VisualCogA_Task-2,137,80,0.4875,0.4809523809523809,0.4768253968253968,0.4809305269821174
q1_quality_matched,cue_locked,VisualCogB_Task-2,11,logistic_erp_50ms_l2_1,erp_50ms,1.0,0,0.0,0.45123045910262055,VisualCogB_Task-1,134,83,0.5180722891566265,0.5203252032520325,0.5429732868757259,0.5018007202881152
q1_quality_matched,cue_locked,VisualCogB_Task-2,12,logistic_spatial_100ms_l2_0.1,spatial_100ms,0.1,0,0.0,0.4961618629322582,VisualCogA_Task-1,163,54,0.4444444444444444,0.44413793103448274,0.3117241379310345,0.44368131868131866
q1_quality_matched,cue_locked,VisualCogB_Task-2,12,logistic_spatial_100ms_l2_0.1,spatial_100ms,0.1,0,0.0,0.4961618629322582,VisualCogA_Task-2,137,80,0.55,0.5365079365079365,0.5238095238095237,0.5357833655705996
q1_quality_matched,cue_locked,VisualCogB_Task-2,12,logistic_spatial_100ms_l2_0.1,spatial_100ms,0.1,0,0.0,0.4961618629322582,VisualCogB_Task-1,134,83,0.5060240963855421,0.5078397212543554,0.537746806039489,0.4954781319495923
q1_quality_matched,cue_locked,VisualCogB_Task-2,13,logistic_spatial_100ms_l2_10,spatial_100ms,10.0,0,0.0,0.4934716381646575,VisualCogA_Task-1,163,54,0.4074074074074074,0.39586206896551723,0.3117241379310345,0.38636363636363635
q1_quality_matched,cue_locked,VisualCogB_Task-2,13,logistic_spatial_100ms_l2_10,spatial_100ms,10.0,0,0.0,0.4934716381646575,VisualCogA_Task-2,137,80,0.5875,0.5857142857142856,0.5593650793650794,0.5843174303259329
q1_quality_matched,cue_locked,VisualCogB_Task-2,13,logistic_spatial_100ms_l2_10,spatial_100ms,10.0,0,0.0,0.4934716381646575,VisualCogB_Task-1,134,83,0.4939759036144578,0.4988385598141696,0.47444831591173053,0.39896551724137935
q1_quality_matched,cue_locked,VisualCogB_Task-2,14,logistic_spatial_100ms_l2_100,spatial_100ms,100.0,0,0.0,0.49665745524450317,VisualCogA_Task-1,163,54,0.48148148148148145,0.4593103448275862,0.36827586206896556,0.4166666666666667
q1_quality_matched,cue_locked,VisualCogB_Task-2,14,logistic_spatial_100ms_l2_100,spatial_100ms,100.0,0,0.0,0.49665745524450317,VisualCogA_Task-2,137,80,0.575,0.5428571428571429,0.5790476190476191,0.5248078266946191
q1_quality_matched,cue_locked,VisualCogB_Task-2,14,logistic_spatial_100ms_l2_100,spatial_100ms,100.0,0,0.0,0.49665745524450317,VisualCogB_Task-1,134,83,0.4819277108433735,0.4878048780487805,0.5331010452961672,0.3252032520325203
q1_quality_matched,cue_locked,VisualCogB_Task-2,15,logistic_spatial_100ms_l2_1,spatial_100ms,1.0,0,0.0,0.46922490554954804,VisualCogA_Task-1,163,54,0.42592592592592593,0.42689655172413793,0.32,0.42572898799313896
q1_quality_matched,cue_locked,VisualCogB_Task-2,15,logistic_spatial_100ms_l2_1,spatial_100ms,1.0,0,0.0,0.46922490554954804,VisualCogA_Task-2,137,80,0.5125,0.5095238095238095,0.5542857142857142,0.5087387812942843
q1_quality_matched,cue_locked,VisualCogB_Task-2,15,logistic_spatial_100ms_l2_1,spatial_100ms,1.0,0,0.0,0.46922490554954804,VisualCogB_Task-1,134,83,0.46987951807228917,0.4712543554006968,0.49419279907084784,0.463572267920094
q1_quality_matched,cue_locked,VisualCogB_Task-2,16,logistic_wave64_l2_0.1,wave64,0.1,0,0.0,0.4589771316432376,VisualCogA_Task-1,163,54,0.3148148148148148,0.30689655172413793,0.2731034482758621,0.3031042901988141
q1_quality_matched,cue_locked,VisualCogB_Task-2,16,logistic_wave64_l2_0.1,wave64,0.1,0,0.0,0.4589771316432376,VisualCogA_Task-2,137,80,0.525,0.5142857142857142,0.5212698412698413,0.5140664961636829
q1_quality_matched,cue_locked,VisualCogB_Task-2,16,logistic_wave64_l2_0.1,wave64,0.1,0,0.0,0.4589771316432376,VisualCogB_Task-1,134,83,0.5542168674698795,0.5557491289198606,0.5580720092915216,0.5476506112829578
q1_quality_matched,cue_locked,VisualCogB_Task-2,17,logistic_wave64_l2_10,wave64,10.0,0,0.0,0.48249829788938287,VisualCogA_Task-1,163,54,0.3888888888888889,0.3896551724137931,0.3006896551724138,0.3886792452830189
q1_quality_matched,cue_locked,VisualCogB_Task-2,17,logistic_wave64_l2_10,wave64,10.0,0,0.0,0.48249829788938287,VisualCogA_Task-2,137,80,0.5375,0.5380952380952381,0.5111111111111111,0.5356862745098039
q1_quality_matched,cue_locked,VisualCogB_Task-2,17,logistic_wave64_l2_10,wave64,10.0,0,0.0,0.48249829788938287,VisualCogB_Task-1,134,83,0.5180722891566265,0.5197444831591174,0.5307781649245064,0.5094562647754137
q1_quality_matched,cue_locked,VisualCogB_Task-2,18,logistic_wave64_l2_100,wave64,100.0,0,0.0,0.47357745827047765,VisualCogA_Task-1,163,54,0.3888888888888889,0.3758620689655172,0.2855172413793103,0.362432915921288
q1_quality_matched,cue_locked,VisualCogB_Task-2,18,logistic_wave64_l2_100,wave64,100.0,0,0.0,0.47357745827047765,VisualCogA_Task-2,137,80,0.5,0.4984126984126984,0.5168253968253969,0.497171590194846
q1_quality_matched,cue_locked,VisualCogB_Task-2,18,logistic_wave64_l2_100,wave64,100.0,0,0.0,0.47357745827047765,VisualCogB_Task-1,134,83,0.5421686746987951,0.5464576074332173,0.5168408826945412,0.478505291005291
q1_quality_matched,cue_locked,VisualCogB_Task-2,19,logistic_wave64_l2_1,wave64,1.0,0,0.0,0.48023219903791814,VisualCogA_Task-1,163,54,0.37037037037037035,0.3696551724137931,0.28,0.3695054945054945
q1_quality_matched,cue_locked,VisualCogB_Task-2,19,logistic_wave64_l2_1,wave64,1.0,0,0.0,0.48023219903791814,VisualCogA_Task-2,137,80,0.55,0.5396825396825397,0.525079365079365,0.5396419437340154
q1_quality_matched,cue_locked,VisualCogB_Task-2,19,logistic_wave64_l2_1,wave64,1.0,0,0.0,0.48023219903791814,VisualCogB_Task-1,134,83,0.5301204819277109,0.5313588850174216,0.5516840882694541,0.5257142857142857
q1_quality_matched,cue_locked,VisualCogB_Task-2,20,csp_e1_shrink0.01_l2_0.1,csp,0.1,1,0.01,0.43733215854326035,VisualCogA_Task-1,163,54,0.35185185185185186,0.36344827586206896,0.36689655172413793,0.34077432856644574
q1_quality_matched,cue_locked,VisualCogB_Task-2,20,csp_e1_shrink0.01_l2_0.1,csp,0.1,1,0.01,0.43733215854326035,VisualCogA_Task-2,137,80,0.475,0.4857142857142857,0.48571428571428565,0.474671669793621
q1_quality_matched,cue_locked,VisualCogB_Task-2,20,csp_e1_shrink0.01_l2_0.1,csp,0.1,1,0.01,0.43733215854326035,VisualCogB_Task-1,134,83,0.4578313253012048,0.4628339140534262,0.5,0.34850863422291994
q1_quality_matched,cue_locked,VisualCogB_Task-2,21,csp_e1_shrink0.01_l2_1,csp,1.0,1,0.01,0.4447395659506677,VisualCogA_Task-1,163,54,0.35185185185185186,0.36344827586206896,0.3544827586206896,0.34077432856644574
q1_quality_matched,cue_locked,VisualCogB_Task-2,21,csp_e1_shrink0.01_l2_1,csp,1.0,1,0.01,0.4447395659506677,VisualCogA_Task-2,137,80,0.5,0.5079365079365079,0.4882539682539683,0.5
q1_quality_matched,cue_locked,VisualCogB_Task-2,21,csp_e1_shrink0.01_l2_1,csp,1.0,1,0.01,0.4447395659506677,VisualCogB_Task-1,134,83,0.4578313253012048,0.4628339140534262,0.5005807200929152,0.34850863422291994
q1_quality_matched,cue_locked,VisualCogB_Task-2,22,csp_e1_shrink0.01_l2_10,csp,10.0,1,0.01,0.4687789748176628,VisualCogA_Task-1,163,54,0.46296296296296297,0.46413793103448275,0.3931034482758621,0.46277873070325903
q1_quality_matched,cue_locked,VisualCogB_Task-2,22,csp_e1_shrink0.01_l2_10,csp,10.0,1,0.01,0.4687789748176628,VisualCogA_Task-2,137,80,0.475,0.4793650793650793,0.5085714285714286,0.474671669793621
q1_quality_matched,cue_locked,VisualCogB_Task-2,22,csp_e1_shrink0.01_l2_10,csp,10.0,1,0.01,0.4687789748176628,VisualCogB_Task-1,134,83,0.4578313253012048,0.4628339140534262,0.5005807200929152,0.34850863422291994
q1_quality_matched,cue_locked,VisualCogB_Task-2,23,csp_e1_shrink0.1_l2_0.1,csp,0.1,1,0.1,0.4667829886837456,VisualCogA_Task-1,163,54,0.42592592592592593,0.4406896551724138,0.38758620689655177,0.4095238095238095
q1_quality_matched,cue_locked,VisualCogB_Task-2,23,csp_e1_shrink0.1_l2_0.1,csp,0.1,1,0.1,0.4667829886837456,VisualCogA_Task-2,137,80,0.4875,0.49682539682539684,0.49142857142857144,0.4874199093608376
q1_quality_matched,cue_locked,VisualCogB_Task-2,23,csp_e1_shrink0.1_l2_0.1,csp,0.1,1,0.1,0.4667829886837456,VisualCogB_Task-1,134,83,0.4578313253012048,0.4628339140534262,0.5098722415795587,0.34850863422291994
q1_quality_matched,cue_locked,VisualCogB_Task-2,24,csp_e1_shrink0.1_l2_1,csp,1.0,1,0.1,0.4677682103586225,VisualCogA_Task-1,163,54,0.4444444444444444,0.4579310344827586,0.3875862068965517,0.4319775596072931
q1_quality_matched,cue_locked,VisualCogB_Task-2,24,csp_e1_shrink0.1_l2_1,csp,1.0,1,0.1,0.4677682103586225,VisualCogA_Task-2,137,80,0.475,0.4825396825396825,0.4996825396825397,0.475
q1_quality_matched,cue_locked,VisualCogB_Task-2,24,csp_e1_shrink0.1_l2_1,csp,1.0,1,0.1,0.4677682103586225,VisualCogB_Task-1,134,83,0.4578313253012048,0.4628339140534262,0.5052264808362369,0.34850863422291994
q1_quality_matched,cue_locked,VisualCogB_Task-2,25,csp_e1_shrink0.1_l2_10,csp,10.0,1,0.1,0.4743345303732183,VisualCogA_Task-1,163,54,0.46296296296296297,0.46413793103448275,0.4524137931034483,0.46277873070325903
q1_quality_matched,cue_locked,VisualCogB_Task-2,25,csp_e1_shrink0.1_l2_10,csp,10.0,1,0.1,0.4743345303732183,VisualCogA_Task-2,137,80,0.5,0.5079365079365079,0.5123809523809524,0.5
q1_quality_matched,cue_locked,VisualCogB_Task-2,25,csp_e1_shrink0.1_l2_10,csp,10.0,1,0.1,0.4743345303732183,VisualCogB_Task-1,134,83,0.4457831325301205,0.45092915214866436,0.5017421602787456,0.3259180790960452
q1_quality_matched,cue_locked,VisualCogB_Task-2,26,csp_e2_shrink0.01_l2_0.1,csp,0.1,2,0.01,0.48107818138936725,VisualCogA_Task-1,163,54,0.42592592592592593,0.4324137931034483,0.43448275862068964,0.4241486068111455
q1_quality_matched,cue_locked,VisualCogB_Task-2,26,csp_e2_shrink0.01_l2_0.1,csp,0.1,2,0.01,0.48107818138936725,VisualCogA_Task-2,137,80,0.5,0.5111111111111111,0.5244444444444445,0.4996873045653534
q1_quality_matched,cue_locked,VisualCogB_Task-2,26,csp_e2_shrink0.01_l2_0.1,csp,0.1,2,0.01,0.48107818138936725,VisualCogB_Task-1,134,83,0.4939759036144578,0.4997096399535424,0.5545876887340302,0.3505961251862891
q1_quality_matched,cue_locked,VisualCogB_Task-2,27,csp_e2_shrink0.01_l2_1,csp,1.0,2,0.01,0.48107818138936725,VisualCogA_Task-1,163,54,0.42592592592592593,0.4324137931034483,0.4317241379310345,0.4241486068111455
q1_quality_matched,cue_locked,VisualCogB_Task-2,27,csp_e2_shrink0.01_l2_1,csp,1.0,2,0.01,0.48107818138936725,VisualCogA_Task-2,137,80,0.5,0.5111111111111111,0.5276190476190477,0.4996873045653534
q1_quality_matched,cue_locked,VisualCogB_Task-2,27,csp_e2_shrink0.01_l2_1,csp,1.0,2,0.01,0.48107818138936725,VisualCogB_Task-1,134,83,0.4939759036144578,0.4997096399535424,0.5557491289198606,0.3505961251862891
q1_quality_matched,cue_locked,VisualCogB_Task-2,28,csp_e2_shrink0.01_l2_10,csp,10.0,2,0.01,0.4735375866073932,VisualCogA_Task-1,163,54,0.46296296296296297,0.4613793103448276,0.4413793103448276,0.4613003095975232
q1_quality_matched,cue_locked,VisualCogB_Task-2,28,csp_e2_shrink0.01_l2_10,csp,10.0,2,0.01,0.4735375866073932,VisualCogA_Task-2,137,80,0.4625,0.4714285714285714,0.513015873015873,0.46241600250039067
q1_quality_matched,cue_locked,VisualCogB_Task-2,28,csp_e2_shrink0.01_l2_10,csp,10.0,2,0.01,0.4735375866073932,VisualCogB_Task-1,134,83,0.4819277108433735,0.4878048780487805,0.5615563298490128,0.3252032520325203
q1_quality_matched,cue_locked,VisualCogB_Task-2,29,csp_e2_shrink0.1_l2_0.1,csp,0.1,2,0.1,0.48761895861979965,VisualCogA_Task-1,163,54,0.4444444444444444,0.4496551724137931,0.4482758620689655,0.44368131868131866
q1_quality_matched,cue_locked,VisualCogB_Task-2,29,csp_e2_shrink0.1_l2_0.1,csp,0.1,2,0.1,0.48761895861979965,VisualCogA_Task-2,137,80,0.5125,0.5253968253968254,0.5193650793650795,0.5118134877171022
q1_quality_matched,cue_locked,VisualCogB_Task-2,29,csp_e2_shrink0.1_l2_0.1,csp,0.1,2,0.1,0.48761895861979965,VisualCogB_Task-1,134,83,0.4819277108433735,0.4878048780487805,0.5644599303135889,0.3252032520325203
q1_quality_matched,cue_locked,VisualCogB_Task-2,30,csp_e2_shrink0.1_l2_1,csp,1.0,2,0.1,0.4828570538578949,VisualCogA_Task-1,163,54,0.4444444444444444,0.4496551724137931,0.4482758620689655,0.44368131868131866
q1_quality_matched,cue_locked,VisualCogB_Task-2,30,csp_e2_shrink0.1_l2_1,csp,1.0,2,0.1,0.4828570538578949,VisualCogA_Task-2,137,80,0.5,0.5111111111111111,0.5219047619047619,0.4996873045653534
q1_quality_matched,cue_locked,VisualCogB_Task-2,30,csp_e2_shrink0.1_l2_1,csp,1.0,2,0.1,0.4828570538578949,VisualCogB_Task-1,134,83,0.4819277108433735,0.4878048780487805,0.5644599303135889,0.3252032520325203
q1_quality_matched,cue_locked,VisualCogB_Task-2,31,csp_e2_shrink0.1_l2_10,csp,10.0,2,0.1,0.47942337387249073,VisualCogA_Task-1,163,54,0.48148148148148145,0.47586206896551725,0.4593103448275862,0.475
q1_quality_matched,cue_locked,VisualCogB_Task-2,31,csp_e2_shrink0.1_l2_10,csp,10.0,2,0.1,0.47942337387249073,VisualCogA_Task-2,137,80,0.4625,0.4746031746031746,0.5149206349206349,0.4617430762009075
q1_quality_matched,cue_locked,VisualCogB_Task-2,31,csp_e2_shrink0.1_l2_10,csp,10.0,2,0.1,0.47942337387249073,VisualCogB_Task-1,134,83,0.4819277108433735,0.4878048780487805,0.5609756097560976,0.3252032520325203
raw_qc_pass,target_locked,VisualCogA_Task-1,0,baseline_logistic_l2_1,baseline_13,1.0,0,0.0,0.5062206722462275,VisualCogA_Task-2,198,98,0.47959183673469385,0.4704016913319239,0.4955602536997886,0.4702702702702703
raw_qc_pass,target_locked,VisualCogA_Task-1,0,baseline_logistic_l2_1,baseline_13,1.0,0,0.0,0.5062206722462275,VisualCogB_Task-1,198,98,0.6122448979591837,0.6082603254067585,0.6562369628702545,0.6063424947145877
raw_qc_pass,target_locked,VisualCogA_Task-1,0,baseline_logistic_l2_1,baseline_13,1.0,0,0.0,0.5062206722462275,VisualCogB_Task-2,196,100,0.44,0.44,0.4792,0.4252873563218391
raw_qc_pass,target_locked,VisualCogA_Task-1,1,logistic_baseline_13_l2_0.1,baseline_13,0.1,0,0.0,0.5070663382081725,VisualCogA_Task-2,198,98,0.47959183673469385,0.47293868921775895,0.49809725158562373,0.4729515975956976
raw_qc_pass,target_locked,VisualCogA_Task-1,1,logistic_baseline_13_l2_0.1,baseline_13,0.1,0,0.0,0.5070663382081725,VisualCogB_Task-1,198,98,0.6122448979591837,0.6082603254067585,0.6483103879849812,0.6063424947145877
raw_qc_pass,target_locked,VisualCogA_Task-1,1,logistic_baseline_13_l2_0.1,baseline_13,0.1,0,0.0,0.5070663382081725,VisualCogB_Task-2,196,100,0.44,0.44,0.478,0.4252873563218391
raw_qc_pass,target_locked,VisualCogA_Task-1,2,logistic_baseline_13_l2_10,baseline_13,10.0,0,0.0,0.5389397276311151,VisualCogA_Task-2,198,98,0.5102040816326531,0.4976744186046511,0.5069767441860467,0.496790757381258
raw_qc_pass,target_locked,VisualCogA_Task-1,2,logistic_baseline_13_l2_10,baseline_13,10.0,0,0.0,0.5389397276311151,VisualCogB_Task-1,198,98,0.6530612244897959,0.6491447642886943,0.6758448060075094,0.6477801268498943
raw_qc_pass,target_locked,VisualCogA_Task-1,2,logistic_baseline_13_l2_10,baseline_13,10.0,0,0.0,0.5389397276311151,VisualCogB_Task-2,196,100,0.47,0.47,0.4912,0.4542271650705386
raw_qc_pass,target_locked,VisualCogA_Task-1,3,logistic_baseline_13_l2_100,baseline_13,100.0,0,0.0,0.5404517186299647,VisualCogA_Task-2,198,98,0.5408163265306123,0.5249471458773785,0.5002114164904863,0.5228821811100293
raw_qc_pass,target_locked,VisualCogA_Task-1,3,logistic_baseline_13_l2_100,baseline_13,100.0,0,0.0,0.5404517186299647,VisualCogB_Task-1,198,98,0.6224489795918368,0.6264080100125157,0.6741760534000835,0.6205128205128205
raw_qc_pass,target_locked,VisualCogA_Task-1,3,logistic_baseline_13_l2_100,baseline_13,100.0,0,0.0,0.5404517186299647,VisualCogB_Task-2,196,100,0.47,0.47,0.5256,0.42832488404702834
raw_qc_pass,target_locked,VisualCogA_Task-1,4,logistic_erp_100ms_l2_0.1,erp_100ms,0.1,0,0.0,0.5281974384823876,VisualCogA_Task-2,198,98,0.5408163265306123,0.5452431289640591,0.587737843551797,0.5403856175091193
raw_qc_pass,target_locked,VisualCogA_Task-1,4,logistic_erp_100ms_l2_0.1,erp_100ms,0.1,0,0.0,0.5281974384823876,VisualCogB_Task-1,198,98,0.46938775510204084,0.4793491864831039,0.5369211514392991,0.4412280701754386
raw_qc_pass,target_locked,VisualCogA_Task-1,4,logistic_erp_100ms_l2_0.1,erp_100ms,0.1,0,0.0,0.5281974384823876,VisualCogB_Task-2,196,100,0.56,0.56,0.57,0.5584102769971899
raw_qc_pass,target_locked,VisualCogA_Task-1,5,logistic_erp_100ms_l2_10,erp_100ms,10.0,0,0.0,0.4912457050053464,VisualCogA_Task-2,198,98,0.46938775510204084,0.47399577167019025,0.505708245243129,0.4691666666666666
raw_qc_pass,target_locked,VisualCogA_Task-1,5,logistic_erp_100ms_l2_10,erp_100ms,10.0,0,0.0,0.4912457050053464,VisualCogB_Task-1,198,98,0.4489795918367347,0.459741343345849,0.47309136420525655,0.41382365972529905
raw_qc_pass,target_locked,VisualCogA_Task-1,5,logistic_erp_100ms_l2_10,erp_100ms,10.0,0,0.0,0.4912457050053464,VisualCogB_Task-2,196,100,0.54,0.54,0.5528,0.5118845500848896
raw_qc_pass,target_locked,VisualCogA_Task-1,6,logistic_erp_100ms_l2_100,erp_100ms,100.0,0,0.0,0.4859130937397375,VisualCogA_Task-2,198,98,0.4387755102040816,0.4594080338266385,0.4739957716701903,0.43161446799536013
raw_qc_pass,target_locked,VisualCogA_Task-1,6,logistic_erp_100ms_l2_100,erp_100ms,100.0,0,0.0,0.4859130937397375,VisualCogB_Task-1,198,98,0.47959183673469385,0.49833124739257406,0.5039632874426365,0.35551257253384916
raw_qc_pass,target_locked,VisualCogA_Task-1,6,logistic_erp_100ms_l2_100,erp_100ms,100.0,0,0.0,0.4859130937397375,VisualCogB_Task-2,196,100,0.5,0.5,0.48600000000000004,0.43464495703301675
raw_qc_pass,target_locked,VisualCogA_Task-1,7,logistic_erp_100ms_l2_1,erp_100ms,1.0,0,0.0,0.4996745491413244,VisualCogA_Task-2,198,98,0.4897959183673469,0.49217758985200843,0.5619450317124736,0.4889445139758031
raw_qc_pass,target_locked,VisualCogA_Task-1,7,logistic_erp_100ms_l2_1,erp_100ms,1.0,0,0.0,0.4996745491413244,VisualCogB_Task-1,198,98,0.46938775510204084,0.47684605757196497,0.48685857321652065,0.4548566538296962
raw_qc_pass,target_locked,VisualCogA_Task-1,7,logistic_erp_100ms_l2_1,erp_100ms,1.0,0,0.0,0.4996745491413244,VisualCogB_Task-2,196,100,0.53,0.53,0.564,0.5160127690248172
raw_qc_pass,target_locked,VisualCogA_Task-1,8,logistic_erp_50ms_l2_0.1,erp_50ms,0.1,0,0.0,0.5300498802972825,VisualCogA_Task-2,198,98,0.5510204081632653,0.5543340380549683,0.5687103594080338,0.5502711722987067
raw_qc_pass,target_locked,VisualCogA_Task-1,8,logistic_erp_50ms_l2_0.1,erp_50ms,0.1,0,0.0,0.5300498802972825,VisualCogB_Task-1,198,98,0.47959183673469385,0.4858156028368794,0.45723821443471,0.4702702702702703
raw_qc_pass,target_locked,VisualCogA_Task-1,8,logistic_erp_50ms_l2_0.1,erp_50ms,0.1,0,0.0,0.5300498802972825,VisualCogB_Task-2,196,100,0.55,0.55,0.5352,0.5495946351716545
raw_qc_pass,target_locked,VisualCogA_Task-1,9,logistic_erp_50ms_l2_10,erp_50ms,10.0,0,0.0,0.5067208952463776,VisualCogA_Task-2,198,98,0.47959183673469385,0.48562367864693445,0.4841437632135307,0.4795376444860981
raw_qc_pass,target_locked,VisualCogA_Task-1,9,logistic_erp_50ms_l2_10,erp_50ms,10.0,0,0.0,0.5067208952463776,VisualCogB_Task-1,198,98,0.45918367346938777,0.46453900709219853,0.4430538172715895,0.45228303279552884
raw_qc_pass,target_locked,VisualCogA_Task-1,9,logistic_erp_50ms_l2_10,erp_50ms,10.0,0,0.0,0.5067208952463776,VisualCogB_Task-2,196,100,0.57,0.5700000000000001,0.538,0.557203171661003
raw_qc_pass,target_locked,VisualCogA_Task-1,10,logistic_erp_50ms_l2_100,erp_50ms,100.0,0,0.0,0.4745477624573587,VisualCogA_Task-2,198,98,0.3877551020408163,0.4063424947145877,0.4697674418604651,0.38131313131313127
raw_qc_pass,target_locked,VisualCogA_Task-1,10,logistic_erp_50ms_l2_100,erp_50ms,100.0,0,0.0,0.4745477624573587,VisualCogB_Task-1,198,98,0.4897959183673469,0.5073007926574885,0.4801835627868169,0.38780609695152424
raw_qc_pass,target_locked,VisualCogA_Task-1,10,logistic_erp_50ms_l2_100,erp_50ms,100.0,0,0.0,0.4745477624573587,VisualCogB_Task-2,196,100,0.51,0.51,0.49,0.45790463546852533
raw_qc_pass,target_locked,VisualCogA_Task-1,11,logistic_erp_50ms_l2_1,erp_50ms,1.0,0,0.0,0.517666092481705,VisualCogA_Task-2,198,98,0.5306122448979592,0.5361522198731501,0.5471458773784355,0.5304166666666668
raw_qc_pass,target_locked,VisualCogA_Task-1,11,logistic_erp_50ms_l2_1,erp_50ms,1.0,0,0.0,0.517666092481705,VisualCogB_Task-1,198,98,0.46938775510204084,0.47684605757196497,0.4422194409678765,0.4548566538296962
raw_qc_pass,target_locked,VisualCogA_Task-1,11,logistic_erp_50ms_l2_1,erp_50ms,1.0,0,0.0,0.517666092481705,VisualCogB_Task-2,196,100,0.54,0.54,0.5367999999999999,0.5383380168606985
raw_qc_pass,target_locked,VisualCogA_Task-1,12,logistic_spatial_100ms_l2_0.1,spatial_100ms,0.1,0,0.0,0.5281974384823876,VisualCogA_Task-2,198,98,0.5408163265306123,0.5452431289640591,0.587737843551797,0.5403856175091193
raw_qc_pass,target_locked,VisualCogA_Task-1,12,logistic_spatial_100ms_l2_0.1,spatial_100ms,0.1,0,0.0,0.5281974384823876,VisualCogB_Task-1,198,98,0.46938775510204084,0.4793491864831039,0.5369211514392991,0.4412280701754386
raw_qc_pass,target_locked,VisualCogA_Task-1,12,logistic_spatial_100ms_l2_0.1,spatial_100ms,0.1,0,0.0,0.5281974384823876,VisualCogB_Task-2,196,100,0.56,0.56,0.57,0.5584102769971899
raw_qc_pass,target_locked,VisualCogA_Task-1,13,logistic_spatial_100ms_l2_10,spatial_100ms,10.0,0,0.0,0.4912457050053464,VisualCogA_Task-2,198,98,0.46938775510204084,0.47399577167019025,0.505708245243129,0.4691666666666666
raw_qc_pass,target_locked,VisualCogA_Task-1,13,logistic_spatial_100ms_l2_10,spatial_100ms,10.0,0,0.0,0.4912457050053464,VisualCogB_Task-1,198,98,0.4489795918367347,0.459741343345849,0.47309136420525655,0.41382365972529905
raw_qc_pass,target_locked,VisualCogA_Task-1,13,logistic_spatial_100ms_l2_10,spatial_100ms,10.0,0,0.0,0.4912457050053464,VisualCogB_Task-2,196,100,0.54,0.54,0.5528,0.5118845500848896
raw_qc_pass,target_locked,VisualCogA_Task-1,14,logistic_spatial_100ms_l2_100,spatial_100ms,100.0,0,0.0,0.4859130937397375,VisualCogA_Task-2,198,98,0.4387755102040816,0.4594080338266385,0.4739957716701903,0.43161446799536013
raw_qc_pass,target_locked,VisualCogA_Task-1,14,logistic_spatial_100ms_l2_100,spatial_100ms,100.0,0,0.0,0.4859130937397375,VisualCogB_Task-1,198,98,0.47959183673469385,0.49833124739257406,0.5039632874426365,0.35551257253384916
raw_qc_pass,target_locked,VisualCogA_Task-1,14,logistic_spatial_100ms_l2_100,spatial_100ms,100.0,0,0.0,0.4859130937397375,VisualCogB_Task-2,196,100,0.5,0.5,0.48600000000000004,0.43464495703301675
raw_qc_pass,target_locked,VisualCogA_Task-1,15,logistic_spatial_100ms_l2_1,spatial_100ms,1.0,0,0.0,0.4996745491413244,VisualCogA_Task-2,198,98,0.4897959183673469,0.49217758985200843,0.5619450317124736,0.4889445139758031
raw_qc_pass,target_locked,VisualCogA_Task-1,15,logistic_spatial_100ms_l2_1,spatial_100ms,1.0,0,0.0,0.4996745491413244,VisualCogB_Task-1,198,98,0.46938775510204084,0.47684605757196497,0.48685857321652065,0.4548566538296962
raw_qc_pass,target_locked,VisualCogA_Task-1,15,logistic_spatial_100ms_l2_1,spatial_100ms,1.0,0,0.0,0.4996745491413244,VisualCogB_Task-2,196,100,0.53,0.53,0.564,0.5160127690248172
raw_qc_pass,target_locked,VisualCogA_Task-1,16,logistic_wave64_l2_0.1,wave64,0.1,0,0.0,0.5648791256865303,VisualCogA_Task-2,198,98,0.5510204081632653,0.5695560253699788,0.5923890063424947,0.5480083857442348
raw_qc_pass,target_locked,VisualCogA_Task-1,16,logistic_wave64_l2_0.1,wave64,0.1,0,0.0,0.5648791256865303,VisualCogB_Task-1,198,98,0.5612244897959183,0.565081351689612,0.5744680851063829,0.558974358974359
raw_qc_pass,target_locked,VisualCogA_Task-1,16,logistic_wave64_l2_0.1,wave64,0.1,0,0.0,0.5648791256865303,VisualCogB_Task-2,196,100,0.56,0.56,0.5548,0.5598239295718287
raw_qc_pass,target_locked,VisualCogA_Task-1,17,logistic_wave64_l2_10,wave64,10.0,0,0.0,0.5007295177228525,VisualCogA_Task-2,198,98,0.5204081632653061,0.527061310782241,0.4951374207188161,0.5203582213891492
raw_qc_pass,target_locked,VisualCogA_Task-1,17,logistic_wave64_l2_10,wave64,10.0,0,0.0,0.5007295177228525,VisualCogB_Task-1,198,98,0.42857142857142855,0.4351272423863162,0.45765540258656656,0.41666666666666663
raw_qc_pass,target_locked,VisualCogA_Task-1,17,logistic_wave64_l2_10,wave64,10.0,0,0.0,0.5007295177228525,VisualCogB_Task-2,196,100,0.54,0.54,0.5392,0.5308037535699714
raw_qc_pass,target_locked,VisualCogA_Task-1,18,logistic_wave64_l2_100,wave64,100.0,0,0.0,0.46732340431411945,VisualCogA_Task-2,198,98,0.46938775510204084,0.48414376321353064,0.4731501057082452,0.46739130434782605
raw_qc_pass,target_locked,VisualCogA_Task-1,18,logistic_wave64_l2_100,wave64,100.0,0,0.0,0.46732340431411945,VisualCogB_Task-1,198,98,0.41836734693877553,0.42782644972882766,0.45098039215686275,0.39037433155080214
raw_qc_pass,target_locked,VisualCogA_Task-1,18,logistic_wave64_l2_100,wave64,100.0,0,0.0,0.46732340431411945,VisualCogB_Task-2,196,100,0.49,0.49,0.5132,0.4498975299320462
raw_qc_pass,target_locked,VisualCogA_Task-1,19,logistic_wave64_l2_1,wave64,1.0,0,0.0,0.5442661237046661,VisualCogA_Task-2,198,98,0.5,0.5164904862579281,0.5585623678646934,0.49743589743589745
raw_qc_pass,target_locked,VisualCogA_Task-1,19,logistic_wave64_l2_1,wave64,1.0,0,0.0,0.5442661237046661,VisualCogB_Task-1,198,98,0.5408163265306123,0.5463078848560701,0.5294117647058824,0.5349572919962038
raw_qc_pass,target_locked,VisualCogA_Task-1,19,logistic_wave64_l2_1,wave64,1.0,0,0.0,0.5442661237046661,VisualCogB_Task-2,196,100,0.57,0.5700000000000001,0.5392,0.567882624861823
raw_qc_pass,target_locked,VisualCogA_Task-1,20,csp_e1_shrink0.01_l2_0.1,csp,0.1,1,0.01,0.517233213468915,VisualCogA_Task-2,198,98,0.47959183673469385,0.47293868921775895,0.4896405919661734,0.4729515975956976
raw_qc_pass,target_locked,VisualCogA_Task-1,20,csp_e1_shrink0.01_l2_0.1,csp,0.1,1,0.01,0.517233213468915,VisualCogB_Task-1,198,98,0.5,0.5087609511889862,0.5331664580725907,0.4804717083198096
raw_qc_pass,target_locked,VisualCogA_Task-1,20,csp_e1_shrink0.01_l2_0.1,csp,0.1,1,0.01,0.517233213468915,VisualCogB_Task-2,196,100,0.57,0.57,0.5912000000000001,0.5361881134721174
raw_qc_pass,target_locked,VisualCogA_Task-1,21,csp_e1_shrink0.01_l2_1,csp,1.0,1,0.01,0.514202910438612,VisualCogA_Task-2,198,98,0.46938775510204084,0.4638477801268499,0.492600422832981,0.4638047138047138
raw_qc_pass,target_locked,VisualCogA_Task-1,21,csp_e1_shrink0.01_l2_1,csp,1.0,1,0.01,0.514202910438612,VisualCogB_Task-1,198,98,0.5,0.5087609511889862,0.5344180225281602,0.4804717083198096
raw_qc_pass,target_locked,VisualCogA_Task-1,21,csp_e1_shrink0.01_l2_1,csp,1.0,1,0.01,0.514202910438612,VisualCogB_Task-2,196,100,0.57,0.57,0.5892,0.5361881134721174
raw_qc_pass,target_locked,VisualCogA_Task-1,22,csp_e1_shrink0.01_l2_10,csp,10.0,1,0.01,0.5173479034604861,VisualCogA_Task-2,198,98,0.47959183673469385,0.4830866807610994,0.4993657505285412,0.4791036998436686
raw_qc_pass,target_locked,VisualCogA_Task-1,22,csp_e1_shrink0.01_l2_10,csp,10.0,1,0.01,0.5173479034604861,VisualCogB_Task-1,198,98,0.4897959183673469,0.4989570296203588,0.5423445974134334,0.4676227727075185
raw_qc_pass,target_locked,VisualCogA_Task-1,22,csp_e1_shrink0.01_l2_10,csp,10.0,1,0.01,0.5173479034604861,VisualCogB_Task-2,196,100,0.57,0.5700000000000001,0.5864,0.5305164319248826
raw_qc_pass,target_locked,VisualCogA_Task-1,23,csp_e1_shrink0.1_l2_0.1,csp,0.1,1,0.1,0.5268897285572199,VisualCogA_Task-2,198,98,0.47959183673469385,0.47293868921775895,0.4938689217758985,0.4729515975956976
raw_qc_pass,target_locked,VisualCogA_Task-1,23,csp_e1_shrink0.1_l2_0.1,csp,0.1,1,0.1,0.5268897285572199,VisualCogB_Task-1,198,98,0.5102040816326531,0.5177304964539007,0.5477680433875678,0.496790757381258
raw_qc_pass,target_locked,VisualCogA_Task-1,23,csp_e1_shrink0.1_l2_0.1,csp,0.1,1,0.1,0.5268897285572199,VisualCogB_Task-2,196,100,0.59,0.59,0.6008000000000001,0.5626666666666666
raw_qc_pass,target_locked,VisualCogA_Task-1,24,csp_e1_shrink0.1_l2_1,csp,1.0,1,0.1,0.5238594255269168,VisualCogA_Task-2,198,98,0.46938775510204084,0.4638477801268499,0.49217758985200843,0.4638047138047138
raw_qc_pass,target_locked,VisualCogA_Task-1,24,csp_e1_shrink0.1_l2_1,csp,1.0,1,0.1,0.5238594255269168,VisualCogB_Task-1,198,98,0.5102040816326531,0.5177304964539007,0.5498539841468502,0.496790757381258
raw_qc_pass,target_locked,VisualCogA_Task-1,24,csp_e1_shrink0.1_l2_1,csp,1.0,1,0.1,0.5238594255269168,VisualCogB_Task-2,196,100,0.59,0.59,0.6012000000000001,0.5626666666666666
raw_qc_pass,target_locked,VisualCogA_Task-1,25,csp_e1_shrink0.1_l2_10,csp,10.0,1,0.1,0.529426726443055,VisualCogA_Task-2,198,98,0.47959183673469385,0.48054968287526423,0.5019027484143763,0.47823363607892266
raw_qc_pass,target_locked,VisualCogA_Task-1,25,csp_e1_shrink0.1_l2_10,csp,10.0,1,0.1,0.529426726443055,VisualCogB_Task-1,198,98,0.5102040816326531,0.5177304964539007,0.5544430538172717,0.496790757381258
raw_qc_pass,target_locked,VisualCogA_Task-1,25,csp_e1_shrink0.1_l2_10,csp,10.0,1,0.1,0.529426726443055,VisualCogB_Task-2,196,100,0.59,0.59,0.6,0.5523528769516323
raw_qc_pass,target_locked,VisualCogA_Task-1,26,csp_e2_shrink0.01_l2_0.1,csp,0.1,2,0.01,0.5220564024269237,VisualCogA_Task-2,198,98,0.47959183673469385,0.48054968287526423,0.5069767441860465,0.47823363607892266
raw_qc_pass,target_locked,VisualCogA_Task-1,26,csp_e2_shrink0.01_l2_0.1,csp,0.1,2,0.01,0.5220564024269237,VisualCogB_Task-1,198,98,0.4897959183673469,0.49561952440550694,0.523988318731748,0.4820295983086681
raw_qc_pass,target_locked,VisualCogA_Task-1,26,csp_e2_shrink0.01_l2_0.1,csp,0.1,2,0.01,0.5220564024269237,VisualCogB_Task-2,196,100,0.59,0.5900000000000001,0.5988,0.5710848415106182
raw_qc_pass,target_locked,VisualCogA_Task-1,27,csp_e2_shrink0.01_l2_1,csp,1.0,2,0.01,0.525389735760257,VisualCogA_Task-2,198,98,0.47959183673469385,0.48054968287526423,0.5065539112050741,0.47823363607892266
raw_qc_pass,target_locked,VisualCogA_Task-1,27,csp_e2_shrink0.01_l2_1,csp,1.0,2,0.01,0.525389735760257,VisualCogB_Task-1,198,98,0.4897959183673469,0.49561952440550694,0.5244055068836045,0.4820295983086681
raw_qc_pass,target_locked,VisualCogA_Task-1,27,csp_e2_shrink0.01_l2_1,csp,1.0,2,0.01,0.525389735760257,VisualCogB_Task-2,196,100,0.6,0.6,0.5979999999999999,0.5796553173602353
raw_qc_pass,target_locked,VisualCogA_Task-1,28,csp_e2_shrink0.01_l2_10,csp,10.0,2,0.01,0.5170561628156878,VisualCogA_Task-2,198,98,0.4897959183673469,0.4947145877378435,0.5010570824524313,0.48958333333333337
raw_qc_pass,target_locked,VisualCogA_Task-1,28,csp_e2_shrink0.01_l2_10,csp,10.0,2,0.01,0.5170561628156878,VisualCogB_Task-1,198,98,0.4897959183673469,0.4964539007092198,0.5310805173133083,0.4791666666666667
raw_qc_pass,target_locked,VisualCogA_Task-1,28,csp_e2_shrink0.01_l2_10,csp,10.0,2,0.01,0.5170561628156878,VisualCogB_Task-2,196,100,0.56,0.56,0.592,0.5225694444444444
raw_qc_pass,target_locked,VisualCogA_Task-1,29,csp_e2_shrink0.1_l2_0.1,csp,0.1,2,0.1,0.5184853982676842,VisualCogA_Task-2,198,98,0.4897959183673469,0.4896405919661734,0.5112050739957718,0.487876254180602
raw_qc_pass,target_locked,VisualCogA_Task-1,29,csp_e2_shrink0.1_l2_0.1,csp,0.1,2,0.1,0.5184853982676842,VisualCogB_Task-1,198,98,0.47959183673469385,0.4858156028368794,0.541093032957864,0.4702702702702703
raw_qc_pass,target_locked,VisualCogA_Task-1,29,csp_e2_shrink0.1_l2_0.1,csp,0.1,2,0.1,0.5184853982676842,VisualCogB_Task-2,196,100,0.58,0.5800000000000001,0.6008,0.5586380832282472
raw_qc_pass,target_locked,VisualCogA_Task-1,30,csp_e2_shrink0.1_l2_1,csp,1.0,2,0.1,0.515152064934351,VisualCogA_Task-2,198,98,0.4897959183673469,0.4896405919661734,0.5103594080338267,0.487876254180602
raw_qc_pass,target_locked,VisualCogA_Task-1,30,csp_e2_shrink0.1_l2_1,csp,1.0,2,0.1,0.515152064934351,VisualCogB_Task-1,198,98,0.47959183673469385,0.4858156028368794,0.5431789737171464,0.4702702702702703
raw_qc_pass,target_locked,VisualCogA_Task-1,30,csp_e2_shrink0.1_l2_1,csp,1.0,2,0.1,0.515152064934351,VisualCogB_Task-2,196,100,0.57,0.5700000000000001,0.6016,0.5459824728117411
raw_qc_pass,target_locked,VisualCogA_Task-1,31,csp_e2_shrink0.1_l2_10,csp,10.0,2,0.1,0.5139741155184878,VisualCogA_Task-2,198,98,0.46938775510204084,0.47399577167019025,0.5044397463002114,0.4691666666666666
raw_qc_pass,target_locked,VisualCogA_Task-1,31,csp_e2_shrink0.1_l2_10,csp,10.0,2,0.1,0.5139741155184878,VisualCogB_Task-1,198,98,0.5,0.5079265748852733,0.5544430538172715,0.4844873859366613
raw_qc_pass,target_locked,VisualCogA_Task-1,31,csp_e2_shrink0.1_l2_10,csp,10.0,2,0.1,0.5139741155184878,VisualCogB_Task-2,196,100,0.56,0.5599999999999999,0.5912,0.5280995280995281
raw_qc_pass,target_locked,VisualCogA_Task-2,0,baseline_logistic_l2_1,baseline_13,1.0,0,0.0,0.529942984285913,VisualCogA_Task-1,198,100,0.5,0.5,0.5233494363929146,0.49919871794871795
raw_qc_pass,target_locked,VisualCogA_Task-2,0,baseline_logistic_l2_1,baseline_13,1.0,0,0.0,0.529942984285913,VisualCogB_Task-1,200,98,0.5306122448979592,0.5298289528577389,0.5260742594910304,0.5298289528577389
raw_qc_pass,target_locked,VisualCogA_Task-2,0,baseline_logistic_l2_1,baseline_13,1.0,0,0.0,0.529942984285913,VisualCogB_Task-2,198,100,0.56,0.56,0.6108,0.537620849096259
raw_qc_pass,target_locked,VisualCogA_Task-2,1,logistic_baseline_13_l2_0.1,baseline_13,0.1,0,0.0,0.5196531292134492,VisualCogA_Task-1,198,100,0.49,0.4891304347826087,0.5161030595813204,0.48872180451127817
raw_qc_pass,target_locked,VisualCogA_Task-2,1,logistic_baseline_13_l2_0.1,baseline_13,0.1,0,0.0,0.5196531292134492,VisualCogB_Task-1,200,98,0.5306122448979592,0.5298289528577389,0.526491447642887,0.5298289528577389
raw_qc_pass,target_locked,VisualCogA_Task-2,1,logistic_baseline_13_l2_0.1,baseline_13,0.1,0,0.0,0.5196531292134492,VisualCogB_Task-2,198,100,0.54,0.54,0.61,0.5208333333333334
raw_qc_pass,target_locked,VisualCogA_Task-2,2,logistic_baseline_13_l2_10,baseline_13,10.0,0,0.0,0.5259713530802392,VisualCogA_Task-1,198,100,0.5,0.5,0.5301932367149758,0.49919871794871795
raw_qc_pass,target_locked,VisualCogA_Task-2,2,logistic_baseline_13_l2_10,baseline_13,10.0,0,0.0,0.5259713530802392,VisualCogB_Task-1,200,98,0.5,0.4979140592407176,0.5281602002503129,0.49743589743589745
raw_qc_pass,target_locked,VisualCogA_Task-2,2,logistic_baseline_13_l2_10,baseline_13,10.0,0,0.0,0.5259713530802392,VisualCogB_Task-2,198,100,0.58,0.5800000000000001,0.622,0.5586380832282472
raw_qc_pass,target_locked,VisualCogA_Task-2,3,logistic_baseline_13_l2_100,baseline_13,100.0,0,0.0,0.5222823013468929,VisualCogA_Task-1,198,100,0.46,0.466183574879227,0.5253623188405797,0.4591346153846154
raw_qc_pass,target_locked,VisualCogA_Task-2,3,logistic_baseline_13_l2_100,baseline_13,100.0,0,0.0,0.5222823013468929,VisualCogB_Task-1,200,98,0.5306122448979592,0.5306633291614518,0.5431789737171465,0.5304166666666668
raw_qc_pass,target_locked,VisualCogA_Task-2,3,logistic_baseline_13_l2_100,baseline_13,100.0,0,0.0,0.5222823013468929,VisualCogB_Task-2,198,100,0.57,0.57,0.6364,0.5361881134721174
raw_qc_pass,target_locked,VisualCogA_Task-2,4,logistic_erp_100ms_l2_0.1,erp_100ms,0.1,0,0.0,0.5006606621132024,VisualCogA_Task-1,198,100,0.48,0.48631239935587756,0.5136876006441224,0.47916666666666663
raw_qc_pass,target_locked,VisualCogA_Task-2,4,logistic_erp_100ms_l2_0.1,erp_100ms,0.1,0,0.0,0.5006606621132024,VisualCogB_Task-1,200,98,0.5306122448979592,0.5356695869837296,0.5027117229870671,0.5256734006734007
raw_qc_pass,target_locked,VisualCogA_Task-2,4,logistic_erp_100ms_l2_0.1,erp_100ms,0.1,0,0.0,0.5006606621132024,VisualCogB_Task-2,198,100,0.48,0.48,0.49319999999999997,0.4724025974025974
raw_qc_pass,target_locked,VisualCogA_Task-2,5,logistic_erp_100ms_l2_10,erp_100ms,10.0,0,0.0,0.4942862018209826,VisualCogA_Task-1,198,100,0.53,0.5487117552334944,0.5277777777777778,0.5123975516132379
raw_qc_pass,target_locked,VisualCogA_Task-2,5,logistic_erp_100ms_l2_10,erp_100ms,10.0,0,0.0,0.4942862018209826,VisualCogB_Task-1,200,98,0.47959183673469385,0.4841468502294535,0.49895702962035876,0.47516538905806993
raw_qc_pass,target_locked,VisualCogA_Task-2,5,logistic_erp_100ms_l2_10,erp_100ms,10.0,0,0.0,0.4942862018209826,VisualCogB_Task-2,198,100,0.45,0.45,0.4716,0.4472917294744247
raw_qc_pass,target_locked,VisualCogA_Task-2,6,logistic_erp_100ms_l2_100,erp_100ms,100.0,0,0.0,0.4797259591128739,VisualCogA_Task-1,198,100,0.48,0.5104669887278582,0.5507246376811594,0.4120307553143374
raw_qc_pass,target_locked,VisualCogA_Task-2,6,logistic_erp_100ms_l2_100,erp_100ms,100.0,0,0.0,0.4797259591128739,VisualCogB_Task-1,200,98,0.45918367346938777,0.4687108886107635,0.5123070504797663,0.43315508021390375
raw_qc_pass,target_locked,VisualCogA_Task-2,6,logistic_erp_100ms_l2_100,erp_100ms,100.0,0,0.0,0.4797259591128739,VisualCogB_Task-2,198,100,0.46,0.45999999999999996,0.5092,0.45211038961038963
raw_qc_pass,target_locked,VisualCogA_Task-2,7,logistic_erp_100ms_l2_1,erp_100ms,1.0,0,0.0,0.4760702152516196,VisualCogA_Task-1,198,100,0.48,0.48470209339774556,0.5048309178743962,0.4797919167667067
raw_qc_pass,target_locked,VisualCogA_Task-2,7,logistic_erp_100ms_l2_1,erp_100ms,1.0,0,0.0,0.4760702152516196,VisualCogB_Task-1,200,98,0.46938775510204084,0.4735085523571131,0.49228201919065495,0.46582809224318655
raw_qc_pass,target_locked,VisualCogA_Task-2,7,logistic_erp_100ms_l2_1,erp_100ms,1.0,0,0.0,0.4760702152516196,VisualCogB_Task-2,198,100,0.47,0.47,0.4732,0.4608890245142916
raw_qc_pass,target_locked,VisualCogA_Task-2,8,logistic_erp_50ms_l2_0.1,erp_50ms,0.1,0,0.0,0.4772911590373636,VisualCogA_Task-1,198,100,0.48,0.4879227053140097,0.5152979066022545,0.4781212364512244
raw_qc_pass,target_locked,VisualCogA_Task-2,8,logistic_erp_50ms_l2_0.1,erp_50ms,0.1,0,0.0,0.4772911590373636,VisualCogB_Task-1,200,98,0.4897959183673469,0.4939507717980809,0.48393825615352526,0.4863731656184486
raw_qc_pass,target_locked,VisualCogA_Task-2,8,logistic_erp_50ms_l2_0.1,erp_50ms,0.1,0,0.0,0.4772911590373636,VisualCogB_Task-2,198,100,0.45,0.45,0.4724,0.4472917294744247
raw_qc_pass,target_locked,VisualCogA_Task-2,9,logistic_erp_50ms_l2_10,erp_50ms,10.0,0,0.0,0.46990084895437595,VisualCogA_Task-1,198,100,0.45,0.46658615136876,0.48550724637681153,0.43363196375244567
raw_qc_pass,target_locked,VisualCogA_Task-2,9,logistic_erp_50ms_l2_10,erp_50ms,10.0,0,0.0,0.46990084895437595,VisualCogB_Task-1,200,98,0.4897959183673469,0.493116395494368,0.4793491864831039,0.487876254180602
raw_qc_pass,target_locked,VisualCogA_Task-2,9,logistic_erp_50ms_l2_10,erp_50ms,10.0,0,0.0,0.46990084895437595,VisualCogB_Task-2,198,100,0.45,0.45,0.4504000000000001,0.4472917294744247
raw_qc_pass,target_locked,VisualCogA_Task-2,10,logistic_erp_50ms_l2_100,erp_50ms,100.0,0,0.0,0.4824655618234548,VisualCogA_Task-1,198,100,0.48,0.5024154589371981,0.4935587761674718,0.44821731748726656
raw_qc_pass,target_locked,VisualCogA_Task-2,10,logistic_erp_50ms_l2_100,erp_50ms,100.0,0,0.0,0.4824655618234548,VisualCogB_Task-1,200,98,0.47959183673469385,0.48498122653316644,0.507717980809345,0.4729515975956976
raw_qc_pass,target_locked,VisualCogA_Task-2,10,logistic_erp_50ms_l2_100,erp_50ms,100.0,0,0.0,0.4824655618234548,VisualCogB_Task-2,198,100,0.46,0.45999999999999996,0.488,0.4591346153846154
raw_qc_pass,target_locked,VisualCogA_Task-2,11,logistic_erp_50ms_l2_1,erp_50ms,1.0,0,0.0,0.4518434140367354,VisualCogA_Task-1,198,100,0.47,0.4834943639291466,0.4959742351046699,0.4608890245142916
raw_qc_pass,target_locked,VisualCogA_Task-2,11,logistic_erp_50ms_l2_1,erp_50ms,1.0,0,0.0,0.4518434140367354,VisualCogB_Task-1,200,98,0.45918367346938777,0.4620358781810596,0.4647476011681269,0.457772210042802
raw_qc_pass,target_locked,VisualCogA_Task-2,11,logistic_erp_50ms_l2_1,erp_50ms,1.0,0,0.0,0.4518434140367354,VisualCogB_Task-2,198,100,0.41,0.41000000000000003,0.4376,0.40518197398931344
raw_qc_pass,target_locked,VisualCogA_Task-2,12,logistic_spatial_100ms_l2_0.1,spatial_100ms,0.1,0,0.0,0.5006606621132024,VisualCogA_Task-1,198,100,0.48,0.48631239935587756,0.5136876006441224,0.47916666666666663
raw_qc_pass,target_locked,VisualCogA_Task-2,12,logistic_spatial_100ms_l2_0.1,spatial_100ms,0.1,0,0.0,0.5006606621132024,VisualCogB_Task-1,200,98,0.5306122448979592,0.5356695869837296,0.5027117229870671,0.5256734006734007
raw_qc_pass,target_locked,VisualCogA_Task-2,12,logistic_spatial_100ms_l2_0.1,spatial_100ms,0.1,0,0.0,0.5006606621132024,VisualCogB_Task-2,198,100,0.48,0.48,0.49319999999999997,0.4724025974025974
raw_qc_pass,target_locked,VisualCogA_Task-2,13,logistic_spatial_100ms_l2_10,spatial_100ms,10.0,0,0.0,0.4942862018209826,VisualCogA_Task-1,198,100,0.53,0.5487117552334944,0.5277777777777778,0.5123975516132379
raw_qc_pass,target_locked,VisualCogA_Task-2,13,logistic_spatial_100ms_l2_10,spatial_100ms,10.0,0,0.0,0.4942862018209826,VisualCogB_Task-1,200,98,0.47959183673469385,0.4841468502294535,0.49895702962035876,0.47516538905806993
raw_qc_pass,target_locked,VisualCogA_Task-2,13,logistic_spatial_100ms_l2_10,spatial_100ms,10.0,0,0.0,0.4942862018209826,VisualCogB_Task-2,198,100,0.45,0.45,0.4716,0.4472917294744247
raw_qc_pass,target_locked,VisualCogA_Task-2,14,logistic_spatial_100ms_l2_100,spatial_100ms,100.0,0,0.0,0.4797259591128739,VisualCogA_Task-1,198,100,0.48,0.5104669887278582,0.5507246376811594,0.4120307553143374
raw_qc_pass,target_locked,VisualCogA_Task-2,14,logistic_spatial_100ms_l2_100,spatial_100ms,100.0,0,0.0,0.4797259591128739,VisualCogB_Task-1,200,98,0.45918367346938777,0.4687108886107635,0.5123070504797663,0.43315508021390375
raw_qc_pass,target_locked,VisualCogA_Task-2,14,logistic_spatial_100ms_l2_100,spatial_100ms,100.0,0,0.0,0.4797259591128739,VisualCogB_Task-2,198,100,0.46,0.45999999999999996,0.5092,0.45211038961038963
raw_qc_pass,target_locked,VisualCogA_Task-2,15,logistic_spatial_100ms_l2_1,spatial_100ms,1.0,0,0.0,0.4760702152516196,VisualCogA_Task-1,198,100,0.48,0.48470209339774556,0.5048309178743962,0.4797919167667067
raw_qc_pass,target_locked,VisualCogA_Task-2,15,logistic_spatial_100ms_l2_1,spatial_100ms,1.0,0,0.0,0.4760702152516196,VisualCogB_Task-1,200,98,0.46938775510204084,0.4735085523571131,0.49228201919065495,0.46582809224318655
raw_qc_pass,target_locked,VisualCogA_Task-2,15,logistic_spatial_100ms_l2_1,spatial_100ms,1.0,0,0.0,0.4760702152516196,VisualCogB_Task-2,198,100,0.47,0.47,0.4732,0.4608890245142916
raw_qc_pass,target_locked,VisualCogA_Task-2,16,logistic_wave64_l2_0.1,wave64,0.1,0,0.0,0.5158547822459233,VisualCogA_Task-1,198,100,0.55,0.5543478260869565,0.5776972624798712,0.54995499549955
raw_qc_pass,target_locked,VisualCogA_Task-2,16,logistic_wave64_l2_0.1,wave64,0.1,0,0.0,0.5158547822459233,VisualCogB_Task-1,200,98,0.5714285714285714,0.5732165206508135,0.5807259073842304,0.57125
raw_qc_pass,target_locked,VisualCogA_Task-2,16,logistic_wave64_l2_0.1,wave64,0.1,0,0.0,0.5158547822459233,VisualCogB_Task-2,198,100,0.42,0.42000000000000004,0.42,0.411525974025974
raw_qc_pass,target_locked,VisualCogA_Task-2,17,logistic_wave64_l2_10,wave64,10.0,0,0.0,0.45976274019389507,VisualCogA_Task-1,198,100,0.51,0.5189210950080515,0.4754428341384863,0.5075871771681237
raw_qc_pass,target_locked,VisualCogA_Task-2,17,logistic_wave64_l2_10,wave64,10.0,0,0.0,0.45976274019389507,VisualCogB_Task-1,200,98,0.45918367346938777,0.4603671255736337,0.45890696704213607,0.45912735603457255
raw_qc_pass,target_locked,VisualCogA_Task-2,17,logistic_wave64_l2_10,wave64,10.0,0,0.0,0.45976274019389507,VisualCogB_Task-2,198,100,0.4,0.4,0.4072,0.3939393939393939
raw_qc_pass,target_locked,VisualCogA_Task-2,18,logistic_wave64_l2_100,wave64,100.0,0,0.0,0.4960171228528414,VisualCogA_Task-1,198,100,0.5,0.5144927536231884,0.4895330112721417,0.4900040799673603
raw_qc_pass,target_locked,VisualCogA_Task-2,18,logistic_wave64_l2_100,wave64,100.0,0,0.0,0.4960171228528414,VisualCogB_Task-1,200,98,0.5102040816326531,0.5135586149353358,0.49353358364622446,0.5083612040133779
raw_qc_pass,target_locked,VisualCogA_Task-2,18,logistic_wave64_l2_100,wave64,100.0,0,0.0,0.4960171228528414,VisualCogB_Task-2,198,100,0.46,0.45999999999999996,0.43320000000000003,0.45978391356542614
raw_qc_pass,target_locked,VisualCogA_Task-2,19,logistic_wave64_l2_1,wave64,1.0,0,0.0,0.4811560344149994,VisualCogA_Task-1,198,100,0.53,0.5326086956521738,0.5277777777777778,0.52995299529953
raw_qc_pass,target_locked,VisualCogA_Task-2,19,logistic_wave64_l2_1,wave64,1.0,0,0.0,0.4811560344149994,VisualCogB_Task-1,200,98,0.5204081632653061,0.5208594075928243,0.5160617438464747,0.5203582213891492
raw_qc_pass,target_locked,VisualCogA_Task-2,19,logistic_wave64_l2_1,wave64,1.0,0,0.0,0.4811560344149994,VisualCogB_Task-2,198,100,0.39,0.39,0.4188,0.38699628178072554
raw_qc_pass,target_locked,VisualCogA_Task-2,20,csp_e1_shrink0.01_l2_0.1,csp,0.1,1,0.01,0.5168663593850875,VisualCogA_Task-1,198,100,0.47,0.4834943639291466,0.43236714975845414,0.4608890245142916
raw_qc_pass,target_locked,VisualCogA_Task-2,20,csp_e1_shrink0.01_l2_0.1,csp,0.1,1,0.01,0.5168663593850875,VisualCogB_Task-1,200,98,0.5,0.517104714226116,0.5160617438464747,0.40591364592354323
raw_qc_pass,target_locked,VisualCogA_Task-2,20,csp_e1_shrink0.01_l2_0.1,csp,0.1,1,0.01,0.5168663593850875,VisualCogB_Task-2,198,100,0.55,0.55,0.582,0.5444883085332524
raw_qc_pass,target_locked,VisualCogA_Task-2,21,csp_e1_shrink0.01_l2_1,csp,1.0,1,0.01,0.5168663593850875,VisualCogA_Task-1,198,100,0.47,0.4834943639291466,0.43075684380032203,0.4608890245142916
raw_qc_pass,target_locked,VisualCogA_Task-2,21,csp_e1_shrink0.01_l2_1,csp,1.0,1,0.01,0.5168663593850875,VisualCogB_Task-1,200,98,0.5,0.517104714226116,0.5160617438464747,0.40591364592354323
raw_qc_pass,target_locked,VisualCogA_Task-2,21,csp_e1_shrink0.01_l2_1,csp,1.0,1,0.01,0.5168663593850875,VisualCogB_Task-2,198,100,0.55,0.55,0.5812,0.5444883085332524
raw_qc_pass,target_locked,VisualCogA_Task-2,22,csp_e1_shrink0.01_l2_10,csp,10.0,1,0.01,0.5287323727928832,VisualCogA_Task-1,198,100,0.49,0.5084541062801933,0.4275362318840579,0.4708994708994709
raw_qc_pass,target_locked,VisualCogA_Task-2,22,csp_e1_shrink0.01_l2_10,csp,10.0,1,0.01,0.5287323727928832,VisualCogB_Task-1,200,98,0.5102040816326531,0.5277430120984564,0.5160617438464747,0.4122938530734633
raw_qc_pass,target_locked,VisualCogA_Task-2,22,csp_e1_shrink0.01_l2_10,csp,10.0,1,0.01,0.5287323727928832,VisualCogB_Task-2,198,100,0.55,0.55,0.5756,0.5463252343986289
raw_qc_pass,target_locked,VisualCogA_Task-2,23,csp_e1_shrink0.1_l2_0.1,csp,0.1,1,0.1,0.5166848052819647,VisualCogA_Task-1,198,100,0.48,0.49275362318840576,0.44524959742351045,0.4724025974025974
raw_qc_pass,target_locked,VisualCogA_Task-2,23,csp_e1_shrink0.1_l2_0.1,csp,0.1,1,0.1,0.5166848052819647,VisualCogB_Task-1,200,98,0.4897959183673469,0.5073007926574885,0.5139758030871923,0.38780609695152424
raw_qc_pass,target_locked,VisualCogA_Task-2,23,csp_e1_shrink0.1_l2_0.1,csp,0.1,1,0.1,0.5166848052819647,VisualCogB_Task-2,198,100,0.55,0.55,0.5812,0.5444883085332524
raw_qc_pass,target_locked,VisualCogA_Task-2,24,csp_e1_shrink0.1_l2_1,csp,1.0,1,0.1,0.5166848052819647,VisualCogA_Task-1,198,100,0.48,0.49275362318840576,0.4420289855072464,0.4724025974025974
raw_qc_pass,target_locked,VisualCogA_Task-2,24,csp_e1_shrink0.1_l2_1,csp,1.0,1,0.1,0.5166848052819647,VisualCogB_Task-1,200,98,0.4897959183673469,0.5073007926574885,0.5139758030871923,0.38780609695152424
raw_qc_pass,target_locked,VisualCogA_Task-2,24,csp_e1_shrink0.1_l2_1,csp,1.0,1,0.1,0.5166848052819647,VisualCogB_Task-2,198,100,0.55,0.55,0.5784,0.5444883085332524
raw_qc_pass,target_locked,VisualCogA_Task-2,25,csp_e1_shrink0.1_l2_10,csp,10.0,1,0.1,0.5185849663125607,VisualCogA_Task-1,198,100,0.49,0.5084541062801933,0.4380032206119162,0.4708994708994709
raw_qc_pass,target_locked,VisualCogA_Task-2,25,csp_e1_shrink0.1_l2_10,csp,10.0,1,0.1,0.5185849663125607,VisualCogB_Task-1,200,98,0.4897959183673469,0.5073007926574885,0.5139758030871923,0.38780609695152424
raw_qc_pass,target_locked,VisualCogA_Task-2,25,csp_e1_shrink0.1_l2_10,csp,10.0,1,0.1,0.5185849663125607,VisualCogB_Task-2,198,100,0.54,0.54,0.576,0.5353535353535354
raw_qc_pass,target_locked,VisualCogA_Task-2,26,csp_e2_shrink0.01_l2_0.1,csp,0.1,2,0.01,0.5120135744022486,VisualCogA_Task-1,198,100,0.41,0.42310789049919484,0.4669887278582931,0.3998575933272302
raw_qc_pass,target_locked,VisualCogA_Task-2,26,csp_e2_shrink0.01_l2_0.1,csp,0.1,2,0.01,0.5120135744022486,VisualCogB_Task-1,200,98,0.5,0.5129328327075511,0.47183979974968715,0.4520141504051124
raw_qc_pass,target_locked,VisualCogA_Task-2,26,csp_e2_shrink0.01_l2_0.1,csp,0.1,2,0.01,0.5120135744022486,VisualCogB_Task-2,198,100,0.6,0.6,0.6055999999999999,0.5941558441558441
raw_qc_pass,target_locked,VisualCogA_Task-2,27,csp_e2_shrink0.01_l2_1,csp,1.0,2,0.01,0.5161735314607564,VisualCogA_Task-1,198,100,0.42,0.4355877616747182,0.46578099838969406,0.40476190476190477
raw_qc_pass,target_locked,VisualCogA_Task-2,27,csp_e2_shrink0.01_l2_1,csp,1.0,2,0.01,0.5161735314607564,VisualCogB_Task-1,200,98,0.5,0.5129328327075511,0.4722569879015436,0.4520141504051124
raw_qc_pass,target_locked,VisualCogA_Task-2,27,csp_e2_shrink0.01_l2_1,csp,1.0,2,0.01,0.5161735314607564,VisualCogB_Task-2,198,100,0.6,0.6,0.606,0.5941558441558441
raw_qc_pass,target_locked,VisualCogA_Task-2,28,csp_e2_shrink0.01_l2_10,csp,10.0,2,0.01,0.5345246574320961,VisualCogA_Task-1,198,100,0.45,0.46980676328502413,0.4621578099838969,0.42462600690448793
raw_qc_pass,target_locked,VisualCogA_Task-2,28,csp_e2_shrink0.01_l2_10,csp,10.0,2,0.01,0.5345246574320961,VisualCogB_Task-1,200,98,0.5,0.513767209011264,0.48018356278681684,0.4444058775888002
raw_qc_pass,target_locked,VisualCogA_Task-2,28,csp_e2_shrink0.01_l2_10,csp,10.0,2,0.01,0.5345246574320961,VisualCogB_Task-2,198,100,0.62,0.62,0.6052,0.6124031007751938
raw_qc_pass,target_locked,VisualCogA_Task-2,29,csp_e2_shrink0.1_l2_0.1,csp,0.1,2,0.1,0.5181210544312972,VisualCogA_Task-1,198,100,0.43,0.4416264090177134,0.4750402576489533,0.42301852414211966
raw_qc_pass,target_locked,VisualCogA_Task-2,29,csp_e2_shrink0.1_l2_0.1,csp,0.1,2,0.1,0.5181210544312972,VisualCogB_Task-1,200,98,0.5102040816326531,0.5227367542761785,0.4747601168126826,0.4666666666666667
raw_qc_pass,target_locked,VisualCogA_Task-2,29,csp_e2_shrink0.1_l2_0.1,csp,0.1,2,0.1,0.5181210544312972,VisualCogB_Task-2,198,100,0.59,0.59,0.6043999999999998,0.5829518868884143
raw_qc_pass,target_locked,VisualCogA_Task-2,30,csp_e2_shrink0.1_l2_1,csp,1.0,2,0.1,0.5214543877646306,VisualCogA_Task-1,198,100,0.43,0.4416264090177134,0.4754428341384863,0.42301852414211966
raw_qc_pass,target_locked,VisualCogA_Task-2,30,csp_e2_shrink0.1_l2_1,csp,1.0,2,0.1,0.5214543877646306,VisualCogB_Task-1,200,98,0.5102040816326531,0.5227367542761785,0.47267417605340006,0.4666666666666667
raw_qc_pass,target_locked,VisualCogA_Task-2,30,csp_e2_shrink0.1_l2_1,csp,1.0,2,0.1,0.5214543877646306,VisualCogB_Task-2,198,100,0.6,0.6,0.6039999999999999,0.5941558441558441
raw_qc_pass,target_locked,VisualCogA_Task-2,31,csp_e2_shrink0.1_l2_10,csp,10.0,2,0.1,0.5411259646216385,VisualCogA_Task-1,198,100,0.45,0.46980676328502413,0.47020933977455726,0.42462600690448793
raw_qc_pass,target_locked,VisualCogA_Task-2,31,csp_e2_shrink0.1_l2_10,csp,10.0,2,0.1,0.5411259646216385,VisualCogB_Task-1,200,98,0.5102040816326531,0.5235711305798916,0.48018356278681684,0.4595588235294118
raw_qc_pass,target_locked,VisualCogA_Task-2,31,csp_e2_shrink0.1_l2_10,csp,10.0,2,0.1,0.5411259646216385,VisualCogB_Task-2,198,100,0.63,0.63,0.6048,0.6236395076797885
raw_qc_pass,target_locked,VisualCogB_Task-1,0,baseline_logistic_l2_1,baseline_13,1.0,0,0.0,0.4707032804167957,VisualCogA_Task-1,198,100,0.51,0.5076489533011272,0.49959742351046693,0.5075871771681237
raw_qc_pass,target_locked,VisualCogB_Task-1,0,baseline_logistic_l2_1,baseline_13,1.0,0,0.0,0.4707032804167957,VisualCogA_Task-2,200,98,0.45918367346938777,0.43446088794926,0.39873150105708244,0.4215391468983183
raw_qc_pass,target_locked,VisualCogB_Task-1,0,baseline_logistic_l2_1,baseline_13,1.0,0,0.0,0.4707032804167957,VisualCogB_Task-2,198,100,0.47,0.47000000000000003,0.47000000000000003,0.4052294916395466
raw_qc_pass,target_locked,VisualCogB_Task-1,1,logistic_baseline_13_l2_0.1,baseline_13,0.1,0,0.0,0.4735369195834312,VisualCogA_Task-1,198,100,0.53,0.5277777777777778,0.498389694041868,0.5276856597326902
raw_qc_pass,target_locked,VisualCogB_Task-1,1,logistic_baseline_13_l2_0.1,baseline_13,0.1,0,0.0,0.4735369195834312,VisualCogA_Task-2,200,98,0.4489795918367347,0.42283298097251587,0.39746300211416496,0.40725806451612906
raw_qc_pass,target_locked,VisualCogB_Task-1,1,logistic_baseline_13_l2_0.1,baseline_13,0.1,0,0.0,0.4735369195834312,VisualCogB_Task-2,198,100,0.47,0.47000000000000003,0.4724,0.4136519526496294
raw_qc_pass,target_locked,VisualCogB_Task-1,2,logistic_baseline_13_l2_10,baseline_13,10.0,0,0.0,0.48099313548925954,VisualCogA_Task-1,198,100,0.52,0.5185185185185186,0.49637681159420294,0.5182657567242072
raw_qc_pass,target_locked,VisualCogB_Task-1,2,logistic_baseline_13_l2_10,baseline_13,10.0,0,0.0,0.48099313548925954,VisualCogA_Task-2,200,98,0.45918367346938777,0.43446088794926,0.4025369978858351,0.4215391468983183
raw_qc_pass,target_locked,VisualCogB_Task-1,2,logistic_baseline_13_l2_10,baseline_13,10.0,0,0.0,0.48099313548925954,VisualCogB_Task-2,198,100,0.49,0.49,0.47719999999999996,0.4276736617663562
raw_qc_pass,target_locked,VisualCogB_Task-1,3,logistic_baseline_13_l2_100,baseline_13,100.0,0,0.0,0.5208115873939939,VisualCogA_Task-1,198,100,0.59,0.5785024154589372,0.5124798711755233,0.5746446726838883
raw_qc_pass,target_locked,VisualCogB_Task-1,3,logistic_baseline_13_l2_100,baseline_13,100.0,0,0.0,0.5208115873939939,VisualCogA_Task-2,200,98,0.5204081632653061,0.4839323467230444,0.4164904862579281,0.4502923976608187
raw_qc_pass,target_locked,VisualCogB_Task-1,3,logistic_baseline_13_l2_100,baseline_13,100.0,0,0.0,0.5208115873939939,VisualCogB_Task-2,198,100,0.5,0.5,0.5056,0.36580416032470825
raw_qc_pass,target_locked,VisualCogB_Task-1,4,logistic_erp_100ms_l2_0.1,erp_100ms,0.1,0,0.0,0.5233047245854796,VisualCogA_Task-1,198,100,0.56,0.5475040257648953,0.5487117552334945,0.5416666666666666
raw_qc_pass,target_locked,VisualCogB_Task-1,4,logistic_erp_100ms_l2_0.1,erp_100ms,0.1,0,0.0,0.5233047245854796,VisualCogA_Task-2,200,98,0.42857142857142855,0.4224101479915433,0.4875264270613107,0.4225589225589226
raw_qc_pass,target_locked,VisualCogB_Task-1,4,logistic_erp_100ms_l2_0.1,erp_100ms,0.1,0,0.0,0.5233047245854796,VisualCogB_Task-2,198,100,0.6,0.6000000000000001,0.6259999999999999,0.5974235104669887
raw_qc_pass,target_locked,VisualCogB_Task-1,5,logistic_erp_100ms_l2_10,erp_100ms,10.0,0,0.0,0.46519215296431343,VisualCogA_Task-1,198,100,0.47,0.4496779388083736,0.4669887278582931,0.4213342067911344
raw_qc_pass,target_locked,VisualCogB_Task-1,5,logistic_erp_100ms_l2_10,erp_100ms,10.0,0,0.0,0.46519215296431343,VisualCogA_Task-2,200,98,0.5,0.47589852008456657,0.4820295983086681,0.46519656977391693
raw_qc_pass,target_locked,VisualCogB_Task-1,5,logistic_erp_100ms_l2_10,erp_100ms,10.0,0,0.0,0.46519215296431343,VisualCogB_Task-2,198,100,0.47,0.47000000000000003,0.5276000000000001,0.4052294916395466
raw_qc_pass,target_locked,VisualCogB_Task-1,6,logistic_erp_100ms_l2_100,erp_100ms,100.0,0,0.0,0.4815015790984783,VisualCogA_Task-1,198,100,0.52,0.48148148148148145,0.4243156199677939,0.34210526315789475
raw_qc_pass,target_locked,VisualCogB_Task-1,6,logistic_erp_100ms_l2_100,erp_100ms,100.0,0,0.0,0.4815015790984783,VisualCogA_Task-2,200,98,0.5306122448979592,0.4930232558139535,0.4756871035940804,0.45739046701974
raw_qc_pass,target_locked,VisualCogB_Task-1,6,logistic_erp_100ms_l2_100,erp_100ms,100.0,0,0.0,0.4815015790984783,VisualCogB_Task-2,198,100,0.47,0.47000000000000003,0.49560000000000004,0.3497730339835603
raw_qc_pass,target_locked,VisualCogB_Task-1,7,logistic_erp_100ms_l2_1,erp_100ms,1.0,0,0.0,0.49423429894949944,VisualCogA_Task-1,198,100,0.54,0.5273752012882448,0.49919484702093403,0.5208333333333334
raw_qc_pass,target_locked,VisualCogB_Task-1,7,logistic_erp_100ms_l2_1,erp_100ms,1.0,0,0.0,0.49423429894949944,VisualCogA_Task-2,200,98,0.47959183673469385,0.46532769556025366,0.4748414376321353,0.46344605475040257
raw_qc_pass,target_locked,VisualCogB_Task-1,7,logistic_erp_100ms_l2_1,erp_100ms,1.0,0,0.0,0.49423429894949944,VisualCogB_Task-2,198,100,0.49,0.49,0.5668,0.4708994708994709
raw_qc_pass,target_locked,VisualCogB_Task-1,8,logistic_erp_50ms_l2_0.1,erp_50ms,0.1,0,0.0,0.5151385668844382,VisualCogA_Task-1,198,100,0.5,0.49194847020933974,0.5249597423510468,0.4900040799673603
raw_qc_pass,target_locked,VisualCogB_Task-1,8,logistic_erp_50ms_l2_0.1,erp_50ms,0.1,0,0.0,0.5151385668844382,VisualCogA_Task-2,200,98,0.5306122448979592,0.5234672304439746,0.5103594080338266,0.5234672304439746
raw_qc_pass,target_locked,VisualCogB_Task-1,8,logistic_erp_50ms_l2_0.1,erp_50ms,0.1,0,0.0,0.5151385668844382,VisualCogB_Task-2,198,100,0.53,0.53,0.57,0.52995299529953
raw_qc_pass,target_locked,VisualCogB_Task-1,9,logistic_erp_50ms_l2_10,erp_50ms,10.0,0,0.0,0.49551036712479246,VisualCogA_Task-1,198,100,0.52,0.5088566827697263,0.48027375201288247,0.5039272426622571
raw_qc_pass,target_locked,VisualCogB_Task-1,9,logistic_erp_50ms_l2_10,erp_50ms,10.0,0,0.0,0.49551036712479246,VisualCogA_Task-2,200,98,0.5102040816326531,0.4976744186046511,0.47695560253699787,0.496790757381258
raw_qc_pass,target_locked,VisualCogB_Task-1,9,logistic_erp_50ms_l2_10,erp_50ms,10.0,0,0.0,0.49551036712479246,VisualCogB_Task-2,198,100,0.48,0.48000000000000004,0.49279999999999996,0.4583333333333333
raw_qc_pass,target_locked,VisualCogB_Task-1,10,logistic_erp_50ms_l2_100,erp_50ms,100.0,0,0.0,0.4637501631300081,VisualCogA_Task-1,198,100,0.5,0.46296296296296297,0.4186795491143317,0.3333333333333333
raw_qc_pass,target_locked,VisualCogB_Task-1,10,logistic_erp_50ms_l2_100,erp_50ms,100.0,0,0.0,0.4637501631300081,VisualCogA_Task-2,200,98,0.5,0.46828752642706134,0.4659619450317125,0.4444058775888002
raw_qc_pass,target_locked,VisualCogB_Task-1,10,logistic_erp_50ms_l2_100,erp_50ms,100.0,0,0.0,0.4637501631300081,VisualCogB_Task-2,198,100,0.46,0.45999999999999996,0.4563999999999999,0.35714285714285715
raw_qc_pass,target_locked,VisualCogB_Task-1,11,logistic_erp_50ms_l2_1,erp_50ms,1.0,0,0.0,0.5271636145751414,VisualCogA_Task-1,198,100,0.54,0.533816425120773,0.5398550724637681,0.5332792207792207
raw_qc_pass,target_locked,VisualCogB_Task-1,11,logistic_erp_50ms_l2_1,erp_50ms,1.0,0,0.0,0.5271636145751414,VisualCogA_Task-2,200,98,0.5102040816326531,0.4976744186046511,0.49936575052854126,0.496790757381258
raw_qc_pass,target_locked,VisualCogB_Task-1,11,logistic_erp_50ms_l2_1,erp_50ms,1.0,0,0.0,0.5271636145751414,VisualCogB_Task-2,198,100,0.55,0.55,0.5324000000000001,0.5463252343986289
raw_qc_pass,target_locked,VisualCogB_Task-1,12,logistic_spatial_100ms_l2_0.1,spatial_100ms,0.1,0,0.0,0.5233047245854796,VisualCogA_Task-1,198,100,0.56,0.5475040257648953,0.5487117552334945,0.5416666666666666
raw_qc_pass,target_locked,VisualCogB_Task-1,12,logistic_spatial_100ms_l2_0.1,spatial_100ms,0.1,0,0.0,0.5233047245854796,VisualCogA_Task-2,200,98,0.42857142857142855,0.4224101479915433,0.4875264270613107,0.4225589225589226
raw_qc_pass,target_locked,VisualCogB_Task-1,12,logistic_spatial_100ms_l2_0.1,spatial_100ms,0.1,0,0.0,0.5233047245854796,VisualCogB_Task-2,198,100,0.6,0.6000000000000001,0.6259999999999999,0.5974235104669887
raw_qc_pass,target_locked,VisualCogB_Task-1,13,logistic_spatial_100ms_l2_10,spatial_100ms,10.0,0,0.0,0.46519215296431343,VisualCogA_Task-1,198,100,0.47,0.4496779388083736,0.4669887278582931,0.4213342067911344
raw_qc_pass,target_locked,VisualCogB_Task-1,13,logistic_spatial_100ms_l2_10,spatial_100ms,10.0,0,0.0,0.46519215296431343,VisualCogA_Task-2,200,98,0.5,0.47589852008456657,0.4820295983086681,0.46519656977391693
raw_qc_pass,target_locked,VisualCogB_Task-1,13,logistic_spatial_100ms_l2_10,spatial_100ms,10.0,0,0.0,0.46519215296431343,VisualCogB_Task-2,198,100,0.47,0.47000000000000003,0.5276000000000001,0.4052294916395466
raw_qc_pass,target_locked,VisualCogB_Task-1,14,logistic_spatial_100ms_l2_100,spatial_100ms,100.0,0,0.0,0.4815015790984783,VisualCogA_Task-1,198,100,0.52,0.48148148148148145,0.4243156199677939,0.34210526315789475
raw_qc_pass,target_locked,VisualCogB_Task-1,14,logistic_spatial_100ms_l2_100,spatial_100ms,100.0,0,0.0,0.4815015790984783,VisualCogA_Task-2,200,98,0.5306122448979592,0.4930232558139535,0.4756871035940804,0.45739046701974
raw_qc_pass,target_locked,VisualCogB_Task-1,14,logistic_spatial_100ms_l2_100,spatial_100ms,100.0,0,0.0,0.4815015790984783,VisualCogB_Task-2,198,100,0.47,0.47000000000000003,0.49560000000000004,0.3497730339835603
raw_qc_pass,target_locked,VisualCogB_Task-1,15,logistic_spatial_100ms_l2_1,spatial_100ms,1.0,0,0.0,0.49423429894949944,VisualCogA_Task-1,198,100,0.54,0.5273752012882448,0.49919484702093403,0.5208333333333334
raw_qc_pass,target_locked,VisualCogB_Task-1,15,logistic_spatial_100ms_l2_1,spatial_100ms,1.0,0,0.0,0.49423429894949944,VisualCogA_Task-2,200,98,0.47959183673469385,0.46532769556025366,0.4748414376321353,0.46344605475040257
raw_qc_pass,target_locked,VisualCogB_Task-1,15,logistic_spatial_100ms_l2_1,spatial_100ms,1.0,0,0.0,0.49423429894949944,VisualCogB_Task-2,198,100,0.49,0.49,0.5668,0.4708994708994709
raw_qc_pass,target_locked,VisualCogB_Task-1,16,logistic_wave64_l2_0.1,wave64,0.1,0,0.0,0.5338918677846888,VisualCogA_Task-1,198,100,0.52,0.5120772946859904,0.5410628019323672,0.5104039167686658
raw_qc_pass,target_locked,VisualCogB_Task-1,16,logistic_wave64_l2_0.1,wave64,0.1,0,0.0,0.5338918677846888,VisualCogA_Task-2,200,98,0.5204081632653061,0.5295983086680761,0.5408033826638478,0.5203582213891492
raw_qc_pass,target_locked,VisualCogB_Task-1,16,logistic_wave64_l2_0.1,wave64,0.1,0,0.0,0.5338918677846888,VisualCogB_Task-2,198,100,0.56,0.56,0.5808,0.5535714285714286
raw_qc_pass,target_locked,VisualCogB_Task-1,17,logistic_wave64_l2_10,wave64,10.0,0,0.0,0.473985535616813,VisualCogA_Task-1,198,100,0.44,0.428341384863124,0.48590982286634454,0.4212484497726333
raw_qc_pass,target_locked,VisualCogB_Task-1,17,logistic_wave64_l2_10,wave64,10.0,0,0.0,0.473985535616813,VisualCogA_Task-2,200,98,0.5306122448979592,0.5336152219873149,0.4849894291754757,0.5298289528577389
raw_qc_pass,target_locked,VisualCogB_Task-1,17,logistic_wave64_l2_10,wave64,10.0,0,0.0,0.473985535616813,VisualCogB_Task-2,198,100,0.46,0.45999999999999996,0.42999999999999994,0.44920440636474906
raw_qc_pass,target_locked,VisualCogB_Task-1,18,logistic_wave64_l2_100,wave64,100.0,0,0.0,0.4516441235180702,VisualCogA_Task-1,198,100,0.46,0.4355877616747182,0.4174718196457327,0.3894165535956581
raw_qc_pass,target_locked,VisualCogB_Task-1,18,logistic_wave64_l2_100,wave64,100.0,0,0.0,0.4516441235180702,VisualCogA_Task-2,200,98,0.4897959183673469,0.4693446088794926,0.4634249471458774,0.4627192982456141
raw_qc_pass,target_locked,VisualCogB_Task-1,18,logistic_wave64_l2_100,wave64,100.0,0,0.0,0.4516441235180702,VisualCogB_Task-2,198,100,0.45,0.45,0.4088,0.3915256112401814
raw_qc_pass,target_locked,VisualCogB_Task-1,19,logistic_wave64_l2_1,wave64,1.0,0,0.0,0.5038918677846888,VisualCogA_Task-1,198,100,0.52,0.5120772946859904,0.5301932367149759,0.5104039167686658
raw_qc_pass,target_locked,VisualCogB_Task-1,19,logistic_wave64_l2_1,wave64,1.0,0,0.0,0.5038918677846888,VisualCogA_Task-2,200,98,0.5204081632653061,0.5295983086680761,0.5112050739957716,0.5203582213891492
raw_qc_pass,target_locked,VisualCogB_Task-1,19,logistic_wave64_l2_1,wave64,1.0,0,0.0,0.5038918677846888,VisualCogB_Task-2,198,100,0.47,0.47000000000000003,0.48919999999999997,0.46567194273616297
raw_qc_pass,target_locked,VisualCogB_Task-1,20,csp_e1_shrink0.01_l2_0.1,csp,0.1,1,0.01,0.49553215561978625,VisualCogA_Task-1,198,100,0.45,0.4424315619967794,0.4557165861513687,0.4405452141186044
raw_qc_pass,target_locked,VisualCogB_Task-1,20,csp_e1_shrink0.01_l2_0.1,csp,0.1,1,0.01,0.49553215561978625,VisualCogA_Task-2,200,98,0.5714285714285714,0.5141649048625793,0.5200845665961944,0.4034782608695652
raw_qc_pass,target_locked,VisualCogB_Task-1,20,csp_e1_shrink0.01_l2_0.1,csp,0.1,1,0.01,0.49553215561978625,VisualCogB_Task-2,198,100,0.53,0.53,0.5167999999999999,0.4456893501592169
raw_qc_pass,target_locked,VisualCogB_Task-1,21,csp_e1_shrink0.01_l2_1,csp,1.0,1,0.01,0.4921988222864529,VisualCogA_Task-1,198,100,0.45,0.4424315619967794,0.4565217391304347,0.4405452141186044
raw_qc_pass,target_locked,VisualCogB_Task-1,21,csp_e1_shrink0.01_l2_1,csp,1.0,1,0.01,0.4921988222864529,VisualCogA_Task-2,200,98,0.5714285714285714,0.5141649048625793,0.5200845665961944,0.4034782608695652
raw_qc_pass,target_locked,VisualCogB_Task-1,21,csp_e1_shrink0.01_l2_1,csp,1.0,1,0.01,0.4921988222864529,VisualCogB_Task-2,198,100,0.52,0.52,0.5167999999999999,0.4285714285714286
raw_qc_pass,target_locked,VisualCogB_Task-1,22,csp_e1_shrink0.01_l2_10,csp,10.0,1,0.01,0.488081806720162,VisualCogA_Task-1,198,100,0.46,0.4500805152979066,0.4561191626409017,0.44581280788177335
raw_qc_pass,target_locked,VisualCogB_Task-1,22,csp_e1_shrink0.01_l2_10,csp,10.0,1,0.01,0.488081806720162,VisualCogA_Task-2,200,98,0.5714285714285714,0.5141649048625793,0.5200845665961944,0.4034782608695652
raw_qc_pass,target_locked,VisualCogB_Task-1,22,csp_e1_shrink0.01_l2_10,csp,10.0,1,0.01,0.488081806720162,VisualCogB_Task-2,198,100,0.5,0.5,0.5167999999999999,0.39290917921321034
raw_qc_pass,target_locked,VisualCogB_Task-1,23,csp_e1_shrink0.1_l2_0.1,csp,0.1,1,0.1,0.4971424615779183,VisualCogA_Task-1,198,100,0.45,0.4472624798711755,0.4738325281803542,0.4472917294744247
raw_qc_pass,target_locked,VisualCogB_Task-1,23,csp_e1_shrink0.1_l2_0.1,csp,0.1,1,0.1,0.4971424615779183,VisualCogA_Task-2,200,98,0.5714285714285714,0.5141649048625793,0.5251585623678646,0.4034782608695652
raw_qc_pass,target_locked,VisualCogB_Task-1,23,csp_e1_shrink0.1_l2_0.1,csp,0.1,1,0.1,0.4971424615779183,VisualCogB_Task-2,198,100,0.53,0.53,0.5156000000000001,0.4554512802687985
raw_qc_pass,target_locked,VisualCogB_Task-1,24,csp_e1_shrink0.1_l2_1,csp,1.0,1,0.1,0.4971424615779183,VisualCogA_Task-1,198,100,0.45,0.4472624798711755,0.4742351046698872,0.4472917294744247
raw_qc_pass,target_locked,VisualCogB_Task-1,24,csp_e1_shrink0.1_l2_1,csp,1.0,1,0.1,0.4971424615779183,VisualCogA_Task-2,200,98,0.5714285714285714,0.5141649048625793,0.5251585623678646,0.4034782608695652
raw_qc_pass,target_locked,VisualCogB_Task-1,24,csp_e1_shrink0.1_l2_1,csp,1.0,1,0.1,0.4971424615779183,VisualCogB_Task-2,198,100,0.53,0.53,0.5156000000000001,0.4456893501592169
raw_qc_pass,target_locked,VisualCogB_Task-1,25,csp_e1_shrink0.1_l2_10,csp,10.0,1,0.1,0.48714246157791824,VisualCogA_Task-1,198,100,0.45,0.4472624798711755,0.4730273752012882,0.4472917294744247
raw_qc_pass,target_locked,VisualCogB_Task-1,25,csp_e1_shrink0.1_l2_10,csp,10.0,1,0.1,0.48714246157791824,VisualCogA_Task-2,200,98,0.5714285714285714,0.5141649048625793,0.5251585623678646,0.4034782608695652
raw_qc_pass,target_locked,VisualCogB_Task-1,25,csp_e1_shrink0.1_l2_10,csp,10.0,1,0.1,0.48714246157791824,VisualCogB_Task-2,198,100,0.5,0.5,0.5156000000000001,0.39290917921321034
raw_qc_pass,target_locked,VisualCogB_Task-1,26,csp_e2_shrink0.01_l2_0.1,csp,0.1,2,0.01,0.52186358586426,VisualCogA_Task-1,198,100,0.56,0.5523349436392915,0.499597423510467,0.5512035903712771
raw_qc_pass,target_locked,VisualCogB_Task-1,26,csp_e2_shrink0.01_l2_0.1,csp,0.1,2,0.01,0.52186358586426,VisualCogA_Task-2,200,98,0.5816326530612245,0.5232558139534884,0.5230443974630021,0.4086828550404709
raw_qc_pass,target_locked,VisualCogB_Task-1,26,csp_e2_shrink0.01_l2_0.1,csp,0.1,2,0.01,0.52186358586426,VisualCogB_Task-2,198,100,0.49,0.49,0.53,0.3743099006256901
raw_qc_pass,target_locked,VisualCogB_Task-1,27,csp_e2_shrink0.01_l2_1,csp,1.0,2,0.01,0.5213268172115493,VisualCogA_Task-1,198,100,0.56,0.5507246376811594,0.49838969404186795,0.548440065681445
raw_qc_pass,target_locked,VisualCogB_Task-1,27,csp_e2_shrink0.01_l2_1,csp,1.0,2,0.01,0.5213268172115493,VisualCogA_Task-2,200,98,0.5816326530612245,0.5232558139534884,0.5230443974630021,0.4086828550404709
raw_qc_pass,target_locked,VisualCogB_Task-1,27,csp_e2_shrink0.01_l2_1,csp,1.0,2,0.01,0.5213268172115493,VisualCogB_Task-2,198,100,0.49,0.49,0.5307999999999999,0.3743099006256901
raw_qc_pass,target_locked,VisualCogB_Task-1,28,csp_e2_shrink0.01_l2_10,csp,10.0,2,0.01,0.5202532799061279,VisualCogA_Task-1,198,100,0.56,0.5475040257648953,0.49033816425120774,0.5416666666666666
raw_qc_pass,target_locked,VisualCogB_Task-1,28,csp_e2_shrink0.01_l2_10,csp,10.0,2,0.01,0.5202532799061279,VisualCogA_Task-2,200,98,0.5816326530612245,0.5232558139534884,0.5095137420718816,0.4086828550404709
raw_qc_pass,target_locked,VisualCogB_Task-1,28,csp_e2_shrink0.01_l2_10,csp,10.0,2,0.01,0.5202532799061279,VisualCogB_Task-2,198,100,0.49,0.49,0.5272,0.3743099006256901
raw_qc_pass,target_locked,VisualCogB_Task-1,29,csp_e2_shrink0.1_l2_0.1,csp,0.1,2,0.1,0.5137900973559889,VisualCogA_Task-1,198,100,0.55,0.5462962962962963,0.5269726247987118,0.5463252343986289
raw_qc_pass,target_locked,VisualCogB_Task-1,29,csp_e2_shrink0.1_l2_0.1,csp,0.1,2,0.1,0.5137900973559889,VisualCogA_Task-2,200,98,0.5612244897959183,0.5050739957716702,0.5298097251585624,0.3982578894759389
raw_qc_pass,target_locked,VisualCogB_Task-1,29,csp_e2_shrink0.1_l2_0.1,csp,0.1,2,0.1,0.5137900973559889,VisualCogB_Task-2,198,100,0.49,0.49,0.5212,0.3743099006256901
raw_qc_pass,target_locked,VisualCogB_Task-1,30,csp_e2_shrink0.1_l2_1,csp,1.0,2,0.1,0.5107036776029024,VisualCogA_Task-1,198,100,0.54,0.537037037037037,0.5277777777777778,0.537037037037037
raw_qc_pass,target_locked,VisualCogB_Task-1,30,csp_e2_shrink0.1_l2_1,csp,1.0,2,0.1,0.5107036776029024,VisualCogA_Task-2,200,98,0.5612244897959183,0.5050739957716702,0.5238900634249471,0.3982578894759389
raw_qc_pass,target_locked,VisualCogB_Task-1,30,csp_e2_shrink0.1_l2_1,csp,1.0,2,0.1,0.5107036776029024,VisualCogB_Task-2,198,100,0.49,0.49,0.5212,0.3743099006256901
raw_qc_pass,target_locked,VisualCogB_Task-1,31,csp_e2_shrink0.1_l2_10,csp,10.0,2,0.1,0.5194261682094511,VisualCogA_Task-1,198,100,0.57,0.5632045088566828,0.5221417069243156,0.562608076492727
raw_qc_pass,target_locked,VisualCogB_Task-1,31,csp_e2_shrink0.1_l2_10,csp,10.0,2,0.1,0.5194261682094511,VisualCogA_Task-2,200,98,0.5612244897959183,0.5050739957716702,0.5230443974630021,0.3982578894759389
raw_qc_pass,target_locked,VisualCogB_Task-1,31,csp_e2_shrink0.1_l2_10,csp,10.0,2,0.1,0.5194261682094511,VisualCogB_Task-2,198,100,0.49,0.49,0.5236,0.3743099006256901
raw_qc_pass,target_locked,VisualCogB_Task-2,0,baseline_logistic_l2_1,baseline_13,1.0,0,0.0,0.4857326241045274,VisualCogA_Task-1,196,100,0.44,0.43478260869565216,0.4380032206119162,0.43434343434343436
raw_qc_pass,target_locked,VisualCogB_Task-2,0,baseline_logistic_l2_1,baseline_13,1.0,0,0.0,0.4857326241045274,VisualCogA_Task-2,198,98,0.5204081632653061,0.4915433403805497,0.47399577167019025,0.4743809197763323
raw_qc_pass,target_locked,VisualCogB_Task-2,0,baseline_logistic_l2_1,baseline_13,1.0,0,0.0,0.4857326241045274,VisualCogB_Task-1,198,98,0.5204081632653061,0.5308719232373801,0.574468085106383,0.4924517906336088
raw_qc_pass,target_locked,VisualCogB_Task-2,1,logistic_baseline_13_l2_0.1,baseline_13,0.1,0,0.0,0.4820108333423132,VisualCogA_Task-1,196,100,0.46,0.4565217391304348,0.4331723027375201,0.4565217391304348
raw_qc_pass,target_locked,VisualCogB_Task-2,1,logistic_baseline_13_l2_0.1,baseline_13,0.1,0,0.0,0.4820108333423132,VisualCogA_Task-2,198,98,0.5102040816326531,0.4799154334038055,0.4731501057082453,0.4595588235294118
raw_qc_pass,target_locked,VisualCogB_Task-2,1,logistic_baseline_13_l2_0.1,baseline_13,0.1,0,0.0,0.4820108333423132,VisualCogB_Task-1,198,98,0.5,0.5095953274926992,0.5753024614100959,0.47593582887700536
raw_qc_pass,target_locked,VisualCogB_Task-2,2,logistic_baseline_13_l2_10,baseline_13,10.0,0,0.0,0.517868937081021,VisualCogA_Task-1,196,100,0.48,0.47342995169082125,0.4444444444444444,0.4724025974025974
raw_qc_pass,target_locked,VisualCogB_Task-2,2,logistic_baseline_13_l2_10,baseline_13,10.0,0,0.0,0.517868937081021,VisualCogA_Task-2,198,98,0.5714285714285714,0.5369978858350952,0.493446088794926,0.5127840909090908
raw_qc_pass,target_locked,VisualCogB_Task-2,2,logistic_baseline_13_l2_10,baseline_13,10.0,0,0.0,0.517868937081021,VisualCogB_Task-1,198,98,0.5306122448979592,0.5431789737171464,0.57363370880267,0.4888888888888889
raw_qc_pass,target_locked,VisualCogB_Task-2,3,logistic_baseline_13_l2_100,baseline_13,100.0,0,0.0,0.48592071533847,VisualCogA_Task-1,196,100,0.44,0.428341384863124,0.4553140096618358,0.4212484497726333
raw_qc_pass,target_locked,VisualCogB_Task-2,3,logistic_baseline_13_l2_100,baseline_13,100.0,0,0.0,0.48592071533847,VisualCogA_Task-2,198,98,0.5714285714285714,0.5319238900634249,0.47864693446088796,0.49558823529411766
raw_qc_pass,target_locked,VisualCogB_Task-2,3,logistic_baseline_13_l2_100,baseline_13,100.0,0,0.0,0.48592071533847,VisualCogB_Task-1,198,98,0.47959183673469385,0.4974968710888611,0.5602836879432624,0.36917834153729645
raw_qc_pass,target_locked,VisualCogB_Task-2,4,logistic_erp_100ms_l2_0.1,erp_100ms,0.1,0,0.0,0.468912384680515,VisualCogA_Task-1,196,100,0.43,0.428743961352657,0.4339774557165862,0.4285714285714286
raw_qc_pass,target_locked,VisualCogB_Task-2,4,logistic_erp_100ms_l2_0.1,erp_100ms,0.1,0,0.0,0.468912384680515,VisualCogA_Task-2,198,98,0.4897959183673469,0.49217758985200843,0.4642706131078224,0.4889445139758031
raw_qc_pass,target_locked,VisualCogB_Task-2,4,logistic_erp_100ms_l2_0.1,erp_100ms,0.1,0,0.0,0.468912384680515,VisualCogB_Task-1,198,98,0.47959183673469385,0.4858156028368794,0.47309136420525655,0.4702702702702703
raw_qc_pass,target_locked,VisualCogB_Task-2,5,logistic_erp_100ms_l2_10,erp_100ms,10.0,0,0.0,0.45147935775371567,VisualCogA_Task-1,196,100,0.38,0.3663446054750403,0.3860708534621578,0.3541666666666667
raw_qc_pass,target_locked,VisualCogB_Task-2,5,logistic_erp_100ms_l2_10,erp_100ms,10.0,0,0.0,0.45147935775371567,VisualCogA_Task-2,198,98,0.5204081632653061,0.5143763213530655,0.4520084566596194,0.514288727196035
raw_qc_pass,target_locked,VisualCogB_Task-2,5,logistic_erp_100ms_l2_10,erp_100ms,10.0,0,0.0,0.45147935775371567,VisualCogB_Task-1,198,98,0.45918367346938777,0.4737171464330413,0.4543178973717147,0.39001761597181445
raw_qc_pass,target_locked,VisualCogB_Task-2,6,logistic_erp_100ms_l2_100,erp_100ms,100.0,0,0.0,0.4754829998587045,VisualCogA_Task-1,196,100,0.49,0.4553140096618357,0.3752012882447665,0.3453985367731998
raw_qc_pass,target_locked,VisualCogB_Task-2,6,logistic_erp_100ms_l2_100,erp_100ms,100.0,0,0.0,0.4754829998587045,VisualCogA_Task-2,198,98,0.5204081632653061,0.49408033826638476,0.46553911205073994,0.48101408450704225
raw_qc_pass,target_locked,VisualCogB_Task-2,6,logistic_erp_100ms_l2_100,erp_100ms,100.0,0,0.0,0.4754829998587045,VisualCogB_Task-1,198,98,0.45918367346938777,0.4770546516478932,0.4751773049645391,0.34444023728385714
raw_qc_pass,target_locked,VisualCogB_Task-2,7,logistic_erp_100ms_l2_1,erp_100ms,1.0,0,0.0,0.4656604970391626,VisualCogA_Task-1,196,100,0.4,0.3977455716586151,0.4255233494363929,0.397832195905259
raw_qc_pass,target_locked,VisualCogB_Task-2,7,logistic_erp_100ms_l2_1,erp_100ms,1.0,0,0.0,0.4656604970391626,VisualCogA_Task-2,198,98,0.4897959183673469,0.4896405919661734,0.454122621564482,0.487876254180602
raw_qc_pass,target_locked,VisualCogB_Task-2,7,logistic_erp_100ms_l2_1,erp_100ms,1.0,0,0.0,0.4656604970391626,VisualCogB_Task-1,198,98,0.5,0.5095953274926992,0.48435544430538174,0.47593582887700536
raw_qc_pass,target_locked,VisualCogB_Task-2,8,logistic_erp_50ms_l2_0.1,erp_50ms,0.1,0,0.0,0.4631406914956287,VisualCogA_Task-1,196,100,0.47,0.47061191626409016,0.4545088566827697,0.46952257031328193
raw_qc_pass,target_locked,VisualCogB_Task-2,8,logistic_erp_50ms_l2_0.1,erp_50ms,0.1,0,0.0,0.4631406914956287,VisualCogA_Task-2,198,98,0.3979591836734694,0.40274841437632136,0.38520084566596197,0.39789649067999583
raw_qc_pass,target_locked,VisualCogB_Task-2,8,logistic_erp_50ms_l2_0.1,erp_50ms,0.1,0,0.0,0.4631406914956287,VisualCogB_Task-1,198,98,0.5102040816326531,0.5160617438464747,0.4509803921568627,0.5027484143763213
raw_qc_pass,target_locked,VisualCogB_Task-2,9,logistic_erp_50ms_l2_10,erp_50ms,10.0,0,0.0,0.4477367228521034,VisualCogA_Task-1,196,100,0.46,0.4468599033816425,0.4182769726247987,0.4375
raw_qc_pass,target_locked,VisualCogB_Task-2,9,logistic_erp_50ms_l2_10,erp_50ms,10.0,0,0.0,0.4477367228521034,VisualCogA_Task-2,198,98,0.4387755102040816,0.43911205073995774,0.43594080338266383,0.43731078400668133
raw_qc_pass,target_locked,VisualCogB_Task-2,9,logistic_erp_50ms_l2_10,erp_50ms,10.0,0,0.0,0.4477367228521034,VisualCogB_Task-1,198,98,0.4489795918367347,0.45723821443471,0.4351272423863162,0.42974137931034484
raw_qc_pass,target_locked,VisualCogB_Task-2,10,logistic_erp_50ms_l2_100,erp_50ms,100.0,0,0.0,0.47730074703754316,VisualCogA_Task-1,196,100,0.51,0.48027375201288247,0.3884863123993559,0.4109868974636375
raw_qc_pass,target_locked,VisualCogB_Task-2,10,logistic_erp_50ms_l2_100,erp_50ms,100.0,0,0.0,0.47730074703754316,VisualCogA_Task-2,198,98,0.5,0.48604651162790696,0.4659619450317125,0.4844873859366613
raw_qc_pass,target_locked,VisualCogB_Task-2,10,logistic_erp_50ms_l2_100,erp_50ms,100.0,0,0.0,0.47730074703754316,VisualCogB_Task-1,198,98,0.4489795918367347,0.4655819774718398,0.42553191489361697,0.3514705882352941
raw_qc_pass,target_locked,VisualCogB_Task-2,11,logistic_erp_50ms_l2_1,erp_50ms,1.0,0,0.0,0.44474365355153306,VisualCogA_Task-1,196,100,0.41,0.4102254428341385,0.45491143317230276,0.40946852166950254
raw_qc_pass,target_locked,VisualCogB_Task-2,11,logistic_erp_50ms_l2_1,erp_50ms,1.0,0,0.0,0.44474365355153306,VisualCogA_Task-2,198,98,0.40816326530612246,0.4169133192389006,0.41522198731501053,0.40791666666666665
raw_qc_pass,target_locked,VisualCogB_Task-2,11,logistic_erp_50ms_l2_1,erp_50ms,1.0,0,0.0,0.44474365355153306,VisualCogB_Task-1,198,98,0.5,0.5070921985815603,0.45515227367542765,0.4880051178163983
raw_qc_pass,target_locked,VisualCogB_Task-2,12,logistic_spatial_100ms_l2_0.1,spatial_100ms,0.1,0,0.0,0.468912384680515,VisualCogA_Task-1,196,100,0.43,0.428743961352657,0.4339774557165862,0.4285714285714286
raw_qc_pass,target_locked,VisualCogB_Task-2,12,logistic_spatial_100ms_l2_0.1,spatial_100ms,0.1,0,0.0,0.468912384680515,VisualCogA_Task-2,198,98,0.4897959183673469,0.49217758985200843,0.4642706131078224,0.4889445139758031
raw_qc_pass,target_locked,VisualCogB_Task-2,12,logistic_spatial_100ms_l2_0.1,spatial_100ms,0.1,0,0.0,0.468912384680515,VisualCogB_Task-1,198,98,0.47959183673469385,0.4858156028368794,0.47309136420525655,0.4702702702702703
raw_qc_pass,target_locked,VisualCogB_Task-2,13,logistic_spatial_100ms_l2_10,spatial_100ms,10.0,0,0.0,0.45147935775371567,VisualCogA_Task-1,196,100,0.38,0.3663446054750403,0.3860708534621578,0.3541666666666667
raw_qc_pass,target_locked,VisualCogB_Task-2,13,logistic_spatial_100ms_l2_10,spatial_100ms,10.0,0,0.0,0.45147935775371567,VisualCogA_Task-2,198,98,0.5204081632653061,0.5143763213530655,0.4520084566596194,0.514288727196035
raw_qc_pass,target_locked,VisualCogB_Task-2,13,logistic_spatial_100ms_l2_10,spatial_100ms,10.0,0,0.0,0.45147935775371567,VisualCogB_Task-1,198,98,0.45918367346938777,0.4737171464330413,0.4543178973717147,0.39001761597181445
raw_qc_pass,target_locked,VisualCogB_Task-2,14,logistic_spatial_100ms_l2_100,spatial_100ms,100.0,0,0.0,0.4754829998587045,VisualCogA_Task-1,196,100,0.49,0.4553140096618357,0.3752012882447665,0.3453985367731998
raw_qc_pass,target_locked,VisualCogB_Task-2,14,logistic_spatial_100ms_l2_100,spatial_100ms,100.0,0,0.0,0.4754829998587045,VisualCogA_Task-2,198,98,0.5204081632653061,0.49408033826638476,0.46553911205073994,0.48101408450704225
raw_qc_pass,target_locked,VisualCogB_Task-2,14,logistic_spatial_100ms_l2_100,spatial_100ms,100.0,0,0.0,0.4754829998587045,VisualCogB_Task-1,198,98,0.45918367346938777,0.4770546516478932,0.4751773049645391,0.34444023728385714
raw_qc_pass,target_locked,VisualCogB_Task-2,15,logistic_spatial_100ms_l2_1,spatial_100ms,1.0,0,0.0,0.4656604970391626,VisualCogA_Task-1,196,100,0.4,0.3977455716586151,0.4255233494363929,0.397832195905259
raw_qc_pass,target_locked,VisualCogB_Task-2,15,logistic_spatial_100ms_l2_1,spatial_100ms,1.0,0,0.0,0.4656604970391626,VisualCogA_Task-2,198,98,0.4897959183673469,0.4896405919661734,0.454122621564482,0.487876254180602
raw_qc_pass,target_locked,VisualCogB_Task-2,15,logistic_spatial_100ms_l2_1,spatial_100ms,1.0,0,0.0,0.4656604970391626,VisualCogB_Task-1,198,98,0.5,0.5095953274926992,0.48435544430538174,0.47593582887700536
raw_qc_pass,target_locked,VisualCogB_Task-2,16,logistic_wave64_l2_0.1,wave64,0.1,0,0.0,0.4419344995271341,VisualCogA_Task-1,196,100,0.42,0.4162640901771336,0.45450885668276975,0.4162640901771336
raw_qc_pass,target_locked,VisualCogB_Task-2,16,logistic_wave64_l2_0.1,wave64,0.1,0,0.0,0.4419344995271341,VisualCogA_Task-2,198,98,0.40816326530612246,0.427061310782241,0.3830866807610994,0.4019360269360269
raw_qc_pass,target_locked,VisualCogB_Task-2,16,logistic_wave64_l2_0.1,wave64,0.1,0,0.0,0.4419344995271341,VisualCogB_Task-1,198,98,0.47959183673469385,0.48247809762202754,0.4643304130162703,0.47823363607892266
raw_qc_pass,target_locked,VisualCogB_Task-2,17,logistic_wave64_l2_10,wave64,10.0,0,0.0,0.4799074174595607,VisualCogA_Task-1,196,100,0.51,0.5028180354267311,0.501207729468599,0.5015766453056658
raw_qc_pass,target_locked,VisualCogB_Task-2,17,logistic_wave64_l2_10,wave64,10.0,0,0.0,0.4799074174595607,VisualCogA_Task-2,198,98,0.3877551020408163,0.39873150105708244,0.4266384778012685,0.38673341677096373
raw_qc_pass,target_locked,VisualCogB_Task-2,17,logistic_wave64_l2_10,wave64,10.0,0,0.0,0.4799074174595607,VisualCogB_Task-1,198,98,0.5306122448979592,0.5381727158948686,0.4972882770129329,0.517757809157039
raw_qc_pass,target_locked,VisualCogB_Task-2,18,logistic_wave64_l2_100,wave64,100.0,0,0.0,0.4756471911128495,VisualCogA_Task-1,196,100,0.48,0.462157809983897,0.4782608695652174,0.4422994422994423
raw_qc_pass,target_locked,VisualCogB_Task-2,18,logistic_wave64_l2_100,wave64,100.0,0,0.0,0.4756471911128495,VisualCogA_Task-2,198,98,0.46938775510204084,0.4714587737843552,0.4562367864693447,0.46850229453483516
raw_qc_pass,target_locked,VisualCogB_Task-2,18,logistic_wave64_l2_100,wave64,100.0,0,0.0,0.4756471911128495,VisualCogB_Task-1,198,98,0.47959183673469385,0.4933249895702962,0.4576554025865666,0.4217285664699757
raw_qc_pass,target_locked,VisualCogB_Task-2,19,logistic_wave64_l2_1,wave64,1.0,0,0.0,0.45919305033079705,VisualCogA_Task-1,196,100,0.45,0.44565217391304346,0.4903381642512077,0.44550861982054646
raw_qc_pass,target_locked,VisualCogB_Task-2,19,logistic_wave64_l2_1,wave64,1.0,0,0.0,0.45919305033079705,VisualCogA_Task-2,198,98,0.42857142857142855,0.44778012684989427,0.41141649048625795,0.4225589225589226
raw_qc_pass,target_locked,VisualCogB_Task-2,19,logistic_wave64_l2_1,wave64,1.0,0,0.0,0.45919305033079705,VisualCogB_Task-1,198,98,0.47959183673469385,0.4841468502294535,0.49061326658322907,0.47516538905806993
raw_qc_pass,target_locked,VisualCogB_Task-2,20,csp_e1_shrink0.01_l2_0.1,csp,0.1,1,0.01,0.47832961393719214,VisualCogA_Task-1,196,100,0.48,0.47342995169082125,0.5040257648953301,0.4724025974025974
raw_qc_pass,target_locked,VisualCogB_Task-2,20,csp_e1_shrink0.01_l2_0.1,csp,0.1,1,0.01,0.47832961393719214,VisualCogA_Task-2,198,98,0.4897959183673469,0.4642706131078224,0.5234672304439747,0.45116487455197135
raw_qc_pass,target_locked,VisualCogB_Task-2,20,csp_e1_shrink0.01_l2_0.1,csp,0.1,1,0.01,0.47832961393719214,VisualCogB_Task-1,198,98,0.4897959183673469,0.4972882770129328,0.4451397580308719,0.4758237056054771
raw_qc_pass,target_locked,VisualCogB_Task-2,21,csp_e1_shrink0.01_l2_1,csp,1.0,1,0.01,0.47814805983406944,VisualCogA_Task-1,196,100,0.49,0.48268921095008055,0.5028180354267311,0.4812328349099786
raw_qc_pass,target_locked,VisualCogB_Task-2,21,csp_e1_shrink0.01_l2_1,csp,1.0,1,0.01,0.47814805983406944,VisualCogA_Task-2,198,98,0.4897959183673469,0.4642706131078224,0.5226215644820296,0.45116487455197135
raw_qc_pass,target_locked,VisualCogB_Task-2,21,csp_e1_shrink0.01_l2_1,csp,1.0,1,0.01,0.47814805983406944,VisualCogB_Task-1,198,98,0.47959183673469385,0.48748435544430535,0.4451397580308719,0.46344605475040257
raw_qc_pass,target_locked,VisualCogB_Task-2,22,csp_e1_shrink0.01_l2_10,csp,10.0,1,0.01,0.47181314844120514,VisualCogA_Task-1,196,100,0.48,0.4718196457326892,0.4963768115942029,0.46960424316605465
raw_qc_pass,target_locked,VisualCogB_Task-2,22,csp_e1_shrink0.01_l2_10,csp,10.0,1,0.01,0.47181314844120514,VisualCogA_Task-2,198,98,0.4897959183673469,0.4642706131078224,0.5095137420718816,0.45116487455197135
raw_qc_pass,target_locked,VisualCogB_Task-2,22,csp_e1_shrink0.01_l2_10,csp,10.0,1,0.01,0.47181314844120514,VisualCogB_Task-1,198,98,0.46938775510204084,0.4793491864831039,0.4451397580308719,0.4412280701754386
raw_qc_pass,target_locked,VisualCogB_Task-2,23,csp_e1_shrink0.1_l2_0.1,csp,0.1,1,0.1,0.4853173475306467,VisualCogA_Task-1,196,100,0.5,0.4935587761674718,0.5128824476650563,0.49269480519480524
raw_qc_pass,target_locked,VisualCogB_Task-2,23,csp_e1_shrink0.1_l2_0.1,csp,0.1,1,0.1,0.4853173475306467,VisualCogA_Task-2,198,98,0.4897959183673469,0.4642706131078224,0.5234672304439747,0.45116487455197135
raw_qc_pass,target_locked,VisualCogB_Task-2,23,csp_e1_shrink0.1_l2_0.1,csp,0.1,1,0.1,0.4853173475306467,VisualCogB_Task-1,198,98,0.4897959183673469,0.49812265331664585,0.4438881935753025,0.47198275862068967
raw_qc_pass,target_locked,VisualCogB_Task-2,24,csp_e1_shrink0.1_l2_1,csp,1.0,1,0.1,0.4853173475306467,VisualCogA_Task-1,196,100,0.5,0.4935587761674718,0.5112721417069244,0.49269480519480524
raw_qc_pass,target_locked,VisualCogB_Task-2,24,csp_e1_shrink0.1_l2_1,csp,1.0,1,0.1,0.4853173475306467,VisualCogA_Task-2,198,98,0.4897959183673469,0.4642706131078224,0.520507399577167,0.45116487455197135
raw_qc_pass,target_locked,VisualCogB_Task-2,24,csp_e1_shrink0.1_l2_1,csp,1.0,1,0.1,0.4853173475306467,VisualCogB_Task-1,198,98,0.4897959183673469,0.49812265331664585,0.4438881935753025,0.47198275862068967
raw_qc_pass,target_locked,VisualCogB_Task-2,25,csp_e1_shrink0.1_l2_10,csp,10.0,1,0.1,0.4756740076729084,VisualCogA_Task-1,196,100,0.49,0.48268921095008055,0.5048309178743962,0.4812328349099786
raw_qc_pass,target_locked,VisualCogB_Task-2,25,csp_e1_shrink0.1_l2_10,csp,10.0,1,0.1,0.4756740076729084,VisualCogA_Task-2,198,98,0.47959183673469385,0.4551797040169133,0.506553911205074,0.4433678583361176
raw_qc_pass,target_locked,VisualCogB_Task-2,25,csp_e1_shrink0.1_l2_10,csp,10.0,1,0.1,0.4756740076729084,VisualCogB_Task-1,198,98,0.47959183673469385,0.48915310805173134,0.4438881935753025,0.45454545454545453
raw_qc_pass,target_locked,VisualCogB_Task-2,26,csp_e2_shrink0.01_l2_0.1,csp,0.1,2,0.01,0.48518604751861866,VisualCogA_Task-1,196,100,0.51,0.499597423510467,0.49033816425120774,0.49541756770672435
raw_qc_pass,target_locked,VisualCogB_Task-2,26,csp_e2_shrink0.01_l2_0.1,csp,0.1,2,0.01,0.48518604751861866,VisualCogA_Task-2,198,98,0.4897959183673469,0.46680761099365753,0.48287526427061317,0.4572441293752769
raw_qc_pass,target_locked,VisualCogB_Task-2,26,csp_e2_shrink0.01_l2_0.1,csp,0.1,2,0.01,0.48518604751861866,VisualCogB_Task-1,198,98,0.47959183673469385,0.48915310805173134,0.4488944513975803,0.45454545454545453
raw_qc_pass,target_locked,VisualCogB_Task-2,27,csp_e2_shrink0.01_l2_1,csp,1.0,2,0.01,0.48215574448831555,VisualCogA_Task-1,196,100,0.51,0.499597423510467,0.48792270531400966,0.49541756770672435
raw_qc_pass,target_locked,VisualCogB_Task-2,27,csp_e2_shrink0.01_l2_1,csp,1.0,2,0.01,0.48215574448831555,VisualCogA_Task-2,198,98,0.47959183673469385,0.4577167019027484,0.4845665961945032,0.4492561983471074
raw_qc_pass,target_locked,VisualCogB_Task-2,27,csp_e2_shrink0.01_l2_1,csp,1.0,2,0.01,0.48215574448831555,VisualCogB_Task-1,198,98,0.47959183673469385,0.48915310805173134,0.45056320400500627,0.45454545454545453
raw_qc_pass,target_locked,VisualCogB_Task-2,28,csp_e2_shrink0.01_l2_10,csp,10.0,2,0.01,0.4908548045232846,VisualCogA_Task-1,196,100,0.49,0.4778582930756844,0.4782608695652174,0.4708994708994709
raw_qc_pass,target_locked,VisualCogB_Task-2,28,csp_e2_shrink0.01_l2_10,csp,10.0,2,0.01,0.4908548045232846,VisualCogA_Task-2,198,98,0.5204081632653061,0.49408033826638476,0.4913319238900635,0.48101408450704225
raw_qc_pass,target_locked,VisualCogB_Task-2,28,csp_e2_shrink0.01_l2_10,csp,10.0,2,0.01,0.4908548045232846,VisualCogB_Task-1,198,98,0.4897959183673469,0.5006257822277848,0.4493116395494368,0.4572441293752769
raw_qc_pass,target_locked,VisualCogB_Task-2,29,csp_e2_shrink0.1_l2_0.1,csp,0.1,2,0.1,0.48269251314102624,VisualCogA_Task-1,196,100,0.51,0.501207729468599,0.4907407407407407,0.4987212276214834
raw_qc_pass,target_locked,VisualCogB_Task-2,29,csp_e2_shrink0.1_l2_0.1,csp,0.1,2,0.1,0.48269251314102624,VisualCogA_Task-2,198,98,0.47959183673469385,0.4577167019027484,0.4849894291754757,0.4492561983471074
raw_qc_pass,target_locked,VisualCogB_Task-2,29,csp_e2_shrink0.1_l2_0.1,csp,0.1,2,0.1,0.48269251314102624,VisualCogB_Task-1,198,98,0.47959183673469385,0.48915310805173134,0.4459741343345849,0.45454545454545453
raw_qc_pass,target_locked,VisualCogB_Task-2,30,csp_e2_shrink0.1_l2_1,csp,1.0,2,0.1,0.48269251314102624,VisualCogA_Task-1,196,100,0.51,0.501207729468599,0.49315619967793883,0.4987212276214834
raw_qc_pass,target_locked,VisualCogB_Task-2,30,csp_e2_shrink0.1_l2_1,csp,1.0,2,0.1,0.48269251314102624,VisualCogA_Task-2,198,98,0.47959183673469385,0.4577167019027484,0.48625792811839325,0.4492561983471074
raw_qc_pass,target_locked,VisualCogB_Task-2,30,csp_e2_shrink0.1_l2_1,csp,1.0,2,0.1,0.48269251314102624,VisualCogB_Task-1,198,98,0.47959183673469385,0.48915310805173134,0.4459741343345849,0.45454545454545453
raw_qc_pass,target_locked,VisualCogB_Task-2,31,csp_e2_shrink0.1_l2_10,csp,10.0,2,0.1,0.48812359931978616,VisualCogA_Task-1,196,100,0.49,0.47946859903381644,0.4826892109500805,0.47482236638863146
raw_qc_pass,target_locked,VisualCogB_Task-2,31,csp_e2_shrink0.1_l2_10,csp,10.0,2,0.1,0.48812359931978616,VisualCogA_Task-2,198,98,0.5204081632653061,0.49408033826638476,0.4896405919661734,0.48101408450704225
raw_qc_pass,target_locked,VisualCogB_Task-2,31,csp_e2_shrink0.1_l2_10,csp,10.0,2,0.1,0.48812359931978616,VisualCogB_Task-1,198,98,0.47959183673469385,0.4908218606591573,0.44806007509386736,0.4433678583361176
q1_quality_matched,target_locked,VisualCogA_Task-1,0,baseline_logistic_l2_1,baseline_13,1.0,0,0.0,0.5399714316050107,VisualCogA_Task-2,163,80,0.5125,0.5063492063492063,0.5307936507936508,0.5062509890805508
q1_quality_matched,target_locked,VisualCogA_Task-1,0,baseline_logistic_l2_1,baseline_13,1.0,0,0.0,0.5399714316050107,VisualCogB_Task-1,160,83,0.6265060240963856,0.6245644599303136,0.6207897793263646,0.61556850440759
q1_quality_matched,target_locked,VisualCogA_Task-1,0,baseline_logistic_l2_1,baseline_13,1.0,0,0.0,0.5399714316050107,VisualCogB_Task-2,163,80,0.475,0.48900062853551224,0.4846008799497171,0.4629156010230179
q1_quality_matched,target_locked,VisualCogA_Task-1,1,logistic_baseline_13_l2_0.1,baseline_13,0.1,0,0.0,0.5370613786949577,VisualCogA_Task-2,163,80,0.5125,0.5095238095238095,0.5314285714285714,0.5087387812942843
q1_quality_matched,target_locked,VisualCogA_Task-1,1,logistic_baseline_13_l2_0.1,baseline_13,0.1,0,0.0,0.5370613786949577,VisualCogB_Task-1,160,83,0.6144578313253012,0.6126596980255516,0.624274099883856,0.6047619047619047
q1_quality_matched,target_locked,VisualCogA_Task-1,1,logistic_baseline_13_l2_0.1,baseline_13,0.1,0,0.0,0.5370613786949577,VisualCogB_Task-2,163,80,0.475,0.48900062853551224,0.48648648648648646,0.4629156010230179
q1_quality_matched,target_locked,VisualCogA_Task-1,2,logistic_baseline_13_l2_10,baseline_13,10.0,0,0.0,0.5188100587419929,VisualCogA_Task-2,163,80,0.5,0.4888888888888889,0.5238095238095237,0.48849104859335035
q1_quality_matched,target_locked,VisualCogA_Task-1,2,logistic_baseline_13_l2_10,baseline_13,10.0,0,0.0,0.5188100587419929,VisualCogB_Task-1,160,83,0.5783132530120482,0.5766550522648084,0.6416957026713124,0.5693106004447739
q1_quality_matched,target_locked,VisualCogA_Task-1,2,logistic_baseline_13_l2_10,baseline_13,10.0,0,0.0,0.5188100587419929,VisualCogB_Task-2,163,80,0.475,0.4908862350722816,0.4739157762413576,0.4584139264990329
q1_quality_matched,target_locked,VisualCogA_Task-1,3,logistic_baseline_13_l2_100,baseline_13,100.0,0,0.0,0.5324656233901838,VisualCogA_Task-2,163,80,0.4625,0.46190476190476193,0.49650793650793645,0.46039215686274515
q1_quality_matched,target_locked,VisualCogA_Task-1,3,logistic_baseline_13_l2_100,baseline_13,100.0,0,0.0,0.5324656233901838,VisualCogB_Task-1,160,83,0.6265060240963856,0.6254355400696865,0.6364692218350755,0.623003663003663
q1_quality_matched,target_locked,VisualCogA_Task-1,3,logistic_baseline_13_l2_100,baseline_13,100.0,0,0.0,0.5324656233901838,VisualCogB_Task-2,163,80,0.4875,0.5100565681961031,0.47894406033940917,0.44957207585165293
q1_quality_matched,target_locked,VisualCogA_Task-1,4,logistic_erp_100ms_l2_0.1,erp_100ms,0.1,0,0.0,0.5402452488952773,VisualCogA_Task-2,163,80,0.525,0.5269841269841269,0.6171428571428571,0.5238095238095238
q1_quality_matched,target_locked,VisualCogA_Task-1,4,logistic_erp_100ms_l2_0.1,erp_100ms,0.1,0,0.0,0.5402452488952773,VisualCogB_Task-1,160,83,0.5542168674698795,0.5560394889663183,0.5685249709639953,0.5446997776130467
q1_quality_matched,target_locked,VisualCogA_Task-1,4,logistic_erp_100ms_l2_0.1,erp_100ms,0.1,0,0.0,0.5402452488952773,VisualCogB_Task-2,163,80,0.5375,0.5377121307353865,0.5147705845380265,0.5368486934751995
q1_quality_matched,target_locked,VisualCogA_Task-1,5,logistic_erp_100ms_l2_10,erp_100ms,10.0,0,0.0,0.4528205176248285,VisualCogA_Task-2,163,80,0.4375,0.46825396825396826,0.5015873015873016,0.41700404858299595
q1_quality_matched,target_locked,VisualCogA_Task-1,5,logistic_erp_100ms_l2_10,erp_100ms,10.0,0,0.0,0.4528205176248285,VisualCogB_Task-1,160,83,0.4819277108433735,0.4822880371660859,0.5075493612078978,0.48162672476397966
q1_quality_matched,target_locked,VisualCogA_Task-1,5,logistic_erp_100ms_l2_10,erp_100ms,10.0,0,0.0,0.4528205176248285,VisualCogB_Task-2,163,80,0.4,0.40791954745443115,0.4795725958516656,0.39660590823381525
q1_quality_matched,target_locked,VisualCogA_Task-1,6,logistic_erp_100ms_l2_100,erp_100ms,100.0,0,0.0,0.46572969128272584,VisualCogA_Task-2,163,80,0.4,0.45714285714285713,0.4476190476190476,0.2857142857142857
q1_quality_matched,target_locked,VisualCogA_Task-1,6,logistic_erp_100ms_l2_100,erp_100ms,100.0,0,0.0,0.46572969128272584,VisualCogB_Task-1,160,83,0.46987951807228917,0.47241579558652735,0.5301974448315911,0.44666666666666666
q1_quality_matched,target_locked,VisualCogA_Task-1,6,logistic_erp_100ms_l2_100,erp_100ms,100.0,0,0.0,0.46572969128272584,VisualCogB_Task-2,163,80,0.45,0.4676304211187932,0.44626021370207414,0.4270833333333333
q1_quality_matched,target_locked,VisualCogA_Task-1,7,logistic_erp_100ms_l2_1,erp_100ms,1.0,0,0.0,0.5367048070678248,VisualCogA_Task-2,163,80,0.5125,0.5285714285714286,0.5904761904761905,0.5105882352941176
q1_quality_matched,target_locked,VisualCogA_Task-1,7,logistic_erp_100ms_l2_1,erp_100ms,1.0,0,0.0,0.5367048070678248,VisualCogB_Task-1,160,83,0.5542168674698795,0.5554587688734031,0.5365853658536586,0.5500366300366301
q1_quality_matched,target_locked,VisualCogA_Task-1,7,logistic_erp_100ms_l2_1,erp_100ms,1.0,0,0.0,0.5367048070678248,VisualCogB_Task-2,163,80,0.525,0.5260842237586424,0.4940289126335638,0.5247029393370857
q1_quality_matched,target_locked,VisualCogA_Task-1,8,logistic_erp_50ms_l2_0.1,erp_50ms,0.1,0,0.0,0.4980332086401287,VisualCogA_Task-2,163,80,0.5125,0.5253968253968254,0.5447619047619048,0.5118134877171022
q1_quality_matched,target_locked,VisualCogA_Task-1,8,logistic_erp_50ms_l2_0.1,erp_50ms,0.1,0,0.0,0.4980332086401287,VisualCogB_Task-1,160,83,0.4819277108433735,0.48315911730545874,0.4645760743321719,0.47706959706959706
q1_quality_matched,target_locked,VisualCogA_Task-1,8,logistic_erp_50ms_l2_0.1,erp_50ms,0.1,0,0.0,0.4980332086401287,VisualCogB_Task-2,163,80,0.4875,0.4855436832181018,0.45065996228786925,0.48549019607843136
q1_quality_matched,target_locked,VisualCogA_Task-1,9,logistic_erp_50ms_l2_10,erp_50ms,10.0,0,0.0,0.4864169533766811,VisualCogA_Task-2,163,80,0.45,0.47619047619047616,0.45904761904761904,0.4373401534526854
q1_quality_matched,target_locked,VisualCogA_Task-1,9,logistic_erp_50ms_l2_10,erp_50ms,10.0,0,0.0,0.4864169533766811,VisualCogB_Task-1,160,83,0.5060240963855421,0.5072590011614402,0.475609756097561,0.5013919413919414
q1_quality_matched,target_locked,VisualCogA_Task-1,9,logistic_erp_50ms_l2_10,erp_50ms,10.0,0,0.0,0.4864169533766811,VisualCogB_Task-2,163,80,0.475,0.475801382778127,0.45128849780012564,0.474671669793621
q1_quality_matched,target_locked,VisualCogA_Task-1,10,logistic_erp_50ms_l2_100,erp_50ms,100.0,0,0.0,0.4713321254160732,VisualCogA_Task-2,163,80,0.4375,0.48095238095238096,0.4387301587301588,0.38681655595298925
q1_quality_matched,target_locked,VisualCogA_Task-1,10,logistic_erp_50ms_l2_100,erp_50ms,100.0,0,0.0,0.4713321254160732,VisualCogB_Task-1,160,83,0.5060240963855421,0.5078397212543554,0.5174216027874564,0.4954781319495923
q1_quality_matched,target_locked,VisualCogA_Task-1,10,logistic_erp_50ms_l2_100,erp_50ms,100.0,0,0.0,0.4713321254160732,VisualCogB_Task-2,163,80,0.4125,0.42520427404148337,0.43431803896920174,0.4011785316133142
q1_quality_matched,target_locked,VisualCogA_Task-1,11,logistic_erp_50ms_l2_1,erp_50ms,1.0,0,0.0,0.4737512611874495,VisualCogA_Task-2,163,80,0.475,0.4920634920634921,0.5098412698412699,0.47203016970458833
q1_quality_matched,target_locked,VisualCogA_Task-1,11,logistic_erp_50ms_l2_1,erp_50ms,1.0,0,0.0,0.4737512611874495,VisualCogB_Task-1,160,83,0.46987951807228917,0.47067363530778167,0.47677119628339143,0.46794871794871795
q1_quality_matched,target_locked,VisualCogA_Task-1,11,logistic_erp_50ms_l2_1,erp_50ms,1.0,0,0.0,0.4737512611874495,VisualCogB_Task-2,163,80,0.4625,0.45851665619107485,0.4512884978001257,0.45835301527318534
q1_quality_matched,target_locked,VisualCogA_Task-1,12,logistic_spatial_100ms_l2_0.1,spatial_100ms,0.1,0,0.0,0.5402452488952773,VisualCogA_Task-2,163,80,0.525,0.5269841269841269,0.6171428571428571,0.5238095238095238
q1_quality_matched,target_locked,VisualCogA_Task-1,12,logistic_spatial_100ms_l2_0.1,spatial_100ms,0.1,0,0.0,0.5402452488952773,VisualCogB_Task-1,160,83,0.5542168674698795,0.5560394889663183,0.5685249709639953,0.5446997776130467
q1_quality_matched,target_locked,VisualCogA_Task-1,12,logistic_spatial_100ms_l2_0.1,spatial_100ms,0.1,0,0.0,0.5402452488952773,VisualCogB_Task-2,163,80,0.5375,0.5377121307353865,0.5147705845380265,0.5368486934751995
q1_quality_matched,target_locked,VisualCogA_Task-1,13,logistic_spatial_100ms_l2_10,spatial_100ms,10.0,0,0.0,0.4528205176248285,VisualCogA_Task-2,163,80,0.4375,0.46825396825396826,0.5015873015873016,0.41700404858299595
q1_quality_matched,target_locked,VisualCogA_Task-1,13,logistic_spatial_100ms_l2_10,spatial_100ms,10.0,0,0.0,0.4528205176248285,VisualCogB_Task-1,160,83,0.4819277108433735,0.4822880371660859,0.5075493612078978,0.48162672476397966
q1_quality_matched,target_locked,VisualCogA_Task-1,13,logistic_spatial_100ms_l2_10,spatial_100ms,10.0,0,0.0,0.4528205176248285,VisualCogB_Task-2,163,80,0.4,0.40791954745443115,0.4795725958516656,0.39660590823381525
q1_quality_matched,target_locked,VisualCogA_Task-1,14,logistic_spatial_100ms_l2_100,spatial_100ms,100.0,0,0.0,0.46572969128272584,VisualCogA_Task-2,163,80,0.4,0.45714285714285713,0.4476190476190476,0.2857142857142857
q1_quality_matched,target_locked,VisualCogA_Task-1,14,logistic_spatial_100ms_l2_100,spatial_100ms,100.0,0,0.0,0.46572969128272584,VisualCogB_Task-1,160,83,0.46987951807228917,0.47241579558652735,0.5301974448315911,0.44666666666666666
q1_quality_matched,target_locked,VisualCogA_Task-1,14,logistic_spatial_100ms_l2_100,spatial_100ms,100.0,0,0.0,0.46572969128272584,VisualCogB_Task-2,163,80,0.45,0.4676304211187932,0.44626021370207414,0.4270833333333333
q1_quality_matched,target_locked,VisualCogA_Task-1,15,logistic_spatial_100ms_l2_1,spatial_100ms,1.0,0,0.0,0.5367048070678248,VisualCogA_Task-2,163,80,0.5125,0.5285714285714286,0.5904761904761905,0.5105882352941176
q1_quality_matched,target_locked,VisualCogA_Task-1,15,logistic_spatial_100ms_l2_1,spatial_100ms,1.0,0,0.0,0.5367048070678248,VisualCogB_Task-1,160,83,0.5542168674698795,0.5554587688734031,0.5365853658536586,0.5500366300366301
q1_quality_matched,target_locked,VisualCogA_Task-1,15,logistic_spatial_100ms_l2_1,spatial_100ms,1.0,0,0.0,0.5367048070678248,VisualCogB_Task-2,163,80,0.525,0.5260842237586424,0.4940289126335638,0.5247029393370857
q1_quality_matched,target_locked,VisualCogA_Task-1,16,logistic_wave64_l2_0.1,wave64,0.1,0,0.0,0.5543817620391642,VisualCogA_Task-2,163,80,0.5375,0.5507936507936508,0.5504761904761906,0.5368486934751995
q1_quality_matched,target_locked,VisualCogA_Task-1,16,logistic_wave64_l2_0.1,wave64,0.1,0,0.0,0.5543817620391642,VisualCogB_Task-1,160,83,0.5662650602409639,0.5667828106852497,0.5813008130081301,0.5656976744186046
q1_quality_matched,target_locked,VisualCogA_Task-1,16,logistic_wave64_l2_0.1,wave64,0.1,0,0.0,0.5543817620391642,VisualCogB_Task-2,163,80,0.55,0.5455688246385921,0.4959145191703331,0.5454545454545454
q1_quality_matched,target_locked,VisualCogA_Task-1,17,logistic_wave64_l2_10,wave64,10.0,0,0.0,0.4625957778538607,VisualCogA_Task-2,163,80,0.4125,0.43015873015873013,0.46984126984126984,0.4079672492520863
q1_quality_matched,target_locked,VisualCogA_Task-1,17,logistic_wave64_l2_10,wave64,10.0,0,0.0,0.4625957778538607,VisualCogB_Task-1,160,83,0.5060240963855421,0.5069686411149825,0.5139372822299652,0.5034291551145483
q1_quality_matched,target_locked,VisualCogA_Task-1,17,logistic_wave64_l2_10,wave64,10.0,0,0.0,0.4625957778538607,VisualCogB_Task-2,163,80,0.45,0.4506599622878693,0.43620364550597107,0.44965603502188867
q1_quality_matched,target_locked,VisualCogA_Task-1,18,logistic_wave64_l2_100,wave64,100.0,0,0.0,0.4527378890112866,VisualCogA_Task-2,163,80,0.475,0.5047619047619047,0.4501587301587302,0.4584139264990329
q1_quality_matched,target_locked,VisualCogA_Task-1,18,logistic_wave64_l2_100,wave64,100.0,0,0.0,0.4527378890112866,VisualCogB_Task-1,160,83,0.46987951807228917,0.47067363530778167,0.5069686411149825,0.46794871794871795
q1_quality_matched,target_locked,VisualCogA_Task-1,18,logistic_wave64_l2_100,wave64,100.0,0,0.0,0.4527378890112866,VisualCogB_Task-2,163,80,0.375,0.38277812696417346,0.41357636706473916,0.37146448774355756
q1_quality_matched,target_locked,VisualCogA_Task-1,19,logistic_wave64_l2_1,wave64,1.0,0,0.0,0.5206852383539848,VisualCogA_Task-2,163,80,0.5125,0.5317460317460317,0.5263492063492063,0.5087387812942843
q1_quality_matched,target_locked,VisualCogA_Task-1,19,logistic_wave64_l2_1,wave64,1.0,0,0.0,0.5206852383539848,VisualCogB_Task-1,160,83,0.4939759036144578,0.49448315911730545,0.5307781649245064,0.4933139534883721
q1_quality_matched,target_locked,VisualCogA_Task-1,19,logistic_wave64_l2_1,wave64,1.0,0,0.0,0.5206852383539848,VisualCogB_Task-2,163,80,0.5375,0.5358265241986172,0.4839723444374607,0.5356862745098039
q1_quality_matched,target_locked,VisualCogA_Task-1,20,csp_e1_shrink0.01_l2_0.1,csp,0.1,1,0.01,0.5594277893483792,VisualCogA_Task-2,163,80,0.5125,0.519047619047619,0.5333333333333333,0.5124238162212846
q1_quality_matched,target_locked,VisualCogA_Task-1,20,csp_e1_shrink0.01_l2_0.1,csp,0.1,1,0.01,0.5594277893483792,VisualCogB_Task-1,160,83,0.5783132530120482,0.5775261324041812,0.5551684088269454,0.5760980592441267
q1_quality_matched,target_locked,VisualCogA_Task-1,20,csp_e1_shrink0.01_l2_0.1,csp,0.1,1,0.01,0.5594277893483792,VisualCogB_Task-2,163,80,0.5625,0.5817096165933375,0.555625392834695,0.5418098510882016
q1_quality_matched,target_locked,VisualCogA_Task-1,21,csp_e1_shrink0.01_l2_1,csp,1.0,1,0.01,0.5556272989625229,VisualCogA_Task-2,163,80,0.5,0.5079365079365079,0.5333333333333333,0.5
q1_quality_matched,target_locked,VisualCogA_Task-1,21,csp_e1_shrink0.01_l2_1,csp,1.0,1,0.01,0.5556272989625229,VisualCogB_Task-1,160,83,0.5783132530120482,0.5772357723577235,0.5545876887340302,0.5743589743589743
q1_quality_matched,target_locked,VisualCogA_Task-1,21,csp_e1_shrink0.01_l2_1,csp,1.0,1,0.01,0.5556272989625229,VisualCogB_Task-2,163,80,0.5625,0.5817096165933375,0.5575109993714644,0.5418098510882016
q1_quality_matched,target_locked,VisualCogA_Task-1,22,csp_e1_shrink0.01_l2_10,csp,10.0,1,0.01,0.5489122539604673,VisualCogA_Task-2,163,80,0.5,0.5238095238095238,0.533968253968254,0.4920634920634921
q1_quality_matched,target_locked,VisualCogA_Task-1,22,csp_e1_shrink0.01_l2_10,csp,10.0,1,0.01,0.5489122539604673,VisualCogB_Task-1,160,83,0.5542168674698795,0.5528455284552846,0.5534262485481998,0.5476506112829578
q1_quality_matched,target_locked,VisualCogA_Task-1,22,csp_e1_shrink0.01_l2_10,csp,10.0,1,0.01,0.5489122539604673,VisualCogB_Task-2,163,80,0.55,0.5700817096165933,0.5449402891263355,0.5260039499670837
q1_quality_matched,target_locked,VisualCogA_Task-1,23,csp_e1_shrink0.1_l2_0.1,csp,0.1,1,0.1,0.5615628512395388,VisualCogA_Task-2,163,80,0.4875,0.49047619047619045,0.5212698412698413,0.48677828195900485
q1_quality_matched,target_locked,VisualCogA_Task-1,23,csp_e1_shrink0.1_l2_0.1,csp,0.1,1,0.1,0.5615628512395388,VisualCogB_Task-1,160,83,0.6265060240963856,0.6260162601626016,0.5644599303135889,0.6256365488142005
q1_quality_matched,target_locked,VisualCogA_Task-1,23,csp_e1_shrink0.1_l2_0.1,csp,0.1,1,0.1,0.5615628512395388,VisualCogB_Task-2,163,80,0.55,0.568196103079824,0.5619107479572596,0.53125
q1_quality_matched,target_locked,VisualCogA_Task-1,24,csp_e1_shrink0.1_l2_1,csp,1.0,1,0.1,0.5586527983294859,VisualCogA_Task-2,163,80,0.4875,0.4936507936507936,0.5238095238095238,0.4874199093608376
q1_quality_matched,target_locked,VisualCogA_Task-1,24,csp_e1_shrink0.1_l2_1,csp,1.0,1,0.1,0.5586527983294859,VisualCogB_Task-1,160,83,0.6144578313253012,0.6141114982578397,0.5627177700348432,0.613953488372093
q1_quality_matched,target_locked,VisualCogA_Task-1,24,csp_e1_shrink0.1_l2_1,csp,1.0,1,0.1,0.5586527983294859,VisualCogB_Task-2,163,80,0.55,0.568196103079824,0.562539283469516,0.53125
q1_quality_matched,target_locked,VisualCogA_Task-1,25,csp_e1_shrink0.1_l2_10,csp,10.0,1,0.1,0.5501568783758234,VisualCogA_Task-2,163,80,0.5125,0.5285714285714286,0.5276190476190477,0.5105882352941176
q1_quality_matched,target_locked,VisualCogA_Task-1,25,csp_e1_shrink0.1_l2_10,csp,10.0,1,0.1,0.5501568783758234,VisualCogB_Task-1,160,83,0.5662650602409639,0.5653310104529616,0.5557491289198606,0.5631578947368421
q1_quality_matched,target_locked,VisualCogA_Task-1,25,csp_e1_shrink0.1_l2_10,csp,10.0,1,0.1,0.5501568783758234,VisualCogB_Task-2,163,80,0.5375,0.5565681961030798,0.5424261470773099,0.5156275568646702
q1_quality_matched,target_locked,VisualCogA_Task-1,26,csp_e2_shrink0.01_l2_0.1,csp,0.1,2,0.01,0.5530029624470917,VisualCogA_Task-2,163,80,0.5375,0.5507936507936508,0.5301587301587302,0.5368486934751995
q1_quality_matched,target_locked,VisualCogA_Task-1,26,csp_e2_shrink0.01_l2_0.1,csp,0.1,2,0.01,0.5530029624470917,VisualCogB_Task-1,160,83,0.5903614457831325,0.5903019744483159,0.5598141695702672,0.5903019744483159
q1_quality_matched,target_locked,VisualCogA_Task-1,26,csp_e2_shrink0.01_l2_0.1,csp,0.1,2,0.01,0.5530029624470917,VisualCogB_Task-2,163,80,0.5,0.5179132620993087,0.573852922690132,0.4791666666666667
q1_quality_matched,target_locked,VisualCogA_Task-1,27,csp_e2_shrink0.01_l2_1,csp,1.0,2,0.01,0.5530952474230978,VisualCogA_Task-2,163,80,0.5375,0.5507936507936508,0.5314285714285714,0.5368486934751995
q1_quality_matched,target_locked,VisualCogA_Task-1,27,csp_e2_shrink0.01_l2_1,csp,1.0,2,0.01,0.5530952474230978,VisualCogB_Task-1,160,83,0.6024096385542169,0.6022067363530779,0.5644599303135889,0.6021786492374728
q1_quality_matched,target_locked,VisualCogA_Task-1,27,csp_e2_shrink0.01_l2_1,csp,1.0,2,0.01,0.5530952474230978,VisualCogB_Task-2,163,80,0.4875,0.5062853551225645,0.5669390320553112,0.46326296841760756
q1_quality_matched,target_locked,VisualCogA_Task-1,28,csp_e2_shrink0.01_l2_10,csp,10.0,2,0.01,0.5463775541200385,VisualCogA_Task-2,163,80,0.5,0.5206349206349207,0.5320634920634921,0.4949494949494949
q1_quality_matched,target_locked,VisualCogA_Task-1,28,csp_e2_shrink0.01_l2_10,csp,10.0,2,0.01,0.5463775541200385,VisualCogB_Task-1,160,83,0.6265060240963856,0.625725900116144,0.5656213704994193,0.6245439953305122
q1_quality_matched,target_locked,VisualCogA_Task-1,28,csp_e2_shrink0.01_l2_10,csp,10.0,2,0.01,0.5463775541200385,VisualCogB_Task-2,163,80,0.475,0.4927718416090509,0.5367693274670019,0.453125
q1_quality_matched,target_locked,VisualCogA_Task-1,29,csp_e2_shrink0.1_l2_0.1,csp,0.1,2,0.1,0.5599567479317904,VisualCogA_Task-2,163,80,0.525,0.5365079365079365,0.52,0.5247029393370857
q1_quality_matched,target_locked,VisualCogA_Task-1,29,csp_e2_shrink0.1_l2_0.1,csp,0.1,2,0.1,0.5599567479317904,VisualCogB_Task-1,160,83,0.6144578313253012,0.6138211382113821,0.5609756097560975,0.6130536130536131
q1_quality_matched,target_locked,VisualCogA_Task-1,29,csp_e2_shrink0.1_l2_0.1,csp,0.1,2,0.1,0.5599567479317904,VisualCogB_Task-2,163,80,0.5125,0.5295411690760528,0.5776241357636707,0.49473684210526314
q1_quality_matched,target_locked,VisualCogA_Task-1,30,csp_e2_shrink0.1_l2_1,csp,1.0,2,0.1,0.5599567479317904,VisualCogA_Task-2,163,80,0.525,0.5365079365079365,0.52,0.5247029393370857
q1_quality_matched,target_locked,VisualCogA_Task-1,30,csp_e2_shrink0.1_l2_1,csp,1.0,2,0.1,0.5599567479317904,VisualCogB_Task-1,160,83,0.6144578313253012,0.6138211382113821,0.5580720092915215,0.6130536130536131
q1_quality_matched,target_locked,VisualCogA_Task-1,30,csp_e2_shrink0.1_l2_1,csp,1.0,2,0.1,0.5599567479317904,VisualCogB_Task-2,163,80,0.5125,0.5295411690760528,0.5744814582023885,0.49473684210526314
q1_quality_matched,target_locked,VisualCogA_Task-1,31,csp_e2_shrink0.1_l2_10,csp,10.0,2,0.1,0.5658691387279022,VisualCogA_Task-2,163,80,0.5375,0.553968253968254,0.5244444444444445,0.5356862745098039
q1_quality_matched,target_locked,VisualCogA_Task-1,31,csp_e2_shrink0.1_l2_10,csp,10.0,2,0.1,0.5658691387279022,VisualCogB_Task-1,160,83,0.6265060240963856,0.625725900116144,0.5592334494773519,0.6245439953305122
q1_quality_matched,target_locked,VisualCogA_Task-1,31,csp_e2_shrink0.1_l2_10,csp,10.0,2,0.1,0.5658691387279022,VisualCogB_Task-2,163,80,0.5,0.5179132620993087,0.5461973601508486,0.4791666666666667
q1_quality_matched,target_locked,VisualCogA_Task-2,0,baseline_logistic_l2_1,baseline_13,1.0,0,0.0,0.5363079784405111,VisualCogA_Task-1,163,54,0.5555555555555556,0.5531034482758621,0.5682758620689655,0.5531034482758621
q1_quality_matched,target_locked,VisualCogA_Task-2,0,baseline_logistic_l2_1,baseline_13,1.0,0,0.0,0.5363079784405111,VisualCogB_Task-1,134,83,0.5301204819277109,0.528164924506388,0.5534262485481998,0.5163603765127746
q1_quality_matched,target_locked,VisualCogA_Task-2,0,baseline_logistic_l2_1,baseline_13,1.0,0,0.0,0.5363079784405111,VisualCogB_Task-2,137,80,0.5125,0.5276555625392835,0.5656819610307983,0.4992778045257583
q1_quality_matched,target_locked,VisualCogA_Task-2,1,logistic_baseline_13_l2_0.1,baseline_13,0.1,0,0.0,0.5542457251223656,VisualCogA_Task-1,163,54,0.5740740740740741,0.5703448275862069,0.5724137931034483,0.5703908682116915
q1_quality_matched,target_locked,VisualCogA_Task-2,1,logistic_baseline_13_l2_0.1,baseline_13,0.1,0,0.0,0.5542457251223656,VisualCogB_Task-1,134,83,0.5783132530120482,0.5763646922183507,0.5493612078977933,0.5659644404601822
q1_quality_matched,target_locked,VisualCogA_Task-2,1,logistic_baseline_13_l2_0.1,baseline_13,0.1,0,0.0,0.5542457251223656,VisualCogB_Task-2,137,80,0.5,0.5160276555625393,0.5600251414204902,0.4842037395228885
q1_quality_matched,target_locked,VisualCogA_Task-2,2,logistic_baseline_13_l2_10,baseline_13,10.0,0,0.0,0.5348149643122945,VisualCogA_Task-1,163,54,0.5370370370370371,0.5358620689655172,0.5572413793103449,0.5356037151702786
q1_quality_matched,target_locked,VisualCogA_Task-2,2,logistic_baseline_13_l2_10,baseline_13,10.0,0,0.0,0.5348149643122945,VisualCogB_Task-1,134,83,0.5542168674698795,0.5525551684088269,0.5696864111498259,0.5446997776130467
q1_quality_matched,target_locked,VisualCogA_Task-2,2,logistic_baseline_13_l2_10,baseline_13,10.0,0,0.0,0.5348149643122945,VisualCogB_Task-2,137,80,0.5,0.5160276555625393,0.558139534883721,0.4842037395228885
q1_quality_matched,target_locked,VisualCogA_Task-2,3,logistic_baseline_13_l2_100,baseline_13,100.0,0,0.0,0.5068320756287975,VisualCogA_Task-1,163,54,0.48148148148148145,0.4924137931034483,0.5406896551724137,0.475
q1_quality_matched,target_locked,VisualCogA_Task-2,3,logistic_baseline_13_l2_100,baseline_13,100.0,0,0.0,0.5068320756287975,VisualCogB_Task-1,134,83,0.4939759036144578,0.4909988385598142,0.5923344947735192,0.45936724565756826
q1_quality_matched,target_locked,VisualCogA_Task-2,3,logistic_baseline_13_l2_100,baseline_13,100.0,0,0.0,0.5068320756287975,VisualCogB_Task-2,137,80,0.5125,0.5370835952231301,0.5694531741043369,0.46857434849259066
q1_quality_matched,target_locked,VisualCogA_Task-2,4,logistic_erp_100ms_l2_0.1,erp_100ms,0.1,0,0.0,0.4660231605690952,VisualCogA_Task-1,163,54,0.48148148148148145,0.4896551724137931,0.5213793103448275,0.47862068965517246
q1_quality_matched,target_locked,VisualCogA_Task-2,4,logistic_erp_100ms_l2_0.1,erp_100ms,0.1,0,0.0,0.4660231605690952,VisualCogB_Task-1,134,83,0.4578313253012048,0.45963995354239257,0.47619047619047616,0.4462564862861379
q1_quality_matched,target_locked,VisualCogA_Task-2,4,logistic_erp_100ms_l2_0.1,erp_100ms,0.1,0,0.0,0.4660231605690952,VisualCogB_Task-2,137,80,0.45,0.4487743557510999,0.5116279069767442,0.44862155388471175
q1_quality_matched,target_locked,VisualCogA_Task-2,5,logistic_erp_100ms_l2_10,erp_100ms,10.0,0,0.0,0.46385349469629794,VisualCogA_Task-1,163,54,0.3888888888888889,0.41724137931034483,0.6744827586206896,0.3025440313111546
q1_quality_matched,target_locked,VisualCogA_Task-2,5,logistic_erp_100ms_l2_10,erp_100ms,10.0,0,0.0,0.46385349469629794,VisualCogB_Task-1,134,83,0.5180722891566265,0.5180023228803716,0.5034843205574913,0.5180023228803716
q1_quality_matched,target_locked,VisualCogA_Task-2,5,logistic_erp_100ms_l2_10,erp_100ms,10.0,0,0.0,0.46385349469629794,VisualCogB_Task-2,137,80,0.45,0.45631678189817726,0.4776869893148963,0.44862155388471175
q1_quality_matched,target_locked,VisualCogA_Task-2,6,logistic_erp_100ms_l2_100,erp_100ms,100.0,0,0.0,0.4827592416985497,VisualCogA_Task-1,163,54,0.4074074074074074,0.44,0.6248275862068966,0.2894736842105263
q1_quality_matched,target_locked,VisualCogA_Task-2,6,logistic_erp_100ms_l2_100,erp_100ms,100.0,0,0.0,0.4827592416985497,VisualCogB_Task-1,134,83,0.5662650602409639,0.563588850174216,0.5418118466898955,0.5422794117647058
q1_quality_matched,target_locked,VisualCogA_Task-2,6,logistic_erp_100ms_l2_100,erp_100ms,100.0,0,0.0,0.4827592416985497,VisualCogB_Task-2,137,80,0.4375,0.44468887492143305,0.4412319296040226,0.43529411764705883
q1_quality_matched,target_locked,VisualCogA_Task-2,7,logistic_erp_100ms_l2_1,erp_100ms,1.0,0,0.0,0.46137252044619975,VisualCogA_Task-1,163,54,0.48148148148148145,0.4979310344827586,0.5958620689655172,0.4630681818181818
q1_quality_matched,target_locked,VisualCogA_Task-2,7,logistic_erp_100ms_l2_1,erp_100ms,1.0,0,0.0,0.46137252044619975,VisualCogB_Task-1,134,83,0.4457831325301205,0.44715447154471544,0.46515679442508717,0.4391891891891892
q1_quality_matched,target_locked,VisualCogA_Task-2,7,logistic_erp_100ms_l2_1,erp_100ms,1.0,0,0.0,0.46137252044619975,VisualCogB_Task-2,137,80,0.4375,0.4390320553111251,0.4871150219987429,0.43741209563994377
q1_quality_matched,target_locked,VisualCogA_Task-2,8,logistic_erp_50ms_l2_0.1,erp_50ms,0.1,0,0.0,0.5152333885427945,VisualCogA_Task-1,163,54,0.5185185185185185,0.5296551724137931,0.52,0.5125
q1_quality_matched,target_locked,VisualCogA_Task-2,8,logistic_erp_50ms_l2_0.1,erp_50ms,0.1,0,0.0,0.5152333885427945,VisualCogB_Task-1,134,83,0.5180722891566265,0.5188734030197445,0.4849012775842044,0.5163170163170163
q1_quality_matched,target_locked,VisualCogA_Task-2,8,logistic_erp_50ms_l2_0.1,erp_50ms,0.1,0,0.0,0.5152333885427945,VisualCogB_Task-2,137,80,0.5,0.497171590194846,0.49717159019484597,0.497171590194846
q1_quality_matched,target_locked,VisualCogA_Task-2,9,logistic_erp_50ms_l2_10,erp_50ms,10.0,0,0.0,0.48136178154857134,VisualCogA_Task-1,163,54,0.46296296296296297,0.48620689655172417,0.593103448275862,0.4180602006688963
q1_quality_matched,target_locked,VisualCogA_Task-2,9,logistic_erp_50ms_l2_10,erp_50ms,10.0,0,0.0,0.48136178154857134,VisualCogB_Task-1,134,83,0.5421686746987951,0.5421022067363531,0.4849012775842044,0.5421022067363531
q1_quality_matched,target_locked,VisualCogA_Task-2,9,logistic_erp_50ms_l2_10,erp_50ms,10.0,0,0.0,0.48136178154857134,VisualCogB_Task-2,137,80,0.4125,0.4157762413576367,0.464487743557511,0.4124081887794968
q1_quality_matched,target_locked,VisualCogA_Task-2,10,logistic_erp_50ms_l2_100,erp_50ms,100.0,0,0.0,0.4916191468999183,VisualCogA_Task-1,163,54,0.4074074074074074,0.44,0.5903448275862069,0.2894736842105263
q1_quality_matched,target_locked,VisualCogA_Task-2,10,logistic_erp_50ms_l2_100,erp_50ms,100.0,0,0.0,0.4916191468999183,VisualCogB_Task-1,134,83,0.5783132530120482,0.5766550522648084,0.5476190476190477,0.5693106004447739
q1_quality_matched,target_locked,VisualCogA_Task-2,10,logistic_erp_50ms_l2_100,erp_50ms,100.0,0,0.0,0.4916191468999183,VisualCogB_Task-2,137,80,0.45,0.45820238843494654,0.45694531741043365,0.44688874921433064
q1_quality_matched,target_locked,VisualCogA_Task-2,11,logistic_erp_50ms_l2_1,erp_50ms,1.0,0,0.0,0.47318499737495573,VisualCogA_Task-1,163,54,0.48148148148148145,0.4979310344827586,0.5627586206896552,0.4630681818181818
q1_quality_matched,target_locked,VisualCogA_Task-2,11,logistic_erp_50ms_l2_1,erp_50ms,1.0,0,0.0,0.47318499737495573,VisualCogB_Task-1,134,83,0.46987951807228917,0.4709639953542393,0.4709639953542393,0.4660818713450292
q1_quality_matched,target_locked,VisualCogA_Task-2,11,logistic_erp_50ms_l2_1,erp_50ms,1.0,0,0.0,0.47318499737495573,VisualCogB_Task-2,137,80,0.45,0.4506599622878693,0.47014456316781894,0.44965603502188867
q1_quality_matched,target_locked,VisualCogA_Task-2,12,logistic_spatial_100ms_l2_0.1,spatial_100ms,0.1,0,0.0,0.4660231605690952,VisualCogA_Task-1,163,54,0.48148148148148145,0.4896551724137931,0.5213793103448275,0.47862068965517246
q1_quality_matched,target_locked,VisualCogA_Task-2,12,logistic_spatial_100ms_l2_0.1,spatial_100ms,0.1,0,0.0,0.4660231605690952,VisualCogB_Task-1,134,83,0.4578313253012048,0.45963995354239257,0.47619047619047616,0.4462564862861379
q1_quality_matched,target_locked,VisualCogA_Task-2,12,logistic_spatial_100ms_l2_0.1,spatial_100ms,0.1,0,0.0,0.4660231605690952,VisualCogB_Task-2,137,80,0.45,0.4487743557510999,0.5116279069767442,0.44862155388471175
q1_quality_matched,target_locked,VisualCogA_Task-2,13,logistic_spatial_100ms_l2_10,spatial_100ms,10.0,0,0.0,0.46385349469629794,VisualCogA_Task-1,163,54,0.3888888888888889,0.41724137931034483,0.6744827586206896,0.3025440313111546
q1_quality_matched,target_locked,VisualCogA_Task-2,13,logistic_spatial_100ms_l2_10,spatial_100ms,10.0,0,0.0,0.46385349469629794,VisualCogB_Task-1,134,83,0.5180722891566265,0.5180023228803716,0.5034843205574913,0.5180023228803716
q1_quality_matched,target_locked,VisualCogA_Task-2,13,logistic_spatial_100ms_l2_10,spatial_100ms,10.0,0,0.0,0.46385349469629794,VisualCogB_Task-2,137,80,0.45,0.45631678189817726,0.4776869893148963,0.44862155388471175
q1_quality_matched,target_locked,VisualCogA_Task-2,14,logistic_spatial_100ms_l2_100,spatial_100ms,100.0,0,0.0,0.4827592416985497,VisualCogA_Task-1,163,54,0.4074074074074074,0.44,0.6248275862068966,0.2894736842105263
q1_quality_matched,target_locked,VisualCogA_Task-2,14,logistic_spatial_100ms_l2_100,spatial_100ms,100.0,0,0.0,0.4827592416985497,VisualCogB_Task-1,134,83,0.5662650602409639,0.563588850174216,0.5418118466898955,0.5422794117647058
q1_quality_matched,target_locked,VisualCogA_Task-2,14,logistic_spatial_100ms_l2_100,spatial_100ms,100.0,0,0.0,0.4827592416985497,VisualCogB_Task-2,137,80,0.4375,0.44468887492143305,0.4412319296040226,0.43529411764705883
q1_quality_matched,target_locked,VisualCogA_Task-2,15,logistic_spatial_100ms_l2_1,spatial_100ms,1.0,0,0.0,0.46137252044619975,VisualCogA_Task-1,163,54,0.48148148148148145,0.4979310344827586,0.5958620689655172,0.4630681818181818
q1_quality_matched,target_locked,VisualCogA_Task-2,15,logistic_spatial_100ms_l2_1,spatial_100ms,1.0,0,0.0,0.46137252044619975,VisualCogB_Task-1,134,83,0.4457831325301205,0.44715447154471544,0.46515679442508717,0.4391891891891892
q1_quality_matched,target_locked,VisualCogA_Task-2,15,logistic_spatial_100ms_l2_1,spatial_100ms,1.0,0,0.0,0.46137252044619975,VisualCogB_Task-2,137,80,0.4375,0.4390320553111251,0.4871150219987429,0.43741209563994377
q1_quality_matched,target_locked,VisualCogA_Task-2,16,logistic_wave64_l2_0.1,wave64,0.1,0,0.0,0.5018225752667437,VisualCogA_Task-1,163,54,0.5185185185185185,0.5213793103448277,0.5227586206896552,0.5185185185185185
q1_quality_matched,target_locked,VisualCogA_Task-2,16,logistic_wave64_l2_0.1,wave64,0.1,0,0.0,0.5018225752667437,VisualCogB_Task-1,134,83,0.4939759036144578,0.4947735191637631,0.5580720092915215,0.49213286713286714
q1_quality_matched,target_locked,VisualCogA_Task-2,16,logistic_wave64_l2_0.1,wave64,0.1,0,0.0,0.5018225752667437,VisualCogB_Task-2,137,80,0.4875,0.4893148962916405,0.4431175361407919,0.4874199093608376
q1_quality_matched,target_locked,VisualCogA_Task-2,17,logistic_wave64_l2_10,wave64,10.0,0,0.0,0.5000721897457479,VisualCogA_Task-1,163,54,0.5185185185185185,0.5296551724137931,0.566896551724138,0.5125
q1_quality_matched,target_locked,VisualCogA_Task-2,17,logistic_wave64_l2_10,wave64,10.0,0,0.0,0.5000721897457479,VisualCogB_Task-1,134,83,0.5060240963855421,0.5063879210220674,0.5023228803716608,0.5057371096586782
q1_quality_matched,target_locked,VisualCogA_Task-2,17,logistic_wave64_l2_10,wave64,10.0,0,0.0,0.5000721897457479,VisualCogB_Task-2,137,80,0.4625,0.4641734758013828,0.43997485857950974,0.46241600250039067
q1_quality_matched,target_locked,VisualCogA_Task-2,18,logistic_wave64_l2_100,wave64,100.0,0,0.0,0.47496434594191167,VisualCogA_Task-1,163,54,0.46296296296296297,0.48896551724137927,0.6055172413793104,0.40388275599543205
q1_quality_matched,target_locked,VisualCogA_Task-2,18,logistic_wave64_l2_100,wave64,100.0,0,0.0,0.47496434594191167,VisualCogB_Task-1,134,83,0.5421686746987951,0.5415214866434379,0.518583042973287,0.5405011655011656
q1_quality_matched,target_locked,VisualCogA_Task-2,18,logistic_wave64_l2_100,wave64,100.0,0,0.0,0.47496434594191167,VisualCogB_Task-2,137,80,0.3875,0.39440603394091767,0.45065996228786925,0.3850980392156863
q1_quality_matched,target_locked,VisualCogA_Task-2,19,logistic_wave64_l2_1,wave64,1.0,0,0.0,0.5026212316387763,VisualCogA_Task-1,163,54,0.5370370370370371,0.5386206896551724,0.5296551724137931,0.5368782161234991
q1_quality_matched,target_locked,VisualCogA_Task-2,19,logistic_wave64_l2_1,wave64,1.0,0,0.0,0.5026212316387763,VisualCogB_Task-1,134,83,0.5180722891566265,0.518583042973287,0.5191637630662022,0.5174418604651163
q1_quality_matched,target_locked,VisualCogA_Task-2,19,logistic_wave64_l2_1,wave64,1.0,0,0.0,0.5026212316387763,VisualCogB_Task-2,137,80,0.45,0.4506599622878693,0.44877435575109986,0.44965603502188867
q1_quality_matched,target_locked,VisualCogA_Task-2,20,csp_e1_shrink0.01_l2_0.1,csp,0.1,1,0.01,0.4590357462906214,VisualCogA_Task-1,163,54,0.48148148148148145,0.4868965517241379,0.43724137931034485,0.4807692307692308
q1_quality_matched,target_locked,VisualCogA_Task-2,20,csp_e1_shrink0.01_l2_0.1,csp,0.1,1,0.01,0.4590357462906214,VisualCogB_Task-1,134,83,0.4578313253012048,0.45934959349593496,0.4547038327526132,0.44984533804684046
q1_quality_matched,target_locked,VisualCogA_Task-2,20,csp_e1_shrink0.01_l2_0.1,csp,0.1,1,0.01,0.4590357462906214,VisualCogB_Task-2,137,80,0.4125,0.4308610936517913,0.5405405405405406,0.38471608574701355
q1_quality_matched,target_locked,VisualCogA_Task-2,21,csp_e1_shrink0.01_l2_1,csp,1.0,1,0.01,0.46570241295728804,VisualCogA_Task-1,163,54,0.5,0.506896551724138,0.43724137931034485,0.4984520123839009
q1_quality_matched,target_locked,VisualCogA_Task-2,21,csp_e1_shrink0.01_l2_1,csp,1.0,1,0.01,0.46570241295728804,VisualCogB_Task-1,134,83,0.4578313253012048,0.45934959349593496,0.45586527293844364,0.44984533804684046
q1_quality_matched,target_locked,VisualCogA_Task-2,21,csp_e1_shrink0.01_l2_1,csp,1.0,1,0.01,0.46570241295728804,VisualCogB_Task-2,137,80,0.4125,0.4308610936517913,0.5405405405405406,0.38471608574701355
q1_quality_matched,target_locked,VisualCogA_Task-2,22,csp_e1_shrink0.01_l2_10,csp,10.0,1,0.01,0.4941169310158298,VisualCogA_Task-1,163,54,0.5185185185185185,0.5351724137931034,0.4358620689655172,0.5014204545454546
q1_quality_matched,target_locked,VisualCogA_Task-2,22,csp_e1_shrink0.01_l2_10,csp,10.0,1,0.01,0.4941169310158298,VisualCogB_Task-1,134,83,0.4457831325301205,0.4468641114982579,0.4849012775842044,0.441812865497076
q1_quality_matched,target_locked,VisualCogA_Task-2,22,csp_e1_shrink0.01_l2_10,csp,10.0,1,0.01,0.4941169310158298,VisualCogB_Task-2,137,80,0.475,0.5003142677561282,0.5405405405405406,0.4230769230769231
q1_quality_matched,target_locked,VisualCogA_Task-2,23,csp_e1_shrink0.1_l2_0.1,csp,0.1,1,0.1,0.47770846325034916,VisualCogA_Task-1,163,54,0.5,0.506896551724138,0.43586206896551727,0.4984520123839009
q1_quality_matched,target_locked,VisualCogA_Task-2,23,csp_e1_shrink0.1_l2_0.1,csp,0.1,1,0.1,0.47770846325034916,VisualCogB_Task-1,134,83,0.4819277108433735,0.483739837398374,0.4535423925667828,0.4708673091178651
q1_quality_matched,target_locked,VisualCogA_Task-2,23,csp_e1_shrink0.1_l2_0.1,csp,0.1,1,0.1,0.47770846325034916,VisualCogB_Task-2,137,80,0.425,0.4424890006285355,0.5373978629792583,0.4010416666666667
q1_quality_matched,target_locked,VisualCogA_Task-2,24,csp_e1_shrink0.1_l2_1,csp,1.0,1,0.1,0.47770846325034916,VisualCogA_Task-1,163,54,0.5,0.506896551724138,0.43310344827586206,0.4984520123839009
q1_quality_matched,target_locked,VisualCogA_Task-2,24,csp_e1_shrink0.1_l2_1,csp,1.0,1,0.1,0.47770846325034916,VisualCogB_Task-1,134,83,0.4819277108433735,0.483739837398374,0.4518002322880372,0.4708673091178651
q1_quality_matched,target_locked,VisualCogA_Task-2,24,csp_e1_shrink0.1_l2_1,csp,1.0,1,0.1,0.47770846325034916,VisualCogB_Task-2,137,80,0.425,0.4424890006285355,0.5392834695160277,0.4010416666666667
q1_quality_matched,target_locked,VisualCogA_Task-2,25,csp_e1_shrink0.1_l2_10,csp,10.0,1,0.1,0.4961120944800801,VisualCogA_Task-1,163,54,0.5,0.5151724137931034,0.4331034482758621,0.4857142857142857
q1_quality_matched,target_locked,VisualCogA_Task-2,25,csp_e1_shrink0.1_l2_10,csp,10.0,1,0.1,0.4961120944800801,VisualCogB_Task-1,134,83,0.46987951807228917,0.4709639953542393,0.4843205574912892,0.4660818713450292
q1_quality_matched,target_locked,VisualCogA_Task-2,25,csp_e1_shrink0.1_l2_10,csp,10.0,1,0.1,0.4961120944800801,VisualCogB_Task-2,137,80,0.475,0.5021998742928976,0.5386549340037712,0.4129979035639413
q1_quality_matched,target_locked,VisualCogA_Task-2,26,csp_e2_shrink0.01_l2_0.1,csp,0.1,2,0.01,0.45346811122682973,VisualCogA_Task-1,163,54,0.4444444444444444,0.4524137931034483,0.40551724137931033,0.4413793103448276
q1_quality_matched,target_locked,VisualCogA_Task-2,26,csp_e2_shrink0.01_l2_0.1,csp,0.1,2,0.01,0.45346811122682973,VisualCogB_Task-1,134,83,0.4457831325301205,0.4457026713124274,0.4256678281068525,0.4457026713124274
q1_quality_matched,target_locked,VisualCogA_Task-2,26,csp_e2_shrink0.01_l2_0.1,csp,0.1,2,0.01,0.45346811122682973,VisualCogB_Task-2,137,80,0.4625,0.46228786926461346,0.4707730986800754,0.4617430762009075
q1_quality_matched,target_locked,VisualCogA_Task-2,27,csp_e2_shrink0.01_l2_1,csp,1.0,2,0.01,0.448978055814561,VisualCogA_Task-1,163,54,0.42592592592592593,0.43517241379310345,0.4068965517241379,0.42096160498097546
q1_quality_matched,target_locked,VisualCogA_Task-2,27,csp_e2_shrink0.01_l2_1,csp,1.0,2,0.01,0.448978055814561,VisualCogB_Task-1,134,83,0.4457831325301205,0.4457026713124274,0.4262485481997677,0.4457026713124274
q1_quality_matched,target_locked,VisualCogA_Task-2,27,csp_e2_shrink0.01_l2_1,csp,1.0,2,0.01,0.448978055814561,VisualCogB_Task-2,137,80,0.4625,0.4660590823381521,0.47203016970458833,0.46241600250039067
q1_quality_matched,target_locked,VisualCogA_Task-2,28,csp_e2_shrink0.01_l2_10,csp,10.0,2,0.01,0.4699870581612127,VisualCogA_Task-1,163,54,0.48148148148148145,0.5006896551724138,0.40551724137931033,0.4545454545454546
q1_quality_matched,target_locked,VisualCogA_Task-2,28,csp_e2_shrink0.01_l2_10,csp,10.0,2,0.01,0.4699870581612127,VisualCogB_Task-1,134,83,0.4457831325301205,0.4454123112659698,0.4204413472706156,0.4450581395348837
q1_quality_matched,target_locked,VisualCogA_Task-2,28,csp_e2_shrink0.01_l2_10,csp,10.0,2,0.01,0.4699870581612127,VisualCogB_Task-2,137,80,0.45,0.4638592080452546,0.4789440603394091,0.4373401534526854
q1_quality_matched,target_locked,VisualCogA_Task-2,29,csp_e2_shrink0.1_l2_0.1,csp,0.1,2,0.1,0.4461873581401424,VisualCogA_Task-1,163,54,0.4074074074074074,0.41517241379310343,0.4082758620689655,0.40413793103448276
q1_quality_matched,target_locked,VisualCogA_Task-2,29,csp_e2_shrink0.1_l2_0.1,csp,0.1,2,0.1,0.4461873581401424,VisualCogB_Task-1,134,83,0.4457831325301205,0.4457026713124274,0.42973286875725897,0.4457026713124274
q1_quality_matched,target_locked,VisualCogA_Task-2,29,csp_e2_shrink0.1_l2_0.1,csp,0.1,2,0.1,0.4461873581401424,VisualCogB_Task-2,137,80,0.475,0.4776869893148963,0.4751728472658705,0.475
q1_quality_matched,target_locked,VisualCogA_Task-2,30,csp_e2_shrink0.1_l2_1,csp,1.0,2,0.1,0.44773543388228393,VisualCogA_Task-1,163,54,0.4074074074074074,0.41793103448275865,0.4082758620689655,0.4
q1_quality_matched,target_locked,VisualCogA_Task-2,30,csp_e2_shrink0.1_l2_1,csp,1.0,2,0.1,0.44773543388228393,VisualCogB_Task-1,134,83,0.4457831325301205,0.4457026713124274,0.4314750290360046,0.4457026713124274
q1_quality_matched,target_locked,VisualCogA_Task-2,30,csp_e2_shrink0.1_l2_1,csp,1.0,2,0.1,0.44773543388228393,VisualCogB_Task-2,137,80,0.475,0.4795725958516657,0.4739157762413576,0.474671669793621
q1_quality_matched,target_locked,VisualCogA_Task-2,31,csp_e2_shrink0.1_l2_10,csp,10.0,2,0.1,0.4449290311689827,VisualCogA_Task-1,163,54,0.4444444444444444,0.46068965517241384,0.40551724137931033,0.42471590909090906
q1_quality_matched,target_locked,VisualCogA_Task-2,31,csp_e2_shrink0.1_l2_10,csp,10.0,2,0.1,0.4449290311689827,VisualCogB_Task-1,134,83,0.4457831325301205,0.4451219512195122,0.4239256678281069,0.44376456876456877
q1_quality_matched,target_locked,VisualCogA_Task-2,31,csp_e2_shrink0.1_l2_10,csp,10.0,2,0.1,0.4449290311689827,VisualCogB_Task-2,137,80,0.4125,0.42897548711502204,0.4827152734129478,0.3910931174089069
q1_quality_matched,target_locked,VisualCogB_Task-1,0,baseline_logistic_l2_1,baseline_13,1.0,0,0.0,0.5212785130186894,VisualCogA_Task-1,160,54,0.5555555555555556,0.5586206896551724,0.5117241379310344,0.5555555555555556
q1_quality_matched,target_locked,VisualCogB_Task-1,0,baseline_logistic_l2_1,baseline_13,1.0,0,0.0,0.5212785130186894,VisualCogA_Task-2,134,80,0.5125,0.4873015873015873,0.4603174603174603,0.47642221849303573
q1_quality_matched,target_locked,VisualCogB_Task-1,0,baseline_logistic_l2_1,baseline_13,1.0,0,0.0,0.5212785130186894,VisualCogB_Task-2,134,80,0.5,0.5179132620993087,0.4380892520427404,0.4791666666666667
q1_quality_matched,target_locked,VisualCogB_Task-1,1,logistic_baseline_13_l2_0.1,baseline_13,0.1,0,0.0,0.5237516012977119,VisualCogA_Task-1,160,54,0.5740740740740741,0.5758620689655172,0.5075862068965518,0.5739279588336192
q1_quality_matched,target_locked,VisualCogB_Task-1,1,logistic_baseline_13_l2_0.1,baseline_13,0.1,0,0.0,0.5237516012977119,VisualCogA_Task-2,134,80,0.5,0.4793650793650794,0.46285714285714286,0.47333772218564846
q1_quality_matched,target_locked,VisualCogB_Task-1,1,logistic_baseline_13_l2_0.1,baseline_13,0.1,0,0.0,0.5237516012977119,VisualCogB_Task-2,134,80,0.5,0.5160276555625393,0.43997485857950974,0.4842037395228885
q1_quality_matched,target_locked,VisualCogB_Task-1,2,logistic_baseline_13_l2_10,baseline_13,10.0,0,0.0,0.482342484539758,VisualCogA_Task-1,160,54,0.5185185185185185,0.5158620689655172,0.46482758620689657,0.5158620689655172
q1_quality_matched,target_locked,VisualCogB_Task-1,2,logistic_baseline_13_l2_10,baseline_13,10.0,0,0.0,0.482342484539758,VisualCogA_Task-2,134,80,0.4625,0.4365079365079365,0.42095238095238097,0.4227219332102702
q1_quality_matched,target_locked,VisualCogB_Task-1,2,logistic_baseline_13_l2_10,baseline_13,10.0,0,0.0,0.482342484539758,VisualCogB_Task-2,134,80,0.475,0.49465744814582024,0.43368950345694524,0.4470046082949308
q1_quality_matched,target_locked,VisualCogB_Task-1,3,logistic_baseline_13_l2_100,baseline_13,100.0,0,0.0,0.46672216264838556,VisualCogA_Task-1,160,54,0.48148148148148145,0.47862068965517246,0.44,0.47862068965517246
q1_quality_matched,target_locked,VisualCogB_Task-1,3,logistic_baseline_13_l2_100,baseline_13,100.0,0,0.0,0.46672216264838556,VisualCogA_Task-2,134,80,0.4375,0.4174603174603174,0.38412698412698415,0.4108983799705449
q1_quality_matched,target_locked,VisualCogB_Task-1,3,logistic_baseline_13_l2_100,baseline_13,100.0,0,0.0,0.46672216264838556,VisualCogB_Task-2,134,80,0.475,0.5040854808296669,0.44500314267756125,0.4017094017094017
q1_quality_matched,target_locked,VisualCogB_Task-1,4,logistic_erp_100ms_l2_0.1,erp_100ms,0.1,0,0.0,0.5496417966826949,VisualCogA_Task-1,160,54,0.6296296296296297,0.6220689655172413,0.6400000000000001,0.6213183730715287
q1_quality_matched,target_locked,VisualCogB_Task-1,4,logistic_erp_100ms_l2_0.1,erp_100ms,0.1,0,0.0,0.5496417966826949,VisualCogA_Task-2,134,80,0.525,0.5142857142857142,0.5606349206349206,0.5140664961636829
q1_quality_matched,target_locked,VisualCogB_Task-1,4,logistic_erp_100ms_l2_0.1,erp_100ms,0.1,0,0.0,0.5496417966826949,VisualCogB_Task-2,134,80,0.5125,0.5125707102451289,0.5292269013199247,0.5118134877171022
q1_quality_matched,target_locked,VisualCogB_Task-1,5,logistic_erp_100ms_l2_10,erp_100ms,10.0,0,0.0,0.5242776422888692,VisualCogA_Task-1,160,54,0.5370370370370371,0.5358620689655172,0.5944827586206897,0.5356037151702786
q1_quality_matched,target_locked,VisualCogB_Task-1,5,logistic_erp_100ms_l2_10,erp_100ms,10.0,0,0.0,0.5242776422888692,VisualCogA_Task-2,134,80,0.5875,0.5825396825396825,0.5365079365079365,0.5822123753758506
q1_quality_matched,target_locked,VisualCogB_Task-1,5,logistic_erp_100ms_l2_10,erp_100ms,10.0,0,0.0,0.5242776422888692,VisualCogB_Task-2,134,80,0.45,0.45443117536140787,0.47140163419233183,0.44965603502188867
q1_quality_matched,target_locked,VisualCogB_Task-1,6,logistic_erp_100ms_l2_100,erp_100ms,100.0,0,0.0,0.5071797860410531,VisualCogA_Task-1,160,54,0.6111111111111112,0.5882758620689655,0.6082758620689656,0.5561643835616439
q1_quality_matched,target_locked,VisualCogB_Task-1,6,logistic_erp_100ms_l2_100,erp_100ms,100.0,0,0.0,0.5071797860410531,VisualCogA_Task-2,134,80,0.475,0.4888888888888889,0.5085714285714286,0.4736842105263158
q1_quality_matched,target_locked,VisualCogB_Task-1,6,logistic_erp_100ms_l2_100,erp_100ms,100.0,0,0.0,0.5071797860410531,VisualCogB_Task-2,134,80,0.425,0.44437460716530486,0.4355751099937146,0.39433838051349573
q1_quality_matched,target_locked,VisualCogB_Task-1,7,logistic_erp_100ms_l2_1,erp_100ms,1.0,0,0.0,0.5378244621067396,VisualCogA_Task-1,160,54,0.5740740740740741,0.5731034482758621,0.6137931034482759,0.5727554179566563
q1_quality_matched,target_locked,VisualCogB_Task-1,7,logistic_erp_100ms_l2_1,erp_100ms,1.0,0,0.0,0.5378244621067396,VisualCogA_Task-2,134,80,0.525,0.5142857142857142,0.5358730158730158,0.5140664961636829
q1_quality_matched,target_locked,VisualCogB_Task-1,7,logistic_erp_100ms_l2_1,erp_100ms,1.0,0,0.0,0.5378244621067396,VisualCogB_Task-2,134,80,0.525,0.5260842237586424,0.5109993714644877,0.5247029393370857
q1_quality_matched,target_locked,VisualCogB_Task-1,8,logistic_erp_50ms_l2_0.1,erp_50ms,0.1,0,0.0,0.526751047071817,VisualCogA_Task-1,160,54,0.5555555555555556,0.5503448275862068,0.5779310344827585,0.55
q1_quality_matched,target_locked,VisualCogB_Task-1,8,logistic_erp_50ms_l2_0.1,erp_50ms,0.1,0,0.0,0.526751047071817,VisualCogA_Task-2,134,80,0.55,0.5365079365079365,0.5479365079365079,0.5357833655705996
q1_quality_matched,target_locked,VisualCogB_Task-1,8,logistic_erp_50ms_l2_0.1,erp_50ms,0.1,0,0.0,0.526751047071817,VisualCogB_Task-2,134,80,0.5,0.49340037712130735,0.5179132620993085,0.4920634920634921
q1_quality_matched,target_locked,VisualCogB_Task-1,9,logistic_erp_50ms_l2_10,erp_50ms,10.0,0,0.0,0.4847071587568781,VisualCogA_Task-1,160,54,0.5370370370370371,0.5331034482758621,0.5986206896551723,0.5330335524040124
q1_quality_matched,target_locked,VisualCogB_Task-1,9,logistic_erp_50ms_l2_10,erp_50ms,10.0,0,0.0,0.4847071587568781,VisualCogA_Task-2,134,80,0.4625,0.4587301587301587,0.5092063492063492,0.45835301527318534
q1_quality_matched,target_locked,VisualCogB_Task-1,9,logistic_erp_50ms_l2_10,erp_50ms,10.0,0,0.0,0.4847071587568781,VisualCogB_Task-2,134,80,0.4625,0.46228786926461346,0.43557510999371457,0.4617430762009075
q1_quality_matched,target_locked,VisualCogB_Task-1,10,logistic_erp_50ms_l2_100,erp_50ms,100.0,0,0.0,0.5295999631204121,VisualCogA_Task-1,160,54,0.6481481481481481,0.6310344827586207,0.6000000000000001,0.6187290969899666
q1_quality_matched,target_locked,VisualCogB_Task-1,10,logistic_erp_50ms_l2_100,erp_50ms,100.0,0,0.0,0.5295999631204121,VisualCogA_Task-2,134,80,0.5125,0.519047619047619,0.4933333333333333,0.5124238162212846
q1_quality_matched,target_locked,VisualCogB_Task-1,10,logistic_erp_50ms_l2_100,erp_50ms,100.0,0,0.0,0.5295999631204121,VisualCogB_Task-2,134,80,0.425,0.43871778755499685,0.4167190446260213,0.4117647058823529
q1_quality_matched,target_locked,VisualCogB_Task-1,11,logistic_erp_50ms_l2_1,erp_50ms,1.0,0,0.0,0.5355876417143458,VisualCogA_Task-1,160,54,0.5740740740740741,0.5675862068965517,0.5944827586206897,0.5667945587722358
q1_quality_matched,target_locked,VisualCogB_Task-1,11,logistic_erp_50ms_l2_1,erp_50ms,1.0,0,0.0,0.5355876417143458,VisualCogA_Task-2,134,80,0.525,0.5206349206349207,0.5111111111111111,0.5202020202020202
q1_quality_matched,target_locked,VisualCogB_Task-1,11,logistic_erp_50ms_l2_1,erp_50ms,1.0,0,0.0,0.5355876417143458,VisualCogB_Task-2,134,80,0.525,0.518541797611565,0.48585795097423,0.5174603174603174
q1_quality_matched,target_locked,VisualCogB_Task-1,12,logistic_spatial_100ms_l2_0.1,spatial_100ms,0.1,0,0.0,0.5496417966826949,VisualCogA_Task-1,160,54,0.6296296296296297,0.6220689655172413,0.6400000000000001,0.6213183730715287
q1_quality_matched,target_locked,VisualCogB_Task-1,12,logistic_spatial_100ms_l2_0.1,spatial_100ms,0.1,0,0.0,0.5496417966826949,VisualCogA_Task-2,134,80,0.525,0.5142857142857142,0.5606349206349206,0.5140664961636829
q1_quality_matched,target_locked,VisualCogB_Task-1,12,logistic_spatial_100ms_l2_0.1,spatial_100ms,0.1,0,0.0,0.5496417966826949,VisualCogB_Task-2,134,80,0.5125,0.5125707102451289,0.5292269013199247,0.5118134877171022
q1_quality_matched,target_locked,VisualCogB_Task-1,13,logistic_spatial_100ms_l2_10,spatial_100ms,10.0,0,0.0,0.5242776422888692,VisualCogA_Task-1,160,54,0.5370370370370371,0.5358620689655172,0.5944827586206897,0.5356037151702786
q1_quality_matched,target_locked,VisualCogB_Task-1,13,logistic_spatial_100ms_l2_10,spatial_100ms,10.0,0,0.0,0.5242776422888692,VisualCogA_Task-2,134,80,0.5875,0.5825396825396825,0.5365079365079365,0.5822123753758506
q1_quality_matched,target_locked,VisualCogB_Task-1,13,logistic_spatial_100ms_l2_10,spatial_100ms,10.0,0,0.0,0.5242776422888692,VisualCogB_Task-2,134,80,0.45,0.45443117536140787,0.47140163419233183,0.44965603502188867
q1_quality_matched,target_locked,VisualCogB_Task-1,14,logistic_spatial_100ms_l2_100,spatial_100ms,100.0,0,0.0,0.5071797860410531,VisualCogA_Task-1,160,54,0.6111111111111112,0.5882758620689655,0.6082758620689656,0.5561643835616439
q1_quality_matched,target_locked,VisualCogB_Task-1,14,logistic_spatial_100ms_l2_100,spatial_100ms,100.0,0,0.0,0.5071797860410531,VisualCogA_Task-2,134,80,0.475,0.4888888888888889,0.5085714285714286,0.4736842105263158
q1_quality_matched,target_locked,VisualCogB_Task-1,14,logistic_spatial_100ms_l2_100,spatial_100ms,100.0,0,0.0,0.5071797860410531,VisualCogB_Task-2,134,80,0.425,0.44437460716530486,0.4355751099937146,0.39433838051349573
q1_quality_matched,target_locked,VisualCogB_Task-1,15,logistic_spatial_100ms_l2_1,spatial_100ms,1.0,0,0.0,0.5378244621067396,VisualCogA_Task-1,160,54,0.5740740740740741,0.5731034482758621,0.6137931034482759,0.5727554179566563
q1_quality_matched,target_locked,VisualCogB_Task-1,15,logistic_spatial_100ms_l2_1,spatial_100ms,1.0,0,0.0,0.5378244621067396,VisualCogA_Task-2,134,80,0.525,0.5142857142857142,0.5358730158730158,0.5140664961636829
q1_quality_matched,target_locked,VisualCogB_Task-1,15,logistic_spatial_100ms_l2_1,spatial_100ms,1.0,0,0.0,0.5378244621067396,VisualCogB_Task-2,134,80,0.525,0.5260842237586424,0.5109993714644877,0.5247029393370857
q1_quality_matched,target_locked,VisualCogB_Task-1,16,logistic_wave64_l2_0.1,wave64,0.1,0,0.0,0.5506613865555324,VisualCogA_Task-1,160,54,0.5925925925925926,0.5875862068965517,0.6096551724137931,0.5874999999999999
q1_quality_matched,target_locked,VisualCogB_Task-1,16,logistic_wave64_l2_0.1,wave64,0.1,0,0.0,0.5506613865555324,VisualCogA_Task-2,134,80,0.5375,0.5285714285714286,0.5676190476190476,0.5285873546743112
q1_quality_matched,target_locked,VisualCogB_Task-1,16,logistic_wave64_l2_0.1,wave64,0.1,0,0.0,0.5506613865555324,VisualCogB_Task-2,134,80,0.5375,0.5358265241986172,0.5788812067881836,0.5356862745098039
q1_quality_matched,target_locked,VisualCogB_Task-1,17,logistic_wave64_l2_10,wave64,10.0,0,0.0,0.5153210972457164,VisualCogA_Task-1,160,54,0.6296296296296297,0.6220689655172413,0.6110344827586207,0.6213183730715287
q1_quality_matched,target_locked,VisualCogB_Task-1,17,logistic_wave64_l2_10,wave64,10.0,0,0.0,0.5153210972457164,VisualCogA_Task-2,134,80,0.475,0.4634920634920635,0.5301587301587303,0.4629156010230179
q1_quality_matched,target_locked,VisualCogB_Task-1,17,logistic_wave64_l2_10,wave64,10.0,0,0.0,0.5153210972457164,VisualCogB_Task-2,134,80,0.4625,0.4604022627278441,0.4556882463859208,0.46039215686274515
q1_quality_matched,target_locked,VisualCogB_Task-1,18,logistic_wave64_l2_100,wave64,100.0,0,0.0,0.5016313759056341,VisualCogA_Task-1,160,54,0.5370370370370371,0.5303448275862069,0.5710344827586207,0.5291245204046041
q1_quality_matched,target_locked,VisualCogB_Task-1,18,logistic_wave64_l2_100,wave64,100.0,0,0.0,0.5016313759056341,VisualCogA_Task-2,134,80,0.5375,0.5317460317460317,0.500952380952381,0.531571451178984
q1_quality_matched,target_locked,VisualCogB_Task-1,18,logistic_wave64_l2_100,wave64,100.0,0,0.0,0.5016313759056341,VisualCogB_Task-2,134,80,0.4375,0.4428032683846637,0.40226272784412315,0.43670787044281023
q1_quality_matched,target_locked,VisualCogB_Task-1,19,logistic_wave64_l2_1,wave64,1.0,0,0.0,0.553261129155275,VisualCogA_Task-1,160,54,0.5740740740740741,0.5675862068965517,0.6248275862068966,0.5667945587722358
q1_quality_matched,target_locked,VisualCogB_Task-1,19,logistic_wave64_l2_1,wave64,1.0,0,0.0,0.553261129155275,VisualCogA_Task-2,134,80,0.55,0.5428571428571428,0.5523809523809524,0.5428571428571428
q1_quality_matched,target_locked,VisualCogB_Task-1,19,logistic_wave64_l2_1,wave64,1.0,0,0.0,0.553261129155275,VisualCogB_Task-2,134,80,0.55,0.5493400377121307,0.5430546825895664,0.5488721804511278
q1_quality_matched,target_locked,VisualCogB_Task-1,20,csp_e1_shrink0.01_l2_0.1,csp,0.1,1,0.01,0.4950177970386471,VisualCogA_Task-1,160,54,0.46296296296296297,0.4751724137931035,0.4993103448275862,0.4537844436693408
q1_quality_matched,target_locked,VisualCogB_Task-1,20,csp_e1_shrink0.01_l2_0.1,csp,0.1,1,0.01,0.4950177970386471,VisualCogA_Task-2,134,80,0.5,0.48253968253968255,0.47111111111111115,0.4791666666666667
q1_quality_matched,target_locked,VisualCogB_Task-1,20,csp_e1_shrink0.01_l2_0.1,csp,0.1,1,0.01,0.4950177970386471,VisualCogB_Task-2,134,80,0.5,0.5273412947831553,0.6423632935260841,0.4409503843466107
q1_quality_matched,target_locked,VisualCogB_Task-1,21,csp_e1_shrink0.01_l2_1,csp,1.0,1,0.01,0.4968568774984172,VisualCogA_Task-1,160,54,0.46296296296296297,0.4806896551724138,0.4993103448275862,0.43971377459749555
q1_quality_matched,target_locked,VisualCogB_Task-1,21,csp_e1_shrink0.01_l2_1,csp,1.0,1,0.01,0.4968568774984172,VisualCogA_Task-2,134,80,0.5,0.48253968253968255,0.4685714285714285,0.4791666666666667
q1_quality_matched,target_locked,VisualCogB_Task-1,21,csp_e1_shrink0.01_l2_1,csp,1.0,1,0.01,0.4968568774984172,VisualCogB_Task-2,134,80,0.5,0.5273412947831553,0.6323067253299811,0.4409503843466107
q1_quality_matched,target_locked,VisualCogB_Task-1,22,csp_e1_shrink0.01_l2_10,csp,10.0,1,0.01,0.49667260570227684,VisualCogA_Task-1,160,54,0.42592592592592593,0.44620689655172413,0.496551724137931,0.39060793593010557
q1_quality_matched,target_locked,VisualCogB_Task-1,22,csp_e1_shrink0.01_l2_10,csp,10.0,1,0.01,0.49667260570227684,VisualCogA_Task-2,134,80,0.5375,0.5126984126984127,0.4831746031746032,0.5032723611344185
q1_quality_matched,target_locked,VisualCogB_Task-1,22,csp_e1_shrink0.01_l2_10,csp,10.0,1,0.01,0.49667260570227684,VisualCogB_Task-2,134,80,0.5,0.531112507856694,0.5895663104965431,0.4181818181818182
q1_quality_matched,target_locked,VisualCogB_Task-1,23,csp_e1_shrink0.1_l2_0.1,csp,0.1,1,0.1,0.5077490504595557,VisualCogA_Task-1,160,54,0.5185185185185185,0.5324137931034483,0.5282758620689655,0.5077138849929874
q1_quality_matched,target_locked,VisualCogB_Task-1,23,csp_e1_shrink0.1_l2_0.1,csp,0.1,1,0.1,0.5077490504595557,VisualCogA_Task-2,134,80,0.475,0.4634920634920635,0.46730158730158733,0.4629156010230179
q1_quality_matched,target_locked,VisualCogB_Task-1,23,csp_e1_shrink0.1_l2_0.1,csp,0.1,1,0.1,0.5077490504595557,VisualCogB_Task-2,134,80,0.5,0.5273412947831553,0.6360779384035198,0.4409503843466107
q1_quality_matched,target_locked,VisualCogB_Task-1,24,csp_e1_shrink0.1_l2_1,csp,1.0,1,0.1,0.5020019240227741,VisualCogA_Task-1,160,54,0.5,0.5151724137931034,0.5296551724137931,0.4857142857142857
q1_quality_matched,target_locked,VisualCogB_Task-1,24,csp_e1_shrink0.1_l2_1,csp,1.0,1,0.1,0.5020019240227741,VisualCogA_Task-2,134,80,0.475,0.4634920634920635,0.46095238095238095,0.4629156010230179
q1_quality_matched,target_locked,VisualCogB_Task-1,24,csp_e1_shrink0.1_l2_1,csp,1.0,1,0.1,0.5020019240227741,VisualCogB_Task-2,134,80,0.5,0.5273412947831553,0.6329352608422376,0.4409503843466107
q1_quality_matched,target_locked,VisualCogB_Task-1,25,csp_e1_shrink0.1_l2_10,csp,10.0,1,0.1,0.4870101353501514,VisualCogA_Task-1,160,54,0.42592592592592593,0.44896551724137934,0.5296551724137931,0.37792642140468224
q1_quality_matched,target_locked,VisualCogB_Task-1,25,csp_e1_shrink0.1_l2_10,csp,10.0,1,0.1,0.4870101353501514,VisualCogA_Task-2,134,80,0.5125,0.4809523809523809,0.473015873015873,0.4597402597402597
q1_quality_matched,target_locked,VisualCogB_Task-1,25,csp_e1_shrink0.1_l2_10,csp,10.0,1,0.1,0.4870101353501514,VisualCogB_Task-2,134,80,0.5,0.531112507856694,0.5895663104965431,0.4181818181818182
q1_quality_matched,target_locked,VisualCogB_Task-1,26,csp_e2_shrink0.01_l2_0.1,csp,0.1,2,0.01,0.48718634547022677,VisualCogA_Task-1,160,54,0.46296296296296297,0.4696551724137931,0.503448275862069,0.4613003095975232
q1_quality_matched,target_locked,VisualCogB_Task-1,26,csp_e2_shrink0.01_l2_0.1,csp,0.1,2,0.01,0.48718634547022677,VisualCogA_Task-2,134,80,0.475,0.47619047619047616,0.426031746031746,0.4736842105263158
q1_quality_matched,target_locked,VisualCogB_Task-1,26,csp_e2_shrink0.01_l2_0.1,csp,0.1,2,0.01,0.48718634547022677,VisualCogB_Task-2,134,80,0.4875,0.5157133878064111,0.6253928346951602,0.42161876212308236
q1_quality_matched,target_locked,VisualCogB_Task-1,27,csp_e2_shrink0.01_l2_1,csp,1.0,2,0.01,0.482424440708322,VisualCogA_Task-1,160,54,0.46296296296296297,0.4696551724137931,0.5020689655172413,0.4613003095975232
q1_quality_matched,target_locked,VisualCogB_Task-1,27,csp_e2_shrink0.01_l2_1,csp,1.0,2,0.01,0.482424440708322,VisualCogA_Task-2,134,80,0.4625,0.46190476190476193,0.42666666666666664,0.46039215686274515
q1_quality_matched,target_locked,VisualCogB_Task-1,27,csp_e2_shrink0.01_l2_1,csp,1.0,2,0.01,0.482424440708322,VisualCogB_Task-2,134,80,0.4875,0.5157133878064111,0.6203645505971087,0.42161876212308236
q1_quality_matched,target_locked,VisualCogB_Task-1,28,csp_e2_shrink0.01_l2_10,csp,10.0,2,0.01,0.4751502218222347,VisualCogA_Task-1,160,54,0.4444444444444444,0.45517241379310347,0.5117241379310344,0.4375
q1_quality_matched,target_locked,VisualCogB_Task-1,28,csp_e2_shrink0.01_l2_10,csp,10.0,2,0.01,0.4751502218222347,VisualCogA_Task-2,134,80,0.45,0.45079365079365075,0.42412698412698413,0.44862155388471175
q1_quality_matched,target_locked,VisualCogB_Task-1,28,csp_e2_shrink0.01_l2_10,csp,10.0,2,0.01,0.4751502218222347,VisualCogB_Task-2,134,80,0.4875,0.5194846008799497,0.5769956002514143,0.3969479683765398
q1_quality_matched,target_locked,VisualCogB_Task-1,29,csp_e2_shrink0.1_l2_0.1,csp,0.1,2,0.1,0.46958798184139,VisualCogA_Task-1,160,54,0.42592592592592593,0.43517241379310345,0.5158620689655172,0.42096160498097546
q1_quality_matched,target_locked,VisualCogB_Task-1,29,csp_e2_shrink0.1_l2_0.1,csp,0.1,2,0.1,0.46958798184139,VisualCogA_Task-2,134,80,0.4375,0.4365079365079365,0.4107936507936508,0.43529411764705883
q1_quality_matched,target_locked,VisualCogB_Task-1,29,csp_e2_shrink0.1_l2_0.1,csp,0.1,2,0.1,0.46958798184139,VisualCogB_Task-2,134,80,0.5125,0.5370835952231301,0.6052796983029541,0.46857434849259066
q1_quality_matched,target_locked,VisualCogB_Task-1,30,csp_e2_shrink0.1_l2_1,csp,1.0,2,0.1,0.47132047845760755,VisualCogA_Task-1,160,54,0.4444444444444444,0.45517241379310347,0.5158620689655172,0.4375
q1_quality_matched,target_locked,VisualCogB_Task-1,30,csp_e2_shrink0.1_l2_1,csp,1.0,2,0.1,0.47132047845760755,VisualCogA_Task-2,134,80,0.4375,0.43333333333333335,0.41333333333333333,0.43316013226263583
q1_quality_matched,target_locked,VisualCogB_Task-1,30,csp_e2_shrink0.1_l2_1,csp,1.0,2,0.1,0.47132047845760755,VisualCogB_Task-2,134,80,0.5,0.5254556882463859,0.605279698302954,0.45054945054945056
q1_quality_matched,target_locked,VisualCogB_Task-1,31,csp_e2_shrink0.1_l2_10,csp,10.0,2,0.1,0.4849978767861687,VisualCogA_Task-1,160,54,0.5,0.5151724137931034,0.5255172413793103,0.4857142857142857
q1_quality_matched,target_locked,VisualCogB_Task-1,31,csp_e2_shrink0.1_l2_10,csp,10.0,2,0.1,0.4849978767861687,VisualCogA_Task-2,134,80,0.425,0.4222222222222222,0.41650793650793644,0.42174732872407295
q1_quality_matched,target_locked,VisualCogB_Task-1,31,csp_e2_shrink0.1_l2_10,csp,10.0,2,0.1,0.4849978767861687,VisualCogB_Task-2,134,80,0.4875,0.5175989943431805,0.5725958516656191,0.40996582119086167
q1_quality_matched,target_locked,VisualCogB_Task-2,0,baseline_logistic_l2_1,baseline_13,1.0,0,0.0,0.5234581547785923,VisualCogA_Task-1,163,54,0.48148148148148145,0.47862068965517246,0.45379310344827584,0.47862068965517246
q1_quality_matched,target_locked,VisualCogB_Task-2,0,baseline_logistic_l2_1,baseline_13,1.0,0,0.0,0.5234581547785923,VisualCogA_Task-2,137,80,0.5875,0.5476190476190477,0.5517460317460318,0.5146166574738004
q1_quality_matched,target_locked,VisualCogB_Task-2,0,baseline_logistic_l2_1,baseline_13,1.0,0,0.0,0.5234581547785923,VisualCogB_Task-1,134,83,0.5421686746987951,0.5441347270615563,0.5714285714285714,0.5306547619047619
q1_quality_matched,target_locked,VisualCogB_Task-2,1,logistic_baseline_13_l2_0.1,baseline_13,0.1,0,0.0,0.5051803792257955,VisualCogA_Task-1,163,54,0.46296296296296297,0.4613793103448276,0.463448275862069,0.4613003095975232
q1_quality_matched,target_locked,VisualCogB_Task-2,1,logistic_baseline_13_l2_0.1,baseline_13,0.1,0,0.0,0.5051803792257955,VisualCogA_Task-2,137,80,0.5625,0.5222222222222223,0.5511111111111111,0.4851994851994852
q1_quality_matched,target_locked,VisualCogB_Task-2,1,logistic_baseline_13_l2_0.1,baseline_13,0.1,0,0.0,0.5051803792257955,VisualCogB_Task-1,134,83,0.5301204819277109,0.5319396051103369,0.5627177700348432,0.5200889547813194
q1_quality_matched,target_locked,VisualCogB_Task-2,2,logistic_baseline_13_l2_10,baseline_13,10.0,0,0.0,0.5213585290204298,VisualCogA_Task-1,163,54,0.4444444444444444,0.4386206896551724,0.4524137931034483,0.4375
q1_quality_matched,target_locked,VisualCogB_Task-2,2,logistic_baseline_13_l2_10,baseline_13,10.0,0,0.0,0.5213585290204298,VisualCogA_Task-2,137,80,0.5875,0.5444444444444444,0.5415873015873016,0.5029184710977217
q1_quality_matched,target_locked,VisualCogB_Task-2,2,logistic_baseline_13_l2_10,baseline_13,10.0,0,0.0,0.5213585290204298,VisualCogB_Task-1,134,83,0.5783132530120482,0.5810104529616725,0.5760743321718932,0.5575019040365575
q1_quality_matched,target_locked,VisualCogB_Task-2,3,logistic_baseline_13_l2_100,baseline_13,100.0,0,0.0,0.5239023945247663,VisualCogA_Task-1,163,54,0.5185185185185185,0.5048275862068966,0.45103448275862074,0.4935064935064935
q1_quality_matched,target_locked,VisualCogB_Task-2,3,logistic_baseline_13_l2_100,baseline_13,100.0,0,0.0,0.5239023945247663,VisualCogA_Task-2,137,80,0.6,0.5555555555555556,0.5041269841269842,0.5118230358504958
q1_quality_matched,target_locked,VisualCogB_Task-2,3,logistic_baseline_13_l2_100,baseline_13,100.0,0,0.0,0.5239023945247663,VisualCogB_Task-1,134,83,0.5060240963855421,0.5113240418118467,0.5905923344947736,0.3915608796710173
q1_quality_matched,target_locked,VisualCogB_Task-2,4,logistic_erp_100ms_l2_0.1,erp_100ms,0.1,0,0.0,0.5079916429706169,VisualCogA_Task-1,163,54,0.48148148148148145,0.47862068965517246,0.52,0.47862068965517246
q1_quality_matched,target_locked,VisualCogB_Task-2,4,logistic_erp_100ms_l2_0.1,erp_100ms,0.1,0,0.0,0.5079916429706169,VisualCogA_Task-2,137,80,0.575,0.5619047619047619,0.5866666666666667,0.5615731785944552
q1_quality_matched,target_locked,VisualCogB_Task-2,4,logistic_erp_100ms_l2_0.1,erp_100ms,0.1,0,0.0,0.5079916429706169,VisualCogB_Task-1,134,83,0.4819277108433735,0.48344947735191635,0.4889663182346109,0.47429665635586976
q1_quality_matched,target_locked,VisualCogB_Task-2,5,logistic_erp_100ms_l2_10,erp_100ms,10.0,0,0.0,0.5448352846418448,VisualCogA_Task-1,163,54,0.6296296296296297,0.6193103448275862,0.6455172413793103,0.6164772727272727
q1_quality_matched,target_locked,VisualCogB_Task-2,5,logistic_erp_100ms_l2_10,erp_100ms,10.0,0,0.0,0.5448352846418448,VisualCogA_Task-2,137,80,0.575,0.5555555555555556,0.5695238095238095,0.5523370638578011
q1_quality_matched,target_locked,VisualCogB_Task-2,5,logistic_erp_100ms_l2_10,erp_100ms,10.0,0,0.0,0.5448352846418448,VisualCogB_Task-1,134,83,0.4578313253012048,0.45963995354239257,0.4663182346109176,0.4462564862861379
q1_quality_matched,target_locked,VisualCogB_Task-2,6,logistic_erp_100ms_l2_100,erp_100ms,100.0,0,0.0,0.5452155784283623,VisualCogA_Task-1,163,54,0.6296296296296297,0.6027586206896551,0.7131034482758621,0.555921052631579
q1_quality_matched,target_locked,VisualCogB_Task-2,6,logistic_erp_100ms_l2_100,erp_100ms,100.0,0,0.0,0.5452155784283623,VisualCogA_Task-2,137,80,0.5625,0.5349206349206349,0.593015873015873,0.5230795435189917
q1_quality_matched,target_locked,VisualCogB_Task-2,6,logistic_erp_100ms_l2_100,erp_100ms,100.0,0,0.0,0.5452155784283623,VisualCogB_Task-1,134,83,0.4939759036144578,0.4979674796747967,0.48838559814169574,0.4340909090909091
q1_quality_matched,target_locked,VisualCogB_Task-2,7,logistic_erp_100ms_l2_1,erp_100ms,1.0,0,0.0,0.48090872682125835,VisualCogA_Task-1,163,54,0.5,0.4958620689655172,0.5462068965517242,0.4956762365963334
q1_quality_matched,target_locked,VisualCogB_Task-2,7,logistic_erp_100ms_l2_1,erp_100ms,1.0,0,0.0,0.48090872682125835,VisualCogA_Task-2,137,80,0.5125,0.5,0.5625396825396826,0.4992778045257583
q1_quality_matched,target_locked,VisualCogB_Task-2,7,logistic_erp_100ms_l2_1,erp_100ms,1.0,0,0.0,0.48090872682125835,VisualCogB_Task-1,134,83,0.4457831325301205,0.4468641114982579,0.48083623693379796,0.441812865497076
q1_quality_matched,target_locked,VisualCogB_Task-2,8,logistic_erp_50ms_l2_0.1,erp_50ms,0.1,0,0.0,0.5120198379323694,VisualCogA_Task-1,163,54,0.5555555555555556,0.5558620689655173,0.5379310344827586,0.554945054945055
q1_quality_matched,target_locked,VisualCogB_Task-2,8,logistic_erp_50ms_l2_0.1,erp_50ms,0.1,0,0.0,0.5120198379323694,VisualCogA_Task-2,137,80,0.5,0.4857142857142857,0.4761904761904762,0.4842037395228885
q1_quality_matched,target_locked,VisualCogB_Task-2,8,logistic_erp_50ms_l2_0.1,erp_50ms,0.1,0,0.0,0.5120198379323694,VisualCogB_Task-1,134,83,0.4939759036144578,0.49448315911730545,0.4709639953542393,0.4933139534883721
q1_quality_matched,target_locked,VisualCogB_Task-2,9,logistic_erp_50ms_l2_10,erp_50ms,10.0,0,0.0,0.5232352116624615,VisualCogA_Task-1,163,54,0.5740740740740741,0.5648275862068965,0.6206896551724138,0.5619047619047619
q1_quality_matched,target_locked,VisualCogB_Task-2,9,logistic_erp_50ms_l2_10,erp_50ms,10.0,0,0.0,0.5232352116624615,VisualCogA_Task-2,137,80,0.55,0.5333333333333333,0.5606349206349206,0.53125
q1_quality_matched,target_locked,VisualCogB_Task-2,9,logistic_erp_50ms_l2_10,erp_50ms,10.0,0,0.0,0.5232352116624615,VisualCogB_Task-1,134,83,0.46987951807228917,0.4715447154471545,0.4721254355400697,0.46040189125295505
q1_quality_matched,target_locked,VisualCogB_Task-2,10,logistic_erp_50ms_l2_100,erp_50ms,100.0,0,0.0,0.5339161894081995,VisualCogA_Task-1,163,54,0.6111111111111112,0.5882758620689655,0.7186206896551725,0.5561643835616439
q1_quality_matched,target_locked,VisualCogB_Task-2,10,logistic_erp_50ms_l2_100,erp_50ms,100.0,0,0.0,0.5339161894081995,VisualCogA_Task-2,137,80,0.575,0.5523809523809524,0.5917460317460318,0.5466666666666666
q1_quality_matched,target_locked,VisualCogB_Task-2,10,logistic_erp_50ms_l2_100,erp_50ms,100.0,0,0.0,0.5339161894081995,VisualCogB_Task-1,134,83,0.4578313253012048,0.4610917537746806,0.47851335656213706,0.4168618266978923
q1_quality_matched,target_locked,VisualCogB_Task-2,11,logistic_erp_50ms_l2_1,erp_50ms,1.0,0,0.0,0.5109526034505009,VisualCogA_Task-1,163,54,0.5185185185185185,0.5158620689655172,0.5489655172413793,0.5158620689655172
q1_quality_matched,target_locked,VisualCogB_Task-2,11,logistic_erp_50ms_l2_1,erp_50ms,1.0,0,0.0,0.5109526034505009,VisualCogA_Task-2,137,80,0.5375,0.5222222222222223,0.5498412698412698,0.5206477732793522
q1_quality_matched,target_locked,VisualCogB_Task-2,11,logistic_erp_50ms_l2_1,erp_50ms,1.0,0,0.0,0.5109526034505009,VisualCogB_Task-1,134,83,0.4939759036144578,0.4947735191637631,0.4727061556329849,0.49213286713286714
q1_quality_matched,target_locked,VisualCogB_Task-2,12,logistic_spatial_100ms_l2_0.1,spatial_100ms,0.1,0,0.0,0.5079916429706169,VisualCogA_Task-1,163,54,0.48148148148148145,0.47862068965517246,0.52,0.47862068965517246
q1_quality_matched,target_locked,VisualCogB_Task-2,12,logistic_spatial_100ms_l2_0.1,spatial_100ms,0.1,0,0.0,0.5079916429706169,VisualCogA_Task-2,137,80,0.575,0.5619047619047619,0.5866666666666667,0.5615731785944552
q1_quality_matched,target_locked,VisualCogB_Task-2,12,logistic_spatial_100ms_l2_0.1,spatial_100ms,0.1,0,0.0,0.5079916429706169,VisualCogB_Task-1,134,83,0.4819277108433735,0.48344947735191635,0.4889663182346109,0.47429665635586976
q1_quality_matched,target_locked,VisualCogB_Task-2,13,logistic_spatial_100ms_l2_10,spatial_100ms,10.0,0,0.0,0.5448352846418448,VisualCogA_Task-1,163,54,0.6296296296296297,0.6193103448275862,0.6455172413793103,0.6164772727272727
q1_quality_matched,target_locked,VisualCogB_Task-2,13,logistic_spatial_100ms_l2_10,spatial_100ms,10.0,0,0.0,0.5448352846418448,VisualCogA_Task-2,137,80,0.575,0.5555555555555556,0.5695238095238095,0.5523370638578011
q1_quality_matched,target_locked,VisualCogB_Task-2,13,logistic_spatial_100ms_l2_10,spatial_100ms,10.0,0,0.0,0.5448352846418448,VisualCogB_Task-1,134,83,0.4578313253012048,0.45963995354239257,0.4663182346109176,0.4462564862861379
q1_quality_matched,target_locked,VisualCogB_Task-2,14,logistic_spatial_100ms_l2_100,spatial_100ms,100.0,0,0.0,0.5452155784283623,VisualCogA_Task-1,163,54,0.6296296296296297,0.6027586206896551,0.7131034482758621,0.555921052631579
q1_quality_matched,target_locked,VisualCogB_Task-2,14,logistic_spatial_100ms_l2_100,spatial_100ms,100.0,0,0.0,0.5452155784283623,VisualCogA_Task-2,137,80,0.5625,0.5349206349206349,0.593015873015873,0.5230795435189917
q1_quality_matched,target_locked,VisualCogB_Task-2,14,logistic_spatial_100ms_l2_100,spatial_100ms,100.0,0,0.0,0.5452155784283623,VisualCogB_Task-1,134,83,0.4939759036144578,0.4979674796747967,0.48838559814169574,0.4340909090909091
q1_quality_matched,target_locked,VisualCogB_Task-2,15,logistic_spatial_100ms_l2_1,spatial_100ms,1.0,0,0.0,0.48090872682125835,VisualCogA_Task-1,163,54,0.5,0.4958620689655172,0.5462068965517242,0.4956762365963334
q1_quality_matched,target_locked,VisualCogB_Task-2,15,logistic_spatial_100ms_l2_1,spatial_100ms,1.0,0,0.0,0.48090872682125835,VisualCogA_Task-2,137,80,0.5125,0.5,0.5625396825396826,0.4992778045257583
q1_quality_matched,target_locked,VisualCogB_Task-2,15,logistic_spatial_100ms_l2_1,spatial_100ms,1.0,0,0.0,0.48090872682125835,VisualCogB_Task-1,134,83,0.4457831325301205,0.4468641114982579,0.48083623693379796,0.441812865497076
q1_quality_matched,target_locked,VisualCogB_Task-2,16,logistic_wave64_l2_0.1,wave64,0.1,0,0.0,0.46099603508350356,VisualCogA_Task-1,163,54,0.4444444444444444,0.44413793103448274,0.5034482758620691,0.44368131868131866
q1_quality_matched,target_locked,VisualCogB_Task-2,16,logistic_wave64_l2_0.1,wave64,0.1,0,0.0,0.46099603508350356,VisualCogA_Task-2,137,80,0.4375,0.43333333333333335,0.46984126984126984,0.43316013226263583
q1_quality_matched,target_locked,VisualCogB_Task-2,16,logistic_wave64_l2_0.1,wave64,0.1,0,0.0,0.46099603508350356,VisualCogB_Task-1,134,83,0.5060240963855421,0.5055168408826946,0.5162601626016261,0.504874145205878
q1_quality_matched,target_locked,VisualCogB_Task-2,17,logistic_wave64_l2_10,wave64,10.0,0,0.0,0.5361927011716751,VisualCogA_Task-1,163,54,0.5370370370370371,0.5386206896551724,0.583448275862069,0.5368782161234991
q1_quality_matched,target_locked,VisualCogB_Task-2,17,logistic_wave64_l2_10,wave64,10.0,0,0.0,0.5361927011716751,VisualCogA_Task-2,137,80,0.5625,0.5507936507936508,0.5568253968253968,0.550633927138501
q1_quality_matched,target_locked,VisualCogB_Task-2,17,logistic_wave64_l2_10,wave64,10.0,0,0.0,0.5361927011716751,VisualCogB_Task-1,134,83,0.5180722891566265,0.519163763066202,0.5034843205574913,0.5146198830409356
q1_quality_matched,target_locked,VisualCogB_Task-2,18,logistic_wave64_l2_100,wave64,100.0,0,0.0,0.5438011578802159,VisualCogA_Task-1,163,54,0.5555555555555556,0.5475862068965517,0.6744827586206897,0.5455820476858345
q1_quality_matched,target_locked,VisualCogB_Task-2,18,logistic_wave64_l2_100,wave64,100.0,0,0.0,0.5438011578802159,VisualCogA_Task-2,137,80,0.5875,0.5634920634920635,0.5885714285714285,0.5569726464171841
q1_quality_matched,target_locked,VisualCogB_Task-2,18,logistic_wave64_l2_100,wave64,100.0,0,0.0,0.5438011578802159,VisualCogB_Task-1,134,83,0.5180722891566265,0.5203252032520325,0.4947735191637631,0.5018007202881152
q1_quality_matched,target_locked,VisualCogB_Task-2,19,logistic_wave64_l2_1,wave64,1.0,0,0.0,0.4840976588747825,VisualCogA_Task-1,163,54,0.5185185185185185,0.5213793103448277,0.5448275862068965,0.5185185185185185
q1_quality_matched,target_locked,VisualCogB_Task-2,19,logistic_wave64_l2_1,wave64,1.0,0,0.0,0.4840976588747825,VisualCogA_Task-2,137,80,0.4625,0.4492063492063492,0.5053968253968255,0.4479216819130155
q1_quality_matched,target_locked,VisualCogB_Task-2,19,logistic_wave64_l2_1,wave64,1.0,0,0.0,0.4840976588747825,VisualCogB_Task-1,134,83,0.4819277108433735,0.4817073170731707,0.5040650406504065,0.48162672476397966
q1_quality_matched,target_locked,VisualCogB_Task-2,20,csp_e1_shrink0.01_l2_0.1,csp,0.1,1,0.01,0.5031296585543853,VisualCogA_Task-1,163,54,0.48148148148148145,0.47586206896551725,0.5048275862068966,0.475
q1_quality_matched,target_locked,VisualCogB_Task-2,20,csp_e1_shrink0.01_l2_0.1,csp,0.1,1,0.01,0.5031296585543853,VisualCogA_Task-2,137,80,0.575,0.5492063492063493,0.5504761904761905,0.5402298850574713
q1_quality_matched,target_locked,VisualCogB_Task-2,20,csp_e1_shrink0.01_l2_0.1,csp,0.1,1,0.01,0.5031296585543853,VisualCogB_Task-1,134,83,0.4819277108433735,0.4843205574912892,0.49593495934959353,0.46193276044022313
q1_quality_matched,target_locked,VisualCogB_Task-2,21,csp_e1_shrink0.01_l2_1,csp,1.0,1,0.01,0.49576612777622026,VisualCogA_Task-1,163,54,0.46296296296296297,0.45586206896551723,0.5006896551724138,0.4537844436693408
q1_quality_matched,target_locked,VisualCogB_Task-2,21,csp_e1_shrink0.01_l2_1,csp,1.0,1,0.01,0.49576612777622026,VisualCogA_Task-2,137,80,0.5625,0.5349206349206349,0.5504761904761905,0.5230795435189917
q1_quality_matched,target_locked,VisualCogB_Task-2,21,csp_e1_shrink0.01_l2_1,csp,1.0,1,0.01,0.49576612777622026,VisualCogB_Task-1,134,83,0.4939759036144578,0.4965156794425087,0.5005807200929151,0.4718181818181818
q1_quality_matched,target_locked,VisualCogB_Task-2,22,csp_e1_shrink0.01_l2_10,csp,10.0,1,0.01,0.493144432429546,VisualCogA_Task-1,163,54,0.48148148148148145,0.47310344827586204,0.48827586206896556,0.4698457223001402
q1_quality_matched,target_locked,VisualCogB_Task-2,22,csp_e1_shrink0.01_l2_10,csp,10.0,1,0.01,0.493144432429546,VisualCogA_Task-2,137,80,0.575,0.5333333333333333,0.5511111111111111,0.49404761904761907
q1_quality_matched,target_locked,VisualCogB_Task-2,22,csp_e1_shrink0.01_l2_10,csp,10.0,1,0.01,0.493144432429546,VisualCogB_Task-1,134,83,0.46987951807228917,0.4729965156794425,0.5081300813008129,0.43362282878411906
q1_quality_matched,target_locked,VisualCogB_Task-2,23,csp_e1_shrink0.1_l2_0.1,csp,0.1,1,0.1,0.49295615452049435,VisualCogA_Task-1,163,54,0.46296296296296297,0.45862068965517244,0.5103448275862069,0.45831892078865444
q1_quality_matched,target_locked,VisualCogB_Task-2,23,csp_e1_shrink0.1_l2_0.1,csp,0.1,1,0.1,0.49295615452049435,VisualCogA_Task-2,137,80,0.5875,0.5603174603174603,0.5447619047619047,0.5503321410321922
q1_quality_matched,target_locked,VisualCogB_Task-2,23,csp_e1_shrink0.1_l2_0.1,csp,0.1,1,0.1,0.49295615452049435,VisualCogB_Task-1,134,83,0.4578313253012048,0.45993031358885017,0.5087108013937283,0.4419542805916629
q1_quality_matched,target_locked,VisualCogB_Task-2,24,csp_e1_shrink0.1_l2_1,csp,1.0,1,0.1,0.49295615452049435,VisualCogA_Task-1,163,54,0.46296296296296297,0.45862068965517244,0.5062068965517241,0.45831892078865444
q1_quality_matched,target_locked,VisualCogB_Task-2,24,csp_e1_shrink0.1_l2_1,csp,1.0,1,0.1,0.49295615452049435,VisualCogA_Task-2,137,80,0.5875,0.5603174603174603,0.5447619047619047,0.5503321410321922
q1_quality_matched,target_locked,VisualCogB_Task-2,24,csp_e1_shrink0.1_l2_1,csp,1.0,1,0.1,0.49295615452049435,VisualCogB_Task-1,134,83,0.4578313253012048,0.45993031358885017,0.5069686411149825,0.4419542805916629
q1_quality_matched,target_locked,VisualCogB_Task-2,25,csp_e1_shrink0.1_l2_10,csp,10.0,1,0.1,0.47698506147623054,VisualCogA_Task-1,163,54,0.4444444444444444,0.4386206896551724,0.496551724137931,0.4375
q1_quality_matched,target_locked,VisualCogB_Task-2,25,csp_e1_shrink0.1_l2_10,csp,10.0,1,0.1,0.47698506147623054,VisualCogA_Task-2,137,80,0.5625,0.5190476190476191,0.5453968253968253,0.4727923178309169
q1_quality_matched,target_locked,VisualCogB_Task-2,25,csp_e1_shrink0.1_l2_10,csp,10.0,1,0.1,0.47698506147623054,VisualCogB_Task-1,134,83,0.46987951807228917,0.4732868757259001,0.5034843205574913,0.4257861635220126
q1_quality_matched,target_locked,VisualCogB_Task-2,26,csp_e2_shrink0.01_l2_0.1,csp,0.1,2,0.01,0.47808972014186485,VisualCogA_Task-1,163,54,0.46296296296296297,0.45862068965517244,0.4537931034482759,0.45831892078865444
q1_quality_matched,target_locked,VisualCogB_Task-2,26,csp_e2_shrink0.01_l2_0.1,csp,0.1,2,0.01,0.47808972014186485,VisualCogA_Task-2,137,80,0.5625,0.5412698412698413,0.5403174603174603,0.5363470773306839
q1_quality_matched,target_locked,VisualCogB_Task-2,26,csp_e2_shrink0.01_l2_0.1,csp,0.1,2,0.01,0.47808972014186485,VisualCogB_Task-1,134,83,0.43373493975903615,0.4343786295005807,0.45238095238095233,0.43241670304088464
q1_quality_matched,target_locked,VisualCogB_Task-2,27,csp_e2_shrink0.01_l2_1,csp,1.0,2,0.01,0.4862198014426779,VisualCogA_Task-1,163,54,0.46296296296296297,0.45862068965517244,0.44551724137931037,0.45831892078865444
q1_quality_matched,target_locked,VisualCogB_Task-2,27,csp_e2_shrink0.01_l2_1,csp,1.0,2,0.01,0.4862198014426779,VisualCogA_Task-2,137,80,0.5625,0.5412698412698413,0.539047619047619,0.5363470773306839
q1_quality_matched,target_locked,VisualCogB_Task-2,27,csp_e2_shrink0.01_l2_1,csp,1.0,2,0.01,0.4862198014426779,VisualCogB_Task-1,134,83,0.4578313253012048,0.45876887340301975,0.45180023228803723,0.45498321902816286
q1_quality_matched,target_locked,VisualCogB_Task-2,28,csp_e2_shrink0.01_l2_10,csp,10.0,2,0.01,0.48918147391654543,VisualCogA_Task-1,163,54,0.46296296296296297,0.45862068965517244,0.4331034482758621,0.45831892078865444
q1_quality_matched,target_locked,VisualCogB_Task-2,28,csp_e2_shrink0.01_l2_10,csp,10.0,2,0.01,0.48918147391654543,VisualCogA_Task-2,137,80,0.575,0.5365079365079365,0.5447619047619048,0.5054545454545455
q1_quality_matched,target_locked,VisualCogB_Task-2,28,csp_e2_shrink0.01_l2_10,csp,10.0,2,0.01,0.48918147391654543,VisualCogB_Task-1,134,83,0.46987951807228917,0.47241579558652735,0.4819976771196284,0.44666666666666666
q1_quality_matched,target_locked,VisualCogB_Task-2,29,csp_e2_shrink0.1_l2_0.1,csp,0.1,2,0.1,0.47491511696726163,VisualCogA_Task-1,163,54,0.46296296296296297,0.45862068965517244,0.46068965517241384,0.45831892078865444
q1_quality_matched,target_locked,VisualCogB_Task-2,29,csp_e2_shrink0.1_l2_0.1,csp,0.1,2,0.1,0.47491511696726163,VisualCogA_Task-2,137,80,0.525,0.5079365079365079,0.5371428571428571,0.5052083333333333
q1_quality_matched,target_locked,VisualCogB_Task-2,29,csp_e2_shrink0.1_l2_0.1,csp,0.1,2,0.1,0.47491511696726163,VisualCogB_Task-1,134,83,0.4578313253012048,0.45818815331010454,0.45180023228803723,0.45751633986928103
q1_quality_matched,target_locked,VisualCogB_Task-2,30,csp_e2_shrink0.1_l2_1,csp,1.0,2,0.1,0.48251609773897414,VisualCogA_Task-1,163,54,0.46296296296296297,0.45862068965517244,0.4482758620689655,0.45831892078865444
q1_quality_matched,target_locked,VisualCogB_Task-2,30,csp_e2_shrink0.1_l2_1,csp,1.0,2,0.1,0.48251609773897414,VisualCogA_Task-2,137,80,0.55,0.5301587301587302,0.540952380952381,0.5260039499670837
q1_quality_matched,target_locked,VisualCogB_Task-2,30,csp_e2_shrink0.1_l2_1,csp,1.0,2,0.1,0.48251609773897414,VisualCogB_Task-1,134,83,0.4578313253012048,0.45876887340301975,0.4535423925667828,0.45498321902816286
q1_quality_matched,target_locked,VisualCogB_Task-2,31,csp_e2_shrink0.1_l2_10,csp,10.0,2,0.1,0.47566560312565365,VisualCogA_Task-1,163,54,0.4444444444444444,0.4413793103448276,0.44,0.4413793103448276
q1_quality_matched,target_locked,VisualCogB_Task-2,31,csp_e2_shrink0.1_l2_10,csp,10.0,2,0.1,0.47566560312565365,VisualCogA_Task-2,137,80,0.5625,0.5253968253968254,0.5460317460317461,0.4963122863824429
q1_quality_matched,target_locked,VisualCogB_Task-2,31,csp_e2_shrink0.1_l2_10,csp,10.0,2,0.1,0.47566560312565365,VisualCogB_Task-1,134,83,0.4578313253012048,0.46022067363530783,0.48664343786295006,0.4369063772048847
