record,original_trial_index,stage,analysis_variant,cue_time_s,event_time_s,event_offset_from_cue_s,target_offset_s,cue_side,response_code,q1_trial_index,q1_final_drop,eeg_quality
VisualCogA_Task-1,0,cue_locked,nominal,20.1640625,20.1640625,0.0,,-1,-2,0.0,0,retained_by_q1
VisualCogA_Task-1,0,target_offset_sensitivity,target_offset_2.0s,20.1640625,22.1640625,2.0,2.0,-1,-2,0.0,0,retained_by_q1
VisualCogA_Task-1,0,target_offset_sensitivity,target_offset_2.1s,20.1640625,22.2640625,2.1,2.1,-1,-2,0.0,0,retained_by_q1
VisualCogA_Task-1,0,target_locked,target_offset_2.2s,20.1640625,22.3640625,2.2,2.2,-1,-2,0.0,0,retained_by_q1
VisualCogA_Task-1,0,target_offset_sensitivity,target_offset_2.3s,20.1640625,22.4640625,2.3,2.3,-1,-2,0.0,0,retained_by_q1
VisualCogA_Task-1,0,target_offset_sensitivity,target_offset_2.4s,20.1640625,22.5640625,2.4,2.4,-1,-2,0.0,0,retained_by_q1
VisualCogA_Task-1,1,cue_locked,nominal,29.4453125,29.4453125,0.0,,1,2,1.0,0,retained_by_q1
VisualCogA_Task-1,1,target_offset_sensitivity,target_offset_2.0s,29.4453125,31.4453125,2.0,2.0,1,2,1.0,0,retained_by_q1
VisualCogA_Task-1,1,target_offset_sensitivity,target_offset_2.1s,29.4453125,31.5453125,2.1,2.1,1,2,1.0,0,retained_by_q1
VisualCogA_Task-1,1,target_locked,target_offset_2.2s,29.4453125,31.6453125,2.2,2.2,1,2,1.0,0,retained_by_q1
VisualCogA_Task-1,1,target_offset_sensitivity,target_offset_2.3s,29.4453125,31.7453125,2.3,2.3,1,2,1.0,0,retained_by_q1
VisualCogA_Task-1,1,target_offset_sensitivity,target_offset_2.4s,29.4453125,31.8453125,2.4,2.4,1,2,1.0,0,retained_by_q1
VisualCogA_Task-1,2,cue_locked,nominal,37.8515625,37.8515625,0.0,,-1,-2,,1,excluded_by_q1
VisualCogA_Task-1,2,target_offset_sensitivity,target_offset_2.0s,37.8515625,39.8515625,2.0,2.0,-1,-2,,1,excluded_by_q1
VisualCogA_Task-1,2,target_offset_sensitivity,target_offset_2.1s,37.8515625,39.9515625,2.1,2.1,-1,-2,,1,excluded_by_q1
VisualCogA_Task-1,2,target_locked,target_offset_2.2s,37.8515625,40.0515625,2.2,2.2,-1,-2,,1,excluded_by_q1
VisualCogA_Task-1,2,target_offset_sensitivity,target_offset_2.3s,37.8515625,40.1515625,2.3,2.3,-1,-2,,1,excluded_by_q1
VisualCogA_Task-1,2,target_offset_sensitivity,target_offset_2.4s,37.8515625,40.2515625,2.4,2.4,-1,-2,,1,excluded_by_q1
VisualCogA_Task-1,3,cue_locked,nominal,46.29296875,46.29296875,0.0,,-1,-2,,1,excluded_by_q1
VisualCogA_Task-1,3,target_offset_sensitivity,target_offset_2.0s,46.29296875,48.29296875,2.0,2.0,-1,-2,,1,excluded_by_q1
VisualCogA_Task-1,3,target_offset_sensitivity,target_offset_2.1s,46.29296875,48.39296875,2.1,2.1,-1,-2,,1,excluded_by_q1
VisualCogA_Task-1,3,target_locked,target_offset_2.2s,46.29296875,48.49296875,2.2,2.2,-1,-2,,1,excluded_by_q1
VisualCogA_Task-1,3,target_offset_sensitivity,target_offset_2.3s,46.29296875,48.59296875,2.3,2.3,-1,-2,,1,excluded_by_q1
VisualCogA_Task-1,3,target_offset_sensitivity,target_offset_2.4s,46.29296875,48.69296875,2.4,2.4,-1,-2,,1,excluded_by_q1
VisualCogA_Task-1,4,cue_locked,nominal,54.90234375,54.90234375,0.0,,1,2,2.0,0,retained_by_q1
VisualCogA_Task-1,4,target_offset_sensitivity,target_offset_2.0s,54.90234375,56.90234375,2.0,2.0,1,2,2.0,0,retained_by_q1
VisualCogA_Task-1,4,target_offset_sensitivity,target_offset_2.1s,54.90234375,57.00234375,2.1,2.1,1,2,2.0,0,retained_by_q1
VisualCogA_Task-1,4,target_locked,target_offset_2.2s,54.90234375,57.10234375,2.2,2.2,1,2,2.0,0,retained_by_q1
VisualCogA_Task-1,4,target_offset_sensitivity,target_offset_2.3s,54.90234375,57.20234375,2.3,2.3,1,2,2.0,0,retained_by_q1
VisualCogA_Task-1,4,target_offset_sensitivity,target_offset_2.4s,54.90234375,57.30234375,2.4,2.4,1,2,2.0,0,retained_by_q1
VisualCogA_Task-1,5,cue_locked,nominal,63.34375,63.34375,0.0,,-1,-2,3.0,0,retained_by_q1
VisualCogA_Task-1,5,target_offset_sensitivity,target_offset_2.0s,63.34375,65.34375,2.0,2.0,-1,-2,3.0,0,retained_by_q1
VisualCogA_Task-1,5,target_offset_sensitivity,target_offset_2.1s,63.34375,65.44375,2.1,2.1,-1,-2,3.0,0,retained_by_q1
VisualCogA_Task-1,5,target_locked,target_offset_2.2s,63.34375,65.54375,2.2,2.2,-1,-2,3.0,0,retained_by_q1
VisualCogA_Task-1,5,target_offset_sensitivity,target_offset_2.3s,63.34375,65.64375,2.3,2.3,-1,-2,3.0,0,retained_by_q1
VisualCogA_Task-1,5,target_offset_sensitivity,target_offset_2.4s,63.34375,65.74375,2.4,2.4,-1,-2,3.0,0,retained_by_q1
VisualCogA_Task-1,6,cue_locked,nominal,71.75,71.75,0.0,,-1,-2,4.0,0,retained_by_q1
VisualCogA_Task-1,6,target_offset_sensitivity,target_offset_2.0s,71.75,73.75,2.0,2.0,-1,-2,4.0,0,retained_by_q1
VisualCogA_Task-1,6,target_offset_sensitivity,target_offset_2.1s,71.75,73.85,2.1,2.1,-1,-2,4.0,0,retained_by_q1
VisualCogA_Task-1,6,target_locked,target_offset_2.2s,71.75,73.95,2.2,2.2,-1,-2,4.0,0,retained_by_q1
VisualCogA_Task-1,6,target_offset_sensitivity,target_offset_2.3s,71.75,74.05,2.3,2.3,-1,-2,4.0,0,retained_by_q1
VisualCogA_Task-1,6,target_offset_sensitivity,target_offset_2.4s,71.75,74.15,2.4,2.4,-1,-2,4.0,0,retained_by_q1
VisualCogA_Task-1,7,cue_locked,nominal,80.42578125,80.42578125,0.0,,-1,-2,5.0,0,retained_by_q1
VisualCogA_Task-1,7,target_offset_sensitivity,target_offset_2.0s,80.42578125,82.42578125,2.0,2.0,-1,-2,5.0,0,retained_by_q1
VisualCogA_Task-1,7,target_offset_sensitivity,target_offset_2.1s,80.42578125,82.52578125,2.1,2.1,-1,-2,5.0,0,retained_by_q1
VisualCogA_Task-1,7,target_locked,target_offset_2.2s,80.42578125,82.62578125,2.2,2.2,-1,-2,5.0,0,retained_by_q1
VisualCogA_Task-1,7,target_offset_sensitivity,target_offset_2.3s,80.42578125,82.72578125,2.3,2.3,-1,-2,5.0,0,retained_by_q1
VisualCogA_Task-1,7,target_offset_sensitivity,target_offset_2.4s,80.42578125,82.82578125,2.4,2.4,-1,-2,5.0,0,retained_by_q1
VisualCogA_Task-1,8,cue_locked,nominal,88.69140625,88.69140625,0.0,,1,2,6.0,0,retained_by_q1
VisualCogA_Task-1,8,target_offset_sensitivity,target_offset_2.0s,88.69140625,90.69140625,2.0,2.0,1,2,6.0,0,retained_by_q1
VisualCogA_Task-1,8,target_offset_sensitivity,target_offset_2.1s,88.69140625,90.79140625,2.1,2.1,1,2,6.0,0,retained_by_q1
VisualCogA_Task-1,8,target_locked,target_offset_2.2s,88.69140625,90.89140625,2.2,2.2,1,2,6.0,0,retained_by_q1
VisualCogA_Task-1,8,target_offset_sensitivity,target_offset_2.3s,88.69140625,90.99140625,2.3,2.3,1,2,6.0,0,retained_by_q1
VisualCogA_Task-1,8,target_offset_sensitivity,target_offset_2.4s,88.69140625,91.09140625,2.4,2.4,1,2,6.0,0,retained_by_q1
VisualCogA_Task-1,9,cue_locked,nominal,97.0859375,97.0859375,0.0,,1,2,7.0,0,retained_by_q1
VisualCogA_Task-1,9,target_offset_sensitivity,target_offset_2.0s,97.0859375,99.0859375,2.0,2.0,1,2,7.0,0,retained_by_q1
VisualCogA_Task-1,9,target_offset_sensitivity,target_offset_2.1s,97.0859375,99.1859375,2.1,2.1,1,2,7.0,0,retained_by_q1
VisualCogA_Task-1,9,target_locked,target_offset_2.2s,97.0859375,99.2859375,2.2,2.2,1,2,7.0,0,retained_by_q1
VisualCogA_Task-1,9,target_offset_sensitivity,target_offset_2.3s,97.0859375,99.3859375,2.3,2.3,1,2,7.0,0,retained_by_q1
VisualCogA_Task-1,9,target_offset_sensitivity,target_offset_2.4s,97.0859375,99.4859375,2.4,2.4,1,2,7.0,0,retained_by_q1
VisualCogA_Task-1,10,cue_locked,nominal,105.8671875,105.8671875,0.0,,1,2,8.0,0,retained_by_q1
VisualCogA_Task-1,10,target_offset_sensitivity,target_offset_2.0s,105.8671875,107.8671875,2.0,2.0,1,2,8.0,0,retained_by_q1
VisualCogA_Task-1,10,target_offset_sensitivity,target_offset_2.1s,105.8671875,107.9671875,2.1,2.1,1,2,8.0,0,retained_by_q1
VisualCogA_Task-1,10,target_locked,target_offset_2.2s,105.8671875,108.0671875,2.2,2.2,1,2,8.0,0,retained_by_q1
VisualCogA_Task-1,10,target_offset_sensitivity,target_offset_2.3s,105.8671875,108.1671875,2.3,2.3,1,2,8.0,0,retained_by_q1
VisualCogA_Task-1,10,target_offset_sensitivity,target_offset_2.4s,105.8671875,108.2671875,2.4,2.4,1,2,8.0,0,retained_by_q1
VisualCogA_Task-1,11,cue_locked,nominal,114.2734375,114.2734375,0.0,,1,2,9.0,0,retained_by_q1
VisualCogA_Task-1,11,target_offset_sensitivity,target_offset_2.0s,114.2734375,116.2734375,2.0,2.0,1,2,9.0,0,retained_by_q1
VisualCogA_Task-1,11,target_offset_sensitivity,target_offset_2.1s,114.2734375,116.3734375,2.1,2.1,1,2,9.0,0,retained_by_q1
VisualCogA_Task-1,11,target_locked,target_offset_2.2s,114.2734375,116.4734375,2.2,2.2,1,2,9.0,0,retained_by_q1
VisualCogA_Task-1,11,target_offset_sensitivity,target_offset_2.3s,114.2734375,116.5734375,2.3,2.3,1,2,9.0,0,retained_by_q1
VisualCogA_Task-1,11,target_offset_sensitivity,target_offset_2.4s,114.2734375,116.6734375,2.4,2.4,1,2,9.0,0,retained_by_q1
VisualCogA_Task-1,12,cue_locked,nominal,122.57421875,122.57421875,0.0,,-1,-2,10.0,0,retained_by_q1
VisualCogA_Task-1,12,target_offset_sensitivity,target_offset_2.0s,122.57421875,124.57421875,2.0,2.0,-1,-2,10.0,0,retained_by_q1
VisualCogA_Task-1,12,target_offset_sensitivity,target_offset_2.1s,122.57421875,124.67421875,2.1,2.1,-1,-2,10.0,0,retained_by_q1
VisualCogA_Task-1,12,target_locked,target_offset_2.2s,122.57421875,124.77421875,2.2,2.2,-1,-2,10.0,0,retained_by_q1
VisualCogA_Task-1,12,target_offset_sensitivity,target_offset_2.3s,122.57421875,124.87421875,2.3,2.3,-1,-2,10.0,0,retained_by_q1
VisualCogA_Task-1,12,target_offset_sensitivity,target_offset_2.4s,122.57421875,124.97421875,2.4,2.4,-1,-2,10.0,0,retained_by_q1
VisualCogA_Task-1,13,cue_locked,nominal,130.9375,130.9375,0.0,,-1,-2,,1,excluded_by_q1
VisualCogA_Task-1,13,target_offset_sensitivity,target_offset_2.0s,130.9375,132.9375,2.0,2.0,-1,-2,,1,excluded_by_q1
VisualCogA_Task-1,13,target_offset_sensitivity,target_offset_2.1s,130.9375,133.0375,2.1,2.1,-1,-2,,1,excluded_by_q1
VisualCogA_Task-1,13,target_locked,target_offset_2.2s,130.9375,133.1375,2.2,2.2,-1,-2,,1,excluded_by_q1
VisualCogA_Task-1,13,target_offset_sensitivity,target_offset_2.3s,130.9375,133.2375,2.3,2.3,-1,-2,,1,excluded_by_q1
VisualCogA_Task-1,13,target_offset_sensitivity,target_offset_2.4s,130.9375,133.3375,2.4,2.4,-1,-2,,1,excluded_by_q1
VisualCogA_Task-1,14,cue_locked,nominal,139.359375,139.359375,0.0,,1,2,,1,excluded_by_q1
VisualCogA_Task-1,14,target_offset_sensitivity,target_offset_2.0s,139.359375,141.359375,2.0,2.0,1,2,,1,excluded_by_q1
VisualCogA_Task-1,14,target_offset_sensitivity,target_offset_2.1s,139.359375,141.459375,2.1,2.1,1,2,,1,excluded_by_q1
VisualCogA_Task-1,14,target_locked,target_offset_2.2s,139.359375,141.559375,2.2,2.2,1,2,,1,excluded_by_q1
VisualCogA_Task-1,14,target_offset_sensitivity,target_offset_2.3s,139.359375,141.659375,2.3,2.3,1,2,,1,excluded_by_q1
VisualCogA_Task-1,14,target_offset_sensitivity,target_offset_2.4s,139.359375,141.759375,2.4,2.4,1,2,,1,excluded_by_q1
VisualCogA_Task-1,15,cue_locked,nominal,147.61328125,147.61328125,0.0,,-1,-2,11.0,0,retained_by_q1
VisualCogA_Task-1,15,target_offset_sensitivity,target_offset_2.0s,147.61328125,149.61328125,2.0,2.0,-1,-2,11.0,0,retained_by_q1
VisualCogA_Task-1,15,target_offset_sensitivity,target_offset_2.1s,147.61328125,149.71328125,2.1,2.1,-1,-2,11.0,0,retained_by_q1
VisualCogA_Task-1,15,target_locked,target_offset_2.2s,147.61328125,149.81328125,2.2,2.2,-1,-2,11.0,0,retained_by_q1
VisualCogA_Task-1,15,target_offset_sensitivity,target_offset_2.3s,147.61328125,149.91328125,2.3,2.3,-1,-2,11.0,0,retained_by_q1
VisualCogA_Task-1,15,target_offset_sensitivity,target_offset_2.4s,147.61328125,150.01328125,2.4,2.4,-1,-2,11.0,0,retained_by_q1
VisualCogA_Task-1,16,cue_locked,nominal,155.84765625,155.84765625,0.0,,1,2,12.0,0,retained_by_q1
VisualCogA_Task-1,16,target_offset_sensitivity,target_offset_2.0s,155.84765625,157.84765625,2.0,2.0,1,2,12.0,0,retained_by_q1
VisualCogA_Task-1,16,target_offset_sensitivity,target_offset_2.1s,155.84765625,157.94765625,2.1,2.1,1,2,12.0,0,retained_by_q1
VisualCogA_Task-1,16,target_locked,target_offset_2.2s,155.84765625,158.04765625,2.2,2.2,1,2,12.0,0,retained_by_q1
VisualCogA_Task-1,16,target_offset_sensitivity,target_offset_2.3s,155.84765625,158.14765625,2.3,2.3,1,2,12.0,0,retained_by_q1
VisualCogA_Task-1,16,target_offset_sensitivity,target_offset_2.4s,155.84765625,158.24765625,2.4,2.4,1,2,12.0,0,retained_by_q1
VisualCogA_Task-1,17,cue_locked,nominal,164.4921875,164.4921875,0.0,,-1,-2,13.0,0,retained_by_q1
VisualCogA_Task-1,17,target_offset_sensitivity,target_offset_2.0s,164.4921875,166.4921875,2.0,2.0,-1,-2,13.0,0,retained_by_q1
VisualCogA_Task-1,17,target_offset_sensitivity,target_offset_2.1s,164.4921875,166.5921875,2.1,2.1,-1,-2,13.0,0,retained_by_q1
VisualCogA_Task-1,17,target_locked,target_offset_2.2s,164.4921875,166.6921875,2.2,2.2,-1,-2,13.0,0,retained_by_q1
VisualCogA_Task-1,17,target_offset_sensitivity,target_offset_2.3s,164.4921875,166.7921875,2.3,2.3,-1,-2,13.0,0,retained_by_q1
VisualCogA_Task-1,17,target_offset_sensitivity,target_offset_2.4s,164.4921875,166.8921875,2.4,2.4,-1,-2,13.0,0,retained_by_q1
VisualCogA_Task-1,18,cue_locked,nominal,172.9765625,172.9765625,0.0,,-1,-2,,1,excluded_by_q1
VisualCogA_Task-1,18,target_offset_sensitivity,target_offset_2.0s,172.9765625,174.9765625,2.0,2.0,-1,-2,,1,excluded_by_q1
VisualCogA_Task-1,18,target_offset_sensitivity,target_offset_2.1s,172.9765625,175.0765625,2.1,2.1,-1,-2,,1,excluded_by_q1
VisualCogA_Task-1,18,target_locked,target_offset_2.2s,172.9765625,175.1765625,2.2,2.2,-1,-2,,1,excluded_by_q1
VisualCogA_Task-1,18,target_offset_sensitivity,target_offset_2.3s,172.9765625,175.2765625,2.3,2.3,-1,-2,,1,excluded_by_q1
VisualCogA_Task-1,18,target_offset_sensitivity,target_offset_2.4s,172.9765625,175.3765625,2.4,2.4,-1,-2,,1,excluded_by_q1
VisualCogA_Task-1,19,cue_locked,nominal,181.41796875,181.41796875,0.0,,1,2,,1,excluded_by_q1
VisualCogA_Task-1,19,target_offset_sensitivity,target_offset_2.0s,181.41796875,183.41796875,2.0,2.0,1,2,,1,excluded_by_q1
VisualCogA_Task-1,19,target_offset_sensitivity,target_offset_2.1s,181.41796875,183.51796875,2.1,2.1,1,2,,1,excluded_by_q1
VisualCogA_Task-1,19,target_locked,target_offset_2.2s,181.41796875,183.61796875,2.2,2.2,1,2,,1,excluded_by_q1
VisualCogA_Task-1,19,target_offset_sensitivity,target_offset_2.3s,181.41796875,183.71796875,2.3,2.3,1,2,,1,excluded_by_q1
VisualCogA_Task-1,19,target_offset_sensitivity,target_offset_2.4s,181.41796875,183.81796875,2.4,2.4,1,2,,1,excluded_by_q1
VisualCogA_Task-1,20,cue_locked,nominal,189.76171875,189.76171875,0.0,,-1,-2,14.0,0,retained_by_q1
VisualCogA_Task-1,20,target_offset_sensitivity,target_offset_2.0s,189.76171875,191.76171875,2.0,2.0,-1,-2,14.0,0,retained_by_q1
VisualCogA_Task-1,20,target_offset_sensitivity,target_offset_2.1s,189.76171875,191.86171875,2.1,2.1,-1,-2,14.0,0,retained_by_q1
VisualCogA_Task-1,20,target_locked,target_offset_2.2s,189.76171875,191.96171875,2.2,2.2,-1,-2,14.0,0,retained_by_q1
VisualCogA_Task-1,20,target_offset_sensitivity,target_offset_2.3s,189.76171875,192.06171875,2.3,2.3,-1,-2,14.0,0,retained_by_q1
VisualCogA_Task-1,20,target_offset_sensitivity,target_offset_2.4s,189.76171875,192.16171875,2.4,2.4,-1,-2,14.0,0,retained_by_q1
VisualCogA_Task-1,21,cue_locked,nominal,197.953125,197.953125,0.0,,-1,-2,,1,excluded_by_q1
VisualCogA_Task-1,21,target_offset_sensitivity,target_offset_2.0s,197.953125,199.953125,2.0,2.0,-1,-2,,1,excluded_by_q1
VisualCogA_Task-1,21,target_offset_sensitivity,target_offset_2.1s,197.953125,200.053125,2.1,2.1,-1,-2,,1,excluded_by_q1
VisualCogA_Task-1,21,target_locked,target_offset_2.2s,197.953125,200.153125,2.2,2.2,-1,-2,,1,excluded_by_q1
VisualCogA_Task-1,21,target_offset_sensitivity,target_offset_2.3s,197.953125,200.253125,2.3,2.3,-1,-2,,1,excluded_by_q1
VisualCogA_Task-1,21,target_offset_sensitivity,target_offset_2.4s,197.953125,200.353125,2.4,2.4,-1,-2,,1,excluded_by_q1
VisualCogA_Task-1,22,cue_locked,nominal,206.46875,206.46875,0.0,,1,2,,1,excluded_by_q1
VisualCogA_Task-1,22,target_offset_sensitivity,target_offset_2.0s,206.46875,208.46875,2.0,2.0,1,2,,1,excluded_by_q1
VisualCogA_Task-1,22,target_offset_sensitivity,target_offset_2.1s,206.46875,208.56875,2.1,2.1,1,2,,1,excluded_by_q1
VisualCogA_Task-1,22,target_locked,target_offset_2.2s,206.46875,208.66875,2.2,2.2,1,2,,1,excluded_by_q1
VisualCogA_Task-1,22,target_offset_sensitivity,target_offset_2.3s,206.46875,208.76875,2.3,2.3,1,2,,1,excluded_by_q1
VisualCogA_Task-1,22,target_offset_sensitivity,target_offset_2.4s,206.46875,208.86875,2.4,2.4,1,2,,1,excluded_by_q1
VisualCogA_Task-1,23,cue_locked,nominal,214.84765625,214.84765625,0.0,,-1,-2,15.0,0,retained_by_q1
VisualCogA_Task-1,23,target_offset_sensitivity,target_offset_2.0s,214.84765625,216.84765625,2.0,2.0,-1,-2,15.0,0,retained_by_q1
VisualCogA_Task-1,23,target_offset_sensitivity,target_offset_2.1s,214.84765625,216.94765625,2.1,2.1,-1,-2,15.0,0,retained_by_q1
VisualCogA_Task-1,23,target_locked,target_offset_2.2s,214.84765625,217.04765625,2.2,2.2,-1,-2,15.0,0,retained_by_q1
VisualCogA_Task-1,23,target_offset_sensitivity,target_offset_2.3s,214.84765625,217.14765625,2.3,2.3,-1,-2,15.0,0,retained_by_q1
VisualCogA_Task-1,23,target_offset_sensitivity,target_offset_2.4s,214.84765625,217.24765625,2.4,2.4,-1,-2,15.0,0,retained_by_q1
VisualCogA_Task-1,24,cue_locked,nominal,223.17578125,223.17578125,0.0,,-1,-2,16.0,0,retained_by_q1
VisualCogA_Task-1,24,target_offset_sensitivity,target_offset_2.0s,223.17578125,225.17578125,2.0,2.0,-1,-2,16.0,0,retained_by_q1
VisualCogA_Task-1,24,target_offset_sensitivity,target_offset_2.1s,223.17578125,225.27578125,2.1,2.1,-1,-2,16.0,0,retained_by_q1
VisualCogA_Task-1,24,target_locked,target_offset_2.2s,223.17578125,225.37578125,2.2,2.2,-1,-2,16.0,0,retained_by_q1
VisualCogA_Task-1,24,target_offset_sensitivity,target_offset_2.3s,223.17578125,225.47578125,2.3,2.3,-1,-2,16.0,0,retained_by_q1
VisualCogA_Task-1,24,target_offset_sensitivity,target_offset_2.4s,223.17578125,225.57578125,2.4,2.4,-1,-2,16.0,0,retained_by_q1
VisualCogA_Task-1,25,cue_locked,nominal,231.6953125,231.6953125,0.0,,1,2,,1,excluded_by_q1
VisualCogA_Task-1,25,target_offset_sensitivity,target_offset_2.0s,231.6953125,233.6953125,2.0,2.0,1,2,,1,excluded_by_q1
VisualCogA_Task-1,25,target_offset_sensitivity,target_offset_2.1s,231.6953125,233.7953125,2.1,2.1,1,2,,1,excluded_by_q1
VisualCogA_Task-1,25,target_locked,target_offset_2.2s,231.6953125,233.8953125,2.2,2.2,1,2,,1,excluded_by_q1
VisualCogA_Task-1,25,target_offset_sensitivity,target_offset_2.3s,231.6953125,233.9953125,2.3,2.3,1,2,,1,excluded_by_q1
VisualCogA_Task-1,25,target_offset_sensitivity,target_offset_2.4s,231.6953125,234.0953125,2.4,2.4,1,2,,1,excluded_by_q1
VisualCogA_Task-1,26,cue_locked,nominal,239.8828125,239.8828125,0.0,,1,2,,1,excluded_by_q1
VisualCogA_Task-1,26,target_offset_sensitivity,target_offset_2.0s,239.8828125,241.8828125,2.0,2.0,1,2,,1,excluded_by_q1
VisualCogA_Task-1,26,target_offset_sensitivity,target_offset_2.1s,239.8828125,241.9828125,2.1,2.1,1,2,,1,excluded_by_q1
VisualCogA_Task-1,26,target_locked,target_offset_2.2s,239.8828125,242.0828125,2.2,2.2,1,2,,1,excluded_by_q1
VisualCogA_Task-1,26,target_offset_sensitivity,target_offset_2.3s,239.8828125,242.1828125,2.3,2.3,1,2,,1,excluded_by_q1
VisualCogA_Task-1,26,target_offset_sensitivity,target_offset_2.4s,239.8828125,242.2828125,2.4,2.4,1,2,,1,excluded_by_q1
VisualCogA_Task-1,27,cue_locked,nominal,248.33984375,248.33984375,0.0,,-1,-2,,1,excluded_by_q1
VisualCogA_Task-1,27,target_offset_sensitivity,target_offset_2.0s,248.33984375,250.33984375,2.0,2.0,-1,-2,,1,excluded_by_q1
VisualCogA_Task-1,27,target_offset_sensitivity,target_offset_2.1s,248.33984375,250.43984375,2.1,2.1,-1,-2,,1,excluded_by_q1
VisualCogA_Task-1,27,target_locked,target_offset_2.2s,248.33984375,250.53984375,2.2,2.2,-1,-2,,1,excluded_by_q1
VisualCogA_Task-1,27,target_offset_sensitivity,target_offset_2.3s,248.33984375,250.63984375,2.3,2.3,-1,-2,,1,excluded_by_q1
VisualCogA_Task-1,27,target_offset_sensitivity,target_offset_2.4s,248.33984375,250.73984375,2.4,2.4,-1,-2,,1,excluded_by_q1
VisualCogA_Task-1,28,cue_locked,nominal,256.49609375,256.49609375,0.0,,-1,-2,17.0,0,retained_by_q1
VisualCogA_Task-1,28,target_offset_sensitivity,target_offset_2.0s,256.49609375,258.49609375,2.0,2.0,-1,-2,17.0,0,retained_by_q1
VisualCogA_Task-1,28,target_offset_sensitivity,target_offset_2.1s,256.49609375,258.59609375,2.1,2.1,-1,-2,17.0,0,retained_by_q1
VisualCogA_Task-1,28,target_locked,target_offset_2.2s,256.49609375,258.69609375,2.2,2.2,-1,-2,17.0,0,retained_by_q1
VisualCogA_Task-1,28,target_offset_sensitivity,target_offset_2.3s,256.49609375,258.79609375,2.3,2.3,-1,-2,17.0,0,retained_by_q1
VisualCogA_Task-1,28,target_offset_sensitivity,target_offset_2.4s,256.49609375,258.89609375,2.4,2.4,-1,-2,17.0,0,retained_by_q1
VisualCogA_Task-1,29,cue_locked,nominal,265.078125,265.078125,0.0,,-1,-2,18.0,0,retained_by_q1
VisualCogA_Task-1,29,target_offset_sensitivity,target_offset_2.0s,265.078125,267.078125,2.0,2.0,-1,-2,18.0,0,retained_by_q1
VisualCogA_Task-1,29,target_offset_sensitivity,target_offset_2.1s,265.078125,267.178125,2.1,2.1,-1,-2,18.0,0,retained_by_q1
VisualCogA_Task-1,29,target_locked,target_offset_2.2s,265.078125,267.278125,2.2,2.2,-1,-2,18.0,0,retained_by_q1
VisualCogA_Task-1,29,target_offset_sensitivity,target_offset_2.3s,265.078125,267.378125,2.3,2.3,-1,-2,18.0,0,retained_by_q1
VisualCogA_Task-1,29,target_offset_sensitivity,target_offset_2.4s,265.078125,267.478125,2.4,2.4,-1,-2,18.0,0,retained_by_q1
VisualCogA_Task-1,30,cue_locked,nominal,273.34375,273.34375,0.0,,-1,-2,19.0,0,retained_by_q1
VisualCogA_Task-1,30,target_offset_sensitivity,target_offset_2.0s,273.34375,275.34375,2.0,2.0,-1,-2,19.0,0,retained_by_q1
VisualCogA_Task-1,30,target_offset_sensitivity,target_offset_2.1s,273.34375,275.44375,2.1,2.1,-1,-2,19.0,0,retained_by_q1
VisualCogA_Task-1,30,target_locked,target_offset_2.2s,273.34375,275.54375,2.2,2.2,-1,-2,19.0,0,retained_by_q1
VisualCogA_Task-1,30,target_offset_sensitivity,target_offset_2.3s,273.34375,275.64375,2.3,2.3,-1,-2,19.0,0,retained_by_q1
VisualCogA_Task-1,30,target_offset_sensitivity,target_offset_2.4s,273.34375,275.74375,2.4,2.4,-1,-2,19.0,0,retained_by_q1
VisualCogA_Task-1,31,cue_locked,nominal,281.56640625,281.56640625,0.0,,1,2,20.0,0,retained_by_q1
VisualCogA_Task-1,31,target_offset_sensitivity,target_offset_2.0s,281.56640625,283.56640625,2.0,2.0,1,2,20.0,0,retained_by_q1
VisualCogA_Task-1,31,target_offset_sensitivity,target_offset_2.1s,281.56640625,283.66640625,2.1,2.1,1,2,20.0,0,retained_by_q1
VisualCogA_Task-1,31,target_locked,target_offset_2.2s,281.56640625,283.76640625,2.2,2.2,1,2,20.0,0,retained_by_q1
VisualCogA_Task-1,31,target_offset_sensitivity,target_offset_2.3s,281.56640625,283.86640625,2.3,2.3,1,2,20.0,0,retained_by_q1
VisualCogA_Task-1,31,target_offset_sensitivity,target_offset_2.4s,281.56640625,283.96640625,2.4,2.4,1,2,20.0,0,retained_by_q1
VisualCogA_Task-1,32,cue_locked,nominal,290.11328125,290.11328125,0.0,,1,2,21.0,0,retained_by_q1
VisualCogA_Task-1,32,target_offset_sensitivity,target_offset_2.0s,290.11328125,292.11328125,2.0,2.0,1,2,21.0,0,retained_by_q1
VisualCogA_Task-1,32,target_offset_sensitivity,target_offset_2.1s,290.11328125,292.21328125,2.1,2.1,1,2,21.0,0,retained_by_q1
VisualCogA_Task-1,32,target_locked,target_offset_2.2s,290.11328125,292.31328125,2.2,2.2,1,2,21.0,0,retained_by_q1
VisualCogA_Task-1,32,target_offset_sensitivity,target_offset_2.3s,290.11328125,292.41328125,2.3,2.3,1,2,21.0,0,retained_by_q1
VisualCogA_Task-1,32,target_offset_sensitivity,target_offset_2.4s,290.11328125,292.51328125,2.4,2.4,1,2,21.0,0,retained_by_q1
VisualCogA_Task-1,33,cue_locked,nominal,298.5234375,298.5234375,0.0,,-1,-2,22.0,0,retained_by_q1
VisualCogA_Task-1,33,target_offset_sensitivity,target_offset_2.0s,298.5234375,300.5234375,2.0,2.0,-1,-2,22.0,0,retained_by_q1
VisualCogA_Task-1,33,target_offset_sensitivity,target_offset_2.1s,298.5234375,300.6234375,2.1,2.1,-1,-2,22.0,0,retained_by_q1
VisualCogA_Task-1,33,target_locked,target_offset_2.2s,298.5234375,300.7234375,2.2,2.2,-1,-2,22.0,0,retained_by_q1
VisualCogA_Task-1,33,target_offset_sensitivity,target_offset_2.3s,298.5234375,300.8234375,2.3,2.3,-1,-2,22.0,0,retained_by_q1
VisualCogA_Task-1,33,target_offset_sensitivity,target_offset_2.4s,298.5234375,300.9234375,2.4,2.4,-1,-2,22.0,0,retained_by_q1
VisualCogA_Task-1,34,cue_locked,nominal,307.3203125,307.3203125,0.0,,1,2,23.0,0,retained_by_q1
VisualCogA_Task-1,34,target_offset_sensitivity,target_offset_2.0s,307.3203125,309.3203125,2.0,2.0,1,2,23.0,0,retained_by_q1
VisualCogA_Task-1,34,target_offset_sensitivity,target_offset_2.1s,307.3203125,309.4203125,2.1,2.1,1,2,23.0,0,retained_by_q1
VisualCogA_Task-1,34,target_locked,target_offset_2.2s,307.3203125,309.5203125,2.2,2.2,1,2,23.0,0,retained_by_q1
VisualCogA_Task-1,34,target_offset_sensitivity,target_offset_2.3s,307.3203125,309.6203125,2.3,2.3,1,2,23.0,0,retained_by_q1
VisualCogA_Task-1,34,target_offset_sensitivity,target_offset_2.4s,307.3203125,309.7203125,2.4,2.4,1,2,23.0,0,retained_by_q1
VisualCogA_Task-1,35,cue_locked,nominal,315.58984375,315.58984375,0.0,,-1,-2,,1,excluded_by_q1
VisualCogA_Task-1,35,target_offset_sensitivity,target_offset_2.0s,315.58984375,317.58984375,2.0,2.0,-1,-2,,1,excluded_by_q1
VisualCogA_Task-1,35,target_offset_sensitivity,target_offset_2.1s,315.58984375,317.68984375,2.1,2.1,-1,-2,,1,excluded_by_q1
VisualCogA_Task-1,35,target_locked,target_offset_2.2s,315.58984375,317.78984375,2.2,2.2,-1,-2,,1,excluded_by_q1
VisualCogA_Task-1,35,target_offset_sensitivity,target_offset_2.3s,315.58984375,317.88984375,2.3,2.3,-1,-2,,1,excluded_by_q1
VisualCogA_Task-1,35,target_offset_sensitivity,target_offset_2.4s,315.58984375,317.98984375,2.4,2.4,-1,-2,,1,excluded_by_q1
VisualCogA_Task-1,36,cue_locked,nominal,323.94921875,323.94921875,0.0,,-1,-2,,1,excluded_by_q1
VisualCogA_Task-1,36,target_offset_sensitivity,target_offset_2.0s,323.94921875,325.94921875,2.0,2.0,-1,-2,,1,excluded_by_q1
VisualCogA_Task-1,36,target_offset_sensitivity,target_offset_2.1s,323.94921875,326.04921875,2.1,2.1,-1,-2,,1,excluded_by_q1
VisualCogA_Task-1,36,target_locked,target_offset_2.2s,323.94921875,326.14921875,2.2,2.2,-1,-2,,1,excluded_by_q1
VisualCogA_Task-1,36,target_offset_sensitivity,target_offset_2.3s,323.94921875,326.24921875,2.3,2.3,-1,-2,,1,excluded_by_q1
VisualCogA_Task-1,36,target_offset_sensitivity,target_offset_2.4s,323.94921875,326.34921875,2.4,2.4,-1,-2,,1,excluded_by_q1
VisualCogA_Task-1,37,cue_locked,nominal,332.328125,332.328125,0.0,,-1,-2,24.0,0,retained_by_q1
VisualCogA_Task-1,37,target_offset_sensitivity,target_offset_2.0s,332.328125,334.328125,2.0,2.0,-1,-2,24.0,0,retained_by_q1
VisualCogA_Task-1,37,target_offset_sensitivity,target_offset_2.1s,332.328125,334.428125,2.1,2.1,-1,-2,24.0,0,retained_by_q1
VisualCogA_Task-1,37,target_locked,target_offset_2.2s,332.328125,334.528125,2.2,2.2,-1,-2,24.0,0,retained_by_q1
VisualCogA_Task-1,37,target_offset_sensitivity,target_offset_2.3s,332.328125,334.628125,2.3,2.3,-1,-2,24.0,0,retained_by_q1
VisualCogA_Task-1,37,target_offset_sensitivity,target_offset_2.4s,332.328125,334.728125,2.4,2.4,-1,-2,24.0,0,retained_by_q1
VisualCogA_Task-1,38,cue_locked,nominal,340.640625,340.640625,0.0,,-1,-2,,1,excluded_by_q1
VisualCogA_Task-1,38,target_offset_sensitivity,target_offset_2.0s,340.640625,342.640625,2.0,2.0,-1,-2,,1,excluded_by_q1
VisualCogA_Task-1,38,target_offset_sensitivity,target_offset_2.1s,340.640625,342.740625,2.1,2.1,-1,-2,,1,excluded_by_q1
VisualCogA_Task-1,38,target_locked,target_offset_2.2s,340.640625,342.840625,2.2,2.2,-1,-2,,1,excluded_by_q1
VisualCogA_Task-1,38,target_offset_sensitivity,target_offset_2.3s,340.640625,342.940625,2.3,2.3,-1,-2,,1,excluded_by_q1
VisualCogA_Task-1,38,target_offset_sensitivity,target_offset_2.4s,340.640625,343.040625,2.4,2.4,-1,-2,,1,excluded_by_q1
VisualCogA_Task-1,39,cue_locked,nominal,349.03515625,349.03515625,0.0,,-1,-2,,1,excluded_by_q1
VisualCogA_Task-1,39,target_offset_sensitivity,target_offset_2.0s,349.03515625,351.03515625,2.0,2.0,-1,-2,,1,excluded_by_q1
VisualCogA_Task-1,39,target_offset_sensitivity,target_offset_2.1s,349.03515625,351.13515625,2.1,2.1,-1,-2,,1,excluded_by_q1
VisualCogA_Task-1,39,target_locked,target_offset_2.2s,349.03515625,351.23515625,2.2,2.2,-1,-2,,1,excluded_by_q1
VisualCogA_Task-1,39,target_offset_sensitivity,target_offset_2.3s,349.03515625,351.33515625,2.3,2.3,-1,-2,,1,excluded_by_q1
VisualCogA_Task-1,39,target_offset_sensitivity,target_offset_2.4s,349.03515625,351.43515625,2.4,2.4,-1,-2,,1,excluded_by_q1
VisualCogA_Task-1,40,cue_locked,nominal,357.23828125,357.23828125,0.0,,-1,-2,,1,excluded_by_q1
VisualCogA_Task-1,40,target_offset_sensitivity,target_offset_2.0s,357.23828125,359.23828125,2.0,2.0,-1,-2,,1,excluded_by_q1
VisualCogA_Task-1,40,target_offset_sensitivity,target_offset_2.1s,357.23828125,359.33828125,2.1,2.1,-1,-2,,1,excluded_by_q1
VisualCogA_Task-1,40,target_locked,target_offset_2.2s,357.23828125,359.43828125,2.2,2.2,-1,-2,,1,excluded_by_q1
VisualCogA_Task-1,40,target_offset_sensitivity,target_offset_2.3s,357.23828125,359.53828125,2.3,2.3,-1,-2,,1,excluded_by_q1
VisualCogA_Task-1,40,target_offset_sensitivity,target_offset_2.4s,357.23828125,359.63828125,2.4,2.4,-1,-2,,1,excluded_by_q1
VisualCogA_Task-1,41,cue_locked,nominal,365.4453125,365.4453125,0.0,,1,2,25.0,0,retained_by_q1
VisualCogA_Task-1,41,target_offset_sensitivity,target_offset_2.0s,365.4453125,367.4453125,2.0,2.0,1,2,25.0,0,retained_by_q1
VisualCogA_Task-1,41,target_offset_sensitivity,target_offset_2.1s,365.4453125,367.5453125,2.1,2.1,1,2,25.0,0,retained_by_q1
VisualCogA_Task-1,41,target_locked,target_offset_2.2s,365.4453125,367.6453125,2.2,2.2,1,2,25.0,0,retained_by_q1
VisualCogA_Task-1,41,target_offset_sensitivity,target_offset_2.3s,365.4453125,367.7453125,2.3,2.3,1,2,25.0,0,retained_by_q1
VisualCogA_Task-1,41,target_offset_sensitivity,target_offset_2.4s,365.4453125,367.8453125,2.4,2.4,1,2,25.0,0,retained_by_q1
VisualCogA_Task-1,42,cue_locked,nominal,373.8203125,373.8203125,0.0,,-1,-2,,1,excluded_by_q1
VisualCogA_Task-1,42,target_offset_sensitivity,target_offset_2.0s,373.8203125,375.8203125,2.0,2.0,-1,-2,,1,excluded_by_q1
VisualCogA_Task-1,42,target_offset_sensitivity,target_offset_2.1s,373.8203125,375.9203125,2.1,2.1,-1,-2,,1,excluded_by_q1
VisualCogA_Task-1,42,target_locked,target_offset_2.2s,373.8203125,376.0203125,2.2,2.2,-1,-2,,1,excluded_by_q1
VisualCogA_Task-1,42,target_offset_sensitivity,target_offset_2.3s,373.8203125,376.1203125,2.3,2.3,-1,-2,,1,excluded_by_q1
VisualCogA_Task-1,42,target_offset_sensitivity,target_offset_2.4s,373.8203125,376.2203125,2.4,2.4,-1,-2,,1,excluded_by_q1
VisualCogA_Task-1,43,cue_locked,nominal,382.33984375,382.33984375,0.0,,1,2,,1,excluded_by_q1
VisualCogA_Task-1,43,target_offset_sensitivity,target_offset_2.0s,382.33984375,384.33984375,2.0,2.0,1,2,,1,excluded_by_q1
VisualCogA_Task-1,43,target_offset_sensitivity,target_offset_2.1s,382.33984375,384.43984375,2.1,2.1,1,2,,1,excluded_by_q1
VisualCogA_Task-1,43,target_locked,target_offset_2.2s,382.33984375,384.53984375,2.2,2.2,1,2,,1,excluded_by_q1
VisualCogA_Task-1,43,target_offset_sensitivity,target_offset_2.3s,382.33984375,384.63984375,2.3,2.3,1,2,,1,excluded_by_q1
VisualCogA_Task-1,43,target_offset_sensitivity,target_offset_2.4s,382.33984375,384.73984375,2.4,2.4,1,2,,1,excluded_by_q1
VisualCogA_Task-1,44,cue_locked,nominal,390.60546875,390.60546875,0.0,,-1,-2,26.0,0,retained_by_q1
VisualCogA_Task-1,44,target_offset_sensitivity,target_offset_2.0s,390.60546875,392.60546875,2.0,2.0,-1,-2,26.0,0,retained_by_q1
VisualCogA_Task-1,44,target_offset_sensitivity,target_offset_2.1s,390.60546875,392.70546875,2.1,2.1,-1,-2,26.0,0,retained_by_q1
VisualCogA_Task-1,44,target_locked,target_offset_2.2s,390.60546875,392.80546875,2.2,2.2,-1,-2,26.0,0,retained_by_q1
VisualCogA_Task-1,44,target_offset_sensitivity,target_offset_2.3s,390.60546875,392.90546875,2.3,2.3,-1,-2,26.0,0,retained_by_q1
VisualCogA_Task-1,44,target_offset_sensitivity,target_offset_2.4s,390.60546875,393.00546875,2.4,2.4,-1,-2,26.0,0,retained_by_q1
VisualCogA_Task-1,45,cue_locked,nominal,398.8125,398.8125,0.0,,-1,-2,,1,excluded_by_q1
VisualCogA_Task-1,45,target_offset_sensitivity,target_offset_2.0s,398.8125,400.8125,2.0,2.0,-1,-2,,1,excluded_by_q1
VisualCogA_Task-1,45,target_offset_sensitivity,target_offset_2.1s,398.8125,400.9125,2.1,2.1,-1,-2,,1,excluded_by_q1
VisualCogA_Task-1,45,target_locked,target_offset_2.2s,398.8125,401.0125,2.2,2.2,-1,-2,,1,excluded_by_q1
VisualCogA_Task-1,45,target_offset_sensitivity,target_offset_2.3s,398.8125,401.1125,2.3,2.3,-1,-2,,1,excluded_by_q1
VisualCogA_Task-1,45,target_offset_sensitivity,target_offset_2.4s,398.8125,401.2125,2.4,2.4,-1,-2,,1,excluded_by_q1
VisualCogA_Task-1,46,cue_locked,nominal,407.16015625,407.16015625,0.0,,-1,-2,27.0,0,retained_by_q1
VisualCogA_Task-1,46,target_offset_sensitivity,target_offset_2.0s,407.16015625,409.16015625,2.0,2.0,-1,-2,27.0,0,retained_by_q1
VisualCogA_Task-1,46,target_offset_sensitivity,target_offset_2.1s,407.16015625,409.26015625,2.1,2.1,-1,-2,27.0,0,retained_by_q1
VisualCogA_Task-1,46,target_locked,target_offset_2.2s,407.16015625,409.36015625,2.2,2.2,-1,-2,27.0,0,retained_by_q1
VisualCogA_Task-1,46,target_offset_sensitivity,target_offset_2.3s,407.16015625,409.46015625,2.3,2.3,-1,-2,27.0,0,retained_by_q1
VisualCogA_Task-1,46,target_offset_sensitivity,target_offset_2.4s,407.16015625,409.56015625,2.4,2.4,-1,-2,27.0,0,retained_by_q1
VisualCogA_Task-1,47,cue_locked,nominal,415.70703125,415.70703125,0.0,,1,2,,1,excluded_by_q1
VisualCogA_Task-1,47,target_offset_sensitivity,target_offset_2.0s,415.70703125,417.70703125,2.0,2.0,1,2,,1,excluded_by_q1
VisualCogA_Task-1,47,target_offset_sensitivity,target_offset_2.1s,415.70703125,417.80703125,2.1,2.1,1,2,,1,excluded_by_q1
VisualCogA_Task-1,47,target_locked,target_offset_2.2s,415.70703125,417.90703125,2.2,2.2,1,2,,1,excluded_by_q1
VisualCogA_Task-1,47,target_offset_sensitivity,target_offset_2.3s,415.70703125,418.00703125,2.3,2.3,1,2,,1,excluded_by_q1
VisualCogA_Task-1,47,target_offset_sensitivity,target_offset_2.4s,415.70703125,418.10703125,2.4,2.4,1,2,,1,excluded_by_q1
VisualCogA_Task-1,48,cue_locked,nominal,424.19140625,424.19140625,0.0,,-1,-2,28.0,0,retained_by_q1
VisualCogA_Task-1,48,target_offset_sensitivity,target_offset_2.0s,424.19140625,426.19140625,2.0,2.0,-1,-2,28.0,0,retained_by_q1
VisualCogA_Task-1,48,target_offset_sensitivity,target_offset_2.1s,424.19140625,426.29140625,2.1,2.1,-1,-2,28.0,0,retained_by_q1
VisualCogA_Task-1,48,target_locked,target_offset_2.2s,424.19140625,426.39140625,2.2,2.2,-1,-2,28.0,0,retained_by_q1
VisualCogA_Task-1,48,target_offset_sensitivity,target_offset_2.3s,424.19140625,426.49140625,2.3,2.3,-1,-2,28.0,0,retained_by_q1
VisualCogA_Task-1,48,target_offset_sensitivity,target_offset_2.4s,424.19140625,426.59140625,2.4,2.4,-1,-2,28.0,0,retained_by_q1
VisualCogA_Task-1,49,cue_locked,nominal,432.5234375,432.5234375,0.0,,-1,-2,29.0,0,retained_by_q1
VisualCogA_Task-1,49,target_offset_sensitivity,target_offset_2.0s,432.5234375,434.5234375,2.0,2.0,-1,-2,29.0,0,retained_by_q1
VisualCogA_Task-1,49,target_offset_sensitivity,target_offset_2.1s,432.5234375,434.6234375,2.1,2.1,-1,-2,29.0,0,retained_by_q1
VisualCogA_Task-1,49,target_locked,target_offset_2.2s,432.5234375,434.7234375,2.2,2.2,-1,-2,29.0,0,retained_by_q1
VisualCogA_Task-1,49,target_offset_sensitivity,target_offset_2.3s,432.5234375,434.8234375,2.3,2.3,-1,-2,29.0,0,retained_by_q1
VisualCogA_Task-1,49,target_offset_sensitivity,target_offset_2.4s,432.5234375,434.9234375,2.4,2.4,-1,-2,29.0,0,retained_by_q1
VisualCogA_Task-1,50,cue_locked,nominal,440.76171875,440.76171875,0.0,,1,2,30.0,0,retained_by_q1
VisualCogA_Task-1,50,target_offset_sensitivity,target_offset_2.0s,440.76171875,442.76171875,2.0,2.0,1,2,30.0,0,retained_by_q1
VisualCogA_Task-1,50,target_offset_sensitivity,target_offset_2.1s,440.76171875,442.86171875,2.1,2.1,1,2,30.0,0,retained_by_q1
VisualCogA_Task-1,50,target_locked,target_offset_2.2s,440.76171875,442.96171875,2.2,2.2,1,2,30.0,0,retained_by_q1
VisualCogA_Task-1,50,target_offset_sensitivity,target_offset_2.3s,440.76171875,443.06171875,2.3,2.3,1,2,30.0,0,retained_by_q1
VisualCogA_Task-1,50,target_offset_sensitivity,target_offset_2.4s,440.76171875,443.16171875,2.4,2.4,1,2,30.0,0,retained_by_q1
VisualCogA_Task-1,51,cue_locked,nominal,449.15234375,449.15234375,0.0,,1,2,,1,excluded_by_q1
VisualCogA_Task-1,51,target_offset_sensitivity,target_offset_2.0s,449.15234375,451.15234375,2.0,2.0,1,2,,1,excluded_by_q1
VisualCogA_Task-1,51,target_offset_sensitivity,target_offset_2.1s,449.15234375,451.25234375,2.1,2.1,1,2,,1,excluded_by_q1
VisualCogA_Task-1,51,target_locked,target_offset_2.2s,449.15234375,451.35234375,2.2,2.2,1,2,,1,excluded_by_q1
VisualCogA_Task-1,51,target_offset_sensitivity,target_offset_2.3s,449.15234375,451.45234375,2.3,2.3,1,2,,1,excluded_by_q1
VisualCogA_Task-1,51,target_offset_sensitivity,target_offset_2.4s,449.15234375,451.55234375,2.4,2.4,1,2,,1,excluded_by_q1
VisualCogA_Task-1,52,cue_locked,nominal,457.609375,457.609375,0.0,,1,2,,1,excluded_by_q1
VisualCogA_Task-1,52,target_offset_sensitivity,target_offset_2.0s,457.609375,459.609375,2.0,2.0,1,2,,1,excluded_by_q1
VisualCogA_Task-1,52,target_offset_sensitivity,target_offset_2.1s,457.609375,459.709375,2.1,2.1,1,2,,1,excluded_by_q1
VisualCogA_Task-1,52,target_locked,target_offset_2.2s,457.609375,459.809375,2.2,2.2,1,2,,1,excluded_by_q1
VisualCogA_Task-1,52,target_offset_sensitivity,target_offset_2.3s,457.609375,459.909375,2.3,2.3,1,2,,1,excluded_by_q1
VisualCogA_Task-1,52,target_offset_sensitivity,target_offset_2.4s,457.609375,460.009375,2.4,2.4,1,2,,1,excluded_by_q1
VisualCogA_Task-1,53,cue_locked,nominal,465.875,465.875,0.0,,-1,-2,,1,excluded_by_q1
VisualCogA_Task-1,53,target_offset_sensitivity,target_offset_2.0s,465.875,467.875,2.0,2.0,-1,-2,,1,excluded_by_q1
VisualCogA_Task-1,53,target_offset_sensitivity,target_offset_2.1s,465.875,467.975,2.1,2.1,-1,-2,,1,excluded_by_q1
VisualCogA_Task-1,53,target_locked,target_offset_2.2s,465.875,468.075,2.2,2.2,-1,-2,,1,excluded_by_q1
VisualCogA_Task-1,53,target_offset_sensitivity,target_offset_2.3s,465.875,468.175,2.3,2.3,-1,-2,,1,excluded_by_q1
VisualCogA_Task-1,53,target_offset_sensitivity,target_offset_2.4s,465.875,468.275,2.4,2.4,-1,-2,,1,excluded_by_q1
VisualCogA_Task-1,54,cue_locked,nominal,474.28515625,474.28515625,0.0,,1,2,31.0,0,retained_by_q1
VisualCogA_Task-1,54,target_offset_sensitivity,target_offset_2.0s,474.28515625,476.28515625,2.0,2.0,1,2,31.0,0,retained_by_q1
VisualCogA_Task-1,54,target_offset_sensitivity,target_offset_2.1s,474.28515625,476.38515625,2.1,2.1,1,2,31.0,0,retained_by_q1
VisualCogA_Task-1,54,target_locked,target_offset_2.2s,474.28515625,476.48515625,2.2,2.2,1,2,31.0,0,retained_by_q1
VisualCogA_Task-1,54,target_offset_sensitivity,target_offset_2.3s,474.28515625,476.58515625,2.3,2.3,1,2,31.0,0,retained_by_q1
VisualCogA_Task-1,54,target_offset_sensitivity,target_offset_2.4s,474.28515625,476.68515625,2.4,2.4,1,2,31.0,0,retained_by_q1
VisualCogA_Task-1,55,cue_locked,nominal,482.58203125,482.58203125,0.0,,-1,-2,32.0,0,retained_by_q1
VisualCogA_Task-1,55,target_offset_sensitivity,target_offset_2.0s,482.58203125,484.58203125,2.0,2.0,-1,-2,32.0,0,retained_by_q1
VisualCogA_Task-1,55,target_offset_sensitivity,target_offset_2.1s,482.58203125,484.68203125,2.1,2.1,-1,-2,32.0,0,retained_by_q1
VisualCogA_Task-1,55,target_locked,target_offset_2.2s,482.58203125,484.78203125,2.2,2.2,-1,-2,32.0,0,retained_by_q1
VisualCogA_Task-1,55,target_offset_sensitivity,target_offset_2.3s,482.58203125,484.88203125,2.3,2.3,-1,-2,32.0,0,retained_by_q1
VisualCogA_Task-1,55,target_offset_sensitivity,target_offset_2.4s,482.58203125,484.98203125,2.4,2.4,-1,-2,32.0,0,retained_by_q1
VisualCogA_Task-1,56,cue_locked,nominal,491.0234375,491.0234375,0.0,,-1,-2,,1,excluded_by_q1
VisualCogA_Task-1,56,target_offset_sensitivity,target_offset_2.0s,491.0234375,493.0234375,2.0,2.0,-1,-2,,1,excluded_by_q1
VisualCogA_Task-1,56,target_offset_sensitivity,target_offset_2.1s,491.0234375,493.1234375,2.1,2.1,-1,-2,,1,excluded_by_q1
VisualCogA_Task-1,56,target_locked,target_offset_2.2s,491.0234375,493.2234375,2.2,2.2,-1,-2,,1,excluded_by_q1
VisualCogA_Task-1,56,target_offset_sensitivity,target_offset_2.3s,491.0234375,493.3234375,2.3,2.3,-1,-2,,1,excluded_by_q1
VisualCogA_Task-1,56,target_offset_sensitivity,target_offset_2.4s,491.0234375,493.4234375,2.4,2.4,-1,-2,,1,excluded_by_q1
VisualCogA_Task-1,57,cue_locked,nominal,499.4609375,499.4609375,0.0,,1,2,33.0,0,retained_by_q1
VisualCogA_Task-1,57,target_offset_sensitivity,target_offset_2.0s,499.4609375,501.4609375,2.0,2.0,1,2,33.0,0,retained_by_q1
VisualCogA_Task-1,57,target_offset_sensitivity,target_offset_2.1s,499.4609375,501.5609375,2.1,2.1,1,2,33.0,0,retained_by_q1
VisualCogA_Task-1,57,target_locked,target_offset_2.2s,499.4609375,501.6609375,2.2,2.2,1,2,33.0,0,retained_by_q1
VisualCogA_Task-1,57,target_offset_sensitivity,target_offset_2.3s,499.4609375,501.7609375,2.3,2.3,1,2,33.0,0,retained_by_q1
VisualCogA_Task-1,57,target_offset_sensitivity,target_offset_2.4s,499.4609375,501.8609375,2.4,2.4,1,2,33.0,0,retained_by_q1
VisualCogA_Task-1,58,cue_locked,nominal,507.91796875,507.91796875,0.0,,1,2,,1,excluded_by_q1
VisualCogA_Task-1,58,target_offset_sensitivity,target_offset_2.0s,507.91796875,509.91796875,2.0,2.0,1,2,,1,excluded_by_q1
VisualCogA_Task-1,58,target_offset_sensitivity,target_offset_2.1s,507.91796875,510.01796875,2.1,2.1,1,2,,1,excluded_by_q1
VisualCogA_Task-1,58,target_locked,target_offset_2.2s,507.91796875,510.11796875,2.2,2.2,1,2,,1,excluded_by_q1
VisualCogA_Task-1,58,target_offset_sensitivity,target_offset_2.3s,507.91796875,510.21796875,2.3,2.3,1,2,,1,excluded_by_q1
VisualCogA_Task-1,58,target_offset_sensitivity,target_offset_2.4s,507.91796875,510.31796875,2.4,2.4,1,2,,1,excluded_by_q1
VisualCogA_Task-1,59,cue_locked,nominal,516.30859375,516.30859375,0.0,,-1,-2,,1,excluded_by_q1
VisualCogA_Task-1,59,target_offset_sensitivity,target_offset_2.0s,516.30859375,518.30859375,2.0,2.0,-1,-2,,1,excluded_by_q1
VisualCogA_Task-1,59,target_offset_sensitivity,target_offset_2.1s,516.30859375,518.40859375,2.1,2.1,-1,-2,,1,excluded_by_q1
VisualCogA_Task-1,59,target_locked,target_offset_2.2s,516.30859375,518.50859375,2.2,2.2,-1,-2,,1,excluded_by_q1
VisualCogA_Task-1,59,target_offset_sensitivity,target_offset_2.3s,516.30859375,518.60859375,2.3,2.3,-1,-2,,1,excluded_by_q1
VisualCogA_Task-1,59,target_offset_sensitivity,target_offset_2.4s,516.30859375,518.70859375,2.4,2.4,-1,-2,,1,excluded_by_q1
VisualCogA_Task-1,60,cue_locked,nominal,524.75,524.75,0.0,,1,2,34.0,0,retained_by_q1
VisualCogA_Task-1,60,target_offset_sensitivity,target_offset_2.0s,524.75,526.75,2.0,2.0,1,2,34.0,0,retained_by_q1
VisualCogA_Task-1,60,target_offset_sensitivity,target_offset_2.1s,524.75,526.85,2.1,2.1,1,2,34.0,0,retained_by_q1
VisualCogA_Task-1,60,target_locked,target_offset_2.2s,524.75,526.95,2.2,2.2,1,2,34.0,0,retained_by_q1
VisualCogA_Task-1,60,target_offset_sensitivity,target_offset_2.3s,524.75,527.05,2.3,2.3,1,2,34.0,0,retained_by_q1
VisualCogA_Task-1,60,target_offset_sensitivity,target_offset_2.4s,524.75,527.15,2.4,2.4,1,2,34.0,0,retained_by_q1
VisualCogA_Task-1,61,cue_locked,nominal,533.8125,533.8125,0.0,,-1,-2,,1,excluded_by_q1
VisualCogA_Task-1,61,target_offset_sensitivity,target_offset_2.0s,533.8125,535.8125,2.0,2.0,-1,-2,,1,excluded_by_q1
VisualCogA_Task-1,61,target_offset_sensitivity,target_offset_2.1s,533.8125,535.9125,2.1,2.1,-1,-2,,1,excluded_by_q1
VisualCogA_Task-1,61,target_locked,target_offset_2.2s,533.8125,536.0125,2.2,2.2,-1,-2,,1,excluded_by_q1
VisualCogA_Task-1,61,target_offset_sensitivity,target_offset_2.3s,533.8125,536.1125,2.3,2.3,-1,-2,,1,excluded_by_q1
VisualCogA_Task-1,61,target_offset_sensitivity,target_offset_2.4s,533.8125,536.2125,2.4,2.4,-1,-2,,1,excluded_by_q1
VisualCogA_Task-1,62,cue_locked,nominal,542.140625,542.140625,0.0,,1,2,,1,excluded_by_q1
VisualCogA_Task-1,62,target_offset_sensitivity,target_offset_2.0s,542.140625,544.140625,2.0,2.0,1,2,,1,excluded_by_q1
VisualCogA_Task-1,62,target_offset_sensitivity,target_offset_2.1s,542.140625,544.240625,2.1,2.1,1,2,,1,excluded_by_q1
VisualCogA_Task-1,62,target_locked,target_offset_2.2s,542.140625,544.340625,2.2,2.2,1,2,,1,excluded_by_q1
VisualCogA_Task-1,62,target_offset_sensitivity,target_offset_2.3s,542.140625,544.440625,2.3,2.3,1,2,,1,excluded_by_q1
VisualCogA_Task-1,62,target_offset_sensitivity,target_offset_2.4s,542.140625,544.540625,2.4,2.4,1,2,,1,excluded_by_q1
VisualCogA_Task-1,63,cue_locked,nominal,550.55078125,550.55078125,0.0,,1,2,,1,excluded_by_q1
VisualCogA_Task-1,63,target_offset_sensitivity,target_offset_2.0s,550.55078125,552.55078125,2.0,2.0,1,2,,1,excluded_by_q1
VisualCogA_Task-1,63,target_offset_sensitivity,target_offset_2.1s,550.55078125,552.65078125,2.1,2.1,1,2,,1,excluded_by_q1
VisualCogA_Task-1,63,target_locked,target_offset_2.2s,550.55078125,552.75078125,2.2,2.2,1,2,,1,excluded_by_q1
VisualCogA_Task-1,63,target_offset_sensitivity,target_offset_2.3s,550.55078125,552.85078125,2.3,2.3,1,2,,1,excluded_by_q1
VisualCogA_Task-1,63,target_offset_sensitivity,target_offset_2.4s,550.55078125,552.95078125,2.4,2.4,1,2,,1,excluded_by_q1
VisualCogA_Task-1,64,cue_locked,nominal,558.73828125,558.73828125,0.0,,-1,-2,35.0,0,retained_by_q1
VisualCogA_Task-1,64,target_offset_sensitivity,target_offset_2.0s,558.73828125,560.73828125,2.0,2.0,-1,-2,35.0,0,retained_by_q1
VisualCogA_Task-1,64,target_offset_sensitivity,target_offset_2.1s,558.73828125,560.83828125,2.1,2.1,-1,-2,35.0,0,retained_by_q1
VisualCogA_Task-1,64,target_locked,target_offset_2.2s,558.73828125,560.93828125,2.2,2.2,-1,-2,35.0,0,retained_by_q1
VisualCogA_Task-1,64,target_offset_sensitivity,target_offset_2.3s,558.73828125,561.03828125,2.3,2.3,-1,-2,35.0,0,retained_by_q1
VisualCogA_Task-1,64,target_offset_sensitivity,target_offset_2.4s,558.73828125,561.13828125,2.4,2.4,-1,-2,35.0,0,retained_by_q1
VisualCogA_Task-1,65,cue_locked,nominal,567.2421875,567.2421875,0.0,,1,2,,1,excluded_by_q1
VisualCogA_Task-1,65,target_offset_sensitivity,target_offset_2.0s,567.2421875,569.2421875,2.0,2.0,1,2,,1,excluded_by_q1
VisualCogA_Task-1,65,target_offset_sensitivity,target_offset_2.1s,567.2421875,569.3421875,2.1,2.1,1,2,,1,excluded_by_q1
VisualCogA_Task-1,65,target_locked,target_offset_2.2s,567.2421875,569.4421875,2.2,2.2,1,2,,1,excluded_by_q1
VisualCogA_Task-1,65,target_offset_sensitivity,target_offset_2.3s,567.2421875,569.5421875,2.3,2.3,1,2,,1,excluded_by_q1
VisualCogA_Task-1,65,target_offset_sensitivity,target_offset_2.4s,567.2421875,569.6421875,2.4,2.4,1,2,,1,excluded_by_q1
VisualCogA_Task-1,66,cue_locked,nominal,575.5390625,575.5390625,0.0,,-1,-2,36.0,0,retained_by_q1
VisualCogA_Task-1,66,target_offset_sensitivity,target_offset_2.0s,575.5390625,577.5390625,2.0,2.0,-1,-2,36.0,0,retained_by_q1
VisualCogA_Task-1,66,target_offset_sensitivity,target_offset_2.1s,575.5390625,577.6390625,2.1,2.1,-1,-2,36.0,0,retained_by_q1
VisualCogA_Task-1,66,target_locked,target_offset_2.2s,575.5390625,577.7390625,2.2,2.2,-1,-2,36.0,0,retained_by_q1
VisualCogA_Task-1,66,target_offset_sensitivity,target_offset_2.3s,575.5390625,577.8390625,2.3,2.3,-1,-2,36.0,0,retained_by_q1
VisualCogA_Task-1,66,target_offset_sensitivity,target_offset_2.4s,575.5390625,577.9390625,2.4,2.4,-1,-2,36.0,0,retained_by_q1
VisualCogA_Task-1,67,cue_locked,nominal,583.96484375,583.96484375,0.0,,-1,-2,,1,excluded_by_q1
VisualCogA_Task-1,67,target_offset_sensitivity,target_offset_2.0s,583.96484375,585.96484375,2.0,2.0,-1,-2,,1,excluded_by_q1
VisualCogA_Task-1,67,target_offset_sensitivity,target_offset_2.1s,583.96484375,586.06484375,2.1,2.1,-1,-2,,1,excluded_by_q1
VisualCogA_Task-1,67,target_locked,target_offset_2.2s,583.96484375,586.16484375,2.2,2.2,-1,-2,,1,excluded_by_q1
VisualCogA_Task-1,67,target_offset_sensitivity,target_offset_2.3s,583.96484375,586.26484375,2.3,2.3,-1,-2,,1,excluded_by_q1
VisualCogA_Task-1,67,target_offset_sensitivity,target_offset_2.4s,583.96484375,586.36484375,2.4,2.4,-1,-2,,1,excluded_by_q1
VisualCogA_Task-1,68,cue_locked,nominal,592.23046875,592.23046875,0.0,,1,2,37.0,0,retained_by_q1
VisualCogA_Task-1,68,target_offset_sensitivity,target_offset_2.0s,592.23046875,594.23046875,2.0,2.0,1,2,37.0,0,retained_by_q1
VisualCogA_Task-1,68,target_offset_sensitivity,target_offset_2.1s,592.23046875,594.33046875,2.1,2.1,1,2,37.0,0,retained_by_q1
VisualCogA_Task-1,68,target_locked,target_offset_2.2s,592.23046875,594.43046875,2.2,2.2,1,2,37.0,0,retained_by_q1
VisualCogA_Task-1,68,target_offset_sensitivity,target_offset_2.3s,592.23046875,594.53046875,2.3,2.3,1,2,37.0,0,retained_by_q1
VisualCogA_Task-1,68,target_offset_sensitivity,target_offset_2.4s,592.23046875,594.63046875,2.4,2.4,1,2,37.0,0,retained_by_q1
VisualCogA_Task-1,69,cue_locked,nominal,600.625,600.625,0.0,,1,2,38.0,0,retained_by_q1
VisualCogA_Task-1,69,target_offset_sensitivity,target_offset_2.0s,600.625,602.625,2.0,2.0,1,2,38.0,0,retained_by_q1
VisualCogA_Task-1,69,target_offset_sensitivity,target_offset_2.1s,600.625,602.725,2.1,2.1,1,2,38.0,0,retained_by_q1
VisualCogA_Task-1,69,target_locked,target_offset_2.2s,600.625,602.825,2.2,2.2,1,2,38.0,0,retained_by_q1
VisualCogA_Task-1,69,target_offset_sensitivity,target_offset_2.3s,600.625,602.925,2.3,2.3,1,2,38.0,0,retained_by_q1
VisualCogA_Task-1,69,target_offset_sensitivity,target_offset_2.4s,600.625,603.025,2.4,2.4,1,2,38.0,0,retained_by_q1
VisualCogA_Task-1,70,cue_locked,nominal,608.94140625,608.94140625,0.0,,-1,-2,,1,excluded_by_q1
VisualCogA_Task-1,70,target_offset_sensitivity,target_offset_2.0s,608.94140625,610.94140625,2.0,2.0,-1,-2,,1,excluded_by_q1
VisualCogA_Task-1,70,target_offset_sensitivity,target_offset_2.1s,608.94140625,611.04140625,2.1,2.1,-1,-2,,1,excluded_by_q1
VisualCogA_Task-1,70,target_locked,target_offset_2.2s,608.94140625,611.14140625,2.2,2.2,-1,-2,,1,excluded_by_q1
VisualCogA_Task-1,70,target_offset_sensitivity,target_offset_2.3s,608.94140625,611.24140625,2.3,2.3,-1,-2,,1,excluded_by_q1
VisualCogA_Task-1,70,target_offset_sensitivity,target_offset_2.4s,608.94140625,611.34140625,2.4,2.4,-1,-2,,1,excluded_by_q1
VisualCogA_Task-1,71,cue_locked,nominal,617.25390625,617.25390625,0.0,,1,2,39.0,0,retained_by_q1
VisualCogA_Task-1,71,target_offset_sensitivity,target_offset_2.0s,617.25390625,619.25390625,2.0,2.0,1,2,39.0,0,retained_by_q1
VisualCogA_Task-1,71,target_offset_sensitivity,target_offset_2.1s,617.25390625,619.35390625,2.1,2.1,1,2,39.0,0,retained_by_q1
VisualCogA_Task-1,71,target_locked,target_offset_2.2s,617.25390625,619.45390625,2.2,2.2,1,2,39.0,0,retained_by_q1
VisualCogA_Task-1,71,target_offset_sensitivity,target_offset_2.3s,617.25390625,619.55390625,2.3,2.3,1,2,39.0,0,retained_by_q1
VisualCogA_Task-1,71,target_offset_sensitivity,target_offset_2.4s,617.25390625,619.65390625,2.4,2.4,1,2,39.0,0,retained_by_q1
VisualCogA_Task-1,72,cue_locked,nominal,625.3515625,625.3515625,0.0,,-1,-2,40.0,0,retained_by_q1
VisualCogA_Task-1,72,target_offset_sensitivity,target_offset_2.0s,625.3515625,627.3515625,2.0,2.0,-1,-2,40.0,0,retained_by_q1
VisualCogA_Task-1,72,target_offset_sensitivity,target_offset_2.1s,625.3515625,627.4515625,2.1,2.1,-1,-2,40.0,0,retained_by_q1
VisualCogA_Task-1,72,target_locked,target_offset_2.2s,625.3515625,627.5515625,2.2,2.2,-1,-2,40.0,0,retained_by_q1
VisualCogA_Task-1,72,target_offset_sensitivity,target_offset_2.3s,625.3515625,627.6515625,2.3,2.3,-1,-2,40.0,0,retained_by_q1
VisualCogA_Task-1,72,target_offset_sensitivity,target_offset_2.4s,625.3515625,627.7515625,2.4,2.4,-1,-2,40.0,0,retained_by_q1
VisualCogA_Task-1,73,cue_locked,nominal,633.8046875,633.8046875,0.0,,1,2,41.0,0,retained_by_q1
VisualCogA_Task-1,73,target_offset_sensitivity,target_offset_2.0s,633.8046875,635.8046875,2.0,2.0,1,2,41.0,0,retained_by_q1
VisualCogA_Task-1,73,target_offset_sensitivity,target_offset_2.1s,633.8046875,635.9046875,2.1,2.1,1,2,41.0,0,retained_by_q1
VisualCogA_Task-1,73,target_locked,target_offset_2.2s,633.8046875,636.0046875,2.2,2.2,1,2,41.0,0,retained_by_q1
VisualCogA_Task-1,73,target_offset_sensitivity,target_offset_2.3s,633.8046875,636.1046875,2.3,2.3,1,2,41.0,0,retained_by_q1
VisualCogA_Task-1,73,target_offset_sensitivity,target_offset_2.4s,633.8046875,636.2046875,2.4,2.4,1,2,41.0,0,retained_by_q1
VisualCogA_Task-1,74,cue_locked,nominal,642.05859375,642.05859375,0.0,,-1,-2,42.0,0,retained_by_q1
VisualCogA_Task-1,74,target_offset_sensitivity,target_offset_2.0s,642.05859375,644.05859375,2.0,2.0,-1,-2,42.0,0,retained_by_q1
VisualCogA_Task-1,74,target_offset_sensitivity,target_offset_2.1s,642.05859375,644.15859375,2.1,2.1,-1,-2,42.0,0,retained_by_q1
VisualCogA_Task-1,74,target_locked,target_offset_2.2s,642.05859375,644.25859375,2.2,2.2,-1,-2,42.0,0,retained_by_q1
VisualCogA_Task-1,74,target_offset_sensitivity,target_offset_2.3s,642.05859375,644.35859375,2.3,2.3,-1,-2,42.0,0,retained_by_q1
VisualCogA_Task-1,74,target_offset_sensitivity,target_offset_2.4s,642.05859375,644.45859375,2.4,2.4,-1,-2,42.0,0,retained_by_q1
VisualCogA_Task-1,75,cue_locked,nominal,650.37109375,650.37109375,0.0,,1,2,43.0,0,retained_by_q1
VisualCogA_Task-1,75,target_offset_sensitivity,target_offset_2.0s,650.37109375,652.37109375,2.0,2.0,1,2,43.0,0,retained_by_q1
VisualCogA_Task-1,75,target_offset_sensitivity,target_offset_2.1s,650.37109375,652.47109375,2.1,2.1,1,2,43.0,0,retained_by_q1
VisualCogA_Task-1,75,target_locked,target_offset_2.2s,650.37109375,652.57109375,2.2,2.2,1,2,43.0,0,retained_by_q1
VisualCogA_Task-1,75,target_offset_sensitivity,target_offset_2.3s,650.37109375,652.67109375,2.3,2.3,1,2,43.0,0,retained_by_q1
VisualCogA_Task-1,75,target_offset_sensitivity,target_offset_2.4s,650.37109375,652.77109375,2.4,2.4,1,2,43.0,0,retained_by_q1
VisualCogA_Task-1,76,cue_locked,nominal,658.578125,658.578125,0.0,,-1,-2,,1,excluded_by_q1
VisualCogA_Task-1,76,target_offset_sensitivity,target_offset_2.0s,658.578125,660.578125,2.0,2.0,-1,-2,,1,excluded_by_q1
VisualCogA_Task-1,76,target_offset_sensitivity,target_offset_2.1s,658.578125,660.678125,2.1,2.1,-1,-2,,1,excluded_by_q1
VisualCogA_Task-1,76,target_locked,target_offset_2.2s,658.578125,660.778125,2.2,2.2,-1,-2,,1,excluded_by_q1
VisualCogA_Task-1,76,target_offset_sensitivity,target_offset_2.3s,658.578125,660.878125,2.3,2.3,-1,-2,,1,excluded_by_q1
VisualCogA_Task-1,76,target_offset_sensitivity,target_offset_2.4s,658.578125,660.978125,2.4,2.4,-1,-2,,1,excluded_by_q1
VisualCogA_Task-1,77,cue_locked,nominal,666.9375,666.9375,0.0,,-1,-2,,1,excluded_by_q1
VisualCogA_Task-1,77,target_offset_sensitivity,target_offset_2.0s,666.9375,668.9375,2.0,2.0,-1,-2,,1,excluded_by_q1
VisualCogA_Task-1,77,target_offset_sensitivity,target_offset_2.1s,666.9375,669.0375,2.1,2.1,-1,-2,,1,excluded_by_q1
VisualCogA_Task-1,77,target_locked,target_offset_2.2s,666.9375,669.1375,2.2,2.2,-1,-2,,1,excluded_by_q1
VisualCogA_Task-1,77,target_offset_sensitivity,target_offset_2.3s,666.9375,669.2375,2.3,2.3,-1,-2,,1,excluded_by_q1
VisualCogA_Task-1,77,target_offset_sensitivity,target_offset_2.4s,666.9375,669.3375,2.4,2.4,-1,-2,,1,excluded_by_q1
VisualCogA_Task-1,78,cue_locked,nominal,675.23828125,675.23828125,0.0,,-1,-2,44.0,0,retained_by_q1
VisualCogA_Task-1,78,target_offset_sensitivity,target_offset_2.0s,675.23828125,677.23828125,2.0,2.0,-1,-2,44.0,0,retained_by_q1
VisualCogA_Task-1,78,target_offset_sensitivity,target_offset_2.1s,675.23828125,677.33828125,2.1,2.1,-1,-2,44.0,0,retained_by_q1
VisualCogA_Task-1,78,target_locked,target_offset_2.2s,675.23828125,677.43828125,2.2,2.2,-1,-2,44.0,0,retained_by_q1
VisualCogA_Task-1,78,target_offset_sensitivity,target_offset_2.3s,675.23828125,677.53828125,2.3,2.3,-1,-2,44.0,0,retained_by_q1
VisualCogA_Task-1,78,target_offset_sensitivity,target_offset_2.4s,675.23828125,677.63828125,2.4,2.4,-1,-2,44.0,0,retained_by_q1
VisualCogA_Task-1,79,cue_locked,nominal,683.6015625,683.6015625,0.0,,-1,-2,45.0,0,retained_by_q1
VisualCogA_Task-1,79,target_offset_sensitivity,target_offset_2.0s,683.6015625,685.6015625,2.0,2.0,-1,-2,45.0,0,retained_by_q1
VisualCogA_Task-1,79,target_offset_sensitivity,target_offset_2.1s,683.6015625,685.7015625,2.1,2.1,-1,-2,45.0,0,retained_by_q1
VisualCogA_Task-1,79,target_locked,target_offset_2.2s,683.6015625,685.8015625,2.2,2.2,-1,-2,45.0,0,retained_by_q1
VisualCogA_Task-1,79,target_offset_sensitivity,target_offset_2.3s,683.6015625,685.9015625,2.3,2.3,-1,-2,45.0,0,retained_by_q1
VisualCogA_Task-1,79,target_offset_sensitivity,target_offset_2.4s,683.6015625,686.0015625,2.4,2.4,-1,-2,45.0,0,retained_by_q1
VisualCogA_Task-1,80,cue_locked,nominal,692.0703125,692.0703125,0.0,,-1,-2,,1,excluded_by_q1
VisualCogA_Task-1,80,target_offset_sensitivity,target_offset_2.0s,692.0703125,694.0703125,2.0,2.0,-1,-2,,1,excluded_by_q1
VisualCogA_Task-1,80,target_offset_sensitivity,target_offset_2.1s,692.0703125,694.1703125,2.1,2.1,-1,-2,,1,excluded_by_q1
VisualCogA_Task-1,80,target_locked,target_offset_2.2s,692.0703125,694.2703125,2.2,2.2,-1,-2,,1,excluded_by_q1
VisualCogA_Task-1,80,target_offset_sensitivity,target_offset_2.3s,692.0703125,694.3703125,2.3,2.3,-1,-2,,1,excluded_by_q1
VisualCogA_Task-1,80,target_offset_sensitivity,target_offset_2.4s,692.0703125,694.4703125,2.4,2.4,-1,-2,,1,excluded_by_q1
VisualCogA_Task-1,81,cue_locked,nominal,700.4609375,700.4609375,0.0,,1,2,46.0,0,retained_by_q1
VisualCogA_Task-1,81,target_offset_sensitivity,target_offset_2.0s,700.4609375,702.4609375,2.0,2.0,1,2,46.0,0,retained_by_q1
VisualCogA_Task-1,81,target_offset_sensitivity,target_offset_2.1s,700.4609375,702.5609375,2.1,2.1,1,2,46.0,0,retained_by_q1
VisualCogA_Task-1,81,target_locked,target_offset_2.2s,700.4609375,702.6609375,2.2,2.2,1,2,46.0,0,retained_by_q1
VisualCogA_Task-1,81,target_offset_sensitivity,target_offset_2.3s,700.4609375,702.7609375,2.3,2.3,1,2,46.0,0,retained_by_q1
VisualCogA_Task-1,81,target_offset_sensitivity,target_offset_2.4s,700.4609375,702.8609375,2.4,2.4,1,2,46.0,0,retained_by_q1
VisualCogA_Task-1,82,cue_locked,nominal,708.82421875,708.82421875,0.0,,-1,-2,,1,excluded_by_q1
VisualCogA_Task-1,82,target_offset_sensitivity,target_offset_2.0s,708.82421875,710.82421875,2.0,2.0,-1,-2,,1,excluded_by_q1
VisualCogA_Task-1,82,target_offset_sensitivity,target_offset_2.1s,708.82421875,710.92421875,2.1,2.1,-1,-2,,1,excluded_by_q1
VisualCogA_Task-1,82,target_locked,target_offset_2.2s,708.82421875,711.02421875,2.2,2.2,-1,-2,,1,excluded_by_q1
VisualCogA_Task-1,82,target_offset_sensitivity,target_offset_2.3s,708.82421875,711.12421875,2.3,2.3,-1,-2,,1,excluded_by_q1
VisualCogA_Task-1,82,target_offset_sensitivity,target_offset_2.4s,708.82421875,711.22421875,2.4,2.4,-1,-2,,1,excluded_by_q1
VisualCogA_Task-1,83,cue_locked,nominal,717.015625,717.015625,0.0,,1,2,,1,excluded_by_q1
VisualCogA_Task-1,83,target_offset_sensitivity,target_offset_2.0s,717.015625,719.015625,2.0,2.0,1,2,,1,excluded_by_q1
VisualCogA_Task-1,83,target_offset_sensitivity,target_offset_2.1s,717.015625,719.115625,2.1,2.1,1,2,,1,excluded_by_q1
VisualCogA_Task-1,83,target_locked,target_offset_2.2s,717.015625,719.215625,2.2,2.2,1,2,,1,excluded_by_q1
VisualCogA_Task-1,83,target_offset_sensitivity,target_offset_2.3s,717.015625,719.315625,2.3,2.3,1,2,,1,excluded_by_q1
VisualCogA_Task-1,83,target_offset_sensitivity,target_offset_2.4s,717.015625,719.415625,2.4,2.4,1,2,,1,excluded_by_q1
VisualCogA_Task-1,84,cue_locked,nominal,725.28125,725.28125,0.0,,-1,-2,47.0,0,retained_by_q1
VisualCogA_Task-1,84,target_offset_sensitivity,target_offset_2.0s,725.28125,727.28125,2.0,2.0,-1,-2,47.0,0,retained_by_q1
VisualCogA_Task-1,84,target_offset_sensitivity,target_offset_2.1s,725.28125,727.38125,2.1,2.1,-1,-2,47.0,0,retained_by_q1
VisualCogA_Task-1,84,target_locked,target_offset_2.2s,725.28125,727.48125,2.2,2.2,-1,-2,47.0,0,retained_by_q1
VisualCogA_Task-1,84,target_offset_sensitivity,target_offset_2.3s,725.28125,727.58125,2.3,2.3,-1,-2,47.0,0,retained_by_q1
VisualCogA_Task-1,84,target_offset_sensitivity,target_offset_2.4s,725.28125,727.68125,2.4,2.4,-1,-2,47.0,0,retained_by_q1
VisualCogA_Task-1,85,cue_locked,nominal,733.55078125,733.55078125,0.0,,1,2,,1,excluded_by_q1
VisualCogA_Task-1,85,target_offset_sensitivity,target_offset_2.0s,733.55078125,735.55078125,2.0,2.0,1,2,,1,excluded_by_q1
VisualCogA_Task-1,85,target_offset_sensitivity,target_offset_2.1s,733.55078125,735.65078125,2.1,2.1,1,2,,1,excluded_by_q1
VisualCogA_Task-1,85,target_locked,target_offset_2.2s,733.55078125,735.75078125,2.2,2.2,1,2,,1,excluded_by_q1
VisualCogA_Task-1,85,target_offset_sensitivity,target_offset_2.3s,733.55078125,735.85078125,2.3,2.3,1,2,,1,excluded_by_q1
VisualCogA_Task-1,85,target_offset_sensitivity,target_offset_2.4s,733.55078125,735.95078125,2.4,2.4,1,2,,1,excluded_by_q1
VisualCogA_Task-1,86,cue_locked,nominal,741.83203125,741.83203125,0.0,,1,2,,1,excluded_by_q1
VisualCogA_Task-1,86,target_offset_sensitivity,target_offset_2.0s,741.83203125,743.83203125,2.0,2.0,1,2,,1,excluded_by_q1
VisualCogA_Task-1,86,target_offset_sensitivity,target_offset_2.1s,741.83203125,743.93203125,2.1,2.1,1,2,,1,excluded_by_q1
VisualCogA_Task-1,86,target_locked,target_offset_2.2s,741.83203125,744.03203125,2.2,2.2,1,2,,1,excluded_by_q1
VisualCogA_Task-1,86,target_offset_sensitivity,target_offset_2.3s,741.83203125,744.13203125,2.3,2.3,1,2,,1,excluded_by_q1
VisualCogA_Task-1,86,target_offset_sensitivity,target_offset_2.4s,741.83203125,744.23203125,2.4,2.4,1,2,,1,excluded_by_q1
VisualCogA_Task-1,87,cue_locked,nominal,750.3359375,750.3359375,0.0,,1,2,,1,excluded_by_q1
VisualCogA_Task-1,87,target_offset_sensitivity,target_offset_2.0s,750.3359375,752.3359375,2.0,2.0,1,2,,1,excluded_by_q1
VisualCogA_Task-1,87,target_offset_sensitivity,target_offset_2.1s,750.3359375,752.4359375,2.1,2.1,1,2,,1,excluded_by_q1
VisualCogA_Task-1,87,target_locked,target_offset_2.2s,750.3359375,752.5359375,2.2,2.2,1,2,,1,excluded_by_q1
VisualCogA_Task-1,87,target_offset_sensitivity,target_offset_2.3s,750.3359375,752.6359375,2.3,2.3,1,2,,1,excluded_by_q1
VisualCogA_Task-1,87,target_offset_sensitivity,target_offset_2.4s,750.3359375,752.7359375,2.4,2.4,1,2,,1,excluded_by_q1
VisualCogA_Task-1,88,cue_locked,nominal,758.6328125,758.6328125,0.0,,1,2,,1,excluded_by_q1
VisualCogA_Task-1,88,target_offset_sensitivity,target_offset_2.0s,758.6328125,760.6328125,2.0,2.0,1,2,,1,excluded_by_q1
VisualCogA_Task-1,88,target_offset_sensitivity,target_offset_2.1s,758.6328125,760.7328125,2.1,2.1,1,2,,1,excluded_by_q1
VisualCogA_Task-1,88,target_locked,target_offset_2.2s,758.6328125,760.8328125,2.2,2.2,1,2,,1,excluded_by_q1
VisualCogA_Task-1,88,target_offset_sensitivity,target_offset_2.3s,758.6328125,760.9328125,2.3,2.3,1,2,,1,excluded_by_q1
VisualCogA_Task-1,88,target_offset_sensitivity,target_offset_2.4s,758.6328125,761.0328125,2.4,2.4,1,2,,1,excluded_by_q1
VisualCogA_Task-1,89,cue_locked,nominal,766.94921875,766.94921875,0.0,,1,2,48.0,0,retained_by_q1
VisualCogA_Task-1,89,target_offset_sensitivity,target_offset_2.0s,766.94921875,768.94921875,2.0,2.0,1,2,48.0,0,retained_by_q1
VisualCogA_Task-1,89,target_offset_sensitivity,target_offset_2.1s,766.94921875,769.04921875,2.1,2.1,1,2,48.0,0,retained_by_q1
VisualCogA_Task-1,89,target_locked,target_offset_2.2s,766.94921875,769.14921875,2.2,2.2,1,2,48.0,0,retained_by_q1
VisualCogA_Task-1,89,target_offset_sensitivity,target_offset_2.3s,766.94921875,769.24921875,2.3,2.3,1,2,48.0,0,retained_by_q1
VisualCogA_Task-1,89,target_offset_sensitivity,target_offset_2.4s,766.94921875,769.34921875,2.4,2.4,1,2,48.0,0,retained_by_q1
VisualCogA_Task-1,90,cue_locked,nominal,775.19921875,775.19921875,0.0,,-1,-2,49.0,0,retained_by_q1
VisualCogA_Task-1,90,target_offset_sensitivity,target_offset_2.0s,775.19921875,777.19921875,2.0,2.0,-1,-2,49.0,0,retained_by_q1
VisualCogA_Task-1,90,target_offset_sensitivity,target_offset_2.1s,775.19921875,777.29921875,2.1,2.1,-1,-2,49.0,0,retained_by_q1
VisualCogA_Task-1,90,target_locked,target_offset_2.2s,775.19921875,777.39921875,2.2,2.2,-1,-2,49.0,0,retained_by_q1
VisualCogA_Task-1,90,target_offset_sensitivity,target_offset_2.3s,775.19921875,777.49921875,2.3,2.3,-1,-2,49.0,0,retained_by_q1
VisualCogA_Task-1,90,target_offset_sensitivity,target_offset_2.4s,775.19921875,777.59921875,2.4,2.4,-1,-2,49.0,0,retained_by_q1
VisualCogA_Task-1,91,cue_locked,nominal,783.8125,783.8125,0.0,,1,2,50.0,0,retained_by_q1
VisualCogA_Task-1,91,target_offset_sensitivity,target_offset_2.0s,783.8125,785.8125,2.0,2.0,1,2,50.0,0,retained_by_q1
VisualCogA_Task-1,91,target_offset_sensitivity,target_offset_2.1s,783.8125,785.9125,2.1,2.1,1,2,50.0,0,retained_by_q1
VisualCogA_Task-1,91,target_locked,target_offset_2.2s,783.8125,786.0125,2.2,2.2,1,2,50.0,0,retained_by_q1
VisualCogA_Task-1,91,target_offset_sensitivity,target_offset_2.3s,783.8125,786.1125,2.3,2.3,1,2,50.0,0,retained_by_q1
VisualCogA_Task-1,91,target_offset_sensitivity,target_offset_2.4s,783.8125,786.2125,2.4,2.4,1,2,50.0,0,retained_by_q1
VisualCogA_Task-1,92,cue_locked,nominal,792.015625,792.015625,0.0,,1,2,,1,excluded_by_q1
VisualCogA_Task-1,92,target_offset_sensitivity,target_offset_2.0s,792.015625,794.015625,2.0,2.0,1,2,,1,excluded_by_q1
VisualCogA_Task-1,92,target_offset_sensitivity,target_offset_2.1s,792.015625,794.115625,2.1,2.1,1,2,,1,excluded_by_q1
VisualCogA_Task-1,92,target_locked,target_offset_2.2s,792.015625,794.215625,2.2,2.2,1,2,,1,excluded_by_q1
VisualCogA_Task-1,92,target_offset_sensitivity,target_offset_2.3s,792.015625,794.315625,2.3,2.3,1,2,,1,excluded_by_q1
VisualCogA_Task-1,92,target_offset_sensitivity,target_offset_2.4s,792.015625,794.415625,2.4,2.4,1,2,,1,excluded_by_q1
VisualCogA_Task-1,93,cue_locked,nominal,800.55078125,800.55078125,0.0,,1,2,51.0,0,retained_by_q1
VisualCogA_Task-1,93,target_offset_sensitivity,target_offset_2.0s,800.55078125,802.55078125,2.0,2.0,1,2,51.0,0,retained_by_q1
VisualCogA_Task-1,93,target_offset_sensitivity,target_offset_2.1s,800.55078125,802.65078125,2.1,2.1,1,2,51.0,0,retained_by_q1
VisualCogA_Task-1,93,target_locked,target_offset_2.2s,800.55078125,802.75078125,2.2,2.2,1,2,51.0,0,retained_by_q1
VisualCogA_Task-1,93,target_offset_sensitivity,target_offset_2.3s,800.55078125,802.85078125,2.3,2.3,1,2,51.0,0,retained_by_q1
VisualCogA_Task-1,93,target_offset_sensitivity,target_offset_2.4s,800.55078125,802.95078125,2.4,2.4,1,2,51.0,0,retained_by_q1
VisualCogA_Task-1,94,cue_locked,nominal,809.03515625,809.03515625,0.0,,-1,-2,52.0,0,retained_by_q1
VisualCogA_Task-1,94,target_offset_sensitivity,target_offset_2.0s,809.03515625,811.03515625,2.0,2.0,-1,-2,52.0,0,retained_by_q1
VisualCogA_Task-1,94,target_offset_sensitivity,target_offset_2.1s,809.03515625,811.13515625,2.1,2.1,-1,-2,52.0,0,retained_by_q1
VisualCogA_Task-1,94,target_locked,target_offset_2.2s,809.03515625,811.23515625,2.2,2.2,-1,-2,52.0,0,retained_by_q1
VisualCogA_Task-1,94,target_offset_sensitivity,target_offset_2.3s,809.03515625,811.33515625,2.3,2.3,-1,-2,52.0,0,retained_by_q1
VisualCogA_Task-1,94,target_offset_sensitivity,target_offset_2.4s,809.03515625,811.43515625,2.4,2.4,-1,-2,52.0,0,retained_by_q1
VisualCogA_Task-1,95,cue_locked,nominal,817.5234375,817.5234375,0.0,,1,2,,1,excluded_by_q1
VisualCogA_Task-1,95,target_offset_sensitivity,target_offset_2.0s,817.5234375,819.5234375,2.0,2.0,1,2,,1,excluded_by_q1
VisualCogA_Task-1,95,target_offset_sensitivity,target_offset_2.1s,817.5234375,819.6234375,2.1,2.1,1,2,,1,excluded_by_q1
VisualCogA_Task-1,95,target_locked,target_offset_2.2s,817.5234375,819.7234375,2.2,2.2,1,2,,1,excluded_by_q1
VisualCogA_Task-1,95,target_offset_sensitivity,target_offset_2.3s,817.5234375,819.8234375,2.3,2.3,1,2,,1,excluded_by_q1
VisualCogA_Task-1,95,target_offset_sensitivity,target_offset_2.4s,817.5234375,819.9234375,2.4,2.4,1,2,,1,excluded_by_q1
VisualCogA_Task-1,96,cue_locked,nominal,825.7109375,825.7109375,0.0,,1,2,,1,excluded_by_q1
VisualCogA_Task-1,96,target_offset_sensitivity,target_offset_2.0s,825.7109375,827.7109375,2.0,2.0,1,2,,1,excluded_by_q1
VisualCogA_Task-1,96,target_offset_sensitivity,target_offset_2.1s,825.7109375,827.8109375,2.1,2.1,1,2,,1,excluded_by_q1
VisualCogA_Task-1,96,target_locked,target_offset_2.2s,825.7109375,827.9109375,2.2,2.2,1,2,,1,excluded_by_q1
VisualCogA_Task-1,96,target_offset_sensitivity,target_offset_2.3s,825.7109375,828.0109375,2.3,2.3,1,2,,1,excluded_by_q1
VisualCogA_Task-1,96,target_offset_sensitivity,target_offset_2.4s,825.7109375,828.1109375,2.4,2.4,1,2,,1,excluded_by_q1
VisualCogA_Task-1,97,cue_locked,nominal,833.85546875,833.85546875,0.0,,-1,-2,,1,excluded_by_q1
VisualCogA_Task-1,97,target_offset_sensitivity,target_offset_2.0s,833.85546875,835.85546875,2.0,2.0,-1,-2,,1,excluded_by_q1
VisualCogA_Task-1,97,target_offset_sensitivity,target_offset_2.1s,833.85546875,835.95546875,2.1,2.1,-1,-2,,1,excluded_by_q1
VisualCogA_Task-1,97,target_locked,target_offset_2.2s,833.85546875,836.05546875,2.2,2.2,-1,-2,,1,excluded_by_q1
VisualCogA_Task-1,97,target_offset_sensitivity,target_offset_2.3s,833.85546875,836.15546875,2.3,2.3,-1,-2,,1,excluded_by_q1
VisualCogA_Task-1,97,target_offset_sensitivity,target_offset_2.4s,833.85546875,836.25546875,2.4,2.4,-1,-2,,1,excluded_by_q1
VisualCogA_Task-1,98,cue_locked,nominal,842.26171875,842.26171875,0.0,,-1,-2,,1,excluded_by_q1
VisualCogA_Task-1,98,target_offset_sensitivity,target_offset_2.0s,842.26171875,844.26171875,2.0,2.0,-1,-2,,1,excluded_by_q1
VisualCogA_Task-1,98,target_offset_sensitivity,target_offset_2.1s,842.26171875,844.36171875,2.1,2.1,-1,-2,,1,excluded_by_q1
VisualCogA_Task-1,98,target_locked,target_offset_2.2s,842.26171875,844.46171875,2.2,2.2,-1,-2,,1,excluded_by_q1
VisualCogA_Task-1,98,target_offset_sensitivity,target_offset_2.3s,842.26171875,844.56171875,2.3,2.3,-1,-2,,1,excluded_by_q1
VisualCogA_Task-1,98,target_offset_sensitivity,target_offset_2.4s,842.26171875,844.66171875,2.4,2.4,-1,-2,,1,excluded_by_q1
VisualCogA_Task-1,99,cue_locked,nominal,850.84375,850.84375,0.0,,1,2,53.0,0,retained_by_q1
VisualCogA_Task-1,99,target_offset_sensitivity,target_offset_2.0s,850.84375,852.84375,2.0,2.0,1,2,53.0,0,retained_by_q1
VisualCogA_Task-1,99,target_offset_sensitivity,target_offset_2.1s,850.84375,852.94375,2.1,2.1,1,2,53.0,0,retained_by_q1
VisualCogA_Task-1,99,target_locked,target_offset_2.2s,850.84375,853.04375,2.2,2.2,1,2,53.0,0,retained_by_q1
VisualCogA_Task-1,99,target_offset_sensitivity,target_offset_2.3s,850.84375,853.14375,2.3,2.3,1,2,53.0,0,retained_by_q1
VisualCogA_Task-1,99,target_offset_sensitivity,target_offset_2.4s,850.84375,853.24375,2.4,2.4,1,2,53.0,0,retained_by_q1
VisualCogA_Task-2,0,cue_locked,nominal,20.05078125,20.05078125,0.0,,1,-2,0.0,0,retained_by_q1
VisualCogA_Task-2,0,target_offset_sensitivity,target_offset_2.0s,20.05078125,22.05078125,2.0,2.0,1,-2,0.0,0,retained_by_q1
VisualCogA_Task-2,0,target_offset_sensitivity,target_offset_2.1s,20.05078125,22.15078125,2.1,2.1,1,-2,0.0,0,retained_by_q1
VisualCogA_Task-2,0,target_locked,target_offset_2.2s,20.05078125,22.25078125,2.2,2.2,1,-2,0.0,0,retained_by_q1
VisualCogA_Task-2,0,target_offset_sensitivity,target_offset_2.3s,20.05078125,22.35078125,2.3,2.3,1,-2,0.0,0,retained_by_q1
VisualCogA_Task-2,0,target_offset_sensitivity,target_offset_2.4s,20.05078125,22.45078125,2.4,2.4,1,-2,0.0,0,retained_by_q1
VisualCogA_Task-2,1,cue_locked,nominal,28.9765625,28.9765625,0.0,,-1,-2,1.0,0,retained_by_q1
VisualCogA_Task-2,1,target_offset_sensitivity,target_offset_2.0s,28.9765625,30.9765625,2.0,2.0,-1,-2,1.0,0,retained_by_q1
VisualCogA_Task-2,1,target_offset_sensitivity,target_offset_2.1s,28.9765625,31.0765625,2.1,2.1,-1,-2,1.0,0,retained_by_q1
VisualCogA_Task-2,1,target_locked,target_offset_2.2s,28.9765625,31.1765625,2.2,2.2,-1,-2,1.0,0,retained_by_q1
VisualCogA_Task-2,1,target_offset_sensitivity,target_offset_2.3s,28.9765625,31.2765625,2.3,2.3,-1,-2,1.0,0,retained_by_q1
VisualCogA_Task-2,1,target_offset_sensitivity,target_offset_2.4s,28.9765625,31.3765625,2.4,2.4,-1,-2,1.0,0,retained_by_q1
VisualCogA_Task-2,2,cue_locked,nominal,38.1953125,38.1953125,0.0,,-1,-2,2.0,0,retained_by_q1
VisualCogA_Task-2,2,target_offset_sensitivity,target_offset_2.0s,38.1953125,40.1953125,2.0,2.0,-1,-2,2.0,0,retained_by_q1
VisualCogA_Task-2,2,target_offset_sensitivity,target_offset_2.1s,38.1953125,40.2953125,2.1,2.1,-1,-2,2.0,0,retained_by_q1
VisualCogA_Task-2,2,target_locked,target_offset_2.2s,38.1953125,40.3953125,2.2,2.2,-1,-2,2.0,0,retained_by_q1
VisualCogA_Task-2,2,target_offset_sensitivity,target_offset_2.3s,38.1953125,40.4953125,2.3,2.3,-1,-2,2.0,0,retained_by_q1
VisualCogA_Task-2,2,target_offset_sensitivity,target_offset_2.4s,38.1953125,40.5953125,2.4,2.4,-1,-2,2.0,0,retained_by_q1
VisualCogA_Task-2,3,cue_locked,nominal,46.9296875,46.9296875,0.0,,-1,-2,3.0,0,retained_by_q1
VisualCogA_Task-2,3,target_offset_sensitivity,target_offset_2.0s,46.9296875,48.9296875,2.0,2.0,-1,-2,3.0,0,retained_by_q1
VisualCogA_Task-2,3,target_offset_sensitivity,target_offset_2.1s,46.9296875,49.0296875,2.1,2.1,-1,-2,3.0,0,retained_by_q1
VisualCogA_Task-2,3,target_locked,target_offset_2.2s,46.9296875,49.1296875,2.2,2.2,-1,-2,3.0,0,retained_by_q1
VisualCogA_Task-2,3,target_offset_sensitivity,target_offset_2.3s,46.9296875,49.2296875,2.3,2.3,-1,-2,3.0,0,retained_by_q1
VisualCogA_Task-2,3,target_offset_sensitivity,target_offset_2.4s,46.9296875,49.3296875,2.4,2.4,-1,-2,3.0,0,retained_by_q1
VisualCogA_Task-2,4,cue_locked,nominal,55.68359375,55.68359375,0.0,,1,-2,4.0,0,retained_by_q1
VisualCogA_Task-2,4,target_offset_sensitivity,target_offset_2.0s,55.68359375,57.68359375,2.0,2.0,1,-2,4.0,0,retained_by_q1
VisualCogA_Task-2,4,target_offset_sensitivity,target_offset_2.1s,55.68359375,57.78359375,2.1,2.1,1,-2,4.0,0,retained_by_q1
VisualCogA_Task-2,4,target_locked,target_offset_2.2s,55.68359375,57.88359375,2.2,2.2,1,-2,4.0,0,retained_by_q1
VisualCogA_Task-2,4,target_offset_sensitivity,target_offset_2.3s,55.68359375,57.98359375,2.3,2.3,1,-2,4.0,0,retained_by_q1
VisualCogA_Task-2,4,target_offset_sensitivity,target_offset_2.4s,55.68359375,58.08359375,2.4,2.4,1,-2,4.0,0,retained_by_q1
VisualCogA_Task-2,5,cue_locked,nominal,64.37109375,64.37109375,0.0,,-1,2,5.0,0,retained_by_q1
VisualCogA_Task-2,5,target_offset_sensitivity,target_offset_2.0s,64.37109375,66.37109375,2.0,2.0,-1,2,5.0,0,retained_by_q1
VisualCogA_Task-2,5,target_offset_sensitivity,target_offset_2.1s,64.37109375,66.47109375,2.1,2.1,-1,2,5.0,0,retained_by_q1
VisualCogA_Task-2,5,target_locked,target_offset_2.2s,64.37109375,66.57109375,2.2,2.2,-1,2,5.0,0,retained_by_q1
VisualCogA_Task-2,5,target_offset_sensitivity,target_offset_2.3s,64.37109375,66.67109375,2.3,2.3,-1,2,5.0,0,retained_by_q1
VisualCogA_Task-2,5,target_offset_sensitivity,target_offset_2.4s,64.37109375,66.77109375,2.4,2.4,-1,2,5.0,0,retained_by_q1
VisualCogA_Task-2,6,cue_locked,nominal,72.94921875,72.94921875,0.0,,1,-2,6.0,0,retained_by_q1
VisualCogA_Task-2,6,target_offset_sensitivity,target_offset_2.0s,72.94921875,74.94921875,2.0,2.0,1,-2,6.0,0,retained_by_q1
VisualCogA_Task-2,6,target_offset_sensitivity,target_offset_2.1s,72.94921875,75.04921875,2.1,2.1,1,-2,6.0,0,retained_by_q1
VisualCogA_Task-2,6,target_locked,target_offset_2.2s,72.94921875,75.14921875,2.2,2.2,1,-2,6.0,0,retained_by_q1
VisualCogA_Task-2,6,target_offset_sensitivity,target_offset_2.3s,72.94921875,75.24921875,2.3,2.3,1,-2,6.0,0,retained_by_q1
VisualCogA_Task-2,6,target_offset_sensitivity,target_offset_2.4s,72.94921875,75.34921875,2.4,2.4,1,-2,6.0,0,retained_by_q1
VisualCogA_Task-2,7,cue_locked,nominal,81.5,81.5,0.0,,1,-2,7.0,0,retained_by_q1
VisualCogA_Task-2,7,target_offset_sensitivity,target_offset_2.0s,81.5,83.5,2.0,2.0,1,-2,7.0,0,retained_by_q1
VisualCogA_Task-2,7,target_offset_sensitivity,target_offset_2.1s,81.5,83.6,2.1,2.1,1,-2,7.0,0,retained_by_q1
VisualCogA_Task-2,7,target_locked,target_offset_2.2s,81.5,83.7,2.2,2.2,1,-2,7.0,0,retained_by_q1
VisualCogA_Task-2,7,target_offset_sensitivity,target_offset_2.3s,81.5,83.8,2.3,2.3,1,-2,7.0,0,retained_by_q1
VisualCogA_Task-2,7,target_offset_sensitivity,target_offset_2.4s,81.5,83.9,2.4,2.4,1,-2,7.0,0,retained_by_q1
VisualCogA_Task-2,8,cue_locked,nominal,90.0625,90.0625,0.0,,-1,2,8.0,0,retained_by_q1
VisualCogA_Task-2,8,target_offset_sensitivity,target_offset_2.0s,90.0625,92.0625,2.0,2.0,-1,2,8.0,0,retained_by_q1
VisualCogA_Task-2,8,target_offset_sensitivity,target_offset_2.1s,90.0625,92.1625,2.1,2.1,-1,2,8.0,0,retained_by_q1
VisualCogA_Task-2,8,target_locked,target_offset_2.2s,90.0625,92.2625,2.2,2.2,-1,2,8.0,0,retained_by_q1
VisualCogA_Task-2,8,target_offset_sensitivity,target_offset_2.3s,90.0625,92.3625,2.3,2.3,-1,2,8.0,0,retained_by_q1
VisualCogA_Task-2,8,target_offset_sensitivity,target_offset_2.4s,90.0625,92.4625,2.4,2.4,-1,2,8.0,0,retained_by_q1
VisualCogA_Task-2,9,cue_locked,nominal,98.97265625,98.97265625,0.0,,-1,-2,9.0,0,retained_by_q1
VisualCogA_Task-2,9,target_offset_sensitivity,target_offset_2.0s,98.97265625,100.97265625,2.0,2.0,-1,-2,9.0,0,retained_by_q1
VisualCogA_Task-2,9,target_offset_sensitivity,target_offset_2.1s,98.97265625,101.07265625,2.1,2.1,-1,-2,9.0,0,retained_by_q1
VisualCogA_Task-2,9,target_locked,target_offset_2.2s,98.97265625,101.17265625,2.2,2.2,-1,-2,9.0,0,retained_by_q1
VisualCogA_Task-2,9,target_offset_sensitivity,target_offset_2.3s,98.97265625,101.27265625,2.3,2.3,-1,-2,9.0,0,retained_by_q1
VisualCogA_Task-2,9,target_offset_sensitivity,target_offset_2.4s,98.97265625,101.37265625,2.4,2.4,-1,-2,9.0,0,retained_by_q1
VisualCogA_Task-2,10,cue_locked,nominal,107.55078125,107.55078125,0.0,,1,2,10.0,0,retained_by_q1
VisualCogA_Task-2,10,target_offset_sensitivity,target_offset_2.0s,107.55078125,109.55078125,2.0,2.0,1,2,10.0,0,retained_by_q1
VisualCogA_Task-2,10,target_offset_sensitivity,target_offset_2.1s,107.55078125,109.65078125,2.1,2.1,1,2,10.0,0,retained_by_q1
VisualCogA_Task-2,10,target_locked,target_offset_2.2s,107.55078125,109.75078125,2.2,2.2,1,2,10.0,0,retained_by_q1
VisualCogA_Task-2,10,target_offset_sensitivity,target_offset_2.3s,107.55078125,109.85078125,2.3,2.3,1,2,10.0,0,retained_by_q1
VisualCogA_Task-2,10,target_offset_sensitivity,target_offset_2.4s,107.55078125,109.95078125,2.4,2.4,1,2,10.0,0,retained_by_q1
VisualCogA_Task-2,11,cue_locked,nominal,116.25390625,116.25390625,0.0,,1,-2,11.0,0,retained_by_q1
VisualCogA_Task-2,11,target_offset_sensitivity,target_offset_2.0s,116.25390625,118.25390625,2.0,2.0,1,-2,11.0,0,retained_by_q1
VisualCogA_Task-2,11,target_offset_sensitivity,target_offset_2.1s,116.25390625,118.35390625,2.1,2.1,1,-2,11.0,0,retained_by_q1
VisualCogA_Task-2,11,target_locked,target_offset_2.2s,116.25390625,118.45390625,2.2,2.2,1,-2,11.0,0,retained_by_q1
VisualCogA_Task-2,11,target_offset_sensitivity,target_offset_2.3s,116.25390625,118.55390625,2.3,2.3,1,-2,11.0,0,retained_by_q1
VisualCogA_Task-2,11,target_offset_sensitivity,target_offset_2.4s,116.25390625,118.65390625,2.4,2.4,1,-2,11.0,0,retained_by_q1
VisualCogA_Task-2,12,cue_locked,nominal,124.8828125,124.8828125,0.0,,1,-2,12.0,0,retained_by_q1
VisualCogA_Task-2,12,target_offset_sensitivity,target_offset_2.0s,124.8828125,126.8828125,2.0,2.0,1,-2,12.0,0,retained_by_q1
VisualCogA_Task-2,12,target_offset_sensitivity,target_offset_2.1s,124.8828125,126.9828125,2.1,2.1,1,-2,12.0,0,retained_by_q1
VisualCogA_Task-2,12,target_locked,target_offset_2.2s,124.8828125,127.0828125,2.2,2.2,1,-2,12.0,0,retained_by_q1
VisualCogA_Task-2,12,target_offset_sensitivity,target_offset_2.3s,124.8828125,127.1828125,2.3,2.3,1,-2,12.0,0,retained_by_q1
VisualCogA_Task-2,12,target_offset_sensitivity,target_offset_2.4s,124.8828125,127.2828125,2.4,2.4,1,-2,12.0,0,retained_by_q1
VisualCogA_Task-2,13,cue_locked,nominal,133.4609375,133.4609375,0.0,,-1,-2,13.0,0,retained_by_q1
VisualCogA_Task-2,13,target_offset_sensitivity,target_offset_2.0s,133.4609375,135.4609375,2.0,2.0,-1,-2,13.0,0,retained_by_q1
VisualCogA_Task-2,13,target_offset_sensitivity,target_offset_2.1s,133.4609375,135.5609375,2.1,2.1,-1,-2,13.0,0,retained_by_q1
VisualCogA_Task-2,13,target_locked,target_offset_2.2s,133.4609375,135.6609375,2.2,2.2,-1,-2,13.0,0,retained_by_q1
VisualCogA_Task-2,13,target_offset_sensitivity,target_offset_2.3s,133.4609375,135.7609375,2.3,2.3,-1,-2,13.0,0,retained_by_q1
VisualCogA_Task-2,13,target_offset_sensitivity,target_offset_2.4s,133.4609375,135.8609375,2.4,2.4,-1,-2,13.0,0,retained_by_q1
VisualCogA_Task-2,14,cue_locked,nominal,142.24609375,142.24609375,0.0,,-1,2,14.0,0,retained_by_q1
VisualCogA_Task-2,14,target_offset_sensitivity,target_offset_2.0s,142.24609375,144.24609375,2.0,2.0,-1,2,14.0,0,retained_by_q1
VisualCogA_Task-2,14,target_offset_sensitivity,target_offset_2.1s,142.24609375,144.34609375,2.1,2.1,-1,2,14.0,0,retained_by_q1
VisualCogA_Task-2,14,target_locked,target_offset_2.2s,142.24609375,144.44609375,2.2,2.2,-1,2,14.0,0,retained_by_q1
VisualCogA_Task-2,14,target_offset_sensitivity,target_offset_2.3s,142.24609375,144.54609375,2.3,2.3,-1,2,14.0,0,retained_by_q1
VisualCogA_Task-2,14,target_offset_sensitivity,target_offset_2.4s,142.24609375,144.64609375,2.4,2.4,-1,2,14.0,0,retained_by_q1
VisualCogA_Task-2,15,cue_locked,nominal,151.16796875,151.16796875,0.0,,-1,2,15.0,0,retained_by_q1
VisualCogA_Task-2,15,target_offset_sensitivity,target_offset_2.0s,151.16796875,153.16796875,2.0,2.0,-1,2,15.0,0,retained_by_q1
VisualCogA_Task-2,15,target_offset_sensitivity,target_offset_2.1s,151.16796875,153.26796875,2.1,2.1,-1,2,15.0,0,retained_by_q1
VisualCogA_Task-2,15,target_locked,target_offset_2.2s,151.16796875,153.36796875,2.2,2.2,-1,2,15.0,0,retained_by_q1
VisualCogA_Task-2,15,target_offset_sensitivity,target_offset_2.3s,151.16796875,153.46796875,2.3,2.3,-1,2,15.0,0,retained_by_q1
VisualCogA_Task-2,15,target_offset_sensitivity,target_offset_2.4s,151.16796875,153.56796875,2.4,2.4,-1,2,15.0,0,retained_by_q1
VisualCogA_Task-2,16,cue_locked,nominal,159.93359375,159.93359375,0.0,,1,-2,16.0,0,retained_by_q1
VisualCogA_Task-2,16,target_offset_sensitivity,target_offset_2.0s,159.93359375,161.93359375,2.0,2.0,1,-2,16.0,0,retained_by_q1
VisualCogA_Task-2,16,target_offset_sensitivity,target_offset_2.1s,159.93359375,162.03359375,2.1,2.1,1,-2,16.0,0,retained_by_q1
VisualCogA_Task-2,16,target_locked,target_offset_2.2s,159.93359375,162.13359375,2.2,2.2,1,-2,16.0,0,retained_by_q1
VisualCogA_Task-2,16,target_offset_sensitivity,target_offset_2.3s,159.93359375,162.23359375,2.3,2.3,1,-2,16.0,0,retained_by_q1
VisualCogA_Task-2,16,target_offset_sensitivity,target_offset_2.4s,159.93359375,162.33359375,2.4,2.4,1,-2,16.0,0,retained_by_q1
VisualCogA_Task-2,17,cue_locked,nominal,168.609375,168.609375,0.0,,1,2,17.0,0,retained_by_q1
VisualCogA_Task-2,17,target_offset_sensitivity,target_offset_2.0s,168.609375,170.609375,2.0,2.0,1,2,17.0,0,retained_by_q1
VisualCogA_Task-2,17,target_offset_sensitivity,target_offset_2.1s,168.609375,170.709375,2.1,2.1,1,2,17.0,0,retained_by_q1
VisualCogA_Task-2,17,target_locked,target_offset_2.2s,168.609375,170.809375,2.2,2.2,1,2,17.0,0,retained_by_q1
VisualCogA_Task-2,17,target_offset_sensitivity,target_offset_2.3s,168.609375,170.909375,2.3,2.3,1,2,17.0,0,retained_by_q1
VisualCogA_Task-2,17,target_offset_sensitivity,target_offset_2.4s,168.609375,171.009375,2.4,2.4,1,2,17.0,0,retained_by_q1
VisualCogA_Task-2,18,cue_locked,nominal,177.421875,177.421875,0.0,,-1,2,18.0,0,retained_by_q1
VisualCogA_Task-2,18,target_offset_sensitivity,target_offset_2.0s,177.421875,179.421875,2.0,2.0,-1,2,18.0,0,retained_by_q1
VisualCogA_Task-2,18,target_offset_sensitivity,target_offset_2.1s,177.421875,179.521875,2.1,2.1,-1,2,18.0,0,retained_by_q1
VisualCogA_Task-2,18,target_locked,target_offset_2.2s,177.421875,179.621875,2.2,2.2,-1,2,18.0,0,retained_by_q1
VisualCogA_Task-2,18,target_offset_sensitivity,target_offset_2.3s,177.421875,179.721875,2.3,2.3,-1,2,18.0,0,retained_by_q1
VisualCogA_Task-2,18,target_offset_sensitivity,target_offset_2.4s,177.421875,179.821875,2.4,2.4,-1,2,18.0,0,retained_by_q1
VisualCogA_Task-2,19,cue_locked,nominal,185.91015625,185.91015625,0.0,,-1,2,19.0,0,retained_by_q1
VisualCogA_Task-2,19,target_offset_sensitivity,target_offset_2.0s,185.91015625,187.91015625,2.0,2.0,-1,2,19.0,0,retained_by_q1
VisualCogA_Task-2,19,target_offset_sensitivity,target_offset_2.1s,185.91015625,188.01015625,2.1,2.1,-1,2,19.0,0,retained_by_q1
VisualCogA_Task-2,19,target_locked,target_offset_2.2s,185.91015625,188.11015625,2.2,2.2,-1,2,19.0,0,retained_by_q1
VisualCogA_Task-2,19,target_offset_sensitivity,target_offset_2.3s,185.91015625,188.21015625,2.3,2.3,-1,2,19.0,0,retained_by_q1
VisualCogA_Task-2,19,target_offset_sensitivity,target_offset_2.4s,185.91015625,188.31015625,2.4,2.4,-1,2,19.0,0,retained_by_q1
VisualCogA_Task-2,20,cue_locked,nominal,194.61328125,194.61328125,0.0,,1,-2,20.0,0,retained_by_q1
VisualCogA_Task-2,20,target_offset_sensitivity,target_offset_2.0s,194.61328125,196.61328125,2.0,2.0,1,-2,20.0,0,retained_by_q1
VisualCogA_Task-2,20,target_offset_sensitivity,target_offset_2.1s,194.61328125,196.71328125,2.1,2.1,1,-2,20.0,0,retained_by_q1
VisualCogA_Task-2,20,target_locked,target_offset_2.2s,194.61328125,196.81328125,2.2,2.2,1,-2,20.0,0,retained_by_q1
VisualCogA_Task-2,20,target_offset_sensitivity,target_offset_2.3s,194.61328125,196.91328125,2.3,2.3,1,-2,20.0,0,retained_by_q1
VisualCogA_Task-2,20,target_offset_sensitivity,target_offset_2.4s,194.61328125,197.01328125,2.4,2.4,1,-2,20.0,0,retained_by_q1
VisualCogA_Task-2,21,cue_locked,nominal,203.14453125,203.14453125,0.0,,-1,-2,21.0,0,retained_by_q1
VisualCogA_Task-2,21,target_offset_sensitivity,target_offset_2.0s,203.14453125,205.14453125,2.0,2.0,-1,-2,21.0,0,retained_by_q1
VisualCogA_Task-2,21,target_offset_sensitivity,target_offset_2.1s,203.14453125,205.24453125,2.1,2.1,-1,-2,21.0,0,retained_by_q1
VisualCogA_Task-2,21,target_locked,target_offset_2.2s,203.14453125,205.34453125,2.2,2.2,-1,-2,21.0,0,retained_by_q1
VisualCogA_Task-2,21,target_offset_sensitivity,target_offset_2.3s,203.14453125,205.44453125,2.3,2.3,-1,-2,21.0,0,retained_by_q1
VisualCogA_Task-2,21,target_offset_sensitivity,target_offset_2.4s,203.14453125,205.54453125,2.4,2.4,-1,-2,21.0,0,retained_by_q1
VisualCogA_Task-2,22,cue_locked,nominal,211.8203125,211.8203125,0.0,,1,2,,1,excluded_by_q1
VisualCogA_Task-2,22,target_offset_sensitivity,target_offset_2.0s,211.8203125,213.8203125,2.0,2.0,1,2,,1,excluded_by_q1
VisualCogA_Task-2,22,target_offset_sensitivity,target_offset_2.1s,211.8203125,213.9203125,2.1,2.1,1,2,,1,excluded_by_q1
VisualCogA_Task-2,22,target_locked,target_offset_2.2s,211.8203125,214.0203125,2.2,2.2,1,2,,1,excluded_by_q1
VisualCogA_Task-2,22,target_offset_sensitivity,target_offset_2.3s,211.8203125,214.1203125,2.3,2.3,1,2,,1,excluded_by_q1
VisualCogA_Task-2,22,target_offset_sensitivity,target_offset_2.4s,211.8203125,214.2203125,2.4,2.4,1,2,,1,excluded_by_q1
VisualCogA_Task-2,23,cue_locked,nominal,220.3828125,220.3828125,0.0,,1,-2,22.0,0,retained_by_q1
VisualCogA_Task-2,23,target_offset_sensitivity,target_offset_2.0s,220.3828125,222.3828125,2.0,2.0,1,-2,22.0,0,retained_by_q1
VisualCogA_Task-2,23,target_offset_sensitivity,target_offset_2.1s,220.3828125,222.4828125,2.1,2.1,1,-2,22.0,0,retained_by_q1
VisualCogA_Task-2,23,target_locked,target_offset_2.2s,220.3828125,222.5828125,2.2,2.2,1,-2,22.0,0,retained_by_q1
VisualCogA_Task-2,23,target_offset_sensitivity,target_offset_2.3s,220.3828125,222.6828125,2.3,2.3,1,-2,22.0,0,retained_by_q1
VisualCogA_Task-2,23,target_offset_sensitivity,target_offset_2.4s,220.3828125,222.7828125,2.4,2.4,1,-2,22.0,0,retained_by_q1
VisualCogA_Task-2,24,cue_locked,nominal,229.02734375,229.02734375,0.0,,-1,2,23.0,0,retained_by_q1
VisualCogA_Task-2,24,target_offset_sensitivity,target_offset_2.0s,229.02734375,231.02734375,2.0,2.0,-1,2,23.0,0,retained_by_q1
VisualCogA_Task-2,24,target_offset_sensitivity,target_offset_2.1s,229.02734375,231.12734375,2.1,2.1,-1,2,23.0,0,retained_by_q1
VisualCogA_Task-2,24,target_locked,target_offset_2.2s,229.02734375,231.22734375,2.2,2.2,-1,2,23.0,0,retained_by_q1
VisualCogA_Task-2,24,target_offset_sensitivity,target_offset_2.3s,229.02734375,231.32734375,2.3,2.3,-1,2,23.0,0,retained_by_q1
VisualCogA_Task-2,24,target_offset_sensitivity,target_offset_2.4s,229.02734375,231.42734375,2.4,2.4,-1,2,23.0,0,retained_by_q1
VisualCogA_Task-2,25,cue_locked,nominal,237.48046875,237.48046875,0.0,,-1,2,24.0,0,retained_by_q1
VisualCogA_Task-2,25,target_offset_sensitivity,target_offset_2.0s,237.48046875,239.48046875,2.0,2.0,-1,2,24.0,0,retained_by_q1
VisualCogA_Task-2,25,target_offset_sensitivity,target_offset_2.1s,237.48046875,239.58046875,2.1,2.1,-1,2,24.0,0,retained_by_q1
VisualCogA_Task-2,25,target_locked,target_offset_2.2s,237.48046875,239.68046875,2.2,2.2,-1,2,24.0,0,retained_by_q1
VisualCogA_Task-2,25,target_offset_sensitivity,target_offset_2.3s,237.48046875,239.78046875,2.3,2.3,-1,2,24.0,0,retained_by_q1
VisualCogA_Task-2,25,target_offset_sensitivity,target_offset_2.4s,237.48046875,239.88046875,2.4,2.4,-1,2,24.0,0,retained_by_q1
VisualCogA_Task-2,26,cue_locked,nominal,245.984375,245.984375,0.0,,1,2,25.0,0,retained_by_q1
VisualCogA_Task-2,26,target_offset_sensitivity,target_offset_2.0s,245.984375,247.984375,2.0,2.0,1,2,25.0,0,retained_by_q1
VisualCogA_Task-2,26,target_offset_sensitivity,target_offset_2.1s,245.984375,248.084375,2.1,2.1,1,2,25.0,0,retained_by_q1
VisualCogA_Task-2,26,target_locked,target_offset_2.2s,245.984375,248.184375,2.2,2.2,1,2,25.0,0,retained_by_q1
VisualCogA_Task-2,26,target_offset_sensitivity,target_offset_2.3s,245.984375,248.284375,2.3,2.3,1,2,25.0,0,retained_by_q1
VisualCogA_Task-2,26,target_offset_sensitivity,target_offset_2.4s,245.984375,248.384375,2.4,2.4,1,2,25.0,0,retained_by_q1
VisualCogA_Task-2,27,cue_locked,nominal,254.61328125,254.61328125,0.0,,1,2,26.0,0,retained_by_q1
VisualCogA_Task-2,27,target_offset_sensitivity,target_offset_2.0s,254.61328125,256.61328125,2.0,2.0,1,2,26.0,0,retained_by_q1
VisualCogA_Task-2,27,target_offset_sensitivity,target_offset_2.1s,254.61328125,256.71328125,2.1,2.1,1,2,26.0,0,retained_by_q1
VisualCogA_Task-2,27,target_locked,target_offset_2.2s,254.61328125,256.81328125,2.2,2.2,1,2,26.0,0,retained_by_q1
VisualCogA_Task-2,27,target_offset_sensitivity,target_offset_2.3s,254.61328125,256.91328125,2.3,2.3,1,2,26.0,0,retained_by_q1
VisualCogA_Task-2,27,target_offset_sensitivity,target_offset_2.4s,254.61328125,257.01328125,2.4,2.4,1,2,26.0,0,retained_by_q1
VisualCogA_Task-2,28,cue_locked,nominal,263.30078125,263.30078125,0.0,,1,2,27.0,0,retained_by_q1
VisualCogA_Task-2,28,target_offset_sensitivity,target_offset_2.0s,263.30078125,265.30078125,2.0,2.0,1,2,27.0,0,retained_by_q1
VisualCogA_Task-2,28,target_offset_sensitivity,target_offset_2.1s,263.30078125,265.40078125,2.1,2.1,1,2,27.0,0,retained_by_q1
VisualCogA_Task-2,28,target_locked,target_offset_2.2s,263.30078125,265.50078125,2.2,2.2,1,2,27.0,0,retained_by_q1
VisualCogA_Task-2,28,target_offset_sensitivity,target_offset_2.3s,263.30078125,265.60078125,2.3,2.3,1,2,27.0,0,retained_by_q1
VisualCogA_Task-2,28,target_offset_sensitivity,target_offset_2.4s,263.30078125,265.70078125,2.4,2.4,1,2,27.0,0,retained_by_q1
VisualCogA_Task-2,29,cue_locked,nominal,272.20703125,272.20703125,0.0,,-1,-2,,1,excluded_by_q1
VisualCogA_Task-2,29,target_offset_sensitivity,target_offset_2.0s,272.20703125,274.20703125,2.0,2.0,-1,-2,,1,excluded_by_q1
VisualCogA_Task-2,29,target_offset_sensitivity,target_offset_2.1s,272.20703125,274.30703125,2.1,2.1,-1,-2,,1,excluded_by_q1
VisualCogA_Task-2,29,target_locked,target_offset_2.2s,272.20703125,274.40703125,2.2,2.2,-1,-2,,1,excluded_by_q1
VisualCogA_Task-2,29,target_offset_sensitivity,target_offset_2.3s,272.20703125,274.50703125,2.3,2.3,-1,-2,,1,excluded_by_q1
VisualCogA_Task-2,29,target_offset_sensitivity,target_offset_2.4s,272.20703125,274.60703125,2.4,2.4,-1,-2,,1,excluded_by_q1
VisualCogA_Task-2,30,cue_locked,nominal,281.01953125,281.01953125,0.0,,-1,2,,1,excluded_by_q1
VisualCogA_Task-2,30,target_offset_sensitivity,target_offset_2.0s,281.01953125,283.01953125,2.0,2.0,-1,2,,1,excluded_by_q1
VisualCogA_Task-2,30,target_offset_sensitivity,target_offset_2.1s,281.01953125,283.11953125,2.1,2.1,-1,2,,1,excluded_by_q1
VisualCogA_Task-2,30,target_locked,target_offset_2.2s,281.01953125,283.21953125,2.2,2.2,-1,2,,1,excluded_by_q1
VisualCogA_Task-2,30,target_offset_sensitivity,target_offset_2.3s,281.01953125,283.31953125,2.3,2.3,-1,2,,1,excluded_by_q1
VisualCogA_Task-2,30,target_offset_sensitivity,target_offset_2.4s,281.01953125,283.41953125,2.4,2.4,-1,2,,1,excluded_by_q1
VisualCogA_Task-2,31,cue_locked,nominal,289.4921875,289.4921875,0.0,,-1,2,28.0,0,retained_by_q1
VisualCogA_Task-2,31,target_offset_sensitivity,target_offset_2.0s,289.4921875,291.4921875,2.0,2.0,-1,2,28.0,0,retained_by_q1
VisualCogA_Task-2,31,target_offset_sensitivity,target_offset_2.1s,289.4921875,291.5921875,2.1,2.1,-1,2,28.0,0,retained_by_q1
VisualCogA_Task-2,31,target_locked,target_offset_2.2s,289.4921875,291.6921875,2.2,2.2,-1,2,28.0,0,retained_by_q1
VisualCogA_Task-2,31,target_offset_sensitivity,target_offset_2.3s,289.4921875,291.7921875,2.3,2.3,-1,2,28.0,0,retained_by_q1
VisualCogA_Task-2,31,target_offset_sensitivity,target_offset_2.4s,289.4921875,291.8921875,2.4,2.4,-1,2,28.0,0,retained_by_q1
VisualCogA_Task-2,32,cue_locked,nominal,297.8984375,297.8984375,0.0,,1,2,,1,excluded_by_q1
VisualCogA_Task-2,32,target_offset_sensitivity,target_offset_2.0s,297.8984375,299.8984375,2.0,2.0,1,2,,1,excluded_by_q1
VisualCogA_Task-2,32,target_offset_sensitivity,target_offset_2.1s,297.8984375,299.9984375,2.1,2.1,1,2,,1,excluded_by_q1
VisualCogA_Task-2,32,target_locked,target_offset_2.2s,297.8984375,300.0984375,2.2,2.2,1,2,,1,excluded_by_q1
VisualCogA_Task-2,32,target_offset_sensitivity,target_offset_2.3s,297.8984375,300.1984375,2.3,2.3,1,2,,1,excluded_by_q1
VisualCogA_Task-2,32,target_offset_sensitivity,target_offset_2.4s,297.8984375,300.2984375,2.4,2.4,1,2,,1,excluded_by_q1
VisualCogA_Task-2,33,cue_locked,nominal,306.46484375,306.46484375,0.0,,-1,-2,,1,excluded_by_q1
VisualCogA_Task-2,33,target_offset_sensitivity,target_offset_2.0s,306.46484375,308.46484375,2.0,2.0,-1,-2,,1,excluded_by_q1
VisualCogA_Task-2,33,target_offset_sensitivity,target_offset_2.1s,306.46484375,308.56484375,2.1,2.1,-1,-2,,1,excluded_by_q1
VisualCogA_Task-2,33,target_locked,target_offset_2.2s,306.46484375,308.66484375,2.2,2.2,-1,-2,,1,excluded_by_q1
VisualCogA_Task-2,33,target_offset_sensitivity,target_offset_2.3s,306.46484375,308.76484375,2.3,2.3,-1,-2,,1,excluded_by_q1
VisualCogA_Task-2,33,target_offset_sensitivity,target_offset_2.4s,306.46484375,308.86484375,2.4,2.4,-1,-2,,1,excluded_by_q1
VisualCogA_Task-2,34,cue_locked,nominal,315.19921875,315.19921875,0.0,,-1,-2,,1,excluded_by_q1
VisualCogA_Task-2,34,target_offset_sensitivity,target_offset_2.0s,315.19921875,317.19921875,2.0,2.0,-1,-2,,1,excluded_by_q1
VisualCogA_Task-2,34,target_offset_sensitivity,target_offset_2.1s,315.19921875,317.29921875,2.1,2.1,-1,-2,,1,excluded_by_q1
VisualCogA_Task-2,34,target_locked,target_offset_2.2s,315.19921875,317.39921875,2.2,2.2,-1,-2,,1,excluded_by_q1
VisualCogA_Task-2,34,target_offset_sensitivity,target_offset_2.3s,315.19921875,317.49921875,2.3,2.3,-1,-2,,1,excluded_by_q1
VisualCogA_Task-2,34,target_offset_sensitivity,target_offset_2.4s,315.19921875,317.59921875,2.4,2.4,-1,-2,,1,excluded_by_q1
VisualCogA_Task-2,35,cue_locked,nominal,323.88671875,323.88671875,0.0,,1,2,29.0,0,retained_by_q1
VisualCogA_Task-2,35,target_offset_sensitivity,target_offset_2.0s,323.88671875,325.88671875,2.0,2.0,1,2,29.0,0,retained_by_q1
VisualCogA_Task-2,35,target_offset_sensitivity,target_offset_2.1s,323.88671875,325.98671875,2.1,2.1,1,2,29.0,0,retained_by_q1
VisualCogA_Task-2,35,target_locked,target_offset_2.2s,323.88671875,326.08671875,2.2,2.2,1,2,29.0,0,retained_by_q1
VisualCogA_Task-2,35,target_offset_sensitivity,target_offset_2.3s,323.88671875,326.18671875,2.3,2.3,1,2,29.0,0,retained_by_q1
VisualCogA_Task-2,35,target_offset_sensitivity,target_offset_2.4s,323.88671875,326.28671875,2.4,2.4,1,2,29.0,0,retained_by_q1
VisualCogA_Task-2,36,cue_locked,nominal,332.3125,332.3125,0.0,,1,2,30.0,0,retained_by_q1
VisualCogA_Task-2,36,target_offset_sensitivity,target_offset_2.0s,332.3125,334.3125,2.0,2.0,1,2,30.0,0,retained_by_q1
VisualCogA_Task-2,36,target_offset_sensitivity,target_offset_2.1s,332.3125,334.4125,2.1,2.1,1,2,30.0,0,retained_by_q1
VisualCogA_Task-2,36,target_locked,target_offset_2.2s,332.3125,334.5125,2.2,2.2,1,2,30.0,0,retained_by_q1
VisualCogA_Task-2,36,target_offset_sensitivity,target_offset_2.3s,332.3125,334.6125,2.3,2.3,1,2,30.0,0,retained_by_q1
VisualCogA_Task-2,36,target_offset_sensitivity,target_offset_2.4s,332.3125,334.7125,2.4,2.4,1,2,30.0,0,retained_by_q1
VisualCogA_Task-2,37,cue_locked,nominal,340.90625,340.90625,0.0,,-1,2,31.0,0,retained_by_q1
VisualCogA_Task-2,37,target_offset_sensitivity,target_offset_2.0s,340.90625,342.90625,2.0,2.0,-1,2,31.0,0,retained_by_q1
VisualCogA_Task-2,37,target_offset_sensitivity,target_offset_2.1s,340.90625,343.00625,2.1,2.1,-1,2,31.0,0,retained_by_q1
VisualCogA_Task-2,37,target_locked,target_offset_2.2s,340.90625,343.10625,2.2,2.2,-1,2,31.0,0,retained_by_q1
VisualCogA_Task-2,37,target_offset_sensitivity,target_offset_2.3s,340.90625,343.20625,2.3,2.3,-1,2,31.0,0,retained_by_q1
VisualCogA_Task-2,37,target_offset_sensitivity,target_offset_2.4s,340.90625,343.30625,2.4,2.4,-1,2,31.0,0,retained_by_q1
VisualCogA_Task-2,38,cue_locked,nominal,349.56640625,349.56640625,0.0,,1,2,,1,excluded_by_q1
VisualCogA_Task-2,38,target_offset_sensitivity,target_offset_2.0s,349.56640625,351.56640625,2.0,2.0,1,2,,1,excluded_by_q1
VisualCogA_Task-2,38,target_offset_sensitivity,target_offset_2.1s,349.56640625,351.66640625,2.1,2.1,1,2,,1,excluded_by_q1
VisualCogA_Task-2,38,target_locked,target_offset_2.2s,349.56640625,351.76640625,2.2,2.2,1,2,,1,excluded_by_q1
VisualCogA_Task-2,38,target_offset_sensitivity,target_offset_2.3s,349.56640625,351.86640625,2.3,2.3,1,2,,1,excluded_by_q1
VisualCogA_Task-2,38,target_offset_sensitivity,target_offset_2.4s,349.56640625,351.96640625,2.4,2.4,1,2,,1,excluded_by_q1
VisualCogA_Task-2,39,cue_locked,nominal,358.42578125,358.42578125,0.0,,-1,2,32.0,0,retained_by_q1
VisualCogA_Task-2,39,target_offset_sensitivity,target_offset_2.0s,358.42578125,360.42578125,2.0,2.0,-1,2,32.0,0,retained_by_q1
VisualCogA_Task-2,39,target_offset_sensitivity,target_offset_2.1s,358.42578125,360.52578125,2.1,2.1,-1,2,32.0,0,retained_by_q1
VisualCogA_Task-2,39,target_locked,target_offset_2.2s,358.42578125,360.62578125,2.2,2.2,-1,2,32.0,0,retained_by_q1
VisualCogA_Task-2,39,target_offset_sensitivity,target_offset_2.3s,358.42578125,360.72578125,2.3,2.3,-1,2,32.0,0,retained_by_q1
VisualCogA_Task-2,39,target_offset_sensitivity,target_offset_2.4s,358.42578125,360.82578125,2.4,2.4,-1,2,32.0,0,retained_by_q1
VisualCogA_Task-2,40,cue_locked,nominal,366.9453125,366.9453125,0.0,,-1,-2,,1,excluded_by_q1
VisualCogA_Task-2,40,target_offset_sensitivity,target_offset_2.0s,366.9453125,368.9453125,2.0,2.0,-1,-2,,1,excluded_by_q1
VisualCogA_Task-2,40,target_offset_sensitivity,target_offset_2.1s,366.9453125,369.0453125,2.1,2.1,-1,-2,,1,excluded_by_q1
VisualCogA_Task-2,40,target_locked,target_offset_2.2s,366.9453125,369.1453125,2.2,2.2,-1,-2,,1,excluded_by_q1
VisualCogA_Task-2,40,target_offset_sensitivity,target_offset_2.3s,366.9453125,369.2453125,2.3,2.3,-1,-2,,1,excluded_by_q1
VisualCogA_Task-2,40,target_offset_sensitivity,target_offset_2.4s,366.9453125,369.3453125,2.4,2.4,-1,-2,,1,excluded_by_q1
VisualCogA_Task-2,41,cue_locked,nominal,375.7109375,375.7109375,0.0,,-1,-2,33.0,0,retained_by_q1
VisualCogA_Task-2,41,target_offset_sensitivity,target_offset_2.0s,375.7109375,377.7109375,2.0,2.0,-1,-2,33.0,0,retained_by_q1
VisualCogA_Task-2,41,target_offset_sensitivity,target_offset_2.1s,375.7109375,377.8109375,2.1,2.1,-1,-2,33.0,0,retained_by_q1
VisualCogA_Task-2,41,target_locked,target_offset_2.2s,375.7109375,377.9109375,2.2,2.2,-1,-2,33.0,0,retained_by_q1
VisualCogA_Task-2,41,target_offset_sensitivity,target_offset_2.3s,375.7109375,378.0109375,2.3,2.3,-1,-2,33.0,0,retained_by_q1
VisualCogA_Task-2,41,target_offset_sensitivity,target_offset_2.4s,375.7109375,378.1109375,2.4,2.4,-1,-2,33.0,0,retained_by_q1
VisualCogA_Task-2,42,cue_locked,nominal,384.27734375,384.27734375,0.0,,-1,-2,,1,excluded_by_q1
VisualCogA_Task-2,42,target_offset_sensitivity,target_offset_2.0s,384.27734375,386.27734375,2.0,2.0,-1,-2,,1,excluded_by_q1
VisualCogA_Task-2,42,target_offset_sensitivity,target_offset_2.1s,384.27734375,386.37734375,2.1,2.1,-1,-2,,1,excluded_by_q1
VisualCogA_Task-2,42,target_locked,target_offset_2.2s,384.27734375,386.47734375,2.2,2.2,-1,-2,,1,excluded_by_q1
VisualCogA_Task-2,42,target_offset_sensitivity,target_offset_2.3s,384.27734375,386.57734375,2.3,2.3,-1,-2,,1,excluded_by_q1
VisualCogA_Task-2,42,target_offset_sensitivity,target_offset_2.4s,384.27734375,386.67734375,2.4,2.4,-1,-2,,1,excluded_by_q1
VisualCogA_Task-2,43,cue_locked,nominal,392.85546875,392.85546875,0.0,,-1,2,34.0,0,retained_by_q1
VisualCogA_Task-2,43,target_offset_sensitivity,target_offset_2.0s,392.85546875,394.85546875,2.0,2.0,-1,2,34.0,0,retained_by_q1
VisualCogA_Task-2,43,target_offset_sensitivity,target_offset_2.1s,392.85546875,394.95546875,2.1,2.1,-1,2,34.0,0,retained_by_q1
VisualCogA_Task-2,43,target_locked,target_offset_2.2s,392.85546875,395.05546875,2.2,2.2,-1,2,34.0,0,retained_by_q1
VisualCogA_Task-2,43,target_offset_sensitivity,target_offset_2.3s,392.85546875,395.15546875,2.3,2.3,-1,2,34.0,0,retained_by_q1
VisualCogA_Task-2,43,target_offset_sensitivity,target_offset_2.4s,392.85546875,395.25546875,2.4,2.4,-1,2,34.0,0,retained_by_q1
VisualCogA_Task-2,44,cue_locked,nominal,401.73046875,401.73046875,0.0,,-1,2,,1,excluded_by_q1
VisualCogA_Task-2,44,target_offset_sensitivity,target_offset_2.0s,401.73046875,403.73046875,2.0,2.0,-1,2,,1,excluded_by_q1
VisualCogA_Task-2,44,target_offset_sensitivity,target_offset_2.1s,401.73046875,403.83046875,2.1,2.1,-1,2,,1,excluded_by_q1
VisualCogA_Task-2,44,target_locked,target_offset_2.2s,401.73046875,403.93046875,2.2,2.2,-1,2,,1,excluded_by_q1
VisualCogA_Task-2,44,target_offset_sensitivity,target_offset_2.3s,401.73046875,404.03046875,2.3,2.3,-1,2,,1,excluded_by_q1
VisualCogA_Task-2,44,target_offset_sensitivity,target_offset_2.4s,401.73046875,404.13046875,2.4,2.4,-1,2,,1,excluded_by_q1
VisualCogA_Task-2,45,cue_locked,nominal,410.171875,410.171875,0.0,,-1,-2,35.0,0,retained_by_q1
VisualCogA_Task-2,45,target_offset_sensitivity,target_offset_2.0s,410.171875,412.171875,2.0,2.0,-1,-2,35.0,0,retained_by_q1
VisualCogA_Task-2,45,target_offset_sensitivity,target_offset_2.1s,410.171875,412.271875,2.1,2.1,-1,-2,35.0,0,retained_by_q1
VisualCogA_Task-2,45,target_locked,target_offset_2.2s,410.171875,412.371875,2.2,2.2,-1,-2,35.0,0,retained_by_q1
VisualCogA_Task-2,45,target_offset_sensitivity,target_offset_2.3s,410.171875,412.471875,2.3,2.3,-1,-2,35.0,0,retained_by_q1
VisualCogA_Task-2,45,target_offset_sensitivity,target_offset_2.4s,410.171875,412.571875,2.4,2.4,-1,-2,35.0,0,retained_by_q1
VisualCogA_Task-2,46,cue_locked,nominal,418.75390625,418.75390625,0.0,,-1,2,36.0,0,retained_by_q1
VisualCogA_Task-2,46,target_offset_sensitivity,target_offset_2.0s,418.75390625,420.75390625,2.0,2.0,-1,2,36.0,0,retained_by_q1
VisualCogA_Task-2,46,target_offset_sensitivity,target_offset_2.1s,418.75390625,420.85390625,2.1,2.1,-1,2,36.0,0,retained_by_q1
VisualCogA_Task-2,46,target_locked,target_offset_2.2s,418.75390625,420.95390625,2.2,2.2,-1,2,36.0,0,retained_by_q1
VisualCogA_Task-2,46,target_offset_sensitivity,target_offset_2.3s,418.75390625,421.05390625,2.3,2.3,-1,2,36.0,0,retained_by_q1
VisualCogA_Task-2,46,target_offset_sensitivity,target_offset_2.4s,418.75390625,421.15390625,2.4,2.4,-1,2,36.0,0,retained_by_q1
VisualCogA_Task-2,47,cue_locked,nominal,427.20703125,427.20703125,0.0,,-1,-2,37.0,0,retained_by_q1
VisualCogA_Task-2,47,target_offset_sensitivity,target_offset_2.0s,427.20703125,429.20703125,2.0,2.0,-1,-2,37.0,0,retained_by_q1
VisualCogA_Task-2,47,target_offset_sensitivity,target_offset_2.1s,427.20703125,429.30703125,2.1,2.1,-1,-2,37.0,0,retained_by_q1
VisualCogA_Task-2,47,target_locked,target_offset_2.2s,427.20703125,429.40703125,2.2,2.2,-1,-2,37.0,0,retained_by_q1
VisualCogA_Task-2,47,target_offset_sensitivity,target_offset_2.3s,427.20703125,429.50703125,2.3,2.3,-1,-2,37.0,0,retained_by_q1
VisualCogA_Task-2,47,target_offset_sensitivity,target_offset_2.4s,427.20703125,429.60703125,2.4,2.4,-1,-2,37.0,0,retained_by_q1
VisualCogA_Task-2,48,cue_locked,nominal,435.94140625,435.94140625,0.0,,1,-2,38.0,0,retained_by_q1
VisualCogA_Task-2,48,target_offset_sensitivity,target_offset_2.0s,435.94140625,437.94140625,2.0,2.0,1,-2,38.0,0,retained_by_q1
VisualCogA_Task-2,48,target_offset_sensitivity,target_offset_2.1s,435.94140625,438.04140625,2.1,2.1,1,-2,38.0,0,retained_by_q1
VisualCogA_Task-2,48,target_locked,target_offset_2.2s,435.94140625,438.14140625,2.2,2.2,1,-2,38.0,0,retained_by_q1
VisualCogA_Task-2,48,target_offset_sensitivity,target_offset_2.3s,435.94140625,438.24140625,2.3,2.3,1,-2,38.0,0,retained_by_q1
VisualCogA_Task-2,48,target_offset_sensitivity,target_offset_2.4s,435.94140625,438.34140625,2.4,2.4,1,-2,38.0,0,retained_by_q1
VisualCogA_Task-2,49,cue_locked,nominal,444.6796875,444.6796875,0.0,,1,-2,39.0,0,retained_by_q1
VisualCogA_Task-2,49,target_offset_sensitivity,target_offset_2.0s,444.6796875,446.6796875,2.0,2.0,1,-2,39.0,0,retained_by_q1
VisualCogA_Task-2,49,target_offset_sensitivity,target_offset_2.1s,444.6796875,446.7796875,2.1,2.1,1,-2,39.0,0,retained_by_q1
VisualCogA_Task-2,49,target_locked,target_offset_2.2s,444.6796875,446.8796875,2.2,2.2,1,-2,39.0,0,retained_by_q1
VisualCogA_Task-2,49,target_offset_sensitivity,target_offset_2.3s,444.6796875,446.9796875,2.3,2.3,1,-2,39.0,0,retained_by_q1
VisualCogA_Task-2,49,target_offset_sensitivity,target_offset_2.4s,444.6796875,447.0796875,2.4,2.4,1,-2,39.0,0,retained_by_q1
VisualCogA_Task-2,50,cue_locked,nominal,453.40234375,453.40234375,0.0,,-1,2,,1,excluded_by_q1
VisualCogA_Task-2,50,target_offset_sensitivity,target_offset_2.0s,453.40234375,455.40234375,2.0,2.0,-1,2,,1,excluded_by_q1
VisualCogA_Task-2,50,target_offset_sensitivity,target_offset_2.1s,453.40234375,455.50234375,2.1,2.1,-1,2,,1,excluded_by_q1
VisualCogA_Task-2,50,target_locked,target_offset_2.2s,453.40234375,455.60234375,2.2,2.2,-1,2,,1,excluded_by_q1
VisualCogA_Task-2,50,target_offset_sensitivity,target_offset_2.3s,453.40234375,455.70234375,2.3,2.3,-1,2,,1,excluded_by_q1
VisualCogA_Task-2,50,target_offset_sensitivity,target_offset_2.4s,453.40234375,455.80234375,2.4,2.4,-1,2,,1,excluded_by_q1
VisualCogA_Task-2,51,cue_locked,nominal,462.08984375,462.08984375,0.0,,1,2,40.0,0,retained_by_q1
VisualCogA_Task-2,51,target_offset_sensitivity,target_offset_2.0s,462.08984375,464.08984375,2.0,2.0,1,2,40.0,0,retained_by_q1
VisualCogA_Task-2,51,target_offset_sensitivity,target_offset_2.1s,462.08984375,464.18984375,2.1,2.1,1,2,40.0,0,retained_by_q1
VisualCogA_Task-2,51,target_locked,target_offset_2.2s,462.08984375,464.28984375,2.2,2.2,1,2,40.0,0,retained_by_q1
VisualCogA_Task-2,51,target_offset_sensitivity,target_offset_2.3s,462.08984375,464.38984375,2.3,2.3,1,2,40.0,0,retained_by_q1
VisualCogA_Task-2,51,target_offset_sensitivity,target_offset_2.4s,462.08984375,464.48984375,2.4,2.4,1,2,40.0,0,retained_by_q1
VisualCogA_Task-2,52,cue_locked,nominal,470.48046875,470.48046875,0.0,,1,-2,41.0,0,retained_by_q1
VisualCogA_Task-2,52,target_offset_sensitivity,target_offset_2.0s,470.48046875,472.48046875,2.0,2.0,1,-2,41.0,0,retained_by_q1
VisualCogA_Task-2,52,target_offset_sensitivity,target_offset_2.1s,470.48046875,472.58046875,2.1,2.1,1,-2,41.0,0,retained_by_q1
VisualCogA_Task-2,52,target_locked,target_offset_2.2s,470.48046875,472.68046875,2.2,2.2,1,-2,41.0,0,retained_by_q1
VisualCogA_Task-2,52,target_offset_sensitivity,target_offset_2.3s,470.48046875,472.78046875,2.3,2.3,1,-2,41.0,0,retained_by_q1
VisualCogA_Task-2,52,target_offset_sensitivity,target_offset_2.4s,470.48046875,472.88046875,2.4,2.4,1,-2,41.0,0,retained_by_q1
VisualCogA_Task-2,53,cue_locked,nominal,479.15625,479.15625,0.0,,-1,2,42.0,0,retained_by_q1
VisualCogA_Task-2,53,target_offset_sensitivity,target_offset_2.0s,479.15625,481.15625,2.0,2.0,-1,2,42.0,0,retained_by_q1
VisualCogA_Task-2,53,target_offset_sensitivity,target_offset_2.1s,479.15625,481.25625,2.1,2.1,-1,2,42.0,0,retained_by_q1
VisualCogA_Task-2,53,target_locked,target_offset_2.2s,479.15625,481.35625,2.2,2.2,-1,2,42.0,0,retained_by_q1
VisualCogA_Task-2,53,target_offset_sensitivity,target_offset_2.3s,479.15625,481.45625,2.3,2.3,-1,2,42.0,0,retained_by_q1
VisualCogA_Task-2,53,target_offset_sensitivity,target_offset_2.4s,479.15625,481.55625,2.4,2.4,-1,2,42.0,0,retained_by_q1
VisualCogA_Task-2,54,cue_locked,nominal,487.796875,487.796875,0.0,,-1,2,43.0,0,retained_by_q1
VisualCogA_Task-2,54,target_offset_sensitivity,target_offset_2.0s,487.796875,489.796875,2.0,2.0,-1,2,43.0,0,retained_by_q1
VisualCogA_Task-2,54,target_offset_sensitivity,target_offset_2.1s,487.796875,489.896875,2.1,2.1,-1,2,43.0,0,retained_by_q1
VisualCogA_Task-2,54,target_locked,target_offset_2.2s,487.796875,489.996875,2.2,2.2,-1,2,43.0,0,retained_by_q1
VisualCogA_Task-2,54,target_offset_sensitivity,target_offset_2.3s,487.796875,490.096875,2.3,2.3,-1,2,43.0,0,retained_by_q1
VisualCogA_Task-2,54,target_offset_sensitivity,target_offset_2.4s,487.796875,490.196875,2.4,2.4,-1,2,43.0,0,retained_by_q1
VisualCogA_Task-2,55,cue_locked,nominal,496.31640625,496.31640625,0.0,,1,2,44.0,0,retained_by_q1
VisualCogA_Task-2,55,target_offset_sensitivity,target_offset_2.0s,496.31640625,498.31640625,2.0,2.0,1,2,44.0,0,retained_by_q1
VisualCogA_Task-2,55,target_offset_sensitivity,target_offset_2.1s,496.31640625,498.41640625,2.1,2.1,1,2,44.0,0,retained_by_q1
VisualCogA_Task-2,55,target_locked,target_offset_2.2s,496.31640625,498.51640625,2.2,2.2,1,2,44.0,0,retained_by_q1
VisualCogA_Task-2,55,target_offset_sensitivity,target_offset_2.3s,496.31640625,498.61640625,2.3,2.3,1,2,44.0,0,retained_by_q1
VisualCogA_Task-2,55,target_offset_sensitivity,target_offset_2.4s,496.31640625,498.71640625,2.4,2.4,1,2,44.0,0,retained_by_q1
VisualCogA_Task-2,56,cue_locked,nominal,504.98828125,504.98828125,0.0,,1,-2,45.0,0,retained_by_q1
VisualCogA_Task-2,56,target_offset_sensitivity,target_offset_2.0s,504.98828125,506.98828125,2.0,2.0,1,-2,45.0,0,retained_by_q1
VisualCogA_Task-2,56,target_offset_sensitivity,target_offset_2.1s,504.98828125,507.08828125,2.1,2.1,1,-2,45.0,0,retained_by_q1
VisualCogA_Task-2,56,target_locked,target_offset_2.2s,504.98828125,507.18828125,2.2,2.2,1,-2,45.0,0,retained_by_q1
VisualCogA_Task-2,56,target_offset_sensitivity,target_offset_2.3s,504.98828125,507.28828125,2.3,2.3,1,-2,45.0,0,retained_by_q1
VisualCogA_Task-2,56,target_offset_sensitivity,target_offset_2.4s,504.98828125,507.38828125,2.4,2.4,1,-2,45.0,0,retained_by_q1
VisualCogA_Task-2,57,cue_locked,nominal,513.6796875,513.6796875,0.0,,1,2,46.0,0,retained_by_q1
VisualCogA_Task-2,57,target_offset_sensitivity,target_offset_2.0s,513.6796875,515.6796875,2.0,2.0,1,2,46.0,0,retained_by_q1
VisualCogA_Task-2,57,target_offset_sensitivity,target_offset_2.1s,513.6796875,515.7796875,2.1,2.1,1,2,46.0,0,retained_by_q1
VisualCogA_Task-2,57,target_locked,target_offset_2.2s,513.6796875,515.8796875,2.2,2.2,1,2,46.0,0,retained_by_q1
VisualCogA_Task-2,57,target_offset_sensitivity,target_offset_2.3s,513.6796875,515.9796875,2.3,2.3,1,2,46.0,0,retained_by_q1
VisualCogA_Task-2,57,target_offset_sensitivity,target_offset_2.4s,513.6796875,516.0796875,2.4,2.4,1,2,46.0,0,retained_by_q1
VisualCogA_Task-2,58,cue_locked,nominal,522.4140625,522.4140625,0.0,,1,-2,47.0,0,retained_by_q1
VisualCogA_Task-2,58,target_offset_sensitivity,target_offset_2.0s,522.4140625,524.4140625,2.0,2.0,1,-2,47.0,0,retained_by_q1
VisualCogA_Task-2,58,target_offset_sensitivity,target_offset_2.1s,522.4140625,524.5140625,2.1,2.1,1,-2,47.0,0,retained_by_q1
VisualCogA_Task-2,58,target_locked,target_offset_2.2s,522.4140625,524.6140625,2.2,2.2,1,-2,47.0,0,retained_by_q1
VisualCogA_Task-2,58,target_offset_sensitivity,target_offset_2.3s,522.4140625,524.7140625,2.3,2.3,1,-2,47.0,0,retained_by_q1
VisualCogA_Task-2,58,target_offset_sensitivity,target_offset_2.4s,522.4140625,524.8140625,2.4,2.4,1,-2,47.0,0,retained_by_q1
VisualCogA_Task-2,59,cue_locked,nominal,531.1171875,531.1171875,0.0,,1,-2,,1,excluded_by_q1
VisualCogA_Task-2,59,target_offset_sensitivity,target_offset_2.0s,531.1171875,533.1171875,2.0,2.0,1,-2,,1,excluded_by_q1
VisualCogA_Task-2,59,target_offset_sensitivity,target_offset_2.1s,531.1171875,533.2171875,2.1,2.1,1,-2,,1,excluded_by_q1
VisualCogA_Task-2,59,target_locked,target_offset_2.2s,531.1171875,533.3171875,2.2,2.2,1,-2,,1,excluded_by_q1
VisualCogA_Task-2,59,target_offset_sensitivity,target_offset_2.3s,531.1171875,533.4171875,2.3,2.3,1,-2,,1,excluded_by_q1
VisualCogA_Task-2,59,target_offset_sensitivity,target_offset_2.4s,531.1171875,533.5171875,2.4,2.4,1,-2,,1,excluded_by_q1
VisualCogA_Task-2,60,cue_locked,nominal,539.85546875,539.85546875,0.0,,-1,2,48.0,0,retained_by_q1
VisualCogA_Task-2,60,target_offset_sensitivity,target_offset_2.0s,539.85546875,541.85546875,2.0,2.0,-1,2,48.0,0,retained_by_q1
VisualCogA_Task-2,60,target_offset_sensitivity,target_offset_2.1s,539.85546875,541.95546875,2.1,2.1,-1,2,48.0,0,retained_by_q1
VisualCogA_Task-2,60,target_locked,target_offset_2.2s,539.85546875,542.05546875,2.2,2.2,-1,2,48.0,0,retained_by_q1
VisualCogA_Task-2,60,target_offset_sensitivity,target_offset_2.3s,539.85546875,542.15546875,2.3,2.3,-1,2,48.0,0,retained_by_q1
VisualCogA_Task-2,60,target_offset_sensitivity,target_offset_2.4s,539.85546875,542.25546875,2.4,2.4,-1,2,48.0,0,retained_by_q1
VisualCogA_Task-2,61,cue_locked,nominal,548.60546875,548.60546875,0.0,,1,-2,,1,excluded_by_q1
VisualCogA_Task-2,61,target_offset_sensitivity,target_offset_2.0s,548.60546875,550.60546875,2.0,2.0,1,-2,,1,excluded_by_q1
VisualCogA_Task-2,61,target_offset_sensitivity,target_offset_2.1s,548.60546875,550.70546875,2.1,2.1,1,-2,,1,excluded_by_q1
VisualCogA_Task-2,61,target_locked,target_offset_2.2s,548.60546875,550.80546875,2.2,2.2,1,-2,,1,excluded_by_q1
VisualCogA_Task-2,61,target_offset_sensitivity,target_offset_2.3s,548.60546875,550.90546875,2.3,2.3,1,-2,,1,excluded_by_q1
VisualCogA_Task-2,61,target_offset_sensitivity,target_offset_2.4s,548.60546875,551.00546875,2.4,2.4,1,-2,,1,excluded_by_q1
VisualCogA_Task-2,62,cue_locked,nominal,557.140625,557.140625,0.0,,-1,2,,1,excluded_by_q1
VisualCogA_Task-2,62,target_offset_sensitivity,target_offset_2.0s,557.140625,559.140625,2.0,2.0,-1,2,,1,excluded_by_q1
VisualCogA_Task-2,62,target_offset_sensitivity,target_offset_2.1s,557.140625,559.240625,2.1,2.1,-1,2,,1,excluded_by_q1
VisualCogA_Task-2,62,target_locked,target_offset_2.2s,557.140625,559.340625,2.2,2.2,-1,2,,1,excluded_by_q1
VisualCogA_Task-2,62,target_offset_sensitivity,target_offset_2.3s,557.140625,559.440625,2.3,2.3,-1,2,,1,excluded_by_q1
VisualCogA_Task-2,62,target_offset_sensitivity,target_offset_2.4s,557.140625,559.540625,2.4,2.4,-1,2,,1,excluded_by_q1
VisualCogA_Task-2,63,cue_locked,nominal,565.734375,565.734375,0.0,,-1,-2,49.0,0,retained_by_q1
VisualCogA_Task-2,63,target_offset_sensitivity,target_offset_2.0s,565.734375,567.734375,2.0,2.0,-1,-2,49.0,0,retained_by_q1
VisualCogA_Task-2,63,target_offset_sensitivity,target_offset_2.1s,565.734375,567.834375,2.1,2.1,-1,-2,49.0,0,retained_by_q1
VisualCogA_Task-2,63,target_locked,target_offset_2.2s,565.734375,567.934375,2.2,2.2,-1,-2,49.0,0,retained_by_q1
VisualCogA_Task-2,63,target_offset_sensitivity,target_offset_2.3s,565.734375,568.034375,2.3,2.3,-1,-2,49.0,0,retained_by_q1
VisualCogA_Task-2,63,target_offset_sensitivity,target_offset_2.4s,565.734375,568.134375,2.4,2.4,-1,-2,49.0,0,retained_by_q1
VisualCogA_Task-2,64,cue_locked,nominal,574.31640625,574.31640625,0.0,,1,2,50.0,0,retained_by_q1
VisualCogA_Task-2,64,target_offset_sensitivity,target_offset_2.0s,574.31640625,576.31640625,2.0,2.0,1,2,50.0,0,retained_by_q1
VisualCogA_Task-2,64,target_offset_sensitivity,target_offset_2.1s,574.31640625,576.41640625,2.1,2.1,1,2,50.0,0,retained_by_q1
VisualCogA_Task-2,64,target_locked,target_offset_2.2s,574.31640625,576.51640625,2.2,2.2,1,2,50.0,0,retained_by_q1
VisualCogA_Task-2,64,target_offset_sensitivity,target_offset_2.3s,574.31640625,576.61640625,2.3,2.3,1,2,50.0,0,retained_by_q1
VisualCogA_Task-2,64,target_offset_sensitivity,target_offset_2.4s,574.31640625,576.71640625,2.4,2.4,1,2,50.0,0,retained_by_q1
VisualCogA_Task-2,65,cue_locked,nominal,582.81640625,582.81640625,0.0,,-1,-2,51.0,0,retained_by_q1
VisualCogA_Task-2,65,target_offset_sensitivity,target_offset_2.0s,582.81640625,584.81640625,2.0,2.0,-1,-2,51.0,0,retained_by_q1
VisualCogA_Task-2,65,target_offset_sensitivity,target_offset_2.1s,582.81640625,584.91640625,2.1,2.1,-1,-2,51.0,0,retained_by_q1
VisualCogA_Task-2,65,target_locked,target_offset_2.2s,582.81640625,585.01640625,2.2,2.2,-1,-2,51.0,0,retained_by_q1
VisualCogA_Task-2,65,target_offset_sensitivity,target_offset_2.3s,582.81640625,585.11640625,2.3,2.3,-1,-2,51.0,0,retained_by_q1
VisualCogA_Task-2,65,target_offset_sensitivity,target_offset_2.4s,582.81640625,585.21640625,2.4,2.4,-1,-2,51.0,0,retained_by_q1
VisualCogA_Task-2,66,cue_locked,nominal,591.3515625,591.3515625,0.0,,1,2,52.0,0,retained_by_q1
VisualCogA_Task-2,66,target_offset_sensitivity,target_offset_2.0s,591.3515625,593.3515625,2.0,2.0,1,2,52.0,0,retained_by_q1
VisualCogA_Task-2,66,target_offset_sensitivity,target_offset_2.1s,591.3515625,593.4515625,2.1,2.1,1,2,52.0,0,retained_by_q1
VisualCogA_Task-2,66,target_locked,target_offset_2.2s,591.3515625,593.5515625,2.2,2.2,1,2,52.0,0,retained_by_q1
VisualCogA_Task-2,66,target_offset_sensitivity,target_offset_2.3s,591.3515625,593.6515625,2.3,2.3,1,2,52.0,0,retained_by_q1
VisualCogA_Task-2,66,target_offset_sensitivity,target_offset_2.4s,591.3515625,593.7515625,2.4,2.4,1,2,52.0,0,retained_by_q1
VisualCogA_Task-2,67,cue_locked,nominal,599.8515625,599.8515625,0.0,,1,-2,,1,excluded_by_q1
VisualCogA_Task-2,67,target_offset_sensitivity,target_offset_2.0s,599.8515625,601.8515625,2.0,2.0,1,-2,,1,excluded_by_q1
VisualCogA_Task-2,67,target_offset_sensitivity,target_offset_2.1s,599.8515625,601.9515625,2.1,2.1,1,-2,,1,excluded_by_q1
VisualCogA_Task-2,67,target_locked,target_offset_2.2s,599.8515625,602.0515625,2.2,2.2,1,-2,,1,excluded_by_q1
VisualCogA_Task-2,67,target_offset_sensitivity,target_offset_2.3s,599.8515625,602.1515625,2.3,2.3,1,-2,,1,excluded_by_q1
VisualCogA_Task-2,67,target_offset_sensitivity,target_offset_2.4s,599.8515625,602.2515625,2.4,2.4,1,-2,,1,excluded_by_q1
VisualCogA_Task-2,68,cue_locked,nominal,608.6015625,608.6015625,0.0,,-1,-2,53.0,0,retained_by_q1
VisualCogA_Task-2,68,target_offset_sensitivity,target_offset_2.0s,608.6015625,610.6015625,2.0,2.0,-1,-2,53.0,0,retained_by_q1
VisualCogA_Task-2,68,target_offset_sensitivity,target_offset_2.1s,608.6015625,610.7015625,2.1,2.1,-1,-2,53.0,0,retained_by_q1
VisualCogA_Task-2,68,target_locked,target_offset_2.2s,608.6015625,610.8015625,2.2,2.2,-1,-2,53.0,0,retained_by_q1
VisualCogA_Task-2,68,target_offset_sensitivity,target_offset_2.3s,608.6015625,610.9015625,2.3,2.3,-1,-2,53.0,0,retained_by_q1
VisualCogA_Task-2,68,target_offset_sensitivity,target_offset_2.4s,608.6015625,611.0015625,2.4,2.4,-1,-2,53.0,0,retained_by_q1
VisualCogA_Task-2,69,cue_locked,nominal,617.38671875,617.38671875,0.0,,-1,-2,54.0,0,retained_by_q1
VisualCogA_Task-2,69,target_offset_sensitivity,target_offset_2.0s,617.38671875,619.38671875,2.0,2.0,-1,-2,54.0,0,retained_by_q1
VisualCogA_Task-2,69,target_offset_sensitivity,target_offset_2.1s,617.38671875,619.48671875,2.1,2.1,-1,-2,54.0,0,retained_by_q1
VisualCogA_Task-2,69,target_locked,target_offset_2.2s,617.38671875,619.58671875,2.2,2.2,-1,-2,54.0,0,retained_by_q1
VisualCogA_Task-2,69,target_offset_sensitivity,target_offset_2.3s,617.38671875,619.68671875,2.3,2.3,-1,-2,54.0,0,retained_by_q1
VisualCogA_Task-2,69,target_offset_sensitivity,target_offset_2.4s,617.38671875,619.78671875,2.4,2.4,-1,-2,54.0,0,retained_by_q1
VisualCogA_Task-2,70,cue_locked,nominal,625.94921875,625.94921875,0.0,,1,-2,55.0,0,retained_by_q1
VisualCogA_Task-2,70,target_offset_sensitivity,target_offset_2.0s,625.94921875,627.94921875,2.0,2.0,1,-2,55.0,0,retained_by_q1
VisualCogA_Task-2,70,target_offset_sensitivity,target_offset_2.1s,625.94921875,628.04921875,2.1,2.1,1,-2,55.0,0,retained_by_q1
VisualCogA_Task-2,70,target_locked,target_offset_2.2s,625.94921875,628.14921875,2.2,2.2,1,-2,55.0,0,retained_by_q1
VisualCogA_Task-2,70,target_offset_sensitivity,target_offset_2.3s,625.94921875,628.24921875,2.3,2.3,1,-2,55.0,0,retained_by_q1
VisualCogA_Task-2,70,target_offset_sensitivity,target_offset_2.4s,625.94921875,628.34921875,2.4,2.4,1,-2,55.0,0,retained_by_q1
VisualCogA_Task-2,71,cue_locked,nominal,634.421875,634.421875,0.0,,1,-2,56.0,0,retained_by_q1
VisualCogA_Task-2,71,target_offset_sensitivity,target_offset_2.0s,634.421875,636.421875,2.0,2.0,1,-2,56.0,0,retained_by_q1
VisualCogA_Task-2,71,target_offset_sensitivity,target_offset_2.1s,634.421875,636.521875,2.1,2.1,1,-2,56.0,0,retained_by_q1
VisualCogA_Task-2,71,target_locked,target_offset_2.2s,634.421875,636.621875,2.2,2.2,1,-2,56.0,0,retained_by_q1
VisualCogA_Task-2,71,target_offset_sensitivity,target_offset_2.3s,634.421875,636.721875,2.3,2.3,1,-2,56.0,0,retained_by_q1
VisualCogA_Task-2,71,target_offset_sensitivity,target_offset_2.4s,634.421875,636.821875,2.4,2.4,1,-2,56.0,0,retained_by_q1
VisualCogA_Task-2,72,cue_locked,nominal,642.8125,642.8125,0.0,,1,2,57.0,0,retained_by_q1
VisualCogA_Task-2,72,target_offset_sensitivity,target_offset_2.0s,642.8125,644.8125,2.0,2.0,1,2,57.0,0,retained_by_q1
VisualCogA_Task-2,72,target_offset_sensitivity,target_offset_2.1s,642.8125,644.9125,2.1,2.1,1,2,57.0,0,retained_by_q1
VisualCogA_Task-2,72,target_locked,target_offset_2.2s,642.8125,645.0125,2.2,2.2,1,2,57.0,0,retained_by_q1
VisualCogA_Task-2,72,target_offset_sensitivity,target_offset_2.3s,642.8125,645.1125,2.3,2.3,1,2,57.0,0,retained_by_q1
VisualCogA_Task-2,72,target_offset_sensitivity,target_offset_2.4s,642.8125,645.2125,2.4,2.4,1,2,57.0,0,retained_by_q1
VisualCogA_Task-2,73,cue_locked,nominal,651.51953125,651.51953125,0.0,,1,-2,58.0,0,retained_by_q1
VisualCogA_Task-2,73,target_offset_sensitivity,target_offset_2.0s,651.51953125,653.51953125,2.0,2.0,1,-2,58.0,0,retained_by_q1
VisualCogA_Task-2,73,target_offset_sensitivity,target_offset_2.1s,651.51953125,653.61953125,2.1,2.1,1,-2,58.0,0,retained_by_q1
VisualCogA_Task-2,73,target_locked,target_offset_2.2s,651.51953125,653.71953125,2.2,2.2,1,-2,58.0,0,retained_by_q1
VisualCogA_Task-2,73,target_offset_sensitivity,target_offset_2.3s,651.51953125,653.81953125,2.3,2.3,1,-2,58.0,0,retained_by_q1
VisualCogA_Task-2,73,target_offset_sensitivity,target_offset_2.4s,651.51953125,653.91953125,2.4,2.4,1,-2,58.0,0,retained_by_q1
VisualCogA_Task-2,74,cue_locked,nominal,660.17578125,660.17578125,0.0,,-1,2,59.0,0,retained_by_q1
VisualCogA_Task-2,74,target_offset_sensitivity,target_offset_2.0s,660.17578125,662.17578125,2.0,2.0,-1,2,59.0,0,retained_by_q1
VisualCogA_Task-2,74,target_offset_sensitivity,target_offset_2.1s,660.17578125,662.27578125,2.1,2.1,-1,2,59.0,0,retained_by_q1
VisualCogA_Task-2,74,target_locked,target_offset_2.2s,660.17578125,662.37578125,2.2,2.2,-1,2,59.0,0,retained_by_q1
VisualCogA_Task-2,74,target_offset_sensitivity,target_offset_2.3s,660.17578125,662.47578125,2.3,2.3,-1,2,59.0,0,retained_by_q1
VisualCogA_Task-2,74,target_offset_sensitivity,target_offset_2.4s,660.17578125,662.57578125,2.4,2.4,-1,2,59.0,0,retained_by_q1
VisualCogA_Task-2,75,cue_locked,nominal,668.69140625,668.69140625,0.0,,-1,-2,60.0,0,retained_by_q1
VisualCogA_Task-2,75,target_offset_sensitivity,target_offset_2.0s,668.69140625,670.69140625,2.0,2.0,-1,-2,60.0,0,retained_by_q1
VisualCogA_Task-2,75,target_offset_sensitivity,target_offset_2.1s,668.69140625,670.79140625,2.1,2.1,-1,-2,60.0,0,retained_by_q1
VisualCogA_Task-2,75,target_locked,target_offset_2.2s,668.69140625,670.89140625,2.2,2.2,-1,-2,60.0,0,retained_by_q1
VisualCogA_Task-2,75,target_offset_sensitivity,target_offset_2.3s,668.69140625,670.99140625,2.3,2.3,-1,-2,60.0,0,retained_by_q1
VisualCogA_Task-2,75,target_offset_sensitivity,target_offset_2.4s,668.69140625,671.09140625,2.4,2.4,-1,-2,60.0,0,retained_by_q1
VisualCogA_Task-2,76,cue_locked,nominal,677.5078125,677.5078125,0.0,,-1,2,61.0,0,retained_by_q1
VisualCogA_Task-2,76,target_offset_sensitivity,target_offset_2.0s,677.5078125,679.5078125,2.0,2.0,-1,2,61.0,0,retained_by_q1
VisualCogA_Task-2,76,target_offset_sensitivity,target_offset_2.1s,677.5078125,679.6078125,2.1,2.1,-1,2,61.0,0,retained_by_q1
VisualCogA_Task-2,76,target_locked,target_offset_2.2s,677.5078125,679.7078125,2.2,2.2,-1,2,61.0,0,retained_by_q1
VisualCogA_Task-2,76,target_offset_sensitivity,target_offset_2.3s,677.5078125,679.8078125,2.3,2.3,-1,2,61.0,0,retained_by_q1
VisualCogA_Task-2,76,target_offset_sensitivity,target_offset_2.4s,677.5078125,679.9078125,2.4,2.4,-1,2,61.0,0,retained_by_q1
VisualCogA_Task-2,77,cue_locked,nominal,686.0078125,686.0078125,0.0,,1,2,,1,excluded_by_q1
VisualCogA_Task-2,77,target_offset_sensitivity,target_offset_2.0s,686.0078125,688.0078125,2.0,2.0,1,2,,1,excluded_by_q1
VisualCogA_Task-2,77,target_offset_sensitivity,target_offset_2.1s,686.0078125,688.1078125,2.1,2.1,1,2,,1,excluded_by_q1
VisualCogA_Task-2,77,target_locked,target_offset_2.2s,686.0078125,688.2078125,2.2,2.2,1,2,,1,excluded_by_q1
VisualCogA_Task-2,77,target_offset_sensitivity,target_offset_2.3s,686.0078125,688.3078125,2.3,2.3,1,2,,1,excluded_by_q1
VisualCogA_Task-2,77,target_offset_sensitivity,target_offset_2.4s,686.0078125,688.4078125,2.4,2.4,1,2,,1,excluded_by_q1
VisualCogA_Task-2,78,cue_locked,nominal,694.85546875,694.85546875,0.0,,-1,2,62.0,0,retained_by_q1
VisualCogA_Task-2,78,target_offset_sensitivity,target_offset_2.0s,694.85546875,696.85546875,2.0,2.0,-1,2,62.0,0,retained_by_q1
VisualCogA_Task-2,78,target_offset_sensitivity,target_offset_2.1s,694.85546875,696.95546875,2.1,2.1,-1,2,62.0,0,retained_by_q1
VisualCogA_Task-2,78,target_locked,target_offset_2.2s,694.85546875,697.05546875,2.2,2.2,-1,2,62.0,0,retained_by_q1
VisualCogA_Task-2,78,target_offset_sensitivity,target_offset_2.3s,694.85546875,697.15546875,2.3,2.3,-1,2,62.0,0,retained_by_q1
VisualCogA_Task-2,78,target_offset_sensitivity,target_offset_2.4s,694.85546875,697.25546875,2.4,2.4,-1,2,62.0,0,retained_by_q1
VisualCogA_Task-2,79,cue_locked,nominal,703.30859375,703.30859375,0.0,,1,-2,,1,excluded_by_q1
VisualCogA_Task-2,79,target_offset_sensitivity,target_offset_2.0s,703.30859375,705.30859375,2.0,2.0,1,-2,,1,excluded_by_q1
VisualCogA_Task-2,79,target_offset_sensitivity,target_offset_2.1s,703.30859375,705.40859375,2.1,2.1,1,-2,,1,excluded_by_q1
VisualCogA_Task-2,79,target_locked,target_offset_2.2s,703.30859375,705.50859375,2.2,2.2,1,-2,,1,excluded_by_q1
VisualCogA_Task-2,79,target_offset_sensitivity,target_offset_2.3s,703.30859375,705.60859375,2.3,2.3,1,-2,,1,excluded_by_q1
VisualCogA_Task-2,79,target_offset_sensitivity,target_offset_2.4s,703.30859375,705.70859375,2.4,2.4,1,-2,,1,excluded_by_q1
VisualCogA_Task-2,80,cue_locked,nominal,712.08984375,712.08984375,0.0,,-1,2,63.0,0,retained_by_q1
VisualCogA_Task-2,80,target_offset_sensitivity,target_offset_2.0s,712.08984375,714.08984375,2.0,2.0,-1,2,63.0,0,retained_by_q1
VisualCogA_Task-2,80,target_offset_sensitivity,target_offset_2.1s,712.08984375,714.18984375,2.1,2.1,-1,2,63.0,0,retained_by_q1
VisualCogA_Task-2,80,target_locked,target_offset_2.2s,712.08984375,714.28984375,2.2,2.2,-1,2,63.0,0,retained_by_q1
VisualCogA_Task-2,80,target_offset_sensitivity,target_offset_2.3s,712.08984375,714.38984375,2.3,2.3,-1,2,63.0,0,retained_by_q1
VisualCogA_Task-2,80,target_offset_sensitivity,target_offset_2.4s,712.08984375,714.48984375,2.4,2.4,-1,2,63.0,0,retained_by_q1
VisualCogA_Task-2,81,cue_locked,nominal,720.671875,720.671875,0.0,,1,-2,64.0,0,retained_by_q1
VisualCogA_Task-2,81,target_offset_sensitivity,target_offset_2.0s,720.671875,722.671875,2.0,2.0,1,-2,64.0,0,retained_by_q1
VisualCogA_Task-2,81,target_offset_sensitivity,target_offset_2.1s,720.671875,722.771875,2.1,2.1,1,-2,64.0,0,retained_by_q1
VisualCogA_Task-2,81,target_locked,target_offset_2.2s,720.671875,722.871875,2.2,2.2,1,-2,64.0,0,retained_by_q1
VisualCogA_Task-2,81,target_offset_sensitivity,target_offset_2.3s,720.671875,722.971875,2.3,2.3,1,-2,64.0,0,retained_by_q1
VisualCogA_Task-2,81,target_offset_sensitivity,target_offset_2.4s,720.671875,723.071875,2.4,2.4,1,-2,64.0,0,retained_by_q1
VisualCogA_Task-2,82,cue_locked,nominal,729.375,729.375,0.0,,1,2,65.0,0,retained_by_q1
VisualCogA_Task-2,82,target_offset_sensitivity,target_offset_2.0s,729.375,731.375,2.0,2.0,1,2,65.0,0,retained_by_q1
VisualCogA_Task-2,82,target_offset_sensitivity,target_offset_2.1s,729.375,731.475,2.1,2.1,1,2,65.0,0,retained_by_q1
VisualCogA_Task-2,82,target_locked,target_offset_2.2s,729.375,731.575,2.2,2.2,1,2,65.0,0,retained_by_q1
VisualCogA_Task-2,82,target_offset_sensitivity,target_offset_2.3s,729.375,731.675,2.3,2.3,1,2,65.0,0,retained_by_q1
VisualCogA_Task-2,82,target_offset_sensitivity,target_offset_2.4s,729.375,731.775,2.4,2.4,1,2,65.0,0,retained_by_q1
VisualCogA_Task-2,83,cue_locked,nominal,737.98828125,737.98828125,0.0,,-1,2,66.0,0,retained_by_q1
VisualCogA_Task-2,83,target_offset_sensitivity,target_offset_2.0s,737.98828125,739.98828125,2.0,2.0,-1,2,66.0,0,retained_by_q1
VisualCogA_Task-2,83,target_offset_sensitivity,target_offset_2.1s,737.98828125,740.08828125,2.1,2.1,-1,2,66.0,0,retained_by_q1
VisualCogA_Task-2,83,target_locked,target_offset_2.2s,737.98828125,740.18828125,2.2,2.2,-1,2,66.0,0,retained_by_q1
VisualCogA_Task-2,83,target_offset_sensitivity,target_offset_2.3s,737.98828125,740.28828125,2.3,2.3,-1,2,66.0,0,retained_by_q1
VisualCogA_Task-2,83,target_offset_sensitivity,target_offset_2.4s,737.98828125,740.38828125,2.4,2.4,-1,2,66.0,0,retained_by_q1
VisualCogA_Task-2,84,cue_locked,nominal,746.51953125,746.51953125,0.0,,1,2,67.0,0,retained_by_q1
VisualCogA_Task-2,84,target_offset_sensitivity,target_offset_2.0s,746.51953125,748.51953125,2.0,2.0,1,2,67.0,0,retained_by_q1
VisualCogA_Task-2,84,target_offset_sensitivity,target_offset_2.1s,746.51953125,748.61953125,2.1,2.1,1,2,67.0,0,retained_by_q1
VisualCogA_Task-2,84,target_locked,target_offset_2.2s,746.51953125,748.71953125,2.2,2.2,1,2,67.0,0,retained_by_q1
VisualCogA_Task-2,84,target_offset_sensitivity,target_offset_2.3s,746.51953125,748.81953125,2.3,2.3,1,2,67.0,0,retained_by_q1
VisualCogA_Task-2,84,target_offset_sensitivity,target_offset_2.4s,746.51953125,748.91953125,2.4,2.4,1,2,67.0,0,retained_by_q1
VisualCogA_Task-2,85,cue_locked,nominal,755.1640625,755.1640625,0.0,,-1,-2,,1,excluded_by_q1
VisualCogA_Task-2,85,target_offset_sensitivity,target_offset_2.0s,755.1640625,757.1640625,2.0,2.0,-1,-2,,1,excluded_by_q1
VisualCogA_Task-2,85,target_offset_sensitivity,target_offset_2.1s,755.1640625,757.2640625,2.1,2.1,-1,-2,,1,excluded_by_q1
VisualCogA_Task-2,85,target_locked,target_offset_2.2s,755.1640625,757.3640625,2.2,2.2,-1,-2,,1,excluded_by_q1
VisualCogA_Task-2,85,target_offset_sensitivity,target_offset_2.3s,755.1640625,757.4640625,2.3,2.3,-1,-2,,1,excluded_by_q1
VisualCogA_Task-2,85,target_offset_sensitivity,target_offset_2.4s,755.1640625,757.5640625,2.4,2.4,-1,-2,,1,excluded_by_q1
VisualCogA_Task-2,86,cue_locked,nominal,763.5546875,763.5546875,0.0,,-1,-2,68.0,0,retained_by_q1
VisualCogA_Task-2,86,target_offset_sensitivity,target_offset_2.0s,763.5546875,765.5546875,2.0,2.0,-1,-2,68.0,0,retained_by_q1
VisualCogA_Task-2,86,target_offset_sensitivity,target_offset_2.1s,763.5546875,765.6546875,2.1,2.1,-1,-2,68.0,0,retained_by_q1
VisualCogA_Task-2,86,target_locked,target_offset_2.2s,763.5546875,765.7546875,2.2,2.2,-1,-2,68.0,0,retained_by_q1
VisualCogA_Task-2,86,target_offset_sensitivity,target_offset_2.3s,763.5546875,765.8546875,2.3,2.3,-1,-2,68.0,0,retained_by_q1
VisualCogA_Task-2,86,target_offset_sensitivity,target_offset_2.4s,763.5546875,765.9546875,2.4,2.4,-1,-2,68.0,0,retained_by_q1
VisualCogA_Task-2,87,cue_locked,nominal,772.15234375,772.15234375,0.0,,1,2,69.0,0,retained_by_q1
VisualCogA_Task-2,87,target_offset_sensitivity,target_offset_2.0s,772.15234375,774.15234375,2.0,2.0,1,2,69.0,0,retained_by_q1
VisualCogA_Task-2,87,target_offset_sensitivity,target_offset_2.1s,772.15234375,774.25234375,2.1,2.1,1,2,69.0,0,retained_by_q1
VisualCogA_Task-2,87,target_locked,target_offset_2.2s,772.15234375,774.35234375,2.2,2.2,1,2,69.0,0,retained_by_q1
VisualCogA_Task-2,87,target_offset_sensitivity,target_offset_2.3s,772.15234375,774.45234375,2.3,2.3,1,2,69.0,0,retained_by_q1
VisualCogA_Task-2,87,target_offset_sensitivity,target_offset_2.4s,772.15234375,774.55234375,2.4,2.4,1,2,69.0,0,retained_by_q1
VisualCogA_Task-2,88,cue_locked,nominal,780.48046875,780.48046875,0.0,,-1,2,70.0,0,retained_by_q1
VisualCogA_Task-2,88,target_offset_sensitivity,target_offset_2.0s,780.48046875,782.48046875,2.0,2.0,-1,2,70.0,0,retained_by_q1
VisualCogA_Task-2,88,target_offset_sensitivity,target_offset_2.1s,780.48046875,782.58046875,2.1,2.1,-1,2,70.0,0,retained_by_q1
VisualCogA_Task-2,88,target_locked,target_offset_2.2s,780.48046875,782.68046875,2.2,2.2,-1,2,70.0,0,retained_by_q1
VisualCogA_Task-2,88,target_offset_sensitivity,target_offset_2.3s,780.48046875,782.78046875,2.3,2.3,-1,2,70.0,0,retained_by_q1
VisualCogA_Task-2,88,target_offset_sensitivity,target_offset_2.4s,780.48046875,782.88046875,2.4,2.4,-1,2,70.0,0,retained_by_q1
VisualCogA_Task-2,89,cue_locked,nominal,789.0625,789.0625,0.0,,-1,-2,71.0,0,retained_by_q1
VisualCogA_Task-2,89,target_offset_sensitivity,target_offset_2.0s,789.0625,791.0625,2.0,2.0,-1,-2,71.0,0,retained_by_q1
VisualCogA_Task-2,89,target_offset_sensitivity,target_offset_2.1s,789.0625,791.1625,2.1,2.1,-1,-2,71.0,0,retained_by_q1
VisualCogA_Task-2,89,target_locked,target_offset_2.2s,789.0625,791.2625,2.2,2.2,-1,-2,71.0,0,retained_by_q1
VisualCogA_Task-2,89,target_offset_sensitivity,target_offset_2.3s,789.0625,791.3625,2.3,2.3,-1,-2,71.0,0,retained_by_q1
VisualCogA_Task-2,89,target_offset_sensitivity,target_offset_2.4s,789.0625,791.4625,2.4,2.4,-1,-2,71.0,0,retained_by_q1
VisualCogA_Task-2,90,cue_locked,nominal,798.0625,798.0625,0.0,,-1,2,72.0,0,retained_by_q1
VisualCogA_Task-2,90,target_offset_sensitivity,target_offset_2.0s,798.0625,800.0625,2.0,2.0,-1,2,72.0,0,retained_by_q1
VisualCogA_Task-2,90,target_offset_sensitivity,target_offset_2.1s,798.0625,800.1625,2.1,2.1,-1,2,72.0,0,retained_by_q1
VisualCogA_Task-2,90,target_locked,target_offset_2.2s,798.0625,800.2625,2.2,2.2,-1,2,72.0,0,retained_by_q1
VisualCogA_Task-2,90,target_offset_sensitivity,target_offset_2.3s,798.0625,800.3625,2.3,2.3,-1,2,72.0,0,retained_by_q1
VisualCogA_Task-2,90,target_offset_sensitivity,target_offset_2.4s,798.0625,800.4625,2.4,2.4,-1,2,72.0,0,retained_by_q1
VisualCogA_Task-2,91,cue_locked,nominal,806.640625,806.640625,0.0,,-1,-2,73.0,0,retained_by_q1
VisualCogA_Task-2,91,target_offset_sensitivity,target_offset_2.0s,806.640625,808.640625,2.0,2.0,-1,-2,73.0,0,retained_by_q1
VisualCogA_Task-2,91,target_offset_sensitivity,target_offset_2.1s,806.640625,808.740625,2.1,2.1,-1,-2,73.0,0,retained_by_q1
VisualCogA_Task-2,91,target_locked,target_offset_2.2s,806.640625,808.840625,2.2,2.2,-1,-2,73.0,0,retained_by_q1
VisualCogA_Task-2,91,target_offset_sensitivity,target_offset_2.3s,806.640625,808.940625,2.3,2.3,-1,-2,73.0,0,retained_by_q1
VisualCogA_Task-2,91,target_offset_sensitivity,target_offset_2.4s,806.640625,809.040625,2.4,2.4,-1,-2,73.0,0,retained_by_q1
VisualCogA_Task-2,92,cue_locked,nominal,815.42578125,815.42578125,0.0,,1,2,74.0,0,retained_by_q1
VisualCogA_Task-2,92,target_offset_sensitivity,target_offset_2.0s,815.42578125,817.42578125,2.0,2.0,1,2,74.0,0,retained_by_q1
VisualCogA_Task-2,92,target_offset_sensitivity,target_offset_2.1s,815.42578125,817.52578125,2.1,2.1,1,2,74.0,0,retained_by_q1
VisualCogA_Task-2,92,target_locked,target_offset_2.2s,815.42578125,817.62578125,2.2,2.2,1,2,74.0,0,retained_by_q1
VisualCogA_Task-2,92,target_offset_sensitivity,target_offset_2.3s,815.42578125,817.72578125,2.3,2.3,1,2,74.0,0,retained_by_q1
VisualCogA_Task-2,92,target_offset_sensitivity,target_offset_2.4s,815.42578125,817.82578125,2.4,2.4,1,2,74.0,0,retained_by_q1
VisualCogA_Task-2,93,cue_locked,nominal,823.92578125,823.92578125,0.0,,-1,2,,1,excluded_by_q1
VisualCogA_Task-2,93,target_offset_sensitivity,target_offset_2.0s,823.92578125,825.92578125,2.0,2.0,-1,2,,1,excluded_by_q1
VisualCogA_Task-2,93,target_offset_sensitivity,target_offset_2.1s,823.92578125,826.02578125,2.1,2.1,-1,2,,1,excluded_by_q1
VisualCogA_Task-2,93,target_locked,target_offset_2.2s,823.92578125,826.12578125,2.2,2.2,-1,2,,1,excluded_by_q1
VisualCogA_Task-2,93,target_offset_sensitivity,target_offset_2.3s,823.92578125,826.22578125,2.3,2.3,-1,2,,1,excluded_by_q1
VisualCogA_Task-2,93,target_offset_sensitivity,target_offset_2.4s,823.92578125,826.32578125,2.4,2.4,-1,2,,1,excluded_by_q1
VisualCogA_Task-2,94,cue_locked,nominal,832.6171875,832.6171875,0.0,,-1,2,75.0,0,retained_by_q1
VisualCogA_Task-2,94,target_offset_sensitivity,target_offset_2.0s,832.6171875,834.6171875,2.0,2.0,-1,2,75.0,0,retained_by_q1
VisualCogA_Task-2,94,target_offset_sensitivity,target_offset_2.1s,832.6171875,834.7171875,2.1,2.1,-1,2,75.0,0,retained_by_q1
VisualCogA_Task-2,94,target_locked,target_offset_2.2s,832.6171875,834.8171875,2.2,2.2,-1,2,75.0,0,retained_by_q1
VisualCogA_Task-2,94,target_offset_sensitivity,target_offset_2.3s,832.6171875,834.9171875,2.3,2.3,-1,2,75.0,0,retained_by_q1
VisualCogA_Task-2,94,target_offset_sensitivity,target_offset_2.4s,832.6171875,835.0171875,2.4,2.4,-1,2,75.0,0,retained_by_q1
VisualCogA_Task-2,95,cue_locked,nominal,841.1171875,841.1171875,0.0,,-1,2,76.0,0,retained_by_q1
VisualCogA_Task-2,95,target_offset_sensitivity,target_offset_2.0s,841.1171875,843.1171875,2.0,2.0,-1,2,76.0,0,retained_by_q1
VisualCogA_Task-2,95,target_offset_sensitivity,target_offset_2.1s,841.1171875,843.2171875,2.1,2.1,-1,2,76.0,0,retained_by_q1
VisualCogA_Task-2,95,target_locked,target_offset_2.2s,841.1171875,843.3171875,2.2,2.2,-1,2,76.0,0,retained_by_q1
VisualCogA_Task-2,95,target_offset_sensitivity,target_offset_2.3s,841.1171875,843.4171875,2.3,2.3,-1,2,76.0,0,retained_by_q1
VisualCogA_Task-2,95,target_offset_sensitivity,target_offset_2.4s,841.1171875,843.5171875,2.4,2.4,-1,2,76.0,0,retained_by_q1
VisualCogA_Task-2,96,cue_locked,nominal,849.74609375,849.74609375,0.0,,-1,-2,77.0,0,retained_by_q1
VisualCogA_Task-2,96,target_offset_sensitivity,target_offset_2.0s,849.74609375,851.74609375,2.0,2.0,-1,-2,77.0,0,retained_by_q1
VisualCogA_Task-2,96,target_offset_sensitivity,target_offset_2.1s,849.74609375,851.84609375,2.1,2.1,-1,-2,77.0,0,retained_by_q1
VisualCogA_Task-2,96,target_locked,target_offset_2.2s,849.74609375,851.94609375,2.2,2.2,-1,-2,77.0,0,retained_by_q1
VisualCogA_Task-2,96,target_offset_sensitivity,target_offset_2.3s,849.74609375,852.04609375,2.3,2.3,-1,-2,77.0,0,retained_by_q1
VisualCogA_Task-2,96,target_offset_sensitivity,target_offset_2.4s,849.74609375,852.14609375,2.4,2.4,-1,-2,77.0,0,retained_by_q1
VisualCogA_Task-2,97,cue_locked,nominal,858.26171875,858.26171875,0.0,,-1,-2,78.0,0,retained_by_q1
VisualCogA_Task-2,97,target_offset_sensitivity,target_offset_2.0s,858.26171875,860.26171875,2.0,2.0,-1,-2,78.0,0,retained_by_q1
VisualCogA_Task-2,97,target_offset_sensitivity,target_offset_2.1s,858.26171875,860.36171875,2.1,2.1,-1,-2,78.0,0,retained_by_q1
VisualCogA_Task-2,97,target_locked,target_offset_2.2s,858.26171875,860.46171875,2.2,2.2,-1,-2,78.0,0,retained_by_q1
VisualCogA_Task-2,97,target_offset_sensitivity,target_offset_2.3s,858.26171875,860.56171875,2.3,2.3,-1,-2,78.0,0,retained_by_q1
VisualCogA_Task-2,97,target_offset_sensitivity,target_offset_2.4s,858.26171875,860.66171875,2.4,2.4,-1,-2,78.0,0,retained_by_q1
VisualCogA_Task-2,98,cue_locked,nominal,866.8125,866.8125,0.0,,-1,2,79.0,0,retained_by_q1
VisualCogA_Task-2,98,target_offset_sensitivity,target_offset_2.0s,866.8125,868.8125,2.0,2.0,-1,2,79.0,0,retained_by_q1
VisualCogA_Task-2,98,target_offset_sensitivity,target_offset_2.1s,866.8125,868.9125,2.1,2.1,-1,2,79.0,0,retained_by_q1
VisualCogA_Task-2,98,target_locked,target_offset_2.2s,866.8125,869.0125,2.2,2.2,-1,2,79.0,0,retained_by_q1
VisualCogA_Task-2,98,target_offset_sensitivity,target_offset_2.3s,866.8125,869.1125,2.3,2.3,-1,2,79.0,0,retained_by_q1
VisualCogA_Task-2,98,target_offset_sensitivity,target_offset_2.4s,866.8125,869.2125,2.4,2.4,-1,2,79.0,0,retained_by_q1
VisualCogA_Task-2,99,cue_locked,nominal,875.375,875.375,0.0,,-1,-2,,1,excluded_by_q1
VisualCogA_Task-2,99,target_offset_sensitivity,target_offset_2.0s,875.375,877.375,2.0,2.0,-1,-2,,1,excluded_by_q1
VisualCogA_Task-2,99,target_offset_sensitivity,target_offset_2.1s,875.375,877.475,2.1,2.1,-1,-2,,1,excluded_by_q1
VisualCogA_Task-2,99,target_locked,target_offset_2.2s,875.375,877.575,2.2,2.2,-1,-2,,1,excluded_by_q1
VisualCogA_Task-2,99,target_offset_sensitivity,target_offset_2.3s,875.375,877.675,2.3,2.3,-1,-2,,1,excluded_by_q1
VisualCogA_Task-2,99,target_offset_sensitivity,target_offset_2.4s,875.375,877.775,2.4,2.4,-1,-2,,1,excluded_by_q1
VisualCogB_Task-1,0,cue_locked,nominal,20.1328125,20.1328125,0.0,,-1,-2,0.0,0,retained_by_q1
VisualCogB_Task-1,0,target_offset_sensitivity,target_offset_2.0s,20.1328125,22.1328125,2.0,2.0,-1,-2,0.0,0,retained_by_q1
VisualCogB_Task-1,0,target_offset_sensitivity,target_offset_2.1s,20.1328125,22.2328125,2.1,2.1,-1,-2,0.0,0,retained_by_q1
VisualCogB_Task-1,0,target_locked,target_offset_2.2s,20.1328125,22.3328125,2.2,2.2,-1,-2,0.0,0,retained_by_q1
VisualCogB_Task-1,0,target_offset_sensitivity,target_offset_2.3s,20.1328125,22.4328125,2.3,2.3,-1,-2,0.0,0,retained_by_q1
VisualCogB_Task-1,0,target_offset_sensitivity,target_offset_2.4s,20.1328125,22.5328125,2.4,2.4,-1,-2,0.0,0,retained_by_q1
VisualCogB_Task-1,1,cue_locked,nominal,29.2421875,29.2421875,0.0,,-1,-2,1.0,0,retained_by_q1
VisualCogB_Task-1,1,target_offset_sensitivity,target_offset_2.0s,29.2421875,31.2421875,2.0,2.0,-1,-2,1.0,0,retained_by_q1
VisualCogB_Task-1,1,target_offset_sensitivity,target_offset_2.1s,29.2421875,31.3421875,2.1,2.1,-1,-2,1.0,0,retained_by_q1
VisualCogB_Task-1,1,target_locked,target_offset_2.2s,29.2421875,31.4421875,2.2,2.2,-1,-2,1.0,0,retained_by_q1
VisualCogB_Task-1,1,target_offset_sensitivity,target_offset_2.3s,29.2421875,31.5421875,2.3,2.3,-1,-2,1.0,0,retained_by_q1
VisualCogB_Task-1,1,target_offset_sensitivity,target_offset_2.4s,29.2421875,31.6421875,2.4,2.4,-1,-2,1.0,0,retained_by_q1
VisualCogB_Task-1,2,cue_locked,nominal,37.68359375,37.68359375,0.0,,1,2,2.0,0,retained_by_q1
VisualCogB_Task-1,2,target_offset_sensitivity,target_offset_2.0s,37.68359375,39.68359375,2.0,2.0,1,2,2.0,0,retained_by_q1
VisualCogB_Task-1,2,target_offset_sensitivity,target_offset_2.1s,37.68359375,39.78359375,2.1,2.1,1,2,2.0,0,retained_by_q1
VisualCogB_Task-1,2,target_locked,target_offset_2.2s,37.68359375,39.88359375,2.2,2.2,1,2,2.0,0,retained_by_q1
VisualCogB_Task-1,2,target_offset_sensitivity,target_offset_2.3s,37.68359375,39.98359375,2.3,2.3,1,2,2.0,0,retained_by_q1
VisualCogB_Task-1,2,target_offset_sensitivity,target_offset_2.4s,37.68359375,40.08359375,2.4,2.4,1,2,2.0,0,retained_by_q1
VisualCogB_Task-1,3,cue_locked,nominal,46.0,46.0,0.0,,-1,-2,3.0,0,retained_by_q1
VisualCogB_Task-1,3,target_offset_sensitivity,target_offset_2.0s,46.0,48.0,2.0,2.0,-1,-2,3.0,0,retained_by_q1
VisualCogB_Task-1,3,target_offset_sensitivity,target_offset_2.1s,46.0,48.1,2.1,2.1,-1,-2,3.0,0,retained_by_q1
VisualCogB_Task-1,3,target_locked,target_offset_2.2s,46.0,48.2,2.2,2.2,-1,-2,3.0,0,retained_by_q1
VisualCogB_Task-1,3,target_offset_sensitivity,target_offset_2.3s,46.0,48.3,2.3,2.3,-1,-2,3.0,0,retained_by_q1
VisualCogB_Task-1,3,target_offset_sensitivity,target_offset_2.4s,46.0,48.4,2.4,2.4,-1,-2,3.0,0,retained_by_q1
VisualCogB_Task-1,4,cue_locked,nominal,54.25,54.25,0.0,,1,2,4.0,0,retained_by_q1
VisualCogB_Task-1,4,target_offset_sensitivity,target_offset_2.0s,54.25,56.25,2.0,2.0,1,2,4.0,0,retained_by_q1
VisualCogB_Task-1,4,target_offset_sensitivity,target_offset_2.1s,54.25,56.35,2.1,2.1,1,2,4.0,0,retained_by_q1
VisualCogB_Task-1,4,target_locked,target_offset_2.2s,54.25,56.45,2.2,2.2,1,2,4.0,0,retained_by_q1
VisualCogB_Task-1,4,target_offset_sensitivity,target_offset_2.3s,54.25,56.55,2.3,2.3,1,2,4.0,0,retained_by_q1
VisualCogB_Task-1,4,target_offset_sensitivity,target_offset_2.4s,54.25,56.65,2.4,2.4,1,2,4.0,0,retained_by_q1
VisualCogB_Task-1,5,cue_locked,nominal,62.69140625,62.69140625,0.0,,1,2,,1,excluded_by_q1
VisualCogB_Task-1,5,target_offset_sensitivity,target_offset_2.0s,62.69140625,64.69140625,2.0,2.0,1,2,,1,excluded_by_q1
VisualCogB_Task-1,5,target_offset_sensitivity,target_offset_2.1s,62.69140625,64.79140625,2.1,2.1,1,2,,1,excluded_by_q1
VisualCogB_Task-1,5,target_locked,target_offset_2.2s,62.69140625,64.89140625,2.2,2.2,1,2,,1,excluded_by_q1
VisualCogB_Task-1,5,target_offset_sensitivity,target_offset_2.3s,62.69140625,64.99140625,2.3,2.3,1,2,,1,excluded_by_q1
VisualCogB_Task-1,5,target_offset_sensitivity,target_offset_2.4s,62.69140625,65.09140625,2.4,2.4,1,2,,1,excluded_by_q1
VisualCogB_Task-1,6,cue_locked,nominal,71.22265625,71.22265625,0.0,,1,2,5.0,0,retained_by_q1
VisualCogB_Task-1,6,target_offset_sensitivity,target_offset_2.0s,71.22265625,73.22265625,2.0,2.0,1,2,5.0,0,retained_by_q1
VisualCogB_Task-1,6,target_offset_sensitivity,target_offset_2.1s,71.22265625,73.32265625,2.1,2.1,1,2,5.0,0,retained_by_q1
VisualCogB_Task-1,6,target_locked,target_offset_2.2s,71.22265625,73.42265625,2.2,2.2,1,2,5.0,0,retained_by_q1
VisualCogB_Task-1,6,target_offset_sensitivity,target_offset_2.3s,71.22265625,73.52265625,2.3,2.3,1,2,5.0,0,retained_by_q1
VisualCogB_Task-1,6,target_offset_sensitivity,target_offset_2.4s,71.22265625,73.62265625,2.4,2.4,1,2,5.0,0,retained_by_q1
VisualCogB_Task-1,7,cue_locked,nominal,79.6015625,79.6015625,0.0,,-1,-2,6.0,0,retained_by_q1
VisualCogB_Task-1,7,target_offset_sensitivity,target_offset_2.0s,79.6015625,81.6015625,2.0,2.0,-1,-2,6.0,0,retained_by_q1
VisualCogB_Task-1,7,target_offset_sensitivity,target_offset_2.1s,79.6015625,81.7015625,2.1,2.1,-1,-2,6.0,0,retained_by_q1
VisualCogB_Task-1,7,target_locked,target_offset_2.2s,79.6015625,81.8015625,2.2,2.2,-1,-2,6.0,0,retained_by_q1
VisualCogB_Task-1,7,target_offset_sensitivity,target_offset_2.3s,79.6015625,81.9015625,2.3,2.3,-1,-2,6.0,0,retained_by_q1
VisualCogB_Task-1,7,target_offset_sensitivity,target_offset_2.4s,79.6015625,82.0015625,2.4,2.4,-1,-2,6.0,0,retained_by_q1
VisualCogB_Task-1,8,cue_locked,nominal,87.8046875,87.8046875,0.0,,-1,-2,7.0,0,retained_by_q1
VisualCogB_Task-1,8,target_offset_sensitivity,target_offset_2.0s,87.8046875,89.8046875,2.0,2.0,-1,-2,7.0,0,retained_by_q1
VisualCogB_Task-1,8,target_offset_sensitivity,target_offset_2.1s,87.8046875,89.9046875,2.1,2.1,-1,-2,7.0,0,retained_by_q1
VisualCogB_Task-1,8,target_locked,target_offset_2.2s,87.8046875,90.0046875,2.2,2.2,-1,-2,7.0,0,retained_by_q1
VisualCogB_Task-1,8,target_offset_sensitivity,target_offset_2.3s,87.8046875,90.1046875,2.3,2.3,-1,-2,7.0,0,retained_by_q1
VisualCogB_Task-1,8,target_offset_sensitivity,target_offset_2.4s,87.8046875,90.2046875,2.4,2.4,-1,-2,7.0,0,retained_by_q1
VisualCogB_Task-1,9,cue_locked,nominal,96.8046875,96.8046875,0.0,,-1,-2,8.0,0,retained_by_q1
VisualCogB_Task-1,9,target_offset_sensitivity,target_offset_2.0s,96.8046875,98.8046875,2.0,2.0,-1,-2,8.0,0,retained_by_q1
VisualCogB_Task-1,9,target_offset_sensitivity,target_offset_2.1s,96.8046875,98.9046875,2.1,2.1,-1,-2,8.0,0,retained_by_q1
VisualCogB_Task-1,9,target_locked,target_offset_2.2s,96.8046875,99.0046875,2.2,2.2,-1,-2,8.0,0,retained_by_q1
VisualCogB_Task-1,9,target_offset_sensitivity,target_offset_2.3s,96.8046875,99.1046875,2.3,2.3,-1,-2,8.0,0,retained_by_q1
VisualCogB_Task-1,9,target_offset_sensitivity,target_offset_2.4s,96.8046875,99.2046875,2.4,2.4,-1,-2,8.0,0,retained_by_q1
VisualCogB_Task-1,10,cue_locked,nominal,105.32421875,105.32421875,0.0,,1,2,9.0,0,retained_by_q1
VisualCogB_Task-1,10,target_offset_sensitivity,target_offset_2.0s,105.32421875,107.32421875,2.0,2.0,1,2,9.0,0,retained_by_q1
VisualCogB_Task-1,10,target_offset_sensitivity,target_offset_2.1s,105.32421875,107.42421875,2.1,2.1,1,2,9.0,0,retained_by_q1
VisualCogB_Task-1,10,target_locked,target_offset_2.2s,105.32421875,107.52421875,2.2,2.2,1,2,9.0,0,retained_by_q1
VisualCogB_Task-1,10,target_offset_sensitivity,target_offset_2.3s,105.32421875,107.62421875,2.3,2.3,1,2,9.0,0,retained_by_q1
VisualCogB_Task-1,10,target_offset_sensitivity,target_offset_2.4s,105.32421875,107.72421875,2.4,2.4,1,2,9.0,0,retained_by_q1
VisualCogB_Task-1,11,cue_locked,nominal,113.68359375,113.68359375,0.0,,-1,-2,10.0,0,retained_by_q1
VisualCogB_Task-1,11,target_offset_sensitivity,target_offset_2.0s,113.68359375,115.68359375,2.0,2.0,-1,-2,10.0,0,retained_by_q1
VisualCogB_Task-1,11,target_offset_sensitivity,target_offset_2.1s,113.68359375,115.78359375,2.1,2.1,-1,-2,10.0,0,retained_by_q1
VisualCogB_Task-1,11,target_locked,target_offset_2.2s,113.68359375,115.88359375,2.2,2.2,-1,-2,10.0,0,retained_by_q1
VisualCogB_Task-1,11,target_offset_sensitivity,target_offset_2.3s,113.68359375,115.98359375,2.3,2.3,-1,-2,10.0,0,retained_by_q1
VisualCogB_Task-1,11,target_offset_sensitivity,target_offset_2.4s,113.68359375,116.08359375,2.4,2.4,-1,-2,10.0,0,retained_by_q1
VisualCogB_Task-1,12,cue_locked,nominal,122.015625,122.015625,0.0,,1,2,11.0,0,retained_by_q1
VisualCogB_Task-1,12,target_offset_sensitivity,target_offset_2.0s,122.015625,124.015625,2.0,2.0,1,2,11.0,0,retained_by_q1
VisualCogB_Task-1,12,target_offset_sensitivity,target_offset_2.1s,122.015625,124.115625,2.1,2.1,1,2,11.0,0,retained_by_q1
VisualCogB_Task-1,12,target_locked,target_offset_2.2s,122.015625,124.215625,2.2,2.2,1,2,11.0,0,retained_by_q1
VisualCogB_Task-1,12,target_offset_sensitivity,target_offset_2.3s,122.015625,124.315625,2.3,2.3,1,2,11.0,0,retained_by_q1
VisualCogB_Task-1,12,target_offset_sensitivity,target_offset_2.4s,122.015625,124.415625,2.4,2.4,1,2,11.0,0,retained_by_q1
VisualCogB_Task-1,13,cue_locked,nominal,130.3125,130.3125,0.0,,1,2,,1,excluded_by_q1
VisualCogB_Task-1,13,target_offset_sensitivity,target_offset_2.0s,130.3125,132.3125,2.0,2.0,1,2,,1,excluded_by_q1
VisualCogB_Task-1,13,target_offset_sensitivity,target_offset_2.1s,130.3125,132.4125,2.1,2.1,1,2,,1,excluded_by_q1
VisualCogB_Task-1,13,target_locked,target_offset_2.2s,130.3125,132.5125,2.2,2.2,1,2,,1,excluded_by_q1
VisualCogB_Task-1,13,target_offset_sensitivity,target_offset_2.3s,130.3125,132.6125,2.3,2.3,1,2,,1,excluded_by_q1
VisualCogB_Task-1,13,target_offset_sensitivity,target_offset_2.4s,130.3125,132.7125,2.4,2.4,1,2,,1,excluded_by_q1
VisualCogB_Task-1,14,cue_locked,nominal,138.87890625,138.87890625,0.0,,-1,-2,12.0,0,retained_by_q1
VisualCogB_Task-1,14,target_offset_sensitivity,target_offset_2.0s,138.87890625,140.87890625,2.0,2.0,-1,-2,12.0,0,retained_by_q1
VisualCogB_Task-1,14,target_offset_sensitivity,target_offset_2.1s,138.87890625,140.97890625,2.1,2.1,-1,-2,12.0,0,retained_by_q1
VisualCogB_Task-1,14,target_locked,target_offset_2.2s,138.87890625,141.07890625,2.2,2.2,-1,-2,12.0,0,retained_by_q1
VisualCogB_Task-1,14,target_offset_sensitivity,target_offset_2.3s,138.87890625,141.17890625,2.3,2.3,-1,-2,12.0,0,retained_by_q1
VisualCogB_Task-1,14,target_offset_sensitivity,target_offset_2.4s,138.87890625,141.27890625,2.4,2.4,-1,-2,12.0,0,retained_by_q1
VisualCogB_Task-1,15,cue_locked,nominal,147.1328125,147.1328125,0.0,,1,2,13.0,0,retained_by_q1
VisualCogB_Task-1,15,target_offset_sensitivity,target_offset_2.0s,147.1328125,149.1328125,2.0,2.0,1,2,13.0,0,retained_by_q1
VisualCogB_Task-1,15,target_offset_sensitivity,target_offset_2.1s,147.1328125,149.2328125,2.1,2.1,1,2,13.0,0,retained_by_q1
VisualCogB_Task-1,15,target_locked,target_offset_2.2s,147.1328125,149.3328125,2.2,2.2,1,2,13.0,0,retained_by_q1
VisualCogB_Task-1,15,target_offset_sensitivity,target_offset_2.3s,147.1328125,149.4328125,2.3,2.3,1,2,13.0,0,retained_by_q1
VisualCogB_Task-1,15,target_offset_sensitivity,target_offset_2.4s,147.1328125,149.5328125,2.4,2.4,1,2,13.0,0,retained_by_q1
VisualCogB_Task-1,16,cue_locked,nominal,155.4609375,155.4609375,0.0,,-1,-2,14.0,0,retained_by_q1
VisualCogB_Task-1,16,target_offset_sensitivity,target_offset_2.0s,155.4609375,157.4609375,2.0,2.0,-1,-2,14.0,0,retained_by_q1
VisualCogB_Task-1,16,target_offset_sensitivity,target_offset_2.1s,155.4609375,157.5609375,2.1,2.1,-1,-2,14.0,0,retained_by_q1
VisualCogB_Task-1,16,target_locked,target_offset_2.2s,155.4609375,157.6609375,2.2,2.2,-1,-2,14.0,0,retained_by_q1
VisualCogB_Task-1,16,target_offset_sensitivity,target_offset_2.3s,155.4609375,157.7609375,2.3,2.3,-1,-2,14.0,0,retained_by_q1
VisualCogB_Task-1,16,target_offset_sensitivity,target_offset_2.4s,155.4609375,157.8609375,2.4,2.4,-1,-2,14.0,0,retained_by_q1
VisualCogB_Task-1,17,cue_locked,nominal,163.66796875,163.66796875,0.0,,-1,-2,15.0,0,retained_by_q1
VisualCogB_Task-1,17,target_offset_sensitivity,target_offset_2.0s,163.66796875,165.66796875,2.0,2.0,-1,-2,15.0,0,retained_by_q1
VisualCogB_Task-1,17,target_offset_sensitivity,target_offset_2.1s,163.66796875,165.76796875,2.1,2.1,-1,-2,15.0,0,retained_by_q1
VisualCogB_Task-1,17,target_locked,target_offset_2.2s,163.66796875,165.86796875,2.2,2.2,-1,-2,15.0,0,retained_by_q1
VisualCogB_Task-1,17,target_offset_sensitivity,target_offset_2.3s,163.66796875,165.96796875,2.3,2.3,-1,-2,15.0,0,retained_by_q1
VisualCogB_Task-1,17,target_offset_sensitivity,target_offset_2.4s,163.66796875,166.06796875,2.4,2.4,-1,-2,15.0,0,retained_by_q1
VisualCogB_Task-1,18,cue_locked,nominal,172.08984375,172.08984375,0.0,,1,2,16.0,0,retained_by_q1
VisualCogB_Task-1,18,target_offset_sensitivity,target_offset_2.0s,172.08984375,174.08984375,2.0,2.0,1,2,16.0,0,retained_by_q1
VisualCogB_Task-1,18,target_offset_sensitivity,target_offset_2.1s,172.08984375,174.18984375,2.1,2.1,1,2,16.0,0,retained_by_q1
VisualCogB_Task-1,18,target_locked,target_offset_2.2s,172.08984375,174.28984375,2.2,2.2,1,2,16.0,0,retained_by_q1
VisualCogB_Task-1,18,target_offset_sensitivity,target_offset_2.3s,172.08984375,174.38984375,2.3,2.3,1,2,16.0,0,retained_by_q1
VisualCogB_Task-1,18,target_offset_sensitivity,target_offset_2.4s,172.08984375,174.48984375,2.4,2.4,1,2,16.0,0,retained_by_q1
VisualCogB_Task-1,19,cue_locked,nominal,180.34375,180.34375,0.0,,-1,-2,17.0,0,retained_by_q1
VisualCogB_Task-1,19,target_offset_sensitivity,target_offset_2.0s,180.34375,182.34375,2.0,2.0,-1,-2,17.0,0,retained_by_q1
VisualCogB_Task-1,19,target_offset_sensitivity,target_offset_2.1s,180.34375,182.44375,2.1,2.1,-1,-2,17.0,0,retained_by_q1
VisualCogB_Task-1,19,target_locked,target_offset_2.2s,180.34375,182.54375,2.2,2.2,-1,-2,17.0,0,retained_by_q1
VisualCogB_Task-1,19,target_offset_sensitivity,target_offset_2.3s,180.34375,182.64375,2.3,2.3,-1,-2,17.0,0,retained_by_q1
VisualCogB_Task-1,19,target_offset_sensitivity,target_offset_2.4s,180.34375,182.74375,2.4,2.4,-1,-2,17.0,0,retained_by_q1
VisualCogB_Task-1,20,cue_locked,nominal,188.6875,188.6875,0.0,,1,2,18.0,0,retained_by_q1
VisualCogB_Task-1,20,target_offset_sensitivity,target_offset_2.0s,188.6875,190.6875,2.0,2.0,1,2,18.0,0,retained_by_q1
VisualCogB_Task-1,20,target_offset_sensitivity,target_offset_2.1s,188.6875,190.7875,2.1,2.1,1,2,18.0,0,retained_by_q1
VisualCogB_Task-1,20,target_locked,target_offset_2.2s,188.6875,190.8875,2.2,2.2,1,2,18.0,0,retained_by_q1
VisualCogB_Task-1,20,target_offset_sensitivity,target_offset_2.3s,188.6875,190.9875,2.3,2.3,1,2,18.0,0,retained_by_q1
VisualCogB_Task-1,20,target_offset_sensitivity,target_offset_2.4s,188.6875,191.0875,2.4,2.4,1,2,18.0,0,retained_by_q1
VisualCogB_Task-1,21,cue_locked,nominal,197.11328125,197.11328125,0.0,,1,2,19.0,0,retained_by_q1
VisualCogB_Task-1,21,target_offset_sensitivity,target_offset_2.0s,197.11328125,199.11328125,2.0,2.0,1,2,19.0,0,retained_by_q1
VisualCogB_Task-1,21,target_offset_sensitivity,target_offset_2.1s,197.11328125,199.21328125,2.1,2.1,1,2,19.0,0,retained_by_q1
VisualCogB_Task-1,21,target_locked,target_offset_2.2s,197.11328125,199.31328125,2.2,2.2,1,2,19.0,0,retained_by_q1
VisualCogB_Task-1,21,target_offset_sensitivity,target_offset_2.3s,197.11328125,199.41328125,2.3,2.3,1,2,19.0,0,retained_by_q1
VisualCogB_Task-1,21,target_offset_sensitivity,target_offset_2.4s,197.11328125,199.51328125,2.4,2.4,1,2,19.0,0,retained_by_q1
VisualCogB_Task-1,22,cue_locked,nominal,205.53515625,205.53515625,0.0,,1,2,,1,excluded_by_q1
VisualCogB_Task-1,22,target_offset_sensitivity,target_offset_2.0s,205.53515625,207.53515625,2.0,2.0,1,2,,1,excluded_by_q1
VisualCogB_Task-1,22,target_offset_sensitivity,target_offset_2.1s,205.53515625,207.63515625,2.1,2.1,1,2,,1,excluded_by_q1
VisualCogB_Task-1,22,target_locked,target_offset_2.2s,205.53515625,207.73515625,2.2,2.2,1,2,,1,excluded_by_q1
VisualCogB_Task-1,22,target_offset_sensitivity,target_offset_2.3s,205.53515625,207.83515625,2.3,2.3,1,2,,1,excluded_by_q1
VisualCogB_Task-1,22,target_offset_sensitivity,target_offset_2.4s,205.53515625,207.93515625,2.4,2.4,1,2,,1,excluded_by_q1
VisualCogB_Task-1,23,cue_locked,nominal,213.9140625,213.9140625,0.0,,1,2,20.0,0,retained_by_q1
VisualCogB_Task-1,23,target_offset_sensitivity,target_offset_2.0s,213.9140625,215.9140625,2.0,2.0,1,2,20.0,0,retained_by_q1
VisualCogB_Task-1,23,target_offset_sensitivity,target_offset_2.1s,213.9140625,216.0140625,2.1,2.1,1,2,20.0,0,retained_by_q1
VisualCogB_Task-1,23,target_locked,target_offset_2.2s,213.9140625,216.1140625,2.2,2.2,1,2,20.0,0,retained_by_q1
VisualCogB_Task-1,23,target_offset_sensitivity,target_offset_2.3s,213.9140625,216.2140625,2.3,2.3,1,2,20.0,0,retained_by_q1
VisualCogB_Task-1,23,target_offset_sensitivity,target_offset_2.4s,213.9140625,216.3140625,2.4,2.4,1,2,20.0,0,retained_by_q1
VisualCogB_Task-1,24,cue_locked,nominal,222.1953125,222.1953125,0.0,,1,2,,1,excluded_by_q1
VisualCogB_Task-1,24,target_offset_sensitivity,target_offset_2.0s,222.1953125,224.1953125,2.0,2.0,1,2,,1,excluded_by_q1
VisualCogB_Task-1,24,target_offset_sensitivity,target_offset_2.1s,222.1953125,224.2953125,2.1,2.1,1,2,,1,excluded_by_q1
VisualCogB_Task-1,24,target_locked,target_offset_2.2s,222.1953125,224.3953125,2.2,2.2,1,2,,1,excluded_by_q1
VisualCogB_Task-1,24,target_offset_sensitivity,target_offset_2.3s,222.1953125,224.4953125,2.3,2.3,1,2,,1,excluded_by_q1
VisualCogB_Task-1,24,target_offset_sensitivity,target_offset_2.4s,222.1953125,224.5953125,2.4,2.4,1,2,,1,excluded_by_q1
VisualCogB_Task-1,25,cue_locked,nominal,230.37109375,230.37109375,0.0,,1,2,21.0,0,retained_by_q1
VisualCogB_Task-1,25,target_offset_sensitivity,target_offset_2.0s,230.37109375,232.37109375,2.0,2.0,1,2,21.0,0,retained_by_q1
VisualCogB_Task-1,25,target_offset_sensitivity,target_offset_2.1s,230.37109375,232.47109375,2.1,2.1,1,2,21.0,0,retained_by_q1
VisualCogB_Task-1,25,target_locked,target_offset_2.2s,230.37109375,232.57109375,2.2,2.2,1,2,21.0,0,retained_by_q1
VisualCogB_Task-1,25,target_offset_sensitivity,target_offset_2.3s,230.37109375,232.67109375,2.3,2.3,1,2,21.0,0,retained_by_q1
VisualCogB_Task-1,25,target_offset_sensitivity,target_offset_2.4s,230.37109375,232.77109375,2.4,2.4,1,2,21.0,0,retained_by_q1
VisualCogB_Task-1,26,cue_locked,nominal,238.5625,238.5625,0.0,,1,2,22.0,0,retained_by_q1
VisualCogB_Task-1,26,target_offset_sensitivity,target_offset_2.0s,238.5625,240.5625,2.0,2.0,1,2,22.0,0,retained_by_q1
VisualCogB_Task-1,26,target_offset_sensitivity,target_offset_2.1s,238.5625,240.6625,2.1,2.1,1,2,22.0,0,retained_by_q1
VisualCogB_Task-1,26,target_locked,target_offset_2.2s,238.5625,240.7625,2.2,2.2,1,2,22.0,0,retained_by_q1
VisualCogB_Task-1,26,target_offset_sensitivity,target_offset_2.3s,238.5625,240.8625,2.3,2.3,1,2,22.0,0,retained_by_q1
VisualCogB_Task-1,26,target_offset_sensitivity,target_offset_2.4s,238.5625,240.9625,2.4,2.4,1,2,22.0,0,retained_by_q1
VisualCogB_Task-1,27,cue_locked,nominal,246.78125,246.78125,0.0,,1,2,23.0,0,retained_by_q1
VisualCogB_Task-1,27,target_offset_sensitivity,target_offset_2.0s,246.78125,248.78125,2.0,2.0,1,2,23.0,0,retained_by_q1
VisualCogB_Task-1,27,target_offset_sensitivity,target_offset_2.1s,246.78125,248.88125,2.1,2.1,1,2,23.0,0,retained_by_q1
VisualCogB_Task-1,27,target_locked,target_offset_2.2s,246.78125,248.98125,2.2,2.2,1,2,23.0,0,retained_by_q1
VisualCogB_Task-1,27,target_offset_sensitivity,target_offset_2.3s,246.78125,249.08125,2.3,2.3,1,2,23.0,0,retained_by_q1
VisualCogB_Task-1,27,target_offset_sensitivity,target_offset_2.4s,246.78125,249.18125,2.4,2.4,1,2,23.0,0,retained_by_q1
VisualCogB_Task-1,28,cue_locked,nominal,255.33203125,255.33203125,0.0,,1,2,24.0,0,retained_by_q1
VisualCogB_Task-1,28,target_offset_sensitivity,target_offset_2.0s,255.33203125,257.33203125,2.0,2.0,1,2,24.0,0,retained_by_q1
VisualCogB_Task-1,28,target_offset_sensitivity,target_offset_2.1s,255.33203125,257.43203125,2.1,2.1,1,2,24.0,0,retained_by_q1
VisualCogB_Task-1,28,target_locked,target_offset_2.2s,255.33203125,257.53203125,2.2,2.2,1,2,24.0,0,retained_by_q1
VisualCogB_Task-1,28,target_offset_sensitivity,target_offset_2.3s,255.33203125,257.63203125,2.3,2.3,1,2,24.0,0,retained_by_q1
VisualCogB_Task-1,28,target_offset_sensitivity,target_offset_2.4s,255.33203125,257.73203125,2.4,2.4,1,2,24.0,0,retained_by_q1
VisualCogB_Task-1,29,cue_locked,nominal,263.62890625,263.62890625,0.0,,-1,-2,25.0,0,retained_by_q1
VisualCogB_Task-1,29,target_offset_sensitivity,target_offset_2.0s,263.62890625,265.62890625,2.0,2.0,-1,-2,25.0,0,retained_by_q1
VisualCogB_Task-1,29,target_offset_sensitivity,target_offset_2.1s,263.62890625,265.72890625,2.1,2.1,-1,-2,25.0,0,retained_by_q1
VisualCogB_Task-1,29,target_locked,target_offset_2.2s,263.62890625,265.82890625,2.2,2.2,-1,-2,25.0,0,retained_by_q1
VisualCogB_Task-1,29,target_offset_sensitivity,target_offset_2.3s,263.62890625,265.92890625,2.3,2.3,-1,-2,25.0,0,retained_by_q1
VisualCogB_Task-1,29,target_offset_sensitivity,target_offset_2.4s,263.62890625,266.02890625,2.4,2.4,-1,-2,25.0,0,retained_by_q1
VisualCogB_Task-1,30,cue_locked,nominal,272.2421875,272.2421875,0.0,,1,2,26.0,0,retained_by_q1
VisualCogB_Task-1,30,target_offset_sensitivity,target_offset_2.0s,272.2421875,274.2421875,2.0,2.0,1,2,26.0,0,retained_by_q1
VisualCogB_Task-1,30,target_offset_sensitivity,target_offset_2.1s,272.2421875,274.3421875,2.1,2.1,1,2,26.0,0,retained_by_q1
VisualCogB_Task-1,30,target_locked,target_offset_2.2s,272.2421875,274.4421875,2.2,2.2,1,2,26.0,0,retained_by_q1
VisualCogB_Task-1,30,target_offset_sensitivity,target_offset_2.3s,272.2421875,274.5421875,2.3,2.3,1,2,26.0,0,retained_by_q1
VisualCogB_Task-1,30,target_offset_sensitivity,target_offset_2.4s,272.2421875,274.6421875,2.4,2.4,1,2,26.0,0,retained_by_q1
VisualCogB_Task-1,31,cue_locked,nominal,280.5546875,280.5546875,0.0,,-1,-2,27.0,0,retained_by_q1
VisualCogB_Task-1,31,target_offset_sensitivity,target_offset_2.0s,280.5546875,282.5546875,2.0,2.0,-1,-2,27.0,0,retained_by_q1
VisualCogB_Task-1,31,target_offset_sensitivity,target_offset_2.1s,280.5546875,282.6546875,2.1,2.1,-1,-2,27.0,0,retained_by_q1
VisualCogB_Task-1,31,target_locked,target_offset_2.2s,280.5546875,282.7546875,2.2,2.2,-1,-2,27.0,0,retained_by_q1
VisualCogB_Task-1,31,target_offset_sensitivity,target_offset_2.3s,280.5546875,282.8546875,2.3,2.3,-1,-2,27.0,0,retained_by_q1
VisualCogB_Task-1,31,target_offset_sensitivity,target_offset_2.4s,280.5546875,282.9546875,2.4,2.4,-1,-2,27.0,0,retained_by_q1
VisualCogB_Task-1,32,cue_locked,nominal,288.65234375,288.65234375,0.0,,-1,-2,28.0,0,retained_by_q1
VisualCogB_Task-1,32,target_offset_sensitivity,target_offset_2.0s,288.65234375,290.65234375,2.0,2.0,-1,-2,28.0,0,retained_by_q1
VisualCogB_Task-1,32,target_offset_sensitivity,target_offset_2.1s,288.65234375,290.75234375,2.1,2.1,-1,-2,28.0,0,retained_by_q1
VisualCogB_Task-1,32,target_locked,target_offset_2.2s,288.65234375,290.85234375,2.2,2.2,-1,-2,28.0,0,retained_by_q1
VisualCogB_Task-1,32,target_offset_sensitivity,target_offset_2.3s,288.65234375,290.95234375,2.3,2.3,-1,-2,28.0,0,retained_by_q1
VisualCogB_Task-1,32,target_offset_sensitivity,target_offset_2.4s,288.65234375,291.05234375,2.4,2.4,-1,-2,28.0,0,retained_by_q1
VisualCogB_Task-1,33,cue_locked,nominal,297.01171875,297.01171875,0.0,,1,2,29.0,0,retained_by_q1
VisualCogB_Task-1,33,target_offset_sensitivity,target_offset_2.0s,297.01171875,299.01171875,2.0,2.0,1,2,29.0,0,retained_by_q1
VisualCogB_Task-1,33,target_offset_sensitivity,target_offset_2.1s,297.01171875,299.11171875,2.1,2.1,1,2,29.0,0,retained_by_q1
VisualCogB_Task-1,33,target_locked,target_offset_2.2s,297.01171875,299.21171875,2.2,2.2,1,2,29.0,0,retained_by_q1
VisualCogB_Task-1,33,target_offset_sensitivity,target_offset_2.3s,297.01171875,299.31171875,2.3,2.3,1,2,29.0,0,retained_by_q1
VisualCogB_Task-1,33,target_offset_sensitivity,target_offset_2.4s,297.01171875,299.41171875,2.4,2.4,1,2,29.0,0,retained_by_q1
VisualCogB_Task-1,34,cue_locked,nominal,305.421875,305.421875,0.0,,-1,-2,30.0,0,retained_by_q1
VisualCogB_Task-1,34,target_offset_sensitivity,target_offset_2.0s,305.421875,307.421875,2.0,2.0,-1,-2,30.0,0,retained_by_q1
VisualCogB_Task-1,34,target_offset_sensitivity,target_offset_2.1s,305.421875,307.521875,2.1,2.1,-1,-2,30.0,0,retained_by_q1
VisualCogB_Task-1,34,target_locked,target_offset_2.2s,305.421875,307.621875,2.2,2.2,-1,-2,30.0,0,retained_by_q1
VisualCogB_Task-1,34,target_offset_sensitivity,target_offset_2.3s,305.421875,307.721875,2.3,2.3,-1,-2,30.0,0,retained_by_q1
VisualCogB_Task-1,34,target_offset_sensitivity,target_offset_2.4s,305.421875,307.821875,2.4,2.4,-1,-2,30.0,0,retained_by_q1
VisualCogB_Task-1,35,cue_locked,nominal,313.828125,313.828125,0.0,,-1,-2,,1,excluded_by_q1
VisualCogB_Task-1,35,target_offset_sensitivity,target_offset_2.0s,313.828125,315.828125,2.0,2.0,-1,-2,,1,excluded_by_q1
VisualCogB_Task-1,35,target_offset_sensitivity,target_offset_2.1s,313.828125,315.928125,2.1,2.1,-1,-2,,1,excluded_by_q1
VisualCogB_Task-1,35,target_locked,target_offset_2.2s,313.828125,316.028125,2.2,2.2,-1,-2,,1,excluded_by_q1
VisualCogB_Task-1,35,target_offset_sensitivity,target_offset_2.3s,313.828125,316.128125,2.3,2.3,-1,-2,,1,excluded_by_q1
VisualCogB_Task-1,35,target_offset_sensitivity,target_offset_2.4s,313.828125,316.228125,2.4,2.4,-1,-2,,1,excluded_by_q1
VisualCogB_Task-1,36,cue_locked,nominal,321.98828125,321.98828125,0.0,,-1,-2,31.0,0,retained_by_q1
VisualCogB_Task-1,36,target_offset_sensitivity,target_offset_2.0s,321.98828125,323.98828125,2.0,2.0,-1,-2,31.0,0,retained_by_q1
VisualCogB_Task-1,36,target_offset_sensitivity,target_offset_2.1s,321.98828125,324.08828125,2.1,2.1,-1,-2,31.0,0,retained_by_q1
VisualCogB_Task-1,36,target_locked,target_offset_2.2s,321.98828125,324.18828125,2.2,2.2,-1,-2,31.0,0,retained_by_q1
VisualCogB_Task-1,36,target_offset_sensitivity,target_offset_2.3s,321.98828125,324.28828125,2.3,2.3,-1,-2,31.0,0,retained_by_q1
VisualCogB_Task-1,36,target_offset_sensitivity,target_offset_2.4s,321.98828125,324.38828125,2.4,2.4,-1,-2,31.0,0,retained_by_q1
VisualCogB_Task-1,37,cue_locked,nominal,330.66015625,330.66015625,0.0,,-1,-2,32.0,0,retained_by_q1
VisualCogB_Task-1,37,target_offset_sensitivity,target_offset_2.0s,330.66015625,332.66015625,2.0,2.0,-1,-2,32.0,0,retained_by_q1
VisualCogB_Task-1,37,target_offset_sensitivity,target_offset_2.1s,330.66015625,332.76015625,2.1,2.1,-1,-2,32.0,0,retained_by_q1
VisualCogB_Task-1,37,target_locked,target_offset_2.2s,330.66015625,332.86015625,2.2,2.2,-1,-2,32.0,0,retained_by_q1
VisualCogB_Task-1,37,target_offset_sensitivity,target_offset_2.3s,330.66015625,332.96015625,2.3,2.3,-1,-2,32.0,0,retained_by_q1
VisualCogB_Task-1,37,target_offset_sensitivity,target_offset_2.4s,330.66015625,333.06015625,2.4,2.4,-1,-2,32.0,0,retained_by_q1
VisualCogB_Task-1,38,cue_locked,nominal,339.0234375,339.0234375,0.0,,1,2,33.0,0,retained_by_q1
VisualCogB_Task-1,38,target_offset_sensitivity,target_offset_2.0s,339.0234375,341.0234375,2.0,2.0,1,2,33.0,0,retained_by_q1
VisualCogB_Task-1,38,target_offset_sensitivity,target_offset_2.1s,339.0234375,341.1234375,2.1,2.1,1,2,33.0,0,retained_by_q1
VisualCogB_Task-1,38,target_locked,target_offset_2.2s,339.0234375,341.2234375,2.2,2.2,1,2,33.0,0,retained_by_q1
VisualCogB_Task-1,38,target_offset_sensitivity,target_offset_2.3s,339.0234375,341.3234375,2.3,2.3,1,2,33.0,0,retained_by_q1
VisualCogB_Task-1,38,target_offset_sensitivity,target_offset_2.4s,339.0234375,341.4234375,2.4,2.4,1,2,33.0,0,retained_by_q1
VisualCogB_Task-1,39,cue_locked,nominal,347.3671875,347.3671875,0.0,,1,2,34.0,0,retained_by_q1
VisualCogB_Task-1,39,target_offset_sensitivity,target_offset_2.0s,347.3671875,349.3671875,2.0,2.0,1,2,34.0,0,retained_by_q1
VisualCogB_Task-1,39,target_offset_sensitivity,target_offset_2.1s,347.3671875,349.4671875,2.1,2.1,1,2,34.0,0,retained_by_q1
VisualCogB_Task-1,39,target_locked,target_offset_2.2s,347.3671875,349.5671875,2.2,2.2,1,2,34.0,0,retained_by_q1
VisualCogB_Task-1,39,target_offset_sensitivity,target_offset_2.3s,347.3671875,349.6671875,2.3,2.3,1,2,34.0,0,retained_by_q1
VisualCogB_Task-1,39,target_offset_sensitivity,target_offset_2.4s,347.3671875,349.7671875,2.4,2.4,1,2,34.0,0,retained_by_q1
VisualCogB_Task-1,40,cue_locked,nominal,355.82421875,355.82421875,0.0,,-1,-2,35.0,0,retained_by_q1
VisualCogB_Task-1,40,target_offset_sensitivity,target_offset_2.0s,355.82421875,357.82421875,2.0,2.0,-1,-2,35.0,0,retained_by_q1
VisualCogB_Task-1,40,target_offset_sensitivity,target_offset_2.1s,355.82421875,357.92421875,2.1,2.1,-1,-2,35.0,0,retained_by_q1
VisualCogB_Task-1,40,target_locked,target_offset_2.2s,355.82421875,358.02421875,2.2,2.2,-1,-2,35.0,0,retained_by_q1
VisualCogB_Task-1,40,target_offset_sensitivity,target_offset_2.3s,355.82421875,358.12421875,2.3,2.3,-1,-2,35.0,0,retained_by_q1
VisualCogB_Task-1,40,target_offset_sensitivity,target_offset_2.4s,355.82421875,358.22421875,2.4,2.4,-1,-2,35.0,0,retained_by_q1
VisualCogB_Task-1,41,cue_locked,nominal,364.02734375,364.02734375,0.0,,1,2,36.0,0,retained_by_q1
VisualCogB_Task-1,41,target_offset_sensitivity,target_offset_2.0s,364.02734375,366.02734375,2.0,2.0,1,2,36.0,0,retained_by_q1
VisualCogB_Task-1,41,target_offset_sensitivity,target_offset_2.1s,364.02734375,366.12734375,2.1,2.1,1,2,36.0,0,retained_by_q1
VisualCogB_Task-1,41,target_locked,target_offset_2.2s,364.02734375,366.22734375,2.2,2.2,1,2,36.0,0,retained_by_q1
VisualCogB_Task-1,41,target_offset_sensitivity,target_offset_2.3s,364.02734375,366.32734375,2.3,2.3,1,2,36.0,0,retained_by_q1
VisualCogB_Task-1,41,target_offset_sensitivity,target_offset_2.4s,364.02734375,366.42734375,2.4,2.4,1,2,36.0,0,retained_by_q1
VisualCogB_Task-1,42,cue_locked,nominal,372.421875,372.421875,0.0,,1,2,37.0,0,retained_by_q1
VisualCogB_Task-1,42,target_offset_sensitivity,target_offset_2.0s,372.421875,374.421875,2.0,2.0,1,2,37.0,0,retained_by_q1
VisualCogB_Task-1,42,target_offset_sensitivity,target_offset_2.1s,372.421875,374.521875,2.1,2.1,1,2,37.0,0,retained_by_q1
VisualCogB_Task-1,42,target_locked,target_offset_2.2s,372.421875,374.621875,2.2,2.2,1,2,37.0,0,retained_by_q1
VisualCogB_Task-1,42,target_offset_sensitivity,target_offset_2.3s,372.421875,374.721875,2.3,2.3,1,2,37.0,0,retained_by_q1
VisualCogB_Task-1,42,target_offset_sensitivity,target_offset_2.4s,372.421875,374.821875,2.4,2.4,1,2,37.0,0,retained_by_q1
VisualCogB_Task-1,43,cue_locked,nominal,380.69140625,380.69140625,0.0,,1,2,38.0,0,retained_by_q1
VisualCogB_Task-1,43,target_offset_sensitivity,target_offset_2.0s,380.69140625,382.69140625,2.0,2.0,1,2,38.0,0,retained_by_q1
VisualCogB_Task-1,43,target_offset_sensitivity,target_offset_2.1s,380.69140625,382.79140625,2.1,2.1,1,2,38.0,0,retained_by_q1
VisualCogB_Task-1,43,target_locked,target_offset_2.2s,380.69140625,382.89140625,2.2,2.2,1,2,38.0,0,retained_by_q1
VisualCogB_Task-1,43,target_offset_sensitivity,target_offset_2.3s,380.69140625,382.99140625,2.3,2.3,1,2,38.0,0,retained_by_q1
VisualCogB_Task-1,43,target_offset_sensitivity,target_offset_2.4s,380.69140625,383.09140625,2.4,2.4,1,2,38.0,0,retained_by_q1
VisualCogB_Task-1,44,cue_locked,nominal,389.47265625,389.47265625,0.0,,1,2,39.0,0,retained_by_q1
VisualCogB_Task-1,44,target_offset_sensitivity,target_offset_2.0s,389.47265625,391.47265625,2.0,2.0,1,2,39.0,0,retained_by_q1
VisualCogB_Task-1,44,target_offset_sensitivity,target_offset_2.1s,389.47265625,391.57265625,2.1,2.1,1,2,39.0,0,retained_by_q1
VisualCogB_Task-1,44,target_locked,target_offset_2.2s,389.47265625,391.67265625,2.2,2.2,1,2,39.0,0,retained_by_q1
VisualCogB_Task-1,44,target_offset_sensitivity,target_offset_2.3s,389.47265625,391.77265625,2.3,2.3,1,2,39.0,0,retained_by_q1
VisualCogB_Task-1,44,target_offset_sensitivity,target_offset_2.4s,389.47265625,391.87265625,2.4,2.4,1,2,39.0,0,retained_by_q1
VisualCogB_Task-1,45,cue_locked,nominal,398.4296875,398.4296875,0.0,,-1,-2,,1,excluded_by_q1
VisualCogB_Task-1,45,target_offset_sensitivity,target_offset_2.0s,398.4296875,400.4296875,2.0,2.0,-1,-2,,1,excluded_by_q1
VisualCogB_Task-1,45,target_offset_sensitivity,target_offset_2.1s,398.4296875,400.5296875,2.1,2.1,-1,-2,,1,excluded_by_q1
VisualCogB_Task-1,45,target_locked,target_offset_2.2s,398.4296875,400.6296875,2.2,2.2,-1,-2,,1,excluded_by_q1
VisualCogB_Task-1,45,target_offset_sensitivity,target_offset_2.3s,398.4296875,400.7296875,2.3,2.3,-1,-2,,1,excluded_by_q1
VisualCogB_Task-1,45,target_offset_sensitivity,target_offset_2.4s,398.4296875,400.8296875,2.4,2.4,-1,-2,,1,excluded_by_q1
VisualCogB_Task-1,46,cue_locked,nominal,407.0234375,407.0234375,0.0,,-1,-2,,1,excluded_by_q1
VisualCogB_Task-1,46,target_offset_sensitivity,target_offset_2.0s,407.0234375,409.0234375,2.0,2.0,-1,-2,,1,excluded_by_q1
VisualCogB_Task-1,46,target_offset_sensitivity,target_offset_2.1s,407.0234375,409.1234375,2.1,2.1,-1,-2,,1,excluded_by_q1
VisualCogB_Task-1,46,target_locked,target_offset_2.2s,407.0234375,409.2234375,2.2,2.2,-1,-2,,1,excluded_by_q1
VisualCogB_Task-1,46,target_offset_sensitivity,target_offset_2.3s,407.0234375,409.3234375,2.3,2.3,-1,-2,,1,excluded_by_q1
VisualCogB_Task-1,46,target_offset_sensitivity,target_offset_2.4s,407.0234375,409.4234375,2.4,2.4,-1,-2,,1,excluded_by_q1
VisualCogB_Task-1,47,cue_locked,nominal,415.2109375,415.2109375,0.0,,1,2,40.0,0,retained_by_q1
VisualCogB_Task-1,47,target_offset_sensitivity,target_offset_2.0s,415.2109375,417.2109375,2.0,2.0,1,2,40.0,0,retained_by_q1
VisualCogB_Task-1,47,target_offset_sensitivity,target_offset_2.1s,415.2109375,417.3109375,2.1,2.1,1,2,40.0,0,retained_by_q1
VisualCogB_Task-1,47,target_locked,target_offset_2.2s,415.2109375,417.4109375,2.2,2.2,1,2,40.0,0,retained_by_q1
VisualCogB_Task-1,47,target_offset_sensitivity,target_offset_2.3s,415.2109375,417.5109375,2.3,2.3,1,2,40.0,0,retained_by_q1
VisualCogB_Task-1,47,target_offset_sensitivity,target_offset_2.4s,415.2109375,417.6109375,2.4,2.4,1,2,40.0,0,retained_by_q1
VisualCogB_Task-1,48,cue_locked,nominal,423.41796875,423.41796875,0.0,,1,-2,41.0,0,retained_by_q1
VisualCogB_Task-1,48,target_offset_sensitivity,target_offset_2.0s,423.41796875,425.41796875,2.0,2.0,1,-2,41.0,0,retained_by_q1
VisualCogB_Task-1,48,target_offset_sensitivity,target_offset_2.1s,423.41796875,425.51796875,2.1,2.1,1,-2,41.0,0,retained_by_q1
VisualCogB_Task-1,48,target_locked,target_offset_2.2s,423.41796875,425.61796875,2.2,2.2,1,-2,41.0,0,retained_by_q1
VisualCogB_Task-1,48,target_offset_sensitivity,target_offset_2.3s,423.41796875,425.71796875,2.3,2.3,1,-2,41.0,0,retained_by_q1
VisualCogB_Task-1,48,target_offset_sensitivity,target_offset_2.4s,423.41796875,425.81796875,2.4,2.4,1,-2,41.0,0,retained_by_q1
VisualCogB_Task-1,49,cue_locked,nominal,431.90625,431.90625,0.0,,-1,-2,42.0,0,retained_by_q1
VisualCogB_Task-1,49,target_offset_sensitivity,target_offset_2.0s,431.90625,433.90625,2.0,2.0,-1,-2,42.0,0,retained_by_q1
VisualCogB_Task-1,49,target_offset_sensitivity,target_offset_2.1s,431.90625,434.00625,2.1,2.1,-1,-2,42.0,0,retained_by_q1
VisualCogB_Task-1,49,target_locked,target_offset_2.2s,431.90625,434.10625,2.2,2.2,-1,-2,42.0,0,retained_by_q1
VisualCogB_Task-1,49,target_offset_sensitivity,target_offset_2.3s,431.90625,434.20625,2.3,2.3,-1,-2,42.0,0,retained_by_q1
VisualCogB_Task-1,49,target_offset_sensitivity,target_offset_2.4s,431.90625,434.30625,2.4,2.4,-1,-2,42.0,0,retained_by_q1
VisualCogB_Task-1,50,cue_locked,nominal,440.0625,440.0625,0.0,,1,2,43.0,0,retained_by_q1
VisualCogB_Task-1,50,target_offset_sensitivity,target_offset_2.0s,440.0625,442.0625,2.0,2.0,1,2,43.0,0,retained_by_q1
VisualCogB_Task-1,50,target_offset_sensitivity,target_offset_2.1s,440.0625,442.1625,2.1,2.1,1,2,43.0,0,retained_by_q1
VisualCogB_Task-1,50,target_locked,target_offset_2.2s,440.0625,442.2625,2.2,2.2,1,2,43.0,0,retained_by_q1
VisualCogB_Task-1,50,target_offset_sensitivity,target_offset_2.3s,440.0625,442.3625,2.3,2.3,1,2,43.0,0,retained_by_q1
VisualCogB_Task-1,50,target_offset_sensitivity,target_offset_2.4s,440.0625,442.4625,2.4,2.4,1,2,43.0,0,retained_by_q1
VisualCogB_Task-1,51,cue_locked,nominal,448.26953125,448.26953125,0.0,,-1,-2,44.0,0,retained_by_q1
VisualCogB_Task-1,51,target_offset_sensitivity,target_offset_2.0s,448.26953125,450.26953125,2.0,2.0,-1,-2,44.0,0,retained_by_q1
VisualCogB_Task-1,51,target_offset_sensitivity,target_offset_2.1s,448.26953125,450.36953125,2.1,2.1,-1,-2,44.0,0,retained_by_q1
VisualCogB_Task-1,51,target_locked,target_offset_2.2s,448.26953125,450.46953125,2.2,2.2,-1,-2,44.0,0,retained_by_q1
VisualCogB_Task-1,51,target_offset_sensitivity,target_offset_2.3s,448.26953125,450.56953125,2.3,2.3,-1,-2,44.0,0,retained_by_q1
VisualCogB_Task-1,51,target_offset_sensitivity,target_offset_2.4s,448.26953125,450.66953125,2.4,2.4,-1,-2,44.0,0,retained_by_q1
VisualCogB_Task-1,52,cue_locked,nominal,456.62890625,456.62890625,0.0,,1,2,45.0,0,retained_by_q1
VisualCogB_Task-1,52,target_offset_sensitivity,target_offset_2.0s,456.62890625,458.62890625,2.0,2.0,1,2,45.0,0,retained_by_q1
VisualCogB_Task-1,52,target_offset_sensitivity,target_offset_2.1s,456.62890625,458.72890625,2.1,2.1,1,2,45.0,0,retained_by_q1
VisualCogB_Task-1,52,target_locked,target_offset_2.2s,456.62890625,458.82890625,2.2,2.2,1,2,45.0,0,retained_by_q1
VisualCogB_Task-1,52,target_offset_sensitivity,target_offset_2.3s,456.62890625,458.92890625,2.3,2.3,1,2,45.0,0,retained_by_q1
VisualCogB_Task-1,52,target_offset_sensitivity,target_offset_2.4s,456.62890625,459.02890625,2.4,2.4,1,2,45.0,0,retained_by_q1
VisualCogB_Task-1,53,cue_locked,nominal,464.7578125,464.7578125,0.0,,-1,-2,,1,excluded_by_q1
VisualCogB_Task-1,53,target_offset_sensitivity,target_offset_2.0s,464.7578125,466.7578125,2.0,2.0,-1,-2,,1,excluded_by_q1
VisualCogB_Task-1,53,target_offset_sensitivity,target_offset_2.1s,464.7578125,466.8578125,2.1,2.1,-1,-2,,1,excluded_by_q1
VisualCogB_Task-1,53,target_locked,target_offset_2.2s,464.7578125,466.9578125,2.2,2.2,-1,-2,,1,excluded_by_q1
VisualCogB_Task-1,53,target_offset_sensitivity,target_offset_2.3s,464.7578125,467.0578125,2.3,2.3,-1,-2,,1,excluded_by_q1
VisualCogB_Task-1,53,target_offset_sensitivity,target_offset_2.4s,464.7578125,467.1578125,2.4,2.4,-1,-2,,1,excluded_by_q1
VisualCogB_Task-1,54,cue_locked,nominal,472.91796875,472.91796875,0.0,,1,2,46.0,0,retained_by_q1
VisualCogB_Task-1,54,target_offset_sensitivity,target_offset_2.0s,472.91796875,474.91796875,2.0,2.0,1,2,46.0,0,retained_by_q1
VisualCogB_Task-1,54,target_offset_sensitivity,target_offset_2.1s,472.91796875,475.01796875,2.1,2.1,1,2,46.0,0,retained_by_q1
VisualCogB_Task-1,54,target_locked,target_offset_2.2s,472.91796875,475.11796875,2.2,2.2,1,2,46.0,0,retained_by_q1
VisualCogB_Task-1,54,target_offset_sensitivity,target_offset_2.3s,472.91796875,475.21796875,2.3,2.3,1,2,46.0,0,retained_by_q1
VisualCogB_Task-1,54,target_offset_sensitivity,target_offset_2.4s,472.91796875,475.31796875,2.4,2.4,1,2,46.0,0,retained_by_q1
VisualCogB_Task-1,55,cue_locked,nominal,481.29296875,481.29296875,0.0,,-1,-2,47.0,0,retained_by_q1
VisualCogB_Task-1,55,target_offset_sensitivity,target_offset_2.0s,481.29296875,483.29296875,2.0,2.0,-1,-2,47.0,0,retained_by_q1
VisualCogB_Task-1,55,target_offset_sensitivity,target_offset_2.1s,481.29296875,483.39296875,2.1,2.1,-1,-2,47.0,0,retained_by_q1
VisualCogB_Task-1,55,target_locked,target_offset_2.2s,481.29296875,483.49296875,2.2,2.2,-1,-2,47.0,0,retained_by_q1
VisualCogB_Task-1,55,target_offset_sensitivity,target_offset_2.3s,481.29296875,483.59296875,2.3,2.3,-1,-2,47.0,0,retained_by_q1
VisualCogB_Task-1,55,target_offset_sensitivity,target_offset_2.4s,481.29296875,483.69296875,2.4,2.4,-1,-2,47.0,0,retained_by_q1
VisualCogB_Task-1,56,cue_locked,nominal,489.46875,489.46875,0.0,,1,2,48.0,0,retained_by_q1
VisualCogB_Task-1,56,target_offset_sensitivity,target_offset_2.0s,489.46875,491.46875,2.0,2.0,1,2,48.0,0,retained_by_q1
VisualCogB_Task-1,56,target_offset_sensitivity,target_offset_2.1s,489.46875,491.56875,2.1,2.1,1,2,48.0,0,retained_by_q1
VisualCogB_Task-1,56,target_locked,target_offset_2.2s,489.46875,491.66875,2.2,2.2,1,2,48.0,0,retained_by_q1
VisualCogB_Task-1,56,target_offset_sensitivity,target_offset_2.3s,489.46875,491.76875,2.3,2.3,1,2,48.0,0,retained_by_q1
VisualCogB_Task-1,56,target_offset_sensitivity,target_offset_2.4s,489.46875,491.86875,2.4,2.4,1,2,48.0,0,retained_by_q1
VisualCogB_Task-1,57,cue_locked,nominal,497.703125,497.703125,0.0,,1,2,,1,excluded_by_q1
VisualCogB_Task-1,57,target_offset_sensitivity,target_offset_2.0s,497.703125,499.703125,2.0,2.0,1,2,,1,excluded_by_q1
VisualCogB_Task-1,57,target_offset_sensitivity,target_offset_2.1s,497.703125,499.803125,2.1,2.1,1,2,,1,excluded_by_q1
VisualCogB_Task-1,57,target_locked,target_offset_2.2s,497.703125,499.903125,2.2,2.2,1,2,,1,excluded_by_q1
VisualCogB_Task-1,57,target_offset_sensitivity,target_offset_2.3s,497.703125,500.003125,2.3,2.3,1,2,,1,excluded_by_q1
VisualCogB_Task-1,57,target_offset_sensitivity,target_offset_2.4s,497.703125,500.103125,2.4,2.4,1,2,,1,excluded_by_q1
VisualCogB_Task-1,58,cue_locked,nominal,505.95703125,505.95703125,0.0,,1,2,49.0,0,retained_by_q1
VisualCogB_Task-1,58,target_offset_sensitivity,target_offset_2.0s,505.95703125,507.95703125,2.0,2.0,1,2,49.0,0,retained_by_q1
VisualCogB_Task-1,58,target_offset_sensitivity,target_offset_2.1s,505.95703125,508.05703125,2.1,2.1,1,2,49.0,0,retained_by_q1
VisualCogB_Task-1,58,target_locked,target_offset_2.2s,505.95703125,508.15703125,2.2,2.2,1,2,49.0,0,retained_by_q1
VisualCogB_Task-1,58,target_offset_sensitivity,target_offset_2.3s,505.95703125,508.25703125,2.3,2.3,1,2,49.0,0,retained_by_q1
VisualCogB_Task-1,58,target_offset_sensitivity,target_offset_2.4s,505.95703125,508.35703125,2.4,2.4,1,2,49.0,0,retained_by_q1
VisualCogB_Task-1,59,cue_locked,nominal,514.36328125,514.36328125,0.0,,1,2,50.0,0,retained_by_q1
VisualCogB_Task-1,59,target_offset_sensitivity,target_offset_2.0s,514.36328125,516.36328125,2.0,2.0,1,2,50.0,0,retained_by_q1
VisualCogB_Task-1,59,target_offset_sensitivity,target_offset_2.1s,514.36328125,516.46328125,2.1,2.1,1,2,50.0,0,retained_by_q1
VisualCogB_Task-1,59,target_locked,target_offset_2.2s,514.36328125,516.56328125,2.2,2.2,1,2,50.0,0,retained_by_q1
VisualCogB_Task-1,59,target_offset_sensitivity,target_offset_2.3s,514.36328125,516.66328125,2.3,2.3,1,2,50.0,0,retained_by_q1
VisualCogB_Task-1,59,target_offset_sensitivity,target_offset_2.4s,514.36328125,516.76328125,2.4,2.4,1,2,50.0,0,retained_by_q1
VisualCogB_Task-1,60,cue_locked,nominal,522.6953125,522.6953125,0.0,,-1,-2,51.0,0,retained_by_q1
VisualCogB_Task-1,60,target_offset_sensitivity,target_offset_2.0s,522.6953125,524.6953125,2.0,2.0,-1,-2,51.0,0,retained_by_q1
VisualCogB_Task-1,60,target_offset_sensitivity,target_offset_2.1s,522.6953125,524.7953125,2.1,2.1,-1,-2,51.0,0,retained_by_q1
VisualCogB_Task-1,60,target_locked,target_offset_2.2s,522.6953125,524.8953125,2.2,2.2,-1,-2,51.0,0,retained_by_q1
VisualCogB_Task-1,60,target_offset_sensitivity,target_offset_2.3s,522.6953125,524.9953125,2.3,2.3,-1,-2,51.0,0,retained_by_q1
VisualCogB_Task-1,60,target_offset_sensitivity,target_offset_2.4s,522.6953125,525.0953125,2.4,2.4,-1,-2,51.0,0,retained_by_q1
VisualCogB_Task-1,61,cue_locked,nominal,531.3828125,531.3828125,0.0,,-1,-2,52.0,0,retained_by_q1
VisualCogB_Task-1,61,target_offset_sensitivity,target_offset_2.0s,531.3828125,533.3828125,2.0,2.0,-1,-2,52.0,0,retained_by_q1
VisualCogB_Task-1,61,target_offset_sensitivity,target_offset_2.1s,531.3828125,533.4828125,2.1,2.1,-1,-2,52.0,0,retained_by_q1
VisualCogB_Task-1,61,target_locked,target_offset_2.2s,531.3828125,533.5828125,2.2,2.2,-1,-2,52.0,0,retained_by_q1
VisualCogB_Task-1,61,target_offset_sensitivity,target_offset_2.3s,531.3828125,533.6828125,2.3,2.3,-1,-2,52.0,0,retained_by_q1
VisualCogB_Task-1,61,target_offset_sensitivity,target_offset_2.4s,531.3828125,533.7828125,2.4,2.4,-1,-2,52.0,0,retained_by_q1
VisualCogB_Task-1,62,cue_locked,nominal,539.82421875,539.82421875,0.0,,1,2,,1,excluded_by_q1
VisualCogB_Task-1,62,target_offset_sensitivity,target_offset_2.0s,539.82421875,541.82421875,2.0,2.0,1,2,,1,excluded_by_q1
VisualCogB_Task-1,62,target_offset_sensitivity,target_offset_2.1s,539.82421875,541.92421875,2.1,2.1,1,2,,1,excluded_by_q1
VisualCogB_Task-1,62,target_locked,target_offset_2.2s,539.82421875,542.02421875,2.2,2.2,1,2,,1,excluded_by_q1
VisualCogB_Task-1,62,target_offset_sensitivity,target_offset_2.3s,539.82421875,542.12421875,2.3,2.3,1,2,,1,excluded_by_q1
VisualCogB_Task-1,62,target_offset_sensitivity,target_offset_2.4s,539.82421875,542.22421875,2.4,2.4,1,2,,1,excluded_by_q1
VisualCogB_Task-1,63,cue_locked,nominal,548.18359375,548.18359375,0.0,,-1,-2,53.0,0,retained_by_q1
VisualCogB_Task-1,63,target_offset_sensitivity,target_offset_2.0s,548.18359375,550.18359375,2.0,2.0,-1,-2,53.0,0,retained_by_q1
VisualCogB_Task-1,63,target_offset_sensitivity,target_offset_2.1s,548.18359375,550.28359375,2.1,2.1,-1,-2,53.0,0,retained_by_q1
VisualCogB_Task-1,63,target_locked,target_offset_2.2s,548.18359375,550.38359375,2.2,2.2,-1,-2,53.0,0,retained_by_q1
VisualCogB_Task-1,63,target_offset_sensitivity,target_offset_2.3s,548.18359375,550.48359375,2.3,2.3,-1,-2,53.0,0,retained_by_q1
VisualCogB_Task-1,63,target_offset_sensitivity,target_offset_2.4s,548.18359375,550.58359375,2.4,2.4,-1,-2,53.0,0,retained_by_q1
VisualCogB_Task-1,64,cue_locked,nominal,556.4375,556.4375,0.0,,-1,-2,54.0,0,retained_by_q1
VisualCogB_Task-1,64,target_offset_sensitivity,target_offset_2.0s,556.4375,558.4375,2.0,2.0,-1,-2,54.0,0,retained_by_q1
VisualCogB_Task-1,64,target_offset_sensitivity,target_offset_2.1s,556.4375,558.5375,2.1,2.1,-1,-2,54.0,0,retained_by_q1
VisualCogB_Task-1,64,target_locked,target_offset_2.2s,556.4375,558.6375,2.2,2.2,-1,-2,54.0,0,retained_by_q1
VisualCogB_Task-1,64,target_offset_sensitivity,target_offset_2.3s,556.4375,558.7375,2.3,2.3,-1,-2,54.0,0,retained_by_q1
VisualCogB_Task-1,64,target_offset_sensitivity,target_offset_2.4s,556.4375,558.8375,2.4,2.4,-1,-2,54.0,0,retained_by_q1
VisualCogB_Task-1,65,cue_locked,nominal,564.859375,564.859375,0.0,,-1,-2,,1,excluded_by_q1
VisualCogB_Task-1,65,target_offset_sensitivity,target_offset_2.0s,564.859375,566.859375,2.0,2.0,-1,-2,,1,excluded_by_q1
VisualCogB_Task-1,65,target_offset_sensitivity,target_offset_2.1s,564.859375,566.959375,2.1,2.1,-1,-2,,1,excluded_by_q1
VisualCogB_Task-1,65,target_locked,target_offset_2.2s,564.859375,567.059375,2.2,2.2,-1,-2,,1,excluded_by_q1
VisualCogB_Task-1,65,target_offset_sensitivity,target_offset_2.3s,564.859375,567.159375,2.3,2.3,-1,-2,,1,excluded_by_q1
VisualCogB_Task-1,65,target_offset_sensitivity,target_offset_2.4s,564.859375,567.259375,2.4,2.4,-1,-2,,1,excluded_by_q1
VisualCogB_Task-1,66,cue_locked,nominal,572.97265625,572.97265625,0.0,,1,2,55.0,0,retained_by_q1
VisualCogB_Task-1,66,target_offset_sensitivity,target_offset_2.0s,572.97265625,574.97265625,2.0,2.0,1,2,55.0,0,retained_by_q1
VisualCogB_Task-1,66,target_offset_sensitivity,target_offset_2.1s,572.97265625,575.07265625,2.1,2.1,1,2,55.0,0,retained_by_q1
VisualCogB_Task-1,66,target_locked,target_offset_2.2s,572.97265625,575.17265625,2.2,2.2,1,2,55.0,0,retained_by_q1
VisualCogB_Task-1,66,target_offset_sensitivity,target_offset_2.3s,572.97265625,575.27265625,2.3,2.3,1,2,55.0,0,retained_by_q1
VisualCogB_Task-1,66,target_offset_sensitivity,target_offset_2.4s,572.97265625,575.37265625,2.4,2.4,1,2,55.0,0,retained_by_q1
VisualCogB_Task-1,67,cue_locked,nominal,581.1484375,581.1484375,0.0,,1,2,56.0,0,retained_by_q1
VisualCogB_Task-1,67,target_offset_sensitivity,target_offset_2.0s,581.1484375,583.1484375,2.0,2.0,1,2,56.0,0,retained_by_q1
VisualCogB_Task-1,67,target_offset_sensitivity,target_offset_2.1s,581.1484375,583.2484375,2.1,2.1,1,2,56.0,0,retained_by_q1
VisualCogB_Task-1,67,target_locked,target_offset_2.2s,581.1484375,583.3484375,2.2,2.2,1,2,56.0,0,retained_by_q1
VisualCogB_Task-1,67,target_offset_sensitivity,target_offset_2.3s,581.1484375,583.4484375,2.3,2.3,1,2,56.0,0,retained_by_q1
VisualCogB_Task-1,67,target_offset_sensitivity,target_offset_2.4s,581.1484375,583.5484375,2.4,2.4,1,2,56.0,0,retained_by_q1
VisualCogB_Task-1,68,cue_locked,nominal,589.6796875,589.6796875,0.0,,-1,-2,57.0,0,retained_by_q1
VisualCogB_Task-1,68,target_offset_sensitivity,target_offset_2.0s,589.6796875,591.6796875,2.0,2.0,-1,-2,57.0,0,retained_by_q1
VisualCogB_Task-1,68,target_offset_sensitivity,target_offset_2.1s,589.6796875,591.7796875,2.1,2.1,-1,-2,57.0,0,retained_by_q1
VisualCogB_Task-1,68,target_locked,target_offset_2.2s,589.6796875,591.8796875,2.2,2.2,-1,-2,57.0,0,retained_by_q1
VisualCogB_Task-1,68,target_offset_sensitivity,target_offset_2.3s,589.6796875,591.9796875,2.3,2.3,-1,-2,57.0,0,retained_by_q1
VisualCogB_Task-1,68,target_offset_sensitivity,target_offset_2.4s,589.6796875,592.0796875,2.4,2.4,-1,-2,57.0,0,retained_by_q1
VisualCogB_Task-1,69,cue_locked,nominal,597.96484375,597.96484375,0.0,,-1,-2,58.0,0,retained_by_q1
VisualCogB_Task-1,69,target_offset_sensitivity,target_offset_2.0s,597.96484375,599.96484375,2.0,2.0,-1,-2,58.0,0,retained_by_q1
VisualCogB_Task-1,69,target_offset_sensitivity,target_offset_2.1s,597.96484375,600.06484375,2.1,2.1,-1,-2,58.0,0,retained_by_q1
VisualCogB_Task-1,69,target_locked,target_offset_2.2s,597.96484375,600.16484375,2.2,2.2,-1,-2,58.0,0,retained_by_q1
VisualCogB_Task-1,69,target_offset_sensitivity,target_offset_2.3s,597.96484375,600.26484375,2.3,2.3,-1,-2,58.0,0,retained_by_q1
VisualCogB_Task-1,69,target_offset_sensitivity,target_offset_2.4s,597.96484375,600.36484375,2.4,2.4,-1,-2,58.0,0,retained_by_q1
VisualCogB_Task-1,70,cue_locked,nominal,606.24609375,606.24609375,0.0,,1,2,,1,excluded_by_q1
VisualCogB_Task-1,70,target_offset_sensitivity,target_offset_2.0s,606.24609375,608.24609375,2.0,2.0,1,2,,1,excluded_by_q1
VisualCogB_Task-1,70,target_offset_sensitivity,target_offset_2.1s,606.24609375,608.34609375,2.1,2.1,1,2,,1,excluded_by_q1
VisualCogB_Task-1,70,target_locked,target_offset_2.2s,606.24609375,608.44609375,2.2,2.2,1,2,,1,excluded_by_q1
VisualCogB_Task-1,70,target_offset_sensitivity,target_offset_2.3s,606.24609375,608.54609375,2.3,2.3,1,2,,1,excluded_by_q1
VisualCogB_Task-1,70,target_offset_sensitivity,target_offset_2.4s,606.24609375,608.64609375,2.4,2.4,1,2,,1,excluded_by_q1
VisualCogB_Task-1,71,cue_locked,nominal,614.421875,614.421875,0.0,,1,2,59.0,0,retained_by_q1
VisualCogB_Task-1,71,target_offset_sensitivity,target_offset_2.0s,614.421875,616.421875,2.0,2.0,1,2,59.0,0,retained_by_q1
VisualCogB_Task-1,71,target_offset_sensitivity,target_offset_2.1s,614.421875,616.521875,2.1,2.1,1,2,59.0,0,retained_by_q1
VisualCogB_Task-1,71,target_locked,target_offset_2.2s,614.421875,616.621875,2.2,2.2,1,2,59.0,0,retained_by_q1
VisualCogB_Task-1,71,target_offset_sensitivity,target_offset_2.3s,614.421875,616.721875,2.3,2.3,1,2,59.0,0,retained_by_q1
VisualCogB_Task-1,71,target_offset_sensitivity,target_offset_2.4s,614.421875,616.821875,2.4,2.4,1,2,59.0,0,retained_by_q1
VisualCogB_Task-1,72,cue_locked,nominal,622.625,622.625,0.0,,-1,-2,60.0,0,retained_by_q1
VisualCogB_Task-1,72,target_offset_sensitivity,target_offset_2.0s,622.625,624.625,2.0,2.0,-1,-2,60.0,0,retained_by_q1
VisualCogB_Task-1,72,target_offset_sensitivity,target_offset_2.1s,622.625,624.725,2.1,2.1,-1,-2,60.0,0,retained_by_q1
VisualCogB_Task-1,72,target_locked,target_offset_2.2s,622.625,624.825,2.2,2.2,-1,-2,60.0,0,retained_by_q1
VisualCogB_Task-1,72,target_offset_sensitivity,target_offset_2.3s,622.625,624.925,2.3,2.3,-1,-2,60.0,0,retained_by_q1
VisualCogB_Task-1,72,target_offset_sensitivity,target_offset_2.4s,622.625,625.025,2.4,2.4,-1,-2,60.0,0,retained_by_q1
VisualCogB_Task-1,73,cue_locked,nominal,630.91015625,630.91015625,0.0,,-1,-2,61.0,0,retained_by_q1
VisualCogB_Task-1,73,target_offset_sensitivity,target_offset_2.0s,630.91015625,632.91015625,2.0,2.0,-1,-2,61.0,0,retained_by_q1
VisualCogB_Task-1,73,target_offset_sensitivity,target_offset_2.1s,630.91015625,633.01015625,2.1,2.1,-1,-2,61.0,0,retained_by_q1
VisualCogB_Task-1,73,target_locked,target_offset_2.2s,630.91015625,633.11015625,2.2,2.2,-1,-2,61.0,0,retained_by_q1
VisualCogB_Task-1,73,target_offset_sensitivity,target_offset_2.3s,630.91015625,633.21015625,2.3,2.3,-1,-2,61.0,0,retained_by_q1
VisualCogB_Task-1,73,target_offset_sensitivity,target_offset_2.4s,630.91015625,633.31015625,2.4,2.4,-1,-2,61.0,0,retained_by_q1
VisualCogB_Task-1,74,cue_locked,nominal,639.3671875,639.3671875,0.0,,1,2,62.0,0,retained_by_q1
VisualCogB_Task-1,74,target_offset_sensitivity,target_offset_2.0s,639.3671875,641.3671875,2.0,2.0,1,2,62.0,0,retained_by_q1
VisualCogB_Task-1,74,target_offset_sensitivity,target_offset_2.1s,639.3671875,641.4671875,2.1,2.1,1,2,62.0,0,retained_by_q1
VisualCogB_Task-1,74,target_locked,target_offset_2.2s,639.3671875,641.5671875,2.2,2.2,1,2,62.0,0,retained_by_q1
VisualCogB_Task-1,74,target_offset_sensitivity,target_offset_2.3s,639.3671875,641.6671875,2.3,2.3,1,2,62.0,0,retained_by_q1
VisualCogB_Task-1,74,target_offset_sensitivity,target_offset_2.4s,639.3671875,641.7671875,2.4,2.4,1,2,62.0,0,retained_by_q1
VisualCogB_Task-1,75,cue_locked,nominal,647.7109375,647.7109375,0.0,,-1,-2,63.0,0,retained_by_q1
VisualCogB_Task-1,75,target_offset_sensitivity,target_offset_2.0s,647.7109375,649.7109375,2.0,2.0,-1,-2,63.0,0,retained_by_q1
VisualCogB_Task-1,75,target_offset_sensitivity,target_offset_2.1s,647.7109375,649.8109375,2.1,2.1,-1,-2,63.0,0,retained_by_q1
VisualCogB_Task-1,75,target_locked,target_offset_2.2s,647.7109375,649.9109375,2.2,2.2,-1,-2,63.0,0,retained_by_q1
VisualCogB_Task-1,75,target_offset_sensitivity,target_offset_2.3s,647.7109375,650.0109375,2.3,2.3,-1,-2,63.0,0,retained_by_q1
VisualCogB_Task-1,75,target_offset_sensitivity,target_offset_2.4s,647.7109375,650.1109375,2.4,2.4,-1,-2,63.0,0,retained_by_q1
VisualCogB_Task-1,76,cue_locked,nominal,656.1796875,656.1796875,0.0,,-1,-2,64.0,0,retained_by_q1
VisualCogB_Task-1,76,target_offset_sensitivity,target_offset_2.0s,656.1796875,658.1796875,2.0,2.0,-1,-2,64.0,0,retained_by_q1
VisualCogB_Task-1,76,target_offset_sensitivity,target_offset_2.1s,656.1796875,658.2796875,2.1,2.1,-1,-2,64.0,0,retained_by_q1
VisualCogB_Task-1,76,target_locked,target_offset_2.2s,656.1796875,658.3796875,2.2,2.2,-1,-2,64.0,0,retained_by_q1
VisualCogB_Task-1,76,target_offset_sensitivity,target_offset_2.3s,656.1796875,658.4796875,2.3,2.3,-1,-2,64.0,0,retained_by_q1
VisualCogB_Task-1,76,target_offset_sensitivity,target_offset_2.4s,656.1796875,658.5796875,2.4,2.4,-1,-2,64.0,0,retained_by_q1
VisualCogB_Task-1,77,cue_locked,nominal,664.60546875,664.60546875,0.0,,-1,-2,,1,excluded_by_q1
VisualCogB_Task-1,77,target_offset_sensitivity,target_offset_2.0s,664.60546875,666.60546875,2.0,2.0,-1,-2,,1,excluded_by_q1
VisualCogB_Task-1,77,target_offset_sensitivity,target_offset_2.1s,664.60546875,666.70546875,2.1,2.1,-1,-2,,1,excluded_by_q1
VisualCogB_Task-1,77,target_locked,target_offset_2.2s,664.60546875,666.80546875,2.2,2.2,-1,-2,,1,excluded_by_q1
VisualCogB_Task-1,77,target_offset_sensitivity,target_offset_2.3s,664.60546875,666.90546875,2.3,2.3,-1,-2,,1,excluded_by_q1
VisualCogB_Task-1,77,target_offset_sensitivity,target_offset_2.4s,664.60546875,667.00546875,2.4,2.4,-1,-2,,1,excluded_by_q1
VisualCogB_Task-1,78,cue_locked,nominal,672.96484375,672.96484375,0.0,,1,2,65.0,0,retained_by_q1
VisualCogB_Task-1,78,target_offset_sensitivity,target_offset_2.0s,672.96484375,674.96484375,2.0,2.0,1,2,65.0,0,retained_by_q1
VisualCogB_Task-1,78,target_offset_sensitivity,target_offset_2.1s,672.96484375,675.06484375,2.1,2.1,1,2,65.0,0,retained_by_q1
VisualCogB_Task-1,78,target_locked,target_offset_2.2s,672.96484375,675.16484375,2.2,2.2,1,2,65.0,0,retained_by_q1
VisualCogB_Task-1,78,target_offset_sensitivity,target_offset_2.3s,672.96484375,675.26484375,2.3,2.3,1,2,65.0,0,retained_by_q1
VisualCogB_Task-1,78,target_offset_sensitivity,target_offset_2.4s,672.96484375,675.36484375,2.4,2.4,1,2,65.0,0,retained_by_q1
VisualCogB_Task-1,79,cue_locked,nominal,681.3125,681.3125,0.0,,-1,-2,66.0,0,retained_by_q1
VisualCogB_Task-1,79,target_offset_sensitivity,target_offset_2.0s,681.3125,683.3125,2.0,2.0,-1,-2,66.0,0,retained_by_q1
VisualCogB_Task-1,79,target_offset_sensitivity,target_offset_2.1s,681.3125,683.4125,2.1,2.1,-1,-2,66.0,0,retained_by_q1
VisualCogB_Task-1,79,target_locked,target_offset_2.2s,681.3125,683.5125,2.2,2.2,-1,-2,66.0,0,retained_by_q1
VisualCogB_Task-1,79,target_offset_sensitivity,target_offset_2.3s,681.3125,683.6125,2.3,2.3,-1,-2,66.0,0,retained_by_q1
VisualCogB_Task-1,79,target_offset_sensitivity,target_offset_2.4s,681.3125,683.7125,2.4,2.4,-1,-2,66.0,0,retained_by_q1
VisualCogB_Task-1,80,cue_locked,nominal,689.58203125,689.58203125,0.0,,-1,-2,67.0,0,retained_by_q1
VisualCogB_Task-1,80,target_offset_sensitivity,target_offset_2.0s,689.58203125,691.58203125,2.0,2.0,-1,-2,67.0,0,retained_by_q1
VisualCogB_Task-1,80,target_offset_sensitivity,target_offset_2.1s,689.58203125,691.68203125,2.1,2.1,-1,-2,67.0,0,retained_by_q1
VisualCogB_Task-1,80,target_locked,target_offset_2.2s,689.58203125,691.78203125,2.2,2.2,-1,-2,67.0,0,retained_by_q1
VisualCogB_Task-1,80,target_offset_sensitivity,target_offset_2.3s,689.58203125,691.88203125,2.3,2.3,-1,-2,67.0,0,retained_by_q1
VisualCogB_Task-1,80,target_offset_sensitivity,target_offset_2.4s,689.58203125,691.98203125,2.4,2.4,-1,-2,67.0,0,retained_by_q1
VisualCogB_Task-1,81,cue_locked,nominal,698.06640625,698.06640625,0.0,,1,2,68.0,0,retained_by_q1
VisualCogB_Task-1,81,target_offset_sensitivity,target_offset_2.0s,698.06640625,700.06640625,2.0,2.0,1,2,68.0,0,retained_by_q1
VisualCogB_Task-1,81,target_offset_sensitivity,target_offset_2.1s,698.06640625,700.16640625,2.1,2.1,1,2,68.0,0,retained_by_q1
VisualCogB_Task-1,81,target_locked,target_offset_2.2s,698.06640625,700.26640625,2.2,2.2,1,2,68.0,0,retained_by_q1
VisualCogB_Task-1,81,target_offset_sensitivity,target_offset_2.3s,698.06640625,700.36640625,2.3,2.3,1,2,68.0,0,retained_by_q1
VisualCogB_Task-1,81,target_offset_sensitivity,target_offset_2.4s,698.06640625,700.46640625,2.4,2.4,1,2,68.0,0,retained_by_q1
VisualCogB_Task-1,82,cue_locked,nominal,706.4296875,706.4296875,0.0,,-1,-2,69.0,0,retained_by_q1
VisualCogB_Task-1,82,target_offset_sensitivity,target_offset_2.0s,706.4296875,708.4296875,2.0,2.0,-1,-2,69.0,0,retained_by_q1
VisualCogB_Task-1,82,target_offset_sensitivity,target_offset_2.1s,706.4296875,708.5296875,2.1,2.1,-1,-2,69.0,0,retained_by_q1
VisualCogB_Task-1,82,target_locked,target_offset_2.2s,706.4296875,708.6296875,2.2,2.2,-1,-2,69.0,0,retained_by_q1
VisualCogB_Task-1,82,target_offset_sensitivity,target_offset_2.3s,706.4296875,708.7296875,2.3,2.3,-1,-2,69.0,0,retained_by_q1
VisualCogB_Task-1,82,target_offset_sensitivity,target_offset_2.4s,706.4296875,708.8296875,2.4,2.4,-1,-2,69.0,0,retained_by_q1
VisualCogB_Task-1,83,cue_locked,nominal,714.9296875,714.9296875,0.0,,-1,-2,70.0,0,retained_by_q1
VisualCogB_Task-1,83,target_offset_sensitivity,target_offset_2.0s,714.9296875,716.9296875,2.0,2.0,-1,-2,70.0,0,retained_by_q1
VisualCogB_Task-1,83,target_offset_sensitivity,target_offset_2.1s,714.9296875,717.0296875,2.1,2.1,-1,-2,70.0,0,retained_by_q1
VisualCogB_Task-1,83,target_locked,target_offset_2.2s,714.9296875,717.1296875,2.2,2.2,-1,-2,70.0,0,retained_by_q1
VisualCogB_Task-1,83,target_offset_sensitivity,target_offset_2.3s,714.9296875,717.2296875,2.3,2.3,-1,-2,70.0,0,retained_by_q1
VisualCogB_Task-1,83,target_offset_sensitivity,target_offset_2.4s,714.9296875,717.3296875,2.4,2.4,-1,-2,70.0,0,retained_by_q1
VisualCogB_Task-1,84,cue_locked,nominal,723.13671875,723.13671875,0.0,,1,2,,1,excluded_by_q1
VisualCogB_Task-1,84,target_offset_sensitivity,target_offset_2.0s,723.13671875,725.13671875,2.0,2.0,1,2,,1,excluded_by_q1
VisualCogB_Task-1,84,target_offset_sensitivity,target_offset_2.1s,723.13671875,725.23671875,2.1,2.1,1,2,,1,excluded_by_q1
VisualCogB_Task-1,84,target_locked,target_offset_2.2s,723.13671875,725.33671875,2.2,2.2,1,2,,1,excluded_by_q1
VisualCogB_Task-1,84,target_offset_sensitivity,target_offset_2.3s,723.13671875,725.43671875,2.3,2.3,1,2,,1,excluded_by_q1
VisualCogB_Task-1,84,target_offset_sensitivity,target_offset_2.4s,723.13671875,725.53671875,2.4,2.4,1,2,,1,excluded_by_q1
VisualCogB_Task-1,85,cue_locked,nominal,731.51171875,731.51171875,0.0,,-1,-2,71.0,0,retained_by_q1
VisualCogB_Task-1,85,target_offset_sensitivity,target_offset_2.0s,731.51171875,733.51171875,2.0,2.0,-1,-2,71.0,0,retained_by_q1
VisualCogB_Task-1,85,target_offset_sensitivity,target_offset_2.1s,731.51171875,733.61171875,2.1,2.1,-1,-2,71.0,0,retained_by_q1
VisualCogB_Task-1,85,target_locked,target_offset_2.2s,731.51171875,733.71171875,2.2,2.2,-1,-2,71.0,0,retained_by_q1
VisualCogB_Task-1,85,target_offset_sensitivity,target_offset_2.3s,731.51171875,733.81171875,2.3,2.3,-1,-2,71.0,0,retained_by_q1
VisualCogB_Task-1,85,target_offset_sensitivity,target_offset_2.4s,731.51171875,733.91171875,2.4,2.4,-1,-2,71.0,0,retained_by_q1
VisualCogB_Task-1,86,cue_locked,nominal,739.71875,739.71875,0.0,,-1,2,72.0,0,retained_by_q1
VisualCogB_Task-1,86,target_offset_sensitivity,target_offset_2.0s,739.71875,741.71875,2.0,2.0,-1,2,72.0,0,retained_by_q1
VisualCogB_Task-1,86,target_offset_sensitivity,target_offset_2.1s,739.71875,741.81875,2.1,2.1,-1,2,72.0,0,retained_by_q1
VisualCogB_Task-1,86,target_locked,target_offset_2.2s,739.71875,741.91875,2.2,2.2,-1,2,72.0,0,retained_by_q1
VisualCogB_Task-1,86,target_offset_sensitivity,target_offset_2.3s,739.71875,742.01875,2.3,2.3,-1,2,72.0,0,retained_by_q1
VisualCogB_Task-1,86,target_offset_sensitivity,target_offset_2.4s,739.71875,742.11875,2.4,2.4,-1,2,72.0,0,retained_by_q1
VisualCogB_Task-1,87,cue_locked,nominal,748.5,748.5,0.0,,1,2,,1,excluded_by_q1
VisualCogB_Task-1,87,target_offset_sensitivity,target_offset_2.0s,748.5,750.5,2.0,2.0,1,2,,1,excluded_by_q1
VisualCogB_Task-1,87,target_offset_sensitivity,target_offset_2.1s,748.5,750.6,2.1,2.1,1,2,,1,excluded_by_q1
VisualCogB_Task-1,87,target_locked,target_offset_2.2s,748.5,750.7,2.2,2.2,1,2,,1,excluded_by_q1
VisualCogB_Task-1,87,target_offset_sensitivity,target_offset_2.3s,748.5,750.8,2.3,2.3,1,2,,1,excluded_by_q1
VisualCogB_Task-1,87,target_offset_sensitivity,target_offset_2.4s,748.5,750.9,2.4,2.4,1,2,,1,excluded_by_q1
VisualCogB_Task-1,88,cue_locked,nominal,756.94140625,756.94140625,0.0,,-1,-2,73.0,0,retained_by_q1
VisualCogB_Task-1,88,target_offset_sensitivity,target_offset_2.0s,756.94140625,758.94140625,2.0,2.0,-1,-2,73.0,0,retained_by_q1
VisualCogB_Task-1,88,target_offset_sensitivity,target_offset_2.1s,756.94140625,759.04140625,2.1,2.1,-1,-2,73.0,0,retained_by_q1
VisualCogB_Task-1,88,target_locked,target_offset_2.2s,756.94140625,759.14140625,2.2,2.2,-1,-2,73.0,0,retained_by_q1
VisualCogB_Task-1,88,target_offset_sensitivity,target_offset_2.3s,756.94140625,759.24140625,2.3,2.3,-1,-2,73.0,0,retained_by_q1
VisualCogB_Task-1,88,target_offset_sensitivity,target_offset_2.4s,756.94140625,759.34140625,2.4,2.4,-1,-2,73.0,0,retained_by_q1
VisualCogB_Task-1,89,cue_locked,nominal,765.12890625,765.12890625,0.0,,-1,-2,74.0,0,retained_by_q1
VisualCogB_Task-1,89,target_offset_sensitivity,target_offset_2.0s,765.12890625,767.12890625,2.0,2.0,-1,-2,74.0,0,retained_by_q1
VisualCogB_Task-1,89,target_offset_sensitivity,target_offset_2.1s,765.12890625,767.22890625,2.1,2.1,-1,-2,74.0,0,retained_by_q1
VisualCogB_Task-1,89,target_locked,target_offset_2.2s,765.12890625,767.32890625,2.2,2.2,-1,-2,74.0,0,retained_by_q1
VisualCogB_Task-1,89,target_offset_sensitivity,target_offset_2.3s,765.12890625,767.42890625,2.3,2.3,-1,-2,74.0,0,retained_by_q1
VisualCogB_Task-1,89,target_offset_sensitivity,target_offset_2.4s,765.12890625,767.52890625,2.4,2.4,-1,-2,74.0,0,retained_by_q1
VisualCogB_Task-1,90,cue_locked,nominal,773.5078125,773.5078125,0.0,,1,2,75.0,0,retained_by_q1
VisualCogB_Task-1,90,target_offset_sensitivity,target_offset_2.0s,773.5078125,775.5078125,2.0,2.0,1,2,75.0,0,retained_by_q1
VisualCogB_Task-1,90,target_offset_sensitivity,target_offset_2.1s,773.5078125,775.6078125,2.1,2.1,1,2,75.0,0,retained_by_q1
VisualCogB_Task-1,90,target_locked,target_offset_2.2s,773.5078125,775.7078125,2.2,2.2,1,2,75.0,0,retained_by_q1
VisualCogB_Task-1,90,target_offset_sensitivity,target_offset_2.3s,773.5078125,775.8078125,2.3,2.3,1,2,75.0,0,retained_by_q1
VisualCogB_Task-1,90,target_offset_sensitivity,target_offset_2.4s,773.5078125,775.9078125,2.4,2.4,1,2,75.0,0,retained_by_q1
VisualCogB_Task-1,91,cue_locked,nominal,781.7734375,781.7734375,0.0,,1,2,,1,excluded_by_q1
VisualCogB_Task-1,91,target_offset_sensitivity,target_offset_2.0s,781.7734375,783.7734375,2.0,2.0,1,2,,1,excluded_by_q1
VisualCogB_Task-1,91,target_offset_sensitivity,target_offset_2.1s,781.7734375,783.8734375,2.1,2.1,1,2,,1,excluded_by_q1
VisualCogB_Task-1,91,target_locked,target_offset_2.2s,781.7734375,783.9734375,2.2,2.2,1,2,,1,excluded_by_q1
VisualCogB_Task-1,91,target_offset_sensitivity,target_offset_2.3s,781.7734375,784.0734375,2.3,2.3,1,2,,1,excluded_by_q1
VisualCogB_Task-1,91,target_offset_sensitivity,target_offset_2.4s,781.7734375,784.1734375,2.4,2.4,1,2,,1,excluded_by_q1
VisualCogB_Task-1,92,cue_locked,nominal,790.07421875,790.07421875,0.0,,-1,-2,76.0,0,retained_by_q1
VisualCogB_Task-1,92,target_offset_sensitivity,target_offset_2.0s,790.07421875,792.07421875,2.0,2.0,-1,-2,76.0,0,retained_by_q1
VisualCogB_Task-1,92,target_offset_sensitivity,target_offset_2.1s,790.07421875,792.17421875,2.1,2.1,-1,-2,76.0,0,retained_by_q1
VisualCogB_Task-1,92,target_locked,target_offset_2.2s,790.07421875,792.27421875,2.2,2.2,-1,-2,76.0,0,retained_by_q1
VisualCogB_Task-1,92,target_offset_sensitivity,target_offset_2.3s,790.07421875,792.37421875,2.3,2.3,-1,-2,76.0,0,retained_by_q1
VisualCogB_Task-1,92,target_offset_sensitivity,target_offset_2.4s,790.07421875,792.47421875,2.4,2.4,-1,-2,76.0,0,retained_by_q1
VisualCogB_Task-1,93,cue_locked,nominal,798.30859375,798.30859375,0.0,,1,2,77.0,0,retained_by_q1
VisualCogB_Task-1,93,target_offset_sensitivity,target_offset_2.0s,798.30859375,800.30859375,2.0,2.0,1,2,77.0,0,retained_by_q1
VisualCogB_Task-1,93,target_offset_sensitivity,target_offset_2.1s,798.30859375,800.40859375,2.1,2.1,1,2,77.0,0,retained_by_q1
VisualCogB_Task-1,93,target_locked,target_offset_2.2s,798.30859375,800.50859375,2.2,2.2,1,2,77.0,0,retained_by_q1
VisualCogB_Task-1,93,target_offset_sensitivity,target_offset_2.3s,798.30859375,800.60859375,2.3,2.3,1,2,77.0,0,retained_by_q1
VisualCogB_Task-1,93,target_offset_sensitivity,target_offset_2.4s,798.30859375,800.70859375,2.4,2.4,1,2,77.0,0,retained_by_q1
VisualCogB_Task-1,94,cue_locked,nominal,806.625,806.625,0.0,,-1,-2,78.0,0,retained_by_q1
VisualCogB_Task-1,94,target_offset_sensitivity,target_offset_2.0s,806.625,808.625,2.0,2.0,-1,-2,78.0,0,retained_by_q1
VisualCogB_Task-1,94,target_offset_sensitivity,target_offset_2.1s,806.625,808.725,2.1,2.1,-1,-2,78.0,0,retained_by_q1
VisualCogB_Task-1,94,target_locked,target_offset_2.2s,806.625,808.825,2.2,2.2,-1,-2,78.0,0,retained_by_q1
VisualCogB_Task-1,94,target_offset_sensitivity,target_offset_2.3s,806.625,808.925,2.3,2.3,-1,-2,78.0,0,retained_by_q1
VisualCogB_Task-1,94,target_offset_sensitivity,target_offset_2.4s,806.625,809.025,2.4,2.4,-1,-2,78.0,0,retained_by_q1
VisualCogB_Task-1,95,cue_locked,nominal,814.67578125,814.67578125,0.0,,1,2,79.0,0,retained_by_q1
VisualCogB_Task-1,95,target_offset_sensitivity,target_offset_2.0s,814.67578125,816.67578125,2.0,2.0,1,2,79.0,0,retained_by_q1
VisualCogB_Task-1,95,target_offset_sensitivity,target_offset_2.1s,814.67578125,816.77578125,2.1,2.1,1,2,79.0,0,retained_by_q1
VisualCogB_Task-1,95,target_locked,target_offset_2.2s,814.67578125,816.87578125,2.2,2.2,1,2,79.0,0,retained_by_q1
VisualCogB_Task-1,95,target_offset_sensitivity,target_offset_2.3s,814.67578125,816.97578125,2.3,2.3,1,2,79.0,0,retained_by_q1
VisualCogB_Task-1,95,target_offset_sensitivity,target_offset_2.4s,814.67578125,817.07578125,2.4,2.4,1,2,79.0,0,retained_by_q1
VisualCogB_Task-1,96,cue_locked,nominal,822.86328125,822.86328125,0.0,,-1,-2,,1,excluded_by_q1
VisualCogB_Task-1,96,target_offset_sensitivity,target_offset_2.0s,822.86328125,824.86328125,2.0,2.0,-1,-2,,1,excluded_by_q1
VisualCogB_Task-1,96,target_offset_sensitivity,target_offset_2.1s,822.86328125,824.96328125,2.1,2.1,-1,-2,,1,excluded_by_q1
VisualCogB_Task-1,96,target_locked,target_offset_2.2s,822.86328125,825.06328125,2.2,2.2,-1,-2,,1,excluded_by_q1
VisualCogB_Task-1,96,target_offset_sensitivity,target_offset_2.3s,822.86328125,825.16328125,2.3,2.3,-1,-2,,1,excluded_by_q1
VisualCogB_Task-1,96,target_offset_sensitivity,target_offset_2.4s,822.86328125,825.26328125,2.4,2.4,-1,-2,,1,excluded_by_q1
VisualCogB_Task-1,97,cue_locked,nominal,831.2734375,831.2734375,0.0,,1,2,80.0,0,retained_by_q1
VisualCogB_Task-1,97,target_offset_sensitivity,target_offset_2.0s,831.2734375,833.2734375,2.0,2.0,1,2,80.0,0,retained_by_q1
VisualCogB_Task-1,97,target_offset_sensitivity,target_offset_2.1s,831.2734375,833.3734375,2.1,2.1,1,2,80.0,0,retained_by_q1
VisualCogB_Task-1,97,target_locked,target_offset_2.2s,831.2734375,833.4734375,2.2,2.2,1,2,80.0,0,retained_by_q1
VisualCogB_Task-1,97,target_offset_sensitivity,target_offset_2.3s,831.2734375,833.5734375,2.3,2.3,1,2,80.0,0,retained_by_q1
VisualCogB_Task-1,97,target_offset_sensitivity,target_offset_2.4s,831.2734375,833.6734375,2.4,2.4,1,2,80.0,0,retained_by_q1
VisualCogB_Task-1,98,cue_locked,nominal,839.6953125,839.6953125,0.0,,1,2,81.0,0,retained_by_q1
VisualCogB_Task-1,98,target_offset_sensitivity,target_offset_2.0s,839.6953125,841.6953125,2.0,2.0,1,2,81.0,0,retained_by_q1
VisualCogB_Task-1,98,target_offset_sensitivity,target_offset_2.1s,839.6953125,841.7953125,2.1,2.1,1,2,81.0,0,retained_by_q1
VisualCogB_Task-1,98,target_locked,target_offset_2.2s,839.6953125,841.8953125,2.2,2.2,1,2,81.0,0,retained_by_q1
VisualCogB_Task-1,98,target_offset_sensitivity,target_offset_2.3s,839.6953125,841.9953125,2.3,2.3,1,2,81.0,0,retained_by_q1
VisualCogB_Task-1,98,target_offset_sensitivity,target_offset_2.4s,839.6953125,842.0953125,2.4,2.4,1,2,81.0,0,retained_by_q1
VisualCogB_Task-1,99,cue_locked,nominal,847.90234375,847.90234375,0.0,,1,2,82.0,0,retained_by_q1
VisualCogB_Task-1,99,target_offset_sensitivity,target_offset_2.0s,847.90234375,849.90234375,2.0,2.0,1,2,82.0,0,retained_by_q1
VisualCogB_Task-1,99,target_offset_sensitivity,target_offset_2.1s,847.90234375,850.00234375,2.1,2.1,1,2,82.0,0,retained_by_q1
VisualCogB_Task-1,99,target_locked,target_offset_2.2s,847.90234375,850.10234375,2.2,2.2,1,2,82.0,0,retained_by_q1
VisualCogB_Task-1,99,target_offset_sensitivity,target_offset_2.3s,847.90234375,850.20234375,2.3,2.3,1,2,82.0,0,retained_by_q1
VisualCogB_Task-1,99,target_offset_sensitivity,target_offset_2.4s,847.90234375,850.30234375,2.4,2.4,1,2,82.0,0,retained_by_q1
VisualCogB_Task-2,0,cue_locked,nominal,20.0546875,20.0546875,0.0,,-1,2,0.0,0,retained_by_q1
VisualCogB_Task-2,0,target_offset_sensitivity,target_offset_2.0s,20.0546875,22.0546875,2.0,2.0,-1,2,0.0,0,retained_by_q1
VisualCogB_Task-2,0,target_offset_sensitivity,target_offset_2.1s,20.0546875,22.1546875,2.1,2.1,-1,2,0.0,0,retained_by_q1
VisualCogB_Task-2,0,target_locked,target_offset_2.2s,20.0546875,22.2546875,2.2,2.2,-1,2,0.0,0,retained_by_q1
VisualCogB_Task-2,0,target_offset_sensitivity,target_offset_2.3s,20.0546875,22.3546875,2.3,2.3,-1,2,0.0,0,retained_by_q1
VisualCogB_Task-2,0,target_offset_sensitivity,target_offset_2.4s,20.0546875,22.4546875,2.4,2.4,-1,2,0.0,0,retained_by_q1
VisualCogB_Task-2,1,cue_locked,nominal,28.69921875,28.69921875,0.0,,-1,-2,,1,excluded_by_q1
VisualCogB_Task-2,1,target_offset_sensitivity,target_offset_2.0s,28.69921875,30.69921875,2.0,2.0,-1,-2,,1,excluded_by_q1
VisualCogB_Task-2,1,target_offset_sensitivity,target_offset_2.1s,28.69921875,30.79921875,2.1,2.1,-1,-2,,1,excluded_by_q1
VisualCogB_Task-2,1,target_locked,target_offset_2.2s,28.69921875,30.89921875,2.2,2.2,-1,-2,,1,excluded_by_q1
VisualCogB_Task-2,1,target_offset_sensitivity,target_offset_2.3s,28.69921875,30.99921875,2.3,2.3,-1,-2,,1,excluded_by_q1
VisualCogB_Task-2,1,target_offset_sensitivity,target_offset_2.4s,28.69921875,31.09921875,2.4,2.4,-1,-2,,1,excluded_by_q1
VisualCogB_Task-2,2,cue_locked,nominal,37.54296875,37.54296875,0.0,,-1,-2,1.0,0,retained_by_q1
VisualCogB_Task-2,2,target_offset_sensitivity,target_offset_2.0s,37.54296875,39.54296875,2.0,2.0,-1,-2,1.0,0,retained_by_q1
VisualCogB_Task-2,2,target_offset_sensitivity,target_offset_2.1s,37.54296875,39.64296875,2.1,2.1,-1,-2,1.0,0,retained_by_q1
VisualCogB_Task-2,2,target_locked,target_offset_2.2s,37.54296875,39.74296875,2.2,2.2,-1,-2,1.0,0,retained_by_q1
VisualCogB_Task-2,2,target_offset_sensitivity,target_offset_2.3s,37.54296875,39.84296875,2.3,2.3,-1,-2,1.0,0,retained_by_q1
VisualCogB_Task-2,2,target_offset_sensitivity,target_offset_2.4s,37.54296875,39.94296875,2.4,2.4,-1,-2,1.0,0,retained_by_q1
VisualCogB_Task-2,3,cue_locked,nominal,46.37109375,46.37109375,0.0,,1,2,2.0,0,retained_by_q1
VisualCogB_Task-2,3,target_offset_sensitivity,target_offset_2.0s,46.37109375,48.37109375,2.0,2.0,1,2,2.0,0,retained_by_q1
VisualCogB_Task-2,3,target_offset_sensitivity,target_offset_2.1s,46.37109375,48.47109375,2.1,2.1,1,2,2.0,0,retained_by_q1
VisualCogB_Task-2,3,target_locked,target_offset_2.2s,46.37109375,48.57109375,2.2,2.2,1,2,2.0,0,retained_by_q1
VisualCogB_Task-2,3,target_offset_sensitivity,target_offset_2.3s,46.37109375,48.67109375,2.3,2.3,1,2,2.0,0,retained_by_q1
VisualCogB_Task-2,3,target_offset_sensitivity,target_offset_2.4s,46.37109375,48.77109375,2.4,2.4,1,2,2.0,0,retained_by_q1
VisualCogB_Task-2,4,cue_locked,nominal,54.671875,54.671875,0.0,,-1,-2,3.0,0,retained_by_q1
VisualCogB_Task-2,4,target_offset_sensitivity,target_offset_2.0s,54.671875,56.671875,2.0,2.0,-1,-2,3.0,0,retained_by_q1
VisualCogB_Task-2,4,target_offset_sensitivity,target_offset_2.1s,54.671875,56.771875,2.1,2.1,-1,-2,3.0,0,retained_by_q1
VisualCogB_Task-2,4,target_locked,target_offset_2.2s,54.671875,56.871875,2.2,2.2,-1,-2,3.0,0,retained_by_q1
VisualCogB_Task-2,4,target_offset_sensitivity,target_offset_2.3s,54.671875,56.971875,2.3,2.3,-1,-2,3.0,0,retained_by_q1
VisualCogB_Task-2,4,target_offset_sensitivity,target_offset_2.4s,54.671875,57.071875,2.4,2.4,-1,-2,3.0,0,retained_by_q1
VisualCogB_Task-2,5,cue_locked,nominal,63.12890625,63.12890625,0.0,,1,-2,4.0,0,retained_by_q1
VisualCogB_Task-2,5,target_offset_sensitivity,target_offset_2.0s,63.12890625,65.12890625,2.0,2.0,1,-2,4.0,0,retained_by_q1
VisualCogB_Task-2,5,target_offset_sensitivity,target_offset_2.1s,63.12890625,65.22890625,2.1,2.1,1,-2,4.0,0,retained_by_q1
VisualCogB_Task-2,5,target_locked,target_offset_2.2s,63.12890625,65.32890625,2.2,2.2,1,-2,4.0,0,retained_by_q1
VisualCogB_Task-2,5,target_offset_sensitivity,target_offset_2.3s,63.12890625,65.42890625,2.3,2.3,1,-2,4.0,0,retained_by_q1
VisualCogB_Task-2,5,target_offset_sensitivity,target_offset_2.4s,63.12890625,65.52890625,2.4,2.4,1,-2,4.0,0,retained_by_q1
VisualCogB_Task-2,6,cue_locked,nominal,71.56640625,71.56640625,0.0,,1,2,,1,excluded_by_q1
VisualCogB_Task-2,6,target_offset_sensitivity,target_offset_2.0s,71.56640625,73.56640625,2.0,2.0,1,2,,1,excluded_by_q1
VisualCogB_Task-2,6,target_offset_sensitivity,target_offset_2.1s,71.56640625,73.66640625,2.1,2.1,1,2,,1,excluded_by_q1
VisualCogB_Task-2,6,target_locked,target_offset_2.2s,71.56640625,73.76640625,2.2,2.2,1,2,,1,excluded_by_q1
VisualCogB_Task-2,6,target_offset_sensitivity,target_offset_2.3s,71.56640625,73.86640625,2.3,2.3,1,2,,1,excluded_by_q1
VisualCogB_Task-2,6,target_offset_sensitivity,target_offset_2.4s,71.56640625,73.96640625,2.4,2.4,1,2,,1,excluded_by_q1
VisualCogB_Task-2,7,cue_locked,nominal,80.0703125,80.0703125,0.0,,1,2,5.0,0,retained_by_q1
VisualCogB_Task-2,7,target_offset_sensitivity,target_offset_2.0s,80.0703125,82.0703125,2.0,2.0,1,2,5.0,0,retained_by_q1
VisualCogB_Task-2,7,target_offset_sensitivity,target_offset_2.1s,80.0703125,82.1703125,2.1,2.1,1,2,5.0,0,retained_by_q1
VisualCogB_Task-2,7,target_locked,target_offset_2.2s,80.0703125,82.2703125,2.2,2.2,1,2,5.0,0,retained_by_q1
VisualCogB_Task-2,7,target_offset_sensitivity,target_offset_2.3s,80.0703125,82.3703125,2.3,2.3,1,2,5.0,0,retained_by_q1
VisualCogB_Task-2,7,target_offset_sensitivity,target_offset_2.4s,80.0703125,82.4703125,2.4,2.4,1,2,5.0,0,retained_by_q1
VisualCogB_Task-2,8,cue_locked,nominal,88.3984375,88.3984375,0.0,,1,2,6.0,0,retained_by_q1
VisualCogB_Task-2,8,target_offset_sensitivity,target_offset_2.0s,88.3984375,90.3984375,2.0,2.0,1,2,6.0,0,retained_by_q1
VisualCogB_Task-2,8,target_offset_sensitivity,target_offset_2.1s,88.3984375,90.4984375,2.1,2.1,1,2,6.0,0,retained_by_q1
VisualCogB_Task-2,8,target_locked,target_offset_2.2s,88.3984375,90.5984375,2.2,2.2,1,2,6.0,0,retained_by_q1
VisualCogB_Task-2,8,target_offset_sensitivity,target_offset_2.3s,88.3984375,90.6984375,2.3,2.3,1,2,6.0,0,retained_by_q1
VisualCogB_Task-2,8,target_offset_sensitivity,target_offset_2.4s,88.3984375,90.7984375,2.4,2.4,1,2,6.0,0,retained_by_q1
VisualCogB_Task-2,9,cue_locked,nominal,96.71484375,96.71484375,0.0,,-1,2,,1,excluded_by_q1
VisualCogB_Task-2,9,target_offset_sensitivity,target_offset_2.0s,96.71484375,98.71484375,2.0,2.0,-1,2,,1,excluded_by_q1
VisualCogB_Task-2,9,target_offset_sensitivity,target_offset_2.1s,96.71484375,98.81484375,2.1,2.1,-1,2,,1,excluded_by_q1
VisualCogB_Task-2,9,target_locked,target_offset_2.2s,96.71484375,98.91484375,2.2,2.2,-1,2,,1,excluded_by_q1
VisualCogB_Task-2,9,target_offset_sensitivity,target_offset_2.3s,96.71484375,99.01484375,2.3,2.3,-1,2,,1,excluded_by_q1
VisualCogB_Task-2,9,target_offset_sensitivity,target_offset_2.4s,96.71484375,99.11484375,2.4,2.4,-1,2,,1,excluded_by_q1
VisualCogB_Task-2,10,cue_locked,nominal,105.18359375,105.18359375,0.0,,1,2,7.0,0,retained_by_q1
VisualCogB_Task-2,10,target_offset_sensitivity,target_offset_2.0s,105.18359375,107.18359375,2.0,2.0,1,2,7.0,0,retained_by_q1
VisualCogB_Task-2,10,target_offset_sensitivity,target_offset_2.1s,105.18359375,107.28359375,2.1,2.1,1,2,7.0,0,retained_by_q1
VisualCogB_Task-2,10,target_locked,target_offset_2.2s,105.18359375,107.38359375,2.2,2.2,1,2,7.0,0,retained_by_q1
VisualCogB_Task-2,10,target_offset_sensitivity,target_offset_2.3s,105.18359375,107.48359375,2.3,2.3,1,2,7.0,0,retained_by_q1
VisualCogB_Task-2,10,target_offset_sensitivity,target_offset_2.4s,105.18359375,107.58359375,2.4,2.4,1,2,7.0,0,retained_by_q1
VisualCogB_Task-2,11,cue_locked,nominal,113.79296875,113.79296875,0.0,,1,-2,8.0,0,retained_by_q1
VisualCogB_Task-2,11,target_offset_sensitivity,target_offset_2.0s,113.79296875,115.79296875,2.0,2.0,1,-2,8.0,0,retained_by_q1
VisualCogB_Task-2,11,target_offset_sensitivity,target_offset_2.1s,113.79296875,115.89296875,2.1,2.1,1,-2,8.0,0,retained_by_q1
VisualCogB_Task-2,11,target_locked,target_offset_2.2s,113.79296875,115.99296875,2.2,2.2,1,-2,8.0,0,retained_by_q1
VisualCogB_Task-2,11,target_offset_sensitivity,target_offset_2.3s,113.79296875,116.09296875,2.3,2.3,1,-2,8.0,0,retained_by_q1
VisualCogB_Task-2,11,target_offset_sensitivity,target_offset_2.4s,113.79296875,116.19296875,2.4,2.4,1,-2,8.0,0,retained_by_q1
VisualCogB_Task-2,12,cue_locked,nominal,122.546875,122.546875,0.0,,1,2,9.0,0,retained_by_q1
VisualCogB_Task-2,12,target_offset_sensitivity,target_offset_2.0s,122.546875,124.546875,2.0,2.0,1,2,9.0,0,retained_by_q1
VisualCogB_Task-2,12,target_offset_sensitivity,target_offset_2.1s,122.546875,124.646875,2.1,2.1,1,2,9.0,0,retained_by_q1
VisualCogB_Task-2,12,target_locked,target_offset_2.2s,122.546875,124.746875,2.2,2.2,1,2,9.0,0,retained_by_q1
VisualCogB_Task-2,12,target_offset_sensitivity,target_offset_2.3s,122.546875,124.846875,2.3,2.3,1,2,9.0,0,retained_by_q1
VisualCogB_Task-2,12,target_offset_sensitivity,target_offset_2.4s,122.546875,124.946875,2.4,2.4,1,2,9.0,0,retained_by_q1
VisualCogB_Task-2,13,cue_locked,nominal,131.15625,131.15625,0.0,,1,-2,,1,excluded_by_q1
VisualCogB_Task-2,13,target_offset_sensitivity,target_offset_2.0s,131.15625,133.15625,2.0,2.0,1,-2,,1,excluded_by_q1
VisualCogB_Task-2,13,target_offset_sensitivity,target_offset_2.1s,131.15625,133.25625,2.1,2.1,1,-2,,1,excluded_by_q1
VisualCogB_Task-2,13,target_locked,target_offset_2.2s,131.15625,133.35625,2.2,2.2,1,-2,,1,excluded_by_q1
VisualCogB_Task-2,13,target_offset_sensitivity,target_offset_2.3s,131.15625,133.45625,2.3,2.3,1,-2,,1,excluded_by_q1
VisualCogB_Task-2,13,target_offset_sensitivity,target_offset_2.4s,131.15625,133.55625,2.4,2.4,1,-2,,1,excluded_by_q1
VisualCogB_Task-2,14,cue_locked,nominal,139.87890625,139.87890625,0.0,,1,-2,,1,excluded_by_q1
VisualCogB_Task-2,14,target_offset_sensitivity,target_offset_2.0s,139.87890625,141.87890625,2.0,2.0,1,-2,,1,excluded_by_q1
VisualCogB_Task-2,14,target_offset_sensitivity,target_offset_2.1s,139.87890625,141.97890625,2.1,2.1,1,-2,,1,excluded_by_q1
VisualCogB_Task-2,14,target_locked,target_offset_2.2s,139.87890625,142.07890625,2.2,2.2,1,-2,,1,excluded_by_q1
VisualCogB_Task-2,14,target_offset_sensitivity,target_offset_2.3s,139.87890625,142.17890625,2.3,2.3,1,-2,,1,excluded_by_q1
VisualCogB_Task-2,14,target_offset_sensitivity,target_offset_2.4s,139.87890625,142.27890625,2.4,2.4,1,-2,,1,excluded_by_q1
VisualCogB_Task-2,15,cue_locked,nominal,148.56640625,148.56640625,0.0,,1,2,,1,excluded_by_q1
VisualCogB_Task-2,15,target_offset_sensitivity,target_offset_2.0s,148.56640625,150.56640625,2.0,2.0,1,2,,1,excluded_by_q1
VisualCogB_Task-2,15,target_offset_sensitivity,target_offset_2.1s,148.56640625,150.66640625,2.1,2.1,1,2,,1,excluded_by_q1
VisualCogB_Task-2,15,target_locked,target_offset_2.2s,148.56640625,150.76640625,2.2,2.2,1,2,,1,excluded_by_q1
VisualCogB_Task-2,15,target_offset_sensitivity,target_offset_2.3s,148.56640625,150.86640625,2.3,2.3,1,2,,1,excluded_by_q1
VisualCogB_Task-2,15,target_offset_sensitivity,target_offset_2.4s,148.56640625,150.96640625,2.4,2.4,1,2,,1,excluded_by_q1
VisualCogB_Task-2,16,cue_locked,nominal,157.0234375,157.0234375,0.0,,-1,-2,10.0,0,retained_by_q1
VisualCogB_Task-2,16,target_offset_sensitivity,target_offset_2.0s,157.0234375,159.0234375,2.0,2.0,-1,-2,10.0,0,retained_by_q1
VisualCogB_Task-2,16,target_offset_sensitivity,target_offset_2.1s,157.0234375,159.1234375,2.1,2.1,-1,-2,10.0,0,retained_by_q1
VisualCogB_Task-2,16,target_locked,target_offset_2.2s,157.0234375,159.2234375,2.2,2.2,-1,-2,10.0,0,retained_by_q1
VisualCogB_Task-2,16,target_offset_sensitivity,target_offset_2.3s,157.0234375,159.3234375,2.3,2.3,-1,-2,10.0,0,retained_by_q1
VisualCogB_Task-2,16,target_offset_sensitivity,target_offset_2.4s,157.0234375,159.4234375,2.4,2.4,-1,-2,10.0,0,retained_by_q1
VisualCogB_Task-2,17,cue_locked,nominal,165.5390625,165.5390625,0.0,,1,-2,11.0,0,retained_by_q1
VisualCogB_Task-2,17,target_offset_sensitivity,target_offset_2.0s,165.5390625,167.5390625,2.0,2.0,1,-2,11.0,0,retained_by_q1
VisualCogB_Task-2,17,target_offset_sensitivity,target_offset_2.1s,165.5390625,167.6390625,2.1,2.1,1,-2,11.0,0,retained_by_q1
VisualCogB_Task-2,17,target_locked,target_offset_2.2s,165.5390625,167.7390625,2.2,2.2,1,-2,11.0,0,retained_by_q1
VisualCogB_Task-2,17,target_offset_sensitivity,target_offset_2.3s,165.5390625,167.8390625,2.3,2.3,1,-2,11.0,0,retained_by_q1
VisualCogB_Task-2,17,target_offset_sensitivity,target_offset_2.4s,165.5390625,167.9390625,2.4,2.4,1,-2,11.0,0,retained_by_q1
VisualCogB_Task-2,18,cue_locked,nominal,174.23046875,174.23046875,0.0,,1,2,12.0,0,retained_by_q1
VisualCogB_Task-2,18,target_offset_sensitivity,target_offset_2.0s,174.23046875,176.23046875,2.0,2.0,1,2,12.0,0,retained_by_q1
VisualCogB_Task-2,18,target_offset_sensitivity,target_offset_2.1s,174.23046875,176.33046875,2.1,2.1,1,2,12.0,0,retained_by_q1
VisualCogB_Task-2,18,target_locked,target_offset_2.2s,174.23046875,176.43046875,2.2,2.2,1,2,12.0,0,retained_by_q1
VisualCogB_Task-2,18,target_offset_sensitivity,target_offset_2.3s,174.23046875,176.53046875,2.3,2.3,1,2,12.0,0,retained_by_q1
VisualCogB_Task-2,18,target_offset_sensitivity,target_offset_2.4s,174.23046875,176.63046875,2.4,2.4,1,2,12.0,0,retained_by_q1
VisualCogB_Task-2,19,cue_locked,nominal,182.85546875,182.85546875,0.0,,-1,2,,1,excluded_by_q1
VisualCogB_Task-2,19,target_offset_sensitivity,target_offset_2.0s,182.85546875,184.85546875,2.0,2.0,-1,2,,1,excluded_by_q1
VisualCogB_Task-2,19,target_offset_sensitivity,target_offset_2.1s,182.85546875,184.95546875,2.1,2.1,-1,2,,1,excluded_by_q1
VisualCogB_Task-2,19,target_locked,target_offset_2.2s,182.85546875,185.05546875,2.2,2.2,-1,2,,1,excluded_by_q1
VisualCogB_Task-2,19,target_offset_sensitivity,target_offset_2.3s,182.85546875,185.15546875,2.3,2.3,-1,2,,1,excluded_by_q1
VisualCogB_Task-2,19,target_offset_sensitivity,target_offset_2.4s,182.85546875,185.25546875,2.4,2.4,-1,2,,1,excluded_by_q1
VisualCogB_Task-2,20,cue_locked,nominal,191.41796875,191.41796875,0.0,,1,2,13.0,0,retained_by_q1
VisualCogB_Task-2,20,target_offset_sensitivity,target_offset_2.0s,191.41796875,193.41796875,2.0,2.0,1,2,13.0,0,retained_by_q1
VisualCogB_Task-2,20,target_offset_sensitivity,target_offset_2.1s,191.41796875,193.51796875,2.1,2.1,1,2,13.0,0,retained_by_q1
VisualCogB_Task-2,20,target_locked,target_offset_2.2s,191.41796875,193.61796875,2.2,2.2,1,2,13.0,0,retained_by_q1
VisualCogB_Task-2,20,target_offset_sensitivity,target_offset_2.3s,191.41796875,193.71796875,2.3,2.3,1,2,13.0,0,retained_by_q1
VisualCogB_Task-2,20,target_offset_sensitivity,target_offset_2.4s,191.41796875,193.81796875,2.4,2.4,1,2,13.0,0,retained_by_q1
VisualCogB_Task-2,21,cue_locked,nominal,199.765625,199.765625,0.0,,1,-2,14.0,0,retained_by_q1
VisualCogB_Task-2,21,target_offset_sensitivity,target_offset_2.0s,199.765625,201.765625,2.0,2.0,1,-2,14.0,0,retained_by_q1
VisualCogB_Task-2,21,target_offset_sensitivity,target_offset_2.1s,199.765625,201.865625,2.1,2.1,1,-2,14.0,0,retained_by_q1
VisualCogB_Task-2,21,target_locked,target_offset_2.2s,199.765625,201.965625,2.2,2.2,1,-2,14.0,0,retained_by_q1
VisualCogB_Task-2,21,target_offset_sensitivity,target_offset_2.3s,199.765625,202.065625,2.3,2.3,1,-2,14.0,0,retained_by_q1
VisualCogB_Task-2,21,target_offset_sensitivity,target_offset_2.4s,199.765625,202.165625,2.4,2.4,1,-2,14.0,0,retained_by_q1
VisualCogB_Task-2,22,cue_locked,nominal,208.359375,208.359375,0.0,,-1,-2,,1,excluded_by_q1
VisualCogB_Task-2,22,target_offset_sensitivity,target_offset_2.0s,208.359375,210.359375,2.0,2.0,-1,-2,,1,excluded_by_q1
VisualCogB_Task-2,22,target_offset_sensitivity,target_offset_2.1s,208.359375,210.459375,2.1,2.1,-1,-2,,1,excluded_by_q1
VisualCogB_Task-2,22,target_locked,target_offset_2.2s,208.359375,210.559375,2.2,2.2,-1,-2,,1,excluded_by_q1
VisualCogB_Task-2,22,target_offset_sensitivity,target_offset_2.3s,208.359375,210.659375,2.3,2.3,-1,-2,,1,excluded_by_q1
VisualCogB_Task-2,22,target_offset_sensitivity,target_offset_2.4s,208.359375,210.759375,2.4,2.4,-1,-2,,1,excluded_by_q1
VisualCogB_Task-2,23,cue_locked,nominal,216.76953125,216.76953125,0.0,,-1,2,15.0,0,retained_by_q1
VisualCogB_Task-2,23,target_offset_sensitivity,target_offset_2.0s,216.76953125,218.76953125,2.0,2.0,-1,2,15.0,0,retained_by_q1
VisualCogB_Task-2,23,target_offset_sensitivity,target_offset_2.1s,216.76953125,218.86953125,2.1,2.1,-1,2,15.0,0,retained_by_q1
VisualCogB_Task-2,23,target_locked,target_offset_2.2s,216.76953125,218.96953125,2.2,2.2,-1,2,15.0,0,retained_by_q1
VisualCogB_Task-2,23,target_offset_sensitivity,target_offset_2.3s,216.76953125,219.06953125,2.3,2.3,-1,2,15.0,0,retained_by_q1
VisualCogB_Task-2,23,target_offset_sensitivity,target_offset_2.4s,216.76953125,219.16953125,2.4,2.4,-1,2,15.0,0,retained_by_q1
VisualCogB_Task-2,24,cue_locked,nominal,225.36328125,225.36328125,0.0,,-1,-2,16.0,0,retained_by_q1
VisualCogB_Task-2,24,target_offset_sensitivity,target_offset_2.0s,225.36328125,227.36328125,2.0,2.0,-1,-2,16.0,0,retained_by_q1
VisualCogB_Task-2,24,target_offset_sensitivity,target_offset_2.1s,225.36328125,227.46328125,2.1,2.1,-1,-2,16.0,0,retained_by_q1
VisualCogB_Task-2,24,target_locked,target_offset_2.2s,225.36328125,227.56328125,2.2,2.2,-1,-2,16.0,0,retained_by_q1
VisualCogB_Task-2,24,target_offset_sensitivity,target_offset_2.3s,225.36328125,227.66328125,2.3,2.3,-1,-2,16.0,0,retained_by_q1
VisualCogB_Task-2,24,target_offset_sensitivity,target_offset_2.4s,225.36328125,227.76328125,2.4,2.4,-1,-2,16.0,0,retained_by_q1
VisualCogB_Task-2,25,cue_locked,nominal,233.8984375,233.8984375,0.0,,1,2,17.0,0,retained_by_q1
VisualCogB_Task-2,25,target_offset_sensitivity,target_offset_2.0s,233.8984375,235.8984375,2.0,2.0,1,2,17.0,0,retained_by_q1
VisualCogB_Task-2,25,target_offset_sensitivity,target_offset_2.1s,233.8984375,235.9984375,2.1,2.1,1,2,17.0,0,retained_by_q1
VisualCogB_Task-2,25,target_locked,target_offset_2.2s,233.8984375,236.0984375,2.2,2.2,1,2,17.0,0,retained_by_q1
VisualCogB_Task-2,25,target_offset_sensitivity,target_offset_2.3s,233.8984375,236.1984375,2.3,2.3,1,2,17.0,0,retained_by_q1
VisualCogB_Task-2,25,target_offset_sensitivity,target_offset_2.4s,233.8984375,236.2984375,2.4,2.4,1,2,17.0,0,retained_by_q1
VisualCogB_Task-2,26,cue_locked,nominal,242.4609375,242.4609375,0.0,,-1,2,18.0,0,retained_by_q1
VisualCogB_Task-2,26,target_offset_sensitivity,target_offset_2.0s,242.4609375,244.4609375,2.0,2.0,-1,2,18.0,0,retained_by_q1
VisualCogB_Task-2,26,target_offset_sensitivity,target_offset_2.1s,242.4609375,244.5609375,2.1,2.1,-1,2,18.0,0,retained_by_q1
VisualCogB_Task-2,26,target_locked,target_offset_2.2s,242.4609375,244.6609375,2.2,2.2,-1,2,18.0,0,retained_by_q1
VisualCogB_Task-2,26,target_offset_sensitivity,target_offset_2.3s,242.4609375,244.7609375,2.3,2.3,-1,2,18.0,0,retained_by_q1
VisualCogB_Task-2,26,target_offset_sensitivity,target_offset_2.4s,242.4609375,244.8609375,2.4,2.4,-1,2,18.0,0,retained_by_q1
VisualCogB_Task-2,27,cue_locked,nominal,251.15234375,251.15234375,0.0,,-1,2,19.0,0,retained_by_q1
VisualCogB_Task-2,27,target_offset_sensitivity,target_offset_2.0s,251.15234375,253.15234375,2.0,2.0,-1,2,19.0,0,retained_by_q1
VisualCogB_Task-2,27,target_offset_sensitivity,target_offset_2.1s,251.15234375,253.25234375,2.1,2.1,-1,2,19.0,0,retained_by_q1
VisualCogB_Task-2,27,target_locked,target_offset_2.2s,251.15234375,253.35234375,2.2,2.2,-1,2,19.0,0,retained_by_q1
VisualCogB_Task-2,27,target_offset_sensitivity,target_offset_2.3s,251.15234375,253.45234375,2.3,2.3,-1,2,19.0,0,retained_by_q1
VisualCogB_Task-2,27,target_offset_sensitivity,target_offset_2.4s,251.15234375,253.55234375,2.4,2.4,-1,2,19.0,0,retained_by_q1
VisualCogB_Task-2,28,cue_locked,nominal,259.55859375,259.55859375,0.0,,-1,-2,20.0,0,retained_by_q1
VisualCogB_Task-2,28,target_offset_sensitivity,target_offset_2.0s,259.55859375,261.55859375,2.0,2.0,-1,-2,20.0,0,retained_by_q1
VisualCogB_Task-2,28,target_offset_sensitivity,target_offset_2.1s,259.55859375,261.65859375,2.1,2.1,-1,-2,20.0,0,retained_by_q1
VisualCogB_Task-2,28,target_locked,target_offset_2.2s,259.55859375,261.75859375,2.2,2.2,-1,-2,20.0,0,retained_by_q1
VisualCogB_Task-2,28,target_offset_sensitivity,target_offset_2.3s,259.55859375,261.85859375,2.3,2.3,-1,-2,20.0,0,retained_by_q1
VisualCogB_Task-2,28,target_offset_sensitivity,target_offset_2.4s,259.55859375,261.95859375,2.4,2.4,-1,-2,20.0,0,retained_by_q1
VisualCogB_Task-2,29,cue_locked,nominal,268.09375,268.09375,0.0,,1,-2,21.0,0,retained_by_q1
VisualCogB_Task-2,29,target_offset_sensitivity,target_offset_2.0s,268.09375,270.09375,2.0,2.0,1,-2,21.0,0,retained_by_q1
VisualCogB_Task-2,29,target_offset_sensitivity,target_offset_2.1s,268.09375,270.19375,2.1,2.1,1,-2,21.0,0,retained_by_q1
VisualCogB_Task-2,29,target_locked,target_offset_2.2s,268.09375,270.29375,2.2,2.2,1,-2,21.0,0,retained_by_q1
VisualCogB_Task-2,29,target_offset_sensitivity,target_offset_2.3s,268.09375,270.39375,2.3,2.3,1,-2,21.0,0,retained_by_q1
VisualCogB_Task-2,29,target_offset_sensitivity,target_offset_2.4s,268.09375,270.49375,2.4,2.4,1,-2,21.0,0,retained_by_q1
VisualCogB_Task-2,30,cue_locked,nominal,276.734375,276.734375,0.0,,1,2,22.0,0,retained_by_q1
VisualCogB_Task-2,30,target_offset_sensitivity,target_offset_2.0s,276.734375,278.734375,2.0,2.0,1,2,22.0,0,retained_by_q1
VisualCogB_Task-2,30,target_offset_sensitivity,target_offset_2.1s,276.734375,278.834375,2.1,2.1,1,2,22.0,0,retained_by_q1
VisualCogB_Task-2,30,target_locked,target_offset_2.2s,276.734375,278.934375,2.2,2.2,1,2,22.0,0,retained_by_q1
VisualCogB_Task-2,30,target_offset_sensitivity,target_offset_2.3s,276.734375,279.034375,2.3,2.3,1,2,22.0,0,retained_by_q1
VisualCogB_Task-2,30,target_offset_sensitivity,target_offset_2.4s,276.734375,279.134375,2.4,2.4,1,2,22.0,0,retained_by_q1
VisualCogB_Task-2,31,cue_locked,nominal,285.33203125,285.33203125,0.0,,1,2,23.0,0,retained_by_q1
VisualCogB_Task-2,31,target_offset_sensitivity,target_offset_2.0s,285.33203125,287.33203125,2.0,2.0,1,2,23.0,0,retained_by_q1
VisualCogB_Task-2,31,target_offset_sensitivity,target_offset_2.1s,285.33203125,287.43203125,2.1,2.1,1,2,23.0,0,retained_by_q1
VisualCogB_Task-2,31,target_locked,target_offset_2.2s,285.33203125,287.53203125,2.2,2.2,1,2,23.0,0,retained_by_q1
VisualCogB_Task-2,31,target_offset_sensitivity,target_offset_2.3s,285.33203125,287.63203125,2.3,2.3,1,2,23.0,0,retained_by_q1
VisualCogB_Task-2,31,target_offset_sensitivity,target_offset_2.4s,285.33203125,287.73203125,2.4,2.4,1,2,23.0,0,retained_by_q1
VisualCogB_Task-2,32,cue_locked,nominal,293.70703125,293.70703125,0.0,,1,-2,24.0,0,retained_by_q1
VisualCogB_Task-2,32,target_offset_sensitivity,target_offset_2.0s,293.70703125,295.70703125,2.0,2.0,1,-2,24.0,0,retained_by_q1
VisualCogB_Task-2,32,target_offset_sensitivity,target_offset_2.1s,293.70703125,295.80703125,2.1,2.1,1,-2,24.0,0,retained_by_q1
VisualCogB_Task-2,32,target_locked,target_offset_2.2s,293.70703125,295.90703125,2.2,2.2,1,-2,24.0,0,retained_by_q1
VisualCogB_Task-2,32,target_offset_sensitivity,target_offset_2.3s,293.70703125,296.00703125,2.3,2.3,1,-2,24.0,0,retained_by_q1
VisualCogB_Task-2,32,target_offset_sensitivity,target_offset_2.4s,293.70703125,296.10703125,2.4,2.4,1,-2,24.0,0,retained_by_q1
VisualCogB_Task-2,33,cue_locked,nominal,302.22265625,302.22265625,0.0,,1,-2,25.0,0,retained_by_q1
VisualCogB_Task-2,33,target_offset_sensitivity,target_offset_2.0s,302.22265625,304.22265625,2.0,2.0,1,-2,25.0,0,retained_by_q1
VisualCogB_Task-2,33,target_offset_sensitivity,target_offset_2.1s,302.22265625,304.32265625,2.1,2.1,1,-2,25.0,0,retained_by_q1
VisualCogB_Task-2,33,target_locked,target_offset_2.2s,302.22265625,304.42265625,2.2,2.2,1,-2,25.0,0,retained_by_q1
VisualCogB_Task-2,33,target_offset_sensitivity,target_offset_2.3s,302.22265625,304.52265625,2.3,2.3,1,-2,25.0,0,retained_by_q1
VisualCogB_Task-2,33,target_offset_sensitivity,target_offset_2.4s,302.22265625,304.62265625,2.4,2.4,1,-2,25.0,0,retained_by_q1
VisualCogB_Task-2,34,cue_locked,nominal,310.8046875,310.8046875,0.0,,-1,2,26.0,0,retained_by_q1
VisualCogB_Task-2,34,target_offset_sensitivity,target_offset_2.0s,310.8046875,312.8046875,2.0,2.0,-1,2,26.0,0,retained_by_q1
VisualCogB_Task-2,34,target_offset_sensitivity,target_offset_2.1s,310.8046875,312.9046875,2.1,2.1,-1,2,26.0,0,retained_by_q1
VisualCogB_Task-2,34,target_locked,target_offset_2.2s,310.8046875,313.0046875,2.2,2.2,-1,2,26.0,0,retained_by_q1
VisualCogB_Task-2,34,target_offset_sensitivity,target_offset_2.3s,310.8046875,313.1046875,2.3,2.3,-1,2,26.0,0,retained_by_q1
VisualCogB_Task-2,34,target_offset_sensitivity,target_offset_2.4s,310.8046875,313.2046875,2.4,2.4,-1,2,26.0,0,retained_by_q1
VisualCogB_Task-2,35,cue_locked,nominal,319.46484375,319.46484375,0.0,,1,2,27.0,0,retained_by_q1
VisualCogB_Task-2,35,target_offset_sensitivity,target_offset_2.0s,319.46484375,321.46484375,2.0,2.0,1,2,27.0,0,retained_by_q1
VisualCogB_Task-2,35,target_offset_sensitivity,target_offset_2.1s,319.46484375,321.56484375,2.1,2.1,1,2,27.0,0,retained_by_q1
VisualCogB_Task-2,35,target_locked,target_offset_2.2s,319.46484375,321.66484375,2.2,2.2,1,2,27.0,0,retained_by_q1
VisualCogB_Task-2,35,target_offset_sensitivity,target_offset_2.3s,319.46484375,321.76484375,2.3,2.3,1,2,27.0,0,retained_by_q1
VisualCogB_Task-2,35,target_offset_sensitivity,target_offset_2.4s,319.46484375,321.86484375,2.4,2.4,1,2,27.0,0,retained_by_q1
VisualCogB_Task-2,36,cue_locked,nominal,327.96484375,327.96484375,0.0,,-1,-2,28.0,0,retained_by_q1
VisualCogB_Task-2,36,target_offset_sensitivity,target_offset_2.0s,327.96484375,329.96484375,2.0,2.0,-1,-2,28.0,0,retained_by_q1
VisualCogB_Task-2,36,target_offset_sensitivity,target_offset_2.1s,327.96484375,330.06484375,2.1,2.1,-1,-2,28.0,0,retained_by_q1
VisualCogB_Task-2,36,target_locked,target_offset_2.2s,327.96484375,330.16484375,2.2,2.2,-1,-2,28.0,0,retained_by_q1
VisualCogB_Task-2,36,target_offset_sensitivity,target_offset_2.3s,327.96484375,330.26484375,2.3,2.3,-1,-2,28.0,0,retained_by_q1
VisualCogB_Task-2,36,target_offset_sensitivity,target_offset_2.4s,327.96484375,330.36484375,2.4,2.4,-1,-2,28.0,0,retained_by_q1
VisualCogB_Task-2,37,cue_locked,nominal,336.58984375,336.58984375,0.0,,-1,2,29.0,0,retained_by_q1
VisualCogB_Task-2,37,target_offset_sensitivity,target_offset_2.0s,336.58984375,338.58984375,2.0,2.0,-1,2,29.0,0,retained_by_q1
VisualCogB_Task-2,37,target_offset_sensitivity,target_offset_2.1s,336.58984375,338.68984375,2.1,2.1,-1,2,29.0,0,retained_by_q1
VisualCogB_Task-2,37,target_locked,target_offset_2.2s,336.58984375,338.78984375,2.2,2.2,-1,2,29.0,0,retained_by_q1
VisualCogB_Task-2,37,target_offset_sensitivity,target_offset_2.3s,336.58984375,338.88984375,2.3,2.3,-1,2,29.0,0,retained_by_q1
VisualCogB_Task-2,37,target_offset_sensitivity,target_offset_2.4s,336.58984375,338.98984375,2.4,2.4,-1,2,29.0,0,retained_by_q1
VisualCogB_Task-2,38,cue_locked,nominal,345.359375,345.359375,0.0,,1,-2,30.0,0,retained_by_q1
VisualCogB_Task-2,38,target_offset_sensitivity,target_offset_2.0s,345.359375,347.359375,2.0,2.0,1,-2,30.0,0,retained_by_q1
VisualCogB_Task-2,38,target_offset_sensitivity,target_offset_2.1s,345.359375,347.459375,2.1,2.1,1,-2,30.0,0,retained_by_q1
VisualCogB_Task-2,38,target_locked,target_offset_2.2s,345.359375,347.559375,2.2,2.2,1,-2,30.0,0,retained_by_q1
VisualCogB_Task-2,38,target_offset_sensitivity,target_offset_2.3s,345.359375,347.659375,2.3,2.3,1,-2,30.0,0,retained_by_q1
VisualCogB_Task-2,38,target_offset_sensitivity,target_offset_2.4s,345.359375,347.759375,2.4,2.4,1,-2,30.0,0,retained_by_q1
VisualCogB_Task-2,39,cue_locked,nominal,354.0625,354.0625,0.0,,1,-2,31.0,0,retained_by_q1
VisualCogB_Task-2,39,target_offset_sensitivity,target_offset_2.0s,354.0625,356.0625,2.0,2.0,1,-2,31.0,0,retained_by_q1
VisualCogB_Task-2,39,target_offset_sensitivity,target_offset_2.1s,354.0625,356.1625,2.1,2.1,1,-2,31.0,0,retained_by_q1
VisualCogB_Task-2,39,target_locked,target_offset_2.2s,354.0625,356.2625,2.2,2.2,1,-2,31.0,0,retained_by_q1
VisualCogB_Task-2,39,target_offset_sensitivity,target_offset_2.3s,354.0625,356.3625,2.3,2.3,1,-2,31.0,0,retained_by_q1
VisualCogB_Task-2,39,target_offset_sensitivity,target_offset_2.4s,354.0625,356.4625,2.4,2.4,1,-2,31.0,0,retained_by_q1
VisualCogB_Task-2,40,cue_locked,nominal,362.56640625,362.56640625,0.0,,1,2,32.0,0,retained_by_q1
VisualCogB_Task-2,40,target_offset_sensitivity,target_offset_2.0s,362.56640625,364.56640625,2.0,2.0,1,2,32.0,0,retained_by_q1
VisualCogB_Task-2,40,target_offset_sensitivity,target_offset_2.1s,362.56640625,364.66640625,2.1,2.1,1,2,32.0,0,retained_by_q1
VisualCogB_Task-2,40,target_locked,target_offset_2.2s,362.56640625,364.76640625,2.2,2.2,1,2,32.0,0,retained_by_q1
VisualCogB_Task-2,40,target_offset_sensitivity,target_offset_2.3s,362.56640625,364.86640625,2.3,2.3,1,2,32.0,0,retained_by_q1
VisualCogB_Task-2,40,target_offset_sensitivity,target_offset_2.4s,362.56640625,364.96640625,2.4,2.4,1,2,32.0,0,retained_by_q1
VisualCogB_Task-2,41,cue_locked,nominal,371.00390625,371.00390625,0.0,,-1,-2,33.0,0,retained_by_q1
VisualCogB_Task-2,41,target_offset_sensitivity,target_offset_2.0s,371.00390625,373.00390625,2.0,2.0,-1,-2,33.0,0,retained_by_q1
VisualCogB_Task-2,41,target_offset_sensitivity,target_offset_2.1s,371.00390625,373.10390625,2.1,2.1,-1,-2,33.0,0,retained_by_q1
VisualCogB_Task-2,41,target_locked,target_offset_2.2s,371.00390625,373.20390625,2.2,2.2,-1,-2,33.0,0,retained_by_q1
VisualCogB_Task-2,41,target_offset_sensitivity,target_offset_2.3s,371.00390625,373.30390625,2.3,2.3,-1,-2,33.0,0,retained_by_q1
VisualCogB_Task-2,41,target_offset_sensitivity,target_offset_2.4s,371.00390625,373.40390625,2.4,2.4,-1,-2,33.0,0,retained_by_q1
VisualCogB_Task-2,42,cue_locked,nominal,379.4609375,379.4609375,0.0,,-1,-2,,1,excluded_by_q1
VisualCogB_Task-2,42,target_offset_sensitivity,target_offset_2.0s,379.4609375,381.4609375,2.0,2.0,-1,-2,,1,excluded_by_q1
VisualCogB_Task-2,42,target_offset_sensitivity,target_offset_2.1s,379.4609375,381.5609375,2.1,2.1,-1,-2,,1,excluded_by_q1
VisualCogB_Task-2,42,target_locked,target_offset_2.2s,379.4609375,381.6609375,2.2,2.2,-1,-2,,1,excluded_by_q1
VisualCogB_Task-2,42,target_offset_sensitivity,target_offset_2.3s,379.4609375,381.7609375,2.3,2.3,-1,-2,,1,excluded_by_q1
VisualCogB_Task-2,42,target_offset_sensitivity,target_offset_2.4s,379.4609375,381.8609375,2.4,2.4,-1,-2,,1,excluded_by_q1
VisualCogB_Task-2,43,cue_locked,nominal,387.7421875,387.7421875,0.0,,1,-2,34.0,0,retained_by_q1
VisualCogB_Task-2,43,target_offset_sensitivity,target_offset_2.0s,387.7421875,389.7421875,2.0,2.0,1,-2,34.0,0,retained_by_q1
VisualCogB_Task-2,43,target_offset_sensitivity,target_offset_2.1s,387.7421875,389.8421875,2.1,2.1,1,-2,34.0,0,retained_by_q1
VisualCogB_Task-2,43,target_locked,target_offset_2.2s,387.7421875,389.9421875,2.2,2.2,1,-2,34.0,0,retained_by_q1
VisualCogB_Task-2,43,target_offset_sensitivity,target_offset_2.3s,387.7421875,390.0421875,2.3,2.3,1,-2,34.0,0,retained_by_q1
VisualCogB_Task-2,43,target_offset_sensitivity,target_offset_2.4s,387.7421875,390.1421875,2.4,2.4,1,-2,34.0,0,retained_by_q1
VisualCogB_Task-2,44,cue_locked,nominal,396.4765625,396.4765625,0.0,,-1,2,35.0,0,retained_by_q1
VisualCogB_Task-2,44,target_offset_sensitivity,target_offset_2.0s,396.4765625,398.4765625,2.0,2.0,-1,2,35.0,0,retained_by_q1
VisualCogB_Task-2,44,target_offset_sensitivity,target_offset_2.1s,396.4765625,398.5765625,2.1,2.1,-1,2,35.0,0,retained_by_q1
VisualCogB_Task-2,44,target_locked,target_offset_2.2s,396.4765625,398.6765625,2.2,2.2,-1,2,35.0,0,retained_by_q1
VisualCogB_Task-2,44,target_offset_sensitivity,target_offset_2.3s,396.4765625,398.7765625,2.3,2.3,-1,2,35.0,0,retained_by_q1
VisualCogB_Task-2,44,target_offset_sensitivity,target_offset_2.4s,396.4765625,398.8765625,2.4,2.4,-1,2,35.0,0,retained_by_q1
VisualCogB_Task-2,45,cue_locked,nominal,404.98046875,404.98046875,0.0,,-1,2,36.0,0,retained_by_q1
VisualCogB_Task-2,45,target_offset_sensitivity,target_offset_2.0s,404.98046875,406.98046875,2.0,2.0,-1,2,36.0,0,retained_by_q1
VisualCogB_Task-2,45,target_offset_sensitivity,target_offset_2.1s,404.98046875,407.08046875,2.1,2.1,-1,2,36.0,0,retained_by_q1
VisualCogB_Task-2,45,target_locked,target_offset_2.2s,404.98046875,407.18046875,2.2,2.2,-1,2,36.0,0,retained_by_q1
VisualCogB_Task-2,45,target_offset_sensitivity,target_offset_2.3s,404.98046875,407.28046875,2.3,2.3,-1,2,36.0,0,retained_by_q1
VisualCogB_Task-2,45,target_offset_sensitivity,target_offset_2.4s,404.98046875,407.38046875,2.4,2.4,-1,2,36.0,0,retained_by_q1
VisualCogB_Task-2,46,cue_locked,nominal,413.40234375,413.40234375,0.0,,1,-2,37.0,0,retained_by_q1
VisualCogB_Task-2,46,target_offset_sensitivity,target_offset_2.0s,413.40234375,415.40234375,2.0,2.0,1,-2,37.0,0,retained_by_q1
VisualCogB_Task-2,46,target_offset_sensitivity,target_offset_2.1s,413.40234375,415.50234375,2.1,2.1,1,-2,37.0,0,retained_by_q1
VisualCogB_Task-2,46,target_locked,target_offset_2.2s,413.40234375,415.60234375,2.2,2.2,1,-2,37.0,0,retained_by_q1
VisualCogB_Task-2,46,target_offset_sensitivity,target_offset_2.3s,413.40234375,415.70234375,2.3,2.3,1,-2,37.0,0,retained_by_q1
VisualCogB_Task-2,46,target_offset_sensitivity,target_offset_2.4s,413.40234375,415.80234375,2.4,2.4,1,-2,37.0,0,retained_by_q1
VisualCogB_Task-2,47,cue_locked,nominal,422.03125,422.03125,0.0,,-1,-2,38.0,0,retained_by_q1
VisualCogB_Task-2,47,target_offset_sensitivity,target_offset_2.0s,422.03125,424.03125,2.0,2.0,-1,-2,38.0,0,retained_by_q1
VisualCogB_Task-2,47,target_offset_sensitivity,target_offset_2.1s,422.03125,424.13125,2.1,2.1,-1,-2,38.0,0,retained_by_q1
VisualCogB_Task-2,47,target_locked,target_offset_2.2s,422.03125,424.23125,2.2,2.2,-1,-2,38.0,0,retained_by_q1
VisualCogB_Task-2,47,target_offset_sensitivity,target_offset_2.3s,422.03125,424.33125,2.3,2.3,-1,-2,38.0,0,retained_by_q1
VisualCogB_Task-2,47,target_offset_sensitivity,target_offset_2.4s,422.03125,424.43125,2.4,2.4,-1,-2,38.0,0,retained_by_q1
VisualCogB_Task-2,48,cue_locked,nominal,430.83203125,430.83203125,0.0,,1,2,39.0,0,retained_by_q1
VisualCogB_Task-2,48,target_offset_sensitivity,target_offset_2.0s,430.83203125,432.83203125,2.0,2.0,1,2,39.0,0,retained_by_q1
VisualCogB_Task-2,48,target_offset_sensitivity,target_offset_2.1s,430.83203125,432.93203125,2.1,2.1,1,2,39.0,0,retained_by_q1
VisualCogB_Task-2,48,target_locked,target_offset_2.2s,430.83203125,433.03203125,2.2,2.2,1,2,39.0,0,retained_by_q1
VisualCogB_Task-2,48,target_offset_sensitivity,target_offset_2.3s,430.83203125,433.13203125,2.3,2.3,1,2,39.0,0,retained_by_q1
VisualCogB_Task-2,48,target_offset_sensitivity,target_offset_2.4s,430.83203125,433.23203125,2.4,2.4,1,2,39.0,0,retained_by_q1
VisualCogB_Task-2,49,cue_locked,nominal,439.39453125,439.39453125,0.0,,-1,-2,,1,excluded_by_q1
VisualCogB_Task-2,49,target_offset_sensitivity,target_offset_2.0s,439.39453125,441.39453125,2.0,2.0,-1,-2,,1,excluded_by_q1
VisualCogB_Task-2,49,target_offset_sensitivity,target_offset_2.1s,439.39453125,441.49453125,2.1,2.1,-1,-2,,1,excluded_by_q1
VisualCogB_Task-2,49,target_locked,target_offset_2.2s,439.39453125,441.59453125,2.2,2.2,-1,-2,,1,excluded_by_q1
VisualCogB_Task-2,49,target_offset_sensitivity,target_offset_2.3s,439.39453125,441.69453125,2.3,2.3,-1,-2,,1,excluded_by_q1
VisualCogB_Task-2,49,target_offset_sensitivity,target_offset_2.4s,439.39453125,441.79453125,2.4,2.4,-1,-2,,1,excluded_by_q1
VisualCogB_Task-2,50,cue_locked,nominal,448.00390625,448.00390625,0.0,,-1,2,40.0,0,retained_by_q1
VisualCogB_Task-2,50,target_offset_sensitivity,target_offset_2.0s,448.00390625,450.00390625,2.0,2.0,-1,2,40.0,0,retained_by_q1
VisualCogB_Task-2,50,target_offset_sensitivity,target_offset_2.1s,448.00390625,450.10390625,2.1,2.1,-1,2,40.0,0,retained_by_q1
VisualCogB_Task-2,50,target_locked,target_offset_2.2s,448.00390625,450.20390625,2.2,2.2,-1,2,40.0,0,retained_by_q1
VisualCogB_Task-2,50,target_offset_sensitivity,target_offset_2.3s,448.00390625,450.30390625,2.3,2.3,-1,2,40.0,0,retained_by_q1
VisualCogB_Task-2,50,target_offset_sensitivity,target_offset_2.4s,448.00390625,450.40390625,2.4,2.4,-1,2,40.0,0,retained_by_q1
VisualCogB_Task-2,51,cue_locked,nominal,456.6328125,456.6328125,0.0,,-1,-2,41.0,0,retained_by_q1
VisualCogB_Task-2,51,target_offset_sensitivity,target_offset_2.0s,456.6328125,458.6328125,2.0,2.0,-1,-2,41.0,0,retained_by_q1
VisualCogB_Task-2,51,target_offset_sensitivity,target_offset_2.1s,456.6328125,458.7328125,2.1,2.1,-1,-2,41.0,0,retained_by_q1
VisualCogB_Task-2,51,target_locked,target_offset_2.2s,456.6328125,458.8328125,2.2,2.2,-1,-2,41.0,0,retained_by_q1
VisualCogB_Task-2,51,target_offset_sensitivity,target_offset_2.3s,456.6328125,458.9328125,2.3,2.3,-1,-2,41.0,0,retained_by_q1
VisualCogB_Task-2,51,target_offset_sensitivity,target_offset_2.4s,456.6328125,459.0328125,2.4,2.4,-1,-2,41.0,0,retained_by_q1
VisualCogB_Task-2,52,cue_locked,nominal,465.2265625,465.2265625,0.0,,1,2,42.0,0,retained_by_q1
VisualCogB_Task-2,52,target_offset_sensitivity,target_offset_2.0s,465.2265625,467.2265625,2.0,2.0,1,2,42.0,0,retained_by_q1
VisualCogB_Task-2,52,target_offset_sensitivity,target_offset_2.1s,465.2265625,467.3265625,2.1,2.1,1,2,42.0,0,retained_by_q1
VisualCogB_Task-2,52,target_locked,target_offset_2.2s,465.2265625,467.4265625,2.2,2.2,1,2,42.0,0,retained_by_q1
VisualCogB_Task-2,52,target_offset_sensitivity,target_offset_2.3s,465.2265625,467.5265625,2.3,2.3,1,2,42.0,0,retained_by_q1
VisualCogB_Task-2,52,target_offset_sensitivity,target_offset_2.4s,465.2265625,467.6265625,2.4,2.4,1,2,42.0,0,retained_by_q1
VisualCogB_Task-2,53,cue_locked,nominal,473.62109375,473.62109375,0.0,,1,-2,,1,excluded_by_q1
VisualCogB_Task-2,53,target_offset_sensitivity,target_offset_2.0s,473.62109375,475.62109375,2.0,2.0,1,-2,,1,excluded_by_q1
VisualCogB_Task-2,53,target_offset_sensitivity,target_offset_2.1s,473.62109375,475.72109375,2.1,2.1,1,-2,,1,excluded_by_q1
VisualCogB_Task-2,53,target_locked,target_offset_2.2s,473.62109375,475.82109375,2.2,2.2,1,-2,,1,excluded_by_q1
VisualCogB_Task-2,53,target_offset_sensitivity,target_offset_2.3s,473.62109375,475.92109375,2.3,2.3,1,-2,,1,excluded_by_q1
VisualCogB_Task-2,53,target_offset_sensitivity,target_offset_2.4s,473.62109375,476.02109375,2.4,2.4,1,-2,,1,excluded_by_q1
VisualCogB_Task-2,54,cue_locked,nominal,482.33984375,482.33984375,0.0,,1,2,43.0,0,retained_by_q1
VisualCogB_Task-2,54,target_offset_sensitivity,target_offset_2.0s,482.33984375,484.33984375,2.0,2.0,1,2,43.0,0,retained_by_q1
VisualCogB_Task-2,54,target_offset_sensitivity,target_offset_2.1s,482.33984375,484.43984375,2.1,2.1,1,2,43.0,0,retained_by_q1
VisualCogB_Task-2,54,target_locked,target_offset_2.2s,482.33984375,484.53984375,2.2,2.2,1,2,43.0,0,retained_by_q1
VisualCogB_Task-2,54,target_offset_sensitivity,target_offset_2.3s,482.33984375,484.63984375,2.3,2.3,1,2,43.0,0,retained_by_q1
VisualCogB_Task-2,54,target_offset_sensitivity,target_offset_2.4s,482.33984375,484.73984375,2.4,2.4,1,2,43.0,0,retained_by_q1
VisualCogB_Task-2,55,cue_locked,nominal,490.671875,490.671875,0.0,,-1,2,,1,excluded_by_q1
VisualCogB_Task-2,55,target_offset_sensitivity,target_offset_2.0s,490.671875,492.671875,2.0,2.0,-1,2,,1,excluded_by_q1
VisualCogB_Task-2,55,target_offset_sensitivity,target_offset_2.1s,490.671875,492.771875,2.1,2.1,-1,2,,1,excluded_by_q1
VisualCogB_Task-2,55,target_locked,target_offset_2.2s,490.671875,492.871875,2.2,2.2,-1,2,,1,excluded_by_q1
VisualCogB_Task-2,55,target_offset_sensitivity,target_offset_2.3s,490.671875,492.971875,2.3,2.3,-1,2,,1,excluded_by_q1
VisualCogB_Task-2,55,target_offset_sensitivity,target_offset_2.4s,490.671875,493.071875,2.4,2.4,-1,2,,1,excluded_by_q1
VisualCogB_Task-2,56,cue_locked,nominal,499.09375,499.09375,0.0,,-1,2,,1,excluded_by_q1
VisualCogB_Task-2,56,target_offset_sensitivity,target_offset_2.0s,499.09375,501.09375,2.0,2.0,-1,2,,1,excluded_by_q1
VisualCogB_Task-2,56,target_offset_sensitivity,target_offset_2.1s,499.09375,501.19375,2.1,2.1,-1,2,,1,excluded_by_q1
VisualCogB_Task-2,56,target_locked,target_offset_2.2s,499.09375,501.29375,2.2,2.2,-1,2,,1,excluded_by_q1
VisualCogB_Task-2,56,target_offset_sensitivity,target_offset_2.3s,499.09375,501.39375,2.3,2.3,-1,2,,1,excluded_by_q1
VisualCogB_Task-2,56,target_offset_sensitivity,target_offset_2.4s,499.09375,501.49375,2.4,2.4,-1,2,,1,excluded_by_q1
VisualCogB_Task-2,57,cue_locked,nominal,507.58203125,507.58203125,0.0,,-1,2,44.0,0,retained_by_q1
VisualCogB_Task-2,57,target_offset_sensitivity,target_offset_2.0s,507.58203125,509.58203125,2.0,2.0,-1,2,44.0,0,retained_by_q1
VisualCogB_Task-2,57,target_offset_sensitivity,target_offset_2.1s,507.58203125,509.68203125,2.1,2.1,-1,2,44.0,0,retained_by_q1
VisualCogB_Task-2,57,target_locked,target_offset_2.2s,507.58203125,509.78203125,2.2,2.2,-1,2,44.0,0,retained_by_q1
VisualCogB_Task-2,57,target_offset_sensitivity,target_offset_2.3s,507.58203125,509.88203125,2.3,2.3,-1,2,44.0,0,retained_by_q1
VisualCogB_Task-2,57,target_offset_sensitivity,target_offset_2.4s,507.58203125,509.98203125,2.4,2.4,-1,2,44.0,0,retained_by_q1
VisualCogB_Task-2,58,cue_locked,nominal,516.12890625,516.12890625,0.0,,-1,2,,1,excluded_by_q1
VisualCogB_Task-2,58,target_offset_sensitivity,target_offset_2.0s,516.12890625,518.12890625,2.0,2.0,-1,2,,1,excluded_by_q1
VisualCogB_Task-2,58,target_offset_sensitivity,target_offset_2.1s,516.12890625,518.22890625,2.1,2.1,-1,2,,1,excluded_by_q1
VisualCogB_Task-2,58,target_locked,target_offset_2.2s,516.12890625,518.32890625,2.2,2.2,-1,2,,1,excluded_by_q1
VisualCogB_Task-2,58,target_offset_sensitivity,target_offset_2.3s,516.12890625,518.42890625,2.3,2.3,-1,2,,1,excluded_by_q1
VisualCogB_Task-2,58,target_offset_sensitivity,target_offset_2.4s,516.12890625,518.52890625,2.4,2.4,-1,2,,1,excluded_by_q1
VisualCogB_Task-2,59,cue_locked,nominal,524.6796875,524.6796875,0.0,,-1,2,45.0,0,retained_by_q1
VisualCogB_Task-2,59,target_offset_sensitivity,target_offset_2.0s,524.6796875,526.6796875,2.0,2.0,-1,2,45.0,0,retained_by_q1
VisualCogB_Task-2,59,target_offset_sensitivity,target_offset_2.1s,524.6796875,526.7796875,2.1,2.1,-1,2,45.0,0,retained_by_q1
VisualCogB_Task-2,59,target_locked,target_offset_2.2s,524.6796875,526.8796875,2.2,2.2,-1,2,45.0,0,retained_by_q1
VisualCogB_Task-2,59,target_offset_sensitivity,target_offset_2.3s,524.6796875,526.9796875,2.3,2.3,-1,2,45.0,0,retained_by_q1
VisualCogB_Task-2,59,target_offset_sensitivity,target_offset_2.4s,524.6796875,527.0796875,2.4,2.4,-1,2,45.0,0,retained_by_q1
VisualCogB_Task-2,60,cue_locked,nominal,533.1640625,533.1640625,0.0,,-1,2,46.0,0,retained_by_q1
VisualCogB_Task-2,60,target_offset_sensitivity,target_offset_2.0s,533.1640625,535.1640625,2.0,2.0,-1,2,46.0,0,retained_by_q1
VisualCogB_Task-2,60,target_offset_sensitivity,target_offset_2.1s,533.1640625,535.2640625,2.1,2.1,-1,2,46.0,0,retained_by_q1
VisualCogB_Task-2,60,target_locked,target_offset_2.2s,533.1640625,535.3640625,2.2,2.2,-1,2,46.0,0,retained_by_q1
VisualCogB_Task-2,60,target_offset_sensitivity,target_offset_2.3s,533.1640625,535.4640625,2.3,2.3,-1,2,46.0,0,retained_by_q1
VisualCogB_Task-2,60,target_offset_sensitivity,target_offset_2.4s,533.1640625,535.5640625,2.4,2.4,-1,2,46.0,0,retained_by_q1
VisualCogB_Task-2,61,cue_locked,nominal,541.55859375,541.55859375,0.0,,1,-2,47.0,0,retained_by_q1
VisualCogB_Task-2,61,target_offset_sensitivity,target_offset_2.0s,541.55859375,543.55859375,2.0,2.0,1,-2,47.0,0,retained_by_q1
VisualCogB_Task-2,61,target_offset_sensitivity,target_offset_2.1s,541.55859375,543.65859375,2.1,2.1,1,-2,47.0,0,retained_by_q1
VisualCogB_Task-2,61,target_locked,target_offset_2.2s,541.55859375,543.75859375,2.2,2.2,1,-2,47.0,0,retained_by_q1
VisualCogB_Task-2,61,target_offset_sensitivity,target_offset_2.3s,541.55859375,543.85859375,2.3,2.3,1,-2,47.0,0,retained_by_q1
VisualCogB_Task-2,61,target_offset_sensitivity,target_offset_2.4s,541.55859375,543.95859375,2.4,2.4,1,-2,47.0,0,retained_by_q1
VisualCogB_Task-2,62,cue_locked,nominal,550.30859375,550.30859375,0.0,,-1,-2,48.0,0,retained_by_q1
VisualCogB_Task-2,62,target_offset_sensitivity,target_offset_2.0s,550.30859375,552.30859375,2.0,2.0,-1,-2,48.0,0,retained_by_q1
VisualCogB_Task-2,62,target_offset_sensitivity,target_offset_2.1s,550.30859375,552.40859375,2.1,2.1,-1,-2,48.0,0,retained_by_q1
VisualCogB_Task-2,62,target_locked,target_offset_2.2s,550.30859375,552.50859375,2.2,2.2,-1,-2,48.0,0,retained_by_q1
VisualCogB_Task-2,62,target_offset_sensitivity,target_offset_2.3s,550.30859375,552.60859375,2.3,2.3,-1,-2,48.0,0,retained_by_q1
VisualCogB_Task-2,62,target_offset_sensitivity,target_offset_2.4s,550.30859375,552.70859375,2.4,2.4,-1,-2,48.0,0,retained_by_q1
VisualCogB_Task-2,63,cue_locked,nominal,559.08984375,559.08984375,0.0,,-1,-2,49.0,0,retained_by_q1
VisualCogB_Task-2,63,target_offset_sensitivity,target_offset_2.0s,559.08984375,561.08984375,2.0,2.0,-1,-2,49.0,0,retained_by_q1
VisualCogB_Task-2,63,target_offset_sensitivity,target_offset_2.1s,559.08984375,561.18984375,2.1,2.1,-1,-2,49.0,0,retained_by_q1
VisualCogB_Task-2,63,target_locked,target_offset_2.2s,559.08984375,561.28984375,2.2,2.2,-1,-2,49.0,0,retained_by_q1
VisualCogB_Task-2,63,target_offset_sensitivity,target_offset_2.3s,559.08984375,561.38984375,2.3,2.3,-1,-2,49.0,0,retained_by_q1
VisualCogB_Task-2,63,target_offset_sensitivity,target_offset_2.4s,559.08984375,561.48984375,2.4,2.4,-1,-2,49.0,0,retained_by_q1
VisualCogB_Task-2,64,cue_locked,nominal,567.546875,567.546875,0.0,,1,-2,50.0,0,retained_by_q1
VisualCogB_Task-2,64,target_offset_sensitivity,target_offset_2.0s,567.546875,569.546875,2.0,2.0,1,-2,50.0,0,retained_by_q1
VisualCogB_Task-2,64,target_offset_sensitivity,target_offset_2.1s,567.546875,569.646875,2.1,2.1,1,-2,50.0,0,retained_by_q1
VisualCogB_Task-2,64,target_locked,target_offset_2.2s,567.546875,569.746875,2.2,2.2,1,-2,50.0,0,retained_by_q1
VisualCogB_Task-2,64,target_offset_sensitivity,target_offset_2.3s,567.546875,569.846875,2.3,2.3,1,-2,50.0,0,retained_by_q1
VisualCogB_Task-2,64,target_offset_sensitivity,target_offset_2.4s,567.546875,569.946875,2.4,2.4,1,-2,50.0,0,retained_by_q1
VisualCogB_Task-2,65,cue_locked,nominal,575.984375,575.984375,0.0,,1,2,,1,excluded_by_q1
VisualCogB_Task-2,65,target_offset_sensitivity,target_offset_2.0s,575.984375,577.984375,2.0,2.0,1,2,,1,excluded_by_q1
VisualCogB_Task-2,65,target_offset_sensitivity,target_offset_2.1s,575.984375,578.084375,2.1,2.1,1,2,,1,excluded_by_q1
VisualCogB_Task-2,65,target_locked,target_offset_2.2s,575.984375,578.184375,2.2,2.2,1,2,,1,excluded_by_q1
VisualCogB_Task-2,65,target_offset_sensitivity,target_offset_2.3s,575.984375,578.284375,2.3,2.3,1,2,,1,excluded_by_q1
VisualCogB_Task-2,65,target_offset_sensitivity,target_offset_2.4s,575.984375,578.384375,2.4,2.4,1,2,,1,excluded_by_q1
VisualCogB_Task-2,66,cue_locked,nominal,584.58203125,584.58203125,0.0,,1,-2,51.0,0,retained_by_q1
VisualCogB_Task-2,66,target_offset_sensitivity,target_offset_2.0s,584.58203125,586.58203125,2.0,2.0,1,-2,51.0,0,retained_by_q1
VisualCogB_Task-2,66,target_offset_sensitivity,target_offset_2.1s,584.58203125,586.68203125,2.1,2.1,1,-2,51.0,0,retained_by_q1
VisualCogB_Task-2,66,target_locked,target_offset_2.2s,584.58203125,586.78203125,2.2,2.2,1,-2,51.0,0,retained_by_q1
VisualCogB_Task-2,66,target_offset_sensitivity,target_offset_2.3s,584.58203125,586.88203125,2.3,2.3,1,-2,51.0,0,retained_by_q1
VisualCogB_Task-2,66,target_offset_sensitivity,target_offset_2.4s,584.58203125,586.98203125,2.4,2.4,1,-2,51.0,0,retained_by_q1
VisualCogB_Task-2,67,cue_locked,nominal,593.06640625,593.06640625,0.0,,1,-2,52.0,0,retained_by_q1
VisualCogB_Task-2,67,target_offset_sensitivity,target_offset_2.0s,593.06640625,595.06640625,2.0,2.0,1,-2,52.0,0,retained_by_q1
VisualCogB_Task-2,67,target_offset_sensitivity,target_offset_2.1s,593.06640625,595.16640625,2.1,2.1,1,-2,52.0,0,retained_by_q1
VisualCogB_Task-2,67,target_locked,target_offset_2.2s,593.06640625,595.26640625,2.2,2.2,1,-2,52.0,0,retained_by_q1
VisualCogB_Task-2,67,target_offset_sensitivity,target_offset_2.3s,593.06640625,595.36640625,2.3,2.3,1,-2,52.0,0,retained_by_q1
VisualCogB_Task-2,67,target_offset_sensitivity,target_offset_2.4s,593.06640625,595.46640625,2.4,2.4,1,-2,52.0,0,retained_by_q1
VisualCogB_Task-2,68,cue_locked,nominal,601.7109375,601.7109375,0.0,,-1,2,53.0,0,retained_by_q1
VisualCogB_Task-2,68,target_offset_sensitivity,target_offset_2.0s,601.7109375,603.7109375,2.0,2.0,-1,2,53.0,0,retained_by_q1
VisualCogB_Task-2,68,target_offset_sensitivity,target_offset_2.1s,601.7109375,603.8109375,2.1,2.1,-1,2,53.0,0,retained_by_q1
VisualCogB_Task-2,68,target_locked,target_offset_2.2s,601.7109375,603.9109375,2.2,2.2,-1,2,53.0,0,retained_by_q1
VisualCogB_Task-2,68,target_offset_sensitivity,target_offset_2.3s,601.7109375,604.0109375,2.3,2.3,-1,2,53.0,0,retained_by_q1
VisualCogB_Task-2,68,target_offset_sensitivity,target_offset_2.4s,601.7109375,604.1109375,2.4,2.4,-1,2,53.0,0,retained_by_q1
VisualCogB_Task-2,69,cue_locked,nominal,610.2890625,610.2890625,0.0,,-1,2,54.0,0,retained_by_q1
VisualCogB_Task-2,69,target_offset_sensitivity,target_offset_2.0s,610.2890625,612.2890625,2.0,2.0,-1,2,54.0,0,retained_by_q1
VisualCogB_Task-2,69,target_offset_sensitivity,target_offset_2.1s,610.2890625,612.3890625,2.1,2.1,-1,2,54.0,0,retained_by_q1
VisualCogB_Task-2,69,target_locked,target_offset_2.2s,610.2890625,612.4890625,2.2,2.2,-1,2,54.0,0,retained_by_q1
VisualCogB_Task-2,69,target_offset_sensitivity,target_offset_2.3s,610.2890625,612.5890625,2.3,2.3,-1,2,54.0,0,retained_by_q1
VisualCogB_Task-2,69,target_offset_sensitivity,target_offset_2.4s,610.2890625,612.6890625,2.4,2.4,-1,2,54.0,0,retained_by_q1
VisualCogB_Task-2,70,cue_locked,nominal,618.68359375,618.68359375,0.0,,1,2,55.0,0,retained_by_q1
VisualCogB_Task-2,70,target_offset_sensitivity,target_offset_2.0s,618.68359375,620.68359375,2.0,2.0,1,2,55.0,0,retained_by_q1
VisualCogB_Task-2,70,target_offset_sensitivity,target_offset_2.1s,618.68359375,620.78359375,2.1,2.1,1,2,55.0,0,retained_by_q1
VisualCogB_Task-2,70,target_locked,target_offset_2.2s,618.68359375,620.88359375,2.2,2.2,1,2,55.0,0,retained_by_q1
VisualCogB_Task-2,70,target_offset_sensitivity,target_offset_2.3s,618.68359375,620.98359375,2.3,2.3,1,2,55.0,0,retained_by_q1
VisualCogB_Task-2,70,target_offset_sensitivity,target_offset_2.4s,618.68359375,621.08359375,2.4,2.4,1,2,55.0,0,retained_by_q1
VisualCogB_Task-2,71,cue_locked,nominal,627.40234375,627.40234375,0.0,,1,2,56.0,0,retained_by_q1
VisualCogB_Task-2,71,target_offset_sensitivity,target_offset_2.0s,627.40234375,629.40234375,2.0,2.0,1,2,56.0,0,retained_by_q1
VisualCogB_Task-2,71,target_offset_sensitivity,target_offset_2.1s,627.40234375,629.50234375,2.1,2.1,1,2,56.0,0,retained_by_q1
VisualCogB_Task-2,71,target_locked,target_offset_2.2s,627.40234375,629.60234375,2.2,2.2,1,2,56.0,0,retained_by_q1
VisualCogB_Task-2,71,target_offset_sensitivity,target_offset_2.3s,627.40234375,629.70234375,2.3,2.3,1,2,56.0,0,retained_by_q1
VisualCogB_Task-2,71,target_offset_sensitivity,target_offset_2.4s,627.40234375,629.80234375,2.4,2.4,1,2,56.0,0,retained_by_q1
VisualCogB_Task-2,72,cue_locked,nominal,635.828125,635.828125,0.0,,1,2,57.0,0,retained_by_q1
VisualCogB_Task-2,72,target_offset_sensitivity,target_offset_2.0s,635.828125,637.828125,2.0,2.0,1,2,57.0,0,retained_by_q1
VisualCogB_Task-2,72,target_offset_sensitivity,target_offset_2.1s,635.828125,637.928125,2.1,2.1,1,2,57.0,0,retained_by_q1
VisualCogB_Task-2,72,target_locked,target_offset_2.2s,635.828125,638.028125,2.2,2.2,1,2,57.0,0,retained_by_q1
VisualCogB_Task-2,72,target_offset_sensitivity,target_offset_2.3s,635.828125,638.128125,2.3,2.3,1,2,57.0,0,retained_by_q1
VisualCogB_Task-2,72,target_offset_sensitivity,target_offset_2.4s,635.828125,638.228125,2.4,2.4,1,2,57.0,0,retained_by_q1
VisualCogB_Task-2,73,cue_locked,nominal,644.390625,644.390625,0.0,,-1,2,58.0,0,retained_by_q1
VisualCogB_Task-2,73,target_offset_sensitivity,target_offset_2.0s,644.390625,646.390625,2.0,2.0,-1,2,58.0,0,retained_by_q1
VisualCogB_Task-2,73,target_offset_sensitivity,target_offset_2.1s,644.390625,646.490625,2.1,2.1,-1,2,58.0,0,retained_by_q1
VisualCogB_Task-2,73,target_locked,target_offset_2.2s,644.390625,646.590625,2.2,2.2,-1,2,58.0,0,retained_by_q1
VisualCogB_Task-2,73,target_offset_sensitivity,target_offset_2.3s,644.390625,646.690625,2.3,2.3,-1,2,58.0,0,retained_by_q1
VisualCogB_Task-2,73,target_offset_sensitivity,target_offset_2.4s,644.390625,646.790625,2.4,2.4,-1,2,58.0,0,retained_by_q1
VisualCogB_Task-2,74,cue_locked,nominal,652.97265625,652.97265625,0.0,,-1,2,59.0,0,retained_by_q1
VisualCogB_Task-2,74,target_offset_sensitivity,target_offset_2.0s,652.97265625,654.97265625,2.0,2.0,-1,2,59.0,0,retained_by_q1
VisualCogB_Task-2,74,target_offset_sensitivity,target_offset_2.1s,652.97265625,655.07265625,2.1,2.1,-1,2,59.0,0,retained_by_q1
VisualCogB_Task-2,74,target_locked,target_offset_2.2s,652.97265625,655.17265625,2.2,2.2,-1,2,59.0,0,retained_by_q1
VisualCogB_Task-2,74,target_offset_sensitivity,target_offset_2.3s,652.97265625,655.27265625,2.3,2.3,-1,2,59.0,0,retained_by_q1
VisualCogB_Task-2,74,target_offset_sensitivity,target_offset_2.4s,652.97265625,655.37265625,2.4,2.4,-1,2,59.0,0,retained_by_q1
VisualCogB_Task-2,75,cue_locked,nominal,661.7109375,661.7109375,0.0,,1,-2,60.0,0,retained_by_q1
VisualCogB_Task-2,75,target_offset_sensitivity,target_offset_2.0s,661.7109375,663.7109375,2.0,2.0,1,-2,60.0,0,retained_by_q1
VisualCogB_Task-2,75,target_offset_sensitivity,target_offset_2.1s,661.7109375,663.8109375,2.1,2.1,1,-2,60.0,0,retained_by_q1
VisualCogB_Task-2,75,target_locked,target_offset_2.2s,661.7109375,663.9109375,2.2,2.2,1,-2,60.0,0,retained_by_q1
VisualCogB_Task-2,75,target_offset_sensitivity,target_offset_2.3s,661.7109375,664.0109375,2.3,2.3,1,-2,60.0,0,retained_by_q1
VisualCogB_Task-2,75,target_offset_sensitivity,target_offset_2.4s,661.7109375,664.1109375,2.4,2.4,1,-2,60.0,0,retained_by_q1
VisualCogB_Task-2,76,cue_locked,nominal,670.5703125,670.5703125,0.0,,1,-2,61.0,0,retained_by_q1
VisualCogB_Task-2,76,target_offset_sensitivity,target_offset_2.0s,670.5703125,672.5703125,2.0,2.0,1,-2,61.0,0,retained_by_q1
VisualCogB_Task-2,76,target_offset_sensitivity,target_offset_2.1s,670.5703125,672.6703125,2.1,2.1,1,-2,61.0,0,retained_by_q1
VisualCogB_Task-2,76,target_locked,target_offset_2.2s,670.5703125,672.7703125,2.2,2.2,1,-2,61.0,0,retained_by_q1
VisualCogB_Task-2,76,target_offset_sensitivity,target_offset_2.3s,670.5703125,672.8703125,2.3,2.3,1,-2,61.0,0,retained_by_q1
VisualCogB_Task-2,76,target_offset_sensitivity,target_offset_2.4s,670.5703125,672.9703125,2.4,2.4,1,-2,61.0,0,retained_by_q1
VisualCogB_Task-2,77,cue_locked,nominal,678.91796875,678.91796875,0.0,,-1,-2,62.0,0,retained_by_q1
VisualCogB_Task-2,77,target_offset_sensitivity,target_offset_2.0s,678.91796875,680.91796875,2.0,2.0,-1,-2,62.0,0,retained_by_q1
VisualCogB_Task-2,77,target_offset_sensitivity,target_offset_2.1s,678.91796875,681.01796875,2.1,2.1,-1,-2,62.0,0,retained_by_q1
VisualCogB_Task-2,77,target_locked,target_offset_2.2s,678.91796875,681.11796875,2.2,2.2,-1,-2,62.0,0,retained_by_q1
VisualCogB_Task-2,77,target_offset_sensitivity,target_offset_2.3s,678.91796875,681.21796875,2.3,2.3,-1,-2,62.0,0,retained_by_q1
VisualCogB_Task-2,77,target_offset_sensitivity,target_offset_2.4s,678.91796875,681.31796875,2.4,2.4,-1,-2,62.0,0,retained_by_q1
VisualCogB_Task-2,78,cue_locked,nominal,687.55859375,687.55859375,0.0,,-1,2,,1,excluded_by_q1
VisualCogB_Task-2,78,target_offset_sensitivity,target_offset_2.0s,687.55859375,689.55859375,2.0,2.0,-1,2,,1,excluded_by_q1
VisualCogB_Task-2,78,target_offset_sensitivity,target_offset_2.1s,687.55859375,689.65859375,2.1,2.1,-1,2,,1,excluded_by_q1
VisualCogB_Task-2,78,target_locked,target_offset_2.2s,687.55859375,689.75859375,2.2,2.2,-1,2,,1,excluded_by_q1
VisualCogB_Task-2,78,target_offset_sensitivity,target_offset_2.3s,687.55859375,689.85859375,2.3,2.3,-1,2,,1,excluded_by_q1
VisualCogB_Task-2,78,target_offset_sensitivity,target_offset_2.4s,687.55859375,689.95859375,2.4,2.4,-1,2,,1,excluded_by_q1
VisualCogB_Task-2,79,cue_locked,nominal,696.625,696.625,0.0,,-1,2,63.0,0,retained_by_q1
VisualCogB_Task-2,79,target_offset_sensitivity,target_offset_2.0s,696.625,698.625,2.0,2.0,-1,2,63.0,0,retained_by_q1
VisualCogB_Task-2,79,target_offset_sensitivity,target_offset_2.1s,696.625,698.725,2.1,2.1,-1,2,63.0,0,retained_by_q1
VisualCogB_Task-2,79,target_locked,target_offset_2.2s,696.625,698.825,2.2,2.2,-1,2,63.0,0,retained_by_q1
VisualCogB_Task-2,79,target_offset_sensitivity,target_offset_2.3s,696.625,698.925,2.3,2.3,-1,2,63.0,0,retained_by_q1
VisualCogB_Task-2,79,target_offset_sensitivity,target_offset_2.4s,696.625,699.025,2.4,2.4,-1,2,63.0,0,retained_by_q1
VisualCogB_Task-2,80,cue_locked,nominal,705.25,705.25,0.0,,1,-2,,1,excluded_by_q1
VisualCogB_Task-2,80,target_offset_sensitivity,target_offset_2.0s,705.25,707.25,2.0,2.0,1,-2,,1,excluded_by_q1
VisualCogB_Task-2,80,target_offset_sensitivity,target_offset_2.1s,705.25,707.35,2.1,2.1,1,-2,,1,excluded_by_q1
VisualCogB_Task-2,80,target_locked,target_offset_2.2s,705.25,707.45,2.2,2.2,1,-2,,1,excluded_by_q1
VisualCogB_Task-2,80,target_offset_sensitivity,target_offset_2.3s,705.25,707.55,2.3,2.3,1,-2,,1,excluded_by_q1
VisualCogB_Task-2,80,target_offset_sensitivity,target_offset_2.4s,705.25,707.65,2.4,2.4,1,-2,,1,excluded_by_q1
VisualCogB_Task-2,81,cue_locked,nominal,713.75390625,713.75390625,0.0,,-1,-2,,1,excluded_by_q1
VisualCogB_Task-2,81,target_offset_sensitivity,target_offset_2.0s,713.75390625,715.75390625,2.0,2.0,-1,-2,,1,excluded_by_q1
VisualCogB_Task-2,81,target_offset_sensitivity,target_offset_2.1s,713.75390625,715.85390625,2.1,2.1,-1,-2,,1,excluded_by_q1
VisualCogB_Task-2,81,target_locked,target_offset_2.2s,713.75390625,715.95390625,2.2,2.2,-1,-2,,1,excluded_by_q1
VisualCogB_Task-2,81,target_offset_sensitivity,target_offset_2.3s,713.75390625,716.05390625,2.3,2.3,-1,-2,,1,excluded_by_q1
VisualCogB_Task-2,81,target_offset_sensitivity,target_offset_2.4s,713.75390625,716.15390625,2.4,2.4,-1,-2,,1,excluded_by_q1
VisualCogB_Task-2,82,cue_locked,nominal,722.36328125,722.36328125,0.0,,1,-2,64.0,0,retained_by_q1
VisualCogB_Task-2,82,target_offset_sensitivity,target_offset_2.0s,722.36328125,724.36328125,2.0,2.0,1,-2,64.0,0,retained_by_q1
VisualCogB_Task-2,82,target_offset_sensitivity,target_offset_2.1s,722.36328125,724.46328125,2.1,2.1,1,-2,64.0,0,retained_by_q1
VisualCogB_Task-2,82,target_locked,target_offset_2.2s,722.36328125,724.56328125,2.2,2.2,1,-2,64.0,0,retained_by_q1
VisualCogB_Task-2,82,target_offset_sensitivity,target_offset_2.3s,722.36328125,724.66328125,2.3,2.3,1,-2,64.0,0,retained_by_q1
VisualCogB_Task-2,82,target_offset_sensitivity,target_offset_2.4s,722.36328125,724.76328125,2.4,2.4,1,-2,64.0,0,retained_by_q1
VisualCogB_Task-2,83,cue_locked,nominal,730.95703125,730.95703125,0.0,,-1,-2,65.0,0,retained_by_q1
VisualCogB_Task-2,83,target_offset_sensitivity,target_offset_2.0s,730.95703125,732.95703125,2.0,2.0,-1,-2,65.0,0,retained_by_q1
VisualCogB_Task-2,83,target_offset_sensitivity,target_offset_2.1s,730.95703125,733.05703125,2.1,2.1,-1,-2,65.0,0,retained_by_q1
VisualCogB_Task-2,83,target_locked,target_offset_2.2s,730.95703125,733.15703125,2.2,2.2,-1,-2,65.0,0,retained_by_q1
VisualCogB_Task-2,83,target_offset_sensitivity,target_offset_2.3s,730.95703125,733.25703125,2.3,2.3,-1,-2,65.0,0,retained_by_q1
VisualCogB_Task-2,83,target_offset_sensitivity,target_offset_2.4s,730.95703125,733.35703125,2.4,2.4,-1,-2,65.0,0,retained_by_q1
VisualCogB_Task-2,84,cue_locked,nominal,739.6015625,739.6015625,0.0,,-1,2,,1,excluded_by_q1
VisualCogB_Task-2,84,target_offset_sensitivity,target_offset_2.0s,739.6015625,741.6015625,2.0,2.0,-1,2,,1,excluded_by_q1
VisualCogB_Task-2,84,target_offset_sensitivity,target_offset_2.1s,739.6015625,741.7015625,2.1,2.1,-1,2,,1,excluded_by_q1
VisualCogB_Task-2,84,target_locked,target_offset_2.2s,739.6015625,741.8015625,2.2,2.2,-1,2,,1,excluded_by_q1
VisualCogB_Task-2,84,target_offset_sensitivity,target_offset_2.3s,739.6015625,741.9015625,2.3,2.3,-1,2,,1,excluded_by_q1
VisualCogB_Task-2,84,target_offset_sensitivity,target_offset_2.4s,739.6015625,742.0015625,2.4,2.4,-1,2,,1,excluded_by_q1
VisualCogB_Task-2,85,cue_locked,nominal,748.3984375,748.3984375,0.0,,1,2,66.0,0,retained_by_q1
VisualCogB_Task-2,85,target_offset_sensitivity,target_offset_2.0s,748.3984375,750.3984375,2.0,2.0,1,2,66.0,0,retained_by_q1
VisualCogB_Task-2,85,target_offset_sensitivity,target_offset_2.1s,748.3984375,750.4984375,2.1,2.1,1,2,66.0,0,retained_by_q1
VisualCogB_Task-2,85,target_locked,target_offset_2.2s,748.3984375,750.5984375,2.2,2.2,1,2,66.0,0,retained_by_q1
VisualCogB_Task-2,85,target_offset_sensitivity,target_offset_2.3s,748.3984375,750.6984375,2.3,2.3,1,2,66.0,0,retained_by_q1
VisualCogB_Task-2,85,target_offset_sensitivity,target_offset_2.4s,748.3984375,750.7984375,2.4,2.4,1,2,66.0,0,retained_by_q1
VisualCogB_Task-2,86,cue_locked,nominal,756.93359375,756.93359375,0.0,,-1,2,67.0,0,retained_by_q1
VisualCogB_Task-2,86,target_offset_sensitivity,target_offset_2.0s,756.93359375,758.93359375,2.0,2.0,-1,2,67.0,0,retained_by_q1
VisualCogB_Task-2,86,target_offset_sensitivity,target_offset_2.1s,756.93359375,759.03359375,2.1,2.1,-1,2,67.0,0,retained_by_q1
VisualCogB_Task-2,86,target_locked,target_offset_2.2s,756.93359375,759.13359375,2.2,2.2,-1,2,67.0,0,retained_by_q1
VisualCogB_Task-2,86,target_offset_sensitivity,target_offset_2.3s,756.93359375,759.23359375,2.3,2.3,-1,2,67.0,0,retained_by_q1
VisualCogB_Task-2,86,target_offset_sensitivity,target_offset_2.4s,756.93359375,759.33359375,2.4,2.4,-1,2,67.0,0,retained_by_q1
VisualCogB_Task-2,87,cue_locked,nominal,765.33984375,765.33984375,0.0,,1,2,68.0,0,retained_by_q1
VisualCogB_Task-2,87,target_offset_sensitivity,target_offset_2.0s,765.33984375,767.33984375,2.0,2.0,1,2,68.0,0,retained_by_q1
VisualCogB_Task-2,87,target_offset_sensitivity,target_offset_2.1s,765.33984375,767.43984375,2.1,2.1,1,2,68.0,0,retained_by_q1
VisualCogB_Task-2,87,target_locked,target_offset_2.2s,765.33984375,767.53984375,2.2,2.2,1,2,68.0,0,retained_by_q1
VisualCogB_Task-2,87,target_offset_sensitivity,target_offset_2.3s,765.33984375,767.63984375,2.3,2.3,1,2,68.0,0,retained_by_q1
VisualCogB_Task-2,87,target_offset_sensitivity,target_offset_2.4s,765.33984375,767.73984375,2.4,2.4,1,2,68.0,0,retained_by_q1
VisualCogB_Task-2,88,cue_locked,nominal,773.765625,773.765625,0.0,,-1,-2,69.0,0,retained_by_q1
VisualCogB_Task-2,88,target_offset_sensitivity,target_offset_2.0s,773.765625,775.765625,2.0,2.0,-1,-2,69.0,0,retained_by_q1
VisualCogB_Task-2,88,target_offset_sensitivity,target_offset_2.1s,773.765625,775.865625,2.1,2.1,-1,-2,69.0,0,retained_by_q1
VisualCogB_Task-2,88,target_locked,target_offset_2.2s,773.765625,775.965625,2.2,2.2,-1,-2,69.0,0,retained_by_q1
VisualCogB_Task-2,88,target_offset_sensitivity,target_offset_2.3s,773.765625,776.065625,2.3,2.3,-1,-2,69.0,0,retained_by_q1
VisualCogB_Task-2,88,target_offset_sensitivity,target_offset_2.4s,773.765625,776.165625,2.4,2.4,-1,-2,69.0,0,retained_by_q1
VisualCogB_Task-2,89,cue_locked,nominal,782.28125,782.28125,0.0,,1,2,70.0,0,retained_by_q1
VisualCogB_Task-2,89,target_offset_sensitivity,target_offset_2.0s,782.28125,784.28125,2.0,2.0,1,2,70.0,0,retained_by_q1
VisualCogB_Task-2,89,target_offset_sensitivity,target_offset_2.1s,782.28125,784.38125,2.1,2.1,1,2,70.0,0,retained_by_q1
VisualCogB_Task-2,89,target_locked,target_offset_2.2s,782.28125,784.48125,2.2,2.2,1,2,70.0,0,retained_by_q1
VisualCogB_Task-2,89,target_offset_sensitivity,target_offset_2.3s,782.28125,784.58125,2.3,2.3,1,2,70.0,0,retained_by_q1
VisualCogB_Task-2,89,target_offset_sensitivity,target_offset_2.4s,782.28125,784.68125,2.4,2.4,1,2,70.0,0,retained_by_q1
VisualCogB_Task-2,90,cue_locked,nominal,790.80078125,790.80078125,0.0,,-1,2,,1,excluded_by_q1
VisualCogB_Task-2,90,target_offset_sensitivity,target_offset_2.0s,790.80078125,792.80078125,2.0,2.0,-1,2,,1,excluded_by_q1
VisualCogB_Task-2,90,target_offset_sensitivity,target_offset_2.1s,790.80078125,792.90078125,2.1,2.1,-1,2,,1,excluded_by_q1
VisualCogB_Task-2,90,target_locked,target_offset_2.2s,790.80078125,793.00078125,2.2,2.2,-1,2,,1,excluded_by_q1
VisualCogB_Task-2,90,target_offset_sensitivity,target_offset_2.3s,790.80078125,793.10078125,2.3,2.3,-1,2,,1,excluded_by_q1
VisualCogB_Task-2,90,target_offset_sensitivity,target_offset_2.4s,790.80078125,793.20078125,2.4,2.4,-1,2,,1,excluded_by_q1
VisualCogB_Task-2,91,cue_locked,nominal,799.19140625,799.19140625,0.0,,-1,-2,71.0,0,retained_by_q1
VisualCogB_Task-2,91,target_offset_sensitivity,target_offset_2.0s,799.19140625,801.19140625,2.0,2.0,-1,-2,71.0,0,retained_by_q1
VisualCogB_Task-2,91,target_offset_sensitivity,target_offset_2.1s,799.19140625,801.29140625,2.1,2.1,-1,-2,71.0,0,retained_by_q1
VisualCogB_Task-2,91,target_locked,target_offset_2.2s,799.19140625,801.39140625,2.2,2.2,-1,-2,71.0,0,retained_by_q1
VisualCogB_Task-2,91,target_offset_sensitivity,target_offset_2.3s,799.19140625,801.49140625,2.3,2.3,-1,-2,71.0,0,retained_by_q1
VisualCogB_Task-2,91,target_offset_sensitivity,target_offset_2.4s,799.19140625,801.59140625,2.4,2.4,-1,-2,71.0,0,retained_by_q1
VisualCogB_Task-2,92,cue_locked,nominal,807.8828125,807.8828125,0.0,,1,2,72.0,0,retained_by_q1
VisualCogB_Task-2,92,target_offset_sensitivity,target_offset_2.0s,807.8828125,809.8828125,2.0,2.0,1,2,72.0,0,retained_by_q1
VisualCogB_Task-2,92,target_offset_sensitivity,target_offset_2.1s,807.8828125,809.9828125,2.1,2.1,1,2,72.0,0,retained_by_q1
VisualCogB_Task-2,92,target_locked,target_offset_2.2s,807.8828125,810.0828125,2.2,2.2,1,2,72.0,0,retained_by_q1
VisualCogB_Task-2,92,target_offset_sensitivity,target_offset_2.3s,807.8828125,810.1828125,2.3,2.3,1,2,72.0,0,retained_by_q1
VisualCogB_Task-2,92,target_offset_sensitivity,target_offset_2.4s,807.8828125,810.2828125,2.4,2.4,1,2,72.0,0,retained_by_q1
VisualCogB_Task-2,93,cue_locked,nominal,816.2578125,816.2578125,0.0,,-1,2,73.0,0,retained_by_q1
VisualCogB_Task-2,93,target_offset_sensitivity,target_offset_2.0s,816.2578125,818.2578125,2.0,2.0,-1,2,73.0,0,retained_by_q1
VisualCogB_Task-2,93,target_offset_sensitivity,target_offset_2.1s,816.2578125,818.3578125,2.1,2.1,-1,2,73.0,0,retained_by_q1
VisualCogB_Task-2,93,target_locked,target_offset_2.2s,816.2578125,818.4578125,2.2,2.2,-1,2,73.0,0,retained_by_q1
VisualCogB_Task-2,93,target_offset_sensitivity,target_offset_2.3s,816.2578125,818.5578125,2.3,2.3,-1,2,73.0,0,retained_by_q1
VisualCogB_Task-2,93,target_offset_sensitivity,target_offset_2.4s,816.2578125,818.6578125,2.4,2.4,-1,2,73.0,0,retained_by_q1
VisualCogB_Task-2,94,cue_locked,nominal,825.07421875,825.07421875,0.0,,1,2,74.0,0,retained_by_q1
VisualCogB_Task-2,94,target_offset_sensitivity,target_offset_2.0s,825.07421875,827.07421875,2.0,2.0,1,2,74.0,0,retained_by_q1
VisualCogB_Task-2,94,target_offset_sensitivity,target_offset_2.1s,825.07421875,827.17421875,2.1,2.1,1,2,74.0,0,retained_by_q1
VisualCogB_Task-2,94,target_locked,target_offset_2.2s,825.07421875,827.27421875,2.2,2.2,1,2,74.0,0,retained_by_q1
VisualCogB_Task-2,94,target_offset_sensitivity,target_offset_2.3s,825.07421875,827.37421875,2.3,2.3,1,2,74.0,0,retained_by_q1
VisualCogB_Task-2,94,target_offset_sensitivity,target_offset_2.4s,825.07421875,827.47421875,2.4,2.4,1,2,74.0,0,retained_by_q1
VisualCogB_Task-2,95,cue_locked,nominal,833.44921875,833.44921875,0.0,,1,-2,75.0,0,retained_by_q1
VisualCogB_Task-2,95,target_offset_sensitivity,target_offset_2.0s,833.44921875,835.44921875,2.0,2.0,1,-2,75.0,0,retained_by_q1
VisualCogB_Task-2,95,target_offset_sensitivity,target_offset_2.1s,833.44921875,835.54921875,2.1,2.1,1,-2,75.0,0,retained_by_q1
VisualCogB_Task-2,95,target_locked,target_offset_2.2s,833.44921875,835.64921875,2.2,2.2,1,-2,75.0,0,retained_by_q1
VisualCogB_Task-2,95,target_offset_sensitivity,target_offset_2.3s,833.44921875,835.74921875,2.3,2.3,1,-2,75.0,0,retained_by_q1
VisualCogB_Task-2,95,target_offset_sensitivity,target_offset_2.4s,833.44921875,835.84921875,2.4,2.4,1,-2,75.0,0,retained_by_q1
VisualCogB_Task-2,96,cue_locked,nominal,842.38671875,842.38671875,0.0,,-1,-2,76.0,0,retained_by_q1
VisualCogB_Task-2,96,target_offset_sensitivity,target_offset_2.0s,842.38671875,844.38671875,2.0,2.0,-1,-2,76.0,0,retained_by_q1
VisualCogB_Task-2,96,target_offset_sensitivity,target_offset_2.1s,842.38671875,844.48671875,2.1,2.1,-1,-2,76.0,0,retained_by_q1
VisualCogB_Task-2,96,target_locked,target_offset_2.2s,842.38671875,844.58671875,2.2,2.2,-1,-2,76.0,0,retained_by_q1
VisualCogB_Task-2,96,target_offset_sensitivity,target_offset_2.3s,842.38671875,844.68671875,2.3,2.3,-1,-2,76.0,0,retained_by_q1
VisualCogB_Task-2,96,target_offset_sensitivity,target_offset_2.4s,842.38671875,844.78671875,2.4,2.4,-1,-2,76.0,0,retained_by_q1
VisualCogB_Task-2,97,cue_locked,nominal,851.328125,851.328125,0.0,,-1,-2,77.0,0,retained_by_q1
VisualCogB_Task-2,97,target_offset_sensitivity,target_offset_2.0s,851.328125,853.328125,2.0,2.0,-1,-2,77.0,0,retained_by_q1
VisualCogB_Task-2,97,target_offset_sensitivity,target_offset_2.1s,851.328125,853.428125,2.1,2.1,-1,-2,77.0,0,retained_by_q1
VisualCogB_Task-2,97,target_locked,target_offset_2.2s,851.328125,853.528125,2.2,2.2,-1,-2,77.0,0,retained_by_q1
VisualCogB_Task-2,97,target_offset_sensitivity,target_offset_2.3s,851.328125,853.628125,2.3,2.3,-1,-2,77.0,0,retained_by_q1
VisualCogB_Task-2,97,target_offset_sensitivity,target_offset_2.4s,851.328125,853.728125,2.4,2.4,-1,-2,77.0,0,retained_by_q1
VisualCogB_Task-2,98,cue_locked,nominal,859.953125,859.953125,0.0,,1,-2,78.0,0,retained_by_q1
VisualCogB_Task-2,98,target_offset_sensitivity,target_offset_2.0s,859.953125,861.953125,2.0,2.0,1,-2,78.0,0,retained_by_q1
VisualCogB_Task-2,98,target_offset_sensitivity,target_offset_2.1s,859.953125,862.053125,2.1,2.1,1,-2,78.0,0,retained_by_q1
VisualCogB_Task-2,98,target_locked,target_offset_2.2s,859.953125,862.153125,2.2,2.2,1,-2,78.0,0,retained_by_q1
VisualCogB_Task-2,98,target_offset_sensitivity,target_offset_2.3s,859.953125,862.253125,2.3,2.3,1,-2,78.0,0,retained_by_q1
VisualCogB_Task-2,98,target_offset_sensitivity,target_offset_2.4s,859.953125,862.353125,2.4,2.4,1,-2,78.0,0,retained_by_q1
VisualCogB_Task-2,99,cue_locked,nominal,868.45703125,868.45703125,0.0,,-1,2,79.0,0,retained_by_q1
VisualCogB_Task-2,99,target_offset_sensitivity,target_offset_2.0s,868.45703125,870.45703125,2.0,2.0,-1,2,79.0,0,retained_by_q1
VisualCogB_Task-2,99,target_offset_sensitivity,target_offset_2.1s,868.45703125,870.55703125,2.1,2.1,-1,2,79.0,0,retained_by_q1
VisualCogB_Task-2,99,target_locked,target_offset_2.2s,868.45703125,870.65703125,2.2,2.2,-1,2,79.0,0,retained_by_q1
VisualCogB_Task-2,99,target_offset_sensitivity,target_offset_2.3s,868.45703125,870.75703125,2.3,2.3,-1,2,79.0,0,retained_by_q1
VisualCogB_Task-2,99,target_offset_sensitivity,target_offset_2.4s,868.45703125,870.85703125,2.4,2.4,-1,2,79.0,0,retained_by_q1
