record,original_trial_index,q1_trial_index,q1_trial_key,cue_time_s,cue_side,cue_side_text,task_type,stage,event_offset_from_cue_s,event_time_s,erp_baseline_samples,erp_candidate_samples,erp_peak_samples,power_samples,q1_sample_rate_hz,erp_mean_F3,erp_area_F3,erp_peak_F3,erp_peak_latency_s_F3,log_theta_power_F3,log_alpha_power_F3,log_beta_power_F3,erp_mean_Fz,erp_area_Fz,erp_peak_Fz,erp_peak_latency_s_Fz,log_theta_power_Fz,log_alpha_power_Fz,log_beta_power_Fz,erp_mean_F4,erp_area_F4,erp_peak_F4,erp_peak_latency_s_F4,log_theta_power_F4,log_alpha_power_F4,log_beta_power_F4,AI_alpha,response_time_s,response_code,response_side,choice_side,reaction_time_s,rt_status,is_omission,correct,power_window_start_relative_response_s,power_window_end_relative_response_s,pre_response_mean_F3,pre_response_sd_F3,pre_response_mean_Fz,pre_response_sd_Fz,pre_response_mean_F4,pre_response_sd_F4,V_visual_like_raw,H_memory_like_raw,P_control_like_raw,V_visual_like_score_z,H_memory_like_score_z,P_control_like_score_z,u_cue_side,u_stage_code
VisualCogA_Task-1,0,0.0,VisualCogA_Task-1:q1_000,20.1640625,-1,left,unresolved_from_allowed_channels,cue_locked,0.0,20.1640625,25,32,45,83,128.0,-59.71818542480469,-14.51618194580078,14.72173309326172,0.59375,3.105141418293667,2.9560278217375004,2.5205567883304862,-4.3171706199646,-1.0868092775344849,86.04098510742188,0.59375,2.98386591543706,3.2390851568410404,3.0456563458372288,-14.282989501953123,-3.500528335571289,69.5887680053711,0.59375,3.011705977654412,3.4361868180258672,3.104259046492777,0.4801589962883668,,,,,,,,,,,,,,,,,-26.106115182240803,3.033571103795046,2.890157393553497,-0.4205462617276324,-0.12758219054472125,1.9329899466415434,-1.0,0.0
VisualCogA_Task-1,0,0.0,VisualCogA_Task-1:q1_000,20.1640625,-1,left,unresolved_from_allowed_channels,target_locked,2.2,22.3640625,26,32,45,83,128.0,13.87116813659668,3.434465169906616,29.022836685180664,0.2999999523162842,3.0181439183422647,1.5212889285266262,1.887404669472364,-0.9856544137001038,-0.1944846212863922,8.318782806396484,0.4171874523162842,1.4408590336258555,2.044920657331535,1.4170646759604113,44.20321273803711,10.760533332824709,58.01649475097656,0.3312499523162842,0.5979900421286889,2.449627752573994,1.6568509953259427,0.9283388240473676,,,,,,,,,,,,,,,,,19.029575486977894,1.6856643313656032,1.6537734469195726,0.19216195567802136,-0.7439506163173674,-0.28087938828723175,-1.0,1.0
VisualCogA_Task-1,1,1.0,VisualCogA_Task-1:q1_001,29.4453125,1,right,unresolved_from_allowed_channels,cue_locked,0.0,29.4453125,25,32,45,83,128.0,88.93883514404297,21.53594017028809,154.73587036132812,0.59375,2.270899131889487,-1.1838765236489115,2.218429332706118,4.759602069854736,1.1366230249404907,17.387441635131836,0.2890625,2.1144256767418943,-1.1328078647641318,2.0408583093415733,18.98818588256836,4.567643642425537,53.43788909912109,0.5546875,1.252738569151994,-0.2099213973618287,2.3082628595070576,0.973955126287083,,,,,,,,,,,,,,,,,37.56220769882202,1.879354459261125,2.18918350051825,0.39733746144897897,-1.1068411214663776,0.6875119986155612,1.0,0.0
VisualCogA_Task-1,1,1.0,VisualCogA_Task-1:q1_001,29.4453125,1,right,unresolved_from_allowed_channels,target_locked,2.2,31.6453125,26,32,45,83,128.0,-16.25030517578125,-3.8765439987182617,-7.9200849533081055,0.3546874523162842,1.6528526766725606,-0.1319430919219455,1.017700726376279,-3.9972753524780273,-0.9150012731552124,8.147857666015625,0.3937499523162842,2.4540520818090323,0.0869863867507497,1.2619607144951115,-20.13367462158203,-4.828203201293945,-3.9969310760498047,0.3937499523162842,2.6950062168079056,1.5014554603354728,1.316256331854976,1.6333985522574184,,,,,,,,,,,,,,,,,-13.460418383280436,2.267303658429833,1.1986392575754554,-0.3811379811705123,0.09380899337477357,-1.0386440042976453,1.0,1.0
VisualCogA_Task-1,4,2.0,VisualCogA_Task-1:q1_002,54.90234375,1,right,unresolved_from_allowed_channels,cue_locked,0.0,54.90234375,25,32,45,83,128.0,-78.99586486816406,-19.12643051147461,-59.63832092285156,0.28125,2.087146776435461,2.0105264313324565,1.865724190261464,-8.410472869873047,-1.9832570552825928,5.907009124755859,0.28125,2.493104918878649,1.562038599007039,1.8548670324360077,-45.80961227416992,-11.056499481201172,-22.70277976989746,0.28125,2.171792690379875,1.3775251464942644,1.636115913920133,-0.6330012848381921,,,,,,,,,,,,,,,,,-44.40531667073568,2.250681461897995,1.7855690455392015,-0.6556179326514595,-0.7918003660357901,-0.029622987687920346,1.0,0.0
VisualCogA_Task-1,4,2.0,VisualCogA_Task-1:q1_002,54.90234375,1,right,unresolved_from_allowed_channels,target_locked,2.2,57.10234375,26,32,45,83,128.0,4.524240970611572,1.1261940002441406,14.57933521270752,0.2921874523162842,0.8774695373444455,0.0427645069122839,2.922845965719996,8.965530395507812,2.2373204231262207,20.605552673339844,0.3624999523162842,-0.1287005069372452,0.6482408332169686,2.862477222317253,-20.459735870361328,-4.906627655029297,-8.167106628417969,0.2531249523162842,0.2042792666789754,1.069980328675284,3.134181818217625,1.027215821763,,,,,,,,,,,,,,,,,-2.323321501413981,0.31768276569539194,2.9731683354182916,-0.1846191094050473,-2.714312057154679,1.9158150909609832,1.0,1.0
VisualCogA_Task-1,5,3.0,VisualCogA_Task-1:q1_003,63.34375,-1,left,unresolved_from_allowed_channels,cue_locked,0.0,63.34375,25,32,45,83,128.0,-144.26040649414062,-34.94569396972656,-109.66421508789062,0.25,1.6545573990838,0.6064067255959236,1.9949886003591868,6.199753761291504,1.514997482299805,18.84289932250977,0.34375,2.1183744033656944,0.6745118553070476,2.42377007025269,-195.31224060058597,-47.30862045288086,-154.56283569335938,0.25,2.757864994215719,0.2634815072946972,1.8566995278269047,-0.3429252183012263,,,,,,,,,,,,,,,,,-111.12429777781169,2.176932265555071,2.091819399479594,-1.5126904328387678,-0.8543705598630206,0.5145171952742592,-1.0,0.0
VisualCogA_Task-1,5,3.0,VisualCogA_Task-1:q1_003,63.34375,-1,left,unresolved_from_allowed_channels,target_locked,2.2,65.54375,26,32,45,83,128.0,26.693960189819336,6.488084316253662,34.51628112792969,0.2843749523162842,2.1606147851197623,-0.6440994950529035,1.5062788818385389,9.593477249145508,2.318568468093872,24.367738723754883,0.4328124523162842,2.248460690800356,1.131021654516265,2.534792678411111,18.11743927001953,4.402875900268555,32.39352798461914,0.4328124523162842,1.1698740788104045,1.9161421959914644,2.3931278043047377,2.560241691044368,,,,,,,,,,,,,,,,,18.134958902994793,1.8596498515768412,2.1447331215181293,0.17637606069911643,-0.4933519467948801,0.5365319994067995,-1.0,1.0
VisualCogA_Task-1,6,4.0,VisualCogA_Task-1:q1_004,71.75,-1,left,unresolved_from_allowed_channels,cue_locked,0.0,71.75,25,32,45,83,128.0,-4.424396514892578,-1.0866105556488037,25.23838806152344,0.515625,2.6658504735904502,2.1288443832762205,0.2199212037409514,2.40925407409668,0.60646653175354,21.953977584838867,0.515625,2.2538671160778745,1.6977713128117775,1.1332228877589428,-33.53602600097656,-8.121880531311035,-18.157316207885746,0.5078125,2.758587908330832,1.1538353303565791,1.5852429721543504,-0.9750090529196414,,,,,,,,,,,,,,,,,-11.85038948059082,2.559435165999719,0.9794623545514148,-0.23741710917824194,-0.5298479642673629,-1.4618990215843768,-1.0,0.0
VisualCogA_Task-1,6,4.0,VisualCogA_Task-1:q1_004,71.75,-1,left,unresolved_from_allowed_channels,target_locked,2.2,73.95,26,32,45,83,128.0,2.538181781768799,0.5718614459037781,15.06342887878418,0.5031249523162842,2.4860504131256795,2.62609159756094,1.0956960863910072,-1.3783873319625854,-0.3824331164360046,9.554645538330078,0.2531249523162842,2.189796028600256,3.281007082147227,1.7786284954324274,-55.520015716552734,-13.502533912658691,-29.97347640991211,0.2531249523162842,2.3127322340833945,2.879914337178716,1.8277685513061173,0.2538227396177763,,,,,,,,,,,,,,,,,-18.120073755582172,2.329526225269777,1.5673643777098505,-0.4633596073531483,0.18343077595433827,-0.4247440696988407,-1.0,1.0
VisualCogA_Task-1,7,5.0,VisualCogA_Task-1:q1_005,80.42578125,-1,left,unresolved_from_allowed_channels,cue_locked,0.0,80.42578125,25,32,45,83,128.0,-53.45136260986328,-12.874141693115234,-32.593711853027344,0.2890625,1.3065840518488931,1.716528978861505,2.1114503928736377,3.6758413314819336,0.9522759318351746,12.343354225158691,0.3359375,1.303845305357924,2.08295638006909,2.3441936480793952,-64.83553314208984,-15.675952911376951,-41.129493713378906,0.25,-0.0129110429408791,1.2147891461101743,2.34291163170786,-0.5017398327513305,,,,,,,,,,,,,,,,,-38.20368480682373,0.8658394380886459,2.2661852242202976,-0.5759517261439897,-1.9667261706091026,0.8243272920006284,-1.0,0.0
VisualCogA_Task-1,7,5.0,VisualCogA_Task-1:q1_005,80.42578125,-1,left,unresolved_from_allowed_channels,target_locked,2.2,82.62578125,26,32,45,83,128.0,-125.67431640625,-30.402332305908203,-96.54142761230467,0.2531249523162842,2.4225756096940727,2.7895761393112557,2.214317410848001,-15.87484073638916,-3.804721593856812,2.5541563034057617,0.4171874523162842,2.968185690171642,3.3255544739775025,2.6579252497414667,-144.6940460205078,-35.049922943115234,-115.57875061035156,0.2531249523162842,2.938687603871736,2.873015434155688,2.592319517510685,0.0834392948444326,,,,,,,,,,,,,,,,,-95.41440105438232,2.7764829679124836,2.4881873927000506,-1.8272513069362755,0.8272013891891536,1.108357847722778,-1.0,1.0
VisualCogA_Task-1,8,6.0,VisualCogA_Task-1:q1_006,88.69140625,1,right,unresolved_from_allowed_channels,cue_locked,0.0,88.69140625,25,32,45,83,128.0,-19.27680206298828,-4.648447513580322,-4.893205642700195,0.296875,2.3973244061251404,1.3696848644811124,2.190405106105204,7.385606288909912,1.8335119485855105,17.153240203857422,0.421875,2.326038312988719,1.3083384731632892,2.197332067201015,9.578479766845703,2.3553593158721924,19.300498962402344,0.46875,1.706748392944273,1.5924014093958292,2.192019063934288,0.2227165449147168,,,,,,,,,,,,,,,,,-0.770905335744222,2.143370370686044,2.193252079080169,-0.09508997798945035,-0.8828450975027198,0.6947409766545859,1.0,0.0
VisualCogA_Task-1,8,6.0,VisualCogA_Task-1:q1_006,88.69140625,1,right,unresolved_from_allowed_channels,target_locked,2.2,90.89140625,26,32,45,83,128.0,-71.7884750366211,-17.35368537902832,-61.8463020324707,0.2843749523162842,2.009179113554406,1.505752091054469,0.4583106105732215,8.72602653503418,2.148382663726806,20.3746337890625,0.4796874523162842,0.822974163191965,1.7230728868651843,1.2839033552633232,-61.72163391113281,-14.947601318359377,-50.60128784179688,0.2531249523162842,0.6931051157430355,0.8295462268693478,0.7965033375772101,-0.6762058641851213,,,,,,,,,,,,,,,,,-41.59469413757324,1.1750861308298022,0.8462391011379182,-0.877579395644902,-1.4793578938086869,-1.625364087026916,1.0,1.0
VisualCogA_Task-1,9,7.0,VisualCogA_Task-1:q1_007,97.0859375,1,right,unresolved_from_allowed_channels,cue_locked,0.0,97.0859375,25,32,45,83,128.0,-3.520324230194092,-0.8536149263381958,3.602375030517578,0.3515625,1.827939971436632,1.4510897986688882,0.993475559721881,3.639181613922119,0.8496366143226624,16.914642333984375,0.265625,2.9823524136026567,2.8347841661445465,1.622871474410256,11.436952590942385,2.7438313961029053,24.863283157348636,0.265625,2.9072604521086736,2.4083135016817008,1.818899974937649,0.9572237030128126,,,,,,,,,,,,,,,,,3.8519366582234706,2.5725176123826543,1.4784156696899287,-0.03570491724666029,-0.51874857272812,-0.5753676439197459,1.0,0.0
VisualCogA_Task-1,9,7.0,VisualCogA_Task-1:q1_007,97.0859375,1,right,unresolved_from_allowed_channels,target_locked,2.2,99.2859375,26,32,45,83,128.0,4.702738761901856,1.1808360815048218,17.682527542114258,0.4796874523162842,1.827359106053677,2.0976715843804303,2.541584468906608,10.835653305053713,2.701346635818481,22.94580841064453,0.4328124523162842,1.4342645094514856,2.9384709175009864,2.479282005930178,7.799201965332031,1.9812127351760864,19.65650177001953,0.4328124523162842,2.282840063666457,2.9911556197458427,2.070818654087364,0.8934840353654123,,,,,,,,,,,,,,,,,7.779198010762534,1.8481545597238733,2.363895042974717,-0.006355800970147203,-0.5099090996006361,0.9014203183792315,1.0,1.0
VisualCogA_Task-1,10,8.0,VisualCogA_Task-1:q1_008,105.8671875,1,right,unresolved_from_allowed_channels,cue_locked,0.0,105.8671875,25,32,45,83,128.0,-101.2032241821289,-24.4954833984375,-77.30082702636719,0.25,2.754904222801957,2.6412683713515728,1.7786305032703609,-4.443339347839356,-1.0951374769210815,7.491873264312744,0.3515625,3.0626085800380736,1.9026097175373944,1.5837829619104449,-79.43270874023438,-19.2790470123291,-55.02896118164063,0.2578125,2.78605420753722,0.9412675541792688,1.2486562065273723,-1.7000008171723038,,,,,,,,,,,,,,,,,-61.693090756734215,2.8678556701257505,1.5370232239027262,-0.8776968000547372,-0.26817825557352004,-0.47123478378752687,1.0,0.0
VisualCogA_Task-1,10,8.0,VisualCogA_Task-1:q1_008,105.8671875,1,right,unresolved_from_allowed_channels,target_locked,2.2,108.0671875,26,32,45,83,128.0,29.653076171875,7.212204933166504,39.08938217163086,0.4015624523162842,2.215603632221421,1.2312058265740131,0.1882403572584072,-7.229335308074951,-1.7487399578094482,2.476809501647949,0.3937499523162842,2.4387452900556896,1.49359867999445,1.236325007372713,-20.299659729003903,-4.918243885040283,3.0487232208251958,0.2531249523162842,2.2656433129342823,1.2043726679839846,1.502476370378989,-0.0268331585900287,,,,,,,,,,,,,,,,,0.7080270449320487,2.3066640784037973,0.9756805783367031,-0.13112965855670664,0.15050146333058478,-1.4098536429385307,1.0,1.0
VisualCogA_Task-1,11,9.0,VisualCogA_Task-1:q1_009,114.2734375,1,right,unresolved_from_allowed_channels,cue_locked,0.0,114.2734375,25,32,45,83,128.0,22.076499938964844,5.316741466522217,37.12771224975586,0.359375,3.536486534128594,2.6626619081663474,2.2398153407034127,11.81107234954834,2.8269314765930176,30.70689392089844,0.4921875,3.904751678017524,2.698754886665794,2.7191142960592947,21.19927978515625,5.124289512634277,34.84831237792969,0.3671875,2.87270124010642,2.3256318204367425,2.449469730373174,-0.3370300877296048,,,,,,,,,,,,,,,,,18.362284024556477,3.4379798174175122,2.4694664557119608,0.15069510699667132,0.21552570556195275,1.1855137692517868,1.0,0.0
VisualCogA_Task-1,11,9.0,VisualCogA_Task-1:q1_009,114.2734375,1,right,unresolved_from_allowed_channels,target_locked,2.2,116.4734375,26,32,45,83,128.0,-39.21565246582031,-9.50916576385498,-34.50080108642578,0.4640624523162842,2.0697103140775,0.9406635254039032,1.155330240064928,3.0388126373291016,0.7555542588233948,11.915521621704102,0.4171874523162842,2.469795856562785,1.6790834556417789,0.6301667577273623,-14.945539474487305,-3.622675895690918,-7.666029930114746,0.4171874523162842,2.379907218197787,1.3133726949137652,0.3568891485183885,0.3727091695098619,,,,,,,,,,,,,,,,,-17.04079310099284,2.306471129612691,0.7141287154368929,-0.44431523530467215,0.1502235510636415,-1.8453180655139838,1.0,1.0
VisualCogA_Task-1,12,10.0,VisualCogA_Task-1:q1_010,122.57421875,-1,left,unresolved_from_allowed_channels,cue_locked,0.0,122.57421875,25,32,45,83,128.0,7.332910060882568,1.7767494916915894,18.49539566040039,0.28125,2.4268013301057727,0.9790065144368968,2.0755622533211597,6.806962966918945,1.663145899772644,18.566015243530277,0.2890625,2.501119920840743,1.9411822709482156,2.3249823419226807,13.236822128295898,3.264791965484619,24.811710357666016,0.296875,1.983607155613977,2.0997925158261377,1.8503613954750595,1.120786001389241,,,,,,,,,,,,,,,,,9.12556505203247,2.3038428021868307,2.083635330239633,0.03204015016206986,-0.7466972933118396,0.49997588658250103,-1.0,0.0
VisualCogA_Task-1,12,10.0,VisualCogA_Task-1:q1_010,122.57421875,-1,left,unresolved_from_allowed_channels,target_locked,2.2,124.77421875,26,32,45,83,128.0,-15.453511238098145,-3.728815793991089,-1.575974464416504,0.2687499523162842,2.09470341889423,2.331042868871055,1.9068861024368309,-3.3875863552093506,-0.8089203834533691,12.640263557434082,0.3859374523162842,2.720562482916716,3.13103472847795,1.7355443520794784,2.543961524963379,0.6346103549003601,18.962173461914062,0.3859374523162842,2.4626834884560047,3.1073014226678093,1.565965030015807,0.7762585537967541,,,,,,,,,,,,,,,,,-5.432378689448039,2.4259831300889836,1.736131828177372,-0.23947976270883428,0.3223617167855227,-0.14375880141374137,-1.0,1.0
VisualCogA_Task-1,15,11.0,VisualCogA_Task-1:q1_011,147.61328125,-1,left,unresolved_from_allowed_channels,cue_locked,0.0,147.61328125,25,32,45,83,128.0,7.19863224029541,1.798271894454956,15.098655700683594,0.4296875,1.8206023483127831,0.550514651041734,1.2888593683645866,9.345121383666992,2.3074710369110107,17.6878604888916,0.3046875,0.6853823315493431,2.141941565915711,1.5525487272981573,-21.972148895263672,-5.3009867668151855,-14.970619201660156,0.3046875,1.4573966448606994,1.4275440104608763,1.48857135744967,0.8770293594191423,,,,,,,,,,,,,,,,,-1.8094650904337566,1.321127108240942,1.4433264843708047,-0.10843132389695363,-1.5804516187331128,-0.637713484418785,-1.0,0.0
VisualCogA_Task-1,15,11.0,VisualCogA_Task-1:q1_011,147.61328125,-1,left,unresolved_from_allowed_channels,target_locked,2.2,149.81328125,26,32,45,83,128.0,-10.735292434692385,-2.6094021797180176,4.536561965942383,0.2687499523162842,1.4693383491916534,1.4758744039664864,0.661961301005789,-2.580517292022705,-0.6144161224365234,10.626995086669922,0.2765624523162842,1.446221584799266,1.201611727851141,1.412272591252839,-13.961284637451172,-3.3857884407043457,2.5726776123046875,0.2765624523162842,0.1108599988813387,0.6560292453544033,1.7940139215550956,-0.8198451586120831,,,,,,,,,,,,,,,,,-9.09236478805542,1.0088066442907526,1.289415937937908,-0.3040617939513486,-1.718857238610351,-0.8875075747609371,-1.0,1.0
VisualCogA_Task-1,16,12.0,VisualCogA_Task-1:q1_012,155.84765625,1,right,unresolved_from_allowed_channels,cue_locked,0.0,155.84765625,25,32,45,83,128.0,12.62726593017578,3.102506399154663,38.14307022094727,0.578125,2.8238043832066944,2.5699906990342902,1.2070341872019026,2.1702804565429688,0.5538429617881775,20.25824737548828,0.3125,2.740162309120319,1.980847085320364,1.0347263741049195,15.835455894470217,3.873024463653565,38.681976318359375,0.5703125,2.418418784692709,1.7409702902785118,-0.1489305764241776,-0.8290204087557784,,,,,,,,,,,,,,,,,10.211000760396322,2.660795159006574,0.6976099949608815,0.04598366489990695,-0.44385225552396657,-1.9626892820448287,1.0,0.0
VisualCogA_Task-1,16,12.0,VisualCogA_Task-1:q1_012,155.84765625,1,right,unresolved_from_allowed_channels,target_locked,2.2,158.04765625,26,32,45,83,128.0,8.443379402160645,2.0416505336761475,21.88943099975586,0.4406249523162842,3.3977640653520416,1.594715950930812,0.8462295013750223,3.4320485591888428,0.8663824796676636,17.26103973388672,0.4406249523162842,3.042858772410192,1.4060908448361178,1.3019770739120156,-1.1769174337387085,-0.2421553134918213,8.529197692871094,0.4406249523162842,2.062473657648661,1.0732180426192863,1.0469764267511008,-0.5214979083115256,,,,,,,,,,,,,,,,,3.5661701758702598,2.8343654984702984,1.0650610006793795,-0.08069649187116554,0.9105720347967424,-1.261041879284937,1.0,1.0
VisualCogA_Task-1,17,13.0,VisualCogA_Task-1:q1_013,164.4921875,-1,left,unresolved_from_allowed_channels,cue_locked,0.0,164.4921875,25,32,45,83,128.0,4.90789794921875,1.17679762840271,16.936172485351562,0.4921875,2.345600441984855,1.6206337848086925,1.772973373660153,10.65333366394043,2.5645337104797363,23.13653564453125,0.2890625,1.2271449992223198,2.8714841907472333,2.09076762733744,7.66300630569458,1.8881891965866089,21.98103141784668,0.3984375,1.266551374168277,2.863234230932181,1.981692840510102,1.2426004461234887,,,,,,,,,,,,,,,,,7.74141263961792,1.613098938458484,1.9484779471692315,0.014259318544684511,-1.332737271801715,0.2598306517889694,-1.0,0.0
VisualCogA_Task-1,17,13.0,VisualCogA_Task-1:q1_013,164.4921875,-1,left,unresolved_from_allowed_channels,target_locked,2.2,166.6921875,26,32,45,83,128.0,-10.896888732910156,-2.5772860050201416,3.6201019287109375,0.3078124523162842,2.950944066028471,2.500816896772348,2.5376263588513037,-7.454245567321777,-1.743872880935669,9.084848403930664,0.5734374523162842,2.351943340936256,1.5351686300523566,2.0369256858980136,-4.326686859130859,-1.0071336030960083,6.355391502380371,0.5734374523162842,1.9037632301257263,1.8323363795803456,2.0367809540501494,-0.6684805171920023,,,,,,,,,,,,,,,,,-7.559273719787598,2.402216879030151,2.203777666266489,-0.27700974167547643,0.2881301848301632,0.634836780340148,-1.0,1.0
VisualCogA_Task-1,20,14.0,VisualCogA_Task-1:q1_014,189.76171875,-1,left,unresolved_from_allowed_channels,cue_locked,0.0,189.76171875,25,32,45,83,128.0,-2.3533830642700195,-0.6101769804954529,13.019407272338867,0.5390625,2.491400146294768,2.767885704354742,1.3063028422603196,6.877445220947266,1.634925127029419,18.176925659179688,0.4453125,2.468116094865988,3.2674414043056283,1.6405919177042974,-3.858802318572998,-0.9852782487869264,7.548206329345703,0.5390625,2.795823204501441,2.979615962159945,1.9386717122219768,0.2117302578052031,,,,,,,,,,,,,,,,,0.22175327936808267,2.5851131485540657,1.6285221573955313,-0.08233827844353893,-0.5080622848947107,-0.30866110584392553,-1.0,0.0
VisualCogA_Task-1,20,14.0,VisualCogA_Task-1:q1_014,189.76171875,-1,left,unresolved_from_allowed_channels,target_locked,2.2,191.96171875,26,32,45,83,128.0,-3.4628331661224365,-0.7389798164367676,10.987791061401367,0.5812499523162842,2.713959042515426,0.9389810977441094,2.2966563590759503,0.443607360124588,0.1870123744010925,25.85943031311035,0.5812499523162842,3.561444117217764,0.66037767258983,2.495365965719148,-31.83685302734375,-7.673741817474365,-3.012169361114502,0.5890624523162842,2.832983448938353,1.173001332680862,2.384103453407011,0.2340202349367525,,,,,,,,,,,,,,,,,-11.618692944447199,3.036128869557181,2.3920419260673698,-0.3486399424823001,1.2011803123784468,0.9482827878617601,-1.0,1.0
VisualCogA_Task-1,23,15.0,VisualCogA_Task-1:q1_015,214.84765625,-1,left,unresolved_from_allowed_channels,cue_locked,0.0,214.84765625,25,32,45,83,128.0,36.11949157714844,8.638568878173828,81.10989379882812,0.25,2.6076816087596457,1.4139317658446011,0.0001528458421486,32.85926055908203,7.857247829437256,77.40669250488281,0.25,2.7215001573256,0.4572885503169297,-0.1607006625150843,27.74978256225586,6.618853569030762,69.87918090820312,0.25,2.713774532832719,1.056881098636883,0.814953948130498,-0.357050667207718,,,,,,,,,,,,,,,,,32.242844899495445,2.680985432972655,0.21813537715252077,0.32900488954555906,-0.42672245048028384,-2.8146112566745907,-1.0,0.0
VisualCogA_Task-1,23,15.0,VisualCogA_Task-1:q1_015,214.84765625,-1,left,unresolved_from_allowed_channels,target_locked,2.2,217.04765625,26,32,45,83,128.0,-8.333311080932617,-1.9296622276306152,0.2239656448364257,0.2999999523162842,2.71432689110567,1.961372104654168,1.366590349213006,-1.819870114326477,-0.4454045295715332,5.978821277618408,0.4484374523162842,1.1972838794571503,1.3667925586860536,0.1454164649786482,3.935411214828491,0.943196177482605,11.738122940063477,0.4249999523162842,0.6395719401976823,1.660201792413498,1.3516673493992448,-0.3011703122406697,,,,,,,,,,,,,,,,,-2.0725899934768677,1.5170609035868343,0.9545580545302997,-0.18019484394534005,-0.9867972315241492,-1.445021076007876,-1.0,1.0
VisualCogA_Task-1,24,16.0,VisualCogA_Task-1:q1_016,223.17578125,-1,left,unresolved_from_allowed_channels,cue_locked,0.0,223.17578125,25,32,45,83,128.0,-23.430700302124023,-5.70528507232666,7.130218505859375,0.59375,1.925545911358737,1.728475806193307,1.5155346122133773,-1.1155264377593994,-0.3158303499221802,26.01836204528809,0.5703125,2.6723423079724795,2.12445423695456,1.6093682378418617,-105.59908294677734,-25.647554397583008,-86.20152282714844,0.5625,3.237761372510181,1.66253982497658,1.1312548753874334,-0.065935981216727,,,,,,,,,,,,,,,,,-43.38176989555359,2.611883197280466,1.4187192418142243,-0.6424694435842166,-0.4853500762112872,-0.6814351954132433,-1.0,0.0
VisualCogA_Task-1,24,16.0,VisualCogA_Task-1:q1_016,223.17578125,-1,left,unresolved_from_allowed_channels,target_locked,2.2,225.37578125,26,32,45,83,128.0,-15.507856369018556,-3.686100006103516,-4.724586486816406,0.3624999523162842,2.6284239457576617,1.31101630693195,2.128003980382532,-7.152097702026367,-1.6611961126327517,12.86717700958252,0.3937499523162842,3.222867309097827,2.341807782225626,2.420021602428972,-7.911733627319336,-1.8641074895858765,11.104499816894531,0.3937499523162842,2.7924028038496016,2.7649057311218965,2.4508776188837555,1.4538894241899465,,,,,,,,,,,,,,,,,-10.19056256612142,2.881231352901697,2.33296773389842,-0.3234399667920882,0.978074897979172,0.849928646175462,-1.0,1.0
VisualCogA_Task-1,28,17.0,VisualCogA_Task-1:q1_017,256.49609375,-1,left,unresolved_from_allowed_channels,cue_locked,0.0,256.49609375,25,32,45,83,128.0,18.21899032592773,4.420601844787598,32.749778747558594,0.328125,2.160804258897314,1.6420127424937612,1.039936230083954,26.98408508300781,6.52829122543335,39.74231719970703,0.328125,2.8273828813571007,2.222536336521049,1.027665483372426,39.78811264038086,9.64945125579834,52.184120178222656,0.53125,2.432363963767441,2.215262261236199,0.8422853055458919,0.5732495187424378,,,,,,,,,,,,,,,,,28.3303960164388,2.473517034673952,0.9699623396674241,0.27874554369801335,-0.602742509522194,-1.4787784790955485,-1.0,0.0
VisualCogA_Task-1,28,17.0,VisualCogA_Task-1:q1_017,256.49609375,-1,left,unresolved_from_allowed_channels,target_locked,2.2,258.69609375,26,32,45,83,128.0,56.319244384765625,13.728814125061035,73.32244873046875,0.3937499523162842,2.3101141266088137,1.8223716801582104,1.3007320637070747,-1.853789567947388,-0.3584572374820709,7.122878074645996,0.3859374523162842,1.147171260707639,2.2028009844057035,1.0817940974163955,159.39710998535156,38.736576080322266,189.45236206054688,0.4718749523162842,1.9052795233748416,2.686322317419905,0.695187365355502,0.8639506372616947,,,,,,,,,,,,,,,,,71.28752160072327,1.7875216368970979,1.0259045088263241,1.1142759248736114,-0.5972412509842784,-1.3262345295143212,-1.0,1.0
VisualCogA_Task-1,29,18.0,VisualCogA_Task-1:q1_018,265.078125,-1,left,unresolved_from_allowed_channels,cue_locked,0.0,265.078125,25,32,45,83,128.0,2.0047922134399414,0.522657573223114,11.318832397460938,0.265625,1.897163010266245,0.9173519913129412,2.23013061048758,7.597301959991455,1.907689094543457,20.39205551147461,0.3125,1.9166055410215053,1.4091030377056772,2.400793352732668,21.83557891845703,5.335410118103027,32.48775100708008,0.3125,2.5723508798511783,1.9742630053770227,2.7410991988853084,1.0569110140640816,,,,,,,,,,,,,,,,,10.479224363962809,2.1287064770463093,2.457341054035185,0.04942926719633645,-0.8952862183934985,1.163969571173326,-1.0,0.0
VisualCogA_Task-1,29,18.0,VisualCogA_Task-1:q1_018,265.078125,-1,left,unresolved_from_allowed_channels,target_locked,2.2,267.278125,26,32,45,83,128.0,21.327312469482425,5.220193386077881,35.483375549316406,0.5734374523162842,1.410938394034742,1.907503094658207,0.4047878694601866,23.49480628967285,5.757411479949951,45.899017333984375,0.5656249523162842,1.631418949726464,2.1382593201832374,1.1344004152757503,10.237571716308594,2.518216133117676,36.51120376586914,0.5656249523162842,0.751425226889725,2.1920730043177,0.5619954150879262,0.2845699096594927,,,,,,,,,,,,,,,,,18.353230158487957,1.264594190216977,0.7003945666079544,0.18022755102225343,-1.3504356675985256,-1.8681844030848618,-1.0,1.0
VisualCogA_Task-1,30,19.0,VisualCogA_Task-1:q1_019,273.34375,-1,left,unresolved_from_allowed_channels,cue_locked,0.0,273.34375,25,32,45,83,128.0,10.278032302856444,2.4886562824249268,34.954681396484375,0.578125,1.6699311023016024,0.5099292143844766,0.8254777035696309,6.044553279876709,1.4563491344451904,14.623846054077148,0.2578125,2.001018295005015,1.5849136111703144,0.948289877842593,-6.731788158416748,-1.6573646068572998,13.352386474609377,0.59375,1.4276808243920618,1.6835754165309569,1.330089915684009,1.1736462021464802,,,,,,,,,,,,,,,,,3.1969324747721353,1.699543407232893,1.0346191656987445,-0.04411910559049643,-1.2593961720376399,-1.3638973803677923,-1.0,0.0
VisualCogA_Task-1,30,19.0,VisualCogA_Task-1:q1_019,273.34375,-1,left,unresolved_from_allowed_channels,target_locked,2.2,275.54375,26,32,45,83,128.0,-16.952171325683594,-4.06001091003418,-8.887068748474121,0.2843749523162842,1.9600734332780745,1.39797791995869,1.6671728631393432,0.0705446004867553,0.0578211471438407,13.082870483398438,0.4015624523162842,1.7585274959417667,-0.0087462572039163,2.3532673274658027,-20.34127426147461,-4.883230209350586,-6.444259643554688,0.3937499523162842,2.506685204078253,0.8102579717401913,2.552959137812125,-0.5877199482184988,,,,,,,,,,,,,,,,,-12.407633662223816,2.0750953777660315,2.1911331094724233,-0.3625611412822977,-0.18303668520280666,0.6137845325679361,-1.0,1.0
VisualCogA_Task-1,31,20.0,VisualCogA_Task-1:q1_020,281.56640625,1,right,unresolved_from_allowed_channels,cue_locked,0.0,281.56640625,25,32,45,83,128.0,-3.110647678375244,-0.6759247183799744,12.426642417907717,0.40625,2.505755701025826,0.3754109675173915,1.932409568987601,12.08004665374756,2.9486255645751958,29.742090225219727,0.359375,2.835620284434617,2.56955624100588,1.5029937672552736,18.395008087158203,4.451854228973389,33.435447692871094,0.3671875,2.783688145976972,2.016455948277504,1.53338274913392,1.6410449807601126,,,,,,,,,,,,,,,,,9.121469020843506,2.7083547104791386,1.6562620284589313,0.031987532516630446,-0.4035018449223731,-0.25937339622474354,1.0,0.0
VisualCogA_Task-1,31,20.0,VisualCogA_Task-1:q1_020,281.56640625,1,right,unresolved_from_allowed_channels,target_locked,2.2,283.76640625,26,32,45,83,128.0,-27.153396606445312,-6.505209445953369,-14.104432106018066,0.4171874523162842,2.398890245366881,2.151763035304062,1.1057495817312826,10.80060577392578,2.6805598735809326,23.86103820800781,0.4093749523162842,2.127096382763757,2.23062111255749,1.2066821533289125,2.5328259468078613,0.6479535698890686,13.412137985229492,0.4093749523162842,1.4482901613225216,2.3059467306361,1.557333690356486,0.1541836953320379,,,,,,,,,,,,,,,,,-4.60665496190389,1.9914255964843866,1.289921808472227,-0.2249095118572716,-0.3035497936670098,-0.8866653378994487,1.0,1.0
VisualCogA_Task-1,32,21.0,VisualCogA_Task-1:q1_021,290.11328125,1,right,unresolved_from_allowed_channels,cue_locked,0.0,290.11328125,25,32,45,83,128.0,-0.4488927125930786,-0.0323026850819587,12.52592945098877,0.3671875,2.0629872994627454,2.671790897663673,1.9667842665577064,1.2231550216674805,0.3937588036060333,17.73616600036621,0.359375,2.3927809542957004,3.2508863745958987,2.09623026081868,11.697200775146484,2.929248332977295,25.896883010864254,0.359375,1.2060261726957653,3.318457871667423,1.8965407163960688,0.6466669740037503,,,,,,,,,,,,,,,,,4.157154361406962,1.8872648088180703,1.9865184145908181,-0.031784088486564624,-1.100129833349857,0.3274202778462762,1.0,0.0
VisualCogA_Task-1,32,21.0,VisualCogA_Task-1:q1_021,290.11328125,1,right,unresolved_from_allowed_channels,target_locked,2.2,292.31328125,26,32,45,83,128.0,-11.240863800048828,-2.774172306060791,2.7610559463500977,0.2531249523162842,3.024444752414917,3.565817032566117,2.585643085242963,-1.588544249534607,-0.3842237889766693,14.735177993774414,0.3078124523162842,2.640736035871209,3.729046038272732,3.55894504680933,-6.001162052154541,-1.4018723964691162,8.494858741760254,0.5968749523162842,2.315649162081329,3.2724587220695533,3.4132703770203734,-0.2933583104965636,,,,,,,,,,,,,,,,,-6.276856700579326,2.660276650122485,3.1859528363575556,-0.25438094097266667,0.6598245374090475,2.2700854785132094,1.0,1.0
VisualCogA_Task-1,33,22.0,VisualCogA_Task-1:q1_022,298.5234375,-1,left,unresolved_from_allowed_channels,cue_locked,0.0,298.5234375,25,32,45,83,128.0,-21.08529281616211,-5.113145351409912,9.822437286376951,0.3828125,3.848516985809836,3.50576958935259,2.6038037183144964,-8.754693031311035,-2.082525968551636,27.098926544189453,0.3828125,4.079843031426121,3.6533332522961226,2.505938371371971,-8.504873275756836,-2.00223708152771,20.784278869628903,0.3828125,3.0949539002774347,3.6100757385018394,2.3548380448565385,0.1043061491492478,,,,,,,,,,,,,,,,,-12.781619707743326,3.674437972504464,2.488193378181002,-0.24937969922071704,0.41614121501135776,1.2187874320819234,-1.0,0.0
VisualCogA_Task-1,33,22.0,VisualCogA_Task-1:q1_022,298.5234375,-1,left,unresolved_from_allowed_channels,target_locked,2.2,300.7234375,26,32,45,83,128.0,-27.494632720947266,-6.617240905761719,-9.773394584655762,0.4328124523162842,3.638243252603525,2.646002307213831,1.5751177278540751,-9.68805694580078,-2.3683383464813232,13.799461364746094,0.5656249523162842,2.796687332401578,2.538526212160161,0.7569187689737503,-23.46017074584961,-5.736520290374756,-2.512404441833496,0.5265624523162842,2.428730568874585,2.5636866209372786,0.9944777539566332,-0.0823156862765523,,,,,,,,,,,,,,,,,-20.21428680419922,2.954553717959896,1.1088380835948195,-0.5003128986745905,1.0836841872321983,-1.188156288173272,-1.0,1.0
VisualCogA_Task-1,34,23.0,VisualCogA_Task-1:q1_023,307.3203125,1,right,unresolved_from_allowed_channels,cue_locked,0.0,307.3203125,25,32,45,83,128.0,-1.699992537498474,-0.3281985521316528,9.031749725341797,0.3046875,2.232966704311301,1.9320113819068028,1.8287802123459664,14.006568908691406,3.4770736694335938,26.976043701171875,0.421875,1.615529169370172,2.421053287079402,2.396524592173815,0.0872943401336669,0.0610568299889564,10.752110481262209,0.421875,0.0316384961544903,1.809875822982342,2.476291276484452,-0.1221355589244608,,,,,,,,,,,,,,,,,4.131290237108867,1.2933781232786545,2.2338653603347445,-0.03211633920906514,-1.603994375179242,0.7669019325790991,1.0,0.0
VisualCogA_Task-1,34,23.0,VisualCogA_Task-1:q1_023,307.3203125,1,right,unresolved_from_allowed_channels,target_locked,2.2,309.5203125,26,32,45,83,128.0,15.518895149230955,3.791486978530884,26.999164581298828,0.3937499523162842,3.080722208060247,2.676417792622451,2.0041768981894554,16.56659698486328,4.02423906326294,31.610774993896484,0.3937499523162842,3.23582516426419,3.416764172648924,1.71328373260709,36.699989318847656,8.886733055114746,50.921871185302734,0.4640624523162842,2.980578267490289,3.226105215850584,1.8358935583969525,0.549687423228133,,,,,,,,,,,,,,,,,22.928493817647297,3.0990418799382424,1.8511180630644992,0.2609600490749096,1.2917965698578442,0.04768473802084078,1.0,1.0
VisualCogA_Task-1,37,24.0,VisualCogA_Task-1:q1_024,332.328125,-1,left,unresolved_from_allowed_channels,cue_locked,0.0,332.328125,25,32,45,83,128.0,-34.119041442871094,-8.298056602478027,-26.89188003540039,0.390625,1.63935709685005,2.201637111733877,1.890203055856484,-1.288915753364563,-0.3452844619750976,11.925186157226562,0.390625,1.301481492998591,2.3545452156637205,2.278520117910119,-4.009456634521484,-0.9810346961021424,8.087532043457031,0.390625,0.7285220751031665,1.8710289441662875,2.202323421411933,-0.3306081675675898,,,,,,,,,,,,,,,,,-13.139137943585714,1.2231202216506025,2.1236821983928453,-0.25397238099090513,-1.6636024894469643,0.5711304497807937,-1.0,0.0
VisualCogA_Task-1,37,24.0,VisualCogA_Task-1:q1_024,332.328125,-1,left,unresolved_from_allowed_channels,target_locked,2.2,334.528125,26,32,45,83,128.0,19.785579681396484,4.854435920715332,34.53754806518555,0.5812499523162842,2.2332255024899434,1.578400267250094,1.2579858608682848,-0.0812218338251113,0.0531443729996681,12.446672439575195,0.3937499523162842,2.5264337466535727,2.407774365488937,1.4817505430671336,-3.50753116607666,-0.7732985019683838,8.017470359802246,0.3859374523162842,2.932946346148375,1.822949049169883,1.4808630288028568,0.2445487819197889,,,,,,,,,,,,,,,,,5.398942227164905,2.564201865097297,1.406866477579425,-0.04835643956272777,0.5214439798043697,-0.6919611509690318,-1.0,1.0
VisualCogA_Task-1,41,25.0,VisualCogA_Task-1:q1_025,365.4453125,1,right,unresolved_from_allowed_channels,cue_locked,0.0,365.4453125,25,32,45,83,128.0,48.35837173461914,11.700549125671388,72.63565063476562,0.484375,3.2547332183126967,2.510207722285907,2.3532865946196533,-7.655791759490967,-1.8686662912368772,12.71518898010254,0.484375,3.8469076697286666,2.520309028447569,2.2667129160006083,137.1167449951172,33.250038146972656,163.853759765625,0.484375,2.7369279499451595,2.30951208973328,2.334256008405709,-0.2006956325526268,,,,,,,,,,,,,,,,,59.27310832341512,3.2795229459955073,2.3180851730086567,0.6762358434517688,0.08108794013832075,0.9165421980931849,1.0,0.0
VisualCogA_Task-1,41,25.0,VisualCogA_Task-1:q1_025,365.4453125,1,right,unresolved_from_allowed_channels,target_locked,2.2,367.6453125,26,32,45,83,128.0,17.27560043334961,4.201927185058594,26.94751739501953,0.3937499523162842,1.434047163371306,2.0796504961066127,2.003959458903612,11.72140121459961,2.8203654289245605,28.81153106689453,0.3937499523162842,2.4443130294829336,3.630107745931059,2.69580869274498,38.78666687011719,9.3713960647583,61.13555908203125,0.4874999523162842,2.8369850157776813,3.370233835208557,2.858586744955631,1.290583339101944,,,,,,,,,,,,,,,,,22.5945561726888,2.238448402877307,2.5194516322014078,0.25506757548656256,0.052247554000882004,1.1604104840556888,1.0,1.0
VisualCogA_Task-1,44,26.0,VisualCogA_Task-1:q1_026,390.60546875,-1,left,unresolved_from_allowed_channels,cue_locked,0.0,390.60546875,25,32,45,83,128.0,-78.60668182373047,-19.04359436035156,-54.86454391479492,0.265625,1.020956137131432,1.932056714470262,2.3043233937135823,5.809329509735107,1.3927581310272217,16.635040283203125,0.5546875,0.3784950304377674,2.1779201235830823,2.347713656153549,-42.27107238769531,-10.245317459106444,-17.713977813720703,0.2734375,1.358933889992397,2.4279386670767464,1.926416813568219,0.4958819526064844,,,,,,,,,,,,,,,,,-38.356141567230225,0.9194616858538655,2.19281795447845,-0.5779101867596029,-1.9212320553848425,0.6939696317821037,-1.0,0.0
VisualCogA_Task-1,44,26.0,VisualCogA_Task-1:q1_026,390.60546875,-1,left,unresolved_from_allowed_channels,target_locked,2.2,392.80546875,26,32,45,83,128.0,32.82505798339844,7.972980499267578,42.332130432128906,0.2609374523162842,1.669624507674256,1.3383369392780349,1.4439853653488506,14.008874893188477,3.3881876468658447,28.35733413696289,0.2609374523162842,2.222911340781154,1.5749325246833863,1.8898755857924168,32.718223571777344,7.899667263031006,46.88223648071289,0.2609374523162842,1.5427931375073374,2.290152154774421,2.1702537797262016,0.9518152154963866,,,,,,,,,,,,,,,,,26.517385482788086,1.811776328654249,1.8347049102891564,0.32428758841510347,-0.5623061973278562,0.020358057886678566,-1.0,1.0
VisualCogA_Task-1,46,27.0,VisualCogA_Task-1:q1_027,407.16015625,-1,left,unresolved_from_allowed_channels,cue_locked,0.0,407.16015625,25,32,45,83,128.0,4.949911117553711,1.2051676511764526,13.918161392211914,0.2890625,2.64071776293266,2.151674648973551,1.8071867237510597,9.631168365478516,2.359797477722168,20.470155715942383,0.2890625,2.128067584220342,2.275652371581099,1.6656312386534329,12.896073341369627,3.163001775741577,22.7888126373291,0.296875,1.6169848703911944,2.3018745820092628,1.503006735059754,0.1501999330357115,,,,,,,,,,,,,,,,,9.159050941467285,2.1285900725147324,1.6586082324880822,0.032470310133080695,-0.8953849781693918,-0.25520470262729145,-1.0,0.0
VisualCogA_Task-1,46,27.0,VisualCogA_Task-1:q1_027,407.16015625,-1,left,unresolved_from_allowed_channels,target_locked,2.2,409.36015625,26,32,45,83,128.0,-0.7765567898750305,-0.2156964540481567,9.084355354309082,0.2609374523162842,1.6084519585919437,1.532190238015375,1.260395240183206,-1.5677268505096436,-0.3714335858821869,8.92546558380127,0.3156249523162842,1.9856265343010095,2.275025158603954,1.4301889948791036,0.870492160320282,0.1939525306224823,13.489736557006836,0.4328124523162842,2.8110480941794256,2.298412701921599,1.519931139615052,0.7662224639062243,,,,,,,,,,,,,,,,,-0.4912638266881307,2.1350421956907932,1.403505124892454,-0.15229166257888238,-0.09669275959444008,-0.6975575534976769,-1.0,1.0
VisualCogA_Task-1,48,28.0,VisualCogA_Task-1:q1_028,424.19140625,-1,left,unresolved_from_allowed_channels,cue_locked,0.0,424.19140625,25,32,45,83,128.0,8.373550415039062,2.0859930515289307,18.17408561706543,0.53125,1.9183116857791889,1.0751079393514142,1.2311761879245513,-0.6898568868637085,-0.1284645795822143,14.606675148010254,0.53125,1.5971863142368434,1.569539739003995,1.1437214591993763,-1.5391671657562256,-0.3426882624626159,14.08448600769043,0.5703125,0.7482303251289981,1.5372851365050637,0.8390067595737448,0.4621771971536494,,,,,,,,,,,,,,,,,2.0481754541397095,1.4212427750483434,1.0713014688992242,-0.05887604635074338,-1.4955116195478528,-1.2987209163468947,-1.0,0.0
VisualCogA_Task-1,48,28.0,VisualCogA_Task-1:q1_028,424.19140625,-1,left,unresolved_from_allowed_channels,target_locked,2.2,426.39140625,26,32,45,83,128.0,-14.408581733703612,-3.495904922485352,-1.7037353515625,0.2531249523162842,2.008619507676201,2.3167805350210475,1.3731363343054146,-1.6281052827835083,-0.3719387948513031,13.086406707763672,0.3468749523162842,2.4139392850755987,3.453677134251656,2.689623877442125,-1.6420718431472778,-0.3487759828567505,12.967365264892578,0.3468749523162842,2.30642620270036,3.266917848311945,2.689176201736715,0.950137313290898,,,,,,,,,,,,,,,,,-5.892919619878133,2.2429949984840536,2.2506454711614183,-0.2476062058034706,0.05879620706421821,0.7128681939560674,-1.0,1.0
VisualCogA_Task-1,49,29.0,VisualCogA_Task-1:q1_029,432.5234375,-1,left,unresolved_from_allowed_channels,cue_locked,0.0,432.5234375,25,32,45,83,128.0,13.220476150512695,3.1743316650390625,24.88047409057617,0.3359375,1.483672912230263,2.59839865294208,2.391774236968708,4.383899688720703,1.047793984413147,23.754302978515625,0.4140625,2.6371648385450417,3.2513569304701697,2.86977681294834,-67.2218017578125,-16.264047622680664,-43.0733528137207,0.3359375,2.7972778944303807,3.5783161100813428,3.165462061900008,0.9799174571392628,,,,,,,,,,,,,,,,,-16.5391419728597,2.306038548401895,2.809004370605685,-0.297648856645413,-0.7448343812655422,1.7887986985773818,-1.0,0.0
VisualCogA_Task-1,49,29.0,VisualCogA_Task-1:q1_029,432.5234375,-1,left,unresolved_from_allowed_channels,target_locked,2.2,434.7234375,26,32,45,83,128.0,-47.83151245117188,-11.617280006408691,-35.527339935302734,0.2531249523162842,1.7256532811849958,1.4231156308723476,1.8913430916720324,-12.978376388549805,-3.1369082927703857,-4.829710006713867,0.3859374523162842,1.1126459966745312,1.9459727383600025,2.168538275679962,-82.90519714355469,-20.064189910888672,-71.3490219116211,0.2531249523162842,1.8475598463212333,1.6385006788658203,2.441180233495993,0.2153850479934727,,,,,,,,,,,,,,,,,-47.905028661092125,1.561953041393587,2.1670205336159953,-0.9889279664779114,-0.9221371954893476,0.5736388849487164,-1.0,1.0
VisualCogA_Task-1,50,30.0,VisualCogA_Task-1:q1_030,440.76171875,1,right,unresolved_from_allowed_channels,cue_locked,0.0,440.76171875,25,32,45,83,128.0,131.04925537109375,31.84429168701172,143.53717041015625,0.390625,1.4231718478943716,2.4173880183086163,1.620961353164167,-4.5626068115234375,-1.0160597562789917,15.49343204498291,0.2890625,2.187849937576952,3.204591796015112,1.7327217561847938,198.3172149658203,48.15644454956055,211.47308349609372,0.3828125,2.417031999773174,2.895774126205979,1.7746241665517353,0.4783861078973626,,,,,,,,,,,,,,,,,108.26795450846355,2.009351261748166,1.7094357586335651,1.3056239818695254,-0.9965494093952023,-0.16489525801616403,1.0,0.0
VisualCogA_Task-1,50,30.0,VisualCogA_Task-1:q1_030,440.76171875,1,right,unresolved_from_allowed_channels,target_locked,2.2,442.96171875,26,32,45,83,128.0,-162.7997283935547,-39.52642440795898,-104.70541381835938,0.2531249523162842,1.8342143047107624,2.683281990753089,3.491108101265782,9.224157333374023,2.223945140838623,23.25156593322754,0.4015624523162842,2.129328693114142,2.227615716891086,3.4633489484791187,-23.920635223388672,-5.807098388671875,-5.512245178222656,0.2531249523162842,2.9134366868754027,3.019529561784488,2.3545458845527656,0.3362475710313988,,,,,,,,,,,,,,,,,-59.16540209452311,2.292326561566769,3.1030009780992223,-1.1876221060968906,0.1298505342230749,2.1319767965197536,1.0,1.0
VisualCogA_Task-1,54,31.0,VisualCogA_Task-1:q1_031,474.28515625,1,right,unresolved_from_allowed_channels,cue_locked,0.0,474.28515625,25,32,45,83,128.0,50.240081787109375,12.217206954956056,69.76226043701172,0.3828125,3.4763015547823577,2.178133326015606,2.7462285152397725,3.704154491424561,0.8854907155036926,20.902347564697266,0.3828125,3.662795053270848,2.3122707795915,1.995660350085742,29.83751678466797,7.188241481781006,45.34911346435547,0.3046875,2.760207212304652,3.058794961604156,2.1424918792607905,0.8806616355885497,,,,,,,,,,,,,,,,,27.927251021067303,3.299767940119286,2.2947935815287686,0.27356674025425987,0.09826417078449404,0.8751581125361328,1.0,0.0
VisualCogA_Task-1,54,31.0,VisualCogA_Task-1:q1_031,474.28515625,1,right,unresolved_from_allowed_channels,target_locked,2.2,476.48515625,26,32,45,83,128.0,15.301419258117676,3.751706123352051,37.22286224365234,0.4562499523162842,1.9836213002802456,2.681760032378552,3.046023718211148,5.65000581741333,1.3867743015289309,29.520435333251957,0.4562499523162842,3.388196175698869,3.0446729021342662,2.2858249966064204,8.316195487976074,2.020042181015014,34.795127868652344,0.4640624523162842,3.2282052735986966,3.0308716883029034,2.094130563445209,0.3491116559243514,,,,,,,,,,,,,,,,,9.755873521169027,2.8666742498592703,2.4753264260875922,0.028523489860481543,0.9571076896154831,1.0869452936787578,1.0,1.0
VisualCogA_Task-1,55,32.0,VisualCogA_Task-1:q1_032,482.58203125,-1,left,unresolved_from_allowed_channels,cue_locked,0.0,482.58203125,25,32,45,83,128.0,98.4819793701172,23.933841705322266,132.16748046875,0.59375,2.5234066447785275,1.7154340581389105,2.2958768094423885,-0.5489793419837952,-0.1261130571365356,18.47247314453125,0.3515625,2.758680606541328,2.297742424938427,2.303496150060997,32.378658294677734,7.829288959503174,64.62577819824219,0.59375,3.346616684078239,2.8591125674335123,2.215902910294908,1.143678509294602,,,,,,,,,,,,,,,,,43.43721944093704,2.876234645132698,2.271758623266098,0.4728079035764336,-0.2610693768839079,0.8342300083158343,-1.0,0.0
VisualCogA_Task-1,55,32.0,VisualCogA_Task-1:q1_032,482.58203125,-1,left,unresolved_from_allowed_channels,target_locked,2.2,484.78203125,26,32,45,83,128.0,26.062124252319336,6.301115989685059,38.585968017578125,0.4953124523162842,1.7534252798654109,1.2343927723224986,1.9424916333430968,12.878286361694336,3.0866012573242188,22.120729446411133,0.4249999523162842,1.5859713267484,0.794556061500544,1.8922533893331348,11.464353561401367,2.754302978515625,26.74392509460449,0.4171874523162842,2.208030228136528,1.8376300694272765,1.520653050447255,0.6032372971047779,,,,,,,,,,,,,,,,,16.80158805847168,1.8491422782501126,1.7851326910411622,0.15284815780035546,-0.5084864470245036,-0.062176004732025135,-1.0,1.0
VisualCogA_Task-1,57,33.0,VisualCogA_Task-1:q1_033,499.4609375,1,right,unresolved_from_allowed_channels,cue_locked,0.0,499.4609375,25,32,45,83,128.0,-15.390122413635254,-3.694767475128174,-8.922425270080566,0.3984375,1.9294290754432049,-0.0214481832579834,0.1515536019654515,10.794147491455078,2.6571812629699707,23.461883544921875,0.5625,2.580456389175773,0.1946954990206791,0.9116740137909124,-9.69074821472168,-2.3136215209960938,-2.359621047973633,0.5625,2.230607203077061,1.7774869673764064,0.7853103323572075,1.7989351506343898,,,,,,,,,,,,,,,,,-4.762241045633952,2.246830889232013,0.6161793160378571,-0.14636270456889253,-0.7950672637106615,-2.1073738643083106,1.0,0.0
VisualCogA_Task-1,57,33.0,VisualCogA_Task-1:q1_033,499.4609375,1,right,unresolved_from_allowed_channels,target_locked,2.2,501.6609375,26,32,45,83,128.0,14.571239471435549,3.530668020248413,25.81342124938965,0.3937499523162842,1.0677631686444131,2.304014871787321,2.376606274548418,10.301859855651855,2.516329765319824,25.67025375366211,0.3937499523162842,1.440189347888973,3.1251394923473685,2.777680977301888,20.1564998626709,4.875423908233643,36.647064208984375,0.5031249523162842,1.726158434574229,2.8915675612810285,2.380762096604441,0.587552689493708,,,,,,,,,,,,,,,,,15.0098663965861,1.4113703170358718,2.5116831161515822,0.12123245729542381,-1.1390278328900882,1.1474764819101897,1.0,1.0
VisualCogA_Task-1,60,34.0,VisualCogA_Task-1:q1_034,524.75,1,right,unresolved_from_allowed_channels,cue_locked,0.0,524.75,25,32,45,83,128.0,-43.82706451416016,-10.483055114746094,-24.830455780029297,0.375,3.433450120831276,3.0988355697488505,1.82493396537786,5.490320205688477,1.4428675174713137,27.533788681030277,0.3046875,2.8423997622352783,4.023524168110397,2.266569825784815,9.421059608459473,2.345203161239624,40.359649658203125,0.3046875,2.265819581890259,4.054514385475764,2.4094018000938777,0.9556788157269128,,,,,,,,,,,,,,,,,-9.638561566670738,2.8472231549856044,2.166968530418851,-0.20900395225180154,-0.2856832662784411,0.6480408347822646,1.0,0.0
VisualCogA_Task-1,60,34.0,VisualCogA_Task-1:q1_034,524.75,1,right,unresolved_from_allowed_channels,target_locked,2.2,526.95,26,32,45,83,128.0,-63.00724792480469,-15.2188720703125,-50.78927612304688,0.4562499523162842,3.1762409081534937,1.8073966197252485,1.596474678302731,-10.447138786315918,-2.478306770324707,9.6414794921875,0.4562499523162842,3.4379339019234525,2.517084362872902,2.274790041504704,-11.484469413757324,-2.753627061843872,7.453180313110352,0.4562499523162842,3.2337952084454624,2.286367325229749,2.373429869317229,0.4789707055045007,,,,,,,,,,,,,,,,,-28.312952041625977,3.282656672840803,2.081564863041555,-0.64321733527482,1.556264686228465,0.4313615414424627,1.0,1.0
VisualCogA_Task-1,64,35.0,VisualCogA_Task-1:q1_035,558.73828125,-1,left,unresolved_from_allowed_channels,cue_locked,0.0,558.73828125,25,32,45,83,128.0,1.956047534942627,0.4986066818237304,12.428109169006348,0.2734375,1.2304199151487425,1.0755966008007467,2.547955307748321,9.385441780090332,2.3052661418914795,22.223045349121094,0.28125,1.4178779514989654,1.4527197036653396,2.636813576129338,-0.1161809861660003,-0.0125345960259437,10.970477104187012,0.2734375,0.72199459648469,1.177210989750399,2.5686504946866746,0.1016143889496523,,,,,,,,,,,,,,,,,3.7417694429556527,1.1234308210441326,2.584473126188111,-0.037120126068220786,-1.748180836436175,1.3898555762393596,-1.0,0.0
VisualCogA_Task-1,64,35.0,VisualCogA_Task-1:q1_035,558.73828125,-1,left,unresolved_from_allowed_channels,target_locked,2.2,560.93828125,26,32,45,83,128.0,9.076062202453612,2.210981607437134,14.749890327453612,0.4406249523162842,0.265057628798978,-0.7827430263462789,1.4230721530865866,4.997307300567627,1.2145594358444214,13.84469985961914,0.5031249523162842,1.6437168195999412,1.0466030883656023,1.1424291501033137,10.052820205688477,2.41716742515564,20.368541717529297,0.4953124523162842,1.832347639424208,1.8231978720512687,1.2462474842267954,2.605940898397548,,,,,,,,,,,,,,,,,8.042063236236572,1.2470406959410425,1.2705829291388986,-0.0017174308379233694,-1.3757187044034223,-0.9188631354176034,-1.0,1.0
VisualCogA_Task-1,66,36.0,VisualCogA_Task-1:q1_036,575.5390625,-1,left,unresolved_from_allowed_channels,cue_locked,0.0,575.5390625,25,32,45,83,128.0,-11.406216621398926,-2.7186245918273926,6.364955902099609,0.59375,1.494269302269942,0.8619752292483912,1.853162027798392,4.248498439788818,1.073763728141785,15.161750793457031,0.3125,1.4217582592346487,0.6841700509412424,2.000786769116623,-11.207406997680664,-2.688616752624512,3.647571563720703,0.59375,0.8433013032374862,0.8998027818648053,1.928821537392745,0.0378275526164141,,,,,,,,,,,,,,,,,-6.121708393096924,1.2531096215806923,1.9275901114359197,-0.1638264316684289,-1.6381589231515048,0.22271751669747353,-1.0,0.0
VisualCogA_Task-1,66,36.0,VisualCogA_Task-1:q1_036,575.5390625,-1,left,unresolved_from_allowed_channels,target_locked,2.2,577.7390625,26,32,45,83,128.0,-8.180055618286133,-1.932706594467163,-0.7097845077514648,0.4406249523162842,2.1620645322893712,0.2043512952389579,1.42094836242309,4.547808647155762,1.1715044975280762,16.41514015197754,0.3468749523162842,1.9837275622617776,1.8896262512892668,1.624827786033482,-7.121733665466309,-1.651650309562683,5.543657302856445,0.3468749523162842,2.352168855218975,2.8245832957097883,1.5190091343835104,2.62023200047083,,,,,,,,,,,,,,,,,-3.584660212198893,2.1659869832567082,1.5215950942800276,-0.20687597427628254,-0.052121679292704594,-0.50094652667807,-1.0,1.0
VisualCogA_Task-1,68,37.0,VisualCogA_Task-1:q1_037,592.23046875,1,right,unresolved_from_allowed_channels,cue_locked,0.0,592.23046875,25,32,45,83,128.0,0.2456721663475036,0.1189874112606048,17.06311798095703,0.546875,3.6486568155855807,1.857492860263029,2.7853545033780005,-0.4306176304817199,-0.0648379921913147,11.869516372680664,0.5390625,3.382778232780136,2.6107063112836477,2.4499015828918886,14.651081085205078,3.5902462005615234,28.32652282714844,0.5390625,3.438962810471041,2.4733472372596514,2.447148361525725,0.6158543769966225,,,,,,,,,,,,,,,,,4.822045207023621,3.4901326196122526,2.560801482598538,-0.023242896011071542,0.2597731157545279,1.3477962208521237,1.0,0.0
VisualCogA_Task-1,68,37.0,VisualCogA_Task-1:q1_037,592.23046875,1,right,unresolved_from_allowed_channels,target_locked,2.2,594.43046875,26,32,45,83,128.0,7.715445518493652,1.9139297008514404,14.448031425476074,0.3937499523162842,0.9050139994140274,2.319619490271699,1.6742718835435348,3.2797088623046875,0.800026535987854,17.914348602294922,0.5656249523162842,1.7064442990042346,2.810698311115455,2.5757718396067597,1.214134931564331,0.3163824379444122,18.97153663635254,0.5656249523162842,1.485873741968189,3.0256885445188284,2.721021453317003,0.7060690542471293,,,,,,,,,,,,,,,,,4.069763104120891,1.3657773467954837,2.323688392155766,-0.07181037773041335,-1.204697307383987,0.8344792314817766,1.0,1.0
VisualCogA_Task-1,69,38.0,VisualCogA_Task-1:q1_038,600.625,1,right,unresolved_from_allowed_channels,cue_locked,0.0,600.625,25,32,45,83,128.0,-17.027225494384766,-4.08174467086792,-4.276886940002441,0.3515625,1.843195169884768,1.1261625454552264,1.686187130364324,6.889292240142822,1.7508652210235596,17.62462615966797,0.34375,2.4553745228724395,2.243157063145818,2.0399880699629582,5.184132099151611,1.3283987045288086,20.99769592285156,0.4140625,2.785604462040622,1.8114129144065148,2.3502909307189146,0.6852503689512883,,,,,,,,,,,,,,,,,-1.6512670516967773,2.36139138493261,2.0254887103487325,-0.1063991107795586,-0.6978720022518197,0.39666200635683024,1.0,0.0
VisualCogA_Task-1,69,38.0,VisualCogA_Task-1:q1_038,600.625,1,right,unresolved_from_allowed_channels,target_locked,2.2,602.825,26,32,45,83,128.0,-28.23263931274414,-6.798073768615723,-8.182107925415039,0.2843749523162842,1.0495505387482822,1.1558250426691117,1.5351660036556911,10.916908264160156,2.703887462615967,24.4611873626709,0.4249999523162842,1.8667437286452384,2.830839340720401,2.053566539468426,-21.091571807861328,-5.080326557159424,-4.992293357849121,0.4328124523162842,2.9199835203493665,3.167457162282925,1.8734325545628936,2.0116321196138136,,,,,,,,,,,,,,,,,-12.802434285481771,1.945425929247629,1.8207216992290036,-0.36952756833935974,-0.3698050509666573,-0.0029229497977998078,1.0,1.0
VisualCogA_Task-1,71,39.0,VisualCogA_Task-1:q1_039,617.25390625,1,right,unresolved_from_allowed_channels,cue_locked,0.0,617.25390625,25,32,45,83,128.0,-10.274700164794922,-2.505459785461426,3.366278648376465,0.390625,3.4993952493975224,0.8342840674126063,2.1074950471862395,0.9214771389961244,0.2720069885253906,17.962501525878906,0.578125,2.928681019734897,1.978078062746683,1.9925897956216636,-8.767642974853516,-2.072154998779297,8.063926696777344,0.5625,3.1000379994796705,2.6131363147914293,1.3464781146010885,1.7788522473788229,,,,,,,,,,,,,,,,,-6.040288666884105,3.176038089537363,1.815520985802997,-0.1627805132932997,-0.0067105423924042245,0.023595087150243534,1.0,0.0
VisualCogA_Task-1,71,39.0,VisualCogA_Task-1:q1_039,617.25390625,1,right,unresolved_from_allowed_channels,target_locked,2.2,619.45390625,26,32,45,83,128.0,15.364789962768556,3.7465765476226807,29.41262435913086,0.4406249523162842,3.215189573709938,1.143673609921313,1.2338464247751564,13.406898498535156,3.2778115272521973,31.112693786621094,0.4406249523162842,3.169151534867749,1.92305911354366,1.344850995278093,-0.708274245262146,-0.1301655620336532,15.535367012023926,0.4406249523162842,3.0927184829168604,2.538367743295315,1.222952051184451,1.3946941333740022,,,,,,,,,,,,,,,,,9.354471405347189,3.1590198638315155,1.2672164904125667,0.021440576623548452,1.3781853851227397,-0.9244680058239721,1.0,1.0
VisualCogA_Task-1,72,40.0,VisualCogA_Task-1:q1_040,625.3515625,-1,left,unresolved_from_allowed_channels,cue_locked,0.0,625.3515625,25,32,45,83,128.0,9.516843795776367,2.3239760398864746,23.219417572021484,0.578125,2.323194465614354,-0.6964550567873949,1.3561483563876526,-12.398313522338867,-2.955450296401977,2.336832046508789,0.328125,2.474142976988774,0.5720828263365272,1.653290372106556,9.661760330200195,2.399613380432129,24.59963607788086,0.5859375,2.4663117696482866,0.7950237156936857,1.5561318778927586,1.4914787724810807,,,,,,,,,,,,,,,,,2.260096867879232,2.421216404083805,1.5218568687956555,-0.05615370238051003,-0.6471153400828874,-0.4981820938449613,-1.0,0.0
VisualCogA_Task-1,72,40.0,VisualCogA_Task-1:q1_040,625.3515625,-1,left,unresolved_from_allowed_channels,target_locked,2.2,627.5515625,26,32,45,83,128.0,-11.550750732421877,-2.7775745391845703,-1.827012062072754,0.4718749523162842,2.2483741980635736,1.1767791073527707,1.349088418719682,15.696062088012695,3.826593399047852,30.16714859008789,0.4640624523162842,2.631025965051695,1.283719952825882,1.420975963951156,-25.75790023803711,-6.223275184631348,-15.349693298339844,0.4640624523162842,2.764081702471917,1.1240967517304128,1.4217237690498088,-0.0526823556223579,,,,,,,,,,,,,,,,,-7.204196294148763,2.5478272885290623,1.397262717240216,-0.27074424755110144,0.49785898780611787,-0.7079506985268282,-1.0,1.0
VisualCogA_Task-1,73,41.0,VisualCogA_Task-1:q1_041,633.8046875,1,right,unresolved_from_allowed_channels,cue_locked,0.0,633.8046875,25,32,45,83,128.0,-84.3200454711914,-20.40488624572754,-60.1826171875,0.328125,2.968630135228449,1.1562107604939564,1.6788410321243417,-3.618370532989502,-0.8516382575035095,11.220033645629885,0.5546875,3.46898904419651,1.209922447153814,2.1175729424706637,-128.62307739257812,-31.1208438873291,-97.99737548828124,0.25,3.5563629102326453,1.1090439242646262,2.2098917714705344,-0.0471668362293302,,,,,,,,,,,,,,,,,-72.18716446558635,3.3313273632192018,2.00210191535518,-1.0125037446686127,0.12503977402300667,0.3551087648896625,1.0,0.0
VisualCogA_Task-1,73,41.0,VisualCogA_Task-1:q1_041,633.8046875,1,right,unresolved_from_allowed_channels,target_locked,2.2,636.0046875,26,32,45,83,128.0,51.809852600097656,12.593950271606444,74.74493408203125,0.4249999523162842,2.7076833734664514,3.100429964512385,1.0878537572101608,4.411729335784912,1.0972615480422974,33.54508972167969,0.4249999523162842,3.6736311864826,4.21121545809824,1.7263827698955971,63.067169189453125,15.28632640838623,89.29773712158203,0.4249999523162842,3.3773811944681693,4.03951494734336,1.818307680548124,0.9390849828309746,,,,,,,,,,,,,,,,,39.762917041778564,3.2528985848057403,1.5441814025512939,0.5580106982629578,1.5134028592208746,-0.46334200121068414,1.0,1.0
VisualCogA_Task-1,74,42.0,VisualCogA_Task-1:q1_042,642.05859375,-1,left,unresolved_from_allowed_channels,cue_locked,0.0,642.05859375,25,32,45,83,128.0,-66.94973754882812,-16.217805862426758,-52.40913391113281,0.25,0.998647005754872,2.0483673728456373,1.2644348342512295,3.1581473350524902,0.7392644882202148,18.211345672607425,0.375,2.53632593333478,2.143557024360504,1.9475320458655,-111.39737701416016,-27.00767517089844,-75.63038635253906,0.25,2.1551243331182186,2.001322384946837,1.8220253889397595,-0.0470449878988001,,,,,,,,,,,,,,,,,-58.39632240931193,1.8966990907359567,1.6779974230188295,-0.835346490694813,-1.092125612592277,-0.22075433368194522,-1.0,0.0
VisualCogA_Task-1,74,42.0,VisualCogA_Task-1:q1_042,642.05859375,-1,left,unresolved_from_allowed_channels,target_locked,2.2,644.25859375,26,32,45,83,128.0,-102.74039459228516,-24.901594161987305,-81.79776763916016,0.2843749523162842,2.4721471614878543,2.8419267607642333,2.088085259221881,16.817562103271484,4.093725681304932,34.0098876953125,0.4015624523162842,2.7324977244063096,3.3791832620957742,2.26969089896145,-143.2230224609375,-34.65763473510742,-112.8226089477539,0.2843749523162842,2.580750690472823,2.957875478568954,1.7845643086721812,0.1159487178047204,,,,,,,,,,,,,,,,,-76.38195164998372,2.5951318587889953,2.0474468222851705,-1.4914155390014914,0.5659937518662511,0.37455753801207664,-1.0,1.0
VisualCogA_Task-1,75,43.0,VisualCogA_Task-1:q1_043,650.37109375,1,right,unresolved_from_allowed_channels,cue_locked,0.0,650.37109375,25,32,45,83,128.0,-54.18061828613281,-13.122642517089844,-43.8090934753418,0.3515625,1.6651956614805197,2.122599760226676,1.0615136837552888,3.701530694961548,0.9008044004440308,15.591023445129396,0.46875,2.554800675073833,2.8440808834759728,1.9283126371283457,-63.13056945800781,-15.293693542480469,-50.150489807128906,0.265625,1.878849912212898,2.3577090321891534,2.1626774618234164,0.2351092719624774,,,,,,,,,,,,,,,,,-37.86988568305969,2.0329487495890834,1.7175012609023501,-0.5716637402542527,-0.9765288605450644,-0.15056461701036536,1.0,0.0
VisualCogA_Task-1,75,43.0,VisualCogA_Task-1:q1_043,650.37109375,1,right,unresolved_from_allowed_channels,target_locked,2.2,652.57109375,26,32,45,83,128.0,18.35402107238769,4.420602798461914,37.00617218017578,0.4953124523162842,2.2044960277433634,1.7011734711086957,1.486628599053199,2.6515886783599854,0.651820957660675,19.85301971435547,0.4249999523162842,3.234004590972902,2.0283152294330966,2.030822109783998,3.89279055595398,0.9201174974441528,23.09613800048828,0.4249999523162842,3.29786964189431,2.6992415209817686,1.884707602177696,0.998068049873073,,,,,,,,,,,,,,,,,8.299466768900553,2.912123420203525,1.8007194370049644,0.0028245653720524056,1.0225700430650286,-0.03622523055016665,1.0,1.0
VisualCogA_Task-1,78,44.0,VisualCogA_Task-1:q1_044,675.23828125,-1,left,unresolved_from_allowed_channels,cue_locked,0.0,675.23828125,25,32,45,83,128.0,-2.7503528594970703,-0.7013417482376099,5.640915870666504,0.5703125,0.7619391634577686,0.2180540260210167,2.2746984122075355,9.145145416259766,2.263654947280884,21.518783569335938,0.546875,2.295658418087932,2.2811428943401864,2.1033355073304136,0.9763602018356324,0.2898269593715668,25.43653106689453,0.546875,2.283775297873297,2.926954358009919,2.325793302156949,2.708900331988902,,,,,,,,,,,,,,,,,2.457050919532776,1.7804576264729992,2.2346090738982993,-0.053623629248820366,-1.1907470391346717,0.768223349613683,-1.0,0.0
VisualCogA_Task-1,78,44.0,VisualCogA_Task-1:q1_044,675.23828125,-1,left,unresolved_from_allowed_channels,target_locked,2.2,677.43828125,26,32,45,83,128.0,-4.499992847442627,-1.0998928546905518,9.52558135986328,0.4874999523162842,2.0785788088949366,1.6078393418058408,1.2786592641814711,8.086935043334961,1.9464025497436523,23.761133193969727,0.4874999523162842,1.6522796060353715,2.587625908286701,1.7796963340233556,9.732650756835938,2.3526339530944824,24.67247772216797,0.4874999523162842,2.448615011589918,2.4733265245793974,2.070687273675693,0.8654871827735566,,,,,,,,,,,,,,,,,4.439864317576091,2.0598244755067423,1.7096809572935066,-0.06527978239854834,-0.20503200862937437,-0.18779753655543147,-1.0,1.0
VisualCogA_Task-1,79,45.0,VisualCogA_Task-1:q1_045,683.6015625,-1,left,unresolved_from_allowed_channels,cue_locked,0.0,683.6015625,25,32,45,83,128.0,-26.561107635498047,-6.481417655944824,-9.42970848083496,0.296875,1.5164860356015564,3.3955328125526494,3.3452118527542942,3.454124927520752,0.80715012550354,19.603384017944336,0.40625,1.1972827909227657,3.824563799298376,3.156383632736947,-5.573307991027832,-1.3539581298828125,14.622286796569824,0.3046875,1.532014575743322,3.537199532130819,2.9198192632411546,0.1416667195781698,,,,,,,,,,,,,,,,,-9.560096899668375,1.4152611340892145,3.1404715829107985,-0.20799599458805734,-1.5005865553136242,2.3777437470613862,-1.0,0.0
VisualCogA_Task-1,79,45.0,VisualCogA_Task-1:q1_045,683.6015625,-1,left,unresolved_from_allowed_channels,target_locked,2.2,685.8015625,26,32,45,83,128.0,-44.55438995361328,-10.761067390441896,-40.35469055175781,0.4640624523162842,1.0248265321892274,1.5027535530459268,1.358318353173655,4.640792846679688,1.1981092691421509,19.075092315673828,0.4562499523162842,1.7440305250918544,2.139668012530822,1.888863339841544,-24.95393180847168,-5.98790168762207,-10.508265495300291,0.4562499523162842,2.077380331668237,2.213144209694808,1.482343110589757,0.7103906566488811,,,,,,,,,,,,,,,,,-21.622509638468426,1.6154124629831064,1.5765082678683189,-0.5251615971747845,-0.8451373399409662,-0.40952017183092115,-1.0,1.0
VisualCogA_Task-1,81,46.0,VisualCogA_Task-1:q1_046,700.4609375,1,right,unresolved_from_allowed_channels,cue_locked,0.0,700.4609375,25,32,45,83,128.0,-5.75974702835083,-1.368756890296936,12.72220230102539,0.421875,2.1214634901045284,0.3334568628787644,2.1378434843234344,4.405542850494385,1.1057244539260864,25.500713348388672,0.421875,2.2987299853807404,1.7980453897053637,1.8730848561281392,-3.8517403602600098,-0.8916763663291931,19.016860961914062,0.421875,2.6170093560045387,1.921548103437961,1.7999841121910796,1.5880912405591965,,,,,,,,,,,,,,,,,-1.7353148460388184,2.345734277163269,1.936970817547551,-0.10747878933634523,-0.7111557845366622,0.2393849885035339,1.0,0.0
VisualCogA_Task-1,81,46.0,VisualCogA_Task-1:q1_046,700.4609375,1,right,unresolved_from_allowed_channels,target_locked,2.2,702.6609375,26,32,45,83,128.0,8.219453811645508,1.9947057962417605,26.44882202148437,0.3937499523162842,1.342324741438666,2.407167869916801,2.637073471361551,11.743684768676758,2.905124425888061,35.579376220703125,0.3937499523162842,2.379402996519808,2.875996648556864,3.0023215423510488,27.75938034057617,6.796530246734619,52.23355865478516,0.3859374523162842,2.284722664655235,3.449264279830341,3.2614704994803017,1.042096409913539,,,,,,,,,,,,,,,,,15.907506306966146,2.0021501342045696,2.9669551710643005,0.13707170017089537,-0.288102790487328,1.9054706338511,1.0,1.0
VisualCogA_Task-1,84,47.0,VisualCogA_Task-1:q1_047,725.28125,-1,left,unresolved_from_allowed_channels,cue_locked,0.0,725.28125,25,32,45,83,128.0,-102.72789001464844,-24.805564880371094,-60.195556640625,0.2734375,0.7274449328423814,0.86600718918606,1.9195000087154528,27.239187240600582,6.7127885818481445,40.10145950317383,0.3828125,2.1363629815575584,1.6384434617993888,2.387904161219332,-22.25299644470215,-5.261805057525635,-5.991615295410156,0.375,2.748232488691088,1.5035467098967985,1.909873258176108,0.6375395207107385,,,,,,,,,,,,,,,,,-32.58056640625,1.8706801343636759,2.0724258093702974,-0.5037171076522237,-1.1142005805122774,0.4800590092359825,-1.0,0.0
VisualCogA_Task-1,84,47.0,VisualCogA_Task-1:q1_047,725.28125,-1,left,unresolved_from_allowed_channels,target_locked,2.2,727.48125,26,32,45,83,128.0,65.32646942138672,15.884663581848145,78.20511627197266,0.3234374523162842,2.29454570263952,2.3155865608713926,1.4962606099256657,19.493698120117188,4.822994232177734,32.69104766845703,0.3390624523162842,2.135837214193025,2.255132278538978,2.7332361576531587,48.8603744506836,11.967408180236816,61.78487777709961,0.4640624523162842,3.180186817186628,2.0460257117450777,3.202046183750227,-0.2695608491263148,,,,,,,,,,,,,,,,,44.5601806640625,2.5368565780063914,2.4771809837763503,0.6426604812910419,0.4820574115751777,1.0900329944663345,-1.0,1.0
VisualCogA_Task-1,89,48.0,VisualCogA_Task-1:q1_048,766.94921875,1,right,unresolved_from_allowed_channels,cue_locked,0.0,766.94921875,25,32,45,83,128.0,-14.99095344543457,-3.5874855518341064,5.538829803466797,0.5546875,1.8214742140128843,1.4881728203376163,2.2161106668512573,-2.364051103591919,-0.4626060724258423,16.70632553100586,0.578125,2.6140764582350826,2.9884598173230184,2.0294763733058465,-2.1257028579711914,-0.3820975720882416,17.833425521850586,0.578125,2.897732620163893,3.096379825190474,1.8667340938258004,1.6082070048528576,,,,,,,,,,,,,,,,,-6.4935691356658936,2.4444277641372865,2.0374403779943013,-0.1686033573808225,-0.6274223892500839,0.41789751689808113,1.0,0.0
VisualCogA_Task-1,89,48.0,VisualCogA_Task-1:q1_048,766.94921875,1,right,unresolved_from_allowed_channels,target_locked,2.2,769.14921875,26,32,45,83,128.0,-5.640864372253418,-1.4198048114776611,10.611664772033691,0.3156249523162842,2.751403418414962,1.6530958405385534,2.0580147248509992,0.7295444011688232,0.12864950299263,16.508333206176758,0.5109374523162842,2.164622394022286,2.237363979789789,2.656480925142922,-2.668405055999756,-0.6505675911903381,10.088285446166992,0.5187499523162842,2.0198015317726274,2.7728210539809908,2.7911517785974955,1.1197252134424374,,,,,,,,,,,,,,,,,-2.5265750090281167,2.311942448069958,2.5018824761971388,-0.18820560509799034,0.158104121379265,1.1311591444180593,1.0,1.0
VisualCogA_Task-1,90,49.0,VisualCogA_Task-1:q1_049,775.19921875,-1,left,unresolved_from_allowed_channels,cue_locked,0.0,775.19921875,25,32,45,83,128.0,-146.17550659179688,-35.460174560546875,-114.42732238769533,0.2578125,1.0770836584721637,2.2114945797558643,1.8103222706727973,7.896390438079834,1.871914505958557,27.40706825256348,0.59375,1.0455518563742745,3.0306031598274177,2.393966856565039,-128.57302856445312,-31.206377029418945,-100.06143188476562,0.25,0.5239503149365762,2.7543749638098327,2.1629557698290856,0.5428803840539684,,,,,,,,,,,,,,,,,-88.95071490605672,0.882195276594338,2.1224149656889737,-1.227848431437311,-1.9528495721340575,0.5688788532472121,-1.0,0.0
VisualCogA_Task-1,90,49.0,VisualCogA_Task-1:q1_049,775.19921875,-1,left,unresolved_from_allowed_channels,target_locked,2.2,777.39921875,26,32,45,83,128.0,2.728261709213257,0.7551249265670776,15.89373779296875,0.2843749523162842,0.8962202712855895,2.738072869318712,2.478047019750629,-9.505675315856934,-2.260850191116333,7.39215087890625,0.4640624523162842,2.865136953452674,3.063586725552533,2.265683538505992,-10.03270149230957,-2.404851198196411,0.4772453308105469,0.2921874523162842,3.227469303435353,2.7541688775445605,1.6137083674639825,0.0160960082258485,,,,,,,,,,,,,,,,,-5.603371699651082,2.329608842724539,2.1191463085735345,-0.24249700802880592,0.1835497733526133,0.4939318565482024,-1.0,1.0
VisualCogA_Task-1,91,50.0,VisualCogA_Task-1:q1_050,783.8125,1,right,unresolved_from_allowed_channels,cue_locked,0.0,783.8125,25,32,45,83,128.0,33.06699752807617,8.032496452331543,47.33999633789063,0.546875,1.5357248778308077,1.8488541927301647,1.9187386030528888,11.72395133972168,2.8606202602386475,22.385204315185547,0.390625,2.226187655946161,2.854657133825987,0.7041615908892965,28.714614868164062,6.942047595977783,56.47605514526367,0.578125,1.75659160135497,2.6202304846452225,1.0820387331182555,0.7713762919150577,,,,,,,,,,,,,,,,,24.501854578653973,1.8395013783773129,1.2349796423534805,0.22956407348211186,-1.1406532186710365,-1.0079004483723517,1.0,0.0
VisualCogA_Task-1,91,50.0,VisualCogA_Task-1:q1_050,783.8125,1,right,unresolved_from_allowed_channels,target_locked,2.2,786.0125,26,32,45,83,128.0,12.079249382019045,2.955693483352661,28.79916763305664,0.4249999523162842,2.918597039681274,1.858362793540555,1.975389250368204,18.730802536010746,4.569640636444092,32.25727081298828,0.5812499523162842,2.822809497194521,1.4210906699058503,2.263865874170649,2.524327516555786,0.654058575630188,22.215486526489254,0.5812499523162842,2.647331948980177,1.9988955725538209,2.294172622771621,0.1405327790132657,,,,,,,,,,,,,,,,,11.111459811528526,2.796246161951991,2.1778092491034915,0.052443393870289824,0.8556671495915265,0.5916012948050478,1.0,1.0
VisualCogA_Task-1,93,51.0,VisualCogA_Task-1:q1_051,800.55078125,1,right,unresolved_from_allowed_channels,cue_locked,0.0,800.55078125,25,32,45,83,128.0,-13.997300148010254,-3.365910530090332,-6.827686309814453,0.2734375,2.321107227198248,0.8825179289695227,0.4134283832980543,-5.023321151733398,-1.2122584581375122,9.80925750732422,0.578125,2.266841313167137,1.9393440893179903,0.1480536315279245,-6.274536609649658,-1.5377684831619265,10.33193016052246,0.5859375,1.182917545357679,2.378765259849917,1.3351052146997904,1.4962473308803943,,,,,,,,,,,,,,,,,-8.431719303131104,1.9236220285743546,0.6321957431752564,-0.19350084805295872,-1.0692836899343812,-2.0789161613838556,1.0,0.0
VisualCogA_Task-1,93,51.0,VisualCogA_Task-1:q1_051,800.55078125,1,right,unresolved_from_allowed_channels,target_locked,2.2,802.75078125,26,32,45,83,128.0,-2.535006046295166,-0.5518253445625305,7.093012809753418,0.3703124523162842,1.341288507559363,1.1112854973516024,0.5349551161693354,-5.2231125831604,-1.20361590385437,4.709985733032227,0.4484374523162842,1.6297513992437658,1.6341166982309605,0.919593636038588,-13.699071884155272,-3.2619271278381348,-1.488811492919922,0.4406249523162842,1.6930499329906077,1.935085173120093,1.184564451610091,0.8237996757684911,,,,,,,,,,,,,,,,,-7.15239683787028,1.5546966132645788,0.8797044012726715,-0.2698302238325428,-0.9325889344180078,-1.569646848243276,1.0,1.0
VisualCogA_Task-1,94,52.0,VisualCogA_Task-1:q1_052,809.03515625,-1,left,unresolved_from_allowed_channels,cue_locked,0.0,809.03515625,25,32,45,83,128.0,-16.54619789123535,-4.009497165679932,-10.270339965820312,0.3828125,2.1836346134527345,1.2013097560093884,2.098952047808816,0.6008312106132507,0.113092765212059,10.3841552734375,0.4921875,2.1459310667104585,1.479318968739763,2.58596465419502,-8.565528869628906,-2.118772268295288,6.228554248809815,0.2734375,2.57338577180408,1.8487525227177608,2.690336528449125,0.6474427667083729,,,,,,,,,,,,,,,,,-8.170298516750336,2.300983817322424,2.45841774348432,-0.1901426347939056,-0.7491229093996847,1.1658826138402407,-1.0,0.0
VisualCogA_Task-1,94,52.0,VisualCogA_Task-1:q1_052,809.03515625,-1,left,unresolved_from_allowed_channels,target_locked,2.2,811.23515625,26,32,45,83,128.0,15.113446235656738,3.718133211135864,27.599056243896484,0.2921874523162842,2.9372246573349,0.9035183880296198,2.206662294962845,3.365295171737671,0.8311255574226379,12.219544410705566,0.4249999523162842,1.961851044622125,1.5825945113815776,1.4745761556554908,-16.69898223876953,-4.039340019226074,-8.615165710449219,0.4249999523162842,1.5401225301650834,1.83395958093988,1.1750343542048454,0.9304411929102598,,,,,,,,,,,,,,,,,0.5932530562082926,2.1463994107073696,1.618757601607727,-0.13315489502643146,-0.0803344846691511,-0.3391781696098301,-1.0,1.0
VisualCogA_Task-1,99,53.0,VisualCogA_Task-1:q1_053,850.84375,1,right,unresolved_from_allowed_channels,cue_locked,0.0,850.84375,25,32,45,83,128.0,-0.1277642846107483,-0.0115887746214866,9.91505241394043,0.390625,2.842388985903824,1.299065491656446,1.8567587949211803,17.59099578857422,4.278378963470459,24.925689697265625,0.3984375,1.8789867988902047,0.5958808377178608,2.0064847223536706,16.11876678466797,3.939696788787842,26.57271194458008,0.5546875,2.1871139162006568,1.1979659786775103,2.170481408891147,-0.1010995129789358,,,,,,,,,,,,,,,,,11.193999429543814,2.3028299003315618,2.011241642055333,0.058611272712066474,-0.7475566581395924,0.3713480687626423,1.0,0.0
VisualCogA_Task-1,99,53.0,VisualCogA_Task-1:q1_053,850.84375,1,right,unresolved_from_allowed_channels,target_locked,2.2,853.04375,26,32,45,83,128.0,15.998891830444336,3.9311463832855225,24.621356964111328,0.2999999523162842,2.491639860581395,1.6048570328211698,1.357958417823198,14.91318130493164,3.675863981246948,32.31682205200195,0.4484374523162842,3.6063305340704095,2.3296724505322555,2.044625781058786,8.734895706176758,2.156348943710327,21.787458419799805,0.4484374523162842,3.1313110030528275,2.72832979213081,1.9081845270479296,1.12347275930964,,,,,,,,,,,,,,,,,13.215656280517578,3.076427132568211,1.7702562419766377,0.08957284694453688,1.2592235971435837,-0.08694418734037401,1.0,1.0
VisualCogA_Task-2,0,0.0,VisualCogA_Task-2:q1_000,20.05078125,1,right,unresolved_from_allowed_channels,cue_locked,0.0,20.05078125,25,32,45,83,128.0,55.9010009765625,13.617613792419434,63.96595764160156,0.375,2.3454492070725514,2.261892511698964,0.4499707231763424,-21.009300231933597,-5.092112064361572,0.1012649536132812,0.3125,2.5454639257186744,2.7776746250459943,1.292626149563648,-2.149801015853882,-0.4604301154613495,33.06422424316406,0.3125,2.694448523224922,2.96098853197137,1.376512789016369,0.6990960202724059,,,,,,,,,,,,,,,,,10.91396657625834,2.5284538853387164,1.039703220585453,0.05501396871075415,-0.5561330606765627,-1.354864122052663,1.0,0.0
VisualCogA_Task-2,0,0.0,VisualCogA_Task-2:q1_000,20.05078125,1,right,unresolved_from_allowed_channels,target_locked,2.2,22.25078125,26,32,45,83,128.0,98.01153564453124,23.78716468811035,123.07829284667967,0.5343749523162842,2.0103170152899525,1.1121948064370557,1.4658993279852894,72.86746215820312,17.702136993408203,97.97917175292967,0.5343749523162842,2.1116505504772043,1.339478270487036,1.7924185383625428,99.54297637939452,24.1828727722168,127.75830078125,0.5343749523162842,1.9567215594602008,1.7339663412949236,1.40983755589592,0.6217715348578678,,,,,,,,,,,,,,,,,90.14065806070964,2.026229708409119,1.5560518074145842,1.4469476386655056,-0.2534199660143384,-0.44357865889601045,1.0,1.0
VisualCogA_Task-2,1,1.0,VisualCogA_Task-2:q1_001,28.9765625,-1,left,unresolved_from_allowed_channels,cue_locked,0.0,28.9765625,25,32,45,83,128.0,-114.26473999023438,-27.69940185546875,-105.77549743652344,0.265625,0.9314337779937208,0.462098001219327,1.7784983998076065,-4.932271480560303,-1.2078425884246826,10.71294403076172,0.4765625,2.009637715793612,2.7912742786449525,1.1156639211939348,-64.6311264038086,-15.66128635406494,-47.98566436767578,0.59375,1.4660096647153271,2.547627145268787,0.6804351499460418,2.08552914404946,,,,,,,,,,,,,,,,,-61.27604595820109,1.46902705283422,1.191532490315861,-0.8723394396418848,-1.4549705469502068,-1.0850965755106645,-1.0,0.0
VisualCogA_Task-2,1,1.0,VisualCogA_Task-2:q1_001,28.9765625,-1,left,unresolved_from_allowed_channels,target_locked,2.2,31.1765625,26,32,45,83,128.0,-25.86126708984375,-6.253790855407715,-13.302270889282228,0.4015624523162842,2.4130171058006407,1.826455654352361,0.6563289385194617,-7.540027618408203,-1.814043402671814,8.287123680114746,0.4093749523162842,3.0251590938179302,2.791135877326033,1.2275106729479788,-21.35160446166992,-5.172337532043457,-10.590328216552734,0.4093749523162842,2.470437242589559,1.8277878899362083,1.5307210885416438,0.0013322355838476,,,,,,,,,,,,,,,,,-18.250966389973957,2.6362044807360436,1.138186900003028,-0.4656692642687638,0.6251523784073212,-1.1392926890049144,-1.0,1.0
VisualCogA_Task-2,2,2.0,VisualCogA_Task-2:q1_002,38.1953125,-1,left,unresolved_from_allowed_channels,cue_locked,0.0,38.1953125,25,32,45,83,128.0,49.65898132324219,11.844618797302246,168.22000122070312,0.5234375,5.1572002479415,1.539767461401194,1.9004628890712485,31.195987701416016,7.359430313110352,129.72532653808594,0.5234375,5.300277142435511,0.4516140806310055,2.4761358896264825,55.65683364868164,13.249197959899902,170.54100036621094,0.546875,5.388313256727089,0.4398155629785073,2.754426769007213,-1.0999518984226868,,,,,,,,,,,,,,,,,45.50393422444662,5.281930215701366,2.377008515901648,0.49935693620979854,1.7799676188261326,1.0212361459368373,-1.0,0.0
VisualCogA_Task-2,2,2.0,VisualCogA_Task-2:q1_002,38.1953125,-1,left,unresolved_from_allowed_channels,target_locked,2.2,40.3953125,26,32,45,83,128.0,83.18341827392578,20.117816925048828,115.4882354736328,0.5890624523162842,0.4252285496102848,2.25804837395116,1.5259307953364374,66.47207641601562,16.09904670715332,82.29080200195312,0.4249999523162842,2.333925229565521,2.544971756118738,1.2571007135994594,100.53660583496094,24.35243034362793,124.31120300292967,0.5109374523162842,2.3953681064808343,2.3202731660872904,0.5270813307300375,0.0622247921361305,,,,,,,,,,,,,,,,,83.39736684163411,1.7181739618855467,1.1033709465553114,1.3279593604440627,-0.6971256268293096,-1.1972586652225312,-1.0,1.0
VisualCogA_Task-2,3,3.0,VisualCogA_Task-2:q1_003,46.9296875,-1,left,unresolved_from_allowed_channels,cue_locked,0.0,46.9296875,25,32,45,83,128.0,-23.21170425415039,-5.63561487197876,52.79876708984375,0.578125,4.218663999646489,1.6640133965160857,2.169207270805648,-15.18288230895996,-3.7060387134552,68.2326889038086,0.578125,4.0517993508788575,1.1460535761211257,2.468448637961512,-44.248085021972656,-10.704745292663574,34.17448425292969,0.578125,4.399036394792144,2.1348976723644237,2.087796900214191,0.4708842758483378,,,,,,,,,,,,,,,,,-27.547557195027668,4.223166581772497,2.2418176029937835,-0.43906303595401874,0.8816928025947487,0.7810313359243484,-1.0,0.0
VisualCogA_Task-2,3,3.0,VisualCogA_Task-2:q1_003,46.9296875,-1,left,unresolved_from_allowed_channels,target_locked,2.2,49.1296875,26,32,45,83,128.0,-2.2058968544006348,-0.5448131561279297,8.129319190979004,0.4484374523162842,1.849963169063584,1.5433607064777042,1.483902821156744,1.909202218055725,0.4916130006313324,14.620311737060549,0.4484374523162842,2.4297735515357077,2.2060577817790605,1.2416033818576715,-1.613716959953308,-0.3732507228851318,11.327497482299805,0.4484374523162842,2.1462538933228945,1.9501164509607716,0.635265428906799,0.4067557444830671,,,,,,,,,,,,,,,,,-0.6368038654327393,2.1419968713073954,1.1202572106404047,-0.1548597792536472,-0.0866756475131302,-1.1691442899022968,-1.0,1.0
VisualCogA_Task-2,4,4.0,VisualCogA_Task-2:q1_004,55.68359375,1,right,unresolved_from_allowed_channels,cue_locked,0.0,55.68359375,25,32,45,83,128.0,41.433963775634766,10.0414400100708,77.8372802734375,0.546875,0.1154957765107386,1.1031843806142028,1.5769962995123086,-16.573986053466797,-4.008938312530518,-3.785957336425781,0.46875,0.8711793472857564,2.079381272371616,1.1414616209439323,36.10759735107422,8.74286937713623,70.039794921875,0.5546875,0.5920510291776448,1.5465028663593616,1.5876525259208596,0.4433184857451588,,,,,,,,,,,,,,,,,20.322525024414062,0.52624205099138,1.435370148792367,0.17587637665696934,-2.2548469283607324,-0.6518501599904393,1.0,0.0
VisualCogA_Task-2,4,4.0,VisualCogA_Task-2:q1_004,55.68359375,1,right,unresolved_from_allowed_channels,target_locked,2.2,57.88359375,26,32,45,83,128.0,-40.37081146240234,-9.790081977844238,-33.04913330078125,0.3937499523162842,1.7743842085131811,1.826296086801964,1.967426633212812,-31.480274200439453,-7.66470193862915,-20.377487182617188,0.3937499523162842,1.4725556423158832,2.28435633669242,1.95293148401852,-41.285621643066406,-10.050421714782717,-31.114501953125,0.3937499523162842,1.5979038336330744,2.201505869049609,1.5765774468065692,0.3752097822476454,,,,,,,,,,,,,,,,,-37.71223576863607,1.6149478948207128,1.8323118546793005,-0.8090717453628786,-0.8458064770235061,0.016373798062323808,1.0,1.0
VisualCogA_Task-2,5,5.0,VisualCogA_Task-2:q1_005,64.37109375,-1,left,unresolved_from_allowed_channels,cue_locked,0.0,64.37109375,25,32,45,83,128.0,-15.38840389251709,-3.7242372035980233,83.6111831665039,0.59375,4.203035576569326,0.0550126355508706,2.401681758003269,-4.929014205932617,-1.1904767751693726,87.46697998046875,0.59375,4.054220083112988,1.3443987743840216,2.4353064883587345,-4.158556938171387,-0.9864945411682128,126.14495849609376,0.59375,4.362106884143059,1.93495494760221,2.220698900907182,1.8799423120513397,,,,,,,,,,,,,,,,,-8.158658345540365,4.206454181275125,2.3525623824230615,-0.18999310507273784,0.8675136902749815,0.9778006906872247,-1.0,0.0
VisualCogA_Task-2,5,5.0,VisualCogA_Task-2:q1_005,64.37109375,-1,left,unresolved_from_allowed_channels,target_locked,2.2,66.57109375,26,32,45,83,128.0,71.35506439208984,17.312652587890625,89.53575134277344,0.5812499523162842,3.0720911583143944,0.460160569426316,2.020344175556452,74.49861907958984,18.084129333496094,102.8447036743164,0.4171874523162842,3.763421651399466,1.2597451411396134,2.428592028353988,82.67224884033203,20.071813583374023,110.67350769042967,0.4171874523162842,3.224942743082277,1.978951585342255,1.8874680139490023,1.518791015915939,,,,,,,,,,,,,,,,,76.17531077067058,3.353485184265379,2.1121347392864807,1.2005230701839364,1.6582819731021494,0.4822581145335861,-1.0,1.0
VisualCogA_Task-2,6,6.0,VisualCogA_Task-2:q1_006,72.94921875,1,right,unresolved_from_allowed_channels,cue_locked,0.0,72.94921875,25,32,45,83,128.0,57.51509094238281,13.996953964233398,109.22096252441406,0.59375,4.135002933450161,0.3358334021623313,1.6152682128836868,29.59289932250977,7.245757102966309,46.36392974853516,0.59375,3.940296526549632,0.6617140696496931,1.9788920998887496,55.69300842285156,13.5654878616333,86.39273071289062,0.59375,4.068851934526804,0.54297881405843,1.8003469928285831,0.2071454118960986,,,,,,,,,,,,,,,,,47.60033289591471,4.048050464842198,1.7981691018670063,0.5262872882764903,0.7331210225355883,-0.007235431666091408,1.0,0.0
VisualCogA_Task-2,6,6.0,VisualCogA_Task-2:q1_006,72.94921875,1,right,unresolved_from_allowed_channels,target_locked,2.2,75.14921875,26,32,45,83,128.0,81.919921875,19.840288162231445,96.14836120605467,0.5890624523162842,0.5488328512886645,0.2918474447647277,1.631833310270972,30.53054618835449,7.408343315124512,42.94911193847656,0.5890624523162842,0.8822566806956574,1.445066392719722,1.8565914739103464,80.50313568115234,19.54499244689941,96.9140396118164,0.4328124523162842,1.1736687146215945,1.0582749464116987,1.5988087365906418,0.766427501646971,,,,,,,,,,,,,,,,,64.31786791483562,0.8682527488686388,1.6957445069239867,0.9912933834200334,-1.92130293148307,-0.21100069116358328,1.0,1.0
VisualCogA_Task-2,7,7.0,VisualCogA_Task-2:q1_007,81.5,1,right,unresolved_from_allowed_channels,cue_locked,0.0,81.5,25,32,45,83,128.0,1.7126977443695068,0.4331933557987213,90.52264404296876,0.59375,4.034187561529324,2.4692973137889767,1.3298108337449506,10.761632919311523,2.635988235473633,87.4937744140625,0.59375,4.001730401952631,3.2398756068412062,2.12917936455326,14.880453109741213,3.670227289199829,94.2313995361328,0.59375,4.184340867962988,2.744280367646753,1.319798761460645,0.2749830538577762,,,,,,,,,,,,,,,,,9.118261257807413,4.073419610481648,1.592929653252952,0.03194632557012537,0.754644678908881,-0.3719012342781765,1.0,0.0
VisualCogA_Task-2,7,7.0,VisualCogA_Task-2:q1_007,81.5,1,right,unresolved_from_allowed_channels,target_locked,2.2,83.7,26,32,45,83,128.0,19.653114318847656,4.727859020233154,27.773887634277344,0.3546874523162842,2.5921439559572232,1.982705283192547,1.6061563514106711,24.743371963500977,5.959604740142822,41.03266906738281,0.5734374523162842,0.9692498753794552,1.4854939390414066,1.6547855093955013,20.58621597290039,4.952063083648682,31.506080627441406,0.4874999523162842,0.1827864882562697,1.07013741645467,1.6632993889589325,-0.9125678667378768,,,,,,,,,,,,,,,,,21.660900751749676,1.2480601065309826,1.6414137499217016,0.23859282341365812,-1.3742504044137105,-0.30145736565934156,1.0,1.0
VisualCogA_Task-2,8,8.0,VisualCogA_Task-2:q1_008,90.0625,-1,left,unresolved_from_allowed_channels,cue_locked,0.0,90.0625,25,32,45,83,128.0,34.40824508666992,8.315271377563477,68.9679946899414,0.59375,1.0634501314192226,2.3197307874239343,1.501710140506053,31.0142879486084,7.562732219696045,47.28526306152344,0.59375,1.370609548198865,1.3283574551269564,2.026171528959928,37.726036071777344,9.171964645385742,73.63075256347656,0.59375,0.6097760625468225,1.4158892795836209,1.5360615828075732,-0.9038415078403136,,,,,,,,,,,,,,,,,34.382856369018555,1.01461191405497,1.6879810840911846,0.3564954919225663,-1.8405048269339044,-0.20301554222376103,-1.0,0.0
VisualCogA_Task-2,8,8.0,VisualCogA_Task-2:q1_008,90.0625,-1,left,unresolved_from_allowed_channels,target_locked,2.2,92.2625,26,32,45,83,128.0,-2.191887855529785,-0.5785075426101685,15.775642395019531,0.4249999523162842,3.512407989191983,1.6156047445913029,2.404551655341413,7.331985950469971,1.7690540552139282,33.87740707397461,0.4328124523162842,3.9823295250460338,2.758709782075376,1.205852423137335,-8.99148941040039,-2.176104784011841,15.977511405944824,0.4328124523162842,3.484634782781212,3.1123613877401404,0.7548245324175684,1.4967566431488375,,,,,,,,,,,,,,,,,-1.2837971051534016,3.659790765673076,1.4550762036321057,-0.16627625365972054,2.099466797419057,-0.6116955383089028,-1.0,1.0
VisualCogA_Task-2,9,9.0,VisualCogA_Task-2:q1_009,98.97265625,-1,left,unresolved_from_allowed_channels,cue_locked,0.0,98.97265625,25,32,45,83,128.0,159.707275390625,38.69252014160156,254.5542755126953,0.59375,2.6128374949351936,2.207923745459312,0.3528040404799659,80.5550765991211,19.5103816986084,138.00338745117188,0.5703125,2.4795475951447217,2.409653251465747,1.1028668598492597,122.86815643310548,29.75412940979004,212.41033935546875,0.59375,2.5969984985700414,1.9709641916840308,1.0448186001334532,-0.2369595537752813,,,,,,,,,,,,,,,,,121.04350280761719,2.5631278628833187,0.8334965001542263,1.469738765104098,-0.5267150113511347,-1.721248556028919,-1.0,0.0
VisualCogA_Task-2,9,9.0,VisualCogA_Task-2:q1_009,98.97265625,-1,left,unresolved_from_allowed_channels,target_locked,2.2,101.17265625,26,32,45,83,128.0,146.22711181640625,35.47329330444336,167.24334716796875,0.4093749523162842,2.969978577138357,3.0203270332974923,1.379516403303175,-17.97378921508789,-4.347687244415283,-1.529436111450195,0.4093749523162842,3.14840083345608,3.5451709323464167,1.5409531640949008,-14.35009479522705,-3.4677882194519043,10.529926300048828,0.5968749523162842,3.1086729606003054,2.947200150582332,1.089082412193643,-0.0731268827151603,,,,,,,,,,,,,,,,,37.967742602030434,3.0756841237315804,1.336517326530573,0.5263340720053634,1.2581534102356329,-0.8090872616398495,-1.0,1.0
VisualCogA_Task-2,10,10.0,VisualCogA_Task-2:q1_010,107.55078125,1,right,unresolved_from_allowed_channels,cue_locked,0.0,107.55078125,25,32,45,83,128.0,58.81342315673828,14.290939331054688,188.4453582763672,0.59375,4.8313453621840425,2.7761395743546338,1.4708395613344196,19.37452888488769,4.756407260894775,138.88433837890625,0.59375,4.623219736872362,3.174091119156882,1.7899054966086512,39.497894287109375,9.61667823791504,176.20558166503906,0.59375,4.621197720982157,2.803767172450412,1.9302194486716309,0.027627598095778,,,,,,,,,,,,,,,,,39.22861544291178,4.691920940012854,1.7303215022049006,0.4187441470406903,1.2793927438399026,-0.12778584024086367,1.0,0.0
VisualCogA_Task-2,10,10.0,VisualCogA_Task-2:q1_010,107.55078125,1,right,unresolved_from_allowed_channels,target_locked,2.2,109.75078125,26,32,45,83,128.0,82.64984130859375,20.06480598449707,91.05154418945312,0.4171874523162842,1.728375048971613,0.4921677986589999,1.8754027009958791,43.98757553100586,10.66763401031494,54.25907516479492,0.4718749523162842,2.5666695477943504,1.6559092427985054,1.5201163684563246,75.74977111816406,18.36472511291504,87.77873229980469,0.4640624523162842,2.098718887566692,1.936848940944596,1.1967581958640912,1.4446811422855963,,,,,,,,,,,,,,,,,67.46239598592122,2.131254494777552,1.5307590884387647,1.0467799357342855,-0.1021483446813768,-0.4856891571431112,1.0,1.0
VisualCogA_Task-2,11,11.0,VisualCogA_Task-2:q1_011,116.25390625,1,right,unresolved_from_allowed_channels,cue_locked,0.0,116.25390625,25,32,45,83,128.0,189.81124877929688,45.9384880065918,372.1421203613281,0.5703125,4.692288990862289,1.9691816562056768,2.2010721807654474,36.56182098388672,8.916899681091309,164.40216064453125,0.5703125,4.760493373021806,2.499895899745316,1.7713921249529785,145.7130889892578,35.39180374145508,324.90802001953125,0.5703125,5.120049394854343,2.824641588413161,1.7715922365858148,0.8554599322074843,,,,,,,,,,,,,,,,,124.02871958414714,4.857610586246145,1.9146855141014136,1.5080868807948258,1.4199669303269802,0.19978885763046023,1.0,0.0
VisualCogA_Task-2,11,11.0,VisualCogA_Task-2:q1_011,116.25390625,1,right,unresolved_from_allowed_channels,target_locked,2.2,118.45390625,26,32,45,83,128.0,-72.91920471191406,-17.683002471923828,-52.71917724609375,0.2531249523162842,1.7208861226719951,0.9636545685398148,2.733010053226929,-60.10516357421875,-14.587676048278809,-46.61679458618164,0.2843749523162842,1.5196046423354337,2.00555230509108,3.329805960660871,-65.1859130859375,-15.821307182312012,-53.29388046264648,0.2687499523162842,1.934320035290551,1.8801993627483105,2.75183138334639,0.9165447942084952,,,,,,,,,,,,,,,,,-66.07009379069011,1.7249369334326599,2.9382157990780633,-1.3094583652595846,-0.687384634189995,1.8576217143732758,1.0,1.0
VisualCogA_Task-2,12,12.0,VisualCogA_Task-2:q1_012,124.8828125,1,right,unresolved_from_allowed_channels,cue_locked,0.0,124.8828125,25,32,45,83,128.0,86.22283935546875,20.80984306335449,105.12300872802734,0.265625,1.511714832635536,0.8161715223743016,1.538058160098596,51.12155151367188,12.303351402282717,70.96167755126953,0.2578125,2.128018446458352,0.830601234531769,1.9601319338481256,86.12715148925781,20.79898452758789,102.75584411621094,0.2578125,2.2251043030281283,0.3250551712427031,2.380690965064338,-0.4911163511315984,,,,,,,,,,,,,,,,,74.49051411946614,1.9549458607073387,1.9596270196703534,0.8717187452523036,-1.0427079664667112,0.2796401255497731,1.0,0.0
VisualCogA_Task-2,12,12.0,VisualCogA_Task-2:q1_012,124.8828125,1,right,unresolved_from_allowed_channels,target_locked,2.2,127.0828125,26,32,45,83,128.0,-21.92378044128418,-5.324558258056641,-11.337623596191406,0.2531249523162842,2.008958647320388,1.1651443069836307,0.8714506147347052,8.576430320739746,2.0536787509918213,15.656057357788086,0.4640624523162842,1.911563984606729,1.244680755155834,0.8485974495158037,65.71855163574219,15.89526081085205,77.91134643554688,0.4874999523162842,1.4729026235271447,0.8904573615149387,0.2852052344453038,-0.274686945468692,,,,,,,,,,,,,,,,,17.457067171732586,1.797808418484754,0.6684177662319376,0.16441436910032153,-0.5824247663917373,-1.921423400342116,1.0,1.0
VisualCogA_Task-2,13,13.0,VisualCogA_Task-2:q1_013,133.4609375,-1,left,unresolved_from_allowed_channels,cue_locked,0.0,133.4609375,25,32,45,83,128.0,22.754262924194336,5.431827545166016,134.33670043945312,0.5703125,4.627646695206476,2.0706127038188584,1.500093252108901,29.432544708251957,7.077234268188477,138.77679443359375,0.5703125,4.126670120249004,1.0661949589565187,2.3050231978045987,25.30676651000977,6.08177375793457,155.5735321044922,0.5703125,4.546053197185674,1.5607042585542357,2.2673191850641445,-0.5099084452646228,,,,,,,,,,,,,,,,,25.831191380818684,4.433456670880385,2.024145211659215,0.24664074338499614,1.0601068367524047,0.39427490177615826,-1.0,0.0
VisualCogA_Task-2,13,13.0,VisualCogA_Task-2:q1_013,133.4609375,-1,left,unresolved_from_allowed_channels,target_locked,2.2,135.6609375,26,32,45,83,128.0,-14.02366828918457,-3.4007973670959477,-5.100026607513428,0.3468749523162842,1.4782102747293264,0.8438334607041206,2.1598317528296,2.632053852081299,0.6483191847801208,16.508882522583008,0.5578124523162842,1.5378384348277103,0.7649419009760554,1.9484531830860727,18.875131607055664,4.565216064453125,30.01262855529785,0.5031249523162842,1.247534207132107,0.3442285091106162,1.843602597175118,-0.4996049515935044,,,,,,,,,,,,,,,,,2.4945057233174643,1.4211943055630478,1.9839625110302637,-0.09960647275404132,-1.1248779286260697,0.26886087564952227,-1.0,1.0
VisualCogA_Task-2,14,14.0,VisualCogA_Task-2:q1_014,142.24609375,-1,left,unresolved_from_allowed_channels,cue_locked,0.0,142.24609375,25,32,45,83,128.0,-48.55895233154297,-11.95470905303955,99.32437896728516,0.5625,5.579577317981573,1.111921640128056,1.6556328011756978,-8.676297187805176,-2.2172601222991943,136.21279907226562,0.5859375,5.163284904996695,1.506526873775755,2.166282825523137,-21.00574493408203,-5.240996837615967,142.7274627685547,0.59375,5.24189665184326,1.9675643666327236,2.236802526710503,0.8556427265046673,,,,,,,,,,,,,,,,,-26.080331484476726,5.3282529582738425,2.0195727178031126,-0.4202150441649531,1.819268697686592,0.38615057600333913,-1.0,0.0
VisualCogA_Task-2,14,14.0,VisualCogA_Task-2:q1_014,142.24609375,-1,left,unresolved_from_allowed_channels,target_locked,2.2,144.44609375,26,32,45,83,128.0,11.94880485534668,2.866666793823242,28.76744842529297,0.4562499523162842,2.290868729376626,1.9934773947659048,2.515904687030705,3.4738731384277344,0.7977632880210876,24.641740798950195,0.4562499523162842,2.979445739923983,2.7332453457338204,2.3461634298725387,9.90796947479248,2.3949174880981445,27.769620895385746,0.4562499523162842,3.0223502064989014,1.8853382774936047,2.071758331735598,-0.1081391172723,,,,,,,,,,,,,,,,,8.443549156188965,2.764221558599837,2.311275482879614,0.005366961158991833,0.8095407651528014,0.8138126596191567,-1.0,1.0
VisualCogA_Task-2,15,15.0,VisualCogA_Task-2:q1_015,151.16796875,-1,left,unresolved_from_allowed_channels,cue_locked,0.0,151.16796875,25,32,45,83,128.0,68.13471984863281,16.554365158081055,75.83345031738281,0.4296875,1.945684513138632,0.9713561567090494,1.8957462542586023,17.208328247070312,4.194403648376465,26.23890686035156,0.375,1.9113767896868925,1.858631841808505,2.14363326411814,38.259761810302734,9.311559677124023,51.902870178222656,0.375,1.969074549169374,0.9195140959005652,2.188075234163596,-0.0518420608084841,,,,,,,,,,,,,,,,,41.20093663533529,1.9420452839982996,2.0758182508467797,0.444080598939587,-1.0536530563821904,0.4860866389250599,-1.0,0.0
VisualCogA_Task-2,15,15.0,VisualCogA_Task-2:q1_015,151.16796875,-1,left,unresolved_from_allowed_channels,target_locked,2.2,153.36796875,26,32,45,83,128.0,142.83544921875,34.62969207763672,157.18896484375,0.5734374523162842,2.111353820120851,-0.36334528985035,0.9814163776399136,57.27559661865234,13.884217262268066,74.79978942871094,0.5968749523162842,2.3137219396864506,0.9771145171216634,1.3839345665791802,86.61671447753906,20.99712562561035,98.91214752197266,0.4484374523162842,2.3010333682680577,-0.030990102738826,0.4690029636301034,0.332355187111524,,,,,,,,,,,,,,,,,95.57592010498047,2.2420363760251196,0.9447846359497324,1.5428551786662486,0.05741546277876525,-1.461293091934619,-1.0,1.0
VisualCogA_Task-2,16,16.0,VisualCogA_Task-2:q1_016,159.93359375,1,right,unresolved_from_allowed_channels,cue_locked,0.0,159.93359375,25,32,45,83,128.0,94.64666748046876,23.247692108154297,156.9962158203125,0.3359375,5.4972196454662265,3.144758284222497,1.4413785703643442,97.4631805419922,23.91604232788086,154.10977172851562,0.34375,5.265574711765496,2.9661619310182616,1.2141299407284911,105.41629028320312,25.859525680541992,168.41690063476562,0.34375,5.446002850820224,2.881488551945785,0.5584320930673596,-0.2632697322767123,,,,,,,,,,,,,,,,,99.17537943522136,5.402932402683983,1.0713135347200649,1.1888206985781087,1.8826281313260433,-1.2986994780109864,1.0,0.0
VisualCogA_Task-2,16,16.0,VisualCogA_Task-2:q1_016,159.93359375,1,right,unresolved_from_allowed_channels,target_locked,2.2,162.13359375,26,32,45,83,128.0,13.485331535339355,3.3179824352264404,39.85438919067383,0.5578124523162842,1.8468407869017844,1.1628484649714368,2.534301256759486,12.82610321044922,3.173943519592285,35.20737075805664,0.5265624523162842,1.7329735380243136,1.9196912434816784,2.944115700005353,1.4302968978881836,0.4044244885444641,21.91033363342285,0.5265624523162842,1.2060402085778752,1.5822683073262596,2.7163736778519314,0.4194198423548227,,,,,,,,,,,,,,,,,9.247243881225586,1.5952848445013246,2.73159687820559,0.019548500772354985,-0.8741279962097569,1.5136165596275015,1.0,1.0
VisualCogA_Task-2,17,17.0,VisualCogA_Task-2:q1_017,168.609375,1,right,unresolved_from_allowed_channels,cue_locked,0.0,168.609375,25,32,45,83,128.0,27.933950424194336,6.787970066070557,41.36561584472656,0.3515625,2.5882624606371536,1.6366761227192872,1.2006330929330735,40.94165802001953,9.952914237976074,54.420928955078125,0.3515625,2.27738517849764,1.648379276359896,1.6355003077362682,48.79273986816406,11.866499900817873,62.10552978515625,0.3515625,2.4011105437565745,0.7077274528776403,1.5863048513119968,-0.9289486698416468,,,,,,,,,,,,,,,,,39.22278277079264,2.422252727630456,1.4741460839937794,0.4186692204936571,-0.6462361038552792,-0.5829537678604468,1.0,0.0
VisualCogA_Task-2,17,17.0,VisualCogA_Task-2:q1_017,168.609375,1,right,unresolved_from_allowed_channels,target_locked,2.2,170.809375,26,32,45,83,128.0,25.5144157409668,6.14163064956665,47.41106033325195,0.4484374523162842,2.0038011770175066,2.0432863651875004,2.2423239002452173,13.678712844848633,3.266397476196289,44.250186920166016,0.4953124523162842,3.084764885750347,1.4355418664820854,1.767713077655845,9.75168514251709,2.3018124103546143,43.253021240234375,0.5031249523162842,2.8234861111887497,0.9283298473729884,1.5875591194332197,-1.114956517814512,,,,,,,,,,,,,,,,,16.314937909444172,2.637350724652201,1.8658653657780941,0.14426100629706767,0.6268033617764459,0.07223790154841621,1.0,1.0
VisualCogA_Task-2,18,18.0,VisualCogA_Task-2:q1_018,177.421875,-1,left,unresolved_from_allowed_channels,cue_locked,0.0,177.421875,25,32,45,83,128.0,240.13204956054688,58.229488372802734,409.043212890625,0.59375,4.53255325174772,1.963808354932361,2.0490497546488924,108.32528686523438,26.31270980834961,216.42068481445312,0.59375,3.9809482378498697,2.1028548026293814,1.3180477882234791,164.05477905273438,39.772830963134766,321.2032470703125,0.59375,4.02836934155267,2.413489376546596,1.4403440021195435,0.4496810216142348,,,,,,,,,,,,,,,,,170.83737182617188,4.18062361038342,1.602480514997305,2.109391156456427,0.8455985521106719,-0.3549314329697012,-1.0,0.0
VisualCogA_Task-2,18,18.0,VisualCogA_Task-2:q1_018,177.421875,-1,left,unresolved_from_allowed_channels,target_locked,2.2,179.621875,26,32,45,83,128.0,193.53775024414065,46.87765121459961,228.8739318847656,0.5734374523162842,0.7585646581770955,1.628133050362186,1.3917252837641287,51.73410034179688,12.542492866516112,86.52403259277344,0.5734374523162842,1.666270076854096,1.8497478230597104,1.2622325190218195,78.99641418457031,19.144359588623047,129.65084838867188,0.5812499523162842,2.1844610192725917,1.9451221197998072,1.3286154369577108,0.3169890694376212,,,,,,,,,,,,,,,,,108.08942159016927,1.5364319181012611,1.3275244132478863,1.763661302541203,-0.9588963438024444,-0.8240597942247785,-1.0,1.0
VisualCogA_Task-2,19,19.0,VisualCogA_Task-2:q1_019,185.91015625,-1,left,unresolved_from_allowed_channels,cue_locked,0.0,185.91015625,25,32,45,83,128.0,4.314233303070068,1.067816138267517,99.50152587890624,0.59375,3.974638726406648,1.7489542156972755,2.109351133751745,4.5639190673828125,1.108696699142456,103.98683166503906,0.59375,3.7747785729614822,1.685221869572768,2.2435403711713304,0.2317748367786407,0.0758881717920303,113.43077850341795,0.59375,4.034876633295598,1.023118434960151,1.2368743628362322,-0.7258357807371245,,,,,,,,,,,,,,,,,3.036642402410507,3.9280979775545757,1.8632552892531027,-0.04617819298653604,0.6313510948370462,0.10840854868168133,-1.0,0.0
VisualCogA_Task-2,19,19.0,VisualCogA_Task-2:q1_019,185.91015625,-1,left,unresolved_from_allowed_channels,target_locked,2.2,188.11015625,26,32,45,83,128.0,35.701210021972656,8.744502067565918,50.54127502441406,0.4171874523162842,2.746867256880494,1.1981107736088834,1.7885882381365426,20.0622615814209,4.948512077331543,36.09380722045898,0.3703124523162842,3.15749430938654,2.032832693623192,2.252547963680615,27.457246780395508,6.708965301513672,41.7874755859375,0.3703124523162842,2.9088499319028567,1.3814417932798864,2.1067703784411123,0.1833310196710029,,,,,,,,,,,,,,,,,27.74023946126302,2.9377371660566305,2.049302193419423,0.34586537360749825,1.0594625995518112,0.37764659312597565,-1.0,1.0
VisualCogA_Task-2,20,20.0,VisualCogA_Task-2:q1_020,194.61328125,1,right,unresolved_from_allowed_channels,cue_locked,0.0,194.61328125,25,32,45,83,128.0,-127.0733413696289,-30.85513687133789,-46.57114410400391,0.59375,3.250567784833862,1.4553414727624838,1.4137866355505744,-45.5050048828125,-11.047375679016112,53.41192626953125,0.59375,3.6248883238430296,0.9477959219160724,0.659899076707336,-56.58061218261719,-13.741156578063965,33.27393341064453,0.59375,3.571471917838426,1.2214231447193475,1.0580998957856629,-0.2339183280431362,,,,,,,,,,,,,,,,,-76.38631947835286,3.4823093421717726,1.0439285360145245,-1.0664461194733168,0.2531357012457798,-1.3473566567352666,1.0,0.0
VisualCogA_Task-2,20,20.0,VisualCogA_Task-2:q1_020,194.61328125,1,right,unresolved_from_allowed_channels,target_locked,2.2,196.81328125,26,32,45,83,128.0,-26.06511688232422,-6.302473545074463,-17.369159698486328,0.4406249523162842,2.1268081104960905,1.4019150129280622,1.729333981286468,12.08271026611328,2.9320993423461914,19.99251747131348,0.4484374523162842,1.014421218961539,1.400385004537652,0.5270821988484163,22.353302001953125,5.4127607345581055,31.42900848388672,0.3546874523162842,1.7048782522451118,1.0617659550796157,0.3011822147949942,-0.3401490578484465,,,,,,,,,,,,,,,,,2.790298461914062,1.6153691939009136,0.8525327983099595,-0.09438708246930144,-0.8451996622216698,-1.6148855487572895,1.0,1.0
VisualCogA_Task-2,21,21.0,VisualCogA_Task-2:q1_021,203.14453125,-1,left,unresolved_from_allowed_channels,cue_locked,0.0,203.14453125,25,32,45,83,128.0,112.75433349609376,27.373262405395508,225.81077575683597,0.59375,3.5369369914647426,2.186531943213306,1.1429020380489752,109.78504943847656,26.646595001220703,210.48480224609372,0.59375,3.3611500245466406,2.8730729405958786,1.5519298602729057,110.19126892089844,26.753101348876957,227.14532470703125,0.59375,3.672027559624584,2.38992956654648,1.6464071215059264,0.2033976233331738,,,,,,,,,,,,,,,,,110.91021728515625,3.5233715252119886,1.4470796732759357,1.3395665080681411,0.2879736232734148,-0.6310448851135019,-1.0,0.0
VisualCogA_Task-2,21,21.0,VisualCogA_Task-2:q1_021,203.14453125,-1,left,unresolved_from_allowed_channels,target_locked,2.2,205.34453125,26,32,45,83,128.0,187.50115966796875,45.45439529418945,212.65972900390625,0.4328124523162842,-0.4315069878844002,0.8043267171389396,1.6392447700707276,106.27921295166016,25.789968490600582,134.63836669921875,0.5890624523162842,1.7601511464825326,0.1865252793153732,1.0581085622433342,147.82882690429688,35.84944534301758,182.6642608642578,0.5734374523162842,1.0305244054423763,0.4134929302367727,0.8729706716586118,-0.3908337869021668,,,,,,,,,,,,,,,,,147.20306650797525,0.7863895213468363,1.1901080013242245,2.453838415249776,-2.0392139845113513,-1.0528479122189915,-1.0,1.0
VisualCogA_Task-2,23,22.0,VisualCogA_Task-2:q1_022,220.3828125,1,right,unresolved_from_allowed_channels,cue_locked,0.0,220.3828125,25,32,45,83,128.0,-6.379656791687012,-1.5744578838348389,15.939163208007812,0.546875,3.181468338842825,1.8379769605332836,1.458292225921263,-5.265535354614258,-1.3106054067611694,12.69610595703125,0.546875,3.1200518605464787,2.2377664236610264,1.4443277046749368,-7.17880916595459,-1.7667627334594729,8.554460525512695,0.546875,2.232250672241287,1.3303439027882784,1.8639077206188657,-0.507633057745005,,,,,,,,,,,,,,,,,-6.274667104085286,2.8445902905435303,1.5888425504050219,-0.16579134034474438,-0.2879170375821362,-0.37916312593917617,1.0,0.0
VisualCogA_Task-2,23,22.0,VisualCogA_Task-2:q1_022,220.3828125,1,right,unresolved_from_allowed_channels,target_locked,2.2,222.5828125,26,32,45,83,128.0,25.53905487060547,6.207399845123291,63.628265380859375,0.5968749523162842,1.7401166520384317,-0.4356033908143093,1.5256515169836553,7.904557228088379,1.960283637046814,22.50235748291016,0.4718749523162842,1.2685957425089005,1.4676621539137011,1.694740910891877,19.581432342529297,4.767129421234131,42.87456512451172,0.5421874523162842,0.5964709988478362,1.3278705180001222,1.4509360187099427,1.7634739088144316,,,,,,,,,,,,,,,,,17.675014813741047,1.2017277977983893,1.5571094821951583,0.16826014912412504,-1.4409847792639634,-0.44181770895480593,1.0,1.0
VisualCogA_Task-2,24,23.0,VisualCogA_Task-2:q1_023,229.02734375,-1,left,unresolved_from_allowed_channels,cue_locked,0.0,229.02734375,25,32,45,83,128.0,16.11566162109375,3.858020782470703,146.2391357421875,0.5859375,4.294389919477986,2.3256837460181754,1.1442969175722375,7.477372169494629,1.7895362377166748,142.60443115234375,0.59375,4.177034354867228,1.9191446241562664,0.5725110299851089,29.702016830444336,7.183688640594482,179.88954162597656,0.59375,4.364516787662049,2.093517081341281,0.4897880661492969,-0.2321666646768942,,,,,,,,,,,,,,,,,17.76501687367757,4.278647020669088,0.7355320045688812,0.14302260897902333,0.9287634418358583,-1.8953101297242185,-1.0,0.0
VisualCogA_Task-2,24,23.0,VisualCogA_Task-2:q1_023,229.02734375,-1,left,unresolved_from_allowed_channels,target_locked,2.2,231.22734375,26,32,45,83,128.0,19.641660690307617,4.782316207885742,33.748619079589844,0.5656249523162842,2.984790011838843,2.282421261401276,3.3350445263187813,17.544788360595703,4.310090065002441,33.84331130981445,0.4015624523162842,3.2530400321487023,1.2472419866407525,2.1669646552437976,19.476099014282227,4.760145664215088,34.29188537597656,0.4015624523162842,3.189565459756991,2.0921694749512407,2.1735231563654627,-0.1902517864500352,,,,,,,,,,,,,,,,,18.887516021728516,3.1424651679148456,2.5585107793093473,0.1896552552218308,1.3543409596439415,1.225441062515625,-1.0,1.0
VisualCogA_Task-2,25,24.0,VisualCogA_Task-2:q1_024,237.48046875,-1,left,unresolved_from_allowed_channels,cue_locked,0.0,237.48046875,25,32,45,83,128.0,25.488574981689453,6.214902877807617,97.01277160644533,0.59375,4.178197750038659,1.5227983840581627,1.181316510064326,24.185701370239254,5.952627658843994,94.36426544189452,0.59375,4.123556989662232,1.6281567322277302,1.532941193696908,41.85004425048828,10.25357723236084,120.48655700683594,0.59375,4.44575768855095,1.3765144693379074,1.6543142841508844,-0.1462839147202552,,,,,,,,,,,,,,,,,30.508106867472332,4.24917080941728,1.4561906626373728,0.30672043259484616,0.9037552743876042,-0.6148566412329288,-1.0,0.0
VisualCogA_Task-2,25,24.0,VisualCogA_Task-2:q1_024,237.48046875,-1,left,unresolved_from_allowed_channels,target_locked,2.2,239.68046875,26,32,45,83,128.0,55.379173278808594,13.419304847717283,75.95459747314453,0.4484374523162842,2.8124700926069504,1.9617622172783316,2.2336066393195284,29.43715476989746,7.148930072784424,48.38436126708984,0.4171874523162842,2.822642071440692,2.5332197417898565,1.290817842242487,34.287864685058594,8.305657386779785,49.0953369140625,0.4171874523162842,2.3382498648798324,1.4838664383970257,0.0638143867621919,-0.4778957788813058,,,,,,,,,,,,,,,,,39.70139757792155,2.657787342975825,1.1960796227747357,0.5569251608237996,0.6562390835262853,-1.042905606100598,-1.0,1.0
VisualCogA_Task-2,26,25.0,VisualCogA_Task-2:q1_025,245.984375,1,right,unresolved_from_allowed_channels,cue_locked,0.0,245.984375,25,32,45,83,128.0,79.59696960449219,19.30745887756348,139.79611206054688,0.59375,3.382784915869593,1.2928214110674665,0.8047867563966541,23.18899154663086,5.624045372009277,77.77049255371094,0.59375,3.2847503947443597,2.3517584731325507,0.775618495779406,57.69822692871094,13.98361873626709,128.49191284179688,0.59375,3.64350098620367,1.841942375932328,0.6757063940962461,0.5491209648648614,,,,,,,,,,,,,,,,,53.494729359944664,3.4370120989392077,0.7520372154241021,0.6020067466778954,0.2147046751540259,-1.8659839645817702,1.0,0.0
VisualCogA_Task-2,26,25.0,VisualCogA_Task-2:q1_025,245.984375,1,right,unresolved_from_allowed_channels,target_locked,2.2,248.184375,26,32,45,83,128.0,20.120376586914062,4.888010501861572,32.78571701049805,0.5578124523162842,1.3499300816676278,2.2232769474593463,0.7341133306455313,13.77535629272461,3.36250901222229,27.78461265563965,0.3937499523162842,2.2330479834035826,2.4379238761903843,0.6412449524783871,20.78291320800781,5.068221092224121,29.972835540771484,0.5578124523162842,0.6551927260135951,1.853490791949292,0.3469650617380331,-0.3697861555100541,,,,,,,,,,,,,,,,,18.226215362548828,1.4127235970282686,0.5741077816206505,0.17798632023650712,-1.1370786467441705,-2.0784425189846996,1.0,1.0
VisualCogA_Task-2,27,26.0,VisualCogA_Task-2:q1_026,254.61328125,1,right,unresolved_from_allowed_channels,cue_locked,0.0,254.61328125,25,32,45,83,128.0,25.77054214477539,6.2253923416137695,143.1333465576172,0.59375,3.938510745134275,1.538866794471805,1.604941440276242,10.11802101135254,2.423091411590576,106.64926147460938,0.59375,3.738460327594239,1.7559820895578675,1.3683202408809534,15.654476165771484,3.748388767242432,136.47930908203125,0.59375,4.01508182064187,1.797924889643591,1.415394887925835,0.2590580951717862,,,,,,,,,,,,,,,,,17.181013107299805,3.8973509644567947,1.462885523027677,0.13552049249188902,0.605264755398296,-0.6029613323432765,1.0,0.0
VisualCogA_Task-2,27,26.0,VisualCogA_Task-2:q1_026,254.61328125,1,right,unresolved_from_allowed_channels,target_locked,2.2,256.81328125,26,32,45,83,128.0,-15.164595603942873,-3.6268022060394287,-4.708150386810303,0.3781249523162842,2.5403619681767995,2.221403827656095,2.231647688354077,2.2627291679382324,0.5407456755638123,21.20975875854492,0.5968749523162842,1.5657137599526867,2.5877895622266505,2.844336116766675,-4.440003395080566,-1.0893735885620115,23.359867095947266,0.5968749523162842,1.6807373417715337,2.1537805848653404,2.721492321569773,-0.0676232427907543,,,,,,,,,,,,,,,,,-5.780623277028401,1.9289376899670065,2.5991587088968418,-0.24562468846243452,-0.3935537561547429,1.293116845782695,1.0,1.0
VisualCogA_Task-2,28,27.0,VisualCogA_Task-2:q1_027,263.30078125,1,right,unresolved_from_allowed_channels,cue_locked,0.0,263.30078125,25,32,45,83,128.0,85.5037841796875,20.711185455322266,187.2988739013672,0.59375,4.099512146833896,2.0516907563780933,1.0334808924492995,49.11001968383789,11.901611328125,143.2296905517578,0.59375,4.251103002360183,2.6283574139004595,1.3259505073446625,59.605247497558594,14.450779914855955,166.8049774169922,0.59375,4.128206889455033,2.3687706843723078,0.8980084628185285,0.317079927994214,,,,,,,,,,,,,,,,,64.739683787028,4.1596073462163705,1.0858132875374968,0.7464595102751876,0.8277679615732235,-1.2729365750478783,1.0,0.0
VisualCogA_Task-2,28,27.0,VisualCogA_Task-2:q1_027,263.30078125,1,right,unresolved_from_allowed_channels,target_locked,2.2,265.50078125,26,32,45,83,128.0,39.14727020263672,9.45686149597168,66.41570281982422,0.5187499523162842,1.985657549995067,2.438421212347309,1.1968105775452735,23.403854370117188,5.678786277770996,43.70896530151367,0.5187499523162842,0.7350318522422673,2.982134309781941,1.9888768971245756,13.977510452270508,3.3880624771118164,35.54651641845703,0.5187499523162842,1.031932799934526,3.1683703102852383,2.0194167880520784,0.7299490979379288,,,,,,,,,,,,,,,,,25.509545008341473,1.25087406739062,1.7350347542406424,0.3065038091179778,-1.370197338120278,-0.14558534802321285,1.0,1.0
VisualCogA_Task-2,31,28.0,VisualCogA_Task-2:q1_028,289.4921875,-1,left,unresolved_from_allowed_channels,cue_locked,0.0,289.4921875,25,32,45,83,128.0,81.88847351074219,19.812206268310547,185.8940277099609,0.59375,4.338974627012733,2.1784350386556426,1.9672321292086252,39.836875915527344,9.643957138061523,109.9333038330078,0.59375,4.041113649667768,1.6206468643650231,1.6976464967298,41.84410858154297,10.147130966186523,119.3817901611328,0.59375,3.860421427096965,0.8108004809181082,0.7619150596335229,-1.3676345577375344,,,,,,,,,,,,,,,,,54.523152669270836,4.080169901259155,1.4755978951906494,0.6152178797370244,0.7603717515182535,-0.5803742155427861,-1.0,0.0
VisualCogA_Task-2,31,28.0,VisualCogA_Task-2:q1_028,289.4921875,-1,left,unresolved_from_allowed_channels,target_locked,2.2,291.6921875,26,32,45,83,128.0,17.13563346862793,4.133258819580078,57.43497467041016,0.5968749523162842,3.2227830413708163,1.6409186154114477,2.590900312141218,-2.864022254943848,-0.7237420678138733,25.26137924194336,0.5031249523162842,3.137264949857696,2.4483602661830264,2.2777259258137974,-6.257991790771484,-1.5519613027572632,15.72378635406494,0.5890624523162842,3.078649593764142,1.7475018279873231,1.5850065717055604,0.1065832125758756,,,,,,,,,,,,,,,,,2.671206474304199,3.1462325283308847,2.1512109365535252,-0.09648851188934209,1.3597672474564264,0.547317080241876,-1.0,1.0
VisualCogA_Task-2,35,29.0,VisualCogA_Task-2:q1_029,323.88671875,1,right,unresolved_from_allowed_channels,cue_locked,0.0,323.88671875,25,32,45,83,128.0,-5.496549606323242,-1.3239696025848389,1.2562177181243896,0.2890625,1.8715036526747808,1.1183790613127162,1.1035334824805911,1.908953666687012,0.5103728771209717,12.058505058288574,0.4609375,2.7755340259481414,1.9324695838708477,1.3242341598510237,-4.7143425941467285,-1.1019489765167236,5.121849536895752,0.2734375,2.5119255180427698,2.0499258817659958,1.3912032811977546,0.9315468204532792,,,,,,,,,,,,,,,,,-2.76731284459432,2.3863210655552307,1.2729903078431233,-0.12073584287843617,-0.676721196196182,-0.9403637738577676,1.0,0.0
VisualCogA_Task-2,35,29.0,VisualCogA_Task-2:q1_029,323.88671875,1,right,unresolved_from_allowed_channels,target_locked,2.2,326.08671875,26,32,45,83,128.0,11.4937744140625,2.766838788986206,27.90502548217773,0.4484374523162842,3.063262159031406,2.9650058304538867,2.3710564932462064,7.175249099731445,1.7139122486114502,27.09547233581543,0.4484374523162842,2.4287763337480675,2.676377979304033,2.726176903711245,-0.3457788825035095,-0.1187856569886207,16.990541458129883,0.4406249523162842,1.8589632942588985,2.049475888334398,2.797084961456837,-0.9155299421194883,,,,,,,,,,,,,,,,,6.107748210430145,2.4503339290127903,2.631439452804763,-0.035849252671079565,0.3574351976401751,1.3468618864423887,1.0,1.0
VisualCogA_Task-2,36,30.0,VisualCogA_Task-2:q1_030,332.3125,1,right,unresolved_from_allowed_channels,cue_locked,0.0,332.3125,25,32,45,83,128.0,75.59017944335938,18.231904983520508,235.0164337158203,0.59375,5.912435545996781,3.4866927941610077,2.3924440140028844,45.371360778808594,10.921688079833984,126.12858581542967,0.59375,5.630605976125542,3.430483919013816,1.914828829784913,27.907546997070312,6.721965312957764,141.35736083984375,0.59375,5.999139168203387,3.5857689794685603,1.497738554661264,0.099076185307553,,,,,,,,,,,,,,,,,49.62302907307943,5.847393563441902,1.9350037994830203,0.5522708575833964,2.259717270684064,0.23589002578511684,1.0,0.0
VisualCogA_Task-2,36,30.0,VisualCogA_Task-2:q1_030,332.3125,1,right,unresolved_from_allowed_channels,target_locked,2.2,334.5125,26,32,45,83,128.0,-62.03179931640625,-15.08527374267578,-44.07796478271485,0.2687499523162842,1.875595243800105,-0.4586895123511899,2.1505470825083743,-19.96100425720215,-4.9163126945495605,-6.933492660522461,0.2531249523162842,1.9733502600957544,0.654213483750317,1.3660847319262317,-43.120113372802734,-10.5170259475708,-25.664913177490234,0.2531249523162842,1.390526498586055,0.8634323858582235,1.5517961523142545,1.3221218982094134,,,,,,,,,,,,,,,,,-41.70430564880371,1.7464906674939715,1.6894759889162867,-0.8795135379755296,-0.6563398836127723,-0.2214373079949937,1.0,1.0
VisualCogA_Task-2,37,31.0,VisualCogA_Task-2:q1_031,340.90625,-1,left,unresolved_from_allowed_channels,cue_locked,0.0,340.90625,25,32,45,83,128.0,67.42367553710938,16.374486923217773,125.6749038696289,0.59375,3.819462664008738,0.7076000988863658,1.929604890112152,36.94401931762695,9.054253578186035,88.07150268554688,0.59375,4.424789671971678,2.0351302208015425,2.208115612960136,57.59009552001953,14.051931381225586,125.15074157714844,0.59375,4.183518604170982,2.334111261493565,1.9731601379904724,1.6265111626071995,,,,,,,,,,,,,,,,,53.98593012491862,4.142590313383799,2.036960213687587,0.608316715156798,0.813330393497941,0.4170443694964674,-1.0,0.0
VisualCogA_Task-2,37,31.0,VisualCogA_Task-2:q1_031,340.90625,-1,left,unresolved_from_allowed_channels,target_locked,2.2,343.10625,26,32,45,83,128.0,-6.600591659545898,-1.6352211236953735,3.1058075428009038,0.4718749523162842,1.960280764777324,0.7924996719380599,1.583708492670793,1.5514036417007446,0.3605358600616455,11.37539005279541,0.4640624523162842,2.321487910017405,1.3105847082651372,1.902981933206276,-3.729729652404785,-0.912688136100769,7.532480239868164,0.3078124523162842,2.3822342072837204,2.147497858991924,1.7728751351852043,1.354998187053864,,,,,,,,,,,,,,,,,-2.926305890083313,2.22133429402615,1.7531885203540911,-0.1952590286775846,0.02759738252134748,-0.11536067598105272,-1.0,1.0
VisualCogA_Task-2,39,32.0,VisualCogA_Task-2:q1_032,358.42578125,-1,left,unresolved_from_allowed_channels,cue_locked,0.0,358.42578125,25,32,45,83,128.0,191.0701446533203,46.26179122924805,248.4514923095703,0.59375,3.360370273393136,0.7420312908015605,2.389060321315962,45.15938568115234,10.904375076293944,99.56008911132812,0.59375,2.727501155066557,1.177059342252762,2.266343229230624,83.364013671875,20.167314529418945,145.32127380371094,0.59375,2.4155868784826757,1.6626889333571375,2.195985634894821,0.920657642555577,,,,,,,,,,,,,,,,,106.53118133544922,2.834486102314123,2.2837963951471356,1.2833133814833368,-0.2964896193502289,0.8556185073315111,-1.0,0.0
VisualCogA_Task-2,39,32.0,VisualCogA_Task-2:q1_032,358.42578125,-1,left,unresolved_from_allowed_channels,target_locked,2.2,360.62578125,26,32,45,83,128.0,-5.93748950958252,-1.4625117778778076,14.690511703491213,0.5968749523162842,0.1402629057767693,3.1023004223476423,1.76502064144119,-28.548315048217773,-6.94223165512085,-13.693540573120115,0.4249999523162842,0.6922159161610852,3.1188028581002305,2.599614864847128,-35.691993713378906,-8.672978401184082,-23.613645553588867,0.4171874523162842,0.6592962768088981,2.4825635233972103,2.3442943567358525,-0.6197368989504319,,,,,,,,,,,,,,,,,-23.3925994237264,0.49725836624891756,2.2363099543413902,-0.5563955938987292,-2.455661759573717,0.6890006233521236,-1.0,1.0
VisualCogA_Task-2,41,33.0,VisualCogA_Task-2:q1_033,375.7109375,-1,left,unresolved_from_allowed_channels,cue_locked,0.0,375.7109375,25,32,45,83,128.0,73.31584167480469,17.493244171142578,192.3003845214844,0.515625,5.461776621719517,2.086131352135039,1.4986554679391224,32.41651153564453,7.556908130645752,131.59548950195312,0.5078125,5.690961582808316,3.4143435793306063,1.2539634775216175,44.38657760620117,10.435352325439451,155.23629760742188,0.5078125,5.597393834374072,3.69028552930274,1.291466061873723,1.6041541771677013,,,,,,,,,,,,,,,,,50.03964360555013,5.583377346300634,1.3480283357781542,0.5576226907953872,2.035720987344953,-0.8070375401919737,-1.0,0.0
VisualCogA_Task-2,41,33.0,VisualCogA_Task-2:q1_033,375.7109375,-1,left,unresolved_from_allowed_channels,target_locked,2.2,377.9109375,26,32,45,83,128.0,147.82611083984375,35.78129577636719,208.61376953125,0.5578124523162842,1.24456311230325,2.1001946609317823,2.007841122713093,25.13313102722168,6.077867031097412,52.33984756469727,0.4249999523162842,1.7056057047200182,3.3231452455840014,2.478034700655784,53.07369995117188,12.865002632141112,78.23551940917969,0.5187499523162842,1.7585448729879167,2.9850802383247856,1.8752758745434956,0.8848855773930033,,,,,,,,,,,,,,,,,75.34431393941243,1.5695712300037286,2.1203838993041244,1.1858597731459601,-0.9111643977096531,0.4959923531812832,-1.0,1.0
VisualCogA_Task-2,43,34.0,VisualCogA_Task-2:q1_034,392.85546875,-1,left,unresolved_from_allowed_channels,cue_locked,0.0,392.85546875,25,32,45,83,128.0,-24.323558807373047,-5.878422737121582,8.440742492675781,0.5625,2.9290462310079204,2.690426948109909,2.442454315990768,-24.73141860961914,-5.955341815948486,-7.249477386474609,0.4296875,3.681027037144523,2.37518043336842,1.3923509147387936,-38.49421691894531,-9.28154468536377,-16.234142303466797,0.5703125,3.519108399679065,2.586529252988878,1.4305039724816566,-0.1038976951210313,,,,,,,,,,,,,,,,,-29.183064778645832,3.3763938892771694,1.7551030677370727,-0.4600727778671526,0.1632750553602456,-0.08375439528328495,-1.0,0.0
VisualCogA_Task-2,43,34.0,VisualCogA_Task-2:q1_034,392.85546875,-1,left,unresolved_from_allowed_channels,target_locked,2.2,395.05546875,26,32,45,83,128.0,6.623820781707764,1.5056443214416504,25.10179710388184,0.2531249523162842,2.9221875803253705,2.476940631688383,1.8205353040964511,10.667492866516112,2.4838290214538574,27.66590118408203,0.4953124523162842,2.6895771026170228,2.27258659315383,2.182834773850022,-2.427824020385742,-0.6753921508789062,16.087921142578125,0.4953124523162842,2.322918525186298,2.1626082862310283,2.042858721479191,-0.3143323454573545,,,,,,,,,,,,,,,,,4.954496542612712,2.6448944027095638,2.0154095998085544,-0.05619887511084963,0.6376688388700908,0.3212179424457279,-1.0,1.0
VisualCogA_Task-2,45,35.0,VisualCogA_Task-2:q1_035,410.171875,-1,left,unresolved_from_allowed_channels,cue_locked,0.0,410.171875,25,32,45,83,128.0,18.08348655700684,4.452278137207031,31.28646469116211,0.5234375,0.8100495594664132,1.9344669250602295,1.8146041926694505,4.187952995300293,1.1099915504455566,17.858152389526367,0.53125,1.1975991374726032,1.960747569889483,1.8766541245900952,-6.539007186889648,-1.5230560302734375,11.460748672485352,0.59375,0.7539908375650352,1.2773558403806071,1.2837403718969689,-0.6571110846796226,,,,,,,,,,,,,,,,,5.244144121805828,0.9205465115013505,1.6583328963855049,-0.01782061038536423,-1.9203116690701731,-0.2556939149181667,-1.0,0.0
VisualCogA_Task-2,45,35.0,VisualCogA_Task-2:q1_035,410.171875,-1,left,unresolved_from_allowed_channels,target_locked,2.2,412.371875,26,32,45,83,128.0,2.5128941535949707,0.5725595951080322,14.818586349487305,0.5968749523162842,1.2529349640767713,1.1254891949218468,0.3742954387885862,-8.509519577026367,-2.070070743560791,-1.461274027824402,0.3937499523162842,1.654773028424791,0.57717978204079,0.691716676523859,-4.361006736755371,-1.0430800914764404,2.0052289962768555,0.4015624523162842,0.9855873087096249,-0.7955787594362191,0.0615860026243281,-1.921067954358066,,,,,,,,,,,,,,,,,-3.4525440533955893,1.297765100403729,0.3758660393122577,-0.20454472774539478,-1.3026582091665968,-2.408500293712706,-1.0,1.0
VisualCogA_Task-2,46,36.0,VisualCogA_Task-2:q1_036,418.75390625,-1,left,unresolved_from_allowed_channels,cue_locked,0.0,418.75390625,25,32,45,83,128.0,107.5006866455078,26.135263442993164,149.49984741210938,0.59375,3.2274851571105585,1.8896410117125704,1.7795829511484351,37.74142074584961,9.232070922851562,70.53770446777344,0.59375,3.157602471438714,0.8684565863723427,1.549060523164465,83.08583068847656,20.20218276977539,135.74737548828125,0.59375,3.106993010362362,1.4579695436015243,1.7328576815764518,-0.4316714681110458,,,,,,,,,,,,,,,,,76.109312693278,3.1640268796372113,1.6871670519631172,0.8925138431080386,-0.01690107691779028,-0.2044619000333259,-1.0,0.0
VisualCogA_Task-2,46,36.0,VisualCogA_Task-2:q1_036,418.75390625,-1,left,unresolved_from_allowed_channels,target_locked,2.2,420.95390625,26,32,45,83,128.0,160.9311065673828,39.03439331054688,178.170166015625,0.4796874523162842,1.2528168308608998,0.7229420801487338,1.5285500379329349,43.82624816894531,10.636764526367188,56.4221076965332,0.4328124523162842,2.4277981418935592,2.270261829725788,1.8707143643929756,116.98662567138672,28.40537452697754,146.94737243652344,0.5812499523162842,2.408387903136313,2.345617503683934,2.1595920200745526,1.6226754235352,,,,,,,,,,,,,,,,,107.24799346923828,2.029667625296924,1.8529521408001546,1.7488139409036898,-0.24846818958508873,0.05073834120783699,-1.0,1.0
VisualCogA_Task-2,47,37.0,VisualCogA_Task-2:q1_037,427.20703125,-1,left,unresolved_from_allowed_channels,cue_locked,0.0,427.20703125,25,32,45,83,128.0,-68.38995361328125,-16.549345016479492,-36.16887664794922,0.59375,1.6005044446700143,1.6957482828747124,0.2770563794760817,-23.514375686645508,-5.654313087463379,-10.1845121383667,0.4375,1.306878018178898,2.661682490527728,0.7797470738814787,-56.93640899658203,-13.773394584655762,-43.81152725219727,0.4375,1.4049894173269333,2.7086549495374825,1.5765267178842974,1.0129066666627702,,,,,,,,,,,,,,,,,-49.613579432169594,1.4374572933919485,0.877776723747286,-0.7225233126873245,-1.481754919734379,-1.642572242165055,-1.0,0.0
VisualCogA_Task-2,47,37.0,VisualCogA_Task-2:q1_037,427.20703125,-1,left,unresolved_from_allowed_channels,target_locked,2.2,429.40703125,26,32,45,83,128.0,-31.380779266357425,-7.6066694259643555,-17.3765926361084,0.2843749523162842,2.3875475905396577,1.8112624211802504,0.8026605058564528,-4.245057106018066,-1.0483497381210327,8.54831314086914,0.4874999523162842,1.902200481144747,2.3428120472839566,2.222945780690002,-21.992244720458984,-5.349146366119385,-12.559038162231444,0.3781249523162842,1.4359928358846992,2.000533064464426,2.2245445483316155,0.1892706432841759,,,,,,,,,,,,,,,,,-19.206027030944824,1.9085803025230346,1.75005027829269,-0.4825217206693893,-0.4228753583330123,-0.1205856158917024,-1.0,1.0
VisualCogA_Task-2,48,38.0,VisualCogA_Task-2:q1_038,435.94140625,1,right,unresolved_from_allowed_channels,cue_locked,0.0,435.94140625,25,32,45,83,128.0,152.6985626220703,37.04707336425781,242.6856689453125,0.578125,2.467868975693878,2.0776830126687478,2.362764708795535,-3.806845188140869,-0.8535223007202148,32.15044021606445,0.59375,2.884567158904433,2.1242683837907177,2.0943064323836813,98.4207534790039,23.940475463867188,137.26190185546875,0.59375,3.2722569264933634,1.7639155800284951,2.4021615582909472,-0.3137674326402522,,,,,,,,,,,,,,,,,82.43749030431111,2.8748976870305576,2.286410899823388,0.9738056571723614,-0.2622036770761546,0.8602639127476572,1.0,0.0
VisualCogA_Task-2,48,38.0,VisualCogA_Task-2:q1_038,435.94140625,1,right,unresolved_from_allowed_channels,target_locked,2.2,438.14140625,26,32,45,83,128.0,-17.937702178955078,-4.358283042907715,-0.9859733581542968,0.4874999523162842,1.2814229771737249,2.0014759966663,1.6360463883300354,-36.14232635498047,-8.786664009094238,-24.15571594238281,0.2765624523162842,2.3595417153352867,0.9828528406869296,2.0273328626634264,-25.353145599365234,-6.198800086975098,-12.43753147125244,0.5656249523162842,1.606185046152384,0.0556674525290478,2.2561592566014967,-1.945808544137252,,,,,,,,,,,,,,,,,-26.47772471110026,1.7490499128871317,1.9731795025316528,-0.6108339585067427,-0.6526536947291868,0.2509079675057462,1.0,1.0
VisualCogA_Task-2,49,39.0,VisualCogA_Task-2:q1_039,444.6796875,1,right,unresolved_from_allowed_channels,cue_locked,0.0,444.6796875,25,32,45,83,128.0,-9.31213092803955,-2.0929441452026367,78.51889038085938,0.2734375,3.426071815351661,2.113396974831074,1.247518416066539,12.933839797973633,3.209486246109009,30.75117874145508,0.2734375,2.0982080629531312,1.3998959634963049,0.8844905700422494,29.32426071166992,7.301749229431152,62.21849060058594,0.328125,3.2324826814217817,1.892597410765812,1.6845177963265496,-0.2207995640652618,,,,,,,,,,,,,,,,,10.981989860534668,2.9189208532421915,1.2721755941451127,0.05588779629862001,-0.22485360169442323,-0.9418113426686874,1.0,0.0
VisualCogA_Task-2,49,39.0,VisualCogA_Task-2:q1_039,444.6796875,1,right,unresolved_from_allowed_channels,target_locked,2.2,446.8796875,26,32,45,83,128.0,10.434270858764648,2.5362420082092285,33.53406524658203,0.3390624523162842,2.1871191693260323,3.285133609347867,1.3960406493360509,47.32530212402344,11.44115161895752,62.0704460144043,0.3468749523162842,2.062121850833364,2.987573744782442,1.9585941700182623,59.26852416992188,14.317466735839844,68.4451904296875,0.3468749523162842,2.182640851244644,2.252854161337664,1.8776733945223627,-1.0322794480102035,,,,,,,,,,,,,,,,,39.009365717569985,2.143960623801347,1.744102737958892,0.5447139605563873,-0.08384717212242965,-0.13048782873961354,1.0,1.0
VisualCogA_Task-2,51,40.0,VisualCogA_Task-2:q1_040,462.08984375,1,right,unresolved_from_allowed_channels,cue_locked,0.0,462.08984375,25,32,45,83,128.0,-92.83458709716795,-22.71148109436035,-1.595062255859375,0.578125,4.765250680569729,1.7653647426240868,1.6988214315294763,61.597312927246094,14.75002384185791,193.6323699951172,0.59375,4.721951249251451,2.4103639595589588,1.723955283896032,-2.609121799468994,-0.7852613925933838,133.40377807617188,0.59375,4.727105033197017,2.469970573833391,1.9598829969020344,0.7046058312093042,,,,,,,,,,,,,,,,,-11.282131989796952,4.738102321006065,1.7942199041091806,-0.23011726945791963,1.3185738888996839,-0.014252296015300737,1.0,0.0
VisualCogA_Task-2,51,40.0,VisualCogA_Task-2:q1_040,462.08984375,1,right,unresolved_from_allowed_channels,target_locked,2.2,464.28984375,26,32,45,83,128.0,37.056114196777344,9.02474308013916,59.96136093139648,0.4406249523162842,2.917483942505842,2.130130225095268,2.829321398909482,4.932011604309082,1.2323342561721802,27.539623260498047,0.4484374523162842,3.0495112669914057,2.886959408325794,2.5455406853516527,14.939598083496094,3.6094605922698975,31.988990783691406,0.4718749523162842,1.9895077207302851,2.4077993233693573,1.963725852480288,0.2776690982740892,,,,,,,,,,,,,,,,,18.975907961527508,2.6521676434091774,2.4461959789138077,0.19121496907425692,0.6481447936520006,1.0384452630643475,1.0,1.0
VisualCogA_Task-2,52,41.0,VisualCogA_Task-2:q1_041,470.48046875,1,right,unresolved_from_allowed_channels,cue_locked,0.0,470.48046875,25,32,45,83,128.0,66.03169250488281,15.945720672607422,203.5472869873047,0.5859375,5.041204648553367,4.335549445893578,1.5934427914398286,28.51253318786621,6.852760314941406,147.08236694335938,0.5859375,5.045629285963519,4.830959080974734,1.5088246790559423,33.99065017700195,8.194525718688965,180.4161071777344,0.5859375,5.297439703067221,4.645806649557153,1.0020772596770782,0.3102572036635749,,,,,,,,,,,,,,,,,42.84495862325033,5.128091212528036,1.3681149100576162,0.46519971695015583,1.6494477389621565,-0.7713480722031882,1.0,0.0
VisualCogA_Task-2,52,41.0,VisualCogA_Task-2:q1_041,470.48046875,1,right,unresolved_from_allowed_channels,target_locked,2.2,472.68046875,26,32,45,83,128.0,90.08513641357422,21.87273597717285,104.03934478759766,0.5109374523162842,1.938403343499798,1.7071584625180898,1.7963137988829077,14.471439361572266,3.549431085586548,33.96784591674805,0.5109374523162842,1.9477318504173051,2.165952226287014,1.6527436286544062,37.83118438720703,9.188015937805176,61.55128479003906,0.5109374523162842,2.312782390014468,2.265471814317894,1.0270296842568962,0.558313351799804,,,,,,,,,,,,,,,,,47.46258672078451,2.0663058613105236,1.4920290372647367,0.6938746863682155,-0.1956965957908948,-0.5501718153196901,1.0,1.0
VisualCogA_Task-2,53,42.0,VisualCogA_Task-2:q1_042,479.15625,-1,left,unresolved_from_allowed_channels,cue_locked,0.0,479.15625,25,32,45,83,128.0,162.5115509033203,39.3634033203125,329.30499267578125,0.5859375,4.9613119147365845,1.4130613640014031,1.9432095140532355,81.13350677490234,19.6387996673584,253.4073638916016,0.5859375,4.826555649182937,2.35272646375305,1.3202310849961207,145.91427612304688,35.335968017578125,352.6685791015625,0.59375,4.896284290784543,2.543650109412398,1.3033151808554932,1.130588745410995,,,,,,,,,,,,,,,,,129.85311126708984,4.894717284901355,1.5222519266349497,1.5829070572864063,1.4514489456203967,-0.4974801621012481,-1.0,0.0
VisualCogA_Task-2,53,42.0,VisualCogA_Task-2:q1_042,479.15625,-1,left,unresolved_from_allowed_channels,target_locked,2.2,481.35625,26,32,45,83,128.0,83.69967651367188,20.27568626403809,97.50838470458984,0.4874999523162842,2.5744704466767785,0.0424465719458614,1.145931130207488,12.605480194091797,3.053344488143921,29.38246154785156,0.5890624523162842,2.4959673960270887,0.8906856385337742,2.030430301148234,28.526317596435547,6.91827392578125,49.04426956176758,0.5890624523162842,2.586778102486444,1.3404280648603668,1.5538525887379349,1.2979814929145053,,,,,,,,,,,,,,,,,41.61049143473307,2.5524053150634374,1.5767380066978856,0.5906119442660664,0.5044529121577545,-0.40913767374564186,-1.0,1.0
VisualCogA_Task-2,54,43.0,VisualCogA_Task-2:q1_043,487.796875,-1,left,unresolved_from_allowed_channels,cue_locked,0.0,487.796875,25,32,45,83,128.0,167.31016540527344,40.50357437133789,236.4273376464844,0.59375,2.8436846176625004,1.487029194279808,1.5200366739821456,-33.592010498046875,-8.147648811340332,2.562568664550781,0.5859375,2.1241980335554547,1.3506931568694256,1.562436903642883,151.78570556640625,36.77383804321289,179.2994842529297,0.5859375,2.2133245065332914,1.24284799628251,1.4409888006525218,-0.2441811979972978,,,,,,,,,,,,,,,,,95.16795349121094,2.3937357192504156,1.5078207927591833,1.1373412767380737,-0.670430465695035,-0.5231211441490259,-1.0,0.0
VisualCogA_Task-2,54,43.0,VisualCogA_Task-2:q1_043,487.796875,-1,left,unresolved_from_allowed_channels,target_locked,2.2,489.996875,26,32,45,83,128.0,-34.95530700683594,-8.480645179748535,-13.872503280639648,0.5812499523162842,1.0992501217102388,-1.4450984141050025,1.7996711491886228,-54.79363632202149,-13.282855033874512,-45.6794319152832,0.2843749523162842,1.9524039090111325,0.8598766963424834,2.3392814290496124,-49.18897247314453,-11.921530723571776,-41.061256408691406,0.4484374523162842,1.5241643833225276,0.3473367921299924,2.003224848989212,1.7924352062349946,,,,,,,,,,,,,,,,,-46.31263860066732,1.5252728046812996,2.0473924757424826,-0.9608295579424925,-0.974969284658084,0.374467055055587,-1.0,1.0
VisualCogA_Task-2,55,44.0,VisualCogA_Task-2:q1_044,496.31640625,1,right,unresolved_from_allowed_channels,cue_locked,0.0,496.31640625,25,32,45,83,128.0,111.26719665527344,26.933794021606445,306.8175964355469,0.59375,4.280712743841503,1.308603326878748,0.808767636216767,4.124451637268066,0.9929073452949524,124.34103393554688,0.59375,4.03660031845787,1.4969756297333985,0.8782311842754068,5.887123107910156,1.400870442390442,165.48202514648438,0.59375,4.3553865148377175,1.492790598475183,1.1560253754610943,0.184187271596435,,,,,,,,,,,,,,,,,40.42625713348389,4.224233192379031,0.9476747319844226,0.4341290606145327,0.8825977349289085,-1.5183787040957069,1.0,0.0
VisualCogA_Task-2,55,44.0,VisualCogA_Task-2:q1_044,496.31640625,1,right,unresolved_from_allowed_channels,target_locked,2.2,498.51640625,26,32,45,83,128.0,-2.2311224937438965,-0.5631236433982849,16.735872268676758,0.5968749523162842,2.037485701194872,1.2840726106124276,0.6495643486412594,2.1575701236724854,0.5098766088485718,13.823463439941406,0.4484374523162842,2.724456967002594,1.4163092744751125,0.7897235896022566,15.160484313964844,3.65661096572876,27.47568130493164,0.4953124523162842,2.324709393427689,1.5207145134842328,0.5415633150978236,0.2366419028718052,,,,,,,,,,,,,,,,,5.0289773146311445,2.3622173538750517,0.6602837511137799,-0.05488462980612258,0.23051718477573857,-1.9349659312856071,1.0,1.0
VisualCogA_Task-2,56,45.0,VisualCogA_Task-2:q1_045,504.98828125,1,right,unresolved_from_allowed_channels,cue_locked,0.0,504.98828125,25,32,45,83,128.0,-36.53757095336914,-8.976371765136719,46.01716613769531,0.25,3.175851264767963,2.256950982814577,2.341560514783969,-17.82874298095703,-4.426627159118652,54.22379684448242,0.25,2.919672164693077,2.398076258661372,3.099285049437972,-49.28484344482422,-12.02895736694336,44.74688720703125,0.25,3.333737198411296,1.7853001137106543,3.229592602618619,-0.4716508691039232,,,,,,,,,,,,,,,,,-34.55038579305013,3.1430868759574455,2.89014605561352,-0.5290214213385004,-0.034666966635333994,1.9329698015914099,1.0,0.0
VisualCogA_Task-2,56,45.0,VisualCogA_Task-2:q1_045,504.98828125,1,right,unresolved_from_allowed_channels,target_locked,2.2,507.18828125,26,32,45,83,128.0,7.023524761199951,1.697379469871521,15.564260482788086,0.3078124523162842,0.5295211346324113,-0.3408192526420818,1.4877385611898144,10.594060897827148,2.5764949321746826,24.49591636657715,0.3546874523162842,1.8461448625251613,1.0479483125766915,2.4124490338793603,5.78381872177124,1.4058566093444824,17.299251556396484,0.3546874523162842,1.4595633256275635,1.6850672547050949,2.2365154449542595,2.025886507347177,,,,,,,,,,,,,,,,,7.80046812693278,1.2784097742617122,2.0455676800078115,-0.005980480608258006,-1.3305365002650413,0.3714289057107242,1.0,1.0
VisualCogA_Task-2,57,46.0,VisualCogA_Task-2:q1_046,513.6796875,1,right,unresolved_from_allowed_channels,cue_locked,0.0,513.6796875,25,32,45,83,128.0,-14.22056484222412,-3.452693223953247,22.180362701416016,0.59375,3.3069110537169406,2.2458925160462564,1.2054228527547075,17.060710906982422,4.110397815704346,68.64752960205078,0.59375,3.329475355497669,2.5374298195475915,1.1769542245356155,9.36952781677246,2.243145704269409,66.25263214111328,0.59375,3.718649230021615,1.7663719550624948,1.3602000788375976,-0.4795205609837616,,,,,,,,,,,,,,,,,4.069891293843587,3.4516785464120745,1.247525718709307,-0.03290507046574872,0.22714796276447077,-0.985608803004831,1.0,0.0
VisualCogA_Task-2,57,46.0,VisualCogA_Task-2:q1_046,513.6796875,1,right,unresolved_from_allowed_channels,target_locked,2.2,515.8796875,26,32,45,83,128.0,34.64067077636719,8.406012535095215,51.015892028808594,0.4640624523162842,2.511685178407555,1.493093421132882,1.245721700075172,14.426374435424805,3.5009894371032715,32.19914245605469,0.4640624523162842,1.9260308778158224,1.474763379307092,0.7652183155996228,22.889936447143555,5.528870582580566,40.69322967529297,0.4640624523162842,1.2208590930955514,1.0154827952689685,0.339199157203551,-0.4776106258639137,,,,,,,,,,,,,,,,,23.985660552978516,1.886191716439643,0.7833797242927818,0.2796142114925444,-0.45512258142477185,-1.7300202800199118,1.0,1.0
VisualCogA_Task-2,58,47.0,VisualCogA_Task-2:q1_047,522.4140625,1,right,unresolved_from_allowed_channels,cue_locked,0.0,522.4140625,25,32,45,83,128.0,81.63995361328125,19.750133514404297,254.95199584960935,0.59375,4.54915875789169,2.5100331323716936,1.109467704479996,21.733230590820312,5.304771423339844,160.9385528564453,0.59375,4.51837621429248,2.8295282933294867,1.1350844208690096,63.4057846069336,15.429803848266602,245.80093383789065,0.59375,5.060219623604324,2.829130288015125,0.9536308126894772,0.3190971556434316,,,,,,,,,,,,,,,,,55.59298960367838,4.709251531929498,1.0660609793461608,0.6289610125149941,1.294096341290956,-1.3080321249953923,1.0,0.0
VisualCogA_Task-2,58,47.0,VisualCogA_Task-2:q1_047,522.4140625,1,right,unresolved_from_allowed_channels,target_locked,2.2,524.6140625,26,32,45,83,128.0,180.8511962890625,43.78621673583984,223.86692810058597,0.5968749523162842,1.6530791703129526,2.585738199512285,2.4178714752142523,66.60618591308594,16.094945907592773,102.7732162475586,0.5968749523162842,1.7661901410235237,2.75801558632102,2.902798223523622,118.08096313476562,28.584136962890625,158.25384521484375,0.5578124523162842,1.342398068121442,2.3000836763993813,2.9366658277465327,-0.2856545231129033,,,,,,,,,,,,,,,,,121.84611511230469,1.587222459819306,2.7524451754948025,2.006404085410868,-0.8857405882923584,1.5483274259164024,1.0,1.0
VisualCogA_Task-2,60,48.0,VisualCogA_Task-2:q1_048,539.85546875,-1,left,unresolved_from_allowed_channels,cue_locked,0.0,539.85546875,25,32,45,83,128.0,-17.40966033935547,-4.2834086418151855,94.77640533447266,0.59375,4.238631141890225,2.2800883937413534,1.3378424185336426,-9.789454460144045,-2.3699851036071777,36.6746826171875,0.59375,3.859460931015346,1.9598033161824344,2.4538369385967345,-55.48404693603516,-13.42794132232666,-9.040569305419922,0.59375,3.914809371150201,1.8116087090529769,2.1237024856007785,-0.4684796846883767,,,,,,,,,,,,,,,,,-27.56105391184489,4.004300481351923,1.971793947577052,-0.4392364148731046,0.6960027204703578,0.30125810669511827,-1.0,0.0
VisualCogA_Task-2,60,48.0,VisualCogA_Task-2:q1_048,539.85546875,-1,left,unresolved_from_allowed_channels,target_locked,2.2,542.05546875,26,32,45,83,128.0,-55.03877258300781,-13.299339294433594,-45.14392852783203,0.5968749523162842,1.84247226055442,1.6705006918943486,2.120103825364107,-13.716869354248049,-3.275175094604492,5.945644378662109,0.5265624523162842,2.133929370760037,2.670171661450309,2.5343811808169225,-32.33662796020508,-7.794604301452637,-23.818431854248047,0.5265624523162842,1.6168923929370291,3.1271437359367087,2.127283855639376,1.45664304404236,,,,,,,,,,,,,,,,,-33.69742329915365,1.864431341417162,2.2605896206068024,-0.7382286499654379,-0.4864649656779175,0.7294244640901361,-1.0,1.0
VisualCogA_Task-2,63,49.0,VisualCogA_Task-2:q1_049,565.734375,-1,left,unresolved_from_allowed_channels,cue_locked,0.0,565.734375,25,32,45,83,128.0,49.04369354248047,11.984251022338867,72.66903686523438,0.2578125,4.185557888153781,2.8490949257589717,1.4573940593152797,101.8386001586914,24.72044944763184,212.2677154541016,0.5859375,4.40390047572724,3.18144175333514,1.7375252754757342,134.98080444335938,32.769248962402344,250.295654296875,0.59375,4.654788558736591,2.8110007291132604,1.5271656413757773,-0.0380941966457109,,,,,,,,,,,,,,,,,95.28769938151042,4.414748974205871,1.5740283253889304,1.1388795332864077,1.0442348779375252,-0.40548477751273765,-1.0,0.0
VisualCogA_Task-2,63,49.0,VisualCogA_Task-2:q1_049,565.734375,-1,left,unresolved_from_allowed_channels,target_locked,2.2,567.934375,26,32,45,83,128.0,29.42762756347656,7.115293025970459,46.77825927734375,0.2687499523162842,2.1060764532040155,3.070709153008375,1.9437020875458209,82.13169860839844,19.882204055786133,120.81497955322266,0.5499999523162842,2.8398800165381592,3.625382928068003,2.778422961938721,111.21183013916016,26.90100479125977,145.28195190429688,0.5578124523162842,2.239209148842147,3.0400826510168204,3.042250769508439,-0.0306265019915548,,,,,,,,,,,,,,,,,74.25705210367839,2.395055206194774,2.5881252729976603,1.1666745697183059,0.2778149259401022,1.2747469946197505,-1.0,1.0
VisualCogA_Task-2,64,50.0,VisualCogA_Task-2:q1_050,574.31640625,1,right,unresolved_from_allowed_channels,cue_locked,0.0,574.31640625,25,32,45,83,128.0,-109.06135559082033,-26.41277313232422,-44.43450164794922,0.59375,3.3313616676726543,1.105346208693594,1.0551402976471569,-102.9887237548828,-24.940156936645508,-80.47698974609375,0.59375,2.853614824866101,0.4089372364237942,1.084284986158191,-119.3249740600586,-28.91757202148437,-84.61808013916016,0.59375,3.303073746139052,0.9289895011811434,1.3169013411850912,-0.1763567075124504,,,,,,,,,,,,,,,,,-110.4583511352539,3.1626834128926027,1.152108874996813,-1.5041356775883492,-0.018040899163713164,-1.1551437541562533,1.0,0.0
VisualCogA_Task-2,64,50.0,VisualCogA_Task-2:q1_050,574.31640625,1,right,unresolved_from_allowed_channels,target_locked,2.2,576.51640625,26,32,45,83,128.0,-18.87097549438477,-4.564786434173584,1.9990167617797847,0.4796874523162842,2.1125801127051758,1.1614969433846898,0.7558804740184152,28.666528701782227,6.938100814819336,56.82371520996094,0.4874999523162842,2.5556539761594066,0.9637660490973334,0.287878694076086,20.08435440063477,4.8518829345703125,42.98493194580078,0.4796874523162842,2.1618464697234527,-0.3742960421980006,0.4234066412397214,-1.5357929855826904,,,,,,,,,,,,,,,,,9.959969202677408,2.276693519529345,0.4890552697780741,0.03212484607455346,0.10733360562803357,-2.2200486331506952,1.0,1.0
VisualCogA_Task-2,65,51.0,VisualCogA_Task-2:q1_051,582.81640625,-1,left,unresolved_from_allowed_channels,cue_locked,0.0,582.81640625,25,32,45,83,128.0,-120.0318603515625,-29.05828285217285,-40.040035247802734,0.59375,3.7860076199701616,2.6470431905541263,1.5920229631028644,-36.086082458496094,-8.715368270874023,60.82574462890625,0.59375,3.687295965952046,2.1387304791173607,1.4750396387006162,-53.16275405883789,-12.880939483642578,49.30559539794922,0.59375,3.894931584004649,0.7244290234707047,1.257257144402527,-1.9226141670834216,,,,,,,,,,,,,,,,,-69.76023228963216,3.789411723308952,1.4414399154020028,-0.9813273568803783,0.5136870898088229,-0.6410655066145028,-1.0,0.0
VisualCogA_Task-2,65,51.0,VisualCogA_Task-2:q1_051,582.81640625,-1,left,unresolved_from_allowed_channels,target_locked,2.2,585.01640625,26,32,45,83,128.0,-7.49083137512207,-1.796160101890564,0.5944700241088867,0.4249999523162842,1.7774137309685003,1.845632248976409,0.5870847915440779,7.604763031005859,1.836951851844788,17.70048713684082,0.5968749523162842,2.054899459361355,1.3072892398060127,1.2494431678223734,13.89571762084961,3.3663692474365234,24.006635665893555,0.5968749523162842,2.0190717621992427,1.632635746393305,1.142628478879045,-0.2129965025831039,,,,,,,,,,,,,,,,,4.669883092244466,1.9504616508430326,0.9930521460818321,-0.06122100203934146,-0.3625518891497334,-1.3809312730746972,-1.0,1.0
VisualCogA_Task-2,66,52.0,VisualCogA_Task-2:q1_052,591.3515625,1,right,unresolved_from_allowed_channels,cue_locked,0.0,591.3515625,25,32,45,83,128.0,132.21751403808594,32.09906768798828,244.0728912353516,0.59375,3.914156013481137,2.758098374414516,1.6045564654076718,54.77838516235352,13.334898948669434,174.64537048339844,0.59375,3.8301974752568384,3.2758028333532483,2.453192665133823,92.79161071777344,22.52374267578125,217.9045562744141,0.59375,3.962617377894895,2.9962293573948475,2.5340531339102954,0.2381309829803317,,,,,,,,,,,,,,,,,93.26250330607097,3.902323622210957,2.19726742148393,1.1128638502686956,0.609483650992326,0.7018753656344715,1.0,0.0
VisualCogA_Task-2,66,52.0,VisualCogA_Task-2:q1_052,591.3515625,1,right,unresolved_from_allowed_channels,target_locked,2.2,593.5515625,26,32,45,83,128.0,-351.2159729003906,-85.2472915649414,-277.48931884765625,0.2531249523162842,1.1119269599816497,-0.7945471568437077,1.5215421526931283,-172.4388427734375,-41.86725234985352,-123.58625030517578,0.2531249523162842,1.215753892810857,0.1824203076186184,1.9678543990124373,-422.1899108886719,-102.42720794677734,-281.6275329589844,0.2531249523162842,2.76251102085084,-0.7982793365541568,2.2118772191642995,-0.0037321797104491,,,,,,,,,,,,,,,,,-315.2815755208333,1.6967306245477822,1.900424590289955,-5.706902307796241,-0.728011368357923,0.12977644315871903,1.0,1.0
VisualCogA_Task-2,68,53.0,VisualCogA_Task-2:q1_053,608.6015625,-1,left,unresolved_from_allowed_channels,cue_locked,0.0,608.6015625,25,32,45,83,128.0,26.47610855102539,6.563937187194824,47.60203552246094,0.578125,3.2363086265183987,1.9269530934583947,2.3957490411632736,31.508846282958984,7.674919605255127,44.182884216308594,0.546875,2.42858706351508,0.8633459286689231,2.447134936167596,35.98992919921875,8.66767692565918,52.830848693847656,0.25,2.6840096526326533,1.731118037609898,2.640142696209001,-0.1958350558484967,,,,,,,,,,,,,,,,,31.324961344401043,2.7829684475553775,2.49434222451329,0.3172137509461397,-0.34019815861064795,1.229712592902827,-1.0,0.0
VisualCogA_Task-2,68,53.0,VisualCogA_Task-2:q1_053,608.6015625,-1,left,unresolved_from_allowed_channels,target_locked,2.2,610.8015625,26,32,45,83,128.0,24.37146377563477,5.925127029418945,40.486961364746094,0.4640624523162842,2.574843953128874,2.261189453220588,1.9098402169240076,25.023117065429688,6.039599895477295,46.8916015625,0.4718749523162842,3.062108338236304,3.0945926545722675,2.2321736213983883,33.50935363769531,8.105812072753906,54.69346618652344,0.4718749523162842,2.6809778035488154,3.179995333400992,1.7497494876590904,0.918805880180404,,,,,,,,,,,,,,,,,27.634644826253254,2.7726433649713313,1.9639211086604955,0.34400211078804727,0.8216710474263497,0.23549342946200846,-1.0,1.0
VisualCogA_Task-2,69,54.0,VisualCogA_Task-2:q1_054,617.38671875,-1,left,unresolved_from_allowed_channels,cue_locked,0.0,617.38671875,25,32,45,83,128.0,136.51116943359375,33.07456588745117,240.89610290527344,0.59375,3.55021898411844,1.6131530541803123,1.401990185288364,51.52723693847656,12.498435020446776,128.1834259033203,0.59375,3.397587124829386,2.395468075664001,1.7307680495747575,96.0764389038086,23.27305221557617,209.94461059570312,0.59375,3.708977485136622,1.4835557539631627,0.9499758765731412,-0.1295973002171495,,,,,,,,,,,,,,,,,94.70494842529297,3.5522611980281495,1.3609113704787543,1.1313935104073973,0.31248416057211587,-0.7841471932294455,-1.0,0.0
VisualCogA_Task-2,69,54.0,VisualCogA_Task-2:q1_054,617.38671875,-1,left,unresolved_from_allowed_channels,target_locked,2.2,619.58671875,26,32,45,83,128.0,215.6532440185547,52.331275939941406,235.70590209960935,0.4093749523162842,2.113236553079949,1.670565933454572,0.8138803135461152,96.80218505859376,23.5029239654541,123.33782958984376,0.4093749523162842,2.6593979342779246,2.2633222888870383,1.3735576089122978,190.65675354003903,46.25508880615234,221.1713714599609,0.5343749523162842,2.720942180252709,2.0136715129757583,0.7663354933442225,0.3431055795211863,,,,,,,,,,,,,,,,,167.70406087239584,2.4978588892035276,0.9845911386008784,2.815587291577312,0.4258873985960261,-1.3950182220119007,-1.0,1.0
VisualCogA_Task-2,70,55.0,VisualCogA_Task-2:q1_055,625.94921875,1,right,unresolved_from_allowed_channels,cue_locked,0.0,625.94921875,25,32,45,83,128.0,-7.399301528930664,-1.7867413759231567,113.7272720336914,0.578125,4.804584583275132,1.231490904240009,1.3425318412882368,18.636699676513672,4.549243927001953,131.42770385742188,0.578125,4.787962459917651,2.821583502067502,2.00331060947929,-11.091815948486328,-2.6701369285583496,122.09373474121094,0.578125,5.178813905710151,3.4782225568597496,1.5997885812574746,2.2467316526197405,,,,,,,,,,,,,,,,,0.04852739969889323,4.923786982967645,1.648543677341667,-0.08456353931116138,1.476112219699333,-0.2730872252377607,1.0,0.0
VisualCogA_Task-2,70,55.0,VisualCogA_Task-2:q1_055,625.94921875,1,right,unresolved_from_allowed_channels,target_locked,2.2,628.14921875,26,32,45,83,128.0,-85.63485717773438,-20.77098655700684,-64.34751892089844,0.2531249523162842,2.805322242835455,2.013790958493768,1.6850649376814164,-43.44704055786133,-10.533547401428224,-31.803958892822266,0.3624999523162842,1.436145970033908,2.185638059281004,2.013781103032372,-93.43356323242188,-22.65143203735352,-74.75184631347656,0.2531249523162842,0.5227975573597056,2.1014654811479843,1.4212910277726936,0.0876745226542161,,,,,,,,,,,,,,,,,-74.17182032267253,1.5880885900763564,1.7067123561621607,-1.452416819720896,-0.8844930644191852,-0.19274003691916836,1.0,1.0
VisualCogA_Task-2,71,56.0,VisualCogA_Task-2:q1_056,634.421875,1,right,unresolved_from_allowed_channels,cue_locked,0.0,634.421875,25,32,45,83,128.0,-4.999018669128418,-1.240869641304016,18.252853393554688,0.25,1.9640846949441035,2.416824318966486,1.7705747125653148,71.62614440917969,17.40151023864746,97.29242706298828,0.53125,2.9189024889495254,2.628345902418302,1.924349021799702,90.16773986816406,21.95081901550293,111.81019592285156,0.3359375,3.0561880633664784,2.772559075876261,1.7846877452288337,0.3557347569097748,,,,,,,,,,,,,,,,,52.26495520273844,2.646391749086703,1.826537159864617,0.5862090592118515,-0.4560723771679885,0.04316842932701633,1.0,0.0
VisualCogA_Task-2,71,56.0,VisualCogA_Task-2:q1_056,634.421875,1,right,unresolved_from_allowed_channels,target_locked,2.2,636.621875,26,32,45,83,128.0,19.30188369750977,4.651774883270264,31.276996612548828,0.4015624523162842,2.199834391307858,0.4099190494315708,1.999360051810076,-24.59856605529785,-5.977049350738525,-16.386920928955078,0.4015624523162842,2.786558779916441,2.1185578582619917,1.4010053704519163,-6.0051703453063965,-1.462448239326477,5.6744384765625,0.4796874523162842,1.4324751552034602,2.268295134357741,1.6654641862217237,1.8583760849261708,,,,,,,,,,,,,,,,,-3.7672842343648263,2.1396227754759196,1.688609869494572,-0.2100984538123774,-0.09009515768825498,-0.2228793324932206,1.0,1.0
VisualCogA_Task-2,72,57.0,VisualCogA_Task-2:q1_057,642.8125,1,right,unresolved_from_allowed_channels,cue_locked,0.0,642.8125,25,32,45,83,128.0,-39.45398712158203,-9.52915859222412,27.072139739990234,0.59375,3.2908382182602454,1.5680361248242791,1.683651301368723,-20.4244327545166,-4.93272590637207,46.00065994262695,0.59375,3.540589789446229,2.0843885571362097,1.761585271494699,-52.72841644287109,-12.766000747680664,34.773338317871094,0.59375,3.926622801946528,2.2104930019371656,0.9803242209592784,0.6424568771128865,,,,,,,,,,,,,,,,,-37.53561210632324,3.586016936551001,1.4751869312742336,-0.5673696595382977,0.3411231587835015,-0.5811044089214781,1.0,0.0
VisualCogA_Task-2,72,57.0,VisualCogA_Task-2:q1_057,642.8125,1,right,unresolved_from_allowed_channels,target_locked,2.2,645.0125,26,32,45,83,128.0,-0.5144380331039429,-0.0763041377067565,13.501062393188477,0.4015624523162842,3.239495223278888,2.80367512844203,1.8401471587863767,21.332372665405277,5.209628105163574,42.40776824951172,0.5578124523162842,2.5171909764199825,2.707747427030222,0.8652523335790395,17.463499069213867,4.250220775604248,33.53158187866211,0.5578124523162842,1.9638330756304831,2.3243369006807884,1.258819510121857,-0.4793382277612417,,,,,,,,,,,,,,,,,12.760477900505066,2.573506425109785,1.3214063341624245,0.08154102836192795,0.5348457293108264,-0.8342459414258868,1.0,1.0
VisualCogA_Task-2,73,58.0,VisualCogA_Task-2:q1_058,651.51953125,1,right,unresolved_from_allowed_channels,cue_locked,0.0,651.51953125,25,32,45,83,128.0,58.83258819580078,14.251372337341309,199.32003784179688,0.59375,4.161487208749027,1.5837657936695089,1.2137207781393904,11.684652328491213,2.833261251449585,123.19544982910156,0.59375,3.992747631837868,1.221741885829944,1.670881308276565,14.804208755493164,3.584803819656372,146.45042419433594,0.59375,4.179029212437369,1.4785308475616563,1.6267688859544114,-0.1052349461078523,,,,,,,,,,,,,,,,,28.44048309326172,4.111088017674755,1.5037903241234556,0.2801597230605475,0.7866032582034455,-0.5302824091488865,1.0,0.0
VisualCogA_Task-2,73,58.0,VisualCogA_Task-2:q1_058,651.51953125,1,right,unresolved_from_allowed_channels,target_locked,2.2,653.71953125,26,32,45,83,128.0,7.80486536026001,1.899106860160828,18.826133728027344,0.4406249523162842,2.690448886802196,1.3180117754153315,1.0677895941925823,30.012420654296875,7.244168281555176,45.58500671386719,0.4406249523162842,2.553490394927988,0.8204599615122301,1.2352876784356068,38.02943801879883,9.16335391998291,52.5312728881836,0.4406249523162842,2.4746204769461966,0.2692535256750406,1.0636156258681118,-1.048758249740291,,,,,,,,,,,,,,,,,25.282241344451904,2.572853252892127,1.1222309661654337,0.3024929380579922,0.5339049378672893,-1.1658581335718365,1.0,1.0
VisualCogA_Task-2,74,59.0,VisualCogA_Task-2:q1_059,660.17578125,-1,left,unresolved_from_allowed_channels,cue_locked,0.0,660.17578125,25,32,45,83,128.0,-86.6535873413086,-20.96155166625977,-65.36093139648438,0.3515625,2.8889882608215727,2.3252280509953285,2.516537207680285,-60.1260986328125,-14.511791229248049,-37.61263275146485,0.3515625,2.82704706796207,2.39526891006747,1.2947203178633775,-92.68814086914062,-22.37840843200684,-72.69375610351562,0.34375,1.9289375306580765,1.6045003135627802,0.2946641226289567,-0.7207277374325483,,,,,,,,,,,,,,,,,-79.8226089477539,2.548324286480573,1.368640549390873,-1.1105887181467027,-0.5392746417035662,-0.7704141255830769,-1.0,0.0
VisualCogA_Task-2,74,59.0,VisualCogA_Task-2:q1_059,660.17578125,-1,left,unresolved_from_allowed_channels,target_locked,2.2,662.37578125,26,32,45,83,128.0,161.37371826171875,39.07174682617188,255.4221649169922,0.5578124523162842,1.1858716831051166,1.8047935958005903,1.8684175201959807,68.47926330566406,16.58208465576172,110.3349609375,0.5656249523162842,1.9759866503550756,2.534380203454394,1.843836453334656,95.17620849609376,23.061845779418945,172.34385681152344,0.5734374523162842,1.876253165987833,2.3420940118755773,1.9904232432116653,0.5373004160749868,,,,,,,,,,,,,,,,,108.34306335449219,1.6793704998160084,1.9008924055807672,1.7681369207284257,-0.7530158868675384,0.13055532086666918,-1.0,1.0
VisualCogA_Task-2,75,60.0,VisualCogA_Task-2:q1_060,668.69140625,-1,left,unresolved_from_allowed_channels,cue_locked,0.0,668.69140625,25,32,45,83,128.0,-36.5425033569336,-8.809879302978516,-25.345643997192383,0.3515625,2.166598358901504,0.7835992459824255,1.2474653947024676,-15.458245277404783,-3.752296447753906,7.710319995880127,0.2578125,2.306516019879515,2.4809057022469307,0.9372785056132976,12.074590682983398,2.925833940505981,38.64266204833984,0.2578125,2.446055758640145,2.655178820370358,1.8390010809508357,1.8715795743879329,,,,,,,,,,,,,,,,,-13.30871931711833,2.306390045807055,1.341248327088867,-0.2561508245070844,-0.7445361643104942,-0.8190841390651032,-1.0,0.0
VisualCogA_Task-2,75,60.0,VisualCogA_Task-2:q1_060,668.69140625,-1,left,unresolved_from_allowed_channels,target_locked,2.2,670.89140625,26,32,45,83,128.0,13.384103775024414,3.200098752975464,33.730499267578125,0.5968749523162842,2.34931636771348,0.8863742498169326,1.6364158608643224,3.974531650543213,0.9426115155220032,18.32367706298828,0.3468749523162842,1.9158425999876412,1.8983550056004024,2.031093462786842,2.798407554626465,0.6580358743667603,15.122468948364258,0.3468749523162842,1.2125846890509866,2.29566462278742,1.6862478278539552,1.4092903729704878,,,,,,,,,,,,,,,,,6.719014326731364,1.8259145522507028,1.7845857171683732,-0.025063198747138003,-0.5419423186649588,-0.06308667559874026,-1.0,1.0
VisualCogA_Task-2,76,61.0,VisualCogA_Task-2:q1_061,677.5078125,-1,left,unresolved_from_allowed_channels,cue_locked,0.0,677.5078125,25,32,45,83,128.0,-22.682106018066406,-5.446115970611572,-10.615272521972656,0.390625,2.445186504333104,2.173327475889113,1.650601947161167,7.255453109741211,1.7612018585205078,15.30699348449707,0.546875,2.167161270728293,1.460825622061659,1.3496008397990964,12.32485008239746,3.0033204555511475,20.41418838500977,0.453125,2.6502618166753225,2.207539662093475,1.4974932009039814,0.0342121862043613,,,,,,,,,,,,,,,,,-1.0339342753092453,2.4208698639122397,1.4992319959547482,-0.09846884959561014,-0.647409351228486,-0.5383815655802447,-1.0,0.0
VisualCogA_Task-2,76,61.0,VisualCogA_Task-2:q1_061,677.5078125,-1,left,unresolved_from_allowed_channels,target_locked,2.2,679.7078125,26,32,45,83,128.0,41.47774124145508,9.975458145141602,56.22313690185547,0.4953124523162842,3.1094299178666027,1.2065195251602632,1.274430885565522,37.40545654296875,9.010507583618164,56.07952117919922,0.4796874523162842,3.236457903132087,2.275997853437329,1.4721145982135333,38.12303924560547,9.251106262207031,53.49978256225586,0.4718749523162842,2.4418482479164965,2.639301384060348,1.435057704143136,1.432781858900085,,,,,,,,,,,,,,,,,39.002079010009766,2.929245356305062,1.393867729307397,0.5445853834627508,1.0472314884628113,-0.7136031012412446,-1.0,1.0
VisualCogA_Task-2,78,62.0,VisualCogA_Task-2:q1_062,694.85546875,-1,left,unresolved_from_allowed_channels,cue_locked,0.0,694.85546875,25,32,45,83,128.0,23.53614616394043,5.729755401611328,129.28201293945312,0.59375,4.362544886101638,2.247450011649408,2.485969260128995,8.476333618164062,2.0205166339874268,99.89672088623048,0.59375,4.125420131281378,1.664877443860033,2.579689585306125,11.946100234985352,2.836010456085205,125.66494750976562,0.59375,4.303435982944189,2.386408755306305,2.594164705218924,0.1389587436568971,,,,,,,,,,,,,,,,,14.652860005696615,4.2638003334424015,2.5532745168846813,0.10304381998141005,0.9161672354562457,1.3344224420205562,-1.0,0.0
VisualCogA_Task-2,78,62.0,VisualCogA_Task-2:q1_062,694.85546875,-1,left,unresolved_from_allowed_channels,target_locked,2.2,697.05546875,26,32,45,83,128.0,7.524815082550049,1.8470104932785036,21.736696243286133,0.3937499523162842,1.3707605237658649,1.1339535654173782,1.6051087569206524,15.097281455993652,3.710707664489746,37.373722076416016,0.4640624523162842,3.496827069671965,0.3277016504705519,2.342158074445116,15.728668212890623,3.86322021484375,38.7567253112793,0.4640624523162842,3.523831017468668,1.479102608056436,1.9591600713013124,0.3451490426390577,,,,,,,,,,,,,,,,,12.78358825047811,2.797139536968833,1.9688089675556935,0.08194882044194497,0.8569539152392277,0.24363135143216472,-1.0,1.0
VisualCogA_Task-2,80,63.0,VisualCogA_Task-2:q1_063,712.08984375,-1,left,unresolved_from_allowed_channels,cue_locked,0.0,712.08984375,25,32,45,83,128.0,-554.7201538085938,-134.45941162109375,-487.3712158203125,0.25,3.491728248423518,1.8071106360389448,1.709656193503741,-280.450927734375,-67.94672393798828,-227.3228454589844,0.265625,3.200523763376561,1.4597050039266506,1.7465918513085004,-457.1068115234375,-110.75574493408205,-362.1259765625,0.25,3.5045004384361333,2.4764402667242824,1.7893505912386636,0.6693296306853378,,,,,,,,,,,,,,,,,-430.75929768880206,3.398917483412071,1.7485328786836352,-5.61872388801736,0.18238449275877083,-0.09542819035856984,-1.0,0.0
VisualCogA_Task-2,80,63.0,VisualCogA_Task-2:q1_063,712.08984375,-1,left,unresolved_from_allowed_channels,target_locked,2.2,714.28984375,26,32,45,83,128.0,-126.71983337402344,-30.714921951293945,-106.32933044433594,0.2531249523162842,2.4663344799669336,2.106953438460988,1.3598274993578543,-34.44518280029297,-8.331343650817871,-16.505329132080078,0.4171874523162842,3.496685596686779,2.766049373141083,1.1070266749939812,-63.565895080566406,-15.37983226776123,-47.012237548828125,0.4171874523162842,3.113186711957713,2.9138291354826933,1.0006275601896937,0.8068756970217059,,,,,,,,,,,,,,,,,-74.91030375162761,3.0254022628704753,1.1558272448471765,-1.465447677925249,1.1857303291791792,-1.1099228252370867,-1.0,1.0
VisualCogA_Task-2,81,64.0,VisualCogA_Task-2:q1_064,720.671875,1,right,unresolved_from_allowed_channels,cue_locked,0.0,720.671875,25,32,45,83,128.0,119.02236938476562,28.56928253173828,212.2470550537109,0.515625,5.752105903682819,3.0192320923384632,2.324625733627753,134.8404541015625,32.43543243408203,228.223388671875,0.515625,5.8276923802807765,2.8926531466368903,2.0067312341640298,139.42669677734375,33.51472091674805,245.72299194335935,0.5234375,6.094092366604928,3.02900328925483,1.7882812550540672,0.0097711969163674,,,,,,,,,,,,,,,,,131.09650675455728,5.891296883522841,2.0398794076152833,1.5988797244567134,2.296965666373014,0.4222311413564209,1.0,0.0
VisualCogA_Task-2,81,64.0,VisualCogA_Task-2:q1_064,720.671875,1,right,unresolved_from_allowed_channels,target_locked,2.2,722.871875,26,32,45,83,128.0,5.331568241119385,1.2727521657943726,24.125423431396484,0.5578124523162842,0.4526322489757524,1.1937769731348953,2.631954768958488,6.965395927429199,1.63345468044281,26.768022537231445,0.5031249523162842,1.0700179679197548,0.6133608271342978,2.897010686341576,4.89846134185791,1.1350669860839844,31.97642707824707,0.5031249523162842,1.668845340381785,0.73963631733469,2.9211980113188427,-0.4541406558002052,,,,,,,,,,,,,,,,,5.731808503468831,1.063831852425764,2.8167211555396356,-0.04248287073578079,-1.6396021147811375,1.6553421580057561,1.0,1.0
VisualCogA_Task-2,82,65.0,VisualCogA_Task-2:q1_065,729.375,1,right,unresolved_from_allowed_channels,cue_locked,0.0,729.375,25,32,45,83,128.0,59.51822662353516,14.500617980957031,167.98841857910156,0.59375,4.873490598618703,1.5071675726483729,2.653074764779028,55.35825347900391,13.536144256591797,189.05609130859372,0.59375,5.07068241676597,1.1851895182035226,2.0208175018000203,81.22880554199219,19.775672912597656,250.69073486328125,0.59375,5.170336201288696,1.5257799965335563,1.4278333319141547,0.0186124238851834,,,,,,,,,,,,,,,,,65.36842854817708,5.038169738891123,2.0339085328310675,0.7545363698955837,1.5731566834158728,0.41162219721733984,1.0,0.0
VisualCogA_Task-2,82,65.0,VisualCogA_Task-2:q1_065,729.375,1,right,unresolved_from_allowed_channels,target_locked,2.2,731.575,26,32,45,83,128.0,28.62105941772461,6.9124836921691895,55.05046844482422,0.5499999523162842,1.883237957622288,2.5263424574846494,1.952961202303456,25.08996963500977,6.077915191650391,48.641204833984375,0.5499999523162842,2.808420217370064,2.5186551996769446,2.3083934397144907,34.231163024902344,8.299151420593262,68.67278289794922,0.5421874523162842,2.8341138093774867,2.2967111253965498,2.0110922898792527,-0.2296313320880996,,,,,,,,,,,,,,,,,29.314064025878906,2.5085906614566125,2.0908156439657333,0.37363618597231407,0.44134482197801916,0.44676340449500185,1.0,1.0
VisualCogA_Task-2,83,66.0,VisualCogA_Task-2:q1_066,737.98828125,-1,left,unresolved_from_allowed_channels,cue_locked,0.0,737.98828125,25,32,45,83,128.0,96.69525146484376,23.440505981445312,170.70372009277344,0.59375,2.89698353254286,0.230581123797615,2.074268504880458,41.47525787353516,10.077330589294434,93.62107849121094,0.59375,2.794335894147018,0.3722034705746728,2.370887759204492,59.13602828979492,14.348760604858398,130.138671875,0.59375,3.3181489661991743,0.6953824097434145,2.2003806163211115,0.4648012859457994,,,,,,,,,,,,,,,,,65.76884587605795,3.0031561309630175,2.2151789601353538,0.7596801337035832,-0.1533868208284325,0.7337002689970873,-1.0,0.0
VisualCogA_Task-2,83,66.0,VisualCogA_Task-2:q1_066,737.98828125,-1,left,unresolved_from_allowed_channels,target_locked,2.2,740.18828125,26,32,45,83,128.0,-5.044818878173828,-1.2185616493225098,11.778238296508787,0.5499999523162842,0.453325786163082,2.434939538258368,0.5222134930453765,5.430809020996094,1.3044018745422363,28.63335418701172,0.5578124523162842,1.3409220919795797,1.8445046161020568,1.5491305347767503,16.66016960144043,4.019742965698242,43.25177383422852,0.5578124523162842,0.8636923443866956,1.4591597627397663,1.2712931408420751,-0.9757797755186012,,,,,,,,,,,,,,,,,5.682053248087565,0.8859800741764524,1.1142123895547338,-0.04336082364897214,-1.8957695185246997,-1.1792084679756603,-1.0,1.0
VisualCogA_Task-2,84,67.0,VisualCogA_Task-2:q1_067,746.51953125,1,right,unresolved_from_allowed_channels,cue_locked,0.0,746.51953125,25,32,45,83,128.0,-95.6162567138672,-23.33121490478516,29.91548156738281,0.59375,4.618304106704587,0.1354525474132396,1.9211162651984497,36.23424530029297,8.618603706359863,188.6397399902344,0.59375,4.6828226125015,0.3675474411670507,2.194283267679213,7.974369525909424,1.769357681274414,165.88912963867188,0.59375,4.949404427065,1.3471613726242957,2.1788890196439263,1.2117088252110562,,,,,,,,,,,,,,,,,-17.135880629221603,4.7501770487570285,2.0980961841738632,-0.30531456561878145,1.3288183131545026,0.5256696747016582,1.0,0.0
VisualCogA_Task-2,84,67.0,VisualCogA_Task-2:q1_067,746.51953125,1,right,unresolved_from_allowed_channels,target_locked,2.2,748.71953125,26,32,45,83,128.0,112.86265563964844,27.50017547607422,133.7020263671875,0.4406249523162842,2.2031070300338413,3.3875521883660062,2.0227427150841986,68.97555541992188,16.76573944091797,98.16127014160156,0.4406249523162842,1.5975055828415246,3.737652238736004,2.438420567525324,142.37918090820312,34.56156539916992,175.6800994873047,0.4406249523162842,-0.014262058331597,3.066862504168466,2.4265212246833574,-0.3206896841975402,,,,,,,,,,,,,,,,,108.07246398925781,1.2621168515145895,2.2958948357642934,1.7633620783686637,-1.3540038828271328,0.7882050247101466,1.0,1.0
VisualCogA_Task-2,86,68.0,VisualCogA_Task-2:q1_068,763.5546875,-1,left,unresolved_from_allowed_channels,cue_locked,0.0,763.5546875,25,32,45,83,128.0,193.48165893554688,46.90570831298828,258.6487121582031,0.515625,4.315633074976031,2.793670797801763,2.698399486837743,141.43252563476562,34.29712677001953,222.83355712890625,0.53125,3.9482125453590178,2.176207713820171,2.687411230802011,219.7287750244141,53.29726791381836,297.72784423828125,0.53125,3.712441619220183,1.607141140600422,2.518499708176437,-1.1865296572013408,,,,,,,,,,,,,,,,,184.88098653157553,3.9920957465184106,2.63477014193873,2.2897955296573693,0.6856479957816716,1.4792224194147325,-1.0,0.0
VisualCogA_Task-2,86,68.0,VisualCogA_Task-2:q1_068,763.5546875,-1,left,unresolved_from_allowed_channels,target_locked,2.2,765.7546875,26,32,45,83,128.0,75.21192932128906,18.23256492614746,104.25426483154295,0.5265624523162842,1.8926853758443285,1.495475425645009,2.777850060355858,6.685544013977051,1.6038254499435425,28.82666015625,0.5656249523162842,2.3333423820926957,1.2884053993762257,1.7327350142426114,39.17861175537109,9.502995491027832,60.92387390136719,0.5578124523162842,2.038520747804021,1.1132556967199116,1.5737690872428023,-0.3822197289250972,,,,,,,,,,,,,,,,,40.3586950302124,2.088182835247015,2.028118053947091,0.5685234574991956,-0.16418626921310453,0.34237657454992476,-1.0,1.0
VisualCogA_Task-2,87,69.0,VisualCogA_Task-2:q1_069,772.15234375,1,right,unresolved_from_allowed_channels,cue_locked,0.0,772.15234375,25,32,45,83,128.0,358.52606201171875,86.7406997680664,633.25927734375,0.59375,5.331191646175266,2.602432615090454,1.492239617114664,17.900856018066406,4.2413716316223145,162.06268310546875,0.59375,5.125752365265504,2.669542182842565,1.0766930791107192,95.28630065917967,22.92165756225586,370.6219787597656,0.59375,5.3319355757151845,2.4577199996123507,1.3132733252439184,-0.1447126154781033,,,,,,,,,,,,,,,,,157.23773956298828,5.262959862385318,1.2940686738231006,1.934690184828451,1.7638728172172191,-0.9029121080121142,1.0,0.0
VisualCogA_Task-2,87,69.0,VisualCogA_Task-2:q1_069,772.15234375,1,right,unresolved_from_allowed_channels,target_locked,2.2,774.35234375,26,32,45,83,128.0,-57.34783172607422,-13.9252290725708,-41.00050354003906,0.5031249523162842,3.138960663466126,0.3147069794034969,2.17745996597682,-42.59768295288086,-10.355137825012209,-27.833574295043945,0.2843749523162842,3.678569494388769,1.210640588085954,2.0808798561875026,-75.62196350097656,-18.35519218444824,-64.39414978027344,0.4562499523162842,3.34816092592954,0.239306789997181,1.5259949210466992,-0.0754001894063158,,,,,,,,,,,,,,,,,-58.52249272664388,3.3885636945948114,1.9281115810703406,-1.1762776933685801,1.7088070283292383,0.17587322610402323,1.0,1.0
VisualCogA_Task-2,88,70.0,VisualCogA_Task-2:q1_070,780.48046875,-1,left,unresolved_from_allowed_channels,cue_locked,0.0,780.48046875,25,32,45,83,128.0,-41.79054641723633,-10.259106636047363,59.67264175415039,0.5625,4.493879506437793,0.3916437449251303,1.3790192467201845,21.05276870727539,4.992816925048828,149.296630859375,0.59375,4.311507046428829,2.0815797991654423,0.698603022638457,3.5375514030456543,0.7230894565582275,162.45721435546875,0.59375,4.491616046956132,1.45357920517229,0.5499662931253447,1.0619354602471596,,,,,,,,,,,,,,,,,-5.733408768971761,4.432334199940918,0.8758628541613288,-0.15883833196803568,1.0591545114698175,-1.645972771611859,-1.0,0.0
VisualCogA_Task-2,88,70.0,VisualCogA_Task-2:q1_070,780.48046875,-1,left,unresolved_from_allowed_channels,target_locked,2.2,782.68046875,26,32,45,83,128.0,19.998023986816406,4.8111958503723145,37.83514022827149,0.4796874523162842,1.2521570852811197,2.5892028725738867,3.3131305699215035,10.640993118286133,2.533372402191162,29.42493057250977,0.4796874523162842,2.7769247665001124,2.6507917901745786,3.3478949192953924,23.484844207763672,5.642496585845947,40.86466217041016,0.5734374523162842,2.811150635977286,2.110331557597836,2.96026326571088,-0.4788713149760508,,,,,,,,,,,,,,,,,18.041287104288738,2.2800774959195063,3.2070962516425916,0.17472318146198523,0.1122076892876409,2.305287694342573,-1.0,1.0
VisualCogA_Task-2,89,71.0,VisualCogA_Task-2:q1_071,789.0625,-1,left,unresolved_from_allowed_channels,cue_locked,0.0,789.0625,25,32,45,83,128.0,214.65252685546875,52.15214538574219,262.49920654296875,0.59375,3.956162219644933,2.0079068828782125,2.2763751315740737,106.23572540283205,25.825756072998047,229.1024932861328,0.59375,4.050580994762426,2.477612677260608,2.2273651756746267,312.6184387207031,75.83179473876953,482.2438354492188,0.59375,4.423600640739153,1.8732203987940044,1.8387823247538613,-0.1346864840842081,,,,,,,,,,,,,,,,,211.1688969930013,4.143447951715504,2.1141742106675205,2.627490212190295,0.8140580298561584,0.5542368262669174,-1.0,0.0
VisualCogA_Task-2,89,71.0,VisualCogA_Task-2:q1_071,789.0625,-1,left,unresolved_from_allowed_channels,target_locked,2.2,791.2625,26,32,45,83,128.0,-9.893633842468262,-2.3565785884857178,8.195046424865723,0.2765624523162842,3.4043878580196925,1.9095865114391648,2.435888382629713,8.501955032348633,2.047070980072021,24.287208557128903,0.4093749523162842,3.1322233155179555,2.2210769883850814,1.9240800787073256,-0.6733344197273254,-0.194408044219017,11.71005916595459,0.2531249523162842,1.4793048574159402,2.3747129344115665,2.20614037175715,0.4651264229724017,,,,,,,,,,,,,,,,,-0.6883377432823181,2.671972010317863,2.1887029443647292,-0.15576911672643043,0.6766698570712217,0.6097384881863275,-1.0,1.0
VisualCogA_Task-2,90,72.0,VisualCogA_Task-2:q1_072,798.0625,-1,left,unresolved_from_allowed_channels,cue_locked,0.0,798.0625,25,32,45,83,128.0,-38.19197463989258,-9.264589309692385,25.26865005493164,0.5546875,4.135030254625689,2.1543561175532755,1.979650601722621,-19.744457244873047,-4.735661029815674,27.063758850097656,0.5546875,4.356542562151378,1.8910636250195316,1.7874485572258343,0.5098886489868164,0.1980801224708557,18.75881004333496,0.5546875,3.340966533913823,1.8445290216516,2.2862660871612426,-0.3098270959016755,,,,,,,,,,,,,,,,,-19.142181078592937,3.94417978356363,2.0177884153698993,-0.33108751529122843,0.6449951990303932,0.3829802591694929,-1.0,0.0
VisualCogA_Task-2,90,72.0,VisualCogA_Task-2:q1_072,798.0625,-1,left,unresolved_from_allowed_channels,target_locked,2.2,800.2625,26,32,45,83,128.0,18.530954360961918,4.476293087005615,30.048620223999023,0.5187499523162842,2.0650750312719635,1.475463457009624,1.4102764339378748,25.76952743530273,6.282236099243164,41.74939727783203,0.4249999523162842,2.1309560561355068,1.1927958035057618,1.2764994543607544,22.780616760253903,5.562764644622803,39.88570022583008,0.4249999523162842,2.559531617087285,0.6932611696595182,1.3054567553905376,-0.7822022873501057,,,,,,,,,,,,,,,,,22.360366185506184,2.251854234831585,1.3307442145630557,0.2509351922857994,0.07155653814798418,-0.8186990642151627,-1.0,1.0
VisualCogA_Task-2,91,73.0,VisualCogA_Task-2:q1_073,806.640625,-1,left,unresolved_from_allowed_channels,cue_locked,0.0,806.640625,25,32,45,83,128.0,134.67633056640625,32.737823486328125,158.4532928466797,0.421875,0.5311030735686688,2.96843901684202,1.4622874085166373,109.67706298828124,26.66166305541992,136.44122314453125,0.4296875,1.6126370270915698,2.2067682555418795,1.9186277836336865,184.47679138183597,44.77754974365234,229.3530731201172,0.4453125,2.6238137744997,2.284263369434704,2.0937260577912578,-0.684175647407316,,,,,,,,,,,,,,,,,142.94339497884116,1.5891846250533128,1.8248804166471941,1.7510649338430977,-1.3530266213703392,0.04022475743945578,-1.0,0.0
VisualCogA_Task-2,91,73.0,VisualCogA_Task-2:q1_073,806.640625,-1,left,unresolved_from_allowed_channels,target_locked,2.2,808.840625,26,32,45,83,128.0,214.23275756835935,51.94776153564453,223.1490478515625,0.4328124523162842,1.8379768392368785,1.292204297704601,0.3382060449183587,151.8236083984375,36.76653289794922,179.00595092773438,0.4953124523162842,3.1019829921521365,1.0951670419866095,0.8747345967464653,224.96731567382807,54.54490661621094,248.08480834960935,0.4640624523162842,2.4695482581926704,1.2185961474024287,1.6510072635269784,-0.0736081503021726,,,,,,,,,,,,,,,,,197.00789388020834,2.4698360298605615,0.9546493017306008,3.3326660475747905,0.3855248945265092,-1.4448691561975937,-1.0,1.0
VisualCogA_Task-2,92,74.0,VisualCogA_Task-2:q1_074,815.42578125,1,right,unresolved_from_allowed_channels,cue_locked,0.0,815.42578125,25,32,45,83,128.0,7.401981353759766,1.7588945627212524,27.88730239868164,0.421875,3.4970000104821524,2.492214249123225,1.6875298486306656,23.99515724182129,5.833922863006592,43.86613082885742,0.5234375,3.7411678706095817,2.262716986954017,1.9851899644192008,43.0683822631836,10.469934463500977,59.89484405517578,0.4765625,3.8524840977092807,1.7084650334209863,1.3440350497378255,-0.7837492157022383,,,,,,,,,,,,,,,,,24.821840286254883,3.6968839929336714,1.6722516209292306,0.23367461213073984,0.43518483743098363,-0.23096337265960246,1.0,0.0
VisualCogA_Task-2,92,74.0,VisualCogA_Task-2:q1_074,815.42578125,1,right,unresolved_from_allowed_channels,target_locked,2.2,817.62578125,26,32,45,83,128.0,17.42464828491211,4.211574554443359,30.052734375,0.5109374523162842,3.4147684624033263,1.5706375283737934,2.200410384472125,19.79369163513184,4.752604961395264,41.7767333984375,0.4874999523162842,3.8438224460973007,0.892040121359216,1.4143322273799035,29.325624465942383,7.073444366455078,50.194786071777344,0.4874999523162842,3.805354578213482,1.604121115153672,1.6074262090395892,0.0334835867798786,,,,,,,,,,,,,,,,,22.18132146199544,3.6879818289047033,1.740722940297206,0.247775871016252,2.140071572630769,-0.13611494078099007,1.0,1.0
VisualCogA_Task-2,94,75.0,VisualCogA_Task-2:q1_075,832.6171875,-1,left,unresolved_from_allowed_channels,cue_locked,0.0,832.6171875,25,32,45,83,128.0,-125.79100799560548,-30.61566734313965,75.56198120117188,0.59375,4.335226890976752,0.97288413956448,1.4606134855423218,-27.67365455627441,-6.8042826652526855,117.03482055664062,0.59375,4.160795751792971,1.0766597970418863,1.4867632086719171,-76.81499481201172,-18.710857391357425,117.78994750976562,0.59375,4.569681123283207,1.439608628544616,1.5763196536441804,0.4667244889801358,,,,,,,,,,,,,,,,,-76.75988578796387,4.3552345886843105,1.5078987826194732,-1.0712449549119187,0.9937417631342497,-0.5229825731521233,-1.0,0.0
VisualCogA_Task-2,94,75.0,VisualCogA_Task-2:q1_075,832.6171875,-1,left,unresolved_from_allowed_channels,target_locked,2.2,834.8171875,26,32,45,83,128.0,-7.558157920837402,-1.8130929470062256,1.189030647277832,0.5343749523162842,1.3015420126038173,1.028925705185438,1.1914484023095606,2.705152034759521,0.6690751910209656,9.556852340698242,0.2687499523162842,0.1952500470743115,1.9855486654577448,0.4922825818845774,12.47158908843994,3.010817766189575,24.03973388671875,0.5968749523162842,0.0350522374535307,2.0895375018984845,0.4723613268726223,1.0606117967130464,,,,,,,,,,,,,,,,,2.539527734120686,0.5106147657105532,0.7186974370222533,-0.09881203998026636,-2.436423975126868,-1.8377114834578692,-1.0,1.0
VisualCogA_Task-2,95,76.0,VisualCogA_Task-2:q1_076,841.1171875,-1,left,unresolved_from_allowed_channels,cue_locked,0.0,841.1171875,25,32,45,83,128.0,125.55393981933594,30.40855407714844,259.51715087890625,0.5625,5.160586520257738,1.9934649901588388,2.1570387741656267,44.627403259277344,10.785091400146484,179.03482055664062,0.5703125,5.037842418512646,1.7189981896458904,2.0824464607621813,91.349853515625,22.112850189208984,246.6977386474609,0.5703125,5.252663246351061,1.843589725831683,1.4472601519782775,-0.1498752643271561,,,,,,,,,,,,,,,,,87.17706553141277,5.1503640617071484,1.895581795635362,1.034690273848365,1.6683444396630243,0.16584571037323756,-1.0,0.0
VisualCogA_Task-2,95,76.0,VisualCogA_Task-2:q1_076,841.1171875,-1,left,unresolved_from_allowed_channels,target_locked,2.2,843.3171875,26,32,45,83,128.0,142.1240234375,34.37489700317383,198.55718994140625,0.5031249523162842,1.9781389691442708,1.672457608664473,2.4508724356563927,-7.875988006591797,-2.009340286254883,33.29981994628906,0.5031249523162842,2.987621461338236,2.044405671628777,2.6682139465180623,-32.93936920166016,-8.059502601623535,32.3306884765625,0.5578124523162842,3.049219543956981,1.765779666036508,2.982234482930755,0.093322057372035,,,,,,,,,,,,,,,,,33.76955540974935,2.6716599914798294,2.7004402883684033,0.4522552506358003,0.6762204432028596,1.4617431519887725,-1.0,1.0
VisualCogA_Task-2,96,77.0,VisualCogA_Task-2:q1_077,849.74609375,-1,left,unresolved_from_allowed_channels,cue_locked,0.0,849.74609375,25,32,45,83,128.0,5.029796123504639,1.0290100574493408,121.49281311035156,0.53125,4.925617196099047,2.8260267524848235,1.9236882694471849,15.393961906433104,3.57825779914856,137.91973876953125,0.53125,5.39246313455704,2.8691132820774934,2.2734919922445496,19.84133720397949,4.616745948791504,162.49171447753906,0.5390625,5.64595197193869,3.029436838526891,1.969512311580964,0.2034100860420675,,,,,,,,,,,,,,,,,13.421698411305746,5.321344100864926,2.0555641910908995,0.08722830948754154,1.8134070941893752,0.4500995857200971,-1.0,0.0
VisualCogA_Task-2,96,77.0,VisualCogA_Task-2:q1_077,849.74609375,-1,left,unresolved_from_allowed_channels,target_locked,2.2,851.94609375,26,32,45,83,128.0,-5.959880828857422,-1.4793922901153564,26.15168571472168,0.5968749523162842,3.3594930394741715,3.5560839031085294,1.5625935728341198,-2.3182530403137207,-0.620061457157135,23.5712890625,0.5968749523162842,4.1884061198421145,3.007437679690248,2.560123920854133,2.680591583251953,0.5676342844963074,18.036222457885746,0.5656249523162842,3.1913883068129665,2.129643455412284,2.782148446218949,-1.4264404476962458,,,,,,,,,,,,,,,,,-1.8658474286397297,3.5797624887097506,2.301621979969067,-0.1765467823347919,1.9841987009312718,0.797740294375167,-1.0,1.0
VisualCogA_Task-2,97,78.0,VisualCogA_Task-2:q1_078,858.26171875,-1,left,unresolved_from_allowed_channels,cue_locked,0.0,858.26171875,25,32,45,83,128.0,-186.64569091796875,-45.23434448242188,-127.07833099365234,0.59375,3.9347326328329633,0.9396799712582796,1.4437408117638726,-50.229591369628906,-12.218663215637209,-2.46394681930542,0.59375,4.647447659118575,0.9642269494066804,1.570008074886878,-140.37039184570312,-34.09015655517578,-93.85011291503906,0.59375,4.487042792454911,1.2657550132156392,1.2275823286670766,0.3260750419573596,,,,,,,,,,,,,,,,,-125.7485580444336,4.35640769480215,1.413777071772609,-1.7005537829997643,0.9947370482466706,-0.6902163552586883,-1.0,0.0
VisualCogA_Task-2,97,78.0,VisualCogA_Task-2:q1_078,858.26171875,-1,left,unresolved_from_allowed_channels,target_locked,2.2,860.46171875,26,32,45,83,128.0,-47.9834213256836,-11.683297157287598,-36.72332000732422,0.4874999523162842,2.6129743028269794,1.1034655088189276,1.9752539212820963,-4.211977005004883,-1.0575964450836182,16.80706024169922,0.4874999523162842,3.1698937904236284,0.6942399316909399,2.2226927526850773,-13.08321762084961,-3.192556381225586,0.0893630981445312,0.4796874523162842,3.046626989321699,0.9218236608778404,1.8904113039156376,-0.1816418479410873,,,,,,,,,,,,,,,,,-21.759538650512695,2.9431650275241026,2.0294526592942703,-0.527579533117312,1.0672805769355005,0.3445985933129807,-1.0,1.0
VisualCogA_Task-2,98,79.0,VisualCogA_Task-2:q1_079,866.8125,-1,left,unresolved_from_allowed_channels,cue_locked,0.0,866.8125,25,32,45,83,128.0,-21.39958000183105,-5.1215667724609375,22.775230407714844,0.59375,4.827466822702363,2.3030663423855406,2.2943889522447085,8.662848472595215,2.1758804321289062,85.2752685546875,0.59375,4.88729704334775,2.24959582218506,2.127960540210954,5.086137294769287,1.3162791728973389,82.08272552490234,0.59375,4.800404747961352,2.43204003131259,2.065460152513965,0.1289736889270494,,,,,,,,,,,,,,,,,-2.5501980781555162,4.838389538003821,2.162603214989876,-0.11794678506293016,1.403659434466381,0.6402846199546,-1.0,0.0
VisualCogA_Task-2,98,79.0,VisualCogA_Task-2:q1_079,866.8125,-1,left,unresolved_from_allowed_channels,target_locked,2.2,869.0125,26,32,45,83,128.0,24.26362419128418,5.925060272216797,38.75753784179688,0.4484374523162842,1.48057241970641,1.4642204822777014,2.0216564268794195,28.327342987060547,6.8917622566223145,47.446510314941406,0.5109374523162842,2.068829788122705,1.4935005906272756,1.7551984439523527,4.753584861755371,1.0916506052017212,32.72119903564453,0.5109374523162842,1.7758273796212831,1.1464477788948018,1.3651539997484083,-0.3177727033828996,,,,,,,,,,,,,,,,,19.114850680033367,1.7750765291501327,1.7140029568600603,0.1936666731916249,-0.6151664636092542,-0.18060172833309948,-1.0,1.0
VisualCogB_Task-1,0,0.0,VisualCogB_Task-1:q1_000,20.1328125,-1,left,unresolved_from_allowed_channels,cue_locked,0.0,20.1328125,25,32,45,83,128.0,-66.6055908203125,-16.036327362060547,-29.25048828125,0.296875,2.8476103683516265,2.2937995046564,1.2969258711295102,3.6052749156951904,0.8742434978485107,12.745864868164062,0.4375,1.1863717296106393,0.8657910626982696,2.477758645006338,-7.9365081787109375,-1.97962749004364,13.521282196044922,0.2578125,2.0601601937442124,2.447863856558334,2.912639118290983,0.1540643519019342,,,,,,,,,,,,,,,,,-23.64560802777608,2.0313807639021593,2.229107878142277,-0.3889385695294944,-0.9778591688496183,0.7584489228197948,-1.0,0.0
VisualCogB_Task-1,0,0.0,VisualCogB_Task-1:q1_000,20.1328125,-1,left,unresolved_from_allowed_channels,target_locked,2.2,22.3328125,26,32,45,83,128.0,56.90826416015625,13.744958877563477,92.00953674316406,0.5109374523162842,2.638933780256968,0.645503723115233,1.926723150641926,7.84141731262207,1.8717180490493772,20.14363670349121,0.5187499523162842,1.2817159913996303,1.93959098582516,1.5442642553430257,-8.616499900817871,-2.126572132110596,7.810958862304687,0.5265624523162842,0.3866700531081524,1.895632131074041,0.9084857773092035,1.250128407958808,,,,,,,,,,,,,,,,,18.711060523986816,1.4357732749215835,1.459824394431385,0.1865416219562826,-1.1038792252867204,-0.6037901533433281,-1.0,1.0
VisualCogB_Task-1,1,1.0,VisualCogB_Task-1:q1_001,29.2421875,-1,left,unresolved_from_allowed_channels,cue_locked,0.0,29.2421875,25,32,45,83,128.0,-2.4109554290771484,-0.6244240999221802,14.75674819946289,0.5859375,1.2422612173163672,0.4746246292687598,2.285842880605095,27.92439079284668,6.846405506134033,44.918731689453125,0.375,2.886675478003787,1.634849943665231,1.751242965131936,-9.413213729858398,-2.2084758281707764,11.379453659057615,0.5390625,1.9413856355711336,2.345322376856509,1.6772717634242496,1.8706977475877489,,,,,,,,,,,,,,,,,5.366740544637044,2.023440776963763,1.9047858697204267,-0.01624573587609468,-0.9845956018733905,0.18219934553546624,-1.0,0.0
VisualCogB_Task-1,1,1.0,VisualCogB_Task-1:q1_001,29.2421875,-1,left,unresolved_from_allowed_channels,target_locked,2.2,31.4421875,26,32,45,83,128.0,-22.466632843017575,-5.40492057800293,-2.9565391540527344,0.2687499523162842,1.623955058027746,1.483408337450517,3.1553618021687457,-19.046741485595703,-4.659943580627441,-3.62288761138916,0.2843749523162842,2.620914558408244,1.2613242409178245,2.461904388382397,-33.1500358581543,-8.088759422302246,-13.417771339416504,0.2843749523162842,2.712135331652065,2.0990969289747032,2.8182045331193573,0.6156885915241863,,,,,,,,,,,,,,,,,-24.88780339558919,2.319001649362685,2.811823574556833,-0.5827791120387342,0.16827178619241137,1.6471880494819353,-1.0,1.0
VisualCogB_Task-1,2,2.0,VisualCogB_Task-1:q1_002,37.68359375,1,right,unresolved_from_allowed_channels,cue_locked,0.0,37.68359375,25,32,45,83,128.0,43.22492599487305,10.479799270629885,59.303016662597656,0.375,1.5694138189644835,2.3800931214237653,2.5186980685503677,-4.155887126922607,-1.0036402940750122,8.70760726928711,0.3671875,1.88810417852022,0.7825939585042715,2.55988633114695,23.54546356201172,5.692639350891113,47.193359375,0.59375,1.680291395882372,0.9574582777774534,2.528085889019773,-1.422634843646312,,,,,,,,,,,,,,,,,20.871500809987385,1.7126031311223586,2.535556762905697,0.18292852345652108,-1.2483160586857012,1.3029418518179408,1.0,0.0
VisualCogB_Task-1,2,2.0,VisualCogB_Task-1:q1_002,37.68359375,1,right,unresolved_from_allowed_channels,target_locked,2.2,39.88359375,26,32,45,83,128.0,119.53604125976562,28.950176239013672,150.33108520507812,0.5031249523162842,1.3858934072253886,0.8879940615336623,1.710411013628473,-18.99663543701172,-4.612102031707764,-11.1925687789917,0.4015624523162842,2.0109262491786764,1.3692346231646555,1.0991793212936114,23.358814239501957,5.6757493019104,31.752002716064453,0.4093749523162842,1.4369656212187454,0.2729490613334269,0.9395603522596822,-0.6150450002002354,,,,,,,,,,,,,,,,,41.29940668741862,1.6112617592076035,1.2497168957272555,0.5851227199004941,-0.8511157733327801,-0.9536035310328389,1.0,1.0
VisualCogB_Task-1,3,3.0,VisualCogB_Task-1:q1_003,46.0,-1,left,unresolved_from_allowed_channels,cue_locked,0.0,46.0,25,32,45,83,128.0,26.35165023803711,6.47559118270874,48.532493591308594,0.5546875,3.344299128537186,1.877628504254343,2.094017573804633,5.627485752105713,1.4649527072906494,20.01287841796875,0.3515625,3.733018080095464,2.0589801489537525,2.6512007502775914,27.22847366333008,6.722102165222168,48.571868896484375,0.515625,2.850248333498346,2.920961337593013,2.2945412778929204,1.0433328333386698,,,,,,,,,,,,,,,,,19.735869884490967,3.309188514043665,2.346586533991715,0.16834020060663848,0.10625676142468629,0.9671829094603662,-1.0,0.0
VisualCogB_Task-1,3,3.0,VisualCogB_Task-1:q1_003,46.0,-1,left,unresolved_from_allowed_channels,target_locked,2.2,48.2,26,32,45,83,128.0,-4.259464263916016,-1.0157012939453125,14.556474685668944,0.4249999523162842,3.233122601882985,1.3895569381392796,2.5633018081050567,18.077117919921875,4.440600872039795,43.44707489013672,0.4249999523162842,4.057996169430663,1.9644211440230224,2.447287852712922,10.666601181030272,2.642378807067871,37.32440948486328,0.4249999523162842,3.523815623476111,2.063645217733876,2.274927278971541,0.6740882795945964,,,,,,,,,,,,,,,,,8.161418279012045,3.6049781315965865,2.4285056465965065,0.00038864030382499966,2.020517852955666,1.0089921738669962,-1.0,1.0
VisualCogB_Task-1,4,4.0,VisualCogB_Task-1:q1_004,54.25,1,right,unresolved_from_allowed_channels,cue_locked,0.0,54.25,25,32,45,83,128.0,-219.0458221435547,-53.10468673706055,-168.20223999023438,0.25,2.844406272030547,2.2473097086048446,2.3433641050221587,60.45357131958008,14.59767246246338,110.31304931640624,0.59375,2.575554667379176,3.34987899345852,2.81590939098524,-188.59173583984372,-45.71272277832031,-135.6002655029297,0.25,2.4339242061754707,3.071976185675676,2.541428133161497,0.8246664770708314,,,,,,,,,,,,,,,,,-115.72799555460612,2.6179617151950647,2.566900543056299,-1.571829566833209,-0.48019294822944125,1.3586329230164889,1.0,0.0
VisualCogB_Task-1,4,4.0,VisualCogB_Task-1:q1_004,54.25,1,right,unresolved_from_allowed_channels,target_locked,2.2,56.45,26,32,45,83,128.0,3.459481000900269,0.8895471096038818,14.35986328125,0.4093749523162842,1.768760122073342,1.3971131365261846,1.292764757196628,-44.12080764770508,-10.649797439575195,-33.538230895996094,0.4093749523162842,2.61852170813814,1.8121895227812208,1.8626858229370744,9.59208869934082,2.362828731536865,21.01584243774414,0.2687499523162842,1.9345329853226516,1.1913800244770505,1.9977109980002847,-0.2057331120491341,,,,,,,,,,,,,,,,,-10.356412649154663,2.1072716051780445,1.7177205260446626,-0.32636646294684196,-0.13669191024731805,-0.1744122517971313,1.0,1.0
VisualCogB_Task-1,6,5.0,VisualCogB_Task-1:q1_005,71.22265625,1,right,unresolved_from_allowed_channels,cue_locked,0.0,71.22265625,25,32,45,83,128.0,-19.065868377685547,-4.605409145355225,-2.1564483642578125,0.2890625,2.451285265747997,3.0394390019323883,2.3820106967440715,4.2308197021484375,1.0759680271148682,21.213911056518555,0.296875,2.450236765438687,2.0089332947761216,2.4973480214552906,4.421204090118408,1.093199610710144,24.21763801574707,0.296875,1.811581301864508,0.7082669386950544,2.585989644942289,-2.331172063237334,,,,,,,,,,,,,,,,,-3.4712815284729004,2.237701111017064,2.48844945438055,-0.12977902953887208,-0.8028131378467368,1.2192424237195871,1.0,0.0
VisualCogB_Task-1,6,5.0,VisualCogB_Task-1:q1_005,71.22265625,1,right,unresolved_from_allowed_channels,target_locked,2.2,73.42265625,26,32,45,83,128.0,-30.859039306640625,-7.462780952453613,-18.923667907714844,0.5890624523162842,0.8459176475041406,0.8697469559122015,1.4925585913553503,1.2465450763702393,0.3172338902950287,15.225337982177734,0.4093749523162842,1.2063637949024084,2.00390230149289,2.3145998446696736,-6.885847568511963,-1.677897572517395,9.815420150756836,0.4093749523162842,2.341109733142463,1.9440197547455709,2.425942599189359,1.0742727988333691,,,,,,,,,,,,,,,,,-12.16611393292745,1.464463725183004,2.077700345071461,-0.3582994216246639,-1.062555161911884,0.4249274060946136,1.0,1.0
VisualCogB_Task-1,7,6.0,VisualCogB_Task-1:q1_006,79.6015625,-1,left,unresolved_from_allowed_channels,cue_locked,0.0,79.6015625,25,32,45,83,128.0,5.279122352600098,1.3375632762908936,16.68803596496582,0.53125,2.036014548736856,2.660493991102264,1.8407820162713733,7.874064445495605,1.945182204246521,22.36540412902832,0.5234375,2.041668585068672,3.0878616935693817,2.498274315268373,-42.16668701171875,-10.216751098632812,-28.45768165588379,0.25,0.8569159567224119,1.673347793198422,2.691243785598961,-0.9871461979038416,,,,,,,,,,,,,,,,,-9.67116673787435,1.6448663635093137,2.343433372379569,-0.20942279851022483,-1.305785195828169,0.9615804279792299,-1.0,0.0
VisualCogB_Task-1,7,6.0,VisualCogB_Task-1:q1_006,79.6015625,-1,left,unresolved_from_allowed_channels,target_locked,2.2,81.8015625,26,32,45,83,128.0,5.63182544708252,1.39112389087677,18.013967514038086,0.4328124523162842,2.28738305818697,1.7365402571972757,1.9476059837058897,-0.4426652491092682,-0.1191922724246978,13.664871215820312,0.4328124523162842,2.3532305194664875,3.207462744637726,2.0043400780756704,-0.6364290118217468,-0.1771792918443679,14.876155853271484,0.3390624523162842,2.2748577738980305,3.0988907650429818,1.7742075399225028,1.362350507845706,,,,,,,,,,,,,,,,,1.5175770620505018,2.3051571171838297,1.9087178672346876,-0.11684479979240277,0.14833092364264197,0.14358413321283148,-1.0,1.0
VisualCogB_Task-1,8,7.0,VisualCogB_Task-1:q1_007,87.8046875,-1,left,unresolved_from_allowed_channels,cue_locked,0.0,87.8046875,25,32,45,83,128.0,-7.083375930786133,-1.6844415664672852,20.08839225769043,0.4296875,3.744689235920249,2.778305275002757,2.935864975281256,-2.33332633972168,-0.5430509448051453,13.436334609985352,0.3828125,2.758830798333926,2.4441560252946464,2.6350219552695,11.58997917175293,2.830915689468384,22.011186599731445,0.375,1.4952182246102297,2.2974799459520407,2.5619665252083976,-0.4808253290507163,,,,,,,,,,,,,,,,,0.7244256337483724,2.6662460862881345,2.710951151919718,-0.07588094584650287,-0.4392275871416906,1.6145794832546212,-1.0,0.0
VisualCogB_Task-1,8,7.0,VisualCogB_Task-1:q1_007,87.8046875,-1,left,unresolved_from_allowed_channels,target_locked,2.2,90.0046875,26,32,45,83,128.0,-5.182221412658691,-1.279968023300171,6.993149280548096,0.3468749523162842,2.967964161426907,2.8318432634290445,2.7319983223004662,-2.6208198070526123,-0.6364883780479431,9.239057540893556,0.4015624523162842,2.4043469190222906,1.5810794406994373,1.5303841522975097,1.352504014968872,0.3637165129184723,18.037973403930664,0.4093749523162842,2.94347906089059,1.5598720586544117,1.30982827508422,-1.2719712047746328,,,,,,,,,,,,,,,,,-2.150179068247477,2.7719300471132624,1.8574035832273985,-0.1815639365910252,0.8206436256848066,0.05814966217766771,-1.0,1.0
VisualCogB_Task-1,9,8.0,VisualCogB_Task-1:q1_008,96.8046875,-1,left,unresolved_from_allowed_channels,cue_locked,0.0,96.8046875,25,32,45,83,128.0,-18.190025329589844,-4.290709018707275,-6.058935165405273,0.40625,2.3297272288686632,1.1169137384090095,1.9740363086001065,23.88702774047852,5.861220836639404,51.084693908691406,0.5390625,2.416093532846169,1.4194669355711806,1.91294719098011,-54.026485443115234,-12.974225044250488,-38.8187255859375,0.3515625,2.446431378456228,1.8602469538250512,2.348099535951881,0.7433332154160417,,,,,,,,,,,,,,,,,-16.109827677408855,2.39741738005702,2.0783610118440325,-0.2921338821889284,-0.6673068759923865,0.490604571448147,-1.0,0.0
VisualCogB_Task-1,9,8.0,VisualCogB_Task-1:q1_008,96.8046875,-1,left,unresolved_from_allowed_channels,target_locked,2.2,99.0046875,26,32,45,83,128.0,-78.40264892578125,-18.94611930847168,-48.1708869934082,0.2531249523162842,3.067892082555685,1.473233599565111,1.8758585452915788,14.435741424560549,3.526899814605713,29.931591033935547,0.4249999523162842,2.7975313375232846,2.354490415609704,1.2123502365543264,-133.92831420898438,-32.42679214477539,-99.81311798095705,0.2531249523162842,2.490303281627161,1.6641860536660993,0.9978639952521432,0.1909524541009883,,,,,,,,,,,,,,,,,-65.96507390340169,2.7852422339020433,1.362024259032683,-1.3076052441112482,0.839817728757597,-0.7666201137841404,-1.0,1.0
VisualCogB_Task-1,10,9.0,VisualCogB_Task-1:q1_009,105.32421875,1,right,unresolved_from_allowed_channels,cue_locked,0.0,105.32421875,25,32,45,83,128.0,11.49124240875244,2.8115835189819336,21.471466064453125,0.328125,1.929588796034014,1.4581448636875411,1.5185725634933234,-11.066410064697266,-2.702874660491944,0.5608978271484375,0.3203125,2.0324955454340503,2.3385216887588958,1.6833117709983842,18.96185874938965,4.573825359344482,27.401390075683597,0.578125,0.4375481324367827,0.9532611360160356,1.6653587164889834,-0.5048837276715057,,,,,,,,,,,,,,,,,6.462230364481608,1.4665441579682825,1.622414350326897,-0.0021730659515183546,-1.4570770812681126,-0.31951334883095306,1.0,0.0
VisualCogB_Task-1,10,9.0,VisualCogB_Task-1:q1_009,105.32421875,1,right,unresolved_from_allowed_channels,target_locked,2.2,107.52421875,26,32,45,83,128.0,5.966492652893066,1.4729775190353394,25.43070602416992,0.2921874523162842,2.1721266988417964,3.5275313936638804,3.2639232263209204,26.49932098388672,6.473156452178955,50.4832649230957,0.3703124523162842,3.4146278422596925,3.668705324544916,3.374299985297658,9.366774559020996,2.3103628158569336,30.437997817993164,0.3624999523162842,3.003794256363193,4.05837711861378,3.317556121649446,0.5308457249498999,,,,,,,,,,,,,,,,,13.944196065266928,2.8635162658215605,3.3185931110893416,0.10242824526367252,0.9525591122553527,2.490921682874148,1.0,1.0
VisualCogB_Task-1,11,10.0,VisualCogB_Task-1:q1_010,113.68359375,-1,left,unresolved_from_allowed_channels,cue_locked,0.0,113.68359375,25,32,45,83,128.0,-2.869142770767212,-0.6680529713630676,5.522267818450928,0.5234375,1.3567653417943195,1.7701567540966427,1.1687202668103347,0.5560645461082458,0.1289353668689727,17.29437255859375,0.59375,1.9796356587221824,2.0921976368950057,1.8807361135423455,-15.075389862060549,-3.688601016998291,3.241661071777344,0.59375,1.188547131287247,2.4006206679039663,1.8170538476187132,0.6304639138073236,,,,,,,,,,,,,,,,,-5.796156028906505,1.5083160439345829,1.6221700759904645,-0.15964438371013084,-1.4216370340398399,-0.3199473711281004,-1.0,0.0
VisualCogB_Task-1,11,10.0,VisualCogB_Task-1:q1_010,113.68359375,-1,left,unresolved_from_allowed_channels,target_locked,2.2,115.88359375,26,32,45,83,128.0,0.3663358092308044,0.0999933704733848,10.739301681518556,0.3781249523162842,1.7859558470236914,2.0896647179794585,0.9289258085783506,3.5271809101104736,0.8394292593002319,19.50917053222656,0.3859374523162842,2.50885469911602,3.3466154124610226,0.8337115592823916,2.701634168624878,0.6601096391677856,18.492765426635746,0.3859374523162842,2.056007321482621,3.538013979102787,0.792861917831352,1.4483492611233286,,,,,,,,,,,,,,,,,2.198383629322052,2.116939289207444,0.8518330952306981,-0.10483167465666253,-0.1227671379318408,-1.616050502407425,-1.0,1.0
VisualCogB_Task-1,12,11.0,VisualCogB_Task-1:q1_011,122.015625,1,right,unresolved_from_allowed_channels,cue_locked,0.0,122.015625,25,32,45,83,128.0,14.584390640258787,3.490537166595459,28.21081924438477,0.3203125,3.0587133305677767,2.018891747247752,2.368083467417188,5.639169692993164,1.339547872543335,23.1552848815918,0.3203125,3.4635191427893104,0.9140493245153596,2.5016436867290537,15.382560729980469,3.754614591598511,30.247974395751957,0.3671875,2.21067765819649,1.2324157190446177,2.5862629381426605,-0.7864760282031344,,,,,,,,,,,,,,,,,11.868707021077475,2.9109700438511923,2.485330030762967,0.06727857117459923,-0.23159921668885589,1.213699887307242,1.0,0.0
VisualCogB_Task-1,12,11.0,VisualCogB_Task-1:q1_011,122.015625,1,right,unresolved_from_allowed_channels,target_locked,2.2,124.215625,26,32,45,83,128.0,-17.35395622253418,-4.192902088165283,-9.625985145568848,0.2531249523162842,2.8106253757470085,0.6598431906868342,2.1038666098779277,-3.717630624771118,-0.909240424633026,9.5960693359375,0.4171874523162842,2.2040486999032254,2.08094070551213,2.2153658864909613,-7.194615364074707,-1.7279152870178225,8.633358001708984,0.4171874523162842,2.5968522559085514,2.7739744306669096,1.4170654006002132,2.114131239980076,,,,,,,,,,,,,,,,,-9.422067403793335,2.5371754438529286,1.9120992989897008,-0.30987953862486706,0.4825166874781457,0.14921396589821043,1.0,1.0
VisualCogB_Task-1,14,12.0,VisualCogB_Task-1:q1_012,138.87890625,-1,left,unresolved_from_allowed_channels,cue_locked,0.0,138.87890625,25,32,45,83,128.0,15.513227462768556,3.738102197647095,34.25382995605469,0.3515625,3.608256041675709,2.9071954964287547,2.4813064102650517,3.247213363647461,0.778980016708374,40.28581619262695,0.515625,4.990520743085376,2.9720701107482377,2.7143279793099024,0.8246684074401855,0.2023751437664032,51.32848358154297,0.5234375,4.766813001772628,3.111502230898663,2.9044005035437004,0.2043067344699083,,,,,,,,,,,,,,,,,6.528369744618733,4.4551965955112385,2.700011631039551,-0.0013234390094643402,1.0785513943258436,1.595142337087564,-1.0,0.0
VisualCogB_Task-1,14,12.0,VisualCogB_Task-1:q1_012,138.87890625,-1,left,unresolved_from_allowed_channels,target_locked,2.2,141.07890625,26,32,45,83,128.0,10.932793617248535,2.6446237564086914,28.33916664123535,0.5890624523162842,1.5302533132492244,2.432199963592372,0.904069187169271,23.02371025085449,5.581060409545898,43.82116317749024,0.4015624523162842,3.1908521798009297,3.66118829169928,1.0749460210826969,28.81619644165039,6.99208402633667,48.29746627807617,0.4015624523162842,2.190506187958213,3.5363775084207885,1.1847570182303837,1.1041775448284166,,,,,,,,,,,,,,,,,20.924233436584473,2.3038705603361223,1.0545907421607839,0.22559401131941526,0.14647784165105393,-1.2784740819443479,-1.0,1.0
VisualCogB_Task-1,15,13.0,VisualCogB_Task-1:q1_013,147.1328125,1,right,unresolved_from_allowed_channels,cue_locked,0.0,147.1328125,25,32,45,83,128.0,17.861419677734375,4.3625993728637695,30.955406188964844,0.328125,1.8606080585706128,0.8895316942362217,2.2617659802998142,4.747287273406982,1.1737974882125854,24.00113868713379,0.328125,2.9400980813004267,2.135594880920026,2.504772445251046,29.485179901123047,7.230794906616211,52.479103088378906,0.3359375,2.890387842243909,2.3407909784222056,2.26014497186794,1.451259284185984,,,,,,,,,,,,,,,,,17.364628950754803,2.563697994038316,2.3422277991396,0.13787922290732227,-0.5262313014445312,0.9594383868846467,1.0,0.0
VisualCogB_Task-1,15,13.0,VisualCogB_Task-1:q1_013,147.1328125,1,right,unresolved_from_allowed_channels,target_locked,2.2,149.3328125,26,32,45,83,128.0,18.52242088317871,4.56990909576416,25.871726989746094,0.3468749523162842,-0.8325330911614953,0.3664037826194451,1.8887387017841295,21.278995513916016,5.228296279907227,34.18235397338867,0.3468749523162842,2.048276303078899,2.1380135947315635,1.4540574816115377,14.86884307861328,3.676458597183228,28.01870346069336,0.3468749523162842,2.213557715802817,1.9756966487497984,1.6239355036030296,1.6092928661303534,,,,,,,,,,,,,,,,,18.223419825236004,1.1431003092400733,1.6555772289995658,0.17793699177644956,-1.5254284192422853,-0.2778762251164266,1.0,1.0
VisualCogB_Task-1,16,14.0,VisualCogB_Task-1:q1_014,155.4609375,-1,left,unresolved_from_allowed_channels,cue_locked,0.0,155.4609375,25,32,45,83,128.0,-150.37152099609375,-36.511329650878906,-92.83024597167967,0.25,3.3553135637274405,1.6844767360008577,2.095800965471039,56.71251678466797,13.713252067565918,86.8230972290039,0.5390625,3.227349367620206,2.458521829202354,2.061555221824305,-23.45769500732422,-5.646998882293701,1.5466461181640625,0.25,3.246133147082337,2.6361353599754507,2.067928024007481,0.951658623974593,,,,,,,,,,,,,,,,,-39.038899739583336,3.2762653594766618,2.0750947371009416,-0.58668090303992,0.07832414297169989,0.48480111256739034,-1.0,0.0
VisualCogB_Task-1,16,14.0,VisualCogB_Task-1:q1_014,155.4609375,-1,left,unresolved_from_allowed_channels,target_locked,2.2,157.6609375,26,32,45,83,128.0,-2.5702624320983887,-0.5246257185935974,21.195053100585938,0.5734374523162842,3.501509063872136,1.8721596655746489,1.9642298842356565,30.74661636352539,7.573135375976562,44.73858642578125,0.4093749523162842,3.1737445334637644,2.277346977523936,2.460197348441973,19.900814056396484,4.932738780975342,42.73155975341797,0.5890624523162842,2.570194845456433,1.8042868356168067,2.3990213048202937,-0.0678728299578421,,,,,,,,,,,,,,,,,16.02572266260783,3.081816147597445,2.274482845832641,0.13915767868768056,1.2669856223668496,0.7525556520450012,-1.0,1.0
VisualCogB_Task-1,17,15.0,VisualCogB_Task-1:q1_015,163.66796875,-1,left,unresolved_from_allowed_channels,cue_locked,0.0,163.66796875,25,32,45,83,128.0,-8.206995964050293,-2.039547681808472,78.4542465209961,0.59375,1.5150947289071108,1.737539765943954,1.364093881382194,11.201839447021484,2.6946113109588623,29.57306861877441,0.3125,1.8275240853370132,2.422109865726227,0.9369688406934236,16.5565128326416,3.9452223777771,54.726173400878906,0.59375,1.923959502624042,2.084234768433545,1.3937260615861138,0.3466950024895912,,,,,,,,,,,,,,,,,6.517118771870931,1.755526105622722,1.231596261220577,-0.001467969084451889,-1.2118994064737791,-1.0139119798040743,-1.0,0.0
VisualCogB_Task-1,17,15.0,VisualCogB_Task-1:q1_015,163.66796875,-1,left,unresolved_from_allowed_channels,target_locked,2.2,165.86796875,26,32,45,83,128.0,-29.605255126953125,-7.215567588806152,-13.64279556274414,0.5812499523162842,2.174802450913704,2.0862506614843253,1.530460686286199,16.533065795898438,3.954534769058228,36.9234504699707,0.2609374523162842,1.0846825588135598,3.538168538826927,2.2360501062638765,-1.6177154779434204,-0.4166222214698791,12.49724578857422,0.2609374523162842,0.8065853951333478,3.508613354947409,1.828529257757036,1.4223626934630835,,,,,,,,,,,,,,,,,-4.896634936332703,1.3553568016202038,1.8650133501023705,-0.23002633341443296,-1.2197064573032081,0.07081935873957997,-1.0,1.0
VisualCogB_Task-1,18,16.0,VisualCogB_Task-1:q1_016,172.08984375,1,right,unresolved_from_allowed_channels,cue_locked,0.0,172.08984375,25,32,45,83,128.0,80.22285461425781,19.37360954284668,102.99259948730467,0.46875,3.3305174513601936,2.6183835110961486,2.632527780343961,2.1263012886047363,0.4339705109596252,30.53062438964844,0.2578125,2.8041150566902577,3.752247993253433,2.930398583198989,75.03958129882812,18.122800827026367,130.1988983154297,0.5546875,1.1744609308708038,3.3950524183000232,2.7180778360454427,0.7766689072038746,,,,,,,,,,,,,,,,,52.46291240056356,2.4363644796404187,2.7603347331961303,0.5887520187663111,-0.6342634302223429,1.7023233522994388,1.0,0.0
VisualCogB_Task-1,18,16.0,VisualCogB_Task-1:q1_016,172.08984375,1,right,unresolved_from_allowed_channels,target_locked,2.2,174.28984375,26,32,45,83,128.0,30.236499786376957,7.409481048583984,128.52279663085938,0.5968749523162842,2.808392997357477,1.3674797417009463,1.4630625373017958,7.149966716766357,1.8326828479766848,25.72501373291016,0.2921874523162842,1.399857326012316,2.1023338074083613,1.147070919749218,-40.67752456665039,-9.792052268981934,-0.875946044921875,0.5968749523162842,2.1157159580979803,2.4418184588148506,1.1105840664401283,1.074338717113904,,,,,,,,,,,,,,,,,-1.09701935450236,2.1079887604892575,1.2402391744970473,-0.16298047979529467,-0.13565896126045532,-0.9693832328368543,1.0,1.0
VisualCogB_Task-1,19,17.0,VisualCogB_Task-1:q1_017,180.34375,-1,left,unresolved_from_allowed_channels,cue_locked,0.0,180.34375,25,32,45,83,128.0,-93.92636108398438,-22.90875625610352,33.747161865234375,0.59375,1.9050544692981388,2.333697182917468,0.9809558615198564,49.89031219482422,12.125441551208496,58.92915344238281,0.453125,1.975267321805787,3.197865187150052,1.1953162754887636,-47.02595520019531,-11.383187294006348,-16.359840393066406,0.5546875,2.3611235056718165,3.432997541091292,1.5200626137485067,1.0993003581738234,,,,,,,,,,,,,,,,,-30.35400136311849,2.080481765591914,1.232111583585709,-0.4751146374603641,-0.9362009631309616,-1.012996364189465,-1.0,0.0
VisualCogB_Task-1,19,17.0,VisualCogB_Task-1:q1_017,180.34375,-1,left,unresolved_from_allowed_channels,target_locked,2.2,182.54375,26,32,45,83,128.0,-165.39950561523438,-40.09711456298828,-150.5961151123047,0.5968749523162842,2.0077121428463007,0.5139880830778075,1.6102041962464768,70.77621459960938,17.149999618530273,88.71060180664062,0.4796874523162842,2.2796588970978378,2.231177448258029,1.9875706347872035,-99.909912109375,-24.23008918762207,-82.30431365966797,0.2531249523162842,2.574827510385108,2.037553354527271,1.8411546949905837,1.5235652714494634,,,,,,,,,,,,,,,,,-64.84440104166667,2.2873995167764156,1.8129765086747547,-1.287830488738066,0.12275390418374045,-0.015818116725877976,-1.0,1.0
VisualCogB_Task-1,20,18.0,VisualCogB_Task-1:q1_018,188.6875,1,right,unresolved_from_allowed_channels,cue_locked,0.0,188.6875,25,32,45,83,128.0,8.260478973388672,2.0321462154388428,29.052345275878903,0.546875,3.204456042150736,2.185438327942715,1.3523033002340652,-5.826252937316895,-1.3478752374649048,13.578569412231444,0.5546875,3.832746859325288,1.9142094907150973,1.7570832255676752,9.04796314239502,2.250408411026001,29.624361038208008,0.5546875,3.585902824145493,2.4995710514780134,1.7386954249656494,0.3141327235352982,,,,,,,,,,,,,,,,,3.8273963928222656,3.541035241873839,1.6160273169224633,-0.03602016166846757,0.30295984997210496,-0.3308617162060667,1.0,0.0
VisualCogB_Task-1,20,18.0,VisualCogB_Task-1:q1_018,188.6875,1,right,unresolved_from_allowed_channels,target_locked,2.2,190.8875,26,32,45,83,128.0,-6.186804294586182,-1.4630603790283203,6.666731834411621,0.2999999523162842,2.601547042180816,1.435437544846887,2.1449964467607394,4.998950958251953,1.234122633934021,15.169551849365234,0.3156249523162842,3.2573451050569275,2.278465408798897,1.862129735595627,-8.499980926513672,-2.0574395656585693,2.776045083999634,0.4093749523162842,2.7796399950433672,2.525950542794523,1.9024681783602768,1.090512997947636,,,,,,,,,,,,,,,,,-3.229278087615967,2.8795107140937035,1.9698647869055474,-0.20060510360779052,0.9755965894654038,0.2453892122190492,1.0,1.0
VisualCogB_Task-1,21,19.0,VisualCogB_Task-1:q1_019,197.11328125,1,right,unresolved_from_allowed_channels,cue_locked,0.0,197.11328125,25,32,45,83,128.0,-4.091536521911621,-0.9781365990638732,9.220536231994627,0.3984375,2.971785974544076,1.2370172181121537,1.9402798444470428,1.267964482307434,0.2567880153656006,17.860715866088867,0.359375,3.612461541977704,1.456484241205016,1.31914211044471,-2.210466861724853,-0.6045140624046326,13.99192237854004,0.2578125,3.406515883321211,2.676893479911901,1.2462883525402906,1.4398762617997478,,,,,,,,,,,,,,,,,-1.6780129671096802,3.33025446661433,1.501903435810681,-0.10674268899691695,0.12412950853060375,-0.533634998749296,1.0,0.0
VisualCogB_Task-1,21,19.0,VisualCogB_Task-1:q1_019,197.11328125,1,right,unresolved_from_allowed_channels,target_locked,2.2,199.31328125,26,32,45,83,128.0,-40.43063354492188,-9.696715354919434,-17.72148895263672,0.2843749523162842,2.1803038535276302,2.287006143343792,2.1943717317920544,7.176773071289063,1.8238911628723145,29.881126403808597,0.3624999523162842,2.446947094212669,3.2836197658917348,2.562090805218131,-41.25539779663086,-9.882722854614258,-11.52414321899414,0.2765624523162842,2.4429165821251995,3.155960356672792,2.093167967403593,0.8689542133290002,,,,,,,,,,,,,,,,,-24.836419423421223,2.356722509955166,2.2832101681379258,-0.5818724197162747,0.2226027297458876,0.7670859953817505,1.0,1.0
VisualCogB_Task-1,23,20.0,VisualCogB_Task-1:q1_020,213.9140625,1,right,unresolved_from_allowed_channels,cue_locked,0.0,213.9140625,25,32,45,83,128.0,-81.67451477050781,-19.78302383422852,-11.784217834472656,0.5859375,2.225171513807293,2.319936612546015,2.0529214930280397,73.22575378417969,17.863910675048828,111.19190979003906,0.5390625,3.038448434379515,3.42716032465173,1.9869101873888129,-63.0782470703125,-15.2319917678833,-8.522522926330566,0.5703125,3.009683864096661,3.169742613241174,1.931183938349064,0.8498060006951591,,,,,,,,,,,,,,,,,-23.842336018880207,2.7577679374278232,1.990338539588639,-0.39146573868577755,-0.3615787414700766,0.33420780801075484,1.0,0.0
VisualCogB_Task-1,23,20.0,VisualCogB_Task-1:q1_020,213.9140625,1,right,unresolved_from_allowed_channels,target_locked,2.2,216.1140625,26,32,45,83,128.0,-116.6202392578125,-28.308734893798828,-84.96267700195312,0.2531249523162842,1.7809773969090383,2.7116266683321566,3.5155774224443768,133.65762329101562,32.374908447265625,162.62490844726562,0.4562499523162842,2.022776468249988,3.6226148130662255,3.522729395163008,-53.98779296875,-13.06548023223877,-37.16130065917969,0.3859374523162842,2.371896125437116,3.5160667215675567,3.1821557413806683,0.8044400532354001,,,,,,,,,,,,,,,,,-12.316802978515625,2.0585499968653806,3.406820852996018,-0.36095839474310915,-0.2068676938718721,2.6378143192276657,1.0,1.0
VisualCogB_Task-1,25,21.0,VisualCogB_Task-1:q1_021,230.37109375,1,right,unresolved_from_allowed_channels,cue_locked,0.0,230.37109375,25,32,45,83,128.0,-31.54575729370117,-7.5955810546875,-12.67502212524414,0.328125,2.1984827311668207,2.665431569754653,1.9208217967864205,18.6186466217041,4.548194408416748,34.55340576171875,0.59375,1.5752845124419217,2.8591402272326976,1.7942434409639043,-108.34779357910156,-26.20914077758789,-79.91033935546875,0.28125,2.093987326072364,3.142057536051774,1.878708842946752,0.4766259662971208,,,,,,,,,,,,,,,,,-40.42496808369955,1.9559181898937021,1.8645913602323592,-0.6044863467294096,-1.0418830242480632,0.11078245583884525,1.0,0.0
VisualCogB_Task-1,25,21.0,VisualCogB_Task-1:q1_021,230.37109375,1,right,unresolved_from_allowed_channels,target_locked,2.2,232.57109375,26,32,45,83,128.0,-92.42353057861328,-22.364473342895508,-78.12252807617188,0.2843749523162842,1.4842349430108603,2.439611296482074,1.2491439333155177,37.8993034362793,9.236239433288574,57.23520278930664,0.3937499523162842,1.9238514823301127,2.874860073807611,1.6188420382065154,-191.6493225097656,-46.39546585083008,-163.71334838867188,0.2843749523162842,1.2455123565954649,1.9360084855825184,1.8901976330923076,-0.5036028108995556,,,,,,,,,,,,,,,,,-82.05784988403319,1.5511995939788126,1.5860612015381135,-1.5915692082244948,-0.9376258385192427,-0.3936152469020851,1.0,1.0
VisualCogB_Task-1,26,22.0,VisualCogB_Task-1:q1_022,238.5625,1,right,unresolved_from_allowed_channels,cue_locked,0.0,238.5625,25,32,45,83,128.0,-46.75616455078125,-11.343032836914062,-29.93252944946289,0.2890625,3.245259970576805,0.6772913831938169,1.732946906472543,-35.70989990234375,-8.64231014251709,-17.968303680419922,0.2890625,3.1008230426256973,0.5059759792316479,1.792809175235313,-32.425575256347656,-7.851290702819824,-18.97666931152344,0.2890625,2.6616514451185385,0.5988841531146883,1.5481523349366149,-0.0784072300791285,,,,,,,,,,,,,,,,,-38.29721323649088,3.00257815277368,1.6913028055481572,-0.5771531930087905,-0.15387718830534156,-0.19711356660776475,1.0,0.0
VisualCogB_Task-1,26,22.0,VisualCogB_Task-1:q1_022,238.5625,1,right,unresolved_from_allowed_channels,target_locked,2.2,240.7625,26,32,45,83,128.0,2.2878570556640625,0.6108230948448181,14.781534194946287,0.4015624523162842,2.730863816437426,2.38844899829316,2.3609480395162827,4.389575958251953,1.086650252342224,26.83390045166016,0.4015624523162842,1.8301172706098523,3.780131986578543,2.182318825886515,15.179868698120115,3.685041666030884,38.39117813110352,0.4015624523162842,1.416031858846542,3.6067050169184807,2.5392807377322417,1.2182560186253206,,,,,,,,,,,,,,,,,7.285767237345378,1.9923376486312732,2.360849201045013,-0.015062599511532385,-0.30223612656260124,0.8963492178239941,1.0,1.0
VisualCogB_Task-1,27,23.0,VisualCogB_Task-1:q1_023,246.78125,1,right,unresolved_from_allowed_channels,cue_locked,0.0,246.78125,25,32,45,83,128.0,-33.42789840698242,-8.070062637329102,-7.012367248535156,0.2890625,2.5433290888846463,-0.57080716403799,2.223215221375896,3.0748326778411865,0.755516767501831,36.92705535888672,0.5625,3.478302762506565,0.6702145949649829,2.81688678160021,7.469593048095703,1.8981400728225708,45.3184814453125,0.2890625,3.6025115944121286,0.5560210243168039,3.1324350809841506,1.126828188354794,,,,,,,,,,,,,,,,,-7.627824227015178,3.2080478152677796,2.724179027986752,-0.18317400625558194,0.02044710599735783,1.638082538224863,1.0,0.0
VisualCogB_Task-1,27,23.0,VisualCogB_Task-1:q1_023,246.78125,1,right,unresolved_from_allowed_channels,target_locked,2.2,248.98125,26,32,45,83,128.0,13.290480613708496,3.251558542251587,23.717674255371094,0.3390624523162842,2.739174003675021,0.2035914321470862,2.776099891505033,-37.06380462646485,-8.953049659729004,-27.92938995361328,0.2765624523162842,1.8025723505413715,0.2766112385653314,2.489068293081653,138.10089111328125,33.48714065551758,158.18069458007812,0.4796874523162842,0.6003350487213691,1.453654107236751,2.520311636376402,1.2500626750896648,,,,,,,,,,,,,,,,,38.1091890335083,1.7140271343125875,2.5951599403210293,0.5288299552165925,-0.7030984771634124,1.2864591931490141,1.0,1.0
VisualCogB_Task-1,28,24.0,VisualCogB_Task-1:q1_024,255.33203125,1,right,unresolved_from_allowed_channels,cue_locked,0.0,255.33203125,25,32,45,83,128.0,-3.196550846099853,-0.8554264903068542,27.172313690185547,0.59375,3.115540816738991,2.503074604688591,0.5141147007102079,-0.8836104869842529,-0.2088406682014465,17.87098503112793,0.59375,2.5564907037214795,2.0189481227052304,1.5561524157048334,-5.672048568725586,-1.360668659210205,6.644405364990234,0.59375,3.2644840430462274,2.399073792090854,1.6276953684510898,-0.1040008125977371,,,,,,,,,,,,,,,,,-3.250736633936564,2.9788385211688992,1.2326541616220437,-0.126945908273719,-0.17401833457616062,-1.012032321182939,1.0,0.0
VisualCogB_Task-1,28,24.0,VisualCogB_Task-1:q1_024,255.33203125,1,right,unresolved_from_allowed_channels,target_locked,2.2,257.53203125,26,32,45,83,128.0,12.06687068939209,2.937580108642578,26.74591064453125,0.3624999523162842,2.094177299440731,2.199857099353894,1.3062074567192083,14.414766311645508,3.5432112216949463,27.055713653564453,0.3624999523162842,2.227953636121339,2.04700918651632,1.898179816792994,9.643455505371094,2.377546787261963,22.52493667602539,0.3937499523162842,1.747347315813135,2.0378571213330687,1.5719528636875613,-0.1619999780208254,,,,,,,,,,,,,,,,,12.04169750213623,2.0231594171250684,1.592113379066588,0.06885783861931502,-0.25784223580952287,-0.3835388208979207,1.0,1.0
VisualCogB_Task-1,29,25.0,VisualCogB_Task-1:q1_025,263.62890625,-1,left,unresolved_from_allowed_channels,cue_locked,0.0,263.62890625,25,32,45,83,128.0,-195.2456817626953,-47.20241165161133,-136.986083984375,0.25,2.76372201294675,2.594149952333961,2.0307642158273143,68.65667724609375,16.658485412597656,120.60991668701172,0.59375,3.274309675215552,3.267846193619645,1.993449347851529,1.6290838718414309,0.4251699447631836,18.34274673461914,0.2890625,3.630832165163467,3.3249089368245888,1.7875211242482016,0.7307589844906279,,,,,,,,,,,,,,,,,-41.65330688158671,3.2229546177752564,1.9372448959756818,-0.6202655955595535,0.033094315302528245,0.23987196618081716,-1.0,0.0
VisualCogB_Task-1,29,25.0,VisualCogB_Task-1:q1_025,263.62890625,-1,left,unresolved_from_allowed_channels,target_locked,2.2,265.82890625,26,32,45,83,128.0,88.93464660644531,21.600027084350582,104.13372802734376,0.4171874523162842,2.577548397478769,1.023596393664093,1.454427613779758,-39.90315246582031,-9.653199195861816,-27.80475807189941,0.2531249523162842,2.8983584168500687,0.953495830074706,2.241461927707754,9.23473072052002,2.2610929012298584,17.25120735168457,0.3156249523162842,1.590580457599862,1.835218565238793,2.001629000209169,0.8116221715747001,,,,,,,,,,,,,,,,,19.422074953715008,2.3554957573095665,1.899172847232227,0.199087777837054,0.22083578626434272,0.1276923839522464,-1.0,1.0
VisualCogB_Task-1,30,26.0,VisualCogB_Task-1:q1_026,272.2421875,1,right,unresolved_from_allowed_channels,cue_locked,0.0,272.2421875,25,32,45,83,128.0,87.3482666015625,21.1646785736084,98.1361312866211,0.3671875,2.4446958750087933,2.0930632696896945,2.1507551357092694,-0.9259541034698486,-0.2338577061891555,7.352792739868164,0.59375,2.5191951849717023,1.9912722520452963,1.8913887117535575,-14.622657775878906,-3.5315306186676025,-2.88443374633789,0.3203125,2.6760682354299274,2.476761882261247,1.462945960260415,0.3836986125715524,,,,,,,,,,,,,,,,,23.933218240737915,2.546653098470141,1.835029935907747,0.22225936708899544,-0.5406925087844258,0.0582582427770446,1.0,0.0
VisualCogB_Task-1,30,26.0,VisualCogB_Task-1:q1_026,272.2421875,1,right,unresolved_from_allowed_channels,target_locked,2.2,274.4421875,26,32,45,83,128.0,-1.287437081336975,-0.3169114589691162,13.80754852294922,0.3859374523162842,2.5827945047394865,3.012836248122075,2.2773261876399267,-11.567355155944824,-2.74389123916626,7.192886352539063,0.3078124523162842,3.11843106543112,3.0009336974406358,2.356974440029917,-24.65306854248047,-5.879919052124023,-5.692649841308594,0.3078124523162842,3.0729510723049067,2.534318779721993,2.239547061338042,-0.4785174684000819,,,,,,,,,,,,,,,,,-12.502620259920755,2.9247255474918377,2.291282563002629,-0.36423722071397047,1.0407214175459045,0.780525933180647,1.0,1.0
VisualCogB_Task-1,31,27.0,VisualCogB_Task-1:q1_027,280.5546875,-1,left,unresolved_from_allowed_channels,cue_locked,0.0,280.5546875,25,32,45,83,128.0,57.0152702331543,13.83434772491455,73.97271728515625,0.5859375,1.2652857835956717,1.8073757823413723,2.345226878566106,26.859909057617188,6.539690971374512,45.349647521972656,0.2734375,1.8099382779224369,2.764006639285801,2.1756906271423637,54.8665885925293,13.315309524536133,93.21560668945312,0.5546875,1.90847394534988,2.020403497641138,2.027261420504155,0.2130277152997655,,,,,,,,,,,,,,,,,46.24725596110026,1.6612326689559962,2.1827263087375415,0.5089056524627472,-1.2918997170051467,0.6760389750850794,-1.0,0.0
VisualCogB_Task-1,31,27.0,VisualCogB_Task-1:q1_027,280.5546875,-1,left,unresolved_from_allowed_channels,target_locked,2.2,282.7546875,26,32,45,83,128.0,-17.900848388671875,-4.328598499298096,-5.998292446136475,0.2687499523162842,1.888558737638596,1.7983347706829884,1.6677138192122662,51.70427322387695,12.533123970031738,88.87370300292969,0.5578124523162842,2.785870406213601,2.940600632440664,2.019228764529345,-45.000038146972656,-10.85890769958496,-18.875568389892575,0.2687499523162842,3.15345136863589,2.959929485905443,2.0547256794274635,1.1615947152224544,,,,,,,,,,,,,,,,,-3.7322044372558594,2.6092935041626952,1.9138894210563582,-0.20947945568182866,0.5863913659009693,0.1521943861615337,-1.0,1.0
VisualCogB_Task-1,32,28.0,VisualCogB_Task-1:q1_028,288.65234375,-1,left,unresolved_from_allowed_channels,cue_locked,0.0,288.65234375,25,32,45,83,128.0,18.36829376220703,4.514857292175293,103.97621154785156,0.59375,4.207384805545723,1.598518752196405,2.1929542122989054,-1.7556947469711304,-0.4028925895690918,92.5993881225586,0.59375,4.199817378048904,2.118748373338941,2.385798403292747,31.53652000427246,7.680149078369141,136.44894409179688,0.59375,4.373765702890414,1.9756439425366743,2.320664457773609,0.3771251903402695,,,,,,,,,,,,,,,,,16.04970633983612,4.260322628828347,2.2998056911217537,0.12098771780648414,0.9132166859917684,0.8840635397327469,-1.0,0.0
VisualCogB_Task-1,32,28.0,VisualCogB_Task-1:q1_028,288.65234375,-1,left,unresolved_from_allowed_channels,target_locked,2.2,290.85234375,26,32,45,83,128.0,18.59189987182617,4.478822231292725,25.73080444335937,0.3703124523162842,2.0585969148485197,1.6113567964809514,0.928677303080208,6.983762741088867,1.6894885301589966,20.191871643066406,0.4249999523162842,3.0487947178472368,2.357421754973832,1.403987439370456,22.282835006713867,5.432750225067139,38.59744644165039,0.4249999523162842,3.209785640229677,1.4368660344212518,1.4075539902916008,-0.1744907620596996,,,,,,,,,,,,,,,,,15.952832539876303,2.772392424308478,1.2467395775807548,0.13787150107479035,0.8213096070250808,-0.9585605445792728,-1.0,1.0
VisualCogB_Task-1,33,29.0,VisualCogB_Task-1:q1_029,297.01171875,1,right,unresolved_from_allowed_channels,cue_locked,0.0,297.01171875,25,32,45,83,128.0,18.32603073120117,4.462791919708252,32.781951904296875,0.3515625,2.6173431196175425,1.5182028347973675,2.2784113235388848,2.759934902191162,0.7013829350471497,21.099853515625,0.3359375,2.554501106209806,2.4310302363249896,1.558534766845601,29.346820831298828,7.142906188964844,44.7924919128418,0.3359375,2.0694016014555485,2.250335097281295,1.6798800837813257,0.7321322624839275,,,,,,,,,,,,,,,,,16.81092882156372,2.413748609094299,1.8389420580552704,0.1307663871564552,-0.6534511566493854,0.06520923184116852,1.0,0.0
VisualCogB_Task-1,33,29.0,VisualCogB_Task-1:q1_029,297.01171875,1,right,unresolved_from_allowed_channels,target_locked,2.2,299.21171875,26,32,45,83,128.0,-55.35863494873047,-13.380250930786133,-44.035526275634766,0.3312499523162842,1.2860670221709178,3.345804354825907,1.9034275939354213,32.56485366821289,7.913866519927978,63.83390045166016,0.5578124523162842,0.9389017683346192,3.835107117686877,2.3977857624693195,-33.7733154296875,-8.185474395751953,-22.07415199279785,0.3312499523162842,0.2188700446757338,3.4835077813606765,2.243171649052551,0.1377034265347694,,,,,,,,,,,,,,,,,-18.85569890340169,0.8146129450604236,2.1814616684857637,-0.47634002995566477,-1.998562599135101,0.5976823017597327,1.0,1.0
VisualCogB_Task-1,34,30.0,VisualCogB_Task-1:q1_030,305.421875,-1,left,unresolved_from_allowed_channels,cue_locked,0.0,305.421875,25,32,45,83,128.0,90.10183715820312,21.910871505737305,110.89297485351562,0.3203125,1.9264383559031275,1.473016833131494,0.7184783330375251,-67.38969421386719,-16.284841537475586,-44.28258514404297,0.546875,2.194508511879326,1.6200808190350824,1.3918297370535104,33.298240661621094,8.151507377624512,59.94758605957031,0.265625,1.500676091079885,1.4079786127618177,1.3807126861861303,-0.0650382203696764,,,,,,,,,,,,,,,,,18.670127868652344,1.8738743196207797,1.163673585425722,0.15464967118138329,-1.1114905741587473,-1.1345957823164685,-1.0,0.0
VisualCogB_Task-1,34,30.0,VisualCogB_Task-1:q1_030,305.421875,-1,left,unresolved_from_allowed_channels,target_locked,2.2,307.621875,26,32,45,83,128.0,120.60073852539062,29.261659622192383,144.032958984375,0.4484374523162842,1.5193469958940375,0.9899299343628604,1.2696755383226692,-50.78366088867188,-12.266947746276855,-39.37628936767578,0.4484374523162842,2.487618431136611,2.0839324182224344,1.623291701232154,94.1750259399414,22.8930721282959,122.58663940429688,0.4484374523162842,2.4324626775273424,2.563311774947868,1.5055836329571528,1.5733818405850073,,,,,,,,,,,,,,,,,54.66403452555338,2.1464760348526633,1.4661836241706585,0.8209473348943626,-0.08022411968682056,-0.5932025082172897,-1.0,1.0
VisualCogB_Task-1,36,31.0,VisualCogB_Task-1:q1_031,321.98828125,-1,left,unresolved_from_allowed_channels,cue_locked,0.0,321.98828125,25,32,45,83,128.0,64.43601989746094,15.628218650817873,79.81494140625,0.328125,3.099462297495663,2.274385284620727,2.4463457589636137,-48.678184509277344,-11.766105651855469,-33.12159729003906,0.3359375,3.095388991627292,2.466905485041016,2.3160204047403203,149.61187744140625,36.30960464477539,169.93104553222656,0.328125,3.20103548902708,2.804205200399142,2.3599606618848576,0.5298199157784147,,,,,,,,,,,,,,,,,55.12323760986328,3.1319622593833447,2.3741089418629304,0.6229265751011352,-0.044105298845199405,1.0160842343467293,-1.0,0.0
VisualCogB_Task-1,36,31.0,VisualCogB_Task-1:q1_031,321.98828125,-1,left,unresolved_from_allowed_channels,target_locked,2.2,324.18828125,26,32,45,83,128.0,31.54320526123047,7.584639549255371,107.16490936279295,0.5734374523162842,1.847022240795942,2.02448275176516,2.648106278745648,2.13497257232666,0.4918985664844513,31.26175308227539,0.2531249523162842,1.68836198659384,0.8628483824611489,2.837563118959582,103.96896362304688,25.177648544311523,127.07913208007812,0.5578124523162842,1.7843463679348146,1.1676470683751488,2.956832288940081,-0.856835683390011,,,,,,,,,,,,,,,,,45.88238048553467,1.7732435317748656,2.8141672288817703,0.6659912666761704,-0.6178066068977442,1.6510900598366316,-1.0,1.0
VisualCogB_Task-1,37,32.0,VisualCogB_Task-1:q1_032,330.66015625,-1,left,unresolved_from_allowed_channels,cue_locked,0.0,330.66015625,25,32,45,83,128.0,-37.92635345458984,-9.12081813812256,-11.616622924804688,0.546875,1.27928596682252,1.814586628813265,1.99740324458068,50.52700805664063,12.311793327331545,78.51525115966797,0.46875,2.201342938279618,2.6764829946692767,2.051050674147984,-82.7889404296875,-20.02091407775879,-55.45772552490234,0.5546875,1.8238029113684835,2.5133232070990057,1.647915671954879,0.6987365782857407,,,,,,,,,,,,,,,,,-23.396095275878903,1.7681439388235407,1.8987898635611813,-0.38573332696510443,-1.2011942014247123,0.17154574841613293,-1.0,0.0
VisualCogB_Task-1,37,32.0,VisualCogB_Task-1:q1_032,330.66015625,-1,left,unresolved_from_allowed_channels,target_locked,2.2,332.86015625,26,32,45,83,128.0,-41.95793914794922,-10.170625686645508,-20.79020118713379,0.2531249523162842,2.652618453760159,2.701972771514526,1.7823215151809757,-19.06024169921875,-4.6392998695373535,-6.732044219970703,0.4640624523162842,2.66698870799326,3.221144486317096,1.6919853915224736,-37.240760803222656,-9.036324501037598,-23.849458694458008,0.2531249523162842,2.988482373941834,3.163206709908137,1.3723898404516666,0.4612339383936108,,,,,,,,,,,,,,,,,-32.75298055013021,2.7693631785650843,1.6155655823850388,-0.7215635508418631,0.8169464568501152,-0.3444926444992333,-1.0,1.0
VisualCogB_Task-1,38,33.0,VisualCogB_Task-1:q1_033,339.0234375,1,right,unresolved_from_allowed_channels,cue_locked,0.0,339.0234375,25,32,45,83,128.0,-25.84870147705078,-6.219660758972168,-13.015867233276367,0.5625,2.492599540644034,0.5136948334715431,1.6734500788871718,53.220481872558594,12.959220886230469,77.23457336425781,0.3125,2.775175177093608,2.192394203612021,2.611404502622713,-19.670255661010746,-4.723709583282471,1.4076480865478516,0.5546875,2.5459125276207923,2.3547110308024832,2.363742602351761,1.84101619733094,,,,,,,,,,,,,,,,,2.567174911499022,2.6045624151194784,2.2161990612872153,-0.05220897567409562,-0.49156116435182756,0.7355127665836922,1.0,0.0
VisualCogB_Task-1,38,33.0,VisualCogB_Task-1:q1_033,339.0234375,1,right,unresolved_from_allowed_channels,target_locked,2.2,341.2234375,26,32,45,83,128.0,166.42848205566406,40.36811828613281,181.77215576171875,0.2999999523162842,1.2517185001937563,1.8890308510478653,1.8830824186856512,-355.77734375,-86.25745391845703,-289.0848388671875,0.2531249523162842,2.116922524292143,1.960993973824996,1.844876998657406,179.62899780273438,43.57005310058594,200.16110229492188,0.2999999523162842,2.3415779545377773,2.1919945031626225,1.6404564771034125,0.3029636521147569,,,,,,,,,,,,,,,,,-3.239954630533854,1.9034063263412253,1.7894719648154898,-0.20079349580647876,-0.430327654051232,-0.054951436236949376,1.0,1.0
VisualCogB_Task-1,39,34.0,VisualCogB_Task-1:q1_034,347.3671875,1,right,unresolved_from_allowed_channels,cue_locked,0.0,347.3671875,25,32,45,83,128.0,-19.77661895751953,-4.7923760414123535,-0.2171096801757812,0.296875,4.0551965182329095,2.2508988063288986,2.5567111201715247,-199.15939331054688,-48.26419448852539,-179.769775390625,0.34375,4.346917692170742,2.4282860917467106,2.5999396657761777,-32.20356750488281,-7.776753425598144,-11.146774291992188,0.3515625,3.290253957752617,2.236527938750792,2.7869651660761394,-0.0143708675781066,,,,,,,,,,,,,,,,,-83.71319325764973,3.8974560560520897,2.6478719840079474,-1.1605671915337652,0.6053539170680265,1.5025015394188619,1.0,0.0
VisualCogB_Task-1,39,34.0,VisualCogB_Task-1:q1_034,347.3671875,1,right,unresolved_from_allowed_channels,target_locked,2.2,349.5671875,26,32,45,83,128.0,43.32247924804688,10.596613883972168,52.95086288452149,0.3859374523162842,2.3091987676759134,2.539084260353406,1.84605794853482,-37.13011169433594,-8.859171867370605,-14.568603515625,0.2765624523162842,1.3365039964527916,3.6587941453167487,2.540562597318417,31.786834716796875,7.826974868774414,44.88959884643555,0.3781249523162842,0.9854286922219382,3.673051719649409,2.393303638113952,1.1339674592960032,,,,,,,,,,,,,,,,,12.659734090169273,1.5437104854502144,2.259974727989063,0.07976336043333343,-0.9484127168232397,0.7284007135583634,1.0,1.0
VisualCogB_Task-1,40,35.0,VisualCogB_Task-1:q1_035,355.82421875,-1,left,unresolved_from_allowed_channels,cue_locked,0.0,355.82421875,25,32,45,83,128.0,14.265339851379396,3.460219144821167,25.694026947021484,0.28125,2.52720775004708,0.977957039735338,2.2473653045004056,12.161449432373049,2.9724371433258057,24.394161224365234,0.28125,1.8882967775586,2.224351284969228,2.0861787629537845,3.0181093215942383,0.7341307997703552,19.40316390991211,0.59375,2.5842950118837846,2.343716606023889,2.006437571136863,1.365759566288551,,,,,,,,,,,,,,,,,9.814966201782228,2.333266513163155,2.1133272128636844,0.04089620217670958,-0.7217336680765977,0.5527318956308611,-1.0,0.0
VisualCogB_Task-1,40,35.0,VisualCogB_Task-1:q1_035,355.82421875,-1,left,unresolved_from_allowed_channels,target_locked,2.2,358.02421875,26,32,45,83,128.0,-3.06603479385376,-0.7522867321968079,11.436147689819336,0.4562499523162842,1.4819070267113914,1.3787189779747462,3.283370303361597,-0.2656441330909729,-0.0427285656332969,14.645429611206056,0.4249999523162842,2.936588587620216,1.285182837478265,3.290184120215407,5.650970458984375,1.4158962965011597,25.118438720703125,0.4171874523162842,3.576117815503228,1.09388873055698,3.226520639035128,-0.2848302474177662,,,,,,,,,,,,,,,,,0.7730971773465473,2.6648711432782783,3.2666916875373775,-0.1299814680414075,0.6664421793287552,2.4045096681122513,-1.0,1.0
VisualCogB_Task-1,41,36.0,VisualCogB_Task-1:q1_036,364.02734375,1,right,unresolved_from_allowed_channels,cue_locked,0.0,364.02734375,25,32,45,83,128.0,-51.61343383789063,-12.550506591796877,1.3132476806640625,0.59375,3.745775455651324,2.8817955045703054,2.328092580328092,82.02191162109375,19.91990852355957,97.20804595947266,0.359375,3.4319027819037142,3.3183084522437323,2.572478026748378,1.7675864696502686,0.4628894925117492,17.885202407836914,0.3125,3.257144673563769,2.9027784413691227,2.4714684694768176,0.0209829367988172,,,,,,,,,,,,,,,,,10.725354750951128,3.4782743037062693,2.4573463588510958,0.05259105987733673,0.2497122993457387,1.1639789966759024,1.0,0.0
VisualCogB_Task-1,41,36.0,VisualCogB_Task-1:q1_036,364.02734375,1,right,unresolved_from_allowed_channels,target_locked,2.2,366.22734375,26,32,45,83,128.0,-84.78775024414062,-20.59720039367676,-48.05372619628906,0.5968749523162842,2.57532354480859,3.2049405309960166,1.8716790563116508,97.63109588623048,23.62790870666504,130.19683837890625,0.4718749523162842,3.8161989935999503,3.3902230135181464,2.2227502206858096,-17.50181007385254,-4.298292636871338,6.865747451782227,0.4796874523162842,3.716383122320917,3.4529182699518297,2.135233179466744,0.2479777389558131,,,,,,,,,,,,,,,,,-1.552821477254227,3.369301886909819,2.076554152154735,-0.17102330458721562,1.6810634358015577,0.42301908003220906,1.0,1.0
VisualCogB_Task-1,42,37.0,VisualCogB_Task-1:q1_037,372.421875,1,right,unresolved_from_allowed_channels,cue_locked,0.0,372.421875,25,32,45,83,128.0,-153.77471923828125,-37.20844268798828,-127.51797485351562,0.25,3.962846678229026,2.2041426873273,1.9175984390871448,102.9254150390625,24.96433448791504,209.55517578125,0.59375,3.99189108443183,1.9898889748639652,1.4368609166449269,-120.1826629638672,-29.125450134277344,-82.59370422363281,0.59375,3.7754450178619567,2.231444671103425,1.3319155329120032,0.027301983776125,,,,,,,,,,,,,,,,,-57.01065572102865,3.910060926840938,1.5621249628813583,-0.817546206678976,0.6160481245649886,-0.42663446034378555,1.0,0.0
VisualCogB_Task-1,42,37.0,VisualCogB_Task-1:q1_037,372.421875,1,right,unresolved_from_allowed_channels,target_locked,2.2,374.621875,26,32,45,83,128.0,-21.201499938964844,-5.1640944480896,0.5618858337402344,0.2531249523162842,1.946463725264259,1.4783107232017418,2.4237234160542007,-43.074310302734375,-10.494470596313477,-16.06926155090332,0.2531249523162842,2.250350464555738,2.0682175077116107,2.012527569771412,-10.457321166992188,-2.613971710205078,16.451698303222656,0.2531249523162842,2.0987171382869967,1.2979166552169883,1.8783138155944832,-0.1803940679847535,,,,,,,,,,,,,,,,,-24.911043802897137,2.0985104427023313,2.1048549338066986,-0.5831891990364476,-0.14931098140460988,0.4701377791837697,1.0,1.0
VisualCogB_Task-1,43,38.0,VisualCogB_Task-1:q1_038,380.69140625,1,right,unresolved_from_allowed_channels,cue_locked,0.0,380.69140625,25,32,45,83,128.0,8.128057479858398,1.9639307260513303,31.9958610534668,0.59375,3.5548044073767016,2.3587855993269526,3.019758978945528,14.32871913909912,3.5274014472961426,31.519132614135746,0.28125,3.405824974830765,2.735839138177283,2.875269449489486,-2.016972780227661,-0.4301768541336059,16.76883316040039,0.28125,3.623289513396109,2.737329468499453,2.860877443226918,0.3785438691725002,,,,,,,,,,,,,,,,,6.813267946243286,3.527972965201192,2.9186352905539774,0.002336365290804364,0.29187757079129784,1.9835889676217298,1.0,0.0
VisualCogB_Task-1,43,38.0,VisualCogB_Task-1:q1_038,380.69140625,1,right,unresolved_from_allowed_channels,target_locked,2.2,382.89140625,26,32,45,83,128.0,-20.509767532348636,-4.853273391723633,-9.455517768859863,0.3937499523162842,3.006570967357748,1.9033665315493011,1.9343083155496517,-8.512676239013672,-1.99830174446106,3.5652074813842773,0.5343749523162842,2.4097466401676453,0.0116680907726593,1.6857870564711648,-12.195879936218262,-2.930258512496948,7.0539398193359375,0.5343749523162842,1.37844913683183,0.6715162501134686,2.2752093798131394,-1.2318502814358328,,,,,,,,,,,,,,,,,-13.73944123586019,2.2649222481190745,1.9651015839446522,-0.38606145959288596,0.09037894784719952,0.23745883311954916,1.0,1.0
VisualCogB_Task-1,44,39.0,VisualCogB_Task-1:q1_039,389.47265625,1,right,unresolved_from_allowed_channels,cue_locked,0.0,389.47265625,25,32,45,83,128.0,-20.513202667236328,-4.963126182556152,-3.253270149230957,0.265625,-0.1314996756648501,0.1105658120643213,1.0561539709985632,5.546545028686523,1.3387244939804075,15.335318565368652,0.265625,0.9567121936873602,1.7228140203666822,1.3405458793825202,-24.97808074951172,-6.080657958984375,-13.393962860107422,0.59375,1.9895237297930704,2.135715656179264,2.1953514272561097,2.0251498441149427,,,,,,,,,,,,,,,,,-13.314912796020508,0.9382454159385268,1.5306837592123976,-0.25623038598058817,-1.9052955884065361,-0.48249863191731235,1.0,0.0
VisualCogB_Task-1,44,39.0,VisualCogB_Task-1:q1_039,389.47265625,1,right,unresolved_from_allowed_channels,target_locked,2.2,391.67265625,26,32,45,83,128.0,-10.07562255859375,-2.416856527328491,-0.1654207110404968,0.2999999523162842,1.7702451584188226,2.135003794189746,2.72010982024836,14.415365219116213,3.5538103580474854,29.272951126098636,0.4093749523162842,2.9754519389110032,2.7152830686471563,2.900461821529981,-0.1072152256965637,0.0173702985048294,14.307196617126465,0.4093749523162842,2.496302537810473,3.006046038294539,2.6628820959557564,0.8710422441047929,,,,,,,,,,,,,,,,,1.4108424782752997,2.4139998783800998,2.761151245911366,-0.11872817749885081,0.30510173485625997,1.562822386437109,1.0,1.0
VisualCogB_Task-1,47,40.0,VisualCogB_Task-1:q1_040,415.2109375,1,right,unresolved_from_allowed_channels,cue_locked,0.0,415.2109375,25,32,45,83,128.0,42.75115585327149,10.39280891418457,131.73001098632812,0.59375,3.934052054730917,2.1344011044545623,2.321131453608408,-21.08923721313477,-5.00666618347168,18.30744171142578,0.328125,3.249495186812847,3.065162692830327,2.177384394085593,51.62750244140625,12.43374729156494,332.0062866210937,0.59375,4.404735793006307,3.2316973493385035,2.479027234497406,1.0972962448839412,,,,,,,,,,,,,,,,,24.42980702718099,3.86276101151669,2.3258476940638024,0.2286385501295561,0.575917994114642,0.9303345074663747,1.0,0.0
VisualCogB_Task-1,47,40.0,VisualCogB_Task-1:q1_040,415.2109375,1,right,unresolved_from_allowed_channels,target_locked,2.2,417.4109375,26,32,45,83,128.0,-198.26702880859372,-48.1855697631836,-134.5018310546875,0.2531249523162842,2.1405851414515125,2.338856116578521,2.055378303902372,199.8511505126953,48.46604537963867,246.02169799804688,0.4484374523162842,2.8799855198077413,3.0492999865198294,1.4259173739840891,-291.6702880859375,-70.8370590209961,-218.15060424804688,0.5968749523162842,2.6557943840069,2.986754747127743,1.5780985606565356,0.6478986305492223,,,,,,,,,,,,,,,,,-96.69538879394531,2.5587883484220515,1.6864647461809987,-1.8498548873840843,0.5136466638288377,-0.22645080346169968,1.0,1.0
VisualCogB_Task-1,48,41.0,VisualCogB_Task-1:q1_041,423.41796875,1,right,unresolved_from_allowed_channels,cue_locked,0.0,423.41796875,25,32,45,83,128.0,4.2689361572265625,0.9851477146148682,29.065263748168945,0.4140625,3.1854618573748312,2.553909566180453,2.373018519435147,-14.175176620483398,-3.4474148750305176,-4.46002197265625,0.4140625,1.5865598821713858,2.0264825758390166,2.2571526765061707,9.945962905883787,2.3994083404541016,24.540456771850582,0.265625,1.0911263877939703,1.29241441558487,2.536413650760044,-1.2614951505955831,,,,,,,,,,,,,,,,,0.013240814208983783,1.9543827091133956,2.3888616155671207,-0.08501683103635085,-1.043185754783526,1.0422965226438456,1.0,0.0
VisualCogB_Task-1,48,41.0,VisualCogB_Task-1:q1_041,423.41796875,1,right,unresolved_from_allowed_channels,target_locked,2.2,425.61796875,26,32,45,83,128.0,-7.165943145751953,-1.7429251670837402,9.472945213317873,0.4093749523162842,2.1654022475133137,2.87560117414042,2.643657754016677,7.343225479125977,1.7886041402816772,23.754859924316406,0.4093749523162842,1.632864389439083,3.38900178892571,2.183887731897369,26.694808959960938,6.503594875335693,47.03390884399414,0.4093749523162842,2.252369653910229,3.2951178839209563,1.982710324809564,0.4195167097805363,,,,,,,,,,,,,,,,,8.957363764444986,2.016878763620875,2.270085270241203,0.01443344124640987,-0.2668885254661085,0.7452340153553362,1.0,1.0
VisualCogB_Task-1,49,42.0,VisualCogB_Task-1:q1_042,431.90625,-1,left,unresolved_from_allowed_channels,cue_locked,0.0,431.90625,25,32,45,83,128.0,243.37185668945312,58.93408966064453,367.8196105957031,0.59375,2.72102099973947,0.834411967481763,1.8248025465054172,-498.7013854980469,-120.84463500976562,-393.419189453125,0.25,2.1922817142944675,1.6109229785358392,1.1540235567254888,346.692626953125,84.03202056884766,443.149169921875,0.59375,2.6213710573473845,1.8153915383878003,1.738217778697856,0.9809795709060372,,,,,,,,,,,,,,,,,30.454366048177082,2.511557923793774,1.5723479606429207,0.3060300776525012,-0.5704679096130678,-0.4084704197122399,-1.0,0.0
VisualCogB_Task-1,49,42.0,VisualCogB_Task-1:q1_042,431.90625,-1,left,unresolved_from_allowed_channels,target_locked,2.2,434.10625,26,32,45,83,128.0,9.967857360839844,2.378118991851806,42.091575622558594,0.5890624523162842,2.9536271606875766,1.32753417592361,2.400278738782682,30.760639190673828,7.456284523010254,44.87559509277344,0.4484374523162842,2.5917412028638704,3.1160940273860627,1.960115070075985,24.87082290649414,5.983793258666992,83.3150634765625,0.5968749523162842,3.41872869943876,3.201697416430931,2.1763940099460104,1.8741632405073207,,,,,,,,,,,,,,,,,21.866439819335938,2.9880323543300684,2.1789292729348926,0.24221964879681024,1.13190487664133,0.5934660512843339,-1.0,1.0
VisualCogB_Task-1,50,43.0,VisualCogB_Task-1:q1_043,440.0625,1,right,unresolved_from_allowed_channels,cue_locked,0.0,440.0625,25,32,45,83,128.0,-73.13648986816406,-17.77389144897461,-59.306522369384766,0.578125,0.9454855336208652,0.7768781976459282,2.1920065512261067,123.13805389404295,29.807714462280277,153.2615966796875,0.578125,0.7064965028539727,2.277301959152235,2.6781579637212185,-129.46612548828125,-31.41545867919922,-100.45964050292967,0.25,1.5140325227596854,2.380131662405263,2.410082009948546,1.6032534647593348,,,,,,,,,,,,,,,,,-26.48818715413412,1.0553381864115077,2.426748841631957,-0.42545436096368877,-1.805951897796072,1.1096138721835036,1.0,0.0
VisualCogB_Task-1,50,43.0,VisualCogB_Task-1:q1_043,440.0625,1,right,unresolved_from_allowed_channels,target_locked,2.2,442.2625,26,32,45,83,128.0,-38.04573059082031,-9.173171997070312,-15.026063919067385,0.3234374523162842,3.206188289737715,2.9805983571214534,3.922070027279088,-23.164287567138672,-5.500626564025879,11.48694133758545,0.3234374523162842,4.024791743514392,4.279086799481212,4.065076931792175,-8.966338157653809,-2.0752272605896,22.669776916503903,0.3234374523162842,3.548766964919005,4.116893619380632,3.223947770605301,1.1362952622591789,,,,,,,,,,,,,,,,,-23.39211877187093,3.593248999390371,3.7370315765588544,-0.5563871125896994,2.0036238900444863,3.1875906445432887,1.0,1.0
VisualCogB_Task-1,51,44.0,VisualCogB_Task-1:q1_044,448.26953125,-1,left,unresolved_from_allowed_channels,cue_locked,0.0,448.26953125,25,32,45,83,128.0,-83.78233337402344,-20.221420288085938,-70.3635482788086,0.2890625,1.70979908702483,2.2947667307319133,1.9419980423882013,24.86119842529297,6.033829689025879,48.990020751953125,0.578125,2.887761129540787,3.3692559375248146,1.827778657708257,-13.547924995422363,-3.2975587844848637,6.717901229858398,0.3671875,3.216749100561244,3.68307295149678,1.9282846784640435,1.3883062207648669,,,,,,,,,,,,,,,,,-24.15635331471761,2.60476977237562,1.8993537928535007,-0.3954996070749469,-0.49138523858786487,0.17254772795461257,-1.0,0.0
VisualCogB_Task-1,51,44.0,VisualCogB_Task-1:q1_044,448.26953125,-1,left,unresolved_from_allowed_channels,target_locked,2.2,450.46953125,26,32,45,83,128.0,13.678590774536133,3.349463701248169,29.677600860595703,0.4562499523162842,1.9747902498897232,0.730524897527169,1.850128422826433,25.478534698486328,6.214393138885498,35.69968032836914,0.2999999523162842,2.8390340018034244,1.033158457432538,1.625708327219683,29.098237991333008,7.081208229064941,40.70709991455078,0.4562499523162842,2.076598791583201,0.8128698974078487,2.067919252308821,0.0823449998806796,,,,,,,,,,,,,,,,,22.751787821451824,2.296807681092116,1.8479186674516457,0.25784199565624283,0.13630487932983848,0.04235798198976104,-1.0,1.0
VisualCogB_Task-1,52,45.0,VisualCogB_Task-1:q1_045,456.62890625,1,right,unresolved_from_allowed_channels,cue_locked,0.0,456.62890625,25,32,45,83,128.0,-6.264646530151367,-1.512379765510559,9.59731101989746,0.59375,2.759622953368771,2.5823520939574705,2.108496749221972,1.4733986854553225,0.4387185275554657,22.71731185913086,0.3203125,2.308722179065545,3.2839706511310496,1.9846625249798184,4.354460716247559,1.1493687629699707,20.948318481445312,0.3203125,2.4103682167056526,2.750250209614717,1.508033865741238,0.1678981156572461,,,,,,,,,,,,,,,,,-0.14559570948282877,2.492904449713323,1.8670643799810094,-0.0870572461359628,-0.5862938649677263,0.11517647335159407,1.0,0.0
VisualCogB_Task-1,52,45.0,VisualCogB_Task-1:q1_045,456.62890625,1,right,unresolved_from_allowed_channels,target_locked,2.2,458.82890625,26,32,45,83,128.0,4.9580278396606445,1.1919374465942385,15.116315841674805,0.3781249523162842,1.6062838349191968,2.3000759084563334,1.961273004142747,6.869514465332031,1.6582684516906738,20.251388549804688,0.3859374523162842,2.379080670030209,2.111561949207857,2.778803455627392,5.412874221801758,1.2989566326141355,20.46005249023437,0.5031249523162842,2.4594147233572,1.8411407293550053,2.9205014634754427,-0.4589351791013278,,,,,,,,,,,,,,,,,5.746805508931478,2.1482597427688686,2.553525974415194,-0.04221824211445862,-0.07765497008129547,1.217141732658757,1.0,1.0
VisualCogB_Task-1,54,46.0,VisualCogB_Task-1:q1_046,472.91796875,1,right,unresolved_from_allowed_channels,cue_locked,0.0,472.91796875,25,32,45,83,128.0,149.0548553466797,36.11415863037109,360.3679809570313,0.59375,3.191074952528404,1.07512491918149,2.5585021579466827,57.36058044433594,13.9502534866333,94.44852447509766,0.2578125,1.1221496834340017,2.329456250258486,2.512413185660383,-35.04194641113281,-8.489232063293457,25.606407165527344,0.59375,1.2369298799555926,1.62578328449988,2.0768959220911727,0.5506583653183899,,,,,,,,,,,,,,,,,57.12449645996094,1.8500515053059996,2.382603755232746,0.6486347603538813,-1.1317022941923436,1.0311776676825837,1.0,0.0
VisualCogB_Task-1,54,46.0,VisualCogB_Task-1:q1_046,472.91796875,1,right,unresolved_from_allowed_channels,target_locked,2.2,475.11796875,26,32,45,83,128.0,-46.17918395996094,-11.168325424194336,-36.70281982421875,0.4093749523162842,2.5526045086711684,1.9632423700206685,0.7371450499040286,76.49141693115234,18.618497848510746,93.66697692871094,0.5734374523162842,3.522129583781943,1.8516928126123795,1.4577531516511817,49.331573486328125,12.024733543395996,74.095703125,0.5812499523162842,3.1738792051658398,1.7626285747282442,1.881170833661847,-0.200613795292424,,,,,,,,,,,,,,,,,26.547935485839844,3.082871099206317,1.3586896784056857,0.32482665637831193,1.2685051135824001,-0.7721719428216683,1.0,1.0
VisualCogB_Task-1,55,47.0,VisualCogB_Task-1:q1_047,481.29296875,-1,left,unresolved_from_allowed_channels,cue_locked,0.0,481.29296875,25,32,45,83,128.0,63.133934020996094,15.35011863708496,79.26036071777344,0.59375,2.1794053914574536,0.3475448569383291,1.2265297568877291,16.78462028503418,4.140868186950684,31.12347412109375,0.3125,2.563795330748884,2.801570959079125,0.9122604108941608,53.579383850097656,13.014822006225586,77.5751953125,0.59375,3.386538235075355,2.846187114533483,1.5860117275077268,2.498642257595154,,,,,,,,,,,,,,,,,44.49931271870931,2.709912985760564,1.2416006317632056,0.4864515612868459,-0.4021797751069734,-0.996136392127376,-1.0,0.0
VisualCogB_Task-1,55,47.0,VisualCogB_Task-1:q1_047,481.29296875,-1,left,unresolved_from_allowed_channels,target_locked,2.2,483.49296875,26,32,45,83,128.0,132.88412475585938,32.21091842651367,141.46640014648438,0.2687499523162842,2.24047627560097,2.1102677439478428,2.3196790683830506,-269.74530029296875,-65.43891906738281,-205.4679718017578,0.2531249523162842,2.940691603233718,2.4424556940023354,1.9517455035386344,258.6925048828125,62.73278045654297,288.9183959960937,0.4640624523162842,2.442147602504136,2.286888714015185,1.789917193252612,0.1766209700673418,,,,,,,,,,,,,,,,,40.610443115234375,2.541105160446275,2.020447255058099,0.572965660899454,0.4881768237279749,0.3296052642183794,-1.0,1.0
VisualCogB_Task-1,56,48.0,VisualCogB_Task-1:q1_048,489.46875,1,right,unresolved_from_allowed_channels,cue_locked,0.0,489.46875,25,32,45,83,128.0,-28.994251251220703,-6.941190719604492,-17.56444549560547,0.328125,2.3263184110669344,0.4557371110032185,2.140512683645599,38.16011047363281,9.34585952758789,72.40592956542969,0.59375,2.7459211247764355,2.5275493166706258,2.154992432315065,-87.5653076171875,-21.087799072265625,-65.72096252441406,0.328125,2.5678132031802816,2.176548427321024,2.3562735664245804,1.7208113163178052,,,,,,,,,,,,,,,,,-26.13314946492513,2.546684246341217,2.2172595607950814,-0.420893544312986,-0.5406660823496009,0.7373970432508592,1.0,0.0
VisualCogB_Task-1,56,48.0,VisualCogB_Task-1:q1_048,489.46875,1,right,unresolved_from_allowed_channels,target_locked,2.2,491.66875,26,32,45,83,128.0,-94.92813110351562,-23.01886367797852,-77.82611846923828,0.2531249523162842,1.9038614408058956,2.5925966380687857,1.7988631119300793,81.94220733642578,19.857770919799805,110.23318481445312,0.4328124523162842,2.5980774227621404,3.8934401899127744,2.4440066225067603,-139.10665893554688,-33.71316909790039,-106.50205993652344,0.2531249523162842,2.508961480820289,3.908148142909899,2.872891980452657,1.3155515048411135,,,,,,,,,,,,,,,,,-50.69752756754557,2.3369667814627753,2.371920571629832,-1.0382028125462843,0.19414772228532506,0.91478222742058,1.0,1.0
VisualCogB_Task-1,58,49.0,VisualCogB_Task-1:q1_049,505.95703125,1,right,unresolved_from_allowed_channels,cue_locked,0.0,505.95703125,25,32,45,83,128.0,-156.744873046875,-37.99127960205078,-121.8767547607422,0.25,1.4897747622273851,2.59330674445104,2.631108387818487,128.3070068359375,31.100831985473636,192.9054107666016,0.59375,1.9940411328996108,2.3374837998890965,2.197636987889335,-197.90530395507807,-47.94785690307617,-148.97911071777344,0.2734375,0.7886666905914129,1.871305261272918,2.266647915030909,-0.7220014831781221,,,,,,,,,,,,,,,,,-75.44772338867186,1.4241608619061363,2.36513109691291,-1.054388907509035,-1.4930358602263845,1.0001325590887113,1.0,0.0
VisualCogB_Task-1,58,49.0,VisualCogB_Task-1:q1_049,505.95703125,1,right,unresolved_from_allowed_channels,target_locked,2.2,508.15703125,26,32,45,83,128.0,2.53017807006836,0.6005650758743286,16.599695205688477,0.2609374523162842,2.9997602874106373,0.5382205372861836,2.658924912059244,-53.7491455078125,-13.019129753112791,-39.225563049316406,0.2531249523162842,3.57810482213468,1.728517280099008,2.5737860967457133,26.49939727783203,6.434338569641113,39.24473571777344,0.4718749523162842,2.9633299004444047,3.163465259180342,2.8487211311112115,2.6252447218941586,,,,,,,,,,,,,,,,,-8.239856719970703,3.180398336663241,2.6938107133053895,-0.28901892187364,1.4089776995725203,1.450705401981074,1.0,1.0
VisualCogB_Task-1,59,50.0,VisualCogB_Task-1:q1_050,514.36328125,1,right,unresolved_from_allowed_channels,cue_locked,0.0,514.36328125,25,32,45,83,128.0,3.3608217239379883,0.8416634202003479,16.244691848754883,0.3828125,2.0094584659605568,1.4703131172024622,2.5640117738118526,-0.3983228206634521,-0.085113875567913,8.815826416015625,0.3828125,1.5622686638012817,1.8296086948953945,2.6109080689814896,0.9851402640342712,0.2720352113246918,9.859127044677734,0.3828125,1.2256101519942124,1.616560615174628,2.645028296288924,0.1462474979721659,,,,,,,,,,,,,,,,,1.315879722436269,1.599112427252017,2.6066493796940886,-0.06828312246661346,-1.3446036888008384,1.4292579491179456,1.0,0.0
VisualCogB_Task-1,59,50.0,VisualCogB_Task-1:q1_050,514.36328125,1,right,unresolved_from_allowed_channels,target_locked,2.2,516.56328125,26,32,45,83,128.0,9.97471046447754,2.4875805377960205,26.31208229064941,0.2765624523162842,3.06932270156461,1.025764633146703,2.567334319722488,8.892440795898438,2.209043264389038,26.903459548950195,0.4249999523162842,2.794843842317086,1.4277171988573358,3.111984417530432,2.069053888320923,0.5454626679420471,24.527292251586918,0.5812499523162842,2.572625051243595,2.290475232810239,2.843455791410129,1.264710599663536,,,,,,,,,,,,,,,,,6.978735049565633,2.8122638650417637,2.840924842887683,-0.020480314718481895,0.8787381216944338,1.695639499490384,1.0,1.0
VisualCogB_Task-1,60,51.0,VisualCogB_Task-1:q1_051,522.6953125,-1,left,unresolved_from_allowed_channels,cue_locked,0.0,522.6953125,25,32,45,83,128.0,-34.748016357421875,-8.376999855041504,29.04634094238281,0.59375,4.2256761802502565,1.062976824134492,1.555062960048015,90.9972915649414,22.144800186157227,154.14141845703125,0.59375,4.104553050646032,2.785658259877911,2.019455932938015,-206.89663696289065,-50.00268173217773,-164.02354431152344,0.25,4.073320216898154,2.950294391921194,2.044016909591197,1.8873175677867025,,,,,,,,,,,,,,,,,-50.215787251790374,4.134516482598148,1.8728452675257425,-0.7302592785703526,0.8064804048575571,0.1254478515420243,-1.0,0.0
VisualCogB_Task-1,60,51.0,VisualCogB_Task-1:q1_051,522.6953125,-1,left,unresolved_from_allowed_channels,target_locked,2.2,524.8953125,26,32,45,83,128.0,-105.53709411621094,-25.59445571899414,-81.62164306640625,0.5968749523162842,1.27564498486069,0.8060766736672562,2.2958332888578297,-105.88544464111328,-25.71754646301269,-71.82388305664062,0.5890624523162842,1.9541363142304933,1.8362171963333689,2.289931562437063,-49.465911865234375,-12.020230293273926,-21.470741271972656,0.4718749523162842,2.7941841550522724,2.046592307157612,2.642647203315398,1.2405156334903555,,,,,,,,,,,,,,,,,-86.9628168741862,2.007988484714485,2.409470684870097,-1.6781194635716654,-0.2796935684542851,0.9773003765881063,-1.0,1.0
VisualCogB_Task-1,61,52.0,VisualCogB_Task-1:q1_052,531.3828125,-1,left,unresolved_from_allowed_channels,cue_locked,0.0,531.3828125,25,32,45,83,128.0,112.47794342041016,27.197851181030277,269.8516540527344,0.59375,2.4166005990134303,1.1946557611191808,0.311159901971847,-61.78971862792969,-14.974485397338867,-20.88086700439453,0.25,2.107309081932629,1.007844039508458,0.9778648897613836,385.7612915039063,93.39714050292967,645.4671630859375,0.59375,3.169543015899172,2.045715184063209,1.0656342530157106,0.8510594229440283,,,,,,,,,,,,,,,,,145.4831720987956,2.564484232281744,0.7848863482496471,1.7836909285750078,-0.5255642422530398,-1.8076182095194266,-1.0,0.0
VisualCogB_Task-1,61,52.0,VisualCogB_Task-1:q1_052,531.3828125,-1,left,unresolved_from_allowed_channels,target_locked,2.2,533.5828125,26,32,45,83,128.0,23.11672592163086,5.632365703582764,39.917266845703125,0.5499999523162842,0.6884512813526299,1.0875191861776092,1.3842186482901675,35.65906524658203,8.684700012207031,52.0317611694336,0.3234374523162842,1.5812943922986331,1.342634493535018,1.4960608740971977,18.577392578125,4.502439498901367,52.31356430053711,0.5968749523162842,1.75632422697859,0.2032658805068433,1.8063218222366488,-0.8842533056707659,,,,,,,,,,,,,,,,,25.78439458211263,1.342023300209951,1.5622004482080047,0.3113536482381413,-1.2389112607226465,-0.4333416287214006,-1.0,1.0
VisualCogB_Task-1,63,53.0,VisualCogB_Task-1:q1_053,548.18359375,-1,left,unresolved_from_allowed_channels,cue_locked,0.0,548.18359375,25,32,45,83,128.0,30.001880645751957,7.091873645782471,145.20822143554688,0.5234375,5.735564094635408,3.7185436596135,2.572721492648566,11.635139465332031,2.694401264190674,104.7108917236328,0.5234375,5.571152884300061,4.475811544618872,2.435715669932435,43.31610107421875,10.39846420288086,161.03475952148438,0.5234375,5.500880734852531,4.622362535631133,2.521558389109329,0.9038188760176332,,,,,,,,,,,,,,,,,28.317707061767578,5.602532571262667,2.5099985172301102,0.2785825412971317,2.0519726375067457,1.2575304153929139,-1.0,0.0
VisualCogB_Task-1,63,53.0,VisualCogB_Task-1:q1_053,548.18359375,-1,left,unresolved_from_allowed_channels,target_locked,2.2,550.38359375,26,32,45,83,128.0,-1.824166178703308,-0.4287702143192291,30.480854034423828,0.4562499523162842,2.096923727920476,1.7574704438615183,2.272977170584101,34.39122009277344,8.381482124328613,49.18954086303711,0.4562499523162842,2.671370587324681,1.7779374642719987,2.029476606281932,-7.129600524902344,-1.7452304363250732,58.22834014892578,0.5265624523162842,2.6050084425587103,2.0032920008359216,2.1841961554360427,0.2458215569744031,,,,,,,,,,,,,,,,,8.479151129722595,2.4577675859346226,2.162216644100692,0.005995173317480344,0.36814220666044345,0.565640765758492,-1.0,1.0
VisualCogB_Task-1,64,54.0,VisualCogB_Task-1:q1_054,556.4375,-1,left,unresolved_from_allowed_channels,cue_locked,0.0,556.4375,25,32,45,83,128.0,-90.81890869140624,-22.09186172485352,-12.851009368896484,0.546875,5.48675777215049,3.6206100961076464,2.4514928506218685,46.93125534057617,11.322772026062012,155.00062561035156,0.546875,4.971433183575636,4.0165243782627815,3.2032442866918323,-54.750755310058594,-13.2949857711792,10.150035858154297,0.546875,4.656414011066388,3.827411279965972,3.342217381994433,0.2068011838583259,,,,,,,,,,,,,,,,,-32.879469553629555,5.038201655597504,2.9989848397693777,-0.5075568195840847,1.5731837621449114,2.126352617845972,-1.0,0.0
VisualCogB_Task-1,64,54.0,VisualCogB_Task-1:q1_054,556.4375,-1,left,unresolved_from_allowed_channels,target_locked,2.2,558.6375,26,32,45,83,128.0,-9.184109687805176,-2.1506834030151367,4.842197418212891,0.4249999523162842,2.8184839389189773,1.7733157198658096,1.8562480307189415,12.516550064086914,3.148838520050049,33.49067687988281,0.4249999523162842,2.7531333526446864,2.869768654998376,1.5679237092362115,-85.25022888183594,-20.56447029113769,-76.9657211303711,0.4328124523162842,2.365628430538097,2.524702276430361,0.9419912511788888,0.7513865565645512,,,,,,,,,,,,,,,,,-27.3059295018514,2.64574857403392,1.4553876637113472,-0.6254479887873063,0.6388991377890358,-0.6111769804135068,-1.0,1.0
VisualCogB_Task-1,66,55.0,VisualCogB_Task-1:q1_055,572.97265625,1,right,unresolved_from_allowed_channels,cue_locked,0.0,572.97265625,25,32,45,83,128.0,-14.747801780700684,-3.550101518630981,0.8036270141601562,0.25,1.934416062086964,2.568225745716404,1.435553012349578,-47.17646789550781,-11.433998107910156,-31.281082153320312,0.40625,3.443645346936036,3.262217082187892,2.0760553847133814,-38.667579650878906,-9.355100631713867,-15.253089904785156,0.25,3.411455689995796,3.037670725600008,2.3234555168980817,0.4694449798836038,,,,,,,,,,,,,,,,,-33.530616442362465,2.9298390330062656,1.9450213046536804,-0.5159214570928597,-0.21559041432486747,0.2536889508353342,1.0,0.0
VisualCogB_Task-1,66,55.0,VisualCogB_Task-1:q1_055,572.97265625,1,right,unresolved_from_allowed_channels,target_locked,2.2,575.17265625,26,32,45,83,128.0,32.749874114990234,7.946850299835205,42.08678436279297,0.3390624523162842,1.5441252614387333,1.8160025403006848,1.9122079252372897,-16.303924560546875,-3.966031074523926,-3.5705108642578125,0.3390624523162842,2.2526645272353947,3.0992517848341348,2.6504938503926097,26.517045974731445,6.411228179931641,41.48758316040039,0.4484374523162842,2.28110945089648,3.0602695446526966,2.4618668363044285,1.244267004352012,,,,,,,,,,,,,,,,,14.320998509724935,2.025966413190203,2.3415228706447757,0.10907708670312556,-0.25379920120282967,0.8641723133472495,1.0,1.0
VisualCogB_Task-1,67,56.0,VisualCogB_Task-1:q1_056,581.1484375,1,right,unresolved_from_allowed_channels,cue_locked,0.0,581.1484375,25,32,45,83,128.0,18.877422332763672,4.588332176208496,31.27354621887207,0.5625,1.3166041095421797,1.8867426641044076,1.4561916344377772,2.3146119117736816,0.5651772618293762,10.696210861206056,0.3359375,2.296195524100792,1.9361970605617456,2.577988244006175,12.58843231201172,3.0296003818511963,37.81620407104492,0.53125,3.276899821903238,2.284646824072595,2.8654896348900016,0.3979041599681876,,,,,,,,,,,,,,,,,11.260155518849691,2.29656648518207,2.2998898377779846,0.05946111430021971,-0.752870656384425,0.8842130500151939,1.0,0.0
VisualCogB_Task-1,67,56.0,VisualCogB_Task-1:q1_056,581.1484375,1,right,unresolved_from_allowed_channels,target_locked,2.2,583.3484375,26,32,45,83,128.0,12.111947059631348,2.977026462554932,20.88383102416992,0.4093749523162842,1.549144396263936,1.4102304794384044,2.118640786529285,15.31702995300293,3.734592914581299,24.92530059814453,0.4640624523162842,1.0278365879348876,2.472630288049399,2.073442249850967,8.989158630371094,2.179896831512451,22.148216247558597,0.4718749523162842,1.827277790380398,2.890326710577685,1.4334993922729196,1.4800962311392811,,,,,,,,,,,,,,,,,12.139378547668457,1.4680862581930738,1.8751941428843903,0.07058146274367005,-1.0573374751094269,0.0877696224503029,1.0,1.0
VisualCogB_Task-1,68,57.0,VisualCogB_Task-1:q1_057,589.6796875,-1,left,unresolved_from_allowed_channels,cue_locked,0.0,589.6796875,25,32,45,83,128.0,131.04872131347656,31.82355690002441,146.46435546875,0.390625,1.1446202658493785,0.7750835091945224,2.604828551451418,-69.86061096191406,-16.926586151123047,-42.647247314453125,0.53125,1.681984285817129,1.2386847431142596,3.1012236558397865,-13.661706924438477,-3.2865936756134038,16.338027954101562,0.265625,2.0381488151773266,1.1680916337020395,3.351952051507947,0.3930081245075173,,,,,,,,,,,,,,,,,15.842134475708008,1.6215844556146113,3.0193347529330503,0.1183212481811266,-1.3255380007653992,2.16250998168138,-1.0,0.0
VisualCogB_Task-1,68,57.0,VisualCogB_Task-1:q1_057,589.6796875,-1,left,unresolved_from_allowed_channels,target_locked,2.2,591.8796875,26,32,45,83,128.0,66.33244323730469,16.040271759033203,93.40495300292967,0.4640624523162842,2.965500330971771,0.9913973009992106,2.7342587251467867,-72.28672790527344,-17.55498504638672,-46.00689697265625,0.2531249523162842,2.675775550598171,0.9343704838975712,1.714789870862268,79.25537872314453,19.197797775268555,97.47775268554688,0.5109374523162842,1.7100442233301048,1.121787361365038,2.061884641652153,0.1303900603658273,,,,,,,,,,,,,,,,,24.433698018391926,2.450440034966682,2.1703110792204026,0.2875200255611157,0.3575880265126087,0.5791173989447351,-1.0,1.0
VisualCogB_Task-1,69,58.0,VisualCogB_Task-1:q1_058,597.96484375,-1,left,unresolved_from_allowed_channels,cue_locked,0.0,597.96484375,25,32,45,83,128.0,103.41320037841795,25.096960067749023,123.58424377441406,0.5390625,2.8504134028757093,0.192249094923335,2.1755238849986838,-80.49276733398438,-19.461793899536133,-35.41108322143555,0.2890625,2.6643843252364365,0.0435080203529473,2.450728294713632,70.10496520996094,17.013975143432617,130.83282470703125,0.59375,2.95388900888476,1.7361566257228342,2.3182315089940606,1.5439075307994992,,,,,,,,,,,,,,,,,31.008466084798172,2.8228955789989687,2.3148278962354585,0.3131480506170246,-0.3063232355298013,0.9107547266453265,-1.0,0.0
VisualCogB_Task-1,69,58.0,VisualCogB_Task-1:q1_058,597.96484375,-1,left,unresolved_from_allowed_channels,target_locked,2.2,600.16484375,26,32,45,83,128.0,42.40192031860352,10.24673843383789,53.30767822265625,0.3937499523162842,1.9123654329850936,2.129312793368326,1.3226249715880465,10.580140113830566,2.553280830383301,25.61651992797852,0.4015624523162842,2.4195520559249823,3.1882426788946137,1.9288892663250456,33.448856353759766,8.098492622375488,50.06822967529297,0.4015624523162842,1.817688288809552,3.144499905963876,1.3878021918757562,1.0151871125955505,,,,,,,,,,,,,,,,,28.81030559539795,2.049868592573209,1.546438809929616,0.36474715147341796,-0.21937188595960225,-0.45958358561532214,-1.0,1.0
VisualCogB_Task-1,71,59.0,VisualCogB_Task-1:q1_059,614.421875,1,right,unresolved_from_allowed_channels,cue_locked,0.0,614.421875,25,32,45,83,128.0,218.52914428710935,52.97154235839844,239.76174926757807,0.4921875,2.963657187439936,2.7442394113839064,2.7070995401028366,-87.41645050048828,-21.206619262695312,-49.47871017456055,0.25,3.4595442879183365,3.265290306388534,2.805896543460154,207.0951995849609,50.14578628540039,268.7245483398437,0.59375,3.424581653455177,3.3423714602071737,2.654881003513552,0.5981320488232673,,,,,,,,,,,,,,,,,112.73596445719399,3.2825943762711502,2.7226256956921806,1.3630200690710734,0.08369379887582064,1.6353226050261127,1.0,0.0
VisualCogB_Task-1,71,59.0,VisualCogB_Task-1:q1_059,614.421875,1,right,unresolved_from_allowed_channels,target_locked,2.2,616.621875,26,32,45,83,128.0,58.378902435302734,14.11866855621338,72.2446060180664,0.4718749523162842,1.8053399827115024,2.317813618131165,0.723041590088872,-1.2809442281723022,-0.3268109261989593,14.681331634521484,0.2531249523162842,2.649324214637511,2.6632748951075635,1.245986066882439,30.274951934814453,7.324163913726807,44.65956878662109,0.4796874523162842,1.951185344835363,1.887121895931908,1.049456750758788,-0.4306917221992579,,,,,,,,,,,,,,,,,29.124303380648296,2.135283180728125,1.0061614692433662,0.3702877776481551,-0.09634565869973982,-1.359105223825416,1.0,1.0
VisualCogB_Task-1,72,60.0,VisualCogB_Task-1:q1_060,622.625,-1,left,unresolved_from_allowed_channels,cue_locked,0.0,622.625,25,32,45,83,128.0,-5.609480857849121,-1.401280164718628,82.65847778320312,0.5546875,4.918874750870582,1.6399219249852257,1.8078555964102032,6.386837959289551,1.4951450824737549,80.30209350585938,0.5625,4.663886414516891,2.575710599778623,2.070295229638408,11.835668563842772,2.810197114944458,90.3023681640625,0.5546875,4.796703568627796,1.9220429520486573,1.86225809059677,0.282121027063432,,,,,,,,,,,,,,,,,4.2043418884277335,4.793154911338424,1.9134696388817938,-0.031177917182832603,1.3652815334382038,0.19762851216162888,-1.0,0.0
VisualCogB_Task-1,72,60.0,VisualCogB_Task-1:q1_060,622.625,-1,left,unresolved_from_allowed_channels,target_locked,2.2,624.825,26,32,45,83,128.0,-29.81387710571289,-7.221577167510986,-12.425458908081056,0.5265624523162842,1.4748551829294234,2.619407473649906,2.1758974062269134,-7.603878021240234,-1.8507213592529297,7.697999954223633,0.4640624523162842,0.6088237831625926,2.938504274783796,2.275667252008287,-2.6502180099487305,-0.6849499344825745,14.010765075683594,0.4718749523162842,2.347651702652011,2.8610210620516843,2.0372083901384985,0.2416135884017785,,,,,,,,,,,,,,,,,-13.355991045633951,1.4771102229146758,2.1629243494579,-0.37929531581584774,-1.0443398788134495,0.5668190426069661,-1.0,1.0
VisualCogB_Task-1,73,61.0,VisualCogB_Task-1:q1_061,630.91015625,-1,left,unresolved_from_allowed_channels,cue_locked,0.0,630.91015625,25,32,45,83,128.0,26.78458023071289,6.592276573181152,43.99005889892578,0.3203125,3.5046150549860635,2.306732632365972,0.9420198636917704,12.29763889312744,2.9833099842071533,29.48021507263184,0.3125,3.5207295010237405,3.413127935421543,1.2703441903977606,-5.7924909591674805,-1.442198395729065,10.29083251953125,0.3046875,1.207887135279743,2.882835873699577,1.3866137691487108,0.5761032413336054,,,,,,,,,,,,,,,,,11.096576054890951,2.744410563763182,1.1996592744127472,0.057359771356606505,-0.37291138644336014,-1.0706570500424444,-1.0,0.0
VisualCogB_Task-1,73,61.0,VisualCogB_Task-1:q1_061,630.91015625,-1,left,unresolved_from_allowed_channels,target_locked,2.2,633.11015625,26,32,45,83,128.0,12.287745475769045,3.013052463531494,24.55308532714844,0.3781249523162842,0.8274464720953912,2.4028486427914766,2.112937906043572,19.56732177734375,4.785460472106934,35.29078674316406,0.5734374523162842,1.210152974740193,3.022285253394195,2.5847697275304014,15.853632926940918,3.867694854736328,27.12844657897949,0.4718749523162842,1.3765046884070615,2.292610212586452,2.5023674874410955,-0.1102384302050247,,,,,,,,,,,,,,,,,15.902900060017904,1.1380347117475484,2.400025040338356,0.13699042095936084,-1.5327246125716034,0.9615740801042495,-1.0,1.0
VisualCogB_Task-1,74,62.0,VisualCogB_Task-1:q1_062,639.3671875,1,right,unresolved_from_allowed_channels,cue_locked,0.0,639.3671875,25,32,45,83,128.0,-19.237323760986328,-4.655457496643066,-9.933120727539062,0.515625,2.5369259279287726,-0.3107482783770869,1.3742975831827184,-11.39495086669922,-2.73587965965271,-5.471611022949219,0.5234375,2.299718587923454,1.1274677570997749,1.5073289784757469,172.52154541015625,41.838523864746094,209.594970703125,0.53125,2.2153261460456752,1.453360778807135,1.4290401989772197,1.764109057184222,,,,,,,,,,,,,,,,,47.2964235941569,2.3506568872993006,1.436888920211895,0.522383267250304,-0.7069793502753966,-0.6491516339398844,1.0,0.0
VisualCogB_Task-1,74,62.0,VisualCogB_Task-1:q1_062,639.3671875,1,right,unresolved_from_allowed_channels,target_locked,2.2,641.5671875,26,32,45,83,128.0,-11.490354537963867,-2.8353092670440674,31.417484283447266,0.5968749523162842,2.743199719090848,2.638583610381226,1.889077651328934,12.868511199951172,3.1191210746765137,33.650962829589844,0.3312499523162842,2.901098028216899,3.64982655552564,1.9975254676553924,24.492006301879883,5.906561851501465,59.89703369140625,0.5265624523162842,2.705515875867151,3.490866729468831,1.7959668634243964,0.852283119087605,,,,,,,,,,,,,,,,,8.623387654622396,2.7832712077249657,1.8941899941362408,0.008540288928967238,0.8369787767748691,0.11939630369433946,1.0,1.0
VisualCogB_Task-1,75,63.0,VisualCogB_Task-1:q1_063,647.7109375,-1,left,unresolved_from_allowed_channels,cue_locked,0.0,647.7109375,25,32,45,83,128.0,-94.661865234375,-22.98841667175293,35.19398498535156,0.59375,4.052099843968774,2.690745264364565,1.4107136987037316,86.61471557617188,21.027320861816406,145.3037109375,0.59375,3.672480325761527,2.636136404229972,1.357754605650584,-112.34063720703124,-27.16197204589844,-85.83302307128906,0.3046875,4.213511026789483,2.183371147697408,1.4549106926962356,-0.5073741166671573,,,,,,,,,,,,,,,,,-40.129262288411454,3.9793637321732613,1.4077929990168503,-0.6006877080049858,0.6748459173199243,-0.7008487493189131,-1.0,0.0
VisualCogB_Task-1,75,63.0,VisualCogB_Task-1:q1_063,647.7109375,-1,left,unresolved_from_allowed_channels,target_locked,2.2,649.9109375,26,32,45,83,128.0,-107.27243041992188,-25.958295822143555,-86.43778228759766,0.5968749523162842,1.9240830123303936,2.299457625433725,1.747913911443952,81.68506622314453,19.8345890045166,100.73030090332033,0.4796874523162842,3.252481378339251,3.073997172312877,2.369523889218603,-174.86463928222656,-42.379173278808594,-143.48056030273438,0.2765624523162842,3.118248163043827,2.855519951055615,2.385482797541933,0.5560623256218897,,,,,,,,,,,,,,,,,-66.8173344930013,2.7649375179044906,2.167640199401496,-1.3226437493244863,0.8105719914810646,0.5746705824502413,-1.0,1.0
VisualCogB_Task-1,76,64.0,VisualCogB_Task-1:q1_064,656.1796875,-1,left,unresolved_from_allowed_channels,cue_locked,0.0,656.1796875,25,32,45,83,128.0,48.27107238769531,11.704988479614258,101.78347778320312,0.59375,3.838747935360218,1.5626709243539598,0.6942239822585194,27.48806381225586,6.689381122589111,58.26801300048828,0.59375,3.822287588982688,3.1225924731954744,1.9611978892990147,25.00668716430664,6.056960105895996,75.7086181640625,0.59375,3.985163364537278,3.069213163546892,1.8339853280417484,1.5065422391929322,,,,,,,,,,,,,,,,,33.58860778808594,3.8820662962933947,1.4964690665330942,0.3462925690701077,0.5922969578222809,-0.543290689444647,-1.0,0.0
VisualCogB_Task-1,76,64.0,VisualCogB_Task-1:q1_064,656.1796875,-1,left,unresolved_from_allowed_channels,target_locked,2.2,658.3796875,26,32,45,83,128.0,-16.7147159576416,-4.063916206359863,-7.44210147857666,0.3937499523162842,1.449946190331316,1.168519031847148,1.5740152908981715,1.4028596878051758,0.3501358926296234,11.268238067626951,0.3937499523162842,1.2465152163147466,0.9585637005442528,1.5357118411878483,-36.03435134887695,-8.68182373046875,-21.34396743774414,0.2531249523162842,0.3419349638157038,1.5460764799661395,1.6646448889305716,0.3775574481189916,,,,,,,,,,,,,,,,,-17.115402539571125,1.0127987901539222,1.5914573403388639,-0.4456317509862707,-1.7131071828549331,-0.38463107664631485,-1.0,1.0
VisualCogB_Task-1,78,65.0,VisualCogB_Task-1:q1_065,672.96484375,1,right,unresolved_from_allowed_channels,cue_locked,0.0,672.96484375,25,32,45,83,128.0,-89.55802154541016,-21.663562774658203,-68.21846008300781,0.2890625,3.582315103118256,0.8557552194964698,1.5738517681106945,14.45138168334961,3.5588345527648926,67.41165161132812,0.59375,3.8088354522902,1.1882895237400697,2.041047863229496,-84.70042419433594,-20.44540405273437,-61.17676162719727,0.28125,3.566141323609721,1.3966655057367356,2.156432553905051,0.5409102862402658,,,,,,,,,,,,,,,,,-53.269021352132164,3.652430626339392,1.9237773950817472,-0.7694811452807773,0.39746977202005246,0.21594315007928452,1.0,0.0
VisualCogB_Task-1,78,65.0,VisualCogB_Task-1:q1_065,672.96484375,1,right,unresolved_from_allowed_channels,target_locked,2.2,675.16484375,26,32,45,83,128.0,15.750380516052246,3.808248043060303,31.20242500305176,0.4640624523162842,2.5290014322637897,0.8868016787936979,1.9965149733137892,-2.4335479736328125,-0.6209548711776733,10.013665199279783,0.2531249523162842,2.0691664789663995,0.6412362839214109,2.0401475892598766,6.581390380859375,1.5425859689712524,20.6539249420166,0.5968749523162842,1.3371240326167326,0.7280105279768843,2.029354242615928,-0.1587911508168136,,,,,,,,,,,,,,,,,6.6327409744262695,1.978430647948974,2.0220056017298647,-0.026585529210656458,-0.3222669651277947,0.33219979566644164,1.0,1.0
VisualCogB_Task-1,79,66.0,VisualCogB_Task-1:q1_066,681.3125,-1,left,unresolved_from_allowed_channels,cue_locked,0.0,681.3125,25,32,45,83,128.0,22.453601837158203,5.410008430480957,32.56644821166992,0.25,2.8426320053661773,1.903144611594595,1.9482512189939925,-10.193982124328612,-2.4377541542053223,9.27053451538086,0.25,2.940709428272616,1.6717543399147374,2.118681338246472,34.89194869995117,8.502537727355957,46.84169769287109,0.40625,2.2798781597478066,2.263933632534631,1.871689700416388,0.3607890209400362,,,,,,,,,,,,,,,,,15.71718947092692,2.6877398644622,1.9795407525522843,0.11671620377162371,-0.42099186481358114,0.3150224920169902,-1.0,0.0
VisualCogB_Task-1,79,66.0,VisualCogB_Task-1:q1_066,681.3125,-1,left,unresolved_from_allowed_channels,target_locked,2.2,683.5125,26,32,45,83,128.0,9.77596664428711,2.3551888465881348,19.94085121154785,0.3703124523162842,2.6928489238312867,1.2095116493507427,2.7056815941425554,18.33420181274414,4.439583778381348,33.22197341918945,0.3781249523162842,3.429893469207648,1.3242175684330355,2.3744929566124635,-8.342137336730957,-2.0567121505737305,9.027658462524414,0.2531249523162842,3.712922060084828,1.591541895649328,2.3200305474781624,0.3820302462985854,,,,,,,,,,,,,,,,,6.589343706766765,3.278554817707921,2.4667350327443938,-0.027351292691805282,1.5503566115931382,1.072641261966517,-1.0,1.0
VisualCogB_Task-1,80,67.0,VisualCogB_Task-1:q1_067,689.58203125,-1,left,unresolved_from_allowed_channels,cue_locked,0.0,689.58203125,25,32,45,83,128.0,-123.0864028930664,-29.84221076965332,-87.79793548583984,0.25,3.170857427456924,1.5825234103612134,1.790235092138461,46.42146682739258,11.272993087768556,85.13851165771484,0.59375,2.7212269134008897,1.8326643781494167,1.4732152420927092,-13.751495361328123,-3.303074598312378,19.169506072998047,0.59375,2.4761209321120976,1.9872363723867723,1.281310166433125,0.4047129620255592,,,,,,,,,,,,,,,,,-30.138810475667317,2.7894017576566372,1.5149201668880987,-0.47235029380785376,-0.3347400183196708,-0.5105071024419039,-1.0,0.0
VisualCogB_Task-1,80,67.0,VisualCogB_Task-1:q1_067,689.58203125,-1,left,unresolved_from_allowed_channels,target_locked,2.2,691.78203125,26,32,45,83,128.0,18.171703338623047,4.435973644256592,27.87413215637207,0.4562499523162842,1.428893024286963,0.2201612780547614,2.0829162196362527,7.318547248840332,1.795124650001526,22.97052764892578,0.4640624523162842,2.622369133868258,2.5173218022347794,2.0580865382408926,-12.173303604125977,-2.959275484085083,7.619917869567871,0.4640624523162842,2.690705526918709,2.8074672790665582,1.6907311936971865,2.5873060010117968,,,,,,,,,,,,,,,,,4.438982327779134,2.2473225616913104,1.943911317191444,-0.0652953454884312,0.06502937854134079,0.20217861307599946,-1.0,1.0
VisualCogB_Task-1,81,68.0,VisualCogB_Task-1:q1_068,698.06640625,1,right,unresolved_from_allowed_channels,cue_locked,0.0,698.06640625,25,32,45,83,128.0,-6.071491241455078,-1.3770002126693726,19.37208747863769,0.390625,3.74157255200954,1.620495942249517,2.4312944783150607,-17.866891860961914,-4.225861549377441,2.3832244873046875,0.375,3.1851035484010093,0.7548954320208298,3.0096292531849898,11.255131721496582,2.8182127475738525,26.58589172363281,0.328125,2.798044550280975,0.758767090636241,2.987805974300673,-0.8617288516132763,,,,,,,,,,,,,,,,,-4.227750460306804,3.2415735502305085,2.809576568600241,-0.13949663475350182,0.04889096489805997,1.7898153697989563,1.0,0.0
VisualCogB_Task-1,81,68.0,VisualCogB_Task-1:q1_068,698.06640625,1,right,unresolved_from_allowed_channels,target_locked,2.2,700.26640625,26,32,45,83,128.0,-15.6560640335083,-3.773723602294922,-9.481558799743652,0.3078124523162842,1.601493185109479,-0.4019524677395147,1.5012639697146533,10.69401741027832,2.5954277515411377,25.07619285583496,0.4328124523162842,2.3771212768534915,0.981670089348078,1.551568496667321,6.188132762908936,1.4822139739990234,20.696495056152344,0.4406249523162842,2.044039121441912,1.363602543344027,1.3472835083873946,1.7655550110835418,,,,,,,,,,,,,,,,,0.4086953798929853,2.0075511944682938,1.466705324923123,-0.13641149472291017,-0.280323416005723,-0.5923339152185232,1.0,1.0
VisualCogB_Task-1,82,69.0,VisualCogB_Task-1:q1_069,706.4296875,-1,left,unresolved_from_allowed_channels,cue_locked,0.0,706.4296875,25,32,45,83,128.0,-125.2221908569336,-30.348278045654297,-101.70458984375,0.28125,2.476714781729948,0.7429394392171745,0.6991448025861028,39.19209289550781,9.458354949951172,74.00735473632812,0.53125,2.147976339766929,1.2250931298720928,0.904072949856313,18.8266716003418,4.508472442626953,41.97434616088867,0.5234375,2.4509386217565994,1.8164851314125372,0.4216355256808546,1.073545692195363,,,,,,,,,,,,,,,,,-22.401142120361328,2.3585432477511588,0.6749510927077568,-0.37295215173702145,-0.7002884149631027,-2.00294921663461,-1.0,0.0
VisualCogB_Task-1,82,69.0,VisualCogB_Task-1:q1_069,706.4296875,-1,left,unresolved_from_allowed_channels,target_locked,2.2,708.6296875,26,32,45,83,128.0,-137.21820068359375,-33.27088165283203,-120.337646484375,0.2531249523162842,1.6607168593574817,1.3369721705521458,1.0848173584700602,48.04658508300781,11.642184257507324,71.44650268554688,0.4328124523162842,1.771604309597096,2.321581381257712,2.0550286525482138,-28.874950408935547,-6.993712425231934,-11.98708724975586,0.4328124523162842,1.967660539015491,2.7375275896290185,2.450921055350941,1.4005554190768728,,,,,,,,,,,,,,,,,-39.348855336507164,1.7999939026566896,1.8635890221230715,-0.83795060260897,-0.5792769215303686,0.06844795845901282,-1.0,1.0
VisualCogB_Task-1,83,70.0,VisualCogB_Task-1:q1_070,714.9296875,-1,left,unresolved_from_allowed_channels,cue_locked,0.0,714.9296875,25,32,45,83,128.0,-8.572443008422852,-2.031435012817383,7.591989517211914,0.3046875,2.521408993259014,1.5313889271454182,1.8401896881100543,-4.00146484375,-0.9306036829948424,13.843326568603516,0.3046875,2.582517541692704,1.763276445069032,2.1346151091271883,-9.455936431884766,-2.2406461238861084,5.199535369873047,0.3046875,2.4688156275738464,2.2540884304123505,2.1007284327368585,0.7226995032669323,,,,,,,,,,,,,,,,,-7.343281428019206,2.5242473875085216,2.0251777433247002,-0.1795187674599777,-0.5597019318998538,0.3961094856783235,-1.0,0.0
VisualCogB_Task-1,83,70.0,VisualCogB_Task-1:q1_070,714.9296875,-1,left,unresolved_from_allowed_channels,target_locked,2.2,717.1296875,26,32,45,83,128.0,-24.75570678710937,-6.039877414703369,-12.08681297302246,0.2531249523162842,2.2031429136432683,2.712721398566031,1.4692601497401143,27.44729995727539,6.615499496459961,42.80585479736328,0.4562499523162842,2.791674879742419,3.520538099664585,1.374823223547739,29.70257568359375,7.169517993927002,42.3250732421875,0.4328124523162842,3.2285174235689693,3.485836975412793,1.602761258562199,0.7731155768467621,,,,,,,,,,,,,,,,,10.798056284586588,2.7411117389848854,1.4822815439500177,0.04691325363938026,0.7762547190417209,-0.5664006676046313,-1.0,1.0
VisualCogB_Task-1,85,71.0,VisualCogB_Task-1:q1_071,731.51171875,-1,left,unresolved_from_allowed_channels,cue_locked,0.0,731.51171875,25,32,45,83,128.0,7.46422529220581,1.8410558700561523,104.94316864013672,0.5859375,4.416438531092675,1.3272865919004209,0.8929856351173117,11.71282196044922,2.896040439605713,111.0952606201172,0.59375,4.484207735698353,2.6661677025768906,1.4150610364611118,7.077759742736816,1.7791184186935425,125.03577423095705,0.5859375,4.879582562553496,2.3592669288526564,2.358286456063301,1.0319803369522356,,,,,,,,,,,,,,,,,8.751602331797281,4.593409609781508,1.555444375880575,0.02723622242980376,1.195813893731592,-0.438504408528755,-1.0,0.0
VisualCogB_Task-1,85,71.0,VisualCogB_Task-1:q1_071,731.51171875,-1,left,unresolved_from_allowed_channels,target_locked,2.2,733.71171875,26,32,45,83,128.0,5.313858509063721,1.316739797592163,20.498348236083984,0.4406249523162842,2.364157891939931,2.04962703590225,1.1633371442941662,3.8233659267425537,0.9998655915260316,23.88469123840332,0.4484374523162842,2.4315694949002413,3.2598741643449123,1.496353313277888,4.8485307693481445,1.2630783319473269,29.302526473999023,0.4406249523162842,2.89627422251241,3.5991137130519344,1.5804578715626736,1.5494866771496842,,,,,,,,,,,,,,,,,4.66191840171814,2.5640005364508607,1.4133827763782427,-0.06136154243445494,0.5211539976790039,-0.6811119975265911,-1.0,1.0
VisualCogB_Task-1,86,72.0,VisualCogB_Task-1:q1_072,739.71875,-1,left,unresolved_from_allowed_channels,cue_locked,0.0,739.71875,25,32,45,83,128.0,-12.813316345214844,-3.088441848754883,-3.2483513355255127,0.2578125,0.6525464457112772,0.1648898107983835,0.2340133777530568,-2.392594337463379,-0.5663418173789978,3.989152431488037,0.3046875,1.4619717863996466,1.2096557533966084,-0.0985216451971573,-10.939915657043455,-2.654709815979004,-1.404682159423828,0.5546875,2.4092984034819107,1.431318050801332,0.3163947788484099,1.2664282400029483,,,,,,,,,,,,,,,,,-8.715275446573893,1.5079388785309449,0.1506288371347698,-0.1971434122643928,-1.421957028203584,-2.9345556765381913,-1.0,0.0
VisualCogB_Task-1,86,72.0,VisualCogB_Task-1:q1_072,739.71875,-1,left,unresolved_from_allowed_channels,target_locked,2.2,741.91875,26,32,45,83,128.0,-19.229019165039062,-4.677359580993652,-4.943964958190918,0.2765624523162842,1.2780132498207148,2.3548674880875424,1.980338502535984,6.137517929077148,1.4779293537139893,30.20157241821289,0.5109374523162842,2.288382581835676,3.362320536465099,1.974776820013996,-6.533113956451416,-1.582444667816162,12.786087989807127,0.5109374523162842,2.526185554816843,3.3100818363644464,2.031303165642372,0.955214348276904,,,,,,,,,,,,,,,,,-6.54153839747111,2.0308604621577446,1.9954728293974506,-0.2590513635254985,-0.24675009643620988,0.28802470069689623,-1.0,1.0
VisualCogB_Task-1,88,73.0,VisualCogB_Task-1:q1_073,756.94140625,-1,left,unresolved_from_allowed_channels,cue_locked,0.0,756.94140625,25,32,45,83,128.0,-145.998291015625,-35.41364669799805,-58.06532287597656,0.59375,3.01094228734733,1.7559353430684168,1.8536167280289253,112.14795684814452,27.27211570739746,133.0375518798828,0.34375,3.180386021970452,2.618179857529149,1.77627770757672,-97.58535766601562,-23.661609649658203,-51.91050720214844,0.59375,3.4308250460323726,3.164372640550285,1.87426210564306,1.4084372974818686,,,,,,,,,,,,,,,,,-43.81189727783203,3.207384451783385,1.8347188470829014,-0.6479948629598028,0.019884296043423334,0.057705505685018414,-1.0,0.0
VisualCogB_Task-1,88,73.0,VisualCogB_Task-1:q1_073,756.94140625,-1,left,unresolved_from_allowed_channels,target_locked,2.2,759.14140625,26,32,45,83,128.0,-153.04135131835938,-37.11978149414063,-135.37652587890625,0.2531249523162842,1.1393036160483057,1.3402252742417902,2.171575703111624,162.31349182128906,39.33527755737305,177.6109619140625,0.4874999523162842,2.2523344707447595,2.379422160714681,2.5540436673438696,-120.86956787109376,-29.34164810180664,-97.0161361694336,0.2921874523162842,2.476813706946173,2.561533656881192,2.248170213169725,1.2213083826394018,,,,,,,,,,,,,,,,,-37.199142456054695,1.9561505979130793,2.324596527875073,-0.8000179928483366,-0.3543578591809942,0.8359912099943508,-1.0,1.0
VisualCogB_Task-1,89,74.0,VisualCogB_Task-1:q1_074,765.12890625,-1,left,unresolved_from_allowed_channels,cue_locked,0.0,765.12890625,25,32,45,83,128.0,56.5516357421875,13.635575294494627,201.25091552734372,0.5859375,5.068636190138851,2.5295957904423942,1.3185867312864106,64.203369140625,15.540929794311523,155.16172790527344,0.5859375,5.000864690988488,2.171114561440161,1.8340172100620096,54.17012786865234,13.106115341186523,182.7978057861328,0.5859375,5.159867414882986,1.462619201253099,2.0677494528581173,-1.0669765891892953,,,,,,,,,,,,,,,,,58.30837758382162,5.076456098670108,1.7401177980688456,0.6638429055910426,1.605639545211017,-0.11037995595314716,-1.0,0.0
VisualCogB_Task-1,89,74.0,VisualCogB_Task-1:q1_074,765.12890625,-1,left,unresolved_from_allowed_channels,target_locked,2.2,767.32890625,26,32,45,83,128.0,-25.660362243652344,-6.209217071533203,-9.831562042236328,0.2531249523162842,3.36249172674681,2.345679389565861,1.2348866930111246,18.642423629760746,4.516522407531738,41.8869743347168,0.4328124523162842,3.3699734008420776,2.642033859625184,1.506286469703221,-6.405052185058594,-1.594260573387146,14.940107345581056,0.5968749523162842,2.9848183079230117,2.126949090930976,1.7748207021898377,-0.2187302986348851,,,,,,,,,,,,,,,,,-4.474330266316731,3.239094478503967,1.5053312883013945,-0.22257458560500584,1.493520223763789,-0.5280245554898075,-1.0,1.0
VisualCogB_Task-1,90,75.0,VisualCogB_Task-1:q1_075,773.5078125,1,right,unresolved_from_allowed_channels,cue_locked,0.0,773.5078125,25,32,45,83,128.0,6.184835433959961,1.5818976163864136,15.55394458770752,0.3046875,1.5944107522066269,1.0920506306189488,0.7978847268433293,3.661587715148926,0.9540001153945924,13.549842834472656,0.2734375,1.6489943583485625,1.9339947189746869,1.253351468487849,5.618583679199219,1.433974266052246,19.09552955627441,0.265625,1.0731490344958383,2.339773799600217,1.3408819438425044,1.247723168981268,,,,,,,,,,,,,,,,,5.155002276102702,1.4388513816836757,1.1307060463912275,-0.018965727161735182,-1.4805721492236326,-1.1931719194253068,1.0,0.0
VisualCogB_Task-1,90,75.0,VisualCogB_Task-1:q1_075,773.5078125,1,right,unresolved_from_allowed_channels,target_locked,2.2,775.7078125,26,32,45,83,128.0,-2.821691036224365,-0.6033377647399902,20.89876937866211,0.4484374523162842,3.841500162785292,1.66504672472062,2.638348059286662,-20.63099670410156,-4.903659820556641,4.680295944213867,0.4406249523162842,4.144814174023373,2.1132585202582663,3.0742843217408304,-22.071094512939453,-5.23449182510376,-0.1149425506591796,0.4328124523162842,3.347799883244359,2.443552171099216,2.540147297635848,0.7785054463785961,,,,,,,,,,,,,,,,,-15.174594084421793,3.778038073351008,2.750926559554447,-0.4113853497953257,2.2697833728600973,1.5457990431847752,1.0,1.0
VisualCogB_Task-1,92,76.0,VisualCogB_Task-1:q1_076,790.07421875,-1,left,unresolved_from_allowed_channels,cue_locked,0.0,790.07421875,25,32,45,83,128.0,9.461650848388672,2.3342888355255127,30.46139335632324,0.3515625,3.3358969585568063,2.4743510482550573,1.604149558880319,-4.356026649475098,-0.9834297299385072,22.889068603515625,0.3515625,3.5806664722428736,2.842522594170509,2.485272454883777,-1.4298893213272097,-0.2649871706962585,23.652347564697266,0.3515625,2.9403301224901512,2.579805085081697,2.9000228965103547,0.1054540368266399,,,,,,,,,,,,,,,,,1.2252449591954548,3.2856311844299437,2.329814970091484,-0.06944741727216544,0.08627028356357622,0.9373834929639856,-1.0,0.0
VisualCogB_Task-1,92,76.0,VisualCogB_Task-1:q1_076,790.07421875,-1,left,unresolved_from_allowed_channels,target_locked,2.2,792.27421875,26,32,45,83,128.0,-22.77703285217285,-5.528694152832031,-8.767857551574707,0.4484374523162842,2.90999757762337,2.534875763892769,1.137496422362346,17.806562423706055,4.285754203796387,27.92633628845215,0.4796874523162842,3.0821492741838137,2.560592795842901,1.331353281499423,-5.925424575805664,-1.4738105535507202,9.586029052734377,0.2531249523162842,3.409588207611665,2.35585377917116,1.297043355469717,-0.1790219847216092,,,,,,,,,,,,,,,,,-3.631965001424154,3.1339116864729495,1.2552976864438286,-0.20771068765861722,1.342021020222994,-0.944311929053931,-1.0,1.0
VisualCogB_Task-1,93,77.0,VisualCogB_Task-1:q1_077,798.30859375,1,right,unresolved_from_allowed_channels,cue_locked,0.0,798.30859375,25,32,45,83,128.0,-28.14490509033203,-6.7732930183410645,-11.682058334350586,0.328125,2.540240280475883,1.9453944674543724,2.4831059308509817,-28.48994827270508,-6.812534809112549,-14.565000534057615,0.578125,2.403028541884276,2.1967540474277207,2.750529330161124,-27.41537094116211,-6.544262409210205,-16.24542236328125,0.3515625,2.219714984902027,2.0050822492116542,2.377486273621649,0.0596877817572818,,,,,,,,,,,,,,,,,-28.016741434733074,2.387661269087395,2.537040511544585,-0.4450901799945944,-0.6755841425205658,1.3055781500146495,1.0,0.0
VisualCogB_Task-1,93,77.0,VisualCogB_Task-1:q1_077,798.30859375,1,right,unresolved_from_allowed_channels,target_locked,2.2,800.50859375,26,32,45,83,128.0,4.664862155914307,1.188780665397644,17.304655075073242,0.4562499523162842,2.6969975649217446,0.8615661277585315,1.7200482794541752,-1.5603684186935425,-0.3205554187297821,17.20522117614746,0.4640624523162842,3.5774710086079624,1.378479047330755,1.9596692976911303,1.2693480253219604,0.3623124659061432,19.919248580932617,0.4640624523162842,3.219499081809386,1.3523810261091154,2.032233121198264,0.4908148983505839,,,,,,,,,,,,,,,,,1.4579472541809082,3.164655885113031,1.9039835661145232,-0.11789699343769681,1.3863031838500903,0.1357018735312003,1.0,1.0
VisualCogB_Task-1,94,78.0,VisualCogB_Task-1:q1_078,806.625,-1,left,unresolved_from_allowed_channels,cue_locked,0.0,806.625,25,32,45,83,128.0,10.619932174682615,2.5614535808563232,27.38765525817871,0.4921875,3.4717954101009925,2.934859839395362,1.6947263175475442,2.209652900695801,0.5363184809684753,16.69802474975586,0.28125,3.233681100907575,2.427688545954102,1.857344109489079,4.758243560791016,1.1815800666809082,16.713253021240234,0.3671875,2.917975115193695,2.2739127909796126,1.4499208105319716,-0.6609470484157494,,,,,,,,,,,,,,,,,5.8626095453898115,3.2078172087340877,1.6673304125228652,-0.009875799207570183,0.020251455112650776,-0.23970728824428753,-1.0,0.0
VisualCogB_Task-1,94,78.0,VisualCogB_Task-1:q1_078,806.625,-1,left,unresolved_from_allowed_channels,target_locked,2.2,808.825,26,32,45,83,128.0,-21.222930908203125,-5.118030548095703,-1.904024124145508,0.3390624523162842,1.5416296575883013,2.720372065283842,2.2394820400757087,8.408919334411621,2.09193754196167,22.080080032348636,0.4484374523162842,2.10985028983835,2.708642344624318,2.473633717968872,-21.723201751708984,-5.258718967437744,-5.789644241333008,0.2843749523162842,2.177574447569282,2.353615390166928,2.706591381260054,-0.366756675116914,,,,,,,,,,,,,,,,,-11.512404441833496,1.943018131665311,2.4732357131015448,-0.3467644360700954,-0.37327310319235846,1.083464411863785,-1.0,1.0
VisualCogB_Task-1,95,79.0,VisualCogB_Task-1:q1_079,814.67578125,1,right,unresolved_from_allowed_channels,cue_locked,0.0,814.67578125,25,32,45,83,128.0,19.18095016479492,4.706194877624512,86.0575180053711,0.59375,4.178458143205697,1.6198619024275325,1.6321763941172849,3.7547662258148193,0.9801053404808044,73.6674575805664,0.59375,4.263434165752317,1.7538842931119651,1.502487938274248,7.884325504302978,1.9801081418991089,78.03128051757812,0.59375,4.2018676234114185,1.6144855160700289,1.8991059970155677,-0.0053763863575038,,,,,,,,,,,,,,,,,10.27334729830424,4.214586644123144,1.6779234431357002,0.04678456896402932,0.874413423450747,-0.22088577982273672,1.0,0.0
VisualCogB_Task-1,95,79.0,VisualCogB_Task-1:q1_079,814.67578125,1,right,unresolved_from_allowed_channels,target_locked,2.2,816.87578125,26,32,45,83,128.0,213.2281188964844,51.765663146972656,270.26666259765625,0.5812499523162842,1.7115263777987824,0.8431563175923208,1.894614596210299,-101.39094543457033,-24.5454158782959,-75.46665954589844,0.2843749523162842,1.097468517844295,-0.0145415575444957,1.8405235770774688,267.6175537109375,64.94588470458984,295.5267944335937,0.4562499523162842,1.9392900373626023,0.5575589860945317,1.4986476673453402,-0.2855973314977891,,,,,,,,,,,,,,,,,126.48490905761719,1.5827616443352266,1.744595280211036,2.088257602728256,-0.892165688633688,-0.12966778247786673,1.0,1.0
VisualCogB_Task-1,97,80.0,VisualCogB_Task-1:q1_080,831.2734375,1,right,unresolved_from_allowed_channels,cue_locked,0.0,831.2734375,25,32,45,83,128.0,16.399948120117188,4.033987522125244,35.06028747558594,0.59375,3.361890049397549,2.6340206294419635,1.3593145410708611,11.219947814941406,2.8166849613189697,33.61817932128906,0.59375,3.319064931020091,3.148829694655379,1.0192038109870647,-4.731626033782959,-1.057811260223389,32.90568542480469,0.59375,3.536343069521712,3.2722686099009195,1.3473231278899978,0.638247980458956,,,,,,,,,,,,,,,,,7.629423300425212,3.4057660166464507,1.241947159982641,0.012820702706379403,0.18819491610107886,-0.9955206869492462,1.0,0.0
VisualCogB_Task-1,97,80.0,VisualCogB_Task-1:q1_080,831.2734375,1,right,unresolved_from_allowed_channels,target_locked,2.2,833.4734375,26,32,45,83,128.0,13.418704986572266,3.2371959686279297,25.67410469055176,0.3546874523162842,2.4737323005338823,1.479811345190988,2.486864445153217,6.048332214355469,1.4494407176971436,20.86431121826172,0.3468749523162842,2.466599992624857,2.6438149762931324,2.7621778284693845,9.460086822509766,2.270649671554565,26.848047256469727,0.5031249523162842,3.026261586488962,2.3458542986573976,2.86638992875302,0.8660429534664096,,,,,,,,,,,,,,,,,9.642374674479166,2.6555312932159008,2.7051440674585407,0.026520753821209973,0.6529896000777368,1.4695745947577112,1.0,1.0
VisualCogB_Task-1,98,81.0,VisualCogB_Task-1:q1_081,839.6953125,1,right,unresolved_from_allowed_channels,cue_locked,0.0,839.6953125,25,32,45,83,128.0,-15.568225860595703,-3.7724626064300537,2.6716527938842773,0.546875,2.9218620122408194,1.919641807995405,2.376844091557797,-33.60729217529297,-8.098873138427734,-15.495124816894531,0.3125,2.977557571355539,2.8922982408364373,2.1664047133634723,-16.020523071289062,-3.862547397613525,-0.6547718048095703,0.5625,2.586229652447712,2.2477688218231275,1.9858246495193548,0.3281270138277226,,,,,,,,,,,,,,,,,-21.732013702392578,2.828549745348024,2.1763578181468746,-0.36435652337731267,-0.3015261353316276,0.6647235542517278,1.0,0.0
VisualCogB_Task-1,98,81.0,VisualCogB_Task-1:q1_081,839.6953125,1,right,unresolved_from_allowed_channels,target_locked,2.2,841.8953125,26,32,45,83,128.0,6.144988536834717,1.502539038658142,15.403754234313965,0.4484374523162842,1.804496517891236,1.0393257489678291,1.4431284838632026,21.22187042236328,5.153005123138428,38.6424560546875,0.4484374523162842,2.595062526215623,2.490213069967682,1.8814932962093065,6.011334896087647,1.439063549041748,23.72902107238769,0.4484374523162842,2.867768753006961,2.604906535564604,1.9576562195584235,1.5655807865967748,,,,,,,,,,,,,,,,,11.126064618428549,2.42244259903794,1.760759333210311,0.05270110197903566,0.31726214085692034,-0.1027558349666971,1.0,1.0
VisualCogB_Task-1,99,82.0,VisualCogB_Task-1:q1_082,847.90234375,1,right,unresolved_from_allowed_channels,cue_locked,0.0,847.90234375,25,32,45,83,128.0,142.9248504638672,34.638153076171875,203.58917236328125,0.5859375,4.405688634282496,1.8932209439287973,1.4757777715410398,-90.83899688720705,-22.007673263549805,-34.56718063354492,0.5859375,4.225853259514294,2.345400434883621,1.886062658561641,215.61322021484372,52.30731201171875,334.3330993652344,0.5859375,4.654880855305923,2.5478297719453966,1.9465089367111048,0.6546088280165991,,,,,,,,,,,,,,,,,89.23302459716795,4.428807583034238,1.7694497889379284,1.0611011384558684,1.0561624639039113,-0.0582633961752139,1.0,0.0
VisualCogB_Task-1,99,82.0,VisualCogB_Task-1:q1_082,847.90234375,1,right,unresolved_from_allowed_channels,target_locked,2.2,850.10234375,26,32,45,83,128.0,80.3868408203125,19.510297775268555,103.41778564453124,0.4484374523162842,2.1654816417573386,2.13746471570662,2.0082213834605844,-4.41387939453125,-1.063607931137085,12.597356796264648,0.4562499523162842,2.640635278733328,3.087374106780793,1.8752113194909716,34.90969467163086,8.450454711914062,62.92699813842773,0.4562499523162842,2.4323790277231567,3.051872659845876,1.9108480368863965,0.9144079441392564,,,,,,,,,,,,,,,,,36.96088536580404,2.412831982737941,1.9314269132793174,0.5085676423701616,0.3034195655946411,0.18139300795539884,1.0,1.0
VisualCogB_Task-2,0,0.0,VisualCogB_Task-2:q1_000,20.0546875,-1,left,unresolved_from_allowed_channels,cue_locked,0.0,20.0546875,25,32,45,83,128.0,-85.28642272949219,-20.5947208404541,-30.129638671875,0.2734375,2.3351539508633032,3.0321115734277115,1.428842818028793,-40.40989303588867,-9.771920204162598,-12.46332550048828,0.2890625,1.8307317412836703,2.623046355889849,1.3355963570367009,-64.75343322753906,-15.63181495666504,-21.3553466796875,0.25,1.9601597587380872,1.663762813495483,1.8785555964662608,-1.3683487599322286,,,,,,,,,,,,,,,,,-63.48324966430664,2.0420151502950206,1.5476649238439182,-0.9006931939622419,-0.9688367570698208,-0.4523268005688172,-1.0,0.0
VisualCogB_Task-2,0,0.0,VisualCogB_Task-2:q1_000,20.0546875,-1,left,unresolved_from_allowed_channels,target_locked,2.2,22.2546875,26,32,45,83,128.0,-13.571012496948242,-3.279969453811645,-2.30032730102539,0.2999999523162842,1.8289860943273344,1.8511534774427283,1.0597172868042084,14.27626609802246,3.44172739982605,26.937992095947266,0.4406249523162842,1.855980703568171,0.8262335618781497,1.7854406251915336,21.40625762939453,5.134457588195801,33.71756362915039,0.2843749523162842,2.797137021119759,1.028005733497818,2.0584553960985907,-0.8231477439449102,,,,,,,,,,,,,,,,,7.370503743489583,2.1607012730050883,1.6345377693647773,-0.013567387360516613,-0.0597349102956589,-0.3129053625103831,-1.0,1.0
VisualCogB_Task-2,2,1.0,VisualCogB_Task-2:q1_001,37.54296875,-1,left,unresolved_from_allowed_channels,cue_locked,0.0,37.54296875,25,32,45,83,128.0,-26.71598052978516,-6.43325138092041,-13.46775245666504,0.3125,2.1880953121966997,1.0809165677361967,0.9006066843995357,-8.478073120117188,-2.016846179962158,7.26400089263916,0.3203125,2.528804328397804,1.4938241782263184,1.023186172553036,-23.82972717285156,-5.73982048034668,-13.149229049682615,0.59375,2.322290578575384,0.0622961531747322,-0.7061755892502004,-1.0186204145614643,,,,,,,,,,,,,,,,,-19.674593607584637,2.346396739723296,0.4058724225674571,-0.33792689038032986,-0.7105937389437661,-2.4810434128289454,-1.0,0.0
VisualCogB_Task-2,2,1.0,VisualCogB_Task-2:q1_001,37.54296875,-1,left,unresolved_from_allowed_channels,target_locked,2.2,39.74296875,26,32,45,83,128.0,99.4624481201172,24.15913963317871,129.012939453125,0.4171874523162842,2.871147186785889,2.882350813302637,2.118605943549181,37.752197265625,9.189245223999023,60.60630035400391,0.4171874523162842,2.5181567773123814,2.012680391707134,2.3639892273705096,62.06340789794922,15.076684951782228,83.91791534423828,0.4171874523162842,2.42132928483209,2.3310188530971314,1.9973589373548788,-0.5513319602055056,,,,,,,,,,,,,,,,,66.42601776123047,2.60354441631012,2.1599847027581895,1.028492595541516,0.578110712631237,0.5619247492210477,-1.0,1.0
VisualCogB_Task-2,3,2.0,VisualCogB_Task-2:q1_002,46.37109375,1,right,unresolved_from_allowed_channels,cue_locked,0.0,46.37109375,25,32,45,83,128.0,100.652587890625,24.368141174316406,246.11227416992188,0.59375,4.189273555125521,0.8145938389679179,1.6601260301358287,74.49172973632812,18.034313201904297,205.51666259765625,0.59375,4.065098857556644,-0.0075236455776266,1.7648749375956954,103.58430480957033,25.06322479248047,264.896728515625,0.59375,4.414498144607383,1.060777629474641,2.3391574187619297,0.246183790506723,,,,,,,,,,,,,,,,,92.90954081217448,4.222956852429849,1.9213861288311513,1.1083296915915613,0.8815148643083477,0.21169439072809124,1.0,0.0
VisualCogB_Task-2,3,2.0,VisualCogB_Task-2:q1_002,46.37109375,1,right,unresolved_from_allowed_channels,target_locked,2.2,48.57109375,26,32,45,83,128.0,264.1243896484375,64.03880310058594,296.3936462402344,0.4796874523162842,0.4674979897624243,1.600105112492858,0.1508768224068387,149.57656860351562,36.28239440917969,182.41357421875,0.5734374523162842,0.8867980298261138,2.438433677744959,1.161284013504806,249.38421630859372,60.491172790527344,285.71197509765625,0.4640624523162842,1.695493631378703,1.8671596192796736,0.9049743127390744,0.2670545067868155,,,,,,,,,,,,,,,,,221.02839152018228,1.0165965503224137,0.7390450495502398,3.7565180752193226,-1.7076371089991662,-1.8038342201034778,1.0,1.0
VisualCogB_Task-2,4,3.0,VisualCogB_Task-2:q1_003,54.671875,-1,left,unresolved_from_allowed_channels,cue_locked,0.0,54.671875,25,32,45,83,128.0,-11.716461181640623,-2.821859121322632,-0.4688301086425781,0.546875,2.9471163366127664,2.4443820177107245,2.3344169623509328,-2.8806188106536865,-0.6454141139984131,12.006599426269531,0.546875,3.1768779865708114,3.310353624045808,1.9464154406142955,-15.21914005279541,-3.633367776870728,-3.729999542236328,0.4296875,2.962920614496072,3.1282163283049,2.41747365466471,0.6838343105941753,,,,,,,,,,,,,,,,,-9.938740015029907,3.0289716458932165,2.2327686858766462,-0.21286004670900924,-0.1314844564227043,0.7649533809036432,-1.0,0.0
VisualCogB_Task-2,4,3.0,VisualCogB_Task-2:q1_003,54.671875,-1,left,unresolved_from_allowed_channels,target_locked,2.2,56.871875,26,32,45,83,128.0,2.019212007522583,0.5215038061141968,14.142991065979004,0.5968749523162842,1.5936336938670956,1.7600572536709806,1.4365556150921426,23.82560157775879,5.80456018447876,44.16236877441406,0.5968749523162842,2.17202902686424,1.449991336508644,2.0697753168190776,24.990610122680664,6.075136661529541,41.47118377685547,0.5968749523162842,1.1938140989927526,0.9771499940532712,1.8830502515770635,-0.7829072596177095,,,,,,,,,,,,,,,,,16.945141235987347,1.6531589399080293,1.7964603944960948,0.15538121545289862,-0.7907695001054305,-0.043316219948164675,-1.0,1.0
VisualCogB_Task-2,5,4.0,VisualCogB_Task-2:q1_004,63.12890625,1,right,unresolved_from_allowed_channels,cue_locked,0.0,63.12890625,25,32,45,83,128.0,316.4437255859375,76.76566314697266,388.3459777832031,0.5625,2.726266281988005,2.685869584888008,0.9502350110125024,132.48001098632812,32.11700439453125,206.69537353515625,0.5625,3.758738662952919,2.906889333868896,1.9162343183336108,289.9716491699219,70.26922607421875,416.025634765625,0.5625,2.7550717981704134,2.5865007314045734,2.097203229848012,-0.0993688534834342,,,,,,,,,,,,,,,,,246.2984619140625,3.0800255810371127,1.654557519731375,3.0787648500488314,-0.08816934553332395,-0.2624019370213155,1.0,0.0
VisualCogB_Task-2,5,4.0,VisualCogB_Task-2:q1_004,63.12890625,1,right,unresolved_from_allowed_channels,target_locked,2.2,65.32890625,26,32,45,83,128.0,-20.62716293334961,-5.032218933105469,-1.3243656158447266,0.4953124523162842,2.193140480790191,0.6978434685093299,2.910552009150232,-35.138973236083984,-8.534926414489746,-19.95967674255371,0.4953124523162842,2.36522402170265,1.6924990337222003,2.778876045963336,-42.35936737060547,-10.277630805969238,-13.25160026550293,0.5656249523162842,2.4058027258023658,1.3625036918273443,2.841680964843773,0.6646602233180144,,,,,,,,,,,,,,,,,-32.70850118001302,2.321389076098402,2.843703006652447,-0.7207786931967347,0.1717104974301439,1.7002649357852366,1.0,1.0
VisualCogB_Task-2,7,5.0,VisualCogB_Task-2:q1_005,80.0703125,1,right,unresolved_from_allowed_channels,cue_locked,0.0,80.0703125,25,32,45,83,128.0,100.8389129638672,24.36803436279297,230.37815856933597,0.59375,3.867791316799795,1.972131894994442,2.613576122057503,26.15577888488769,6.292258739471436,97.25337982177734,0.59375,3.258087247462037,2.329133844688433,2.5274582722097976,42.352195739746094,10.232674598693848,140.04150390625,0.59375,3.5690084226465326,1.987142541623764,2.772098607712425,0.0150106466293218,,,,,,,,,,,,,,,,,56.44896252950033,3.564962328969455,2.6377110006599085,0.6399568467356856,0.3232600369779715,1.4844476848944888,1.0,0.0
VisualCogB_Task-2,7,5.0,VisualCogB_Task-2:q1_005,80.0703125,1,right,unresolved_from_allowed_channels,target_locked,2.2,82.2703125,26,32,45,83,128.0,65.45599365234375,15.925338745117188,76.37324523925781,0.3937499523162842,1.809880131041392,-1.0001364648765054,1.3407308747500124,31.577606201171875,7.736514568328857,48.78849792480469,0.3312499523162842,2.590986376945904,1.1651668039937335,2.026359399150499,38.74394989013672,9.456753730773926,51.40650177001953,0.3234374523162842,1.4919566814065612,1.825758775914212,2.299136645176391,2.825895240790717,,,,,,,,,,,,,,,,,45.25918324788412,1.964274396464619,1.8887423063589672,0.6549946829767102,-0.3426568101166074,0.11032630822192906,1.0,1.0
VisualCogB_Task-2,8,6.0,VisualCogB_Task-2:q1_006,88.3984375,1,right,unresolved_from_allowed_channels,cue_locked,0.0,88.3984375,25,32,45,83,128.0,30.56741714477539,7.355171203613281,44.36817932128906,0.4921875,1.729304197316765,1.1267731106845262,0.9050861817601686,42.009986877441406,10.151447296142578,59.71026611328125,0.5546875,1.9978897512556053,1.797783608075405,1.9915202163714028,58.332305908203125,14.130400657653809,83.72439575195312,0.5546875,2.1887441972229094,1.9571392943275585,1.618297990347308,0.8303661836430323,,,,,,,,,,,,,,,,,43.63656997680664,1.9719793819317601,1.50496812949296,0.4753687619612046,-1.0282564093322237,-0.5281897055127603,1.0,0.0
VisualCogB_Task-2,8,6.0,VisualCogB_Task-2:q1_006,88.3984375,1,right,unresolved_from_allowed_channels,target_locked,2.2,90.5984375,26,32,45,83,128.0,146.11444091796875,35.462867736816406,157.715576171875,0.4640624523162842,-0.1360821900222499,0.8968481236537448,1.6740751768771855,75.14816284179688,18.27359390258789,93.50267791748048,0.4093749523162842,2.110957624136067,1.9601090977577964,2.0850985012049126,100.24012756347656,24.34067153930664,124.31107330322266,0.5187499523162842,1.5394572790239882,1.7866077878135485,1.977944388596603,0.8897596641598037,,,,,,,,,,,,,,,,,107.16757710774739,1.1714442377126018,1.9123726888929005,1.7473949595659763,-1.4846034657885014,0.14966913977850665,1.0,1.0
VisualCogB_Task-2,10,7.0,VisualCogB_Task-2:q1_007,105.18359375,1,right,unresolved_from_allowed_channels,cue_locked,0.0,105.18359375,25,32,45,83,128.0,132.2877960205078,32.08196258544922,173.23910522460938,0.5703125,2.767660125964761,0.0229393664666852,1.866519646707955,38.9503173828125,9.44117832183838,57.19916534423828,0.5703125,2.4026953891620573,1.7004386156430615,2.4163151381526378,23.40953063964844,5.683402061462402,35.84770584106445,0.4140625,2.676914236058176,1.9661538581857667,2.518788229886173,1.9432144917190812,,,,,,,,,,,,,,,,,64.88254801432292,2.615756583728331,2.267207671582255,0.7482947451430355,-0.4820638228983187,0.8261439582916102,1.0,0.0
VisualCogB_Task-2,10,7.0,VisualCogB_Task-2:q1_007,105.18359375,1,right,unresolved_from_allowed_channels,target_locked,2.2,107.38359375,26,32,45,83,128.0,41.05698013305664,10.00110149383545,56.05222702026367,0.5421874523162842,1.5243492166525852,1.8378622877769435,1.2244012208271282,21.106464385986328,5.123453140258789,39.3111686706543,0.4640624523162842,1.7819452439079386,0.7009046688162139,1.276517933909495,24.188203811645508,5.837484836578369,43.33563995361328,0.4796874523162842,2.171593730565804,1.247644054223391,1.077187195387057,-0.5902182335535522,,,,,,,,,,,,,,,,,28.78388277689616,1.8259627303754424,1.1927021167078935,0.3642809094593712,-0.541872925683605,-1.0485289028067883,1.0,1.0
VisualCogB_Task-2,11,8.0,VisualCogB_Task-2:q1_008,113.79296875,1,right,unresolved_from_allowed_channels,cue_locked,0.0,113.79296875,25,32,45,83,128.0,-18.776798248291016,-4.461368560791016,-5.09636116027832,0.3046875,1.4656820798916173,0.353204430972204,0.9695906075218294,-10.897258758544922,-2.5806431770324707,2.1996726989746094,0.296875,2.9508213593916075,1.1943514214959303,2.478383633309232,-16.64642333984375,-3.9509572982788086,-1.1855697631835938,0.296875,2.792627129594001,1.6554548012245798,3.087244638857638,1.3022503702523758,,,,,,,,,,,,,,,,,-15.440160115559896,2.403043522959075,2.1784062932295662,-0.28353132798314545,-0.6625335514093715,0.6683632483514977,1.0,0.0
VisualCogB_Task-2,11,8.0,VisualCogB_Task-2:q1_008,113.79296875,1,right,unresolved_from_allowed_channels,target_locked,2.2,115.99296875,26,32,45,83,128.0,55.61199188232422,13.50025463104248,79.0103759765625,0.5968749523162842,2.394598441750066,1.916188520278538,2.672954163180936,48.24668884277344,11.67681884765625,64.6259536743164,0.4640624523162842,2.6863884051300304,2.871497958592512,2.7281327371353163,58.91730499267578,14.24618911743164,85.21697998046875,0.4640624523162842,2.563563894199635,2.631633261753561,2.435057847174309,0.7154447414750229,,,,,,,,,,,,,,,,,54.25866190592448,2.5481835803599107,2.6120482491635206,0.8137943604074662,0.49837216992991723,1.3145769728384233,1.0,1.0
VisualCogB_Task-2,12,9.0,VisualCogB_Task-2:q1_009,122.546875,1,right,unresolved_from_allowed_channels,cue_locked,0.0,122.546875,25,32,45,83,128.0,79.78868103027344,19.35908317565918,148.255126953125,0.5703125,4.043956014074129,2.611226534407885,0.9094590093406768,69.16954803466797,16.711584091186523,178.03330993652344,0.59375,4.315536149127386,3.404544462631461,1.5559670892557766,107.54376220703124,26.023944854736328,234.46481323242188,0.59375,4.490117288314341,3.0994015341525434,1.4067923971242449,0.4881749997446585,,,,,,,,,,,,,,,,,85.50066375732422,4.283203150505286,1.290739498573566,1.0131552048770536,0.9326289473747573,-0.9088273273941871,1.0,0.0
VisualCogB_Task-2,12,9.0,VisualCogB_Task-2:q1_009,122.546875,1,right,unresolved_from_allowed_channels,target_locked,2.2,124.746875,26,32,45,83,128.0,143.11322021484375,34.722679138183594,158.1863250732422,0.5812499523162842,2.7956290607403163,2.171767098660652,1.2034048671237316,96.56037139892578,23.46029663085937,127.42721557617188,0.5968749523162842,3.5179671612647194,2.359964930681551,2.142275223291328,184.3863067626953,44.72517395019531,216.3076171875,0.5890624523162842,1.3078642625754973,2.694671720672412,1.9943385796944448,0.5229046220117595,,,,,,,,,,,,,,,,,141.35329945882162,2.540486828193511,1.7800062233698348,2.350616755890573,0.4872862137526315,-0.07071119258959148,1.0,1.0
VisualCogB_Task-2,16,10.0,VisualCogB_Task-2:q1_010,157.0234375,-1,left,unresolved_from_allowed_channels,cue_locked,0.0,157.0234375,25,32,45,83,128.0,121.61965942382812,29.5830078125,257.9193420410156,0.59375,4.514170007254737,1.869714987214509,0.2001003105141433,31.27174186706543,7.715251922607422,151.11248779296875,0.59375,4.503060913006082,2.344285843407444,0.1828902546381675,101.2681655883789,24.64892578125,270.1500244140625,0.59375,4.719113005490914,2.0017808400509285,0.5941939867727873,0.1320658528364195,,,,,,,,,,,,,,,,,84.71985562642415,4.578781308583911,0.3257281839750327,1.0031249381401695,1.1834029701326312,-2.623442270789235,-1.0,0.0
VisualCogB_Task-2,16,10.0,VisualCogB_Task-2:q1_010,157.0234375,-1,left,unresolved_from_allowed_channels,target_locked,2.2,159.2234375,26,32,45,83,128.0,76.5950927734375,18.596349716186523,96.37523651123048,0.4484374523162842,2.3435655983634773,1.9031599326141928,1.5904500766890812,70.9761962890625,17.198081970214844,101.31330871582033,0.5265624523162842,2.001724943896636,2.2157932690422357,1.899376910838872,98.02760314941406,23.706642150878903,140.68719482421875,0.5109374523162842,2.0429624020938317,2.8454688276958198,1.398562248180825,0.9423088950816264,,,,,,,,,,,,,,,,,81.86629740397136,2.129417648117981,1.629463078569593,1.3009429807110309,-0.10479403225610377,-0.3213543457153716,-1.0,1.0
VisualCogB_Task-2,17,11.0,VisualCogB_Task-2:q1_011,165.5390625,1,right,unresolved_from_allowed_channels,cue_locked,0.0,165.5390625,25,32,45,83,128.0,-79.53941345214844,-19.262142181396484,-61.16867065429688,0.5859375,2.8126123934798164,1.0528852160788889,1.729587457061247,-37.645694732666016,-9.06073760986328,-17.97260284423828,0.3828125,3.139730581584924,0.2654831518402021,2.035740389996745,-88.18635559082031,-21.301666259765625,-68.91473388671875,0.375,2.921159936293365,1.142167024268666,2.3081832656748964,0.089281808189777,,,,,,,,,,,,,,,,,-68.45715459187825,2.957834303786035,2.024503704244296,-0.9645880116172982,-0.19183870439719655,0.3949118650264099,1.0,0.0
VisualCogB_Task-2,17,11.0,VisualCogB_Task-2:q1_011,165.5390625,1,right,unresolved_from_allowed_channels,target_locked,2.2,167.7390625,26,32,45,83,128.0,-156.34580993652344,-37.87468719482422,-123.00640869140624,0.2531249523162842,3.376413147960732,1.597215496901326,0.5763912489389351,-6.8204522132873535,-1.605931520462036,12.031700134277344,0.4484374523162842,3.565291836203977,2.1332196675250628,0.6229027318691727,-15.046680450439451,-3.606877565383911,2.858693122863769,0.5890624523162842,3.1777074445735543,1.4599175594197895,1.116909439302212,-0.1372979374815361,,,,,,,,,,,,,,,,,-59.40431420008341,3.3731374762460877,0.7720678067034399,-1.1918378131104723,1.6865879966002757,-1.748853782510203,1.0,1.0
VisualCogB_Task-2,18,12.0,VisualCogB_Task-2:q1_012,174.23046875,1,right,unresolved_from_allowed_channels,cue_locked,0.0,174.23046875,25,32,45,83,128.0,94.01448059082033,22.742799758911133,232.55892944335935,0.59375,3.6894029333024982,0.4303248553270654,1.3619812557817774,50.0054931640625,12.071244239807127,178.16226196289062,0.59375,4.083814448235063,1.774924676107154,0.695383774316759,92.9199676513672,22.471206665039062,280.7691345214844,0.59375,4.725696522472947,0.6831657999075882,1.1306291252883098,0.2528409445805228,,,,,,,,,,,,,,,,,78.97998046875,4.166304634670169,1.0626647184622822,0.9293904615261515,0.8334500660225048,-1.3140665409396128,1.0,0.0
VisualCogB_Task-2,18,12.0,VisualCogB_Task-2:q1_012,174.23046875,1,right,unresolved_from_allowed_channels,target_locked,2.2,176.43046875,26,32,45,83,128.0,-12.050561904907228,-2.974400997161865,78.27011108398438,0.5812499523162842,2.466850700042779,2.7165741488609862,1.740495922733908,-36.87256240844727,-8.988333702087402,3.9376728534698486,0.5734374523162842,2.1836709316086464,2.6720375334758635,1.0657351734134386,-71.24746704101562,-17.333280563354492,-9.581205368041992,0.5734374523162842,1.83020639033697,2.3112005037515764,1.707095116712302,-0.4053736451094099,,,,,,,,,,,,,,,,,-40.05686378479004,2.160242673996132,1.504442070953216,-0.8504437166523174,-0.06039544975520269,-0.5295050363197871,1.0,1.0
VisualCogB_Task-2,20,13.0,VisualCogB_Task-2:q1_013,191.41796875,1,right,unresolved_from_allowed_channels,cue_locked,0.0,191.41796875,25,32,45,83,128.0,-89.72218322753906,-21.73581314086914,-40.503326416015625,0.59375,2.865133540948165,2.0097305010044373,1.2098919631950722,12.880376815795898,3.105431318283081,111.33546447753906,0.59375,3.0467268260719416,3.2584639173644354,2.2869557787462487,-23.892940521240234,-5.803745269775391,85.53730773925781,0.59375,3.543590383420385,2.7538408724396684,1.9868662181050816,0.7441103714352311,,,,,,,,,,,,,,,,,-33.57824897766113,3.151816916813497,1.8279046533488008,-0.5165333449760571,-0.027260237130881788,0.04559816743216224,1.0,0.0
VisualCogB_Task-2,20,13.0,VisualCogB_Task-2:q1_013,191.41796875,1,right,unresolved_from_allowed_channels,target_locked,2.2,193.61796875,26,32,45,83,128.0,153.30223083496094,37.241458892822266,164.48416137695312,0.4093749523162842,1.0028422291527277,0.5569076066552915,2.3282711650882586,104.03768920898438,25.226985931396484,124.23131561279295,0.4562499523162842,0.0752521188616551,2.5311015068625062,2.4383517810928685,250.03384399414065,60.59538269042969,275.7738037109375,0.4562499523162842,1.39627076791867,2.772454203307911,1.5500151100064954,2.2155465966526195,,,,,,,,,,,,,,,,,169.1245880126953,0.8247883719776844,2.1055460187292074,2.840653104857468,-1.9839065033623438,0.47128838424310426,1.0,1.0
VisualCogB_Task-2,21,14.0,VisualCogB_Task-2:q1_014,199.765625,1,right,unresolved_from_allowed_channels,cue_locked,0.0,199.765625,25,32,45,83,128.0,-5.046763896942139,-1.2505600452423096,6.594108581542969,0.3125,3.211448900076548,1.4915518676469883,0.7032670178961847,30.93509292602539,7.484874725341797,42.67304992675781,0.3125,3.072161704484706,1.5137337303176748,0.6242853216901127,72.28070831298828,17.50324249267578,111.275390625,0.59375,3.3336489114442216,1.5339095915341494,0.7621298867929714,0.0423577238871608,,,,,,,,,,,,,,,,,32.72301244735718,3.2057531720018253,0.6965607421264229,0.33517312523989906,0.018500287848350495,-1.9645535758226806,1.0,0.0
VisualCogB_Task-2,21,14.0,VisualCogB_Task-2:q1_014,199.765625,1,right,unresolved_from_allowed_channels,target_locked,2.2,201.965625,26,32,45,83,128.0,115.82087707519533,28.06621360778809,124.14876556396484,0.4249999523162842,0.1522363349528224,1.6304046946628676,1.096122062552136,70.82023620605469,17.14993667602539,94.42432403564452,0.5109374523162842,1.0157896988414203,2.390367014545317,0.9714253604139196,309.349365234375,74.97442626953125,366.1719970703125,0.5109374523162842,0.9504194646584636,2.6781894071772614,0.8056903895595877,1.0477847125143938,,,,,,,,,,,,,,,,,165.33015950520834,0.7061484994842354,0.9577459375085476,2.773698779399442,-2.1547885064340884,-1.4397134876582087,1.0,1.0
VisualCogB_Task-2,23,15.0,VisualCogB_Task-2:q1_015,216.76953125,-1,left,unresolved_from_allowed_channels,cue_locked,0.0,216.76953125,25,32,45,83,128.0,-57.48529815673828,-14.045846939086914,-5.280586242675781,0.25,2.47634326253424,2.1932646539107203,2.0723739334619813,37.27180480957031,8.935894966125488,53.82746887207031,0.25,3.1514739466320214,0.703419695459323,2.4592571601393813,-10.256144523620604,-2.5364990234375,13.424041748046877,0.25,3.126904559796013,0.8323174450925954,2.4675068823773256,-1.360947208818125,,,,,,,,,,,,,,,,,-10.156545956929525,2.9182405896540913,2.3330459919928956,-0.21565798336934228,-0.22543075001158078,0.943124315222533,-1.0,0.0
VisualCogB_Task-2,23,15.0,VisualCogB_Task-2:q1_015,216.76953125,-1,left,unresolved_from_allowed_channels,target_locked,2.2,218.96953125,26,32,45,83,128.0,29.49713897705078,7.228951930999756,41.78364562988281,0.5968749523162842,2.8811658001544385,2.036257372317229,1.6302041451522538,23.038684844970703,5.586428642272949,43.95154571533203,0.5968749523162842,2.776480966789879,1.7741904331005844,2.3842848164240333,30.81363677978516,7.444272041320801,54.80518341064453,0.5968749523162842,2.268513532303365,1.7213298878044945,2.38351457396825,-0.3149274845127352,,,,,,,,,,,,,,,,,27.783153533935547,2.6420534330825607,2.1326678451815124,0.3466226109049665,0.6335768707119568,0.516444210564895,-1.0,1.0
VisualCogB_Task-2,24,16.0,VisualCogB_Task-2:q1_016,225.36328125,-1,left,unresolved_from_allowed_channels,cue_locked,0.0,225.36328125,25,32,45,83,128.0,-48.42334365844727,-11.947638511657717,-11.478271484375,0.4921875,4.7904586838095495,1.361869159922157,1.2216522367978773,116.75294494628906,28.055103302001957,235.70335388183597,0.5703125,4.609573326065765,0.9130250365609284,1.2258078619064454,21.791187286376957,5.022872447967529,108.54335021972656,0.5390625,4.737631048379303,0.7210932577863272,1.2093248044786582,-0.6407759021358299,,,,,,,,,,,,,,,,,30.040262858072918,4.712554352751539,1.2189283010609937,0.3007105051622001,1.2968985160841673,-1.0364201861467026,-1.0,0.0
VisualCogB_Task-2,24,16.0,VisualCogB_Task-2:q1_016,225.36328125,-1,left,unresolved_from_allowed_channels,target_locked,2.2,227.56328125,26,32,45,83,128.0,94.16605377197266,22.80156135559082,117.4584503173828,0.4796874523162842,1.6810541186370451,1.8863062785320417,1.5481796828273071,18.804540634155277,4.535043239593506,29.45688819885254,0.4640624523162842,1.5790373129313762,2.3253090718987903,1.5272701968584028,72.33908081054688,17.525588989257812,88.1015853881836,0.5265624523162842,0.9968363910439174,1.3209807217069054,1.1840407150543706,-0.5653255568251363,,,,,,,,,,,,,,,,,61.7698917388916,1.4189759408707794,1.4198301982466937,0.9463332462592363,-1.1280731326851383,-0.6703775190567481,-1.0,1.0
VisualCogB_Task-2,25,17.0,VisualCogB_Task-2:q1_017,233.8984375,1,right,unresolved_from_allowed_channels,cue_locked,0.0,233.8984375,25,32,45,83,128.0,282.842041015625,68.52507781982422,410.8072204589844,0.5625,4.647025421989831,2.710492868905119,1.4575241751708523,70.18600463867188,16.972015380859375,219.0137481689453,0.578125,4.592441045009474,2.2383021895914874,1.1894928300551753,147.97705078125,35.81198501586914,305.1353454589844,0.578125,4.606737270274965,2.0265407156969486,0.8482070332388049,-0.6839521532081703,,,,,,,,,,,,,,,,,167.00169881184897,4.61540124575809,1.1650746794882776,2.0601180739581983,1.214472007905939,-1.1321063433011767,1.0,0.0
VisualCogB_Task-2,25,17.0,VisualCogB_Task-2:q1_017,233.8984375,1,right,unresolved_from_allowed_channels,target_locked,2.2,236.0984375,26,32,45,83,128.0,79.95684814453125,19.388721466064453,125.8379135131836,0.5890624523162842,0.3406029926089431,-0.0410295779653918,1.5265493536232433,-9.192510604858398,-2.192115306854248,0.7334671020507812,0.4562499523162842,-0.4797404755061246,1.194589731448186,2.0218094297457845,7.221663475036621,1.801389217376709,19.95293426513672,0.4562499523162842,0.6612926922923283,1.163440268805768,0.976375498228814,1.20446984677116,,,,,,,,,,,,,,,,,25.995333671569824,0.17405173646504898,1.508244760532614,0.315075759333256,-2.921189875398226,-0.5231738406495788,1.0,1.0
VisualCogB_Task-2,26,18.0,VisualCogB_Task-2:q1_018,242.4609375,-1,left,unresolved_from_allowed_channels,cue_locked,0.0,242.4609375,25,32,45,83,128.0,-311.6596374511719,-75.55199432373047,-237.8165740966797,0.25,3.4368611217652973,1.946679805541334,2.7460500567238064,-117.66109466552734,-28.47804450988769,-80.114501953125,0.25,3.07605616620192,1.8547484584694136,2.4801472548518992,-225.76687622070312,-54.59404373168945,-135.3348388671875,0.25,3.0053079133117087,2.531685838645941,2.311672127245416,0.585006033104607,,,,,,,,,,,,,,,,,-218.36253611246744,3.172741733759642,2.5126231462737074,-2.89027359613168,-0.009507232121421067,1.2621938096049212,-1.0,0.0
VisualCogB_Task-2,26,18.0,VisualCogB_Task-2:q1_018,242.4609375,-1,left,unresolved_from_allowed_channels,target_locked,2.2,244.6609375,26,32,45,83,128.0,-82.14153289794922,-19.924747467041016,-63.20073699951172,0.2531249523162842,1.62886937407815,1.8562271359177245,1.1430995889590725,14.813396453857422,3.581576108932495,25.47350311279297,0.4171874523162842,2.4051836884052524,2.662078488787594,1.2386118243766666,-56.88116455078125,-13.786734580993652,-37.333106994628906,0.2531249523162842,2.2823112312727454,2.597434095782541,1.5572036145439858,0.7412069598648163,,,,,,,,,,,,,,,,,-41.40310033162435,2.105454764585383,1.3129716759599084,-0.8741986404102383,-0.13930878224162332,-0.848289020771825,-1.0,1.0
VisualCogB_Task-2,27,19.0,VisualCogB_Task-2:q1_019,251.15234375,-1,left,unresolved_from_allowed_channels,cue_locked,0.0,251.15234375,25,32,45,83,128.0,-48.02582931518555,-11.617523193359377,-30.014955520629883,0.375,3.567827685991201,2.7485300390469467,2.9581761552653925,-7.913932800292969,-1.9172327518463133,13.860569953918455,0.375,3.935087858468005,3.15918268498319,2.4669993917924145,-12.624027252197266,-3.053527355194092,8.90500545501709,0.375,4.09884530431511,3.684009973403727,2.203725810988067,0.9354799343567805,,,,,,,,,,,,,,,,,-22.854596455891926,3.8672536162581053,2.5429671193486243,-0.3787772293180213,0.5797296037781885,1.3161084413705337,-1.0,0.0
VisualCogB_Task-2,27,19.0,VisualCogB_Task-2:q1_019,251.15234375,-1,left,unresolved_from_allowed_channels,target_locked,2.2,253.35234375,26,32,45,83,128.0,-31.932435989379883,-7.742964267730713,-14.398759841918944,0.2609374523162842,1.418016545323795,0.8719396931554959,1.7069724689822543,-14.892538070678713,-3.560642719268799,-2.9382686614990234,0.4171874523162842,2.740010049861409,1.8026275412716977,1.8795660551832296,-22.72495651245117,-5.475393295288086,-11.066765785217283,0.4171874523162842,2.631868903351919,1.8546086893321947,1.4867089572981484,0.9826689961766988,,,,,,,,,,,,,,,,,-23.18331019083659,2.263298499512374,1.6910824938212106,-0.5527025952334188,0.08804019436941517,-0.21876259666611556,-1.0,1.0
VisualCogB_Task-2,28,20.0,VisualCogB_Task-2:q1_020,259.55859375,-1,left,unresolved_from_allowed_channels,cue_locked,0.0,259.55859375,25,32,45,83,128.0,-22.007566452026367,-5.313445091247559,13.913818359375,0.25,3.7125201278040434,1.5427187634922463,1.4257872370538731,92.15852355957033,22.3521728515625,197.8388214111328,0.59375,4.2182017097112885,2.8597694057241534,1.886738355685136,31.737319946289062,7.778961658477783,113.74488830566406,0.59375,4.432554090595565,3.134908025649424,2.0687491066662007,1.5921892621571778,,,,,,,,,,,,,,,,,33.96275901794434,4.121091976036966,1.7937582331350699,0.35109891839831847,0.7950908030826128,-0.01507258479240319,-1.0,0.0
VisualCogB_Task-2,28,20.0,VisualCogB_Task-2:q1_020,259.55859375,-1,left,unresolved_from_allowed_channels,target_locked,2.2,261.75859375,26,32,45,83,128.0,73.39359283447266,17.831947326660156,94.43279266357422,0.5890624523162842,2.563780271059773,2.2939040736559333,1.554639795254969,27.771472930908203,6.701801300048828,57.34660339355469,0.5734374523162842,1.359367363566684,1.836338513001744,1.1398055416288326,58.982906341552734,14.24951457977295,98.84002685546876,0.5734374523162842,1.7891156270900033,2.073584543721991,1.7338140366549546,-0.2203195299339424,,,,,,,,,,,,,,,,,53.38265736897787,1.9040877539054868,1.476086457846252,0.7983368830156268,-0.4293461652424361,-0.5767150257708161,-1.0,1.0
VisualCogB_Task-2,29,21.0,VisualCogB_Task-2:q1_021,268.09375,1,right,unresolved_from_allowed_channels,cue_locked,0.0,268.09375,25,32,45,83,128.0,-19.263675689697266,-4.617516040802002,-10.145538330078123,0.359375,1.3750630199476477,1.8681285705128856,0.7361307238582036,-1.8769739866256716,-0.4213210940361023,13.918270111083984,0.5234375,1.4223150164879872,1.7121781487589558,1.1986719294640855,74.6014404296875,18.098388671875,152.261474609375,0.59375,1.956554322863003,0.0756139385835823,1.18358264632026,-1.7925146319293035,,,,,,,,,,,,,,,,,17.820263584454853,1.5846441197662127,1.0394617665475163,0.1437323086139296,-1.3568788707503379,-1.3552931332935951,1.0,0.0
VisualCogB_Task-2,29,21.0,VisualCogB_Task-2:q1_021,268.09375,1,right,unresolved_from_allowed_channels,target_locked,2.2,270.29375,26,32,45,83,128.0,39.79638671875,9.662277221679688,56.91471099853516,0.5343749523162842,1.482439621631892,2.822687689690331,2.0960456796841376,11.144662857055664,2.7012927532196045,38.21609878540039,0.5812499523162842,2.3156483512182326,2.786778807661353,1.8074109582618227,10.979284286499023,2.650014638900757,43.33296203613281,0.5812499523162842,2.3457014625862227,2.941566631679308,1.8029440237723615,0.118878941988977,,,,,,,,,,,,,,,,,20.640111287434895,2.0479298118121156,1.902133553906107,0.22058055361255396,-0.22216439351216152,0.13262174063073578,1.0,1.0
VisualCogB_Task-2,30,22.0,VisualCogB_Task-2:q1_022,276.734375,1,right,unresolved_from_allowed_channels,cue_locked,0.0,276.734375,25,32,45,83,128.0,-15.424148559570312,-3.706723213195801,21.153854370117188,0.59375,3.447387605243325,1.058254572677476,1.6695191308685675,29.92207145690918,7.287444591522217,103.8112335205078,0.59375,3.545318271428671,2.212320832300896,1.5717982356755973,-8.542695999145508,-2.022567749023437,78.2018051147461,0.59375,4.032834716635612,2.788121448554425,1.6643892147454171,1.7298668758769484,,,,,,,,,,,,,,,,,1.9850756327311199,3.675180197769203,1.6352355270965273,-0.0596866271000093,0.41677093277075206,-0.296732909940179,1.0,0.0
VisualCogB_Task-2,30,22.0,VisualCogB_Task-2:q1_022,276.734375,1,right,unresolved_from_allowed_channels,target_locked,2.2,278.934375,26,32,45,83,128.0,15.931241035461426,3.8167009353637695,37.48395538330078,0.2843749523162842,1.291195524584799,1.8157391913774168,2.357269642145733,34.46648406982422,8.278809547424316,61.06864929199219,0.5109374523162842,3.026269433165458,2.0460475178510715,2.1712604745638746,41.812156677246094,10.005871772766112,66.46019744873047,0.5109374523162842,2.9653179450976337,2.7753036817408976,2.005141338459175,0.9595644903634808,,,,,,,,,,,,,,,,,30.736627260843914,2.427594300949297,2.177890485056261,0.39873792701988786,0.3246823540056647,0.5917365466318669,1.0,1.0
VisualCogB_Task-2,31,23.0,VisualCogB_Task-2:q1_023,285.33203125,1,right,unresolved_from_allowed_channels,cue_locked,0.0,285.33203125,25,32,45,83,128.0,-36.24860000610352,-8.76755142211914,12.354454040527344,0.59375,3.382925837559561,1.17013854503032,1.6151949688588312,79.37763977050781,19.26757431030273,189.1010284423828,0.59375,3.8054902834270017,1.481648695422026,1.9806246439249635,37.328758239746094,9.081966400146484,118.42054748535156,0.59375,4.008858860483005,1.7493541643000108,1.5200659515815618,0.5792156192696907,,,,,,,,,,,,,,,,,26.819266001383465,3.7324249938231895,1.7052951881217855,0.2593335569047348,0.46533848553489665,-0.17225215007149894,1.0,0.0
VisualCogB_Task-2,31,23.0,VisualCogB_Task-2:q1_023,285.33203125,1,right,unresolved_from_allowed_channels,target_locked,2.2,287.53203125,26,32,45,83,128.0,-351.528076171875,-85.23966979980469,-287.1181030273437,0.2531249523162842,3.0765826301550434,3.2264627600822946,2.440206039958552,-142.49237060546875,-34.548194885253906,-96.7066421508789,0.2531249523162842,3.262051113324097,3.173328597931845,2.655245317115825,-257.69097900390625,-62.45610809326172,-174.81971740722656,0.2531249523162842,3.042377022493325,3.0090984049765086,2.6924970191055007,-0.217364355105786,,,,,,,,,,,,,,,,,-250.57047526041666,3.1270035886574887,2.595982792059959,-4.565047069508348,1.332070996109586,1.2878291801695063,1.0,1.0
VisualCogB_Task-2,32,24.0,VisualCogB_Task-2:q1_024,293.70703125,1,right,unresolved_from_allowed_channels,cue_locked,0.0,293.70703125,25,32,45,83,128.0,-135.6610107421875,-32.989654541015625,16.74211883544922,0.59375,4.922516417423017,2.3461341028752245,0.9981406431690718,-99.4518585205078,-24.192161560058597,13.344825744628906,0.59375,4.635043659033168,2.508292014181324,1.0037015941855871,-250.85592651367188,-60.91730880737305,-62.83895111083984,0.59375,4.702690940501188,2.304214185165439,1.1034593486370632,-0.0419199177097855,,,,,,,,,,,,,,,,,-161.9895985921224,4.753417005652458,1.0351005286639074,-2.166106444569157,1.3315671530197704,-1.3630421032111626,1.0,0.0
VisualCogB_Task-2,32,24.0,VisualCogB_Task-2:q1_024,293.70703125,1,right,unresolved_from_allowed_channels,target_locked,2.2,295.90703125,26,32,45,83,128.0,-27.885334014892575,-6.771221160888672,-18.45099449157715,0.4874999523162842,1.4210932478310585,1.6456614631528443,0.9081942376876088,-11.744568824768066,-2.8082175254821777,-2.723682403564453,0.4562499523162842,2.664761482341369,1.6455475925145768,0.8487260576346954,-85.38978576660156,-20.678224563598636,-76.4815444946289,0.2843749523162842,2.569339870545997,1.3089959561197164,0.8929390511645158,-0.3366655070331279,,,,,,,,,,,,,,,,,-41.67322953542074,2.218398200239475,0.8832864488289399,-0.8789651865689059,0.02336840303132638,-1.5636830051513773,1.0,1.0
VisualCogB_Task-2,33,25.0,VisualCogB_Task-2:q1_025,302.22265625,1,right,unresolved_from_allowed_channels,cue_locked,0.0,302.22265625,25,32,45,83,128.0,-153.94265747070312,-37.251590728759766,-117.2933120727539,0.28125,1.855000707117879,1.9040700744603456,1.863941644889992,6.8468427658081055,1.7095892429351809,24.283348083496094,0.28125,1.5296273019629305,1.8756771670901653,1.9016781190554288,-106.15640258789062,-25.687664031982425,-66.69511413574219,0.25,1.238792590668066,1.5837530304021197,1.3867824719088688,-0.3203170440582261,,,,,,,,,,,,,,,,,-84.41740576426189,1.5411401999162917,1.7174674119514297,-1.16961351034275,-1.3937884078332463,-0.15062475922443933,1.0,0.0
VisualCogB_Task-2,33,25.0,VisualCogB_Task-2:q1_025,302.22265625,1,right,unresolved_from_allowed_channels,target_locked,2.2,304.42265625,26,32,45,83,128.0,21.98412132263184,5.36910343170166,31.149328231811523,0.3546874523162842,1.664821869535266,1.142461141049259,1.39878021551041,26.425220489501957,6.380249500274658,51.6202507019043,0.4953124523162842,2.2732720985284445,2.61903745769672,3.2957668007594214,64.9642105102539,15.71342945098877,93.6447296142578,0.4953124523162842,1.7153321145171636,3.1695876267348533,2.782960723046324,2.027126485685594,,,,,,,,,,,,,,,,,37.79118410746256,1.8844753608602913,2.492502579772052,0.5232186213164517,-0.457594720624004,1.1155423136477407,1.0,1.0
VisualCogB_Task-2,34,26.0,VisualCogB_Task-2:q1_026,310.8046875,-1,left,unresolved_from_allowed_channels,cue_locked,0.0,310.8046875,25,32,45,83,128.0,-75.97987365722656,-18.40165901184082,-29.88667297363281,0.25,4.116545276318129,3.364532507289061,1.4504755726234648,70.6981201171875,17.133163452148438,157.12637329101562,0.59375,4.366471763467175,3.1258987381456214,0.9879306217559086,61.32110595703125,14.869749069213867,160.7611083984375,0.59375,4.5632633693346,2.223290342939671,1.4265305994505664,-1.1412421643493906,,,,,,,,,,,,,,,,,18.679784138997395,4.348760136373301,1.2883122646099798,0.15477371569809786,0.9882487170250914,-0.9131399935382234,-1.0,0.0
VisualCogB_Task-2,34,26.0,VisualCogB_Task-2:q1_026,310.8046875,-1,left,unresolved_from_allowed_channels,target_locked,2.2,313.0046875,26,32,45,83,128.0,73.86383056640625,17.855998992919922,99.22019958496094,0.4953124523162842,3.062206948334799,0.7541328535389094,1.2321443219757282,15.320457458496094,3.635317802429199,41.4115104675293,0.4874999523162842,3.155160618062832,1.84949563210166,1.7496545690704184,3.662696838378906,0.8061447739601135,29.96419906616211,0.4874999523162842,3.0126998255634487,1.998001404765245,1.7048535892969945,1.2438685512263357,,,,,,,,,,,,,,,,,30.948994954427082,3.0766891306536928,1.5622174934477135,0.4024852464501741,1.25960096401618,-0.43331324966347623,-1.0,1.0
VisualCogB_Task-2,35,27.0,VisualCogB_Task-2:q1_027,319.46484375,1,right,unresolved_from_allowed_channels,cue_locked,0.0,319.46484375,25,32,45,83,128.0,151.0342559814453,36.553321838378906,357.1319580078125,0.59375,4.003891225431359,2.3768922105812207,1.0425212617260238,14.621260643005373,3.4822497367858887,170.2477264404297,0.59375,3.879506473708576,2.773189890510384,2.3186920057700338,131.8050079345703,31.87137985229492,372.24224853515625,0.59375,4.523655028112456,2.237166979798527,2.011707804930082,-0.1397252307826937,,,,,,,,,,,,,,,,,99.15350818634033,4.135684242417464,1.7909736908087133,1.188539740361277,0.8074711540705863,-0.020020110081547925,1.0,0.0
VisualCogB_Task-2,35,27.0,VisualCogB_Task-2:q1_027,319.46484375,1,right,unresolved_from_allowed_channels,target_locked,2.2,321.66484375,26,32,45,83,128.0,-34.19244384765625,-8.321067810058594,-22.99137687683105,0.4249999523162842,0.3913088081503033,2.587551388433363,1.2017102113789089,-31.98797416687012,-7.80556058883667,-23.556276321411133,0.4249999523162842,0.9257395981297336,2.5938808732899377,1.1599096073892432,-50.50575256347656,-12.299848556518556,-38.61752700805664,0.5968749523162842,0.1126642262327485,2.2737595310122622,1.7803485040230198,-0.3137918574211009,,,,,,,,,,,,,,,,,-38.89539019266764,0.4765708775042618,1.3806561075970574,-0.8299490148166069,-2.4854588205525725,-0.7355994699751284,1.0,1.0
VisualCogB_Task-2,36,28.0,VisualCogB_Task-2:q1_028,327.96484375,-1,left,unresolved_from_allowed_channels,cue_locked,0.0,327.96484375,25,32,45,83,128.0,1.60288405418396,0.3669106364250183,95.94346618652344,0.59375,2.888540823294099,1.8607303892921083,1.7657276774727748,-20.628183364868164,-5.017151832580566,64.22904205322266,0.59375,3.403280744332584,2.185315475001175,1.5893288671523738,-25.3013858795166,-6.162530899047852,98.1032485961914,0.59375,4.1167990713975176,1.8135754390409613,1.2924535554883942,-0.0471549502511472,,,,,,,,,,,,,,,,,-14.775561730066935,3.4695402130080666,1.5491700333711809,-0.2749938924524567,0.24230213387966318,-0.44965254872549604,-1.0,0.0
VisualCogB_Task-2,36,28.0,VisualCogB_Task-2:q1_028,327.96484375,-1,left,unresolved_from_allowed_channels,target_locked,2.2,330.16484375,26,32,45,83,128.0,-374.94476318359375,-90.90705871582033,-337.6636962890625,0.2531249523162842,2.641195785247288,1.228644466695218,0.4363599174830782,-190.2081451416016,-46.134090423583984,-163.21456909179688,0.2531249523162842,2.2491833986394227,0.9435994775621654,0.8950847523832196,-373.2445373535156,-90.5400848388672,-301.898681640625,0.2531249523162842,2.5420500102521384,-0.0923516024670509,1.0513746233988734,-1.3209960691622689,,,,,,,,,,,,,,,,,-312.7991485595703,2.477476398046283,0.7942730977550571,-5.6630988147637,0.39652963848266765,-1.7118836224099998,-1.0,1.0
VisualCogB_Task-2,37,29.0,VisualCogB_Task-2:q1_029,336.58984375,-1,left,unresolved_from_allowed_channels,cue_locked,0.0,336.58984375,25,32,45,83,128.0,348.9092712402344,84.26589965820312,523.8428344726562,0.59375,4.719985207285853,2.3117149408612105,1.7020752232440628,141.57119750976562,33.98235321044922,332.1107177734375,0.59375,4.704599183872798,2.042260488239493,2.367572042854238,165.97927856445312,39.86908721923828,398.5331115722656,0.59375,4.695539112914235,2.2348593676349675,2.1842675211832154,-0.076855573226243,,,,,,,,,,,,,,,,,218.81991577148438,4.706707834690962,2.084638262427172,2.7257752531883064,1.2919382211059862,0.5017578786586058,-1.0,0.0
VisualCogB_Task-2,37,29.0,VisualCogB_Task-2:q1_029,336.58984375,-1,left,unresolved_from_allowed_channels,target_locked,2.2,338.78984375,26,32,45,83,128.0,7.633302688598633,1.8357495069503784,20.781831741333008,0.5578124523162842,1.8280164142322104,1.9264930423771995,2.2089655501847023,-19.405183792114254,-4.754849433898926,-5.343211174011231,0.4796874523162842,2.0102140613497084,2.2875890662726373,1.726414068781326,-9.271005630493164,-2.317022562026977,7.393270492553711,0.4874999523162842,2.247667772770253,2.119360661495469,1.590377238921389,0.1928676191182698,,,,,,,,,,,,,,,,,-7.014295578002929,2.028632749450724,1.841918952629139,-0.2673933676153081,-0.2499587648344759,0.032368902493886714,-1.0,1.0
VisualCogB_Task-2,38,30.0,VisualCogB_Task-2:q1_030,345.359375,1,right,unresolved_from_allowed_channels,cue_locked,0.0,345.359375,25,32,45,83,128.0,-97.14376831054688,-23.43504905700684,-67.07323455810547,0.2890625,2.663484576381125,2.2453715437637034,2.63271716545897,-26.559444427490234,-6.366390705108643,-9.506965637207031,0.28125,2.0797137428502923,3.262065555559922,2.0665720605312643,-72.34754180908203,-17.476396560668945,-54.39335632324219,0.28125,1.6782241471864376,3.091959377162144,1.4679970897279708,0.8465878333984405,,,,,,,,,,,,,,,,,-65.35025151570638,2.1404741554726185,2.055762105239402,-0.9246767128661868,-0.8853023005131333,0.450451236059734,1.0,0.0
VisualCogB_Task-2,38,30.0,VisualCogB_Task-2:q1_030,345.359375,1,right,unresolved_from_allowed_channels,target_locked,2.2,347.559375,26,32,45,83,128.0,108.85443878173828,26.375072479248047,153.07191467285156,0.5890624523162842,1.723046258818063,0.200958786569903,2.255969049028943,54.926025390625,13.311957359313965,90.35276794433594,0.5890624523162842,1.9497139423182668,0.0942865881383912,1.957782094988435,90.92526245117188,22.042770385742188,140.41400146484375,0.5890624523162842,1.3978509418973226,0.5857239688489154,2.068432778238229,0.3847651822790123,,,,,,,,,,,,,,,,,84.90190887451172,1.690203714344551,2.0940613074185355,1.3545076526930275,-0.7374123519055003,0.45216719304262987,1.0,1.0
VisualCogB_Task-2,39,31.0,VisualCogB_Task-2:q1_031,354.0625,1,right,unresolved_from_allowed_channels,cue_locked,0.0,354.0625,25,32,45,83,128.0,-69.7821044921875,-17.141109466552734,12.403014183044434,0.4921875,5.364953379413875,3.1982506776771125,1.4186256952055265,-15.427743911743164,-3.8940696716308594,50.93695068359375,0.4609375,4.853207047803408,3.4198772704344487,3.050931839422371,-35.579341888427734,-8.746424674987793,35.15912628173828,0.46875,5.4396380749808095,3.049911180163741,3.341195388055327,-0.1483394975133714,,,,,,,,,,,,,,,,,-40.26306343078613,5.219266167399364,2.603584307561075,-0.6024065184202549,1.7268022713690085,1.4238119834568743,1.0,0.0
VisualCogB_Task-2,39,31.0,VisualCogB_Task-2:q1_031,354.0625,1,right,unresolved_from_allowed_channels,target_locked,2.2,356.2625,26,32,45,83,128.0,-21.348072052001957,-5.170408725738525,2.1940152645111084,0.5499999523162842,2.5958059033686487,1.3784794385379322,0.992955901853616,2.2762339115142822,0.5007370710372925,34.46574783325195,0.5656249523162842,3.943492395082537,2.3389672591893103,1.3938590500975652,-0.0641793757677078,-0.1080710664391517,27.99026298522949,0.5656249523162842,2.310591241310966,1.8939833642476185,1.4747457683515013,0.5155039257096863,,,,,,,,,,,,,,,,,-6.378672505418461,2.9499631799207173,1.2871869067675608,-0.25617752470603244,1.0770722420334604,-0.8912187460779228,1.0,1.0
VisualCogB_Task-2,40,32.0,VisualCogB_Task-2:q1_032,362.56640625,1,right,unresolved_from_allowed_channels,cue_locked,0.0,362.56640625,25,32,45,83,128.0,305.6592102050781,74.09471893310547,467.7418518066406,0.59375,4.494843901763203,1.7651197186785432,1.9621987340965723,100.48080444335938,24.39098358154297,231.96409606933597,0.59375,4.181452786742064,1.6638769105504456,1.1699543056309971,237.9298095703125,57.69950866699219,452.8660583496094,0.59375,4.581999710841291,2.010832929805852,1.4980335418937325,0.2457132111273083,,,,,,,,,,,,,,,,,214.68994140625,4.41943213311552,1.5433955272071007,2.672721573467986,1.048208157311824,-0.45991258859225936,1.0,0.0
VisualCogB_Task-2,40,32.0,VisualCogB_Task-2:q1_032,362.56640625,1,right,unresolved_from_allowed_channels,target_locked,2.2,364.76640625,26,32,45,83,128.0,-41.69799041748047,-10.11945629119873,-23.484943389892575,0.5031249523162842,2.2301537912827043,3.040106579881587,0.9221014144638116,-62.23819732666016,-15.072491645812988,-49.98969268798828,0.5031249523162842,2.490454090915428,3.318697080947372,1.7043140563800614,-96.43132781982422,-23.370067596435547,-79.01713562011719,0.5031249523162842,2.054490496122636,3.0772486299330666,2.025592071071836,0.0371420500514796,,,,,,,,,,,,,,,,,-66.78917185465495,2.2583661261069228,1.5506691806385697,-1.322146807439858,0.0809358893014218,-0.4525403326343243,1.0,1.0
VisualCogB_Task-2,41,33.0,VisualCogB_Task-2:q1_033,371.00390625,-1,left,unresolved_from_allowed_channels,cue_locked,0.0,371.00390625,25,32,45,83,128.0,-46.48521041870117,-11.264337539672852,13.023574829101562,0.59375,3.947849149771704,2.197997685318489,2.139705934804507,48.45131301879883,11.722541809082031,135.57559204101562,0.59375,4.144608861166116,2.849714330701087,2.8081609257452818,-18.729049682617188,-4.554362773895264,37.23150634765625,0.59375,3.99756901861906,2.470752652746487,2.7694403368233065,0.2727549674279981,,,,,,,,,,,,,,,,,-5.587649027506511,4.030009009852294,2.5724357324576985,-0.15696590130480678,0.7178143155933927,1.3684677491149888,-1.0,0.0
VisualCogB_Task-2,41,33.0,VisualCogB_Task-2:q1_033,371.00390625,-1,left,unresolved_from_allowed_channels,target_locked,2.2,373.20390625,26,32,45,83,128.0,208.84559631347656,50.654258728027344,236.58770751953125,0.4796874523162842,1.282004309729652,1.6109264298372354,1.124813829448405,81.4232177734375,19.714284896850582,122.65921020507812,0.5890624523162842,1.6490620630826225,2.094102007025275,1.365446331282429,116.66952514648438,28.26154518127441,165.77609252929688,0.5890624523162842,1.2295287674005877,2.1197074028667355,1.9656544682813455,0.5087809730295001,,,,,,,,,,,,,,,,,135.64611307779947,1.386865046737621,1.485304876337393,2.249910993836922,-1.1743238053685723,-0.561367043765269,-1.0,1.0
VisualCogB_Task-2,43,34.0,VisualCogB_Task-2:q1_034,387.7421875,1,right,unresolved_from_allowed_channels,cue_locked,0.0,387.7421875,25,32,45,83,128.0,-2.1257333755493164,-0.4961158037185669,83.47209930419922,0.59375,3.579644916545627,0.8699925909980554,1.4585471465413606,10.034695625305176,2.432936191558838,128.3317108154297,0.59375,4.137246081965862,1.9474348302454405,1.7908887376767335,15.150335311889648,3.62885332107544,162.71754455566406,0.59375,4.373347721502826,2.045354365694189,1.367407206087745,1.1753617746961336,,,,,,,,,,,,,,,,,7.686432520548503,4.030079573338106,1.538947696768613,0.01355304354873102,0.7178741829709819,-0.4678154146214971,1.0,0.0
VisualCogB_Task-2,43,34.0,VisualCogB_Task-2:q1_034,387.7421875,1,right,unresolved_from_allowed_channels,target_locked,2.2,389.9421875,26,32,45,83,128.0,18.876304626464844,4.538098812103272,27.342851638793945,0.4640624523162842,2.507440141858688,1.246332854703485,0.6719389466248626,14.190622329711914,3.3969225883483887,28.721025466918945,0.5968749523162842,2.084432637907461,2.704277508871645,1.6204079035721517,26.27899932861328,6.353903770446777,41.92914962768555,0.5968749523162842,1.390010305294198,2.808471002281789,2.4009678492672224,1.5621381475783038,,,,,,,,,,,,,,,,,19.781975428263348,1.993961028353449,1.5644382331547455,0.20543837673695708,-0.2998979044047278,-0.4296158830169864,1.0,1.0
VisualCogB_Task-2,44,35.0,VisualCogB_Task-2:q1_035,396.4765625,-1,left,unresolved_from_allowed_channels,cue_locked,0.0,396.4765625,25,32,45,83,128.0,332.2725524902344,80.56378936767578,448.98638916015625,0.59375,2.378441198436448,1.1401092440052885,1.6933687866406852,61.264793395996094,14.890334129333496,108.1725616455078,0.59375,1.83140615458829,1.1941688920150928,1.7161270517645428,295.34259033203125,71.58159637451172,436.86468505859375,0.59375,2.891112690601461,1.0336559595988206,1.2041513014464014,-0.1064532844064678,,,,,,,,,,,,,,,,,229.62664540608725,2.3669866812087332,1.537882379950543,2.8645985780216505,-0.6931248485216298,-0.46970825059977056,-1.0,0.0
VisualCogB_Task-2,44,35.0,VisualCogB_Task-2:q1_035,396.4765625,-1,left,unresolved_from_allowed_channels,target_locked,2.2,398.6765625,26,32,45,83,128.0,23.023487091064453,5.58840274810791,34.20732879638672,0.4406249523162842,0.9831862483147638,0.050895063358987,2.8089856754550437,-16.829275131225586,-4.07792329788208,-2.643345832824707,0.4406249523162842,3.018839849202034,1.740383941358023,2.993958774149972,-18.66893768310547,-4.533581256866455,-4.1248931884765625,0.4015624523162842,3.0590887737593166,2.0949595555818603,2.7311949390400576,2.044064492222873,,,,,,,,,,,,,,,,,-4.158241907755534,2.353704957092038,2.844713129548358,-0.21699707036368798,0.2182564213186372,1.701946715370827,-1.0,1.0
VisualCogB_Task-2,45,36.0,VisualCogB_Task-2:q1_036,404.98046875,-1,left,unresolved_from_allowed_channels,cue_locked,0.0,404.98046875,25,32,45,83,128.0,-15.5957612991333,-3.775010824203491,12.73772430419922,0.59375,2.8887405513973383,0.2551314674364679,2.3994525504367523,24.700603485107425,5.975841045379639,79.91255950927734,0.59375,3.1203712737977503,1.1967943278174673,2.276410680307232,-19.886463165283203,-4.828879833221436,29.34433364868164,0.59375,3.3938522551915105,0.8876418332548728,2.3707931364152155,0.6325103658184048,,,,,,,,,,,,,,,,,-3.593873659769693,3.1343213601288666,2.348885455719733,-0.13135384891906024,-0.04210379376819617,0.9712675927059665,-1.0,0.0
VisualCogB_Task-2,45,36.0,VisualCogB_Task-2:q1_036,404.98046875,-1,left,unresolved_from_allowed_channels,target_locked,2.2,407.18046875,26,32,45,83,128.0,59.26372528076172,14.369085311889648,88.2975845336914,0.5812499523162842,-0.6406140813127279,0.7011754909145904,-0.1041195783538849,36.07299041748047,8.768095016479492,63.9609375,0.5890624523162842,0.7180703770503862,2.656537238467736,1.2566440670721046,59.1629638671875,14.362967491149902,96.1370086669922,0.5890624523162842,1.2763435157579115,2.942859279820556,0.7860024542119024,2.241683788905965,,,,,,,,,,,,,,,,,51.49989318847656,0.4512666038318566,0.6461756476433741,0.7651146980533157,-2.5219056312287638,-1.9584548755556328,-1.0,1.0
VisualCogB_Task-2,46,37.0,VisualCogB_Task-2:q1_037,413.40234375,1,right,unresolved_from_allowed_channels,cue_locked,0.0,413.40234375,25,32,45,83,128.0,-12.3146333694458,-2.970773696899414,3.4485409259796143,0.4453125,2.5860834101463204,1.9923062708984045,1.1682087969673651,-3.043635368347168,-0.6517758965492249,9.447026252746582,0.3359375,2.483292523555272,1.8140930768650048,1.0740889278518218,8.655158042907715,2.2176144123077397,26.49553871154785,0.3359375,2.284970585608418,1.7492739328459346,1.6140236789229252,-0.2430323380524699,,,,,,,,,,,,,,,,,-2.234370231628418,2.4514488397700034,1.2854404679140374,-0.11388965832687686,-0.621465577718579,-0.918242550839641,1.0,0.0
VisualCogB_Task-2,46,37.0,VisualCogB_Task-2:q1_037,413.40234375,1,right,unresolved_from_allowed_channels,target_locked,2.2,415.60234375,26,32,45,83,128.0,19.471790313720703,4.703185558319092,40.33935928344727,0.5968749523162842,0.7444928552280569,1.3592662492380905,0.7225092325519263,21.84947204589844,5.287360668182373,35.4290771484375,0.5968749523162842,0.2575595656113887,0.4339039842641207,0.5571944036903549,24.816177368164062,5.997495651245117,40.78140258789063,0.5343749523162842,0.9333379344682596,1.0903109337142904,0.5984110389626576,-0.2689553155237998,,,,,,,,,,,,,,,,,22.045813242594402,0.6451301184359016,0.6260382250683129,0.24538477011499304,-2.2426758495219703,-1.991982188252182,1.0,1.0
VisualCogB_Task-2,47,38.0,VisualCogB_Task-2:q1_038,422.03125,-1,left,unresolved_from_allowed_channels,cue_locked,0.0,422.03125,25,32,45,83,128.0,-101.51145935058594,-24.628942489624023,-55.38520050048828,0.59375,3.36498050084772,3.1570419008649973,0.95674827578126,-85.5714340209961,-20.775590896606445,-52.42122650146485,0.59375,3.4062915373061244,3.538887765642436,0.7130589802414599,-135.36459350585938,-32.8399543762207,-80.3647232055664,0.59375,3.6908018041329096,3.135996855717772,-0.0806544122215014,-0.0210450451472254,,,,,,,,,,,,,,,,,-107.4824956258138,3.4873579474289182,0.5297176146004062,-1.4659078168004465,0.25741903211799594,-2.260997477910902,-1.0,0.0
VisualCogB_Task-2,47,38.0,VisualCogB_Task-2:q1_038,422.03125,-1,left,unresolved_from_allowed_channels,target_locked,2.2,424.23125,26,32,45,83,128.0,-44.34661102294922,-10.755953788757324,-31.36201858520508,0.2687499523162842,2.643254654236276,0.9671927753011256,1.2475067471514794,7.607935428619385,1.8421727418899536,14.763111114501951,0.2999999523162842,2.355411856415987,0.9430717665238064,0.9677583726173224,-29.482078552246094,-7.14452600479126,-20.79136085510254,0.2999999523162842,2.343118298463062,0.4775677191112317,0.9767363561717132,-0.4896250561898937,,,,,,,,,,,,,,,,,-22.07358471552531,2.447261603038442,1.0640004919801715,-0.5331210112092508,0.3530099971948949,-1.2628075474901514,-1.0,1.0
VisualCogB_Task-2,48,39.0,VisualCogB_Task-2:q1_039,430.83203125,1,right,unresolved_from_allowed_channels,cue_locked,0.0,430.83203125,25,32,45,83,128.0,-31.702770233154297,-7.817400932312012,13.862197875976562,0.53125,4.618319160904612,3.4186204030009004,1.9446977161493155,90.1678466796875,21.744876861572266,213.27456665039065,0.59375,4.714029615513103,2.262397975069079,2.432238193358932,65.22901916503906,15.687752723693848,186.83290100097656,0.59375,5.084738885056828,1.5545940979183348,1.3829268946136166,-1.8640263050825656,,,,,,,,,,,,,,,,,41.23136520385742,4.805695887158181,1.9199542680406214,0.4444714845446674,1.375921531251551,0.20915028593764592,1.0,0.0
VisualCogB_Task-2,48,39.0,VisualCogB_Task-2:q1_039,430.83203125,1,right,unresolved_from_allowed_channels,target_locked,2.2,433.03203125,26,32,45,83,128.0,68.10060119628906,16.52094268798828,82.3674087524414,0.4796874523162842,1.9520428802532956,0.922127570150899,0.5917272187689164,28.196720123291016,6.807157516479492,48.77240753173828,0.4953124523162842,3.371715025041918,2.6925315009982307,0.7384035391295326,57.591407775878906,13.929048538208008,82.59494018554688,0.4953124523162842,2.802542713559084,2.9236515041182587,1.3476098410208557,2.00152393396736,,,,,,,,,,,,,,,,,51.296243031819664,2.7087668729514327,0.8925801996397681,0.7615212033171571,0.7296670467801141,-1.5482096004295471,1.0,1.0
VisualCogB_Task-2,50,40.0,VisualCogB_Task-2:q1_040,448.00390625,-1,left,unresolved_from_allowed_channels,cue_locked,0.0,448.00390625,25,32,45,83,128.0,-135.04299926757812,-32.82197189331055,-89.15580749511719,0.25,3.524662747062099,1.726638938795237,1.6875681934447744,37.18688201904297,8.909204483032227,146.26821899414062,0.59375,4.021270409797719,1.4519724906190303,2.3553933418662583,-34.820030212402344,-8.548974990844727,41.70967102050781,0.59375,4.272312840190354,0.9591004010396056,2.649746288607408,-0.7675385377556313,,,,,,,,,,,,,,,,,-44.225382486979164,3.939415332350057,2.230902607972814,-0.6533064968623868,0.6409529497490931,0.7616377668677793,-1.0,0.0
VisualCogB_Task-2,50,40.0,VisualCogB_Task-2:q1_040,448.00390625,-1,left,unresolved_from_allowed_channels,target_locked,2.2,450.20390625,26,32,45,83,128.0,78.77604675292969,19.053123474121094,99.39573669433594,0.4953124523162842,1.8748060896054877,0.955687755532969,0.9755760816352724,25.634464263916016,6.180994033813477,39.24800109863281,0.4953124523162842,2.1085811717557714,1.274062463183065,1.110078248117658,67.02459716796875,16.219148635864258,84.23091125488281,0.4953124523162842,1.322564435630825,0.2310399784403113,0.5176471220030924,-0.7246477770926577,,,,,,,,,,,,,,,,,57.14503606160482,1.768650565664028,0.8677671505853409,0.8647256756850465,-0.6244220493503136,-1.5895214838893927,-1.0,1.0
VisualCogB_Task-2,51,41.0,VisualCogB_Task-2:q1_041,456.6328125,-1,left,unresolved_from_allowed_channels,cue_locked,0.0,456.6328125,25,32,45,83,128.0,10.115772247314451,2.464909553527832,102.28986358642578,0.59375,4.139379119174165,0.9367621105938208,1.4521203835163377,25.056102752685547,6.087301731109619,136.27182006835938,0.59375,4.177450223037232,1.3775017040549882,1.6347675188924622,4.04334020614624,0.9895975589752196,120.65715026855467,0.59375,4.48387668257739,0.7269258170173574,1.6481223954458355,-0.2098362935764633,,,,,,,,,,,,,,,,,13.071738402048746,4.266902008262928,1.5783367659515453,0.08273272074918685,0.9187987542297789,-0.39782961693624014,-1.0,0.0
VisualCogB_Task-2,51,41.0,VisualCogB_Task-2:q1_041,456.6328125,-1,left,unresolved_from_allowed_channels,target_locked,2.2,458.8328125,26,32,45,83,128.0,63.99384307861328,15.52480125427246,88.88741302490234,0.4640624523162842,1.5803522645142587,1.1554901191712277,2.41674082586825,42.05549621582031,10.187807083129885,65.50802612304688,0.5031249523162842,2.272886928652699,1.753824990217796,2.642618171559344,76.39424133300781,18.49785423278809,109.18962097167967,0.5031249523162842,2.58663608857376,1.721470114449675,2.828970186336184,0.5659799952784472,,,,,,,,,,,,,,,,,60.814526875813804,2.1466250939135723,2.6294430612545927,0.9294754217284907,-0.08000942364603097,1.343538042811566,-1.0,1.0
VisualCogB_Task-2,52,42.0,VisualCogB_Task-2:q1_042,465.2265625,1,right,unresolved_from_allowed_channels,cue_locked,0.0,465.2265625,25,32,45,83,128.0,-109.17665100097656,-26.49023056030273,-15.060089111328123,0.59375,4.30365671484779,1.650342573742959,1.7722989281351191,-4.5983052253723145,-1.164617896080017,134.48968505859375,0.59375,4.5770084540188405,0.7310660623426282,2.13230346064318,-56.61474609375,-13.779190063476562,108.30934143066406,0.59375,4.994118974975829,1.499571950336564,1.897438695848872,-0.150770623406395,,,,,,,,,,,,,,,,,-56.79656744003296,4.6249280479474875,1.9340136948757236,-0.8147960271167417,1.2225547245876576,0.23413082552547906,1.0,0.0
VisualCogB_Task-2,52,42.0,VisualCogB_Task-2:q1_042,465.2265625,1,right,unresolved_from_allowed_channels,target_locked,2.2,467.4265625,26,32,45,83,128.0,10.527307510375977,2.523486852645874,27.81870651245117,0.5968749523162842,1.860558405943628,1.959543467959125,1.7589525753794724,8.336967468261719,1.991332769393921,24.878477096557617,0.5421874523162842,2.4006093559924926,2.4652651964439367,1.835964075987614,2.180915355682373,0.4949938654899597,20.010927200317383,0.5968749523162842,1.937872532095868,2.377514488348805,1.3397037446939486,0.41797102038968,,,,,,,,,,,,,,,,,7.015063444773356,2.0663467646773297,1.644873465353678,-0.01983928453664915,-0.1956376809496589,-0.2956971964670536,1.0,1.0
VisualCogB_Task-2,54,43.0,VisualCogB_Task-2:q1_043,482.33984375,1,right,unresolved_from_allowed_channels,cue_locked,0.0,482.33984375,25,32,45,83,128.0,-0.5042383670806885,-0.1411540061235427,87.97041320800781,0.59375,3.8641536171702873,1.2808387464647584,1.2131582614487693,-13.35588836669922,-3.230236530303955,70.98502349853516,0.59375,4.014588587082422,1.2312748065718002,0.4044172917434843,68.1669921875,16.535968780517578,208.6568603515625,0.59375,4.493371606149794,0.8075892562506762,0.1026069442012217,-0.4732494902140821,,,,,,,,,,,,,,,,,18.102288484573364,4.124037936800835,0.5733941657978251,0.1473552024628588,0.7975902111459303,-2.183393758424765,1.0,0.0
VisualCogB_Task-2,54,43.0,VisualCogB_Task-2:q1_043,482.33984375,1,right,unresolved_from_allowed_channels,target_locked,2.2,484.53984375,26,32,45,83,128.0,16.623079299926758,4.051018714904785,45.11151123046875,0.4171874523162842,4.17130909908374,1.7961975580014953,2.4537539906482544,35.26114654541016,8.575811386108398,61.38412094116211,0.4640624523162842,4.312176084094614,2.091905448521162,1.7242956039269235,7.4399027824401855,1.8255531787872317,31.859840393066406,0.4249999523162842,3.93697743238316,1.925267524609773,1.5162862664924184,0.1290699666082777,,,,,,,,,,,,,,,,,19.77470954259237,4.140154205187172,1.8981119536891988,0.20531016705452518,2.791354482574266,0.12592607501065914,1.0,1.0
VisualCogB_Task-2,57,44.0,VisualCogB_Task-2:q1_044,507.58203125,-1,left,unresolved_from_allowed_channels,cue_locked,0.0,507.58203125,25,32,45,83,128.0,-97.44204711914062,-23.72946548461914,-63.303199768066406,0.25,4.8841944533795125,2.8559967202207206,2.535771922288905,30.939239501953125,7.306848049163818,133.1329803466797,0.59375,4.658727490735791,3.5281459229932093,3.234092091953809,-35.47945785522461,-8.837944984436035,63.79391479492188,0.5859375,5.240976140734011,3.49721385275112,3.178847944819471,0.6412171325303992,,,,,,,,,,,,,,,,,-33.99408849080404,4.927966028283104,2.9829039863540614,-0.5218752222843163,1.4796577996970488,2.0977804434565788,-1.0,0.0
VisualCogB_Task-2,57,44.0,VisualCogB_Task-2:q1_044,507.58203125,-1,left,unresolved_from_allowed_channels,target_locked,2.2,509.78203125,26,32,45,83,128.0,-3.2292582988739014,-0.7831584215164185,9.17637062072754,0.3703124523162842,1.29735048016177,2.438847877907619,1.9141447970951744,42.52747344970703,10.336098670959473,52.4564208984375,0.3624999523162842,1.1758767180999128,1.1627871913122765,1.7833094266973957,63.91444396972656,15.541954040527344,76.81537628173828,0.4328124523162842,0.9433313274585988,0.9041470519699462,1.5353186246842316,-1.5347008259376729,,,,,,,,,,,,,,,,,34.40421970685323,1.1388528419067605,1.7442576161589338,0.46345417553873014,-1.531546225260143,-0.13022996804153641,-1.0,1.0
VisualCogB_Task-2,59,45.0,VisualCogB_Task-2:q1_045,524.6796875,-1,left,unresolved_from_allowed_channels,cue_locked,0.0,524.6796875,25,32,45,83,128.0,-61.4495849609375,-14.904962539672852,-42.01699066162109,0.25,2.8450506043580304,2.597941032983116,1.259319023580978,-46.09361267089844,-11.151811599731444,-24.176755905151367,0.28125,2.770917706462359,2.504776312669057,1.869119317059075,-59.61708831787109,-14.42401123046875,-32.352684020996094,0.28125,2.9526366361493785,1.434885407812971,1.488108923093013,-1.163055625170145,,,,,,,,,,,,,,,,,-55.72009531656901,2.8562016489899222,1.5388490879110222,-0.8009676586535228,-0.27806574448858234,-0.4679906210861456,-1.0,0.0
VisualCogB_Task-2,59,45.0,VisualCogB_Task-2:q1_045,524.6796875,-1,left,unresolved_from_allowed_channels,target_locked,2.2,526.8796875,26,32,45,83,128.0,14.327392578125,3.453277826309204,22.042728424072266,0.4562499523162842,2.683163004186594,1.9749386932474904,2.2830916173089557,31.97447395324707,7.71042013168335,48.65550231933594,0.4562499523162842,3.234675235637608,2.1571454162675154,2.647986009763531,34.38209533691406,8.30269718170166,42.96694564819336,0.4484374523162842,2.8120447175899934,1.2226566778160397,2.700002102008248,-0.7522820154314507,,,,,,,,,,,,,,,,,26.89465395609538,2.909960985804732,2.5436932430269117,0.3309446531343433,1.0194553977623086,1.2007709653131693,-1.0,1.0
VisualCogB_Task-2,60,46.0,VisualCogB_Task-2:q1_046,533.1640625,-1,left,unresolved_from_allowed_channels,cue_locked,0.0,533.1640625,25,32,45,83,128.0,-19.29184913635254,-4.890863418579102,55.08808135986328,0.5703125,4.1886676498251765,2.4623628035605507,2.458578980958193,37.83794403076172,8.964993476867676,157.38308715820312,0.578125,3.7088355246831486,3.1494397201377637,2.35410481332607,-24.465999603271484,-6.1664719581604,95.6953125,0.5859375,4.308946098853504,3.3116669280180484,1.2662128461953892,0.8493041244574977,,,,,,,,,,,,,,,,,-1.9733015696207683,4.068816424453943,2.026298880159884,-0.11053596845999546,0.7507392500193645,0.3981015016703806,-1.0,0.0
VisualCogB_Task-2,60,46.0,VisualCogB_Task-2:q1_046,533.1640625,-1,left,unresolved_from_allowed_channels,target_locked,2.2,535.3640625,26,32,45,83,128.0,43.12332534790039,10.416227340698242,61.72456359863281,0.4640624523162842,2.953484401953137,3.2492193266725127,1.351826450747999,34.15083694458008,8.274858474731445,56.85855484008789,0.4640624523162842,2.7022318952317765,3.175571646737218,1.7470314373967943,48.53227615356445,11.774615287780762,71.77239990234375,0.5578124523162842,1.4392796650333255,2.572160264172343,1.6676657922053228,-0.6770590625001698,,,,,,,,,,,,,,,,,41.935479482014976,2.364998654072746,1.588841226783372,0.5963464983483865,0.234523208542766,-0.38898671138048785,-1.0,1.0
VisualCogB_Task-2,61,47.0,VisualCogB_Task-2:q1_047,541.55859375,1,right,unresolved_from_allowed_channels,cue_locked,0.0,541.55859375,25,32,45,83,128.0,-11.186397552490234,-2.709526777267456,77.6827621459961,0.59375,3.436562491927745,1.042860510181262,1.5927831004965476,-7.326387405395508,-1.791680932044983,100.19136810302734,0.59375,3.695318965524396,1.9864386800364329,1.5808008769238473,-4.366890907287598,-1.0826531648635864,146.14712524414062,0.59375,4.299372553788736,2.305010600829536,1.407502649493885,1.262150090648274,,,,,,,,,,,,,,,,,-7.626558621724446,3.810418003746959,1.5270288756380932,-0.18315774828112283,0.5315092099643243,-0.4889925640589045,1.0,0.0
VisualCogB_Task-2,61,47.0,VisualCogB_Task-2:q1_047,541.55859375,1,right,unresolved_from_allowed_channels,target_locked,2.2,543.75859375,26,32,45,83,128.0,5.996782302856445,1.4347946643829346,24.79244804382324,0.5343749523162842,0.9566021064196336,1.3896910569387726,2.519971397101902,6.379159927368164,1.5501210689544678,35.8493537902832,0.5499999523162842,0.9882978246910462,2.6718490158776715,2.589159256080032,8.761212348937988,2.1384472846984863,32.937286376953125,0.5968749523162842,1.2446174899961575,1.9584276447599849,2.5073180209483485,0.5687365878212121,,,,,,,,,,,,,,,,,7.045718193054199,1.0631724737022792,2.5388162247100943,-0.01929836829875467,-1.64055184571631,1.1926510921007338,1.0,1.0
VisualCogB_Task-2,62,48.0,VisualCogB_Task-2:q1_048,550.30859375,-1,left,unresolved_from_allowed_channels,cue_locked,0.0,550.30859375,25,32,45,83,128.0,28.18573760986328,6.868789196014404,151.1343231201172,0.59375,5.012898483898804,1.785281738469064,1.5741447751011397,41.24102020263672,9.98631477355957,210.04400634765625,0.59375,4.88779749588158,1.7183405304690254,1.7807446491163823,56.082664489746094,13.56633472442627,252.80172729492188,0.59375,5.3196060062446415,2.110540241236845,1.512240166660698,0.3252585027677814,,,,,,,,,,,,,,,,,41.836474100748696,5.0734339953416745,1.6223765302927398,0.45224471768670027,1.6030755363756293,-0.3195805467951063,-1.0,0.0
VisualCogB_Task-2,62,48.0,VisualCogB_Task-2:q1_048,550.30859375,-1,left,unresolved_from_allowed_channels,target_locked,2.2,552.50859375,26,32,45,83,128.0,-3.004819631576538,-0.7191758155822754,30.950180053710938,0.4640624523162842,3.217400353994436,1.4236842574758788,2.4969769563203434,-15.81199073791504,-3.848001003265381,4.930481910705566,0.5109374523162842,3.511456001704868,3.04874471221702,2.8903738575818227,-11.934955596923828,-2.9175257682800293,13.76051139831543,0.5109374523162842,3.264017829307848,3.197295517486573,2.9574275926743345,1.7736112600106944,,,,,,,,,,,,,,,,,-10.250588655471802,3.330958061669051,2.781592802192167,-0.32449915299480836,1.625835210038443,1.5968560591614076,-1.0,1.0
VisualCogB_Task-2,63,49.0,VisualCogB_Task-2:q1_049,559.08984375,-1,left,unresolved_from_allowed_channels,cue_locked,0.0,559.08984375,25,32,45,83,128.0,-167.52532958984375,-40.75894927978516,-100.41510772705078,0.25,5.445819464173735,2.349554165006031,0.072403558293346,-45.88613510131836,-11.289454460144045,12.540878295898438,0.5390625,5.470676113519183,1.8730957446177725,0.9787433972219522,-97.0948715209961,-23.71952438354492,-43.16594696044922,0.25,5.610394240370817,1.9283712757862037,1.37150791491763,-0.4211828892198275,,,,,,,,,,,,,,,,,-103.5021120707194,5.508963272687911,0.8075516234776426,-1.4147757816784745,1.9725866992400138,-1.7673469515412232,-1.0,0.0
VisualCogB_Task-2,63,49.0,VisualCogB_Task-2:q1_049,559.08984375,-1,left,unresolved_from_allowed_channels,target_locked,2.2,561.28984375,26,32,45,83,128.0,27.160324096679688,6.593262672424316,39.71697235107422,0.4406249523162842,2.038428352144177,1.856244774448093,1.205306175223799,63.187294006347656,15.348115921020508,84.57312774658203,0.4406249523162842,1.7556243581958235,2.462320180626689,1.7184613260181498,61.721588134765625,15.010083198547363,80.3566665649414,0.4406249523162842,1.5792982127663773,1.9947158762232424,0.915919661928592,0.1384711017751494,,,,,,,,,,,,,,,,,50.689735412597656,1.7911169743687927,1.2798957210568471,0.7508191151238925,-0.5920627350606706,-0.9033580286668698,-1.0,1.0
VisualCogB_Task-2,64,50.0,VisualCogB_Task-2:q1_050,567.546875,1,right,unresolved_from_allowed_channels,cue_locked,0.0,567.546875,25,32,45,83,128.0,-168.68515014648438,-40.73804473876953,-50.688385009765625,0.25,4.087063988821376,3.058524038348059,1.2259192638058611,-72.79918670654297,-17.537569046020508,-12.90203857421875,0.25,4.271323837710785,3.366149680409053,0.6907505077613926,-138.16326904296875,-33.31095504760742,-27.5003662109375,0.25,4.329624666056204,2.4984900524892457,0.4329638509471556,-0.5600339858588135,,,,,,,,,,,,,,,,,-126.54920196533203,4.229337497529454,0.7832112075048032,-1.710838860434369,0.8869283226295562,-1.8105945698065535,1.0,0.0
VisualCogB_Task-2,64,50.0,VisualCogB_Task-2:q1_050,567.546875,1,right,unresolved_from_allowed_channels,target_locked,2.2,569.746875,26,32,45,83,128.0,-12.493155479431152,-3.080628633499145,-1.621307373046875,0.2531249523162842,2.6279168364498187,2.941181792712817,1.3942843913286955,68.69429016113281,16.5718994140625,95.79408264160156,0.4874999523162842,3.1998350746338664,4.029902177216104,2.387635389917261,30.61873435974121,7.443803787231445,51.28132629394531,0.3234374523162842,2.642659982935873,3.1376062369024744,1.6882786506470029,0.196424444189657,,,,,,,,,,,,,,,,,28.939956347147625,2.8234706313398523,1.8233994772976532,0.36703489483487467,0.8948796989966181,0.0015353517700860417,1.0,1.0
VisualCogB_Task-2,66,51.0,VisualCogB_Task-2:q1_051,584.58203125,1,right,unresolved_from_allowed_channels,cue_locked,0.0,584.58203125,25,32,45,83,128.0,-48.91432189941406,-11.91071891784668,-1.6897850036621094,0.53125,3.609136635650932,4.121288232738253,2.700190943190788,-39.393333435058594,-9.595187187194824,-12.643747329711914,0.25,3.4144343239652883,3.8724446037358016,2.618226572510232,75.32979583740234,18.20199966430664,167.582763671875,0.59375,2.8451238285833163,3.0322654909131925,2.46317825018741,-1.0890227418250609,,,,,,,,,,,,,,,,,-4.3259531656901045,3.289564929399846,2.593865255296143,-0.14075814739700196,0.08960774617251335,1.4065433442222943,1.0,0.0
VisualCogB_Task-2,66,51.0,VisualCogB_Task-2:q1_051,584.58203125,1,right,unresolved_from_allowed_channels,target_locked,2.2,586.78203125,26,32,45,83,128.0,-30.790292739868164,-7.488058090209961,-20.881446838378903,0.4874999523162842,1.3031350412079603,1.4510040332849057,1.3630247052484306,-15.324625968933104,-3.759119749069214,-4.295377731323242,0.4874999523162842,2.422957268289269,1.9427166515650427,1.712618319098707,-35.458980560302734,-8.638047218322754,-21.09615135192871,0.4874999523162842,2.33663362292153,1.4911930343396789,1.6042373115530684,0.0401890010547731,,,,,,,,,,,,,,,,,-27.191299756368,2.0209086441395865,1.5599601119667355,-0.6234252975516901,-0.2610841188976909,-0.4370716221416841,1.0,1.0
VisualCogB_Task-2,67,52.0,VisualCogB_Task-2:q1_052,593.06640625,1,right,unresolved_from_allowed_channels,cue_locked,0.0,593.06640625,25,32,45,83,128.0,344.2393493652344,83.45963287353516,556.1869506835938,0.59375,4.495892003384599,1.4054972998659665,0.1903948835149365,130.29595947265625,31.598573684692383,299.2030334472656,0.59375,4.315420516074476,0.9008912917910732,0.8713475314956272,293.3797302246094,71.10591888427734,521.1649780273438,0.59375,4.661245732435848,0.8453194717471119,1.5388424942326746,-0.5601778281188544,,,,,,,,,,,,,,,,,255.9716796875,4.490852750631642,0.8668616364144128,3.203027073547582,1.1088027414272208,-1.6619659752397726,1.0,0.0
VisualCogB_Task-2,67,52.0,VisualCogB_Task-2:q1_052,593.06640625,1,right,unresolved_from_allowed_channels,target_locked,2.2,595.26640625,26,32,45,83,128.0,-21.504880905151367,-5.185653209686279,6.627773284912109,0.5968749523162842,1.0440475509728375,1.109754683501945,1.832160349454664,-41.86714172363281,-10.090794563293455,-18.36726951599121,0.4640624523162842,3.248582462084442,0.8018012328754875,2.8552330639576398,-33.863792419433594,-8.137392044067383,-11.874643325805664,0.4562499523162842,3.16959978006651,2.285981293980009,2.159019438849713,1.176226610478064,,,,,,,,,,,,,,,,,-32.41193834940592,2.487409931041263,2.282137617420672,-0.7155457143067537,0.4108373242554692,0.7653002781110205,1.0,1.0
VisualCogB_Task-2,68,53.0,VisualCogB_Task-2:q1_053,601.7109375,-1,left,unresolved_from_allowed_channels,cue_locked,0.0,601.7109375,25,32,45,83,128.0,-108.45187377929688,-26.180566787719727,-76.5439682006836,0.2734375,1.600145733998839,0.942160103992428,0.74805908874714,-25.645488739013672,-6.124686241149902,-3.9692611694335938,0.3203125,1.5669532271563984,2.3560681096060354,0.8805819513543377,-64.95667266845703,-15.664294242858888,-37.74809265136719,0.25,1.8218657903935007,2.167140168339274,0.5367942026272537,1.224980064346846,,,,,,,,,,,,,,,,,-66.35134506225586,1.662988250516246,0.7218117475762438,-0.9375367676006191,-1.2904102488624218,-1.9196880383672728,-1.0,0.0
VisualCogB_Task-2,68,53.0,VisualCogB_Task-2:q1_053,601.7109375,-1,left,unresolved_from_allowed_channels,target_locked,2.2,603.9109375,26,32,45,83,128.0,-76.98802185058594,-18.59664535522461,-51.407997131347656,0.2765624523162842,3.170812972267949,3.14198630694296,2.587043312762398,-36.17144775390625,-8.685462951660156,-13.007378578186035,0.5734374523162842,3.324220083765173,3.7280654469665446,0.4335607102437367,-79.8726577758789,-19.30630111694336,-47.84286117553711,0.2843749523162842,2.504052506653336,4.21423899318293,1.1881707520767626,1.07225268623997,,,,,,,,,,,,,,,,,-64.3440424601237,2.999695187562153,1.4029249250276326,-1.2790014460381596,1.1487033463488927,-0.698523543172962,-1.0,1.0
VisualCogB_Task-2,69,54.0,VisualCogB_Task-2:q1_054,610.2890625,-1,left,unresolved_from_allowed_channels,cue_locked,0.0,610.2890625,25,32,45,83,128.0,1.060919165611267,0.5327460765838623,85.12806701660156,0.3125,5.173066830455232,2.964632327739384,1.4739824360778866,39.06855010986328,9.702347755432127,105.60990142822266,0.3125,4.888623786063574,2.6692683951537792,1.7483627913660509,19.888931274414062,5.093807220458984,98.03858184814452,0.3125,5.030804879273501,2.741861078854182,1.7491033756221246,-0.2227712488852016,,,,,,,,,,,,,,,,,20.006133516629536,5.030831831930769,1.657149534355354,0.1718120091244418,1.5669310662761191,-0.25779649153011774,-1.0,0.0
VisualCogB_Task-2,69,54.0,VisualCogB_Task-2:q1_054,610.2890625,-1,left,unresolved_from_allowed_channels,target_locked,2.2,612.4890625,26,32,45,83,128.0,-14.820491790771484,-3.599090099334717,-6.616548538208008,0.2843749523162842,1.6631935435458007,0.9090661879173172,0.9818752909849988,8.908238410949707,2.1445462703704834,22.129621505737305,0.5265624523162842,2.0986144485591582,1.3194509304002486,1.1070685364401018,3.862079620361328,0.9177404642105104,13.858165740966797,0.5343749523162842,1.5632747045075386,0.8868973335848129,0.9200177872398404,-0.0221688543325041,,,,,,,,,,,,,,,,,-0.683391253153483,1.7750275655374992,1.0029872048883137,-0.15568183377741518,-0.6152369879618904,-1.3643901381791108,-1.0,1.0
VisualCogB_Task-2,70,55.0,VisualCogB_Task-2:q1_055,618.68359375,1,right,unresolved_from_allowed_channels,cue_locked,0.0,618.68359375,25,32,45,83,128.0,-26.99567985534668,-6.527116775512695,70.46453857421875,0.59375,3.969601395066755,1.4774835900896386,1.2096256186133356,15.346537590026855,3.729705810546875,142.141357421875,0.59375,4.064615298619216,1.773839279303847,1.351584050005098,2.4083945751190186,0.6072955131530762,140.59231567382812,0.59375,4.365278300925605,2.437003318088835,1.4593509943447074,0.9595197279991964,,,,,,,,,,,,,,,,,-3.080249230066935,4.133164998203859,1.3401868876543803,-0.12475582588546306,0.8053337802880918,-0.8209700857771757,1.0,0.0
VisualCogB_Task-2,70,55.0,VisualCogB_Task-2:q1_055,618.68359375,1,right,unresolved_from_allowed_channels,target_locked,2.2,620.88359375,26,32,45,83,128.0,38.22296905517578,9.227914810180664,50.96387481689453,0.4640624523162842,2.1719980020270566,1.0419748843963654,2.610600177218278,20.82248878479004,4.97468376159668,39.05121994018555,0.5890624523162842,2.7449040264142703,2.666027200120764,2.6890542318170256,32.49214172363281,7.808506011962891,55.58977508544922,0.5890624523162842,1.8111273053166927,2.345202570160719,2.3182365132280283,1.3032276857643537,,,,,,,,,,,,,,,,,30.51253318786621,2.2426764445860066,2.5392969740877773,0.3947836905740677,0.058337380473793526,1.1934515041025264,1.0,1.0
VisualCogB_Task-2,71,56.0,VisualCogB_Task-2:q1_056,627.40234375,1,right,unresolved_from_allowed_channels,cue_locked,0.0,627.40234375,25,32,45,83,128.0,-285.9869384765625,-69.27926635742188,-207.749755859375,0.59375,3.4697885741529904,0.7515071564515093,1.042691540844207,-199.60052490234372,-48.33684921264648,-178.76821899414062,0.59375,3.208922428093875,0.99093860275333,0.7167404965312423,-310.0118103027344,-75.14763641357422,-230.0570373535156,0.59375,3.6807422292904857,0.8050137389120439,1.026782810960173,0.0535065824605345,,,,,,,,,,,,,,,,,-265.1997578938802,3.453151077179117,0.9287382827785408,-3.49194487629704,0.22839728533446846,-1.5520246503059376,1.0,0.0
VisualCogB_Task-2,71,56.0,VisualCogB_Task-2:q1_056,627.40234375,1,right,unresolved_from_allowed_channels,target_locked,2.2,629.60234375,26,32,45,83,128.0,-79.26092529296875,-19.14064598083496,-64.74152374267578,0.4328124523162842,2.7681229999936856,2.389583189059705,1.3161123230598444,-37.256141662597656,-9.005274772644043,-23.70907974243164,0.4093749523162842,2.446935397085974,2.305085324133986,1.4125844134250192,-59.91342926025391,-14.527446746826172,-50.09964370727539,0.4015624523162842,1.8324826771121685,2.3055738047853973,1.454838430934975,-0.0840093842743079,,,,,,,,,,,,,,,,,-58.81016540527344,2.349180358063943,1.3945117224732797,-1.1813538016974998,0.21173945085358506,-0.7125309004585225,1.0,1.0
VisualCogB_Task-2,72,57.0,VisualCogB_Task-2:q1_057,635.828125,1,right,unresolved_from_allowed_channels,cue_locked,0.0,635.828125,25,32,45,83,128.0,104.15431213378906,25.314672470092773,201.23971557617188,0.59375,3.8185094510153816,1.4980594379929957,2.47864181345027,45.08369445800781,10.93753147125244,133.71681213378906,0.5859375,3.24475084200606,3.1529479163225376,2.6689754009417936,61.34571838378906,14.85651683807373,174.68215942382812,0.5859375,3.49209139499058,3.723891471490777,2.697103162184064,2.225832033497781,,,,,,,,,,,,,,,,,70.19457499186198,3.5184505626706737,2.6149067921920426,0.8165330810282185,0.28379858686223963,1.4439295728062742,1.0,0.0
VisualCogB_Task-2,72,57.0,VisualCogB_Task-2:q1_057,635.828125,1,right,unresolved_from_allowed_channels,target_locked,2.2,638.028125,26,32,45,83,128.0,-24.81412124633789,-5.982301712036133,-10.671546936035156,0.2921874523162842,1.5645774675510562,1.8951292538439688,1.4614840002208704,-49.758766174316406,-12.04367733001709,-26.23563766479492,0.3234374523162842,2.5037418241868945,2.342411885026989,1.3429895987028682,-41.88642501831055,-10.141119003295898,-15.344231605529783,0.3312499523162842,2.357082108077271,2.269236441996735,1.6877812854822956,0.3741071881527662,,,,,,,,,,,,,,,,,-38.81977081298828,2.141800466605074,1.4974182948020116,-0.8286146782892494,-0.08695853747448974,-0.5411991018564378,1.0,1.0
VisualCogB_Task-2,73,58.0,VisualCogB_Task-2:q1_058,644.390625,-1,left,unresolved_from_allowed_channels,cue_locked,0.0,644.390625,25,32,45,83,128.0,-218.46917724609372,-52.94614410400391,-169.29010009765625,0.25,3.788042753108824,2.7664561626106345,1.3595268599945427,-142.19601440429688,-34.44408416748047,-98.26494598388672,0.25,3.977772191075759,2.0940828106277354,1.2802745686825645,-224.64881896972656,-54.45589065551758,-161.06919860839844,0.25,3.899587471563653,2.1189623309378933,1.3172888592921252,-0.6474938316727412,,,,,,,,,,,,,,,,,-195.10467020670572,3.8884674719160786,1.319030095989744,-2.5915028872552783,0.5977278346222271,-0.8585610969847206,-1.0,0.0
VisualCogB_Task-2,73,58.0,VisualCogB_Task-2:q1_058,644.390625,-1,left,unresolved_from_allowed_channels,target_locked,2.2,646.590625,26,32,45,83,128.0,-22.12313842773437,-5.420610904693604,-2.760122299194336,0.5187499523162842,1.5228248756444904,2.420402775062992,1.452027221096697,15.823015213012695,3.8425350189208975,39.86508560180664,0.5734374523162842,0.4706663162618596,0.8079215217244707,2.4286581344307714,0.0408540070056915,0.0307771787047386,21.72720718383789,0.5734374523162842,1.927643063786701,2.0273544715366683,2.7309785016637464,-0.3930483035263235,,,,,,,,,,,,,,,,,-2.0864230692386614,1.3070447518976838,2.203887952397072,-0.18043893452573,-1.2892923364480275,0.6350203985550588,-1.0,1.0
VisualCogB_Task-2,74,59.0,VisualCogB_Task-2:q1_059,652.97265625,-1,left,unresolved_from_allowed_channels,cue_locked,0.0,652.97265625,25,32,45,83,128.0,-127.99761199951172,-30.92166519165039,-64.25957489013672,0.265625,4.696309632494778,1.8553546051981504,2.03927055148516,-28.405563354492188,-6.823145389556885,14.05744171142578,0.59375,4.063601220768465,1.4845964217059295,2.351397619883538,-28.39431381225586,-6.82042932510376,21.46479034423828,0.59375,4.506980173136385,2.1082907931480688,2.146310141834441,0.2529361879499183,,,,,,,,,,,,,,,,,-61.59916305541992,4.422297008799876,2.178992771067713,-0.8764902041435514,1.050638771281196,0.669405291745232,-1.0,0.0
VisualCogB_Task-2,74,59.0,VisualCogB_Task-2:q1_059,652.97265625,-1,left,unresolved_from_allowed_channels,target_locked,2.2,655.17265625,26,32,45,83,128.0,-26.56478500366211,-6.5370612144470215,-1.11871337890625,0.2531249523162842,2.6300376994004546,0.9405925949241908,1.8406650357076564,17.901046752929688,4.2817063331604,28.635831832885746,0.5031249523162842,3.019190095310796,2.289947385636088,1.622393119291426,8.233582496643066,1.960881590843201,20.83595085144043,0.4718749523162842,2.9926083056170607,2.6230089749992618,1.2089066988946788,1.682416380075071,,,,,,,,,,,,,,,,,-0.1433852513631185,2.880612033442771,1.557321617964587,-0.1461531952691869,0.977182866089232,-0.44146451865702835,-1.0,1.0
VisualCogB_Task-2,75,60.0,VisualCogB_Task-2:q1_060,661.7109375,1,right,unresolved_from_allowed_channels,cue_locked,0.0,661.7109375,25,32,45,83,128.0,-151.55108642578125,-36.69284057617188,-130.39886474609375,0.25,1.844002435547912,1.6091869649651598,1.7418531111261597,-91.35050201416016,-22.138160705566406,-67.9053955078125,0.25,2.1984903660153416,2.3972836578696035,1.7469750625832388,-230.78985595703125,-55.95425415039063,-181.0258026123047,0.25,2.3489781266437824,2.044623451499093,1.828664505974932,0.4354364865339331,,,,,,,,,,,,,,,,,-157.89714813232422,2.1304903094023455,1.772497559894777,-2.1135347972017793,-0.8937727817486641,-0.05284817093629318,1.0,0.0
VisualCogB_Task-2,75,60.0,VisualCogB_Task-2:q1_060,661.7109375,1,right,unresolved_from_allowed_channels,target_locked,2.2,663.9109375,26,32,45,83,128.0,0.7891287803649902,0.0932070761919021,22.70734024047852,0.2609374523162842,2.758571401136354,1.1534350037715615,2.4349527487999114,-0.194648340344429,-0.1776942312717437,17.45164680480957,0.2609374523162842,3.3014276810908414,2.591050943854947,2.61692073208288,-40.00664520263672,-9.810932159423828,-19.446870803833008,0.5734374523162842,3.300223172075386,2.7822390791744978,2.104657340331012,1.628804075402936,,,,,,,,,,,,,,,,,-13.137388254205385,3.120074084767527,2.3855102737379346,-0.375437975398322,1.322090139925882,0.9374080719313649,1.0,1.0
VisualCogB_Task-2,76,61.0,VisualCogB_Task-2:q1_061,670.5703125,1,right,unresolved_from_allowed_channels,cue_locked,0.0,670.5703125,25,32,45,83,128.0,-58.10036087036133,-14.073932647705078,-39.05559921264648,0.25,4.097903972875974,1.6871730408265346,1.3284095820751691,-7.246601104736328,-1.7632167339324951,5.226938247680664,0.4453125,4.525524532981072,3.2096499074459817,2.761339841989976,-5.697954177856445,-1.3544790744781494,6.446025848388672,0.3984375,4.308202895523523,3.0016178898573305,3.0100411893036534,1.3144448490307958,,,,,,,,,,,,,,,,,-23.681638717651367,4.31054380046019,2.366596871122933,-0.38940142002484784,0.9558252647839155,1.0027369206398438,1.0,0.0
VisualCogB_Task-2,76,61.0,VisualCogB_Task-2:q1_061,670.5703125,1,right,unresolved_from_allowed_channels,target_locked,2.2,672.7703125,26,32,45,83,128.0,-4.77065372467041,-1.1925331354141235,15.73586082458496,0.4249999523162842,3.3610462202455773,1.7348211964237743,1.8993390833060115,13.174077033996582,3.18883752822876,38.230262756347656,0.4249999523162842,3.466117803848581,2.6163822186712835,2.166024520443361,2.786102771759033,0.6767992377281189,28.00037002563477,0.4249999523162842,3.4906118959059245,2.13271219737592,2.1657806937481383,0.3978910009521452,,,,,,,,,,,,,,,,,3.729842027028402,3.4392586400000273,2.0770480991658373,-0.07780843155611755,1.7818250924453674,0.4238414651132705,1.0,1.0
VisualCogB_Task-2,77,62.0,VisualCogB_Task-2:q1_062,678.91796875,-1,left,unresolved_from_allowed_channels,cue_locked,0.0,678.91796875,25,32,45,83,128.0,34.52904510498047,8.320423126220703,43.82125854492188,0.5390625,1.8729179984586224,-0.3122311606472105,0.6512023568249016,48.36498641967773,11.706645965576172,77.53421783447266,0.5625,3.036042544192791,1.792311408504104,1.535386131721857,66.05731201171875,16.03835105895996,91.65931701660156,0.5546875,3.2721630371615613,1.8595258120572289,1.80043094631918,2.171756972704439,,,,,,,,,,,,,,,,,49.650447845458984,2.7270411932709915,1.3290064782886464,0.5526230793260771,-0.38764788436124725,-0.8408352383217721,-1.0,0.0
VisualCogB_Task-2,77,62.0,VisualCogB_Task-2:q1_062,678.91796875,-1,left,unresolved_from_allowed_channels,target_locked,2.2,681.11796875,26,32,45,83,128.0,128.97598266601562,31.302309036254883,153.4139404296875,0.4328124523162842,2.536957728448607,1.556914227944134,1.2924073530106923,112.3494873046875,27.2725830078125,136.27932739257812,0.4484374523162842,2.8373119539449667,1.8688088313540796,1.5939069857038937,175.9080810546875,42.68442535400391,199.5668182373047,0.4484374523162842,2.1394584410926814,1.5232648189754023,1.6907054248910414,-0.0336494089687315,,,,,,,,,,,,,,,,,139.07785034179688,2.504576041162085,1.525673254535209,2.310465476074959,0.43556239535294655,-0.49415669279578195,-1.0,1.0
VisualCogB_Task-2,79,63.0,VisualCogB_Task-2:q1_063,696.625,-1,left,unresolved_from_allowed_channels,cue_locked,0.0,696.625,25,32,45,83,128.0,-26.155649185180664,-6.348134994506836,86.00888061523438,0.59375,4.086677929625251,2.1205986686116574,1.2604437420428447,-22.267690658569336,-5.416821479797363,96.33464050292967,0.59375,4.138251010919687,2.323980763923473,2.1208100362350435,-24.07685089111328,-5.866418838500977,116.74447631835938,0.59375,4.454929630120254,2.656785607172006,2.05329455717229,0.5361869385603488,,,,,,,,,,,,,,,,,-24.166730244954426,4.2266195235550645,1.811516111816726,-0.39563290919369576,0.8846223428110894,0.016479298268399025,-1.0,0.0
VisualCogB_Task-2,79,63.0,VisualCogB_Task-2:q1_063,696.625,-1,left,unresolved_from_allowed_channels,target_locked,2.2,698.825,26,32,45,83,128.0,-26.4764404296875,-6.311356544494629,5.142677307128906,0.5343749523162842,2.093687122375574,2.9031229371201124,2.693946947269318,-26.96127319335937,-6.42157793045044,5.650777816772461,0.5421874523162842,2.1441338395414515,3.843605653674607,3.110511661214474,-26.680011749267575,-6.422389030456543,-3.046611785888672,0.5343749523162842,2.61997919659485,3.0816084948162312,2.615962928611829,0.1784855576961188,,,,,,,,,,,,,,,,,-26.705908457438152,2.285933386170625,2.8068071790318734,-0.614860359000623,0.12064217454835874,1.6388361235714572,-1.0,1.0
VisualCogB_Task-2,82,64.0,VisualCogB_Task-2:q1_064,722.36328125,1,right,unresolved_from_allowed_channels,cue_locked,0.0,722.36328125,25,32,45,83,128.0,118.8783187866211,28.698564529418945,282.2230834960937,0.578125,5.022840130939103,1.8987540558961145,1.7586774348639187,52.50236129760742,12.662744522094728,215.77626037597656,0.5859375,5.4586778587891285,2.440949440258782,2.424516380660706,75.95877075195312,18.314266204833984,279.69110107421875,0.59375,5.693546545251169,3.0048925264388893,2.1797146630435758,1.106138470542775,,,,,,,,,,,,,,,,,82.44648361206055,5.391688178326468,2.120969492856067,0.9739211852669136,1.8730883216416752,0.5663105628219292,1.0,0.0
VisualCogB_Task-2,82,64.0,VisualCogB_Task-2:q1_064,722.36328125,1,right,unresolved_from_allowed_channels,target_locked,2.2,724.56328125,26,32,45,83,128.0,6.806641578674316,1.711377739906311,31.787078857421875,0.5421874523162842,3.770735962560002,3.603036828611295,2.3387333335203304,11.914520263671877,2.8905317783355717,59.62221145629883,0.5968749523162842,3.961934092075713,4.543245083099081,2.269343060584513,5.686288356781006,1.3220189809799194,53.804805755615234,0.5968749523162842,2.814188712412085,4.390030767256455,1.4505313276263618,0.7869939386451605,,,,,,,,,,,,,,,,,8.135816733042398,3.5156195890159334,2.019535907243735,-6.311000263039495e-05,1.8918109820965714,0.32808793780614354,1.0,1.0
VisualCogB_Task-2,83,65.0,VisualCogB_Task-2:q1_065,730.95703125,-1,left,unresolved_from_allowed_channels,cue_locked,0.0,730.95703125,25,32,45,83,128.0,34.6685905456543,8.371127128601074,141.2757568359375,0.59375,3.8137156456265977,2.7410909480468524,2.1470845957107185,-3.1955928802490234,-0.745493471622467,90.0425796508789,0.59375,4.153994478590001,3.064806025742647,2.3287045631017698,4.877185344696045,1.200972318649292,122.26155853271484,0.59375,4.503560420693409,2.219927065948466,1.4055601897523575,-0.5211638820983864,,,,,,,,,,,,,,,,,12.116727670033773,4.157090181636669,1.9604497828549485,0.0704646461741245,0.8256323521909248,0.28110199654531587,-1.0,0.0
VisualCogB_Task-2,83,65.0,VisualCogB_Task-2:q1_065,730.95703125,-1,left,unresolved_from_allowed_channels,target_locked,2.2,733.15703125,26,32,45,83,128.0,45.05950164794922,10.88865089416504,74.58770751953125,0.5265624523162842,1.8172692394613947,1.5218278888219363,0.2359396370627616,27.135820388793945,6.52847957611084,45.82972717285156,0.5343749523162842,2.051966695970745,1.310178842313034,1.3407394460369388,37.796234130859375,9.114568710327148,64.94478607177734,0.5343749523162842,1.2841442667076508,0.5039365545675405,1.3942515689048811,-1.0178913342543958,,,,,,,,,,,,,,,,,36.663852055867515,1.7177934007132636,0.9903102173348605,0.5033263616697549,-0.6976737651073127,-1.3854963807566119,-1.0,1.0
VisualCogB_Task-2,85,66.0,VisualCogB_Task-2:q1_066,748.3984375,1,right,unresolved_from_allowed_channels,cue_locked,0.0,748.3984375,25,32,45,83,128.0,-15.263684272766112,-3.7038846015930176,-4.346587181091309,0.359375,1.6302825453899528,2.18169212499917,2.331006317119895,-2.5346434116363525,-0.5983606576919556,11.47457218170166,0.2578125,1.4721788177611732,3.090137771365682,2.428632564232576,-7.42523193359375,-1.7888832092285156,7.105378150939941,0.359375,1.6800426870450835,2.7387037088262085,2.321663098121232,0.5570115838270384,,,,,,,,,,,,,,,,,-8.40785320599874,1.5941680167320698,2.360433993157901,-0.19319426400147086,-1.3487986189144623,0.991786828663399,1.0,0.0
VisualCogB_Task-2,85,66.0,VisualCogB_Task-2:q1_066,748.3984375,1,right,unresolved_from_allowed_channels,target_locked,2.2,750.5984375,26,32,45,83,128.0,30.418458938598636,7.346425056457519,54.98331451416016,0.5187499523162842,2.1530404232484086,1.600872238448545,0.6925895106287732,30.18869972229004,7.274382591247559,58.59490966796875,0.5187499523162842,1.8234593582007144,2.118912858126281,1.2445482431396202,29.770395278930664,7.175153732299805,56.52854537963867,0.5187499523162842,1.616435755594475,1.1766154668935045,1.407036887529447,-0.4242567715550407,,,,,,,,,,,,,,,,,30.125851313273113,1.8643118456811993,1.1147248804326135,0.3879605223343338,-0.48663708041717574,-1.1783552087339297,1.0,1.0
VisualCogB_Task-2,86,67.0,VisualCogB_Task-2:q1_067,756.93359375,-1,left,unresolved_from_allowed_channels,cue_locked,0.0,756.93359375,25,32,45,83,128.0,-60.34467697143555,-14.624635696411133,-17.09465789794922,0.2734375,5.168455165392265,3.3802285114898303,1.9808855136896992,-14.353602409362791,-3.476395606994629,36.75868988037109,0.546875,5.222761702291719,3.563542668618036,2.036969904918046,-81.21884155273438,-19.692720413208008,-32.240997314453125,0.2734375,5.255933812791179,3.5122455291459707,1.9262602761696648,0.1320170176561403,,,,,,,,,,,,,,,,,-51.9723736445109,5.215716893491721,1.9813718982591366,-0.7528243997161297,1.723791001180863,0.3182760391464441,-1.0,0.0
VisualCogB_Task-2,86,67.0,VisualCogB_Task-2:q1_067,756.93359375,-1,left,unresolved_from_allowed_channels,target_locked,2.2,759.13359375,26,32,45,83,128.0,-49.77935028076172,-12.036075592041016,24.09483337402344,0.2531249523162842,2.071623002116159,1.9390629477785084,2.76920278296035,22.64996910095215,5.489179611206055,53.28118515014648,0.2531249523162842,2.201284748091849,2.4541561486701293,2.547838933812168,56.176536560058594,13.64229965209961,98.881591796875,0.2531249523162842,2.471201420491144,2.3083181451212864,2.221049979290905,0.369255197342778,,,,,,,,,,,,,,,,,9.682385126749674,2.2480363902330507,2.512697232021141,0.027226755485955163,0.0660575358420754,1.1491649095002896,-1.0,1.0
VisualCogB_Task-2,87,68.0,VisualCogB_Task-2:q1_068,765.33984375,1,right,unresolved_from_allowed_channels,cue_locked,0.0,765.33984375,25,32,45,83,128.0,290.7461853027344,70.50990295410156,367.0827026367188,0.59375,1.9882978637514,1.498323392692688,1.3544213435470982,173.69908142089844,42.1207389831543,263.26922607421875,0.59375,1.813189164911542,1.698019765056333,1.1957244758779133,323.28106689453125,78.35953521728516,456.9339294433594,0.59375,2.4942228192078004,0.6113817772141329,1.7360596951109784,-0.8869416154785551,,,,,,,,,,,,,,,,,262.575444539388,2.0985699492902476,1.4287351715119965,3.287859083244691,-0.9208546106809002,-0.6636390696352372,1.0,0.0
VisualCogB_Task-2,87,68.0,VisualCogB_Task-2:q1_068,765.33984375,1,right,unresolved_from_allowed_channels,target_locked,2.2,767.53984375,26,32,45,83,128.0,-17.81169891357422,-4.343078136444092,2.333171844482422,0.5890624523162842,1.7936337831789408,1.019085201880228,1.7175174308934893,-30.69757080078125,-7.448049545288086,-18.55529022216797,0.4796874523162842,2.41708964690749,1.96439478255193,1.8674558649535384,-38.23454284667969,-9.286884307861328,-22.12683868408203,0.4796874523162842,2.838127222513932,2.2647273281585565,1.9406403358397344,1.2456421262783284,,,,,,,,,,,,,,,,,-28.91460418701172,2.349616884200121,1.841871210562254,-0.6538337465407568,0.2123681978252017,0.032289415499000815,1.0,1.0
VisualCogB_Task-2,88,69.0,VisualCogB_Task-2:q1_069,773.765625,-1,left,unresolved_from_allowed_channels,cue_locked,0.0,773.765625,25,32,45,83,128.0,-426.11279296875,-103.31053161621094,-373.1739196777344,0.59375,3.582675085099947,2.224202358275996,1.6044435284443344,-319.428466796875,-77.43360900878906,-270.1481018066406,0.25,3.860679945636046,3.292667470658376,1.984388221102929,-547.0990600585938,-132.6161651611328,-448.242919921875,0.25,3.8914383414223246,3.4642222362853747,1.6152288163139268,1.2400198780093787,,,,,,,,,,,,,,,,,-430.88010660807294,3.778264457386106,1.7346868552870633,-5.6202758002433315,0.5042295414690017,-0.12002955851168431,-1.0,0.0
VisualCogB_Task-2,88,69.0,VisualCogB_Task-2:q1_069,773.765625,-1,left,unresolved_from_allowed_channels,target_locked,2.2,775.965625,26,32,45,83,128.0,-123.0165557861328,-29.79994201660156,-98.33381652832033,0.2687499523162842,2.578873622296798,2.3798223948537576,0.9979328384586158,-37.56416702270508,-9.081374168395996,-19.158367156982425,0.2999999523162842,3.3142397516876656,2.865021683050739,0.8608200420887934,-102.99962615966795,-24.956430435180664,-75.47569274902344,0.2999999523162842,3.23972459716262,2.11825550123602,1.344646158062618,-0.2615668936177382,,,,,,,,,,,,,,,,,-87.86011632283528,3.044279323715694,1.0677996795366758,-1.6939526988532407,1.2129197546357542,-1.2564821824279164,-1.0,1.0
VisualCogB_Task-2,89,70.0,VisualCogB_Task-2:q1_070,782.28125,1,right,unresolved_from_allowed_channels,cue_locked,0.0,782.28125,25,32,45,83,128.0,-56.61407470703125,-13.74884796142578,-30.030948638916016,0.25,2.805483311598743,1.9800645780358064,1.580438733217975,-42.762939453125,-10.406712532043455,-11.067291259765623,0.25,2.639393916458038,2.8820400600678044,2.3346511143112627,-49.05779266357422,-11.920268058776855,-19.847686767578125,0.25,2.721248825170603,2.457393325765774,1.765742116953012,0.4773287477299675,,,,,,,,,,,,,,,,,-49.47826894124349,2.7220420177424614,1.8936106548274168,-0.7207851131699565,-0.39188927812968916,0.1623434224376347,1.0,0.0
VisualCogB_Task-2,89,70.0,VisualCogB_Task-2:q1_070,782.28125,1,right,unresolved_from_allowed_channels,target_locked,2.2,784.48125,26,32,45,83,128.0,46.681785583496094,11.25579071044922,66.17047119140625,0.5031249523162842,2.7683988261182666,2.029308707067551,2.432465093924342,54.06903076171875,13.072218894958496,70.17323303222656,0.4640624523162842,3.216402343287019,2.890861477118699,2.0046329211643323,51.98815155029297,12.5985689163208,73.88984680175781,0.5499999523162842,2.861833138459576,3.3609391124532992,1.7276325695063173,1.3316304053857482,,,,,,,,,,,,,,,,,50.9129892985026,2.94887810262162,2.054910194864997,0.7547585261069046,1.075509359517992,0.3869834989473447,1.0,1.0
VisualCogB_Task-2,91,71.0,VisualCogB_Task-2:q1_071,799.19140625,-1,left,unresolved_from_allowed_channels,cue_locked,0.0,799.19140625,25,32,45,83,128.0,37.1656608581543,9.056702613830566,55.250396728515625,0.328125,2.2605291116533848,1.0319291719068282,1.6863527088021713,38.68909454345703,9.414125442504885,49.5993537902832,0.3125,1.5643218042037044,1.5251477661142416,2.0513931076889103,54.55052185058594,13.298648834228516,64.76512145996094,0.3046875,0.8791456627373662,1.3431487122451125,2.275212084661818,0.3112195403382842,,,,,,,,,,,,,,,,,43.46842575073242,1.5679988595314853,2.0043193003843,0.47320878005137584,-1.3710010200189042,0.359048575178593,-1.0,0.0
VisualCogB_Task-2,91,71.0,VisualCogB_Task-2:q1_071,799.19140625,-1,left,unresolved_from_allowed_channels,target_locked,2.2,801.39140625,26,32,45,83,128.0,9.720786094665527,2.3326141834259038,27.12813949584961,0.4640624523162842,2.929371548796236,2.590865260268531,2.348578523570785,47.54161834716797,11.480992317199709,68.40038299560547,0.5656249523162842,2.88639077731484,1.8429967497906028,1.693886502405581,33.697715759277344,8.109591484069824,49.37631607055664,0.5109374523162842,3.160395483795379,3.0368711043304546,1.379248560652416,0.4460058440619234,,,,,,,,,,,,,,,,,30.320040067036945,2.992052603302152,1.807237862209594,0.39138706654096145,1.1376954104876529,-0.025372536800007405,-1.0,1.0
VisualCogB_Task-2,92,72.0,VisualCogB_Task-2:q1_072,807.8828125,1,right,unresolved_from_allowed_channels,cue_locked,0.0,807.8828125,25,32,45,83,128.0,-14.671062469482422,-3.4714248180389404,61.35709381103516,0.59375,4.359041844718766,2.378175686551572,2.278856286317102,24.3276481628418,5.908926486968994,133.43646240234375,0.59375,4.562066961303321,3.646826731280016,2.534853976748223,11.591033935546877,2.825164318084717,141.78399658203125,0.59375,4.784801864858641,3.5561065578829725,2.465615987430408,1.1779308713314007,,,,,,,,,,,,,,,,,7.082539876302086,4.5686368902935754,2.4264420834985776,0.005795434396721525,1.1747962564304326,1.1090688297870641,1.0,0.0
VisualCogB_Task-2,92,72.0,VisualCogB_Task-2:q1_072,807.8828125,1,right,unresolved_from_allowed_channels,target_locked,2.2,810.0828125,26,32,45,83,128.0,21.435321807861328,5.250875949859619,39.60390472412109,0.4640624523162842,2.814289649518922,1.3202083246925176,0.9606997121770072,10.414898872375488,2.529460430145264,23.09686279296875,0.4718749523162842,2.185403734262432,1.3700050025620778,1.366529745756869,6.461552619934082,1.5351332426071167,20.84796524047852,0.5109374523162842,1.1763944614779491,1.881644367395071,1.651212774609746,0.5614360427025533,,,,,,,,,,,,,,,,,12.770591100056967,2.0586959484197678,1.326147410847874,0.0817194801242642,-0.2066574737035515,-0.8263524009313731,1.0,1.0
VisualCogB_Task-2,93,73.0,VisualCogB_Task-2:q1_073,816.2578125,-1,left,unresolved_from_allowed_channels,cue_locked,0.0,816.2578125,25,32,45,83,128.0,89.54843139648438,21.523283004760746,209.80593872070312,0.5546875,4.6518817963442025,2.286800793447129,1.2167665397102168,85.03968811035156,20.411827087402344,242.1848907470703,0.59375,4.9011550221266535,2.8040989715129983,1.6757416339917672,105.23922729492188,25.26300621032715,293.99859619140625,0.59375,5.349309518817602,2.762409899189821,1.5587558324737982,0.4756091057426923,,,,,,,,,,,,,,,,,93.27578226725261,4.967448779096153,1.4837546687252605,1.1130344318973564,1.5131557019618744,-0.5658814053749055,-1.0,0.0
VisualCogB_Task-2,93,73.0,VisualCogB_Task-2:q1_073,816.2578125,-1,left,unresolved_from_allowed_channels,target_locked,2.2,818.4578125,26,32,45,83,128.0,3.0579092502593994,0.7635272145271301,24.961395263671875,0.5343749523162842,1.265558094610198,2.06360801545741,1.6280689258445686,16.543903350830078,3.993916749954224,35.19184112548828,0.4796874523162842,1.4136663640835434,2.6050931668403243,2.022054943921209,37.31147766113281,9.016209602355955,63.68914031982422,0.5656249523162842,1.618279133284198,2.841382700351064,1.8170282072701949,0.7777746848936542,,,,,,,,,,,,,,,,,18.971096754074097,1.4325011973259798,1.8223840256786576,0.1911300732463223,-1.1085921364016056,-0.0001552997436008638,-1.0,1.0
VisualCogB_Task-2,94,74.0,VisualCogB_Task-2:q1_074,825.07421875,1,right,unresolved_from_allowed_channels,cue_locked,0.0,825.07421875,25,32,45,83,128.0,94.0479507446289,22.5012264251709,238.76385498046875,0.578125,4.957004394018992,2.3350860257089865,1.789472602030112,67.04532623291016,15.98576545715332,215.6068420410156,0.578125,5.0618265991807485,3.018643865210432,1.635253453021818,89.31639099121094,21.32604217529297,289.1594543457031,0.578125,5.12039573338607,2.619760964407205,1.5402615590729898,0.284674938698219,,,,,,,,,,,,,,,,,83.46988932291667,5.046408908861937,1.6549958713749733,0.9870678622208338,1.5801469489050342,-0.2616230816159901,1.0,0.0
VisualCogB_Task-2,94,74.0,VisualCogB_Task-2:q1_074,825.07421875,1,right,unresolved_from_allowed_channels,target_locked,2.2,827.27421875,26,32,45,83,128.0,140.7052001953125,34.09653854370117,205.42291259765625,0.5968749523162842,1.9564943186630708,2.2558610867933746,2.3162896523131864,52.73922729492188,12.788583755493164,107.1278839111328,0.5187499523162842,3.0816418994356534,2.236577547768652,2.325864767427914,85.39202880859375,20.679370880126957,162.13702392578125,0.5968749523162842,2.807273511559577,1.8477082970044172,1.98381905316686,-0.4081527897889572,,,,,,,,,,,,,,,,,92.9454854329427,2.6151365765527674,2.2086578243026533,1.4964400258230248,0.5948073890567922,0.6429618809520646,1.0,1.0
VisualCogB_Task-2,95,75.0,VisualCogB_Task-2:q1_075,833.44921875,1,right,unresolved_from_allowed_channels,cue_locked,0.0,833.44921875,25,32,45,83,128.0,-354.5584716796875,-85.92904663085938,-255.37136840820312,0.2578125,2.364511729087009,3.203112227976636,1.7207558816240294,-178.5166015625,-43.192020416259766,-125.37391662597656,0.265625,1.0275334624242085,2.770937533631684,1.605272872095358,-248.7882843017578,-60.1976432800293,-181.16622924804688,0.265625,0.2433223308612095,2.2767078445379982,1.3710414469412358,-0.9264043834386376,,,,,,,,,,,,,,,,,-260.6211191813151,1.2117891741241422,1.5656900668868745,-3.4331276512177986,-1.6732159615273854,-0.42030004694350465,1.0,0.0
VisualCogB_Task-2,95,75.0,VisualCogB_Task-2:q1_075,833.44921875,1,right,unresolved_from_allowed_channels,target_locked,2.2,835.64921875,26,32,45,83,128.0,-39.586204528808594,-9.598872184753418,-5.817146301269531,0.2531249523162842,1.7639295468309175,0.439173909211408,1.584569625009499,29.61141586303711,7.167267799377441,45.24009323120117,0.2531249523162842,1.8637504949782768,1.8257581426510407,2.1196821595638404,31.73021507263184,7.691389560699463,47.73220443725586,0.2531249523162842,2.0158399258321764,1.3898178189529202,1.1619617756466618,0.9506439097415122,,,,,,,,,,,,,,,,,7.251808802286785,1.8811733225471237,1.6220711867400004,-0.015661810725677544,-0.46235078542173796,-0.33366129651138543,1.0,1.0
VisualCogB_Task-2,96,76.0,VisualCogB_Task-2:q1_076,842.38671875,-1,left,unresolved_from_allowed_channels,cue_locked,0.0,842.38671875,25,32,45,83,128.0,41.82435989379883,10.14023208618164,191.04835510253903,0.59375,4.188856378796642,2.7468175865309883,1.6795497041741008,25.0427360534668,6.135376453399658,154.5360565185547,0.59375,4.376155337962422,3.487197567766184,2.5442492015220304,35.92466735839844,8.757488250732422,196.5734405517578,0.59375,4.539735808745017,3.3305040124613314,2.1911811802439134,0.5836864259303431,,,,,,,,,,,,,,,,,34.26392110188802,4.368249175168027,2.138326695313348,0.3549676486451575,1.0047835810691992,0.5971505314923152,-1.0,0.0
VisualCogB_Task-2,96,76.0,VisualCogB_Task-2:q1_076,842.38671875,-1,left,unresolved_from_allowed_channels,target_locked,2.2,844.58671875,26,32,45,83,128.0,-263.53387451171875,-63.92922592163086,-241.5515594482422,0.2531249523162842,2.341276284287238,1.775617508882242,1.029785932557862,-166.962646484375,-40.58624267578125,-115.33786010742188,0.2531249523162842,2.7890990609028408,1.944648289055768,1.4170733093219634,-216.6177978515625,-52.61616134643555,-156.08790588378906,0.2531249523162842,2.156438708122402,1.627113342580994,0.9818666610942928,-0.148504166301248,,,,,,,,,,,,,,,,,-215.70477294921875,2.4289380177708266,1.1429086343247061,-3.9498267338871953,0.32661776591397446,-1.1314313521092492,-1.0,1.0
VisualCogB_Task-2,97,77.0,VisualCogB_Task-2:q1_077,851.328125,-1,left,unresolved_from_allowed_channels,cue_locked,0.0,851.328125,25,32,45,83,128.0,-8.808677673339844,-2.200397253036499,43.47953414916992,0.59375,4.273024960177768,3.158751349117437,1.5572831456246183,-11.53330421447754,-2.866053342819214,36.2266960144043,0.59375,4.312370782856267,2.828484535336162,1.6583010599038992,-10.278188705444336,-2.567633628845215,65.3230209350586,0.59375,4.204324679394066,2.4129355132886348,0.3945830957889501,-0.7458158358288021,,,,,,,,,,,,,,,,,-10.20672353108724,4.2632401408093665,1.203389100439156,-0.21630256483960886,0.915691957577059,-1.064029961484623,-1.0,0.0
VisualCogB_Task-2,97,77.0,VisualCogB_Task-2:q1_077,851.328125,-1,left,unresolved_from_allowed_channels,target_locked,2.2,853.528125,26,32,45,83,128.0,11.403446197509766,2.6505513191223145,48.37681198120117,0.2531249523162842,2.2185254949201774,2.075992488913989,1.820688940927336,28.598533630371094,6.822694778442383,54.32543563842773,0.2531249523162842,3.369697046929596,2.7926889874684355,1.514546310101039,32.93244171142578,7.883033275604248,55.82957077026367,0.2531249523162842,3.616135884350128,3.209910719599208,1.4326959733568887,1.133918230685219,,,,,,,,,,,,,,,,,24.311473846435547,3.0681194753999677,1.589310408128421,0.2853633273990979,1.2472577287731408,-0.38820555929370953,-1.0,1.0
VisualCogB_Task-2,98,78.0,VisualCogB_Task-2:q1_078,859.953125,1,right,unresolved_from_allowed_channels,cue_locked,0.0,859.953125,25,32,45,83,128.0,-21.9493408203125,-5.290027618408203,5.035942077636719,0.2578125,2.801815469302113,2.2768155883771595,2.278375413619554,10.614831924438477,2.6367735862731934,37.42075729370117,0.359375,3.655456142844509,2.9418330223985403,2.390284908915393,19.608871459960938,4.787346839904785,58.6129150390625,0.59375,3.111961948365875,2.61229732791319,2.453606134645155,0.3354817395360303,,,,,,,,,,,,,,,,,2.758120854695638,3.1897445201708323,2.374088819060034,-0.04975608274586727,0.0049182490242218515,1.0160484805083783,1.0,0.0
VisualCogB_Task-2,98,78.0,VisualCogB_Task-2:q1_078,859.953125,1,right,unresolved_from_allowed_channels,target_locked,2.2,862.153125,26,32,45,83,128.0,-123.86380004882812,-30.04430389404297,-67.25752258300781,0.2531249523162842,2.246444180647756,3.237338406567446,2.393144381894051,-56.852500915527344,-13.809082984924316,-35.1956672668457,0.2531249523162842,1.4189895897230365,2.1835147667647026,2.275386640105651,-51.504024505615234,-12.485090255737305,-27.01034164428711,0.2531249523162842,1.7300815170684885,1.0415176758356195,1.8722649856006888,-2.1958207307318265,,,,,,,,,,,,,,,,,-77.4067751566569,1.7985050958130937,2.1802653358667965,-1.5094989912176662,-0.581421312705727,0.5956904968176807,1.0,1.0
VisualCogB_Task-2,99,79.0,VisualCogB_Task-2:q1_079,868.45703125,-1,left,unresolved_from_allowed_channels,cue_locked,0.0,868.45703125,25,32,45,83,128.0,5.433372497558594,1.2062082290649414,81.61140441894531,0.4609375,5.90242886287924,2.5805281043174766,1.880514966099772,20.14002227783203,4.822299003601074,84.84925079345703,0.4609375,5.698053060817376,1.5103257659755842,1.8966618349095128,27.30994415283203,6.563108921051025,101.0015869140625,0.4609375,5.89300824206491,1.6639546553264766,1.8500276448318684,-0.916573448991,,,,,,,,,,,,,,,,,17.627779642740887,5.831163388587176,1.8757348152803843,0.14125965854593867,2.2459472875945123,0.1305819486088795,-1.0,0.0
VisualCogB_Task-2,99,79.0,VisualCogB_Task-2:q1_079,868.45703125,-1,left,unresolved_from_allowed_channels,target_locked,2.2,870.65703125,26,32,45,83,128.0,64.308837890625,15.651433944702148,81.7118148803711,0.4718749523162842,3.15268168396654,2.0261980172468936,1.672223862731853,43.29921722412109,10.513230323791504,71.37672424316406,0.4796874523162842,3.9259326875145257,2.3423248515422173,1.6913736338767258,51.90748596191406,12.595253944396973,79.31497955322266,0.4796874523162842,3.7730712549532655,2.4191470301355738,0.7001180274029025,0.3929490128886801,,,,,,,,,,,,,,,,,53.17184702555338,3.6172285421447774,1.3545718413371606,0.7946170436997163,2.0381626350085265,-0.7790278356508161,-1.0,1.0
VisualCogA_Task-1,0,0.0,VisualCogA_Task-1:q1_000,20.1640625,-1,left,unresolved_from_allowed_channels,pre_response_100ms_end,2.328125,22.4921875,0,0,0,256,256.0,,,,,1.5987279493845292,2.819462468017091,2.2095462574023967,,,,,1.977136122452516,2.880256337838252,2.3912933746995453,,,,,1.7439379203547545,2.4520171284789964,2.5520398479848896,-0.3674453395380945,22.4921875,-2.0,left,-1.0,0.1281250000000007,nonnegative_100ms_or_more,False,,-1.1015625,-0.10546875,-42.647586822509766,49.81401062011719,3.240388870239258,23.04310607910156,-65.0680160522461,70.11994171142578,,1.7732673307305997,2.384293160028944,,-0.7827178363848326,0.24455148875842578,-1.0,
VisualCogA_Task-1,1,1.0,VisualCogA_Task-1:q1_001,29.4453125,1,right,unresolved_from_allowed_channels,pre_response_100ms_end,2.21484375,31.66015625,0,0,0,256,256.0,,,,,1.8757831830034708,2.132640223694243,2.381247090329802,,,,,2.164091321020399,2.1897643211037816,2.513402231302092,,,,,1.809703667109328,2.194477480075946,2.1050445621017846,0.0618372563817031,31.66015625,2.0,right,1.0,0.0148437500000007,shorter_than_100ms_review_timing_anchor,False,,-1.1015625,-0.10546875,72.56669616699219,23.36690330505371,3.534569501876831,6.57117223739624,28.827428817749023,33.013153076171875,,1.9498593903777326,2.333231294577893,,-0.6163267606073096,0.18258429936896617,1.0,
VisualCogA_Task-1,2,,,37.8515625,-1,left,unresolved_from_allowed_channels,pre_response_100ms_end,2.21875,40.0703125,0,0,0,256,256.0,,,,,1.7776167647729824,1.5572142363685932,0.99883563996005,,,,,2.466333873591403,3.1130047963963534,2.43690093250562,,,,,-3.5332644517817786,-8.659259957198687,-11.953583823553776,-10.21647419356728,40.0703125,-2.0,left,-1.0,0.0187499999999971,shorter_than_100ms_review_timing_anchor,False,,-1.1015625,-0.10546875,311.1000061035156,66.3117904663086,-31.47139358520508,54.10095977783203,203.64718627929688,20.38886260986328,,0.23689539552753555,-2.8392824170293687,,-2.2303399979001974,-6.0946273527201384,-1.0,
VisualCogA_Task-1,3,,,46.29296875,-1,left,unresolved_from_allowed_channels,pre_response_100ms_end,2.21484375,48.5078125,0,0,0,256,256.0,,,,,1.8058989354677164,1.617131174648052,1.2985401451076286,,,,,1.1841791554678411,0.6779110404764497,1.3711822964998686,,,,,2.259374104416509,1.4334996201621024,1.1781076357419422,-0.1836315544859497,48.5078125,-2.0,left,-1.0,0.0148437499999971,shorter_than_100ms_review_timing_anchor,False,,-1.1015625,-0.10546875,-28.50365829467773,88.07858276367188,1.1441946029663086,6.7175703048706055,-217.9486846923828,347.2049255371094,,1.7498173984506888,1.2826100257831465,,-0.8048131642651527,-1.092419004268823,-1.0,
VisualCogA_Task-1,4,2.0,VisualCogA_Task-1:q1_002,54.90234375,1,right,unresolved_from_allowed_channels,pre_response_100ms_end,2.21875,57.12109375,0,0,0,256,256.0,,,,,3.1870522189387205,2.588786591282628,1.464718005791264,,,,,3.2299776273582266,1.9186325594485167,2.410308911552566,,,,,3.3900722651066717,1.9391065902990348,2.827045012736784,-0.6496800009835932,57.12109375,2.0,right,1.0,0.0187499999999971,shorter_than_100ms_review_timing_anchor,False,,-1.1015625,-0.10546875,-80.34922790527344,14.717329978942873,-2.6997766494750977,13.683688163757324,-95.2475128173828,31.39845085144043,,3.26903403713454,2.234023976693538,,0.6266446903792343,0.062189194296799505,1.0,
VisualCogA_Task-1,5,3.0,VisualCogA_Task-1:q1_003,63.34375,-1,left,unresolved_from_allowed_channels,pre_response_100ms_end,2.21484375,65.55859375,0,0,0,256,256.0,,,,,2.8566608925439083,3.09428044999127,2.2309770697209825,,,,,3.55026145917903,3.2704560522836044,1.880171831637921,,,,,3.3173231277878634,3.1670979822061125,2.1114938188907035,0.0728175322148425,65.55859375,-2.0,left,-1.0,0.0148437499999971,shorter_than_100ms_review_timing_anchor,False,,-1.1015625,-0.10546875,-110.06754302978516,52.191162109375,-6.255840301513672,12.079347610473633,-146.35372924804688,66.76769256591797,,3.2414151598369343,2.0742142400832027,,0.6006212399789229,-0.1317512371256579,-1.0,
VisualCogA_Task-1,6,4.0,VisualCogA_Task-1:q1_004,71.75,-1,left,unresolved_from_allowed_channels,pre_response_100ms_end,2.21875,73.96875,0,0,0,256,256.0,,,,,2.5881857900388265,2.084903875568368,1.1796310993940298,,,,,2.5151932419402434,2.402891708190669,1.3545783445774238,,,,,2.4737393574888222,2.40206446256467,1.3136153479200354,0.3171605869963017,73.96875,-2.0,left,-1.0,0.0187499999999971,shorter_than_100ms_review_timing_anchor,False,,-1.1015625,-0.10546875,64.67688751220703,9.62937068939209,-1.2000298500061035,6.7762837409973145,120.31184387207033,78.71963500976562,,2.525706129822631,1.2826082639638297,,-0.07374427614750358,-1.0924211423613175,-1.0,
VisualCogA_Task-1,7,5.0,VisualCogA_Task-1:q1_005,80.42578125,-1,left,unresolved_from_allowed_channels,pre_response_100ms_end,2.21484375,82.640625,0,0,0,256,256.0,,,,,1.5551657134946866,1.7242272846394684,2.580784305758808,,,,,1.6974724976476423,2.823324074238684,2.5573626918879677,,,,,2.4590009597045794,2.953560620570418,1.8221178493854724,1.2293333359309495,82.640625,-2.0,left,-1.0,0.0148437499999971,shorter_than_100ms_review_timing_anchor,False,,-1.1015625,-0.10546875,148.65830993652344,48.14444732666016,4.69405460357666,8.572490692138672,196.04498291015625,47.42804718017578,,1.903879723615636,2.320088282344083,,-0.6596503745439994,0.16663432337325532,-1.0,
VisualCogA_Task-1,8,6.0,VisualCogA_Task-1:q1_006,88.69140625,1,right,unresolved_from_allowed_channels,pre_response_100ms_end,2.21484375,90.90625,0,0,0,256,256.0,,,,,1.8168286903218227,1.22708585691432,1.772647501635092,,,,,0.9913432451691616,1.225133631319816,1.9002701303794556,,,,,0.4978733534236322,1.73597096045567,1.4158258164902215,0.5088851035413502,90.90625,2.0,right,1.0,0.0148437499999971,shorter_than_100ms_review_timing_anchor,False,,-1.1015625,-0.10546875,18.023571014404297,127.74883270263672,-0.6230452656745911,6.716180801391602,5.953419208526611,23.27145004272461,,1.1020150963048723,1.6962478161682562,,-1.415194639856875,-0.5904402561558499,1.0,
VisualCogA_Task-1,9,7.0,VisualCogA_Task-1:q1_007,97.0859375,1,right,unresolved_from_allowed_channels,pre_response_100ms_end,2.21484375,99.30078125,0,0,0,256,256.0,,,,,1.8550580196362672,2.563739309864284,1.2549137661336414,,,,,1.467383008705637,2.895870037693124,1.5500930546082403,,,,,1.571591380241891,2.8749199647595733,1.7253726380835055,0.3111806548952898,99.30078125,2.0,right,1.0,0.0148437499999971,shorter_than_100ms_review_timing_anchor,False,,-1.1015625,-0.10546875,-3.946489095687866,7.505656242370605,0.0679433345794677,8.929908752441406,12.882522583007812,6.990023612976074,,1.6313441361945984,1.5101264862751291,,-0.9164427222251986,-0.8163116691374547,1.0,
VisualCogA_Task-1,10,8.0,VisualCogA_Task-1:q1_008,105.8671875,1,right,unresolved_from_allowed_channels,pre_response_100ms_end,2.21484375,108.08203125,0,0,0,256,256.0,,,,,0.876723174176169,1.984946262116052,1.8297293894706492,,,,,2.071502675825766,2.2431893189440952,2.22375406181354,,,,,2.266839477618964,2.396612944329139,2.3700949304009247,0.411666682213087,108.08203125,2.0,right,1.0,0.0148437499999971,shorter_than_100ms_review_timing_anchor,False,,-1.1015625,-0.10546875,-142.81727600097656,24.862205505371094,-1.8098446130752563,6.605939865112305,-131.43849182128906,57.91934585571289,,1.7383551092069665,2.1411927938950384,,-0.8156133250535094,-0.05046801935781387,1.0,
VisualCogA_Task-1,11,9.0,VisualCogA_Task-1:q1_009,114.2734375,1,right,unresolved_from_allowed_channels,pre_response_100ms_end,2.21875,116.4921875,0,0,0,256,256.0,,,,,1.5092185299763468,2.0315764049433085,1.2406346213041517,,,,,1.3772389856317384,2.3524513060627736,0.6203921270788103,,,,,1.6995986926589908,1.966526064834749,1.037930956994889,-0.0650503401085598,116.4921875,2.0,right,1.0,0.0187499999999971,shorter_than_100ms_review_timing_anchor,False,,-1.1015625,-0.10546875,-18.60525703430176,10.460347175598145,0.6258281469345093,6.1557393074035645,-24.448013305664062,16.906085968017578,,1.528685402755692,0.9663192351259503,,-1.0131712904801358,-1.4762602751206495,1.0,
VisualCogA_Task-1,12,10.0,VisualCogA_Task-1:q1_010,122.57421875,-1,left,unresolved_from_allowed_channels,pre_response_100ms_end,2.21484375,124.7890625,0,0,0,256,256.0,,,,,3.562131429365444,2.3135617348660764,2.6769478835488654,,,,,2.6155426489825366,2.192118407865683,2.476238805783074,,,,,2.4148306168254017,2.40374407416968,2.2312166259718627,0.0901823393036034,124.7890625,-2.0,left,-1.0,0.0148437499999971,shorter_than_100ms_review_timing_anchor,False,,-1.1015625,-0.10546875,-13.331443786621094,8.81609058380127,-2.459303855895996,6.974982261657715,-20.06542205810547,8.441152572631836,,2.864168231724461,2.461467771767934,,0.24516628731667567,0.33820834479852496,-1.0,
VisualCogA_Task-1,13,,,130.9375,-1,left,unresolved_from_allowed_channels,pre_response_100ms_end,2.21484375,133.15234375,0,0,0,256,256.0,,,,,2.689125649842804,2.848062919302799,1.5787564753410996,,,,,1.5322945406076178,3.158775775506042,1.3552075386754157,,,,,1.456546193217254,3.60895857199307,1.8027028604297692,0.7608956526902713,133.15234375,-2.0,left,-1.0,0.0148437500000113,shorter_than_100ms_review_timing_anchor,False,,-1.1015625,-0.10546875,-182.1202087402344,50.70560836791992,-7.634746074676514,9.04160213470459,-106.8621597290039,133.94239807128906,,1.8926554612225586,1.5788889581487615,,-0.6702262582962204,-0.7328635404832937,-1.0,
VisualCogA_Task-1,14,,,139.359375,1,right,unresolved_from_allowed_channels,pre_response_100ms_end,2.21484375,141.57421875,0,0,0,256,256.0,,,,,2.407351169819736,2.6401166372362344,2.122344505911853,,,,,2.211860340331954,2.414159228718088,2.1862433997494835,,,,,2.1957851666077177,-0.3542669135295412,-1.1494762989287917,-2.994383550765776,141.57421875,2.0,right,1.0,0.0148437500000113,shorter_than_100ms_review_timing_anchor,False,,-1.1015625,-0.10546875,287.3597106933594,65.96676635742188,11.30296230316162,23.193817138671875,406.79833984375,73.88137817382812,,2.2716655589198025,1.0530372022441814,,-0.3131099869734717,-1.3710218815677215,1.0,
VisualCogA_Task-1,15,11.0,VisualCogA_Task-1:q1_011,147.61328125,-1,left,unresolved_from_allowed_channels,pre_response_100ms_end,2.21484375,149.828125,0,0,0,256,256.0,,,,,4.679581277598351,3.165054153611229,3.0791175985707566,,,,,3.92132250978244,3.401778868383305,2.633363810962853,,,,,4.187624156642192,3.736796758833777,1.8164853348077037,0.5717426052225476,149.828125,-2.0,left,-1.0,0.0148437500000113,shorter_than_100ms_review_timing_anchor,False,,-1.1015625,-0.10546875,73.96221923828125,30.83923721313477,6.575881481170654,25.428497314453125,74.97261047363281,37.2701530456543,,4.262842648007661,2.509655581447104,,1.5630451390209756,0.3966876639983863,-1.0,
VisualCogA_Task-1,16,12.0,VisualCogA_Task-1:q1_012,155.84765625,1,right,unresolved_from_allowed_channels,pre_response_100ms_end,2.21875,158.06640625,0,0,0,256,256.0,,,,,2.8036403508055034,1.7071658519918878,2.348108148651935,,,,,3.419159827909517,2.4654007560107485,2.400780260064476,,,,,3.907193687012852,2.8016203811398213,2.314699133182327,1.0944545291479335,158.06640625,2.0,right,1.0,0.0187500000000113,shorter_than_100ms_review_timing_anchor,False,,-1.1015625,-0.10546875,38.09375381469727,31.489452362060547,9.185264587402344,25.6568603515625,57.4809455871582,32.93666076660156,,3.3766646219092906,2.3545291806329125,,0.7280579069361965,0.20843079218916472,1.0,
VisualCogA_Task-1,17,13.0,VisualCogA_Task-1:q1_013,164.4921875,-1,left,unresolved_from_allowed_channels,pre_response_100ms_end,2.21484375,166.70703125,0,0,0,256,256.0,,,,,2.593230228908188,1.990005369940889,1.4217142123143491,,,,,2.5312434776213,2.145931233985906,2.500651858126046,,,,,3.140629819267421,2.7665875425437174,3.075530213633085,0.7765821726028284,166.70703125,-2.0,left,-1.0,0.0148437500000113,shorter_than_100ms_review_timing_anchor,False,,-1.1015625,-0.10546875,10.875069618225098,12.95846939086914,-9.055719375610352,17.911144256591797,-24.65227508544922,25.272846221923828,,2.75503450859897,2.33263209469116,,0.14233676241764034,0.1818571278773781,-1.0,
VisualCogA_Task-1,18,,,172.9765625,-1,left,unresolved_from_allowed_channels,pre_response_100ms_end,2.21484375,175.19140625,0,0,0,256,256.0,,,,,4.139958296488965,1.9402802484459616,1.8465254590006817,,,,,3.5549677310747927,2.486091702044288,2.316937688201912,,,,,3.4084887269615933,2.246841932609231,1.910287145634499,0.3065616841632692,175.19140625,-2.0,left,-1.0,0.0148437500000113,shorter_than_100ms_review_timing_anchor,False,,-1.1015625,-0.10546875,-20.714597702026367,26.105756759643555,8.226200103759766,9.95601749420166,-9.044503211975098,14.094283103942873,,3.7011382515084503,2.024583430945697,,1.033788053570897,-0.19198173834626342,-1.0,
VisualCogA_Task-1,19,,,181.41796875,1,right,unresolved_from_allowed_channels,pre_response_100ms_end,2.21484375,183.6328125,0,0,0,256,256.0,,,,,1.9935773029456765,2.0989713822472376,2.6782664834136307,,,,,2.8865597363971736,1.7741569846682028,2.1569199658397733,,,,,2.308847027774361,1.634866635074769,2.099229369994576,-0.4641047471724686,183.6328125,2.0,right,1.0,0.0148437500000113,shorter_than_100ms_review_timing_anchor,False,,-1.1015625,-0.10546875,-132.26400756835938,37.73830032348633,35.459590911865234,22.056873321533203,-179.41900634765625,34.27341079711914,,2.3963280223724035,2.311471939749327,,-0.19564875205496726,0.15617778151570108,1.0,
VisualCogA_Task-1,20,14.0,VisualCogA_Task-1:q1_014,189.76171875,-1,left,unresolved_from_allowed_channels,pre_response_100ms_end,2.21875,191.98046875,0,0,0,256,256.0,,,,,2.10163967283727,2.923069106733028,1.5882117262808724,,,,,2.756361530451393,3.163641446770453,1.6745640477795638,,,,,2.532255503379517,2.903275407515173,1.8374380936833603,-0.0197936992178542,191.98046875,-2.0,left,-1.0,0.0187500000000113,shorter_than_100ms_review_timing_anchor,False,,-1.1015625,-0.10546875,43.82216262817383,16.59588623046875,-0.7108488082885742,18.342140197753903,82.36676788330078,26.257591247558597,,2.4634189022227266,1.7000712892479324,,-0.13243343141448988,-0.5858002008354871,-1.0,
VisualCogA_Task-1,21,,,197.953125,-1,left,unresolved_from_allowed_channels,pre_response_100ms_end,2.21484375,200.16796875,0,0,0,256,256.0,,,,,3.362377709965391,3.15038582086163,2.127255138926848,,,,,2.3395845807493467,2.737903781842628,2.0290790383580863,,,,,2.267308264405226,1.9794112637081216,1.83316653085392,-1.1709745571535086,200.16796875,-2.0,left,-1.0,0.0148437500000113,shorter_than_100ms_review_timing_anchor,False,,-1.1015625,-0.10546875,-221.86813354492188,83.64842224121094,34.51058578491211,16.783740997314453,-202.81719970703125,174.80142211914062,,2.6564235183733214,1.996500236046285,,0.049422116199010935,-0.22606268391338555,-1.0,
VisualCogA_Task-1,22,,,206.46875,1,right,unresolved_from_allowed_channels,pre_response_100ms_end,2.21484375,208.68359375,0,0,0,256,256.0,,,,,2.5911610111579155,2.508254131617748,1.096052842240124,,,,,2.123922432664199,2.7597760926218773,1.7300612480538864,,,,,2.021751501930423,2.692023563367973,1.657047288875156,0.1837694317502256,208.68359375,2.0,right,1.0,0.0148437500000113,shorter_than_100ms_review_timing_anchor,False,,-1.1015625,-0.10546875,230.12808227539065,89.91588592529297,-11.458036422729492,12.035849571228027,310.6552429199219,94.88323211669922,,2.245611648584179,1.4943871263897222,,-0.33765887200045425,-0.8354124968544296,1.0,
VisualCogA_Task-1,23,15.0,VisualCogA_Task-1:q1_015,214.84765625,-1,left,unresolved_from_allowed_channels,pre_response_100ms_end,2.21484375,217.0625,0,0,0,256,256.0,,,,,1.960729192499382,2.7196026644514126,1.8182464717910851,,,,,2.360559020961977,2.9648026513630072,1.6824908770773344,,,,,1.4531985881223637,2.75744256463584,1.996974432031823,0.0378399001844269,217.0625,-2.0,left,-1.0,0.0148437500000113,shorter_than_100ms_review_timing_anchor,False,,-1.1015625,-0.10546875,0.6790956258773804,10.539727210998535,-6.613509654998779,7.524631977081299,-2.7730519771575928,7.678572654724121,,1.9248289338612408,1.8325705936334142,,-0.6399113124569443,-0.4250029127556448,-1.0,
VisualCogA_Task-1,24,16.0,VisualCogA_Task-1:q1_016,223.17578125,-1,left,unresolved_from_allowed_channels,pre_response_100ms_end,2.21484375,225.390625,0,0,0,256,256.0,,,,,2.078910239161416,1.1177886275155835,1.6032286129724378,,,,,2.3311662069255847,1.5120775636006591,2.1200295726291776,,,,,2.288323071044564,1.5625911136414952,2.1884224965455035,0.4448024861259116,225.390625,-2.0,left,-1.0,0.0148437500000113,shorter_than_100ms_review_timing_anchor,False,,-1.1015625,-0.10546875,-10.784897804260254,25.304872512817383,-1.332484245300293,10.15972137451172,-51.89178466796875,54.34318542480469,,2.232799839043855,1.970560227382373,,-0.3497305969485125,-0.2575427212258054,-1.0,
VisualCogA_Task-1,25,,,231.6953125,1,right,unresolved_from_allowed_channels,pre_response_100ms_end,2.21484375,233.91015625,0,0,0,256,256.0,,,,,1.8250982945170624,1.180847140421313,1.4670372221246035,,,,,2.123293272703525,0.7147335868381286,1.8464318232584904,,,,,2.138658306980036,1.2448319388548037,2.0291644057092184,0.0639847984334904,233.91015625,2.0,right,1.0,0.0148437500000113,shorter_than_100ms_review_timing_anchor,False,,-1.1015625,-0.10546875,46.99977111816406,15.191360473632812,-9.158109664916992,10.799253463745115,-85.35733032226562,28.94207191467285,,2.0290166247335413,1.780877817030771,,-0.541742108237577,-0.4877357575020577,1.0,
VisualCogA_Task-1,26,,,239.8828125,1,right,unresolved_from_allowed_channels,pre_response_100ms_end,2.21875,242.1015625,0,0,0,256,256.0,,,,,-3.780225410120289,-8.879155578667033,-12.126850978593032,,,,,2.3276681329966062,2.946904952925017,1.8017931363206297,,,,,-3.4867742547519303,-8.340464069641847,-11.272533305235532,0.5386915090251865,242.1015625,2.0,right,1.0,0.0187500000000113,shorter_than_100ms_review_timing_anchor,False,,-1.1015625,-0.10546875,249.5523376464844,18.00406265258789,-19.01033973693848,31.31581115722656,236.2919921875,20.422378540039062,,-1.6464438439585376,-7.199197049169311,,-4.004886615331858,-11.385692482149926,1.0,
VisualCogA_Task-1,27,,,248.33984375,-1,left,unresolved_from_allowed_channels,pre_response_100ms_end,2.21484375,250.5546875,0,0,0,256,256.0,,,,,2.1500423843932666,3.0098464673816454,2.372122234377616,,,,,1.9785421744888363,3.7104055551357007,2.6218473831050426,,,,,2.110630399512186,3.768189035226912,2.701696120790763,0.7583425678452667,250.5546875,-2.0,left,-1.0,0.0148437500000113,shorter_than_100ms_review_timing_anchor,False,,-1.1015625,-0.10546875,-113.47313690185548,36.93610382080078,-4.889951705932617,14.40893840789795,-87.21212768554688,42.05817031860352,,2.079738319464763,2.565221912757807,,-0.49395039343198927,0.46412134166745966,-1.0,
VisualCogA_Task-1,28,17.0,VisualCogA_Task-1:q1_017,256.49609375,-1,left,unresolved_from_allowed_channels,pre_response_100ms_end,2.21875,258.71484375,0,0,0,256,256.0,,,,,2.929923175051775,2.2333740450979787,2.8494509791491254,,,,,2.748044633378844,3.2891249543772862,2.7756504572736427,,,,,2.843061305686432,3.3842590681526152,2.628869747094424,1.1508850230546366,258.71484375,-2.0,left,-1.0,0.0187500000000113,shorter_than_100ms_review_timing_anchor,False,,-1.1015625,-0.10546875,-3.4232845306396484,43.13014602661133,8.904964447021484,24.24897003173828,-62.53469467163086,74.1596908569336,,2.8403430380390167,2.7513237278390643,,0.2227173753109469,0.6899690720430268,-1.0,
VisualCogA_Task-1,29,18.0,VisualCogA_Task-1:q1_018,265.078125,-1,left,unresolved_from_allowed_channels,pre_response_100ms_end,2.21484375,267.29296875,0,0,0,256,256.0,,,,,1.6925496911773334,1.7229869353859848,1.9340011490815632,,,,,2.7379024717726725,2.3409979650397337,2.128629049947344,,,,,2.7120344167356576,2.5551540817036305,2.129850145752182,0.8321671463176457,267.29296875,-2.0,left,-1.0,0.0148437500000113,shorter_than_100ms_review_timing_anchor,False,,-1.1015625,-0.10546875,14.90342903137207,10.6449613571167,-0.5976515412330627,6.2637128829956055,15.933116912841797,18.58941078186035,,2.3808288598952214,2.06416011492703,,-0.21025259281305206,-0.14395262993014002,-1.0,
VisualCogA_Task-1,30,19.0,VisualCogA_Task-1:q1_019,273.34375,-1,left,unresolved_from_allowed_channels,pre_response_100ms_end,2.21875,275.5625,0,0,0,256,256.0,,,,,3.694962429359952,3.947645941673771,2.334479408026654,,,,,3.763804084002915,3.934007991334261,2.495024710147208,,,,,4.017828907246223,3.816593413571148,2.212436162439538,-0.1310525281026233,275.5625,-2.0,left,-1.0,0.0187500000000113,shorter_than_100ms_review_timing_anchor,False,,-1.1015625,-0.10546875,26.50560188293457,18.019380569458008,0.4542534351348877,18.63070297241211,20.107784271240234,19.063703536987305,,3.8255318068696966,2.3473134268711333,,1.1509959140925277,0.19967396405540777,-1.0,
VisualCogA_Task-1,31,20.0,VisualCogA_Task-1:q1_020,281.56640625,1,right,unresolved_from_allowed_channels,pre_response_100ms_end,2.21484375,283.78125,0,0,0,256,256.0,,,,,2.90936955720707,3.3213091027993857,2.358045097010585,,,,,1.580037685614369,3.458634525694727,2.4293438841557813,,,,,1.86740770974832,3.153355949577563,2.081764355631683,-0.1679531532218225,283.78125,2.0,right,1.0,0.0148437500000113,shorter_than_100ms_review_timing_anchor,False,,-1.1015625,-0.10546875,-20.771703720092773,13.36190700531006,-1.0379514694213867,8.057317733764648,-3.9346017837524414,10.715424537658691,,2.118938317523253,2.289717778932683,,-0.45701481512534103,0.12977756696368858,1.0,
VisualCogA_Task-1,32,21.0,VisualCogA_Task-1:q1_021,290.11328125,1,right,unresolved_from_allowed_channels,pre_response_100ms_end,2.21875,292.33203125,0,0,0,256,256.0,,,,,3.8976589085302455,3.220191061738267,1.945226440828773,,,,,3.3923299608912285,3.4260927132873444,2.2814281045011,,,,,3.101731201377776,3.2885525849494552,1.9667955900656409,0.068361523211188,292.33203125,2.0,right,1.0,0.0187500000000113,shorter_than_100ms_review_timing_anchor,False,,-1.1015625,-0.10546875,-17.884183883666992,17.665050506591797,-2.965461254119873,11.67328929901123,-4.904149055480957,10.6146879196167,,3.4639066902664166,2.0644833784651713,,0.8102603662993465,-0.14356032673647945,1.0,
VisualCogA_Task-1,33,22.0,VisualCogA_Task-1:q1_022,298.5234375,-1,left,unresolved_from_allowed_channels,pre_response_100ms_end,2.21484375,300.73828125,0,0,0,256,256.0,,,,,2.2994962098237237,2.9500714349767696,2.068234669474489,,,,,3.5719351827403707,3.01212072841143,2.492754403825677,,,,,3.379856303634577,3.3001132586549136,2.6424764103651643,0.3500418236781439,300.73828125,-2.0,left,-1.0,0.0148437500000113,shorter_than_100ms_review_timing_anchor,False,,-1.1015625,-0.10546875,8.22476577758789,18.488676071166992,0.4179959893226623,8.167333602905273,9.130189895629885,15.638394355773926,,3.083762565399557,2.401155161221777,,0.452075575808237,0.26501472119561975,-1.0,
VisualCogA_Task-1,34,23.0,VisualCogA_Task-1:q1_023,307.3203125,1,right,unresolved_from_allowed_channels,pre_response_100ms_end,2.21484375,309.53515625,0,0,0,256,256.0,,,,,1.9327212496934767,3.053951547500604,1.801669687346669,,,,,1.564423512675491,3.5220033714069685,1.36234932645389,,,,,1.7746509108941275,3.2106129673550097,1.4554255478580176,0.1566614198544056,309.53515625,2.0,right,1.0,0.0148437500000113,shorter_than_100ms_review_timing_anchor,False,,-1.1015625,-0.10546875,15.249173164367676,8.31627082824707,-0.8524137735366821,6.94387674331665,-0.03657066822052,7.438137531280518,,1.7572652244210316,1.5398148538861924,,-0.7977955680160043,-0.7802827328232843,1.0,
VisualCogA_Task-1,35,,,315.58984375,-1,left,unresolved_from_allowed_channels,pre_response_100ms_end,2.21484375,317.8046875,0,0,0,256,256.0,,,,,2.6467506912160257,3.3179916315564397,2.70963797204582,,,,,4.045229743089705,4.290755741288833,3.1768606672636115,,,,,3.858106798848632,4.458805490989659,2.7295357627756727,1.1408138594332191,317.8046875,-2.0,left,-1.0,0.0148437500000113,shorter_than_100ms_review_timing_anchor,False,,-1.1015625,-0.10546875,173.98043823242188,151.72303771972656,-58.41126251220703,21.303783416748047,212.3154754638672,143.49655151367188,,3.5166957443847875,2.8720114673617014,,0.8600000177966171,0.8364321897909328,-1.0,
VisualCogA_Task-1,36,,,323.94921875,-1,left,unresolved_from_allowed_channels,pre_response_100ms_end,2.21875,326.16796875,0,0,0,256,256.0,,,,,1.3491469965164706,2.7642412407601262,2.80063104125466,,,,,1.448121060424046,3.549387844719118,2.932664602957068,,,,,1.5747859863344325,3.2914898110115334,3.010340745538828,0.5272485702514071,326.16796875,-2.0,left,-1.0,0.0187500000000113,shorter_than_100ms_review_timing_anchor,False,,-1.1015625,-0.10546875,33.208961486816406,14.432490348815918,-3.984116315841675,7.629458427429199,70.99327850341797,13.463238716125488,,1.4573513477583164,2.9145454632501853,,-1.0803846758062012,0.8880502056121296,-1.0,
VisualCogA_Task-1,37,24.0,VisualCogA_Task-1:q1_024,332.328125,-1,left,unresolved_from_allowed_channels,pre_response_100ms_end,2.21484375,334.54296875,0,0,0,256,256.0,,,,,2.6584631971144304,1.9259067736933893,2.2893631338260616,,,,,2.740284841748037,1.7584719000750282,1.9114587985554283,,,,,2.525037492919598,1.695524189392241,1.839360025870396,-0.2303825843011482,334.54296875,-2.0,left,-1.0,0.0148437500000113,shorter_than_100ms_review_timing_anchor,False,,-1.1015625,-0.10546875,-19.17255401611328,11.807400703430176,0.0609034895896911,6.070891857147217,-5.168471813201904,9.096776962280272,,2.641261843927355,2.013393986083962,,0.03513626820168932,-0.20556092200485412,-1.0,
VisualCogA_Task-1,38,,,340.640625,-1,left,unresolved_from_allowed_channels,pre_response_100ms_end,2.21875,342.859375,0,0,0,256,256.0,,,,,2.5330976330252284,0.0783117782802624,0.0840308644797542,,,,,1.863212227043241,3.0527645199134623,2.4634940968175307,,,,,2.4307500921525427,0.6948542053104446,-3.55224277188401,0.6165424270301822,342.859375,-2.0,left,-1.0,0.0187500000000113,shorter_than_100ms_review_timing_anchor,False,,-1.1015625,-0.10546875,171.509521484375,69.52037048339844,-50.141212463378906,12.650402069091797,233.4017333984375,51.6578483581543,,2.275686650740337,-0.33490593686224174,,-0.309321176790523,-3.055389160418056,-1.0,
VisualCogA_Task-1,39,,,349.03515625,-1,left,unresolved_from_allowed_channels,pre_response_100ms_end,2.21484375,351.25,0,0,0,256,256.0,,,,,3.069678749244124,2.094710917380419,2.716348787611718,,,,,3.3916565899739117,2.3437565731911536,2.5382325205622207,,,,,3.513420515262802,2.7056262137083147,2.4383508662895546,0.6109152963278959,351.25,-2.0,left,-1.0,0.0148437500000113,shorter_than_100ms_review_timing_anchor,False,,-1.1015625,-0.10546875,-201.5578155517578,67.43134307861328,12.070679664611816,22.664695739746094,-195.66799926757807,43.599891662597656,,3.3249186181602792,2.5643107248211643,,0.6793010531558485,0.4630155505855915,-1.0,
VisualCogA_Task-1,40,,,357.23828125,-1,left,unresolved_from_allowed_channels,pre_response_100ms_end,2.21875,359.45703125,0,0,0,256,256.0,,,,,3.0250088739843446,2.758794981169891,2.0204233519008787,,,,,4.094738100138325,3.2184369629874165,2.62882204807925,,,,,3.909077382561884,2.9659548306552805,2.634028850616972,0.2071598494853894,359.45703125,-2.0,left,-1.0,0.0187500000000113,shorter_than_100ms_review_timing_anchor,False,,-1.1015625,-0.10546875,-103.580322265625,30.80440330505371,-0.0886735916137695,26.05990982055664,-201.49087524414065,45.9004135131836,,3.676274785561518,2.427758083532367,,1.0103608459448317,0.29729925115886036,-1.0,
VisualCogA_Task-1,41,25.0,VisualCogA_Task-1:q1_025,365.4453125,1,right,unresolved_from_allowed_channels,pre_response_100ms_end,2.21875,367.6640625,0,0,0,256,256.0,,,,,2.4836843956925225,2.542681153863745,2.460416716646552,,,,,2.1554270758307457,3.073562145027888,2.215790409150948,,,,,2.6037047198208927,3.237739907882752,2.47353345178994,0.6950587540190072,367.6640625,2.0,right,1.0,0.0187500000000113,shorter_than_100ms_review_timing_anchor,False,,-1.1015625,-0.10546875,-24.36359214782715,23.52634620666504,-15.429369926452637,15.442259788513184,-33.57215881347656,44.42622375488281,,2.4142720637813873,2.3832468591958134,,-0.17874126278391325,0.24328172860939437,1.0,
VisualCogA_Task-1,42,,,373.8203125,-1,left,unresolved_from_allowed_channels,pre_response_100ms_end,2.21875,376.0390625,0,0,0,256,256.0,,,,,3.2248998118914227,3.1270325191375825,2.252481402837184,,,,,2.240012921977887,2.825296718638854,2.2479709655807025,,,,,1.4163841178797538,2.5614280594127927,2.187556505996308,-0.5656044597247898,376.0390625,-2.0,left,-1.0,0.0187500000000113,shorter_than_100ms_review_timing_anchor,False,,-1.1015625,-0.10546875,-7.915390968322754,10.404916763305664,-2.2551584243774414,7.375678062438965,-3.9379472732543945,12.938621520996094,,2.293765617249688,2.229336291471398,,-0.2922865564771995,0.05650035634713657,-1.0,
VisualCogA_Task-1,43,,,382.33984375,1,right,unresolved_from_allowed_channels,pre_response_100ms_end,2.21484375,384.5546875,0,0,0,256,256.0,,,,,3.109954976189933,3.3119928482675305,2.026703965356432,,,,,2.733797267764364,3.3498227225311505,2.168522371126335,,,,,2.2899097692962678,2.830521842488158,2.277175950477774,-0.4814710057793725,384.5546875,2.0,right,1.0,0.0148437500000113,shorter_than_100ms_review_timing_anchor,False,,-1.1015625,-0.10546875,-26.078842163085938,8.759697914123535,-9.612330436706545,7.16987943649292,-20.274803161621094,10.962676048278809,,2.7112206710835216,2.157467428986847,,0.10105386684065687,-0.030717597275306704,1.0,
VisualCogA_Task-1,44,26.0,VisualCogA_Task-1:q1_026,390.60546875,-1,left,unresolved_from_allowed_channels,pre_response_100ms_end,2.21875,392.82421875,0,0,0,256,256.0,,,,,1.8832510630393748,3.156556898714698,2.394956472082243,,,,,2.571175526593381,2.707407763103464,2.2777661735117625,,,,,2.937777985082586,2.5747863985637007,1.9370814046565623,-0.5817705001509972,392.82421875,-2.0,left,-1.0,0.0187500000000113,shorter_than_100ms_review_timing_anchor,False,,-1.1015625,-0.10546875,-89.5846939086914,21.28630256652832,-0.6614212989807129,9.694727897644045,-60.830299377441406,9.6179838180542,,2.4640681915717804,2.2032680167501892,,-0.13182164879246364,0.024864659091732803,-1.0,
VisualCogA_Task-1,45,,,398.8125,-1,left,unresolved_from_allowed_channels,pre_response_100ms_end,2.21484375,401.02734375,0,0,0,256,256.0,,,,,2.791476488399262,3.02630476617712,2.0924104802250523,,,,,1.6647614098713936,3.194265528380057,2.2268500911707574,,,,,1.738820881485284,3.0679459516491385,2.19741147743474,0.0416411854720188,401.02734375,-2.0,left,-1.0,0.0148437500000113,shorter_than_100ms_review_timing_anchor,False,,-1.1015625,-0.10546875,-164.50759887695312,28.828338623046875,2.5328173637390137,10.041546821594238,-122.32408905029295,83.29376983642578,,2.06501959325198,2.17222401627685,,-0.5078188804608712,-0.012809433692479947,-1.0,
VisualCogA_Task-1,46,27.0,VisualCogA_Task-1:q1_027,407.16015625,-1,left,unresolved_from_allowed_channels,pre_response_100ms_end,2.21484375,409.375,0,0,0,256,256.0,,,,,2.559542470586505,2.7412175249886337,2.096794038864606,,,,,2.487836775630648,2.544792771351641,2.2874395082855994,,,,,2.635100197731441,2.3359453795946235,2.297361635499449,-0.4052721453940102,409.375,-2.0,left,-1.0,0.0148437500000113,shorter_than_100ms_review_timing_anchor,False,,-1.1015625,-0.10546875,6.527658939361572,9.21768856048584,2.3607888221740723,7.910287380218506,3.028958320617676,10.645733833312988,,2.560826481316198,2.2271983942165514,,-0.04065268030578613,0.05390586664496757,-1.0,
VisualCogA_Task-1,47,,,415.70703125,1,right,unresolved_from_allowed_channels,pre_response_100ms_end,2.21484375,417.921875,0,0,0,256,256.0,,,,,2.1963855243953807,2.2447784044326764,1.9621527107675585,,,,,2.321819199119441,2.514599812487134,2.437725124607722,,,,,2.6368864633701734,2.3907774363650662,2.428643906878029,0.1459990319323898,417.921875,2.0,right,1.0,0.0148437500000113,shorter_than_100ms_review_timing_anchor,False,,-1.1015625,-0.10546875,23.075830459594727,7.399848937988281,-7.396412372589111,6.728423118591309,41.4140625,8.421210289001465,,2.385030395628332,2.276173914084436,,-0.20629376220681253,0.11334112793618983,1.0,
VisualCogA_Task-1,48,28.0,VisualCogA_Task-1:q1_028,424.19140625,-1,left,unresolved_from_allowed_channels,pre_response_100ms_end,2.21875,426.41015625,0,0,0,256,256.0,,,,,1.7419958439491503,2.1344658163406347,1.6169689676526622,,,,,2.1565461224812097,3.030718065876509,2.3262354685496334,,,,,2.474130507191413,3.494234366115592,2.1401940172119627,1.359768549774957,426.41015625,-2.0,left,-1.0,0.0187500000000113,shorter_than_100ms_review_timing_anchor,False,,-1.1015625,-0.10546875,26.580833435058597,14.049139976501465,0.5458459854125977,6.959901332855225,25.40390396118164,8.44933795928955,,2.124224157873924,2.0277994844714193,,-0.4520343156391589,-0.18807882966569223,-1.0,
VisualCogA_Task-1,49,29.0,VisualCogA_Task-1:q1_029,432.5234375,-1,left,unresolved_from_allowed_channels,pre_response_100ms_end,2.21484375,434.73828125,0,0,0,256,256.0,,,,,1.8415399532374568,2.058418171382584,1.362100979276382,,,,,2.3355692857897,2.653908876649292,2.1638375839593644,,,,,1.8966982446519791,2.3911871098270354,1.997888974479051,0.3327689384444516,434.73828125,-2.0,left,-1.0,0.0148437500000113,shorter_than_100ms_review_timing_anchor,False,,-1.1015625,-0.10546875,38.60308074951172,14.94151496887207,-1.3964135646820068,7.612741947174072,92.4358367919922,47.426048278808594,,2.024602494559712,1.8412758459049325,,-0.5459012525938582,-0.41443847270969075,-1.0,
VisualCogA_Task-1,50,30.0,VisualCogA_Task-1:q1_030,440.76171875,1,right,unresolved_from_allowed_channels,pre_response_100ms_end,2.21484375,442.9765625,0,0,0,256,256.0,,,,,3.523850510821529,2.529170467528356,3.0387378971649865,,,,,3.220308064153023,2.893098261972416,3.3298146573629834,,,,,3.367779575643097,2.8036795330256528,3.2637576716926966,0.2745090654972966,442.9765625,2.0,right,1.0,0.0148437500000113,shorter_than_100ms_review_timing_anchor,False,,-1.1015625,-0.10546875,-119.70124816894533,174.46356201171875,7.982039928436279,24.154932022094727,-171.62335205078125,207.86062622070312,,3.370646050205883,3.2107700754068884,,0.7223870029194742,1.2475397479777581,1.0,
VisualCogA_Task-1,51,,,449.15234375,1,right,unresolved_from_allowed_channels,pre_response_100ms_end,2.21875,451.37109375,0,0,0,256,256.0,,,,,2.3333904272631134,1.616285305353406,2.5870195042289184,,,,,1.80880092839276,1.9840714189713455,2.7860767896666707,,,,,2.6554368831215904,1.3445563628976678,2.5854208240583447,-0.2717289424557383,451.37109375,2.0,right,1.0,0.0187500000000113,shorter_than_100ms_review_timing_anchor,False,,-1.1015625,-0.10546875,79.44833374023438,186.684814453125,-38.93310928344727,23.32501220703125,61.65006637573242,155.0021514892578,,2.2658760795924877,2.652839039317978,,-0.3185650323214253,0.5704509288722024,1.0,
VisualCogA_Task-1,52,,,457.609375,1,right,unresolved_from_allowed_channels,pre_response_100ms_end,2.21484375,459.82421875,0,0,0,256,256.0,,,,,3.701704985957413,2.4598477781554733,3.010126317057599,,,,,2.8606478533360504,1.9173411813649883,2.9797509872985795,,,,,2.8168767846186027,2.225567037578357,2.918692389755745,-0.2342807405771161,459.82421875,2.0,right,1.0,0.0148437500000113,shorter_than_100ms_review_timing_anchor,False,,-1.1015625,-0.10546875,181.79136657714844,196.60264587402344,-59.09146118164063,21.392807006835938,137.4301300048828,186.88804626464844,,3.1264098746373556,2.969523231370641,,0.49225932856175,0.9547696201739795,1.0,
VisualCogA_Task-1,53,,,465.875,-1,left,unresolved_from_allowed_channels,pre_response_100ms_end,2.21875,468.09375,0,0,0,256,256.0,,,,,1.895188059557533,1.5493749378180388,2.6962032506869336,,,,,1.71040939091985,1.6642667027326763,2.628618011494948,,,,,2.155732087958252,1.5657972063656749,2.361606734517336,0.016422268547636,468.09375,-2.0,left,-1.0,0.0187500000000113,shorter_than_100ms_review_timing_anchor,False,,-1.1015625,-0.10546875,13.741764068603516,51.40192031860352,-23.9377384185791,15.65908145904541,44.295501708984375,174.48794555664062,,1.9204431794785453,2.5621426655664057,,-0.6440437201727323,0.46038445716077364,-1.0,
VisualCogA_Task-1,54,31.0,VisualCogA_Task-1:q1_031,474.28515625,1,right,unresolved_from_allowed_channels,pre_response_100ms_end,2.21484375,476.5,0,0,0,256,256.0,,,,,2.536209436795807,2.626726762410448,2.0058641934970542,,,,,2.497664550571965,3.1440721476038047,2.760270813676834,,,,,2.229628423719264,3.3711891081889136,2.995698100700244,0.7444623457784663,476.5,2.0,right,1.0,0.0148437500000113,shorter_than_100ms_review_timing_anchor,False,,-1.1015625,-0.10546875,-6.9464311599731445,33.53518295288086,1.9707980155944824,19.42557716369629,10.636486053466797,23.357324600219727,,2.421167470362345,2.5872777026247107,,-0.17224417496908395,0.4908876044301614,1.0,
VisualCogA_Task-1,55,32.0,VisualCogA_Task-1:q1_032,482.58203125,-1,left,unresolved_from_allowed_channels,pre_response_100ms_end,2.21875,484.80078125,0,0,0,256,256.0,,,,,2.696369972552903,2.479475328824288,1.8040243434495236,,,,,2.3431598398964057,2.324965844319444,2.2888850736345816,,,,,2.24961227628212,2.3720620836662816,2.31808855645888,-0.1074132451580061,484.80078125,-2.0,left,-1.0,0.0187500000000113,shorter_than_100ms_review_timing_anchor,False,,-1.1015625,-0.10546875,9.302002906799316,32.540489196777344,-4.249784469604492,9.41236972808838,5.134134292602539,12.868966102600098,,2.4297140295771427,2.136999324514328,,-0.16419131469445977,-0.055557091388730426,-1.0,
VisualCogA_Task-1,56,,,491.0234375,-1,left,unresolved_from_allowed_channels,pre_response_100ms_end,2.21484375,493.23828125,0,0,0,256,256.0,,,,,2.480815558717667,2.491736367279674,2.554111244536286,,,,,2.404027417449761,2.814233915051995,2.3316483785099438,,,,,2.949934011828757,2.7388784853360733,2.309907502937485,0.247142118056399,493.23828125,-2.0,left,-1.0,0.0148437500000113,shorter_than_100ms_review_timing_anchor,False,,-1.1015625,-0.10546875,-5.767888069152832,8.877074241638184,-8.365422248840332,8.631692886352539,3.431030035018921,9.067948341369627,,2.611592329332062,2.398555708661238,,0.007180637234066088,0.2618601014474979,-1.0,
VisualCogA_Task-1,57,33.0,VisualCogA_Task-1:q1_033,499.4609375,1,right,unresolved_from_allowed_channels,pre_response_100ms_end,2.21484375,501.67578125,0,0,0,256,256.0,,,,,2.58011470123517,2.5797475651960635,1.7510474226687367,,,,,2.9916325378492967,2.345979129342843,1.4627451125624298,,,,,3.1031303501048804,2.6521895856679394,1.1614590677099192,0.0724420204718758,501.67578125,2.0,right,1.0,0.0148437500000113,shorter_than_100ms_review_timing_anchor,False,,-1.1015625,-0.10546875,-13.59160614013672,9.568052291870115,-7.202388763427734,7.967453479766846,-14.336155891418455,6.404188632965088,,2.8916258630631155,1.458417200980362,,0.271037806261925,-0.8790645483507322,1.0,
VisualCogA_Task-1,58,,,507.91796875,1,right,unresolved_from_allowed_channels,pre_response_100ms_end,2.21484375,510.1328125,0,0,0,256,256.0,,,,,2.813026278720062,2.240954236857012,2.535555021707047,,,,,1.744975496684458,2.0805341432966413,2.2074512263668806,,,,,1.6263805869628585,1.574211688860164,2.231825473860505,-0.6667425479968481,510.1328125,2.0,right,1.0,0.0148437500000113,shorter_than_100ms_review_timing_anchor,False,,-1.1015625,-0.10546875,-14.638495445251465,17.334638595581055,-8.0726900100708,7.629596710205078,-14.169782638549805,16.522777557373047,,2.061460787455793,2.3249439073114773,,-0.5111721089474413,0.17252696809551193,1.0,
VisualCogA_Task-1,59,,,516.30859375,-1,left,unresolved_from_allowed_channels,pre_response_100ms_end,2.21484375,518.5234375,0,0,0,256,256.0,,,,,3.0955238325353123,2.4951719546957274,2.4719466588825525,,,,,3.165309452119383,3.207627097754897,2.671981766306686,,,,,2.9340246989967724,3.6731898882385545,2.7334455297149365,1.1780179335428271,518.5234375,-2.0,left,-1.0,0.0148437499999545,shorter_than_100ms_review_timing_anchor,False,,-1.1015625,-0.10546875,-70.5919418334961,9.73256015777588,-0.8303272724151611,8.93832778930664,-36.8016357421875,14.33843994140625,,3.0649526612171556,2.6257913183013915,,0.43435224103069436,0.537626604183266,-1.0,
VisualCogA_Task-1,60,34.0,VisualCogA_Task-1:q1_034,524.75,1,right,unresolved_from_allowed_channels,pre_response_100ms_end,2.21484375,526.96484375,0,0,0,256,256.0,,,,,3.1230385501003086,3.210208496777168,2.1959241487173182,,,,,2.4579502823935298,2.801654145645784,1.362943155122803,,,,,3.0666204688654126,2.406679461565961,1.7210167658869977,-0.8035290352112061,526.96484375,2.0,right,1.0,0.0148437499999545,shorter_than_100ms_review_timing_anchor,False,,-1.1015625,-0.10546875,93.0443115234375,22.82864570617676,-0.7894909977912903,5.605570316314697,2.142174005508423,12.24862575531006,,2.882536433786417,1.7599613565757064,,0.26247343525580125,-0.513119363348159,1.0,
VisualCogA_Task-1,61,,,533.8125,-1,left,unresolved_from_allowed_channels,pre_response_100ms_end,2.21484375,536.02734375,0,0,0,256,256.0,,,,,2.498019858405423,3.131736489306756,2.6904549862954865,,,,,1.7110261089222714,3.390086218834552,3.1622244869733493,,,,,2.469633972165921,3.6432520098356416,3.291385367366872,0.5115155205288855,536.02734375,-2.0,left,-1.0,0.0148437499999545,shorter_than_100ms_review_timing_anchor,False,,-1.1015625,-0.10546875,-7.995414733886719,15.371783256530762,-6.325316905975342,8.590324401855469,-10.237083435058594,16.4157772064209,,2.2262266464978717,3.048021613545236,,-0.35592408368401124,1.0500329653731935,-1.0,
VisualCogA_Task-1,62,,,542.140625,1,right,unresolved_from_allowed_channels,pre_response_100ms_end,2.21875,544.359375,0,0,0,256,256.0,,,,,2.87174360571994,2.327573730699366,2.1783137879273684,,,,,1.9864492175779644,3.166783558653349,2.213367722640874,,,,,2.3070522623265464,3.8220744122405694,2.294752570777032,1.4945006815412043,544.359375,2.0,right,1.0,0.0187499999999545,shorter_than_100ms_review_timing_anchor,False,,-1.1015625,-0.10546875,-142.30319213867188,22.527307510375977,2.9225411415100098,10.2506103515625,-171.61227416992188,23.629047393798828,,2.3884150285414836,2.2288113604484248,,-0.20310464536511158,0.05586331538066082,1.0,
VisualCogA_Task-1,63,,,550.55078125,1,right,unresolved_from_allowed_channels,pre_response_100ms_end,2.21484375,552.765625,0,0,0,256,256.0,,,,,2.2314441006420287,2.8982446629398155,2.748236392335302,,,,,1.4444388149917833,2.4792117123877206,2.7358053884574183,,,,,1.766964885507463,2.8691269521240508,2.574091892047828,-0.0291177108157647,552.765625,2.0,right,1.0,0.0148437499999545,shorter_than_100ms_review_timing_anchor,False,,-1.1015625,-0.10546875,-67.85926055908203,32.85918045043945,-4.012395858764648,7.592269420623779,-120.59922790527344,18.705541610717773,,1.8142826003804249,2.6860445576135166,,-0.744071847125879,0.6107481765896269,1.0,
VisualCogA_Task-1,64,35.0,VisualCogA_Task-1:q1_035,558.73828125,-1,left,unresolved_from_allowed_channels,pre_response_100ms_end,2.21875,560.95703125,0,0,0,256,256.0,,,,,2.1887503817620737,1.2503589838695883,0.8621919880739658,,,,,2.018152227806422,1.739935584352253,1.0668422360827343,,,,,1.5526724339686413,2.597154889701639,1.4886832664983336,1.3467959058320509,560.95703125,-2.0,left,-1.0,0.0187499999999545,shorter_than_100ms_review_timing_anchor,False,,-1.1015625,-0.10546875,-14.741167068481444,12.34951114654541,0.975971221923828,13.201009750366213,-5.48784065246582,11.23179531097412,,1.919858347845712,1.1392391635516779,,-0.6445947685309104,-1.266409697604228,-1.0,
VisualCogA_Task-1,65,,,567.2421875,1,right,unresolved_from_allowed_channels,pre_response_100ms_end,2.21484375,569.45703125,0,0,0,256,256.0,,,,,2.5912420777560925,2.048818984045788,2.1108405416998965,,,,,1.930900729468433,2.498759971630922,2.029993067833847,,,,,1.6123978157050876,3.1701664978369863,1.8984735139757711,1.1213475137911986,569.45703125,2.0,right,1.0,0.0148437499999545,shorter_than_100ms_review_timing_anchor,False,,-1.1015625,-0.10546875,-64.98146057128906,26.96227264404297,-0.8160333633422852,10.71104621887207,-87.8969497680664,29.623655319213867,,2.044846874309871,2.0131023745031715,,-0.5268263058957533,-0.2059148133070102,1.0,
VisualCogA_Task-1,66,36.0,VisualCogA_Task-1:q1_036,575.5390625,-1,left,unresolved_from_allowed_channels,pre_response_100ms_end,2.21875,577.7578125,0,0,0,256,256.0,,,,,3.4028449973477937,2.8176503442414664,1.8504882099904516,,,,,2.290990508586808,2.517568989764666,1.9744405754599887,,,,,3.0642544797496725,2.584451824673763,2.250227254472612,-0.2331985195677033,577.7578125,-2.0,left,-1.0,0.0187499999999545,shorter_than_100ms_review_timing_anchor,False,,-1.1015625,-0.10546875,-16.333332061767578,16.853866577148438,-3.281765937805176,10.619751930236816,-11.881237983703612,14.819674491882324,,2.9193633285614244,2.0250520133076844,,0.2971729945191309,-0.19141308046991426,-1.0,
VisualCogA_Task-1,67,,,583.96484375,-1,left,unresolved_from_allowed_channels,pre_response_100ms_end,2.21484375,586.1796875,0,0,0,256,256.0,,,,,3.277823701986668,1.3742784303866156,2.2201670190322544,,,,,2.8238677642216685,1.8597510767741696,1.9113683668304275,,,,,2.067002183661652,2.228479397322251,1.8057158393984405,0.8542009669356356,586.1796875,-2.0,left,-1.0,0.0148437499999545,shorter_than_100ms_review_timing_anchor,False,,-1.1015625,-0.10546875,-21.84933090209961,14.63693618774414,-17.418621063232422,8.781997680664062,-12.297924995422363,14.551457405090332,,2.722897883289996,1.9790837417537075,,0.11205653539212043,-0.2471988329904924,-1.0,
VisualCogA_Task-1,68,37.0,VisualCogA_Task-1:q1_037,592.23046875,1,right,unresolved_from_allowed_channels,pre_response_100ms_end,2.21875,594.44921875,0,0,0,256,256.0,,,,,3.309593441478113,3.004363312620526,2.093769629720033,,,,,4.121034957705925,2.700293101057499,2.180846088055412,,,,,3.04227542120756,1.6797688324554414,1.611410877570996,-1.3245944801650846,594.44921875,2.0,right,1.0,0.0187499999999545,shorter_than_100ms_review_timing_anchor,False,,-1.1015625,-0.10546875,20.39609909057617,13.69698715209961,-8.299081802368164,9.585945129394531,22.367076873779297,11.10228157043457,,3.490967940130533,1.9620088651154806,,0.8357584010681355,-0.2679204048542733,1.0,
VisualCogA_Task-1,69,38.0,VisualCogA_Task-1:q1_038,600.625,1,right,unresolved_from_allowed_channels,pre_response_100ms_end,2.21484375,602.83984375,0,0,0,256,256.0,,,,,2.3067455400175128,2.574384070649779,2.84010956094238,,,,,3.5690856542122544,3.128644944010557,2.896637807895915,,,,,3.2483252649269447,3.3643456450976563,2.9582854754608707,0.7899615744478772,602.83984375,2.0,right,1.0,0.0148437499999545,shorter_than_100ms_review_timing_anchor,False,,-1.1015625,-0.10546875,38.43029022216797,41.44047927856445,-11.33072280883789,9.42024040222168,50.24248504638672,9.764811515808104,,3.0413854863855705,2.898344281433056,,0.412146443209999,0.8683889242796344,1.0,
VisualCogA_Task-1,70,,,608.94140625,-1,left,unresolved_from_allowed_channels,pre_response_100ms_end,2.21484375,611.15625,0,0,0,256,256.0,,,,,2.481280794019073,4.529921092332079,3.185432682829742,,,,,3.0935389203322536,4.240513192968688,2.8608624296130545,,,,,3.0038491639535225,3.864513997336272,2.708835815821792,-0.6654070949958073,611.15625,-2.0,left,-1.0,0.0148437499999545,shorter_than_100ms_review_timing_anchor,False,,-1.1015625,-0.10546875,-17.957393646240234,11.26158046722412,-9.704512596130373,11.564423561096191,-37.78263473510742,12.589332580566406,,2.8595562927682834,2.918376976088196,,0.24082076076314876,0.8927000177485224,-1.0,
VisualCogA_Task-1,71,39.0,VisualCogA_Task-1:q1_039,617.25390625,1,right,unresolved_from_allowed_channels,pre_response_100ms_end,2.21484375,619.46875,0,0,0,256,256.0,,,,,2.968657740057304,2.52383692549126,2.1237101572284987,,,,,2.6607421097030963,1.8565228123532385,2.2002728112837637,,,,,3.267743873270207,2.972723714351769,2.3817483054423336,0.4488867888605092,619.46875,2.0,right,1.0,0.0148437499999545,shorter_than_100ms_review_timing_anchor,False,,-1.1015625,-0.10546875,57.47412109375,11.630346298217772,-18.622568130493164,9.394110679626465,49.59440612792969,18.36734962463379,,2.965714574343536,2.235243757984865,,0.3408467229117038,0.06366948526591502,1.0,
VisualCogA_Task-1,72,40.0,VisualCogA_Task-1:q1_040,625.3515625,-1,left,unresolved_from_allowed_channels,pre_response_100ms_end,2.21484375,627.56640625,0,0,0,256,256.0,,,,,3.193186873941261,1.551204840026033,1.4888959412384146,,,,,3.0091659035058465,2.009376834722932,2.1226462269148123,,,,,3.0679475960496263,2.2293307935919584,2.731551753768701,0.6781259535659254,627.56640625,-2.0,left,-1.0,0.0148437499999545,shorter_than_100ms_review_timing_anchor,False,,-1.1015625,-0.10546875,66.51162719726562,23.63749885559082,-5.068660259246826,25.420141220092773,74.9975357055664,26.648820877075195,,3.090100124498911,2.1143646406406424,,0.4580470406546872,-0.0830258830198509,-1.0,
VisualCogA_Task-1,73,41.0,VisualCogA_Task-1:q1_041,633.8046875,1,right,unresolved_from_allowed_channels,pre_response_100ms_end,2.21484375,636.01953125,0,0,0,256,256.0,,,,,1.0151591613350626,2.2128789809478926,2.9340075959530054,,,,,1.408109154436758,3.410543609795242,3.1689018082465603,,,,,2.124876417469613,3.489177581623513,3.0610211556947675,1.276298600675621,636.01953125,2.0,right,1.0,0.0148437499999545,shorter_than_100ms_review_timing_anchor,False,,-1.1015625,-0.10546875,1.0211677551269531,12.642662048339844,-11.90161418914795,14.735258102416992,-25.08056640625,20.50450134277344,,1.5160482444138113,3.0546435199647775,,-1.025078453098195,1.0580691177071182,1.0,
VisualCogA_Task-1,74,42.0,VisualCogA_Task-1:q1_042,642.05859375,-1,left,unresolved_from_allowed_channels,pre_response_100ms_end,2.21484375,644.2734375,0,0,0,256,256.0,,,,,2.030712314839237,3.026781015004833,2.471743646685092,,,,,2.111531353154706,3.114428322104286,2.849971809855797,,,,,2.4194006917549102,2.438313727970156,2.8433695592496817,-0.588467287034677,644.2734375,-2.0,left,-1.0,0.0148437499999545,shorter_than_100ms_review_timing_anchor,False,,-1.1015625,-0.10546875,224.2952117919922,54.60714340209961,-6.041905403137207,25.309200286865234,245.342041015625,118.5232391357422,,2.187214786582951,2.721695005263524,,-0.3926823917998827,0.6540125192028978,-1.0,
VisualCogA_Task-1,75,43.0,VisualCogA_Task-1:q1_043,650.37109375,1,right,unresolved_from_allowed_channels,pre_response_100ms_end,2.21875,652.58984375,0,0,0,256,256.0,,,,,1.9245698814061576,2.354150392870413,1.4627911808546985,,,,,1.2942873664792989,2.0344236798409487,2.3144905404539404,,,,,2.399521257340665,3.1040270999744237,2.468792460216603,0.7498767071040104,652.58984375,2.0,right,1.0,0.0187499999999545,shorter_than_100ms_review_timing_anchor,False,,-1.1015625,-0.10546875,-58.42705535888672,13.92604160308838,-4.21050500869751,10.585902214050291,-57.970733642578125,17.35341453552246,,1.8727928350753738,2.0820247271750807,,-0.6889415036985381,-0.1222726579830627,1.0,
VisualCogA_Task-1,76,,,658.578125,-1,left,unresolved_from_allowed_channels,pre_response_100ms_end,2.21484375,660.79296875,0,0,0,256,256.0,,,,,3.972058629981932,1.596408158433956,1.2686913094127004,,,,,2.814104257751138,3.6208085602983817,2.5474397032745197,,,,,1.9337448944163176,3.690990721365198,1.7769311540204484,2.094582562931242,660.79296875,-2.0,left,-1.0,0.0148437499999545,shorter_than_100ms_review_timing_anchor,False,,-1.1015625,-0.10546875,146.3602752685547,71.84258270263672,-40.01660537719727,23.60763359069824,133.5750732421875,70.302001953125,,2.9066359273831295,1.8643540555692228,,0.28518080201545737,-0.38643143112583694,-1.0,
VisualCogA_Task-1,77,,,666.9375,-1,left,unresolved_from_allowed_channels,pre_response_100ms_end,2.21875,669.15625,0,0,0,256,256.0,,,,,2.228331036533693,2.507016339897044,2.432295282973126,,,,,1.3972967638900302,2.8668855066051675,2.790889688252794,,,,,2.273599365824622,1.1629063846850165,0.7837514750327076,-1.3441099552120277,669.15625,-2.0,left,-1.0,0.0187499999999545,shorter_than_100ms_review_timing_anchor,False,,-1.1015625,-0.10546875,398.3092651367188,62.58496856689453,-58.29808044433594,11.208419799804688,385.1002502441406,64.34440612792969,,1.9664090554161149,2.002312148752876,,-0.6007331004223807,-0.21900951630536722,-1.0,
VisualCogA_Task-1,78,44.0,VisualCogA_Task-1:q1_044,675.23828125,-1,left,unresolved_from_allowed_channels,pre_response_100ms_end,2.21875,677.45703125,0,0,0,256,256.0,,,,,1.9348589605770112,1.0766246096924328,1.9842226852335416,,,,,2.6022075077030244,0.4113209694835302,1.6319437041444689,,,,,2.4126822127427965,1.365609948445496,1.5956160263923065,0.2889853387530632,677.45703125,-2.0,left,-1.0,0.0187499999999545,shorter_than_100ms_review_timing_anchor,False,,-1.1015625,-0.10546875,17.243396759033203,10.335384368896484,-5.508234024047852,8.253925323486328,2.9441397190093994,12.015191078186035,,2.3165828936742776,1.7372608052567724,,-0.2707873385724592,-0.5406680897881284,-1.0,
VisualCogA_Task-1,79,45.0,VisualCogA_Task-1:q1_045,683.6015625,-1,left,unresolved_from_allowed_channels,pre_response_100ms_end,2.21484375,685.81640625,0,0,0,256,256.0,,,,,1.858577122723991,2.6912116437081277,1.7153869182026815,,,,,1.55011347943592,3.012497901922613,1.2732972014461548,,,,,0.862659174627452,2.78486673382456,1.3794493264694527,0.0936550901164325,685.81640625,-2.0,left,-1.0,0.0148437499999545,shorter_than_100ms_review_timing_anchor,False,,-1.1015625,-0.10546875,48.82476806640625,21.086669921875,-20.398326873779297,9.382753372192385,25.170772552490234,10.95044231414795,,1.423783258929121,1.4560444820394298,,-1.112013676698122,-0.8819440107965696,-1.0,
VisualCogA_Task-1,80,,,692.0703125,-1,left,unresolved_from_allowed_channels,pre_response_100ms_end,2.21484375,694.28515625,0,0,0,256,256.0,,,,,3.09649690895461,1.6539150941671952,2.6179477831493494,,,,,2.879577648076755,2.776956103301178,1.8833110349195248,,,,,2.931810795019231,3.494554000623775,1.7424245043110684,1.84063890645658,694.28515625,-2.0,left,-1.0,0.0148437499999545,shorter_than_100ms_review_timing_anchor,False,,-1.1015625,-0.10546875,-142.14974975585938,35.99842834472656,26.043041229248047,16.35259246826172,20.281892776489254,9.932016372680664,,2.969295117350199,2.0812277741266474,,0.34422043294111754,-0.12323981693917475,-1.0,
VisualCogA_Task-1,81,46.0,VisualCogA_Task-1:q1_046,700.4609375,1,right,unresolved_from_allowed_channels,pre_response_100ms_end,2.21875,702.6796875,0,0,0,256,256.0,,,,,3.0322462053250603,1.8809578477499185,1.9871512695643572,,,,,2.588351585564089,2.5860954455810217,2.0688632289537203,,,,,1.8996544296380624,2.604524557547035,2.068011897734989,0.7235667097971163,702.6796875,2.0,right,1.0,0.0187499999999545,shorter_than_100ms_review_timing_anchor,False,,-1.1015625,-0.10546875,-6.597896099090576,6.491682052612305,4.728048801422119,7.014420986175537,-5.285397529602051,6.907380104064941,,2.5067507401757374,2.0413421320843557,,-0.09160469230342293,-0.1716438678394344,1.0,
VisualCogA_Task-1,82,,,708.82421875,-1,left,unresolved_from_allowed_channels,pre_response_100ms_end,2.21484375,711.0390625,0,0,0,256,256.0,,,,,2.9889445953490834,2.6480736728266754,1.5411665727496846,,,,,3.188084239799479,3.3607606656072546,2.0856363254669072,,,,,3.6205408086316617,3.506562519850444,2.0773500059433085,0.8584888470237684,711.0390625,-2.0,left,-1.0,0.0148437499999545,shorter_than_100ms_review_timing_anchor,False,,-1.1015625,-0.10546875,-26.00221824645996,33.53142166137695,-8.782245635986328,10.497346878051758,-46.05018615722656,15.575018882751465,,3.265856547926741,1.9013843013866334,,0.6236507514183686,-0.3414926057336187,-1.0,
VisualCogA_Task-1,83,,,717.015625,1,right,unresolved_from_allowed_channels,pre_response_100ms_end,2.21484375,719.23046875,0,0,0,256,256.0,,,,,2.6869786481079347,2.051867726958461,2.2907348883199963,,,,,2.025169893709304,3.0908339171778514,1.839497511006567,,,,,2.168140585636374,3.105254157768968,2.2151257806841684,1.053386430810506,719.23046875,2.0,right,1.0,0.0148437499999545,shorter_than_100ms_review_timing_anchor,False,,-1.1015625,-0.10546875,-80.1490707397461,34.79600143432617,5.43831205368042,13.430164337158203,-144.37420654296875,25.350563049316406,,2.2934297091512046,2.1151193933369106,,-0.2926030605713286,-0.08210993717927664,1.0,
VisualCogA_Task-1,84,47.0,VisualCogA_Task-1:q1_047,725.28125,-1,left,unresolved_from_allowed_channels,pre_response_100ms_end,2.21484375,727.49609375,0,0,0,256,256.0,,,,,2.990893194250776,4.164436623150516,2.9368732865748544,,,,,3.4831190027700587,3.651088765206992,3.1996145149999498,,,,,3.8382246563888063,4.422356663764311,2.703693959923571,0.2579200406137945,727.49609375,-2.0,left,-1.0,0.0148437499999545,shorter_than_100ms_review_timing_anchor,False,,-1.1015625,-0.10546875,-111.41156768798828,20.12333106994629,7.313835620880127,21.294483184814453,-45.60112380981445,22.694679260253903,,3.4374122844698807,2.9467272538327918,,0.7852964313898109,0.9271050872602746,-1.0,
VisualCogA_Task-1,85,,,733.55078125,1,right,unresolved_from_allowed_channels,pre_response_100ms_end,2.21484375,735.765625,0,0,0,256,256.0,,,,,2.471761281853569,3.680399690775218,2.0185449252141807,,,,,1.930438794109791,4.1496229062735805,2.331906439887668,,,,,2.076302952196792,4.164824638914597,2.1560564491302547,0.4844249481393792,735.765625,2.0,right,1.0,0.0148437499999545,shorter_than_100ms_review_timing_anchor,False,,-1.1015625,-0.10546875,-3.829119682312012,21.572643280029297,4.298885345458984,9.577342987060549,-2.291976928710937,243.1500396728516,,2.1595010093867173,2.168835938077368,,-0.4187952601290381,-0.016921106495638164,1.0,
VisualCogA_Task-1,86,,,741.83203125,1,right,unresolved_from_allowed_channels,pre_response_100ms_end,2.21875,744.05078125,0,0,0,256,256.0,,,,,3.469459052822592,3.003483947372301,1.976799493080456,,,,,2.69495428508042,3.3315271775613846,2.153819340301278,,,,,2.1900019012010024,3.231609440562635,2.1475978470814203,0.2281254931903338,744.05078125,2.0,right,1.0,0.0187499999999545,shorter_than_100ms_review_timing_anchor,False,,-1.1015625,-0.10546875,-24.29412078857422,10.937439918518066,-11.036922454833984,9.550073623657228,-26.32241439819336,12.720799446105955,,2.784805079701338,2.0927388934877182,,0.17038761228106283,-0.10927025849803343,1.0,
VisualCogA_Task-1,87,,,750.3359375,1,right,unresolved_from_allowed_channels,pre_response_100ms_end,2.21484375,752.55078125,0,0,0,256,256.0,,,,,2.8070840483756454,2.699623205863292,1.3805148019882505,,,,,2.775871199018672,3.674863070545034,1.724269032195746,,,,,2.7233592794020587,3.6246315865536585,1.8620492651909952,0.9250083806903664,752.55078125,2.0,right,1.0,0.0148437499999545,shorter_than_100ms_review_timing_anchor,False,,-1.1015625,-0.10546875,128.58126831054688,190.79302978515625,-41.200157165527344,24.02994537353516,89.4427261352539,184.1208648681641,,2.7687715089321254,1.6556110331249971,,0.15528023376033423,-0.6397558698486939,1.0,
VisualCogA_Task-1,88,,,758.6328125,1,right,unresolved_from_allowed_channels,pre_response_100ms_end,2.21875,760.8515625,0,0,0,256,256.0,,,,,2.370060808479197,2.7830036298392837,2.1096776751707527,,,,,2.661019556025048,3.618999990014587,2.037687353227613,,,,,2.93499499606749,3.496350695318021,2.017691811555969,0.7133470654787373,760.8515625,2.0,right,1.0,0.0187499999999545,shorter_than_100ms_review_timing_anchor,False,,-1.1015625,-0.10546875,4.107601165771484,11.22480297088623,-15.995272636413574,13.337308883666992,8.621647834777832,15.268284797668455,,2.6553584535239114,2.055018946651445,,0.04841857568637259,-0.1550460849140186,1.0,
VisualCogA_Task-1,89,48.0,VisualCogA_Task-1:q1_048,766.94921875,1,right,unresolved_from_allowed_channels,pre_response_100ms_end,2.21484375,769.1640625,0,0,0,256,256.0,,,,,2.144402922155541,3.0457521816674142,3.1666586587057237,,,,,2.0223666877361977,3.07701269320704,3.2658958765742137,,,,,2.283696969326801,3.120687562850915,3.2245883847082486,0.0749353811835007,769.1640625,2.0,right,1.0,0.0148437499999545,shorter_than_100ms_review_timing_anchor,False,,-1.1015625,-0.10546875,-15.542892456054688,11.268946647644045,-1.1244585514068604,9.36326789855957,-16.356884002685547,7.325882434844971,,2.1501555264061802,3.2190476399960617,,-0.4276008936886631,1.25758515873684,1.0,
VisualCogA_Task-1,90,49.0,VisualCogA_Task-1:q1_049,775.19921875,-1,left,unresolved_from_allowed_channels,pre_response_100ms_end,2.21875,777.41796875,0,0,0,256,256.0,,,,,1.9242648981974728,2.64204806957368,1.896996369605728,,,,,1.3060484515425377,3.2040390959343035,1.6015531270422387,,,,,2.35503359138562,3.305400282643283,1.601517441415856,0.663352213069603,777.41796875,-2.0,left,-1.0,0.0187499999999545,shorter_than_100ms_review_timing_anchor,False,,-1.1015625,-0.10546875,-66.15675354003906,48.11428451538086,19.05396842956543,30.64459800720215,-54.81591033935547,41.028167724609375,,1.8617823137085434,1.700022312687941,,-0.6993159933486341,-0.5858596373590419,-1.0,
VisualCogA_Task-1,91,50.0,VisualCogA_Task-1:q1_050,783.8125,1,right,unresolved_from_allowed_channels,pre_response_100ms_end,2.21484375,786.02734375,0,0,0,256,256.0,,,,,1.542552538302378,2.297052381483696,2.312057780047109,,,,,2.2656885664213817,2.749494976817532,2.364985009860928,,,,,2.2294570598967094,2.852192091305186,2.0416286695090524,0.5551397098214901,786.02734375,2.0,right,1.0,0.0148437499999545,shorter_than_100ms_review_timing_anchor,False,,-1.1015625,-0.10546875,32.73158264160156,9.950325012207031,-6.955799579620361,6.394370079040527,41.35274505615234,13.927740097045898,,2.01256605487349,2.23955715313903,,-0.5572423975577016,0.06890409571480142,1.0,
VisualCogA_Task-1,92,,,792.015625,1,right,unresolved_from_allowed_channels,pre_response_100ms_end,2.21875,794.234375,0,0,0,256,256.0,,,,,3.041407626594117,3.1222034884122767,2.3197643292953694,,,,,3.2938724501916865,2.7919987226567065,2.4410829450820257,,,,,3.071887236553303,1.992837553017719,2.7793055441570123,-1.1293659353945578,794.234375,2.0,right,1.0,0.0187499999999545,shorter_than_100ms_review_timing_anchor,False,,-1.1015625,-0.10546875,-9.32730484008789,11.912301063537598,-17.694286346435547,12.3269681930542,-17.239089965820312,10.163905143737791,,3.135722437779702,2.5133842728448026,,0.5010339439243966,0.4012126950362265,1.0,
VisualCogA_Task-1,93,51.0,VisualCogA_Task-1:q1_051,800.55078125,1,right,unresolved_from_allowed_channels,pre_response_100ms_end,2.21484375,802.765625,0,0,0,256,256.0,,,,,2.955521846406662,3.4248651000594323,2.3064880241290195,,,,,1.670926517213336,3.540446550479176,2.189204773775644,,,,,1.6838829779129008,2.826488440009752,2.4810649003940752,-0.5983766600496803,802.765625,2.0,right,1.0,0.0148437499999545,shorter_than_100ms_review_timing_anchor,False,,-1.1015625,-0.10546875,-22.34223937988281,30.535274505615234,-10.087675094604492,10.835936546325684,-7.616223335266113,10.446474075317385,,2.103443780510966,2.325585899432913,,-0.47161429761227025,0.17330607099400816,1.0,
VisualCogA_Task-1,94,52.0,VisualCogA_Task-1:q1_052,809.03515625,-1,left,unresolved_from_allowed_channels,pre_response_100ms_end,2.21875,811.25390625,0,0,0,256,256.0,,,,,4.039522454353476,2.2836447612658373,2.9170265362605585,,,,,2.8882201521777917,2.479065893562312,2.3595829305975835,,,,,2.072461190949814,2.505303951321319,2.0900433270462755,0.2216591900554818,811.25390625,-2.0,left,-1.0,0.0187499999999545,shorter_than_100ms_review_timing_anchor,False,,-1.1015625,-0.10546875,-42.97682189941406,24.38334274291992,-6.02884578704834,13.84880828857422,25.00445556640625,14.279251098632812,,3.000067932493694,2.4555509313014725,,0.37321563140394987,0.3310278399240232,-1.0,
VisualCogA_Task-1,95,,,817.5234375,1,right,unresolved_from_allowed_channels,pre_response_100ms_end,2.21484375,819.73828125,0,0,0,256,256.0,,,,,3.096664599658202,3.3996929796619986,2.578375166179369,,,,,2.769943369926858,3.7273463326270826,2.402172518817255,,,,,2.5676847446868534,3.483179246642366,2.602934185876029,0.0834862669803673,819.73828125,2.0,right,1.0,0.0148437499999545,shorter_than_100ms_review_timing_anchor,False,,-1.1015625,-0.10546875,71.18877410888672,9.76939582824707,-12.669870376586914,9.692719459533691,81.79344940185547,11.059964179992676,,2.811430904757304,2.5278272902908845,,0.19547537490968236,0.4187403194097344,1.0,
VisualCogA_Task-1,96,,,825.7109375,1,right,unresolved_from_allowed_channels,pre_response_100ms_end,2.21875,827.9296875,0,0,0,256,256.0,,,,,-0.533561733513059,0.8809538821743045,2.245520238647424,,,,,1.3846879639873062,1.4055576997424355,2.413469020388886,,,,,1.3699197894920996,1.9134663069962985,2.5320018744164505,1.0325124248219937,827.9296875,2.0,right,1.0,0.0187499999999545,shorter_than_100ms_review_timing_anchor,False,,-1.1015625,-0.10546875,281.7931213378906,48.62681579589844,-56.83526611328125,7.128774166107178,292.6151733398437,37.33599472045898,,0.7403486733221155,2.396997044484254,,-1.7559691079329465,0.25996855210051334,1.0,
VisualCogA_Task-1,97,,,833.85546875,-1,left,unresolved_from_allowed_channels,pre_response_100ms_end,2.21484375,836.0703125,0,0,0,256,256.0,,,,,3.492100858096984,2.89212422884484,2.3652166935973087,,,,,3.5988766690205307,3.8091791388688505,2.731487472815536,,,,,3.1073969229056755,3.5066709715556805,2.658772440533599,0.6145467427108406,836.0703125,-2.0,left,-1.0,0.0148437499999545,shorter_than_100ms_review_timing_anchor,False,,-1.1015625,-0.10546875,-25.20410919189453,38.83281326293945,18.87730407714844,54.578495025634766,23.03882598876953,36.54983901977539,,3.39945815000773,2.585158868982148,,0.7495347483561504,0.4883162497713835,-1.0,
VisualCogA_Task-1,98,,,842.26171875,-1,left,unresolved_from_allowed_channels,pre_response_100ms_end,2.21875,844.48046875,0,0,0,256,256.0,,,,,2.3970211517464803,2.5508481295345558,2.592229526900919,,,,,2.5527055586877245,1.5040228736417307,2.6614480268363296,,,,,2.3842535696191627,2.146629626723057,2.6882266805536505,-0.4042185028114984,844.48046875,-2.0,left,-1.0,0.0187499999999545,shorter_than_100ms_review_timing_anchor,False,,-1.1015625,-0.10546875,-15.25126838684082,7.933212280273437,-14.144922256469728,10.054488182067873,-17.334453582763672,11.085079193115234,,2.4446600933511227,2.6473014114302997,,-0.1501086224433964,0.5637306253139028,-1.0,
VisualCogA_Task-1,99,53.0,VisualCogA_Task-1:q1_053,850.84375,1,right,unresolved_from_allowed_channels,pre_response_100ms_end,2.21484375,853.05859375,0,0,0,256,256.0,,,,,2.8883539781936665,2.83356509804723,2.2161337600174984,,,,,2.274397620757658,3.0345604505908748,2.3859429104741268,,,,,2.949748412820353,3.165180563355848,2.371650116820212,0.3316154653086176,853.05859375,2.0,right,1.0,0.0148437499999545,shorter_than_100ms_review_timing_anchor,False,,-1.1015625,-0.10546875,-15.21624755859375,18.937328338623047,-23.086181640625,7.630412578582764,-0.0934066772460937,13.528239250183104,,2.7041666705905594,2.3245755957706122,,0.09440734642006433,0.17207999596072016,1.0,
VisualCogA_Task-2,0,0.0,VisualCogA_Task-2:q1_000,20.05078125,1,right,unresolved_from_allowed_channels,pre_response_100ms_end,2.21875,22.26953125,0,0,0,256,256.0,,,,,1.5152170848264903,2.3160992823300304,0.1798658594799295,,,,,1.2324402763854958,2.6861851513855024,1.4810295221264818,,,,,1.4893530601823186,2.350915629697679,1.4103897350954644,0.0348163473676486,22.26953125,-2.0,left,-1.0,0.0187500000000007,shorter_than_100ms_review_timing_anchor,False,,-1.1015625,-0.10546875,-145.68304443359375,68.47962951660156,-74.071533203125,42.778602600097656,-153.4512939453125,78.30211639404297,,1.4123368071314346,1.0237617055672918,,-1.1227989149033866,-1.4065497697680922,1.0,
VisualCogA_Task-2,1,1.0,VisualCogA_Task-2:q1_001,28.9765625,-1,left,unresolved_from_allowed_channels,pre_response_100ms_end,2.21484375,31.19140625,0,0,0,256,256.0,,,,,3.529364604477577,3.2095865687073983,2.414713994936241,,,,,3.028614153808556,3.358491531620361,1.07848042959609,,,,,2.434915974703842,3.371774715117042,1.253102863226582,0.1621881464096435,31.19140625,-2.0,left,-1.0,0.0148437500000007,shorter_than_100ms_review_timing_anchor,False,,-1.1015625,-0.10546875,19.51148223876953,34.64817810058594,-1.8240470886230469,14.10834503173828,-1.3179874420166016,46.53660202026367,,2.997631577663325,1.5820990959196377,,0.37092001459076523,-0.7289678109901198,-1.0,
VisualCogA_Task-2,2,2.0,VisualCogA_Task-2:q1_002,38.1953125,-1,left,unresolved_from_allowed_channels,pre_response_100ms_end,2.21484375,40.41015625,0,0,0,256,256.0,,,,,3.5842675929215435,2.905184623358856,2.2206808797892563,,,,,2.9642267210123427,3.553030435455026,2.6574006676914848,,,,,3.317332323843244,3.4753020364560427,2.554013348408557,0.5701174130971869,40.41015625,-2.0,left,-1.0,0.0148437499999971,shorter_than_100ms_review_timing_anchor,False,,-1.1015625,-0.10546875,-49.287864685058594,133.1045684814453,-56.90646362304688,69.44346618652344,-61.97070693969727,146.64573669433594,,3.2886088792590438,2.4773649652964327,,0.6450887758368686,0.35750071481751144,-1.0,
VisualCogA_Task-2,3,3.0,VisualCogA_Task-2:q1_003,46.9296875,-1,left,unresolved_from_allowed_channels,pre_response_100ms_end,2.21484375,49.14453125,0,0,0,256,256.0,,,,,5.433156252289743,2.823682982496433,2.079945239507518,,,,,5.022364204655791,2.3949259540478094,1.8669751484388464,,,,,5.192445205662615,2.247709783338405,1.528310067305935,-0.5759731991580277,49.14453125,-2.0,left,-1.0,0.0148437499999971,shorter_than_100ms_review_timing_anchor,False,,-1.1015625,-0.10546875,-38.18060302734375,30.456466674804688,-10.90256118774414,28.19703865051269,-29.4005069732666,35.54115295410156,,5.215988554202716,1.8250768184174333,,2.4611317971733437,-0.4340971396106327,-1.0,
VisualCogA_Task-2,4,4.0,VisualCogA_Task-2:q1_004,55.68359375,1,right,unresolved_from_allowed_channels,pre_response_100ms_end,2.21484375,57.8984375,0,0,0,256,256.0,,,,,2.0151810963117525,2.42726007818215,2.0361870037309253,,,,,1.2866496719799811,2.284149135458959,2.063481857241904,,,,,1.2935162039991048,1.3969756888286402,2.0585652245931194,-1.03028438935351,57.8984375,-2.0,left,-1.0,0.0148437499999971,shorter_than_100ms_review_timing_anchor,False,,-1.1015625,-0.10546875,52.9492416381836,32.826515197753906,27.981054306030277,32.419525146484375,52.82087326049805,28.868526458740234,,1.5317823240969461,2.05274469518865,,-1.0102532653175134,-0.1578060501027046,1.0,
VisualCogA_Task-2,5,5.0,VisualCogA_Task-2:q1_005,64.37109375,-1,left,unresolved_from_allowed_channels,pre_response_100ms_end,2.21484375,66.5859375,0,0,0,256,256.0,,,,,2.551224665558256,2.3972322809252025,1.9748516403184329,,,,,2.9940559457748743,1.5446239239148645,2.1014051741914503,,,,,2.2658937139739868,1.1925561316235085,1.4477708727823666,-1.2046761493016942,66.5859375,2.0,right,1.0,0.0148437499999971,shorter_than_100ms_review_timing_anchor,False,,-1.1015625,-0.10546875,-85.42005920410156,60.06649398803711,-88.86276245117188,29.562156677246094,-109.33169555664062,53.194149017333984,,2.603724775102372,1.84134256243075,,-0.00023244133034905755,-0.4143575074814482,-1.0,
VisualCogA_Task-2,6,6.0,VisualCogA_Task-2:q1_006,72.94921875,1,right,unresolved_from_allowed_channels,pre_response_100ms_end,2.21875,75.16796875,0,0,0,256,256.0,,,,,-0.297751044069468,1.9647852612929495,1.76479503734614,,,,,1.4101615169787307,2.5260474032882883,1.401385440962288,,,,,1.710964421662921,2.257121491756496,1.1905070754834872,0.2923362304635459,75.16796875,-2.0,left,-1.0,0.0187499999999971,shorter_than_100ms_review_timing_anchor,False,,-1.1015625,-0.10546875,-127.2812957763672,44.766845703125,-76.340576171875,18.55609130859375,-134.0134735107422,47.80320358276367,,0.9411249648573946,1.4522291845973052,,-1.5667908220806184,-0.8865741444018508,1.0,
VisualCogA_Task-2,7,7.0,VisualCogA_Task-2:q1_007,81.5,1,right,unresolved_from_allowed_channels,pre_response_100ms_end,2.21484375,83.71484375,0,0,0,256,256.0,,,,,3.124508187320465,2.293273486418782,2.7349840906397374,,,,,2.474601720373143,1.792526855164405,2.5803610716254943,,,,,2.0316133297093297,1.6302743708898573,2.569491443301448,-0.6629991155289245,83.71484375,-2.0,left,-1.0,0.0148437499999971,shorter_than_100ms_review_timing_anchor,False,,-1.1015625,-0.10546875,-13.673617362976074,24.828304290771484,-30.22872734069824,26.2100887298584,-23.04686737060547,29.64014434814453,,2.543574412467646,2.6282788685222265,,-0.056908169373836685,0.5406454225184097,1.0,
VisualCogA_Task-2,8,8.0,VisualCogA_Task-2:q1_008,90.0625,-1,left,unresolved_from_allowed_channels,pre_response_100ms_end,2.21875,92.28125,0,0,0,256,256.0,,,,,1.729518772357389,2.507871636807752,2.4380949343150373,,,,,2.239899078925488,2.5601069151514246,2.683991413984855,,,,,2.8603957708802,2.6009155072246406,2.615244239399656,0.0930438704168885,92.28125,2.0,right,1.0,0.0187499999999971,shorter_than_100ms_review_timing_anchor,False,,-1.1015625,-0.10546875,32.88671112060547,13.67729377746582,18.231475830078125,11.438648223876951,42.163673400878906,13.703718185424805,,2.2766045407210256,2.5791101958998492,,-0.30845630947068226,0.4809757566825629,-1.0,
VisualCogA_Task-2,9,9.0,VisualCogA_Task-2:q1_009,98.97265625,-1,left,unresolved_from_allowed_channels,pre_response_100ms_end,2.21484375,101.1875,0,0,0,256,256.0,,,,,2.435994260989692,2.438471097396929,2.048065926428989,,,,,2.397967846710227,3.420835452183484,2.1206736708218776,,,,,2.096769180533041,3.1444374029738684,2.130435582626136,0.7059663055769394,101.1875,-2.0,left,-1.0,0.0148437499999971,shorter_than_100ms_review_timing_anchor,False,,-1.1015625,-0.10546875,57.53813171386719,159.3909149169922,67.76280975341797,81.53490447998047,120.76707458496094,128.64151000976562,,2.31024376274432,2.0997250599590007,,-0.2767602844514408,-0.100792050798253,-1.0,
VisualCogA_Task-2,10,10.0,VisualCogA_Task-2:q1_010,107.55078125,1,right,unresolved_from_allowed_channels,pre_response_100ms_end,2.21484375,109.765625,0,0,0,256,256.0,,,,,1.9705270459458075,2.441408940734469,2.308579778256408,,,,,1.6014439864955223,2.561354136459017,2.3454037914578745,,,,,1.8276492443030183,2.144116486188643,2.062423040648266,-0.2972924545458264,109.765625,2.0,right,1.0,0.0148437499999971,shorter_than_100ms_review_timing_anchor,False,,-1.1015625,-0.10546875,-176.32073974609375,50.4864501953125,-89.66485595703125,30.6718807220459,-149.1290283203125,33.659915924072266,,1.7998734255814497,2.238802203454183,,-0.7576486642299927,0.06798791081463817,1.0,
VisualCogA_Task-2,11,11.0,VisualCogA_Task-2:q1_011,116.25390625,1,right,unresolved_from_allowed_channels,pre_response_100ms_end,2.21875,118.47265625,0,0,0,256,256.0,,,,,1.3578131229671004,3.27631023457244,2.364273014555864,,,,,2.1031176355259498,3.853946686875278,2.381772046232136,,,,,1.8860840759199995,3.430350318649969,2.408428502762236,0.1540400840775286,118.47265625,-2.0,left,-1.0,0.0187499999999971,shorter_than_100ms_review_timing_anchor,False,,-1.1015625,-0.10546875,101.48837280273438,25.42403793334961,61.09708786010742,36.41803741455078,95.09475708007812,14.990316390991213,,1.782338278137683,2.384824521183412,,-0.7741708796281026,0.2451963331447848,1.0,
VisualCogA_Task-2,12,12.0,VisualCogA_Task-2:q1_012,124.8828125,1,right,unresolved_from_allowed_channels,pre_response_100ms_end,2.21484375,127.09765625,0,0,0,256,256.0,,,,,1.5989470488167288,1.781318704117322,1.7974613941939848,,,,,1.3264835410041516,2.6282224704999075,2.075693440627976,,,,,0.6312085666861844,2.4384107830444823,1.8920099956694316,0.6570920789271604,127.09765625,-2.0,left,-1.0,0.0148437499999971,shorter_than_100ms_review_timing_anchor,False,,-1.1015625,-0.10546875,-41.54827880859375,61.75386047363281,-20.539533615112305,8.754079818725586,-100.81246185302734,17.8034725189209,,1.185546385502355,1.9217216101637975,,-1.3364886034788788,-0.31681184145808433,1.0,
VisualCogA_Task-2,13,13.0,VisualCogA_Task-2:q1_013,133.4609375,-1,left,unresolved_from_allowed_channels,pre_response_100ms_end,2.21875,135.6796875,0,0,0,256,256.0,,,,,5.908830114137548,3.026672749962157,1.6094267024017568,,,,,5.81002596651239,3.500581938548247,1.4789187842240383,,,,,5.901147680864502,3.7958147711556447,1.8264072163389176,0.7691420211934878,135.6796875,-2.0,left,-1.0,0.0187500000000113,shorter_than_100ms_review_timing_anchor,False,,-1.1015625,-0.10546875,54.09197998046875,45.04662704467773,41.15355682373047,35.658836364746094,40.18324279785156,35.92006301879883,,5.87333458717148,1.6382509009882373,,3.080505702219338,-0.6608236194587407,-1.0,
VisualCogA_Task-2,14,14.0,VisualCogA_Task-2:q1_014,142.24609375,-1,left,unresolved_from_allowed_channels,pre_response_100ms_end,2.21484375,144.4609375,0,0,0,256,256.0,,,,,2.2631859901174294,2.765810363354732,2.0377890975086013,,,,,0.6168180087051119,2.449017250862944,2.239442103608245,,,,,1.129019752433441,1.9387574188523355,2.0080600187519275,-0.8270529445023962,144.4609375,2.0,right,1.0,0.0148437500000113,shorter_than_100ms_review_timing_anchor,False,,-1.1015625,-0.10546875,-20.42684555053711,27.54540252685547,-24.36815452575684,21.98261070251465,-33.61238098144531,25.71027946472168,,1.336341250418661,2.0950970732895913,,-1.1944045265091259,-0.10640844032695335,-1.0,
VisualCogA_Task-2,15,15.0,VisualCogA_Task-2:q1_015,151.16796875,-1,left,unresolved_from_allowed_channels,pre_response_100ms_end,2.21875,153.38671875,0,0,0,256,256.0,,,,,1.8346972995124435,2.568597155477783,1.5082126520709718,,,,,1.5350597245745583,2.776814818244297,1.6700002390296391,,,,,1.3935094016783816,2.0644994128436247,1.5992188682588195,-0.5040977426341584,153.38671875,2.0,right,1.0,0.0187500000000113,shorter_than_100ms_review_timing_anchor,False,,-1.1015625,-0.10546875,-215.43991088867188,57.89997100830078,-78.66157531738281,21.524173736572266,-132.84384155273438,32.27069854736328,,1.587755475255128,1.5924772531198101,,-0.957513448734152,-0.7163731823557005,-1.0,
VisualCogA_Task-2,16,16.0,VisualCogA_Task-2:q1_016,159.93359375,1,right,unresolved_from_allowed_channels,pre_response_100ms_end,2.21875,162.15234375,0,0,0,256,256.0,,,,,1.768989956527789,1.948404267074008,1.9918253953861689,,,,,2.0369394581211067,1.2551181136136744,1.8562669999529957,,,,,1.703605221037435,1.0015034946462196,1.5800587096254255,-0.946900772427788,162.15234375,-2.0,left,-1.0,0.0187500000000113,shorter_than_100ms_review_timing_anchor,False,,-1.1015625,-0.10546875,55.64628982543945,40.31987762451172,50.20149612426758,35.36116409301758,63.84564208984375,39.29509353637695,,1.8365115452287768,1.8093837016548633,,-0.7231269753456457,-0.453141848023593,1.0,
VisualCogA_Task-2,17,17.0,VisualCogA_Task-2:q1_017,168.609375,1,right,unresolved_from_allowed_channels,pre_response_100ms_end,2.21484375,170.82421875,0,0,0,256,256.0,,,,,3.004220217302389,3.3208050336165558,1.8842938929887791,,,,,3.127803472987172,3.0541891868438453,2.356880799948131,,,,,2.829125596044579,2.548154230457082,2.081982120820691,-0.7726508031594732,170.82421875,2.0,right,1.0,0.0148437500000113,shorter_than_100ms_review_timing_anchor,False,,-1.1015625,-0.10546875,46.16703796386719,17.672895431518555,15.867863655090332,29.097225189208984,27.89511108398437,24.093900680541992,,2.9870497621113796,2.1077189379192003,,0.360949466215681,-0.0910909138511359,1.0,
VisualCogA_Task-2,18,18.0,VisualCogA_Task-2:q1_018,177.421875,-1,left,unresolved_from_allowed_channels,pre_response_100ms_end,2.21875,179.640625,0,0,0,256,256.0,,,,,1.6503244839917603,2.4603570924145357,2.3231425315992085,,,,,2.057238223165944,2.4615267408118733,2.077690314186467,,,,,2.011880057073137,2.3420385930415017,1.8701539903243043,-0.1183184993730335,179.640625,2.0,right,1.0,0.0187500000000113,shorter_than_100ms_review_timing_anchor,False,,-1.1015625,-0.10546875,-119.94790649414062,233.6881103515625,-10.119701385498049,106.55435943603516,-7.05682373046875,161.490966796875,,1.9064809214102805,2.0903289453699934,,-0.6571994370543645,-0.11219490118608774,-1.0,
VisualCogA_Task-2,19,19.0,VisualCogA_Task-2:q1_019,185.91015625,-1,left,unresolved_from_allowed_channels,pre_response_100ms_end,2.21484375,188.125,0,0,0,256,256.0,,,,,2.916659879149786,2.5977994650906666,1.7352655134834456,,,,,1.6826535874065274,2.114749181711367,2.3244519073750984,,,,,1.4320672606558174,1.8764376956426516,2.2145346270882413,-0.7213617694480152,188.125,2.0,right,1.0,0.0148437500000113,shorter_than_100ms_review_timing_anchor,False,,-1.1015625,-0.10546875,-43.53098678588867,9.72197151184082,-36.90419006347656,6.718388557434082,-39.0727653503418,8.149640083312988,,2.0104602424040436,2.091417349315595,,-0.5592265660581257,-0.11087404592877277,-1.0,
VisualCogA_Task-2,20,20.0,VisualCogA_Task-2:q1_020,194.61328125,1,right,unresolved_from_allowed_channels,pre_response_100ms_end,2.21484375,196.828125,0,0,0,256,256.0,,,,,1.2682323712473813,2.4298994830370653,1.9218880698418288,,,,,0.8065885096017394,1.8011967264198194,2.0898574643795564,,,,,0.8593306427041234,2.135428610239232,1.751006076750515,-0.2944708727978335,196.828125,-2.0,left,-1.0,0.0148437500000113,shorter_than_100ms_review_timing_anchor,False,,-1.1015625,-0.10546875,13.809659004211426,25.73653221130371,-21.655017852783203,19.298707962036133,-23.079809188842773,16.856975555419922,,0.9780505078510814,1.9209172036573,,-1.5319983130931485,-0.31778804571333297,1.0,
VisualCogA_Task-2,21,21.0,VisualCogA_Task-2:q1_021,203.14453125,-1,left,unresolved_from_allowed_channels,pre_response_100ms_end,2.21875,205.36328125,0,0,0,256,256.0,,,,,2.232700784925572,1.5253069048014969,2.2601708936571816,,,,,1.801906924722665,2.2450499015944314,2.0584440361411604,,,,,1.5863384564168512,2.147672548331508,2.044844199676859,0.6223656435300109,205.36328125,-2.0,left,-1.0,0.0187500000000113,shorter_than_100ms_review_timing_anchor,False,,-1.1015625,-0.10546875,-108.75933837890624,105.23342895507812,-49.97368240356445,101.93903350830078,-94.54640197753906,120.15604400634766,,1.873648722021696,2.1211530431584005,,-0.6881350577573839,-0.0747876758812369,-1.0,
VisualCogA_Task-2,22,,,211.8203125,1,right,unresolved_from_allowed_channels,pre_response_100ms_end,2.21484375,214.03515625,0,0,0,256,256.0,,,,,1.4169542843071186,2.9140152190582085,1.7271627095400597,,,,,1.8200892747560609,2.4677657308540524,1.593955686655557,,,,,2.46923597858525,1.5923851587789568,1.5829298165335717,-1.3216300602792517,214.03515625,2.0,right,1.0,0.0148437500000113,shorter_than_100ms_review_timing_anchor,False,,-1.1015625,-0.10546875,62.9860725402832,7.164325714111328,109.56675720214844,16.177501678466797,85.38822174072266,11.804194450378418,,1.902093179216143,1.6346827375763961,,-0.6613337177540505,-0.6651538384188385,1.0,
VisualCogA_Task-2,23,22.0,VisualCogA_Task-2:q1_022,220.3828125,1,right,unresolved_from_allowed_channels,pre_response_100ms_end,2.21875,222.6015625,0,0,0,256,256.0,,,,,2.069265227046436,1.5684084513461785,2.0497098405772665,,,,,1.809315829847209,1.0118398814797067,1.8576619519439284,,,,,1.4540640287446207,1.2928612556003318,1.804506224457439,-0.2755471957458466,222.6015625,-2.0,left,-1.0,0.0187500000000113,shorter_than_100ms_review_timing_anchor,False,,-1.1015625,-0.10546875,38.47142791748047,46.26103210449219,1.8763761520385744,18.473859786987305,17.002395629882812,25.354639053344727,,1.777548361879422,1.903959338992878,,-0.7786841024801884,-0.33836761526134346,1.0,
VisualCogA_Task-2,24,23.0,VisualCogA_Task-2:q1_023,229.02734375,-1,left,unresolved_from_allowed_channels,pre_response_100ms_end,2.21484375,231.2421875,0,0,0,256,256.0,,,,,2.039590214087542,2.940205124076529,1.7952646082256716,,,,,2.0683485849006686,3.2826255573465093,2.0998634254315824,,,,,1.9392297149129676,2.021365882164878,1.6670303425472326,-0.9188392419116508,231.2421875,2.0,right,1.0,0.0148437500000113,shorter_than_100ms_review_timing_anchor,False,,-1.1015625,-0.10546875,-3.75130558013916,18.62705993652344,-23.854644775390625,9.479742050170898,-18.32301521301269,9.77437686920166,,2.0157228379670595,1.8540527920681622,,-0.5542679686055452,-0.39893274381158045,-1.0,
VisualCogA_Task-2,25,24.0,VisualCogA_Task-2:q1_024,237.48046875,-1,left,unresolved_from_allowed_channels,pre_response_100ms_end,2.21875,239.69921875,0,0,0,256,256.0,,,,,2.6648000018832247,2.537795712920907,2.1329956847922587,,,,,2.94215872003659,2.2060507401573832,1.8523422384984152,,,,,2.161625031022244,1.7207746627316824,1.668396533027609,-0.8170210501892248,239.69921875,2.0,right,1.0,0.0187500000000113,shorter_than_100ms_review_timing_anchor,False,,-1.1015625,-0.10546875,-58.4653434753418,14.59507656097412,-24.27324104309082,17.725093841552734,-39.64263916015625,17.55645179748535,,2.5895279176473527,1.8845781521060943,,-0.013609205774464311,-0.36188805792039863,-1.0,
VisualCogA_Task-2,26,25.0,VisualCogA_Task-2:q1_025,245.984375,1,right,unresolved_from_allowed_channels,pre_response_100ms_end,2.21484375,248.19921875,0,0,0,256,256.0,,,,,0.799169821019168,1.7882378159111667,1.6880486474105576,,,,,1.3838801057126864,2.292423527940848,1.994726014864064,,,,,1.7615631766787387,1.973648547187556,1.9217871342011856,0.1854107312763893,248.19921875,2.0,right,1.0,0.0148437500000113,shorter_than_100ms_review_timing_anchor,False,,-1.1015625,-0.10546875,46.009727478027344,33.09109115600586,-10.479494094848633,9.15307903289795,8.826261520385742,15.97914981842041,,1.3148710344701977,1.8681872654919358,,-1.2146344979811108,-0.3817795594569882,1.0,
VisualCogA_Task-2,27,26.0,VisualCogA_Task-2:q1_026,254.61328125,1,right,unresolved_from_allowed_channels,pre_response_100ms_end,2.21484375,256.828125,0,0,0,256,256.0,,,,,1.123688062538344,1.3365571451225344,1.5869618891720645,,,,,1.548001925983706,1.7756311407654413,1.5176343022739978,,,,,1.8124359019142169,1.3371381746884097,1.6465573262152142,0.0005810295658752,256.828125,2.0,right,1.0,0.0148437500000113,shorter_than_100ms_review_timing_anchor,False,,-1.1015625,-0.10546875,57.60289001464844,14.98537540435791,15.662172317504885,18.13117027282715,16.280637741088867,13.871213912963867,,1.4947086301454222,1.5837178392204256,,-1.0451853672023155,-0.7270033513722274,1.0,
VisualCogA_Task-2,28,27.0,VisualCogA_Task-2:q1_027,263.30078125,1,right,unresolved_from_allowed_channels,pre_response_100ms_end,2.21484375,265.515625,0,0,0,256,256.0,,,,,1.811669733509222,1.821805618128074,1.4709450240404949,,,,,1.7186753539228534,1.4628321693310895,1.553960667026788,,,,,1.8280621867439024,1.7120966120967056,1.2810744662896465,-0.1097090060313683,265.515625,2.0,right,1.0,0.0148437500000113,shorter_than_100ms_review_timing_anchor,False,,-1.1015625,-0.10546875,34.6405029296875,72.94156646728516,-5.086039543151856,29.439308166503903,29.07623863220215,30.34848022460937,,1.7861357580586592,1.4353267191189765,,-0.7705927642215699,-0.907086483114749,1.0,
VisualCogA_Task-2,29,,,272.20703125,-1,left,unresolved_from_allowed_channels,pre_response_100ms_end,2.21484375,274.421875,0,0,0,256,256.0,,,,,3.4620166970576305,2.587402997827001,1.474585169339962,,,,,2.122317372367591,2.256438102085737,2.004196292566423,,,,,2.3469815710546085,2.289346076665724,2.094823954400196,-0.2980569211612764,274.421875,-2.0,left,-1.0,0.0148437500000113,shorter_than_100ms_review_timing_anchor,False,,-1.1015625,-0.10546875,-76.76837158203125,125.55062103271484,-50.128665924072266,66.03410339355469,-40.27311706542969,76.72393035888672,,2.6437718801599432,1.8578684721021936,,0.03750131015100139,-0.39430214590392926,-1.0,
VisualCogA_Task-2,30,,,281.01953125,-1,left,unresolved_from_allowed_channels,pre_response_100ms_end,2.21875,283.23828125,0,0,0,256,256.0,,,,,11.103794231748733,10.076560794172972,9.558332549228378,,,,,2.681162472299097,2.8166624199023342,2.507337632276845,,,,,3.2359966165573524,2.6192311232221503,2.4143040245435508,-7.457329670950822,283.23828125,2.0,right,1.0,0.0187500000000113,shorter_than_100ms_review_timing_anchor,False,,-1.1015625,-0.10546875,12.589096069335938,746.1265258789062,-27.164344787597656,164.04269409179688,-53.80296325683594,230.3464508056641,,5.673651106868394,4.826658068682924,,2.8923571004700754,3.208534248021603,-1.0,
VisualCogA_Task-2,31,28.0,VisualCogA_Task-2:q1_028,289.4921875,-1,left,unresolved_from_allowed_channels,pre_response_100ms_end,2.21484375,291.70703125,0,0,0,256,256.0,,,,,1.6101948856753998,1.702294091526847,2.1165730486863232,,,,,1.25020098191509,2.9609742918312416,2.4844498199922027,,,,,1.371007894307007,3.508906629445145,2.543868108373238,1.806612537918298,291.70703125,2.0,right,1.0,0.0148437500000113,shorter_than_100ms_review_timing_anchor,False,,-1.1015625,-0.10546875,38.883697509765625,113.36746215820312,1.7864832878112793,20.30716896057129,19.94595718383789,39.836219787597656,,1.4104679206324988,2.3816303256839215,,-1.1245598436545738,0.2413199507268014,-1.0,
VisualCogA_Task-2,32,,,297.8984375,1,right,unresolved_from_allowed_channels,pre_response_100ms_end,2.21875,300.1171875,0,0,0,256,256.0,,,,,11.098762202238294,10.096336735162824,9.556752497259165,,,,,2.1402224239214096,1.1400589077825274,1.742272242961818,,,,,2.5913995355758117,1.0892937635097215,1.4489379704555678,-9.007042971653103,300.1171875,2.0,right,1.0,0.0187500000000113,shorter_than_100ms_review_timing_anchor,False,,-1.1015625,-0.10546875,72.8619384765625,853.776611328125,-202.61801147460935,88.33580780029297,-186.3482666015625,100.59510040283205,,5.276794720578505,4.24932090355885,,2.518425445921717,2.5078947171937918,1.0,
VisualCogA_Task-2,33,,,306.46484375,-1,left,unresolved_from_allowed_channels,pre_response_100ms_end,2.21484375,308.6796875,0,0,0,256,256.0,,,,,7.327190792038131,6.408145318339291,5.946554488821376,,,,,2.35653291201158,3.098976906944562,2.9027125684775426,,,,,10.98230184914066,9.69539974637564,9.808273764560523,3.2872544280363494,308.6796875,-2.0,left,-1.0,0.0148437500000113,shorter_than_100ms_review_timing_anchor,False,,-1.1015625,-0.10546875,514.9247436523438,635.5996704101562,-231.04281616210935,89.09947204589844,237.13101196289065,873.1064453125,,6.888675184396791,6.219180273953147,,4.037194324519208,4.8984585479030445,-1.0,
VisualCogA_Task-2,34,,,315.19921875,-1,left,unresolved_from_allowed_channels,pre_response_100ms_end,2.21484375,317.4140625,0,0,0,256,256.0,,,,,1.9252574092649408,2.069872637756076,1.361887661306402,,,,,1.836879094891407,2.475018405056234,1.775083280294019,,,,,2.0897368936423546,2.2476999921680862,1.6246158407294131,0.1778273544120105,317.4140625,-2.0,left,-1.0,0.0148437500000113,shorter_than_100ms_review_timing_anchor,False,,-1.1015625,-0.10546875,292.41912841796875,87.84857177734375,112.2014617919922,32.058101654052734,165.78610229492188,45.361114501953125,,1.9506244659329006,1.5871955941099447,,-0.615605880263483,-0.7227828495557487,-1.0,
VisualCogA_Task-2,35,29.0,VisualCogA_Task-2:q1_029,323.88671875,1,right,unresolved_from_allowed_channels,pre_response_100ms_end,2.21875,326.10546875,0,0,0,256,256.0,,,,,2.771747077262116,2.7692199113863905,2.2110689081064296,,,,,3.029238021507353,2.5315841925367484,2.2119187047854245,,,,,0.9919543753782446,2.933013584020368,1.2660518542553505,0.1637936726339774,326.10546875,2.0,right,1.0,0.0187500000000113,shorter_than_100ms_review_timing_anchor,False,,-1.1015625,-0.10546875,-27.28678703308105,15.728938102722168,-11.783258438110352,10.581414222717283,-14.009279251098633,10.021103858947754,,2.264313158049238,1.896346489049068,,-0.3200376704312973,-0.34760634773017257,1.0,
VisualCogA_Task-2,36,30.0,VisualCogA_Task-2:q1_030,332.3125,1,right,unresolved_from_allowed_channels,pre_response_100ms_end,2.21484375,334.52734375,0,0,0,256,256.0,,,,,5.565343394474189,4.080548052806505,2.4119072284993006,,,,,5.484403694338867,4.258402844887633,2.31646363932436,,,,,5.700519349537256,4.3373010156860285,2.222482903390766,0.2567529628795233,334.52734375,2.0,right,1.0,0.0148437500000113,shorter_than_100ms_review_timing_anchor,False,,-1.1015625,-0.10546875,112.70222473144533,69.77017974853516,26.926902770996094,45.60678863525391,44.60031127929688,61.37338638305664,,5.583422146116771,2.316951257071475,,2.807340288979513,0.16282732107378875,1.0,
VisualCogA_Task-2,37,31.0,VisualCogA_Task-2:q1_031,340.90625,-1,left,unresolved_from_allowed_channels,pre_response_100ms_end,2.21875,343.125,0,0,0,256,256.0,,,,,2.4122544925594984,1.7176019444165918,2.124474465612346,,,,,2.9730224632412177,2.236603113380291,1.4291735451203935,,,,,2.994518537297054,2.5110613803637256,1.4754928920196713,0.7934594359471339,343.125,2.0,right,1.0,0.0187500000000113,shorter_than_100ms_review_timing_anchor,False,,-1.1015625,-0.10546875,22.679458618164062,11.957456588745115,3.3237264156341557,7.253334045410156,12.02052879333496,7.258543968200684,,2.7932651643659234,1.6763803009174705,,0.1783589932781594,-0.6145508927212845,-1.0,
VisualCogA_Task-2,38,,,349.56640625,1,right,unresolved_from_allowed_channels,pre_response_100ms_end,2.21875,351.78515625,0,0,0,256,256.0,,,,,5.466481509887404,3.0955331141497235,1.4518838656786544,,,,,5.2313079514180165,3.025445575331561,1.816585877916076,,,,,5.373813018787328,3.3805621457104555,2.0342706373779,0.285029031560732,351.78515625,2.0,right,1.0,0.0187500000000113,shorter_than_100ms_review_timing_anchor,False,,-1.1015625,-0.10546875,96.13835906982422,206.20664978027344,54.06217575073242,68.49822998046875,90.1855926513672,94.77346801757812,,5.357200826697583,1.7675801269908769,,2.59418682796216,-0.5038734459681083,1.0,
VisualCogA_Task-2,39,32.0,VisualCogA_Task-2:q1_032,358.42578125,-1,left,unresolved_from_allowed_channels,pre_response_100ms_end,2.21875,360.64453125,0,0,0,256,256.0,,,,,4.760645052653333,2.8371606081119647,2.026507179408218,,,,,4.714414885629381,2.888846580064484,2.170264175036711,,,,,4.889053570788805,2.4724797191495664,2.064937299993838,-0.3646808889623982,360.64453125,2.0,right,1.0,0.0187500000000113,shorter_than_100ms_review_timing_anchor,False,,-1.1015625,-0.10546875,30.54593086242676,65.06177520751953,49.50425720214844,25.48604965209961,61.665828704833984,30.020309448242188,,4.788037836357173,2.0872362181462556,,2.0579020004068886,-0.1159481446665284,-1.0,
VisualCogA_Task-2,40,,,366.9453125,-1,left,unresolved_from_allowed_channels,pre_response_100ms_end,2.21484375,369.16015625,0,0,0,256,256.0,,,,,9.330585635018718,7.709416651026839,7.414355625411484,,,,,3.308768795840704,3.661876328271839,2.678464316151931,,,,,3.29788901850693,3.3858934698859566,2.6581639892345623,-4.323523181140882,369.16015625,-2.0,left,-1.0,0.0148437500000113,shorter_than_100ms_review_timing_anchor,False,,-1.1015625,-0.10546875,-63.74641418457031,722.7946166992188,-220.64645385742188,70.86475372314453,-252.48974609375,82.98628234863281,,5.312414483122118,4.250327976932659,,2.5519876039282243,2.50911687204326,-1.0,
VisualCogA_Task-2,41,33.0,VisualCogA_Task-2:q1_033,375.7109375,-1,left,unresolved_from_allowed_channels,pre_response_100ms_end,2.21875,377.9296875,0,0,0,256,256.0,,,,,2.8233061218039226,2.464598796445169,1.6358942135075996,,,,,1.848182208737169,2.692754075481925,1.5969370472549744,,,,,1.3542687736350327,2.8778993436236533,2.1028427241723557,0.4133005471784843,377.9296875,-2.0,left,-1.0,0.0187500000000113,shorter_than_100ms_review_timing_anchor,False,,-1.1015625,-0.10546875,-67.7396240234375,229.5122985839844,-22.75327491760254,62.08130645751953,-35.14030456542969,108.23666381835938,,2.0085857013920414,1.77855799497831,,-0.5609928226848359,-0.49055102582813387,-1.0,
VisualCogA_Task-2,42,,,384.27734375,-1,left,unresolved_from_allowed_channels,pre_response_100ms_end,2.21484375,386.4921875,0,0,0,256,256.0,,,,,2.1110283331964497,4.2682403882085564,3.1188605015456683,,,,,2.6745503543383866,4.501650689974892,2.944636601003893,,,,,1.5367155453320385,3.548311060210392,2.39349182167518,-0.7199293279981642,386.4921875,-2.0,left,-1.0,0.0148437500000113,shorter_than_100ms_review_timing_anchor,False,,-1.1015625,-0.10546875,152.94615173339844,58.6890754699707,93.44000244140624,39.12129592895508,117.32878875732422,35.84357452392578,,2.1074314109556247,2.818996308074914,,-0.46785701588162065,0.7720945400200683,-1.0,
VisualCogA_Task-2,43,34.0,VisualCogA_Task-2:q1_034,392.85546875,-1,left,unresolved_from_allowed_channels,pre_response_100ms_end,2.21875,395.07421875,0,0,0,256,256.0,,,,,5.784638645518045,2.5226055783172074,2.337544612091394,,,,,5.761243294877354,2.488227319024256,2.680722338922221,,,,,6.045664381092009,2.6236737977330784,2.929346812931942,0.1010682194158709,395.07421875,2.0,right,1.0,0.0187500000000113,shorter_than_100ms_review_timing_anchor,False,,-1.1015625,-0.10546875,2.3046441078186035,31.575773239135746,-40.1267204284668,24.58382797241211,-38.47866821289063,28.828691482543945,,5.863848773829137,2.649204587981852,,3.0715678445953247,0.5660402648221712,-1.0,
VisualCogA_Task-2,44,,,401.73046875,-1,left,unresolved_from_allowed_channels,pre_response_100ms_end,2.21875,403.94921875,0,0,0,256,256.0,,,,,3.830707584422505,2.4636644873643982,1.5835790847134077,,,,,2.604859149573362,2.6074545004031124,1.1909014312841175,,,,,2.8317227130998224,2.3189725127528504,1.5461034002504848,-0.1446919746115478,403.94921875,2.0,right,1.0,0.0187500000000113,shorter_than_100ms_review_timing_anchor,False,,-1.1015625,-0.10546875,85.34907531738281,29.051387786865234,52.722049713134766,50.9416389465332,-19.22236442565918,62.98637771606445,,3.0890964823652296,1.4401946387493367,,0.45710137472467566,-0.9011789179484045,-1.0,
VisualCogA_Task-2,45,35.0,VisualCogA_Task-2:q1_035,410.171875,-1,left,unresolved_from_allowed_channels,pre_response_100ms_end,2.21875,412.390625,0,0,0,256,256.0,,,,,2.732471589221039,2.0795661171302107,1.006131031713278,,,,,2.586334053657789,2.491068462113709,1.1679420991844842,,,,,2.676415882847732,2.312701181111184,1.416564903953612,0.2331350639809732,412.390625,-2.0,left,-1.0,0.0187500000000113,shorter_than_100ms_review_timing_anchor,False,,-1.1015625,-0.10546875,37.42235565185547,21.38160514831543,-4.843127250671387,26.72178649902344,8.540740966796875,30.46658515930176,,2.6650738419088533,1.1968793449504578,,0.057572746764036786,-1.1964592560050076,-1.0,
VisualCogA_Task-2,46,36.0,VisualCogA_Task-2:q1_036,418.75390625,-1,left,unresolved_from_allowed_channels,pre_response_100ms_end,2.21484375,420.96875,0,0,0,256,256.0,,,,,2.7503033081303374,2.729436788313933,1.8935947327808504,,,,,2.60041697778342,2.3817765303470284,1.5996516235077236,,,,,2.6320553633461787,2.264759012150004,1.4096289405156006,-0.4646777761639291,420.96875,2.0,right,1.0,0.0148437500000113,shorter_than_100ms_review_timing_anchor,False,,-1.1015625,-0.10546875,-127.6177978515625,127.05299377441406,-26.42317771911621,50.38804626464844,-89.5329818725586,129.80743408203125,,2.660925216419979,1.6342917656013913,,0.053663769998766625,-0.6656283105950326,-1.0,
VisualCogA_Task-2,47,37.0,VisualCogA_Task-2:q1_037,427.20703125,-1,left,unresolved_from_allowed_channels,pre_response_100ms_end,2.21875,429.42578125,0,0,0,256,256.0,,,,,3.099495930171567,3.4728228427469827,2.750006772258554,,,,,2.2847235251034537,3.0450024619255527,2.2908497061160737,,,,,2.4498799922158514,2.783844336229176,1.6785745581946734,-0.6889785065178073,429.42578125,-2.0,left,-1.0,0.0187500000000113,shorter_than_100ms_review_timing_anchor,False,,-1.1015625,-0.10546875,43.60347366333008,38.2150764465332,-1.3435683250427246,15.793207168579102,6.868894577026367,42.91249847412109,,2.611366482496958,2.2398103455231,,0.006967836624972882,0.06921136260129411,-1.0,
VisualCogA_Task-2,48,38.0,VisualCogA_Task-2:q1_038,435.94140625,1,right,unresolved_from_allowed_channels,pre_response_100ms_end,2.21875,438.16015625,0,0,0,256,256.0,,,,,0.75073685104897,1.947189462098104,2.109095204159874,,,,,2.423310953786713,2.0113408487123885,2.1176587476205344,,,,,0.9536916917425652,0.5540469827418287,2.139481735484834,-1.3931424793562748,438.16015625,-2.0,left,-1.0,0.0187500000000113,shorter_than_100ms_review_timing_anchor,False,,-1.1015625,-0.10546875,79.69740295410156,53.110626220703125,40.392181396484375,16.34210205078125,62.72368240356445,20.89466094970703,,1.375913165526083,2.122078562421747,,-1.1571185152441927,-0.07366449271961951,1.0,
VisualCogA_Task-2,49,39.0,VisualCogA_Task-2:q1_039,444.6796875,1,right,unresolved_from_allowed_channels,pre_response_100ms_end,2.21875,446.8984375,0,0,0,256,256.0,,,,,1.5486602410565364,2.907089002620238,2.0284022195365443,,,,,1.259547963903772,2.412746083238088,2.0077281140538443,,,,,1.8575477852831423,2.060064160030376,2.133053774579852,-0.8470248425898621,446.8984375,-2.0,left,-1.0,0.0187500000000113,shorter_than_100ms_review_timing_anchor,False,,-1.1015625,-0.10546875,-204.20350646972656,181.4394073486328,-115.18449401855467,23.163454055786133,-212.536376953125,65.16287994384766,,1.555251996747817,2.0563947027234137,,-0.988139337384808,-0.15337650750409962,1.0,
VisualCogA_Task-2,50,,,453.40234375,-1,left,unresolved_from_allowed_channels,pre_response_100ms_end,2.21484375,455.6171875,0,0,0,256,256.0,,,,,4.324618334003782,2.368454988937598,2.0400567087259134,,,,,3.881593568901265,1.986429629801307,1.8338548742072591,,,,,3.3931460893788588,1.8884805748454792,1.995595072273393,-0.4799744140921187,455.6171875,2.0,right,1.0,0.0148437500000113,shorter_than_100ms_review_timing_anchor,False,,-1.1015625,-0.10546875,108.4603500366211,48.85798263549805,51.34127426147461,67.52043151855469,97.23971557617188,83.50119018554688,,3.8664526640946355,1.9565022184021885,,1.1895529447370625,-0.2746031105636941,-1.0,
VisualCogA_Task-2,51,40.0,VisualCogA_Task-2:q1_040,462.08984375,1,right,unresolved_from_allowed_channels,pre_response_100ms_end,2.21484375,464.3046875,0,0,0,256,256.0,,,,,2.706202913915854,3.4220575432266385,2.813373505108299,,,,,2.3254173446830424,3.4342439844049477,2.9061704584043757,,,,,2.25706326508942,3.5041166868350766,2.6339758826726447,0.0820591436084381,464.3046875,2.0,right,1.0,0.0148437500000113,shorter_than_100ms_review_timing_anchor,False,,-1.1015625,-0.10546875,-119.17930603027344,13.556323051452637,-9.842525482177734,20.19266128540039,-56.50883865356445,13.404008865356444,,2.4295611745627723,2.7845066153951064,,-0.16433533991467575,0.7302388557556012,1.0,
VisualCogA_Task-2,52,41.0,VisualCogA_Task-2:q1_041,470.48046875,1,right,unresolved_from_allowed_channels,pre_response_100ms_end,2.21875,472.69921875,0,0,0,256,256.0,,,,,2.7147184792217947,2.256387777636059,2.53263115809254,,,,,3.1304528311546607,1.8495734970266544,2.3599781811357987,,,,,2.8361421692191016,2.3439235883506204,2.077041277247223,0.0875358107145616,472.69921875,-2.0,left,-1.0,0.0187500000000113,shorter_than_100ms_review_timing_anchor,False,,-1.1015625,-0.10546875,-121.4044189453125,37.07831573486328,-14.567596435546877,10.27670669555664,-30.04012680053711,33.01874542236328,,2.8937711598651856,2.3232168721585205,,0.27305917825040393,0.17043108864692189,1.0,
VisualCogA_Task-2,53,42.0,VisualCogA_Task-2:q1_042,479.15625,-1,left,unresolved_from_allowed_channels,pre_response_100ms_end,2.21484375,481.37109375,0,0,0,256,256.0,,,,,1.5417128944995369,2.3702608066091893,2.442786117798846,,,,,2.394055260788496,2.43418238700714,2.499639538338128,,,,,2.375495215291924,2.3074234001086564,2.4464277769201823,-0.0628374065005328,481.37109375,2.0,right,1.0,0.0148437500000113,shorter_than_100ms_review_timing_anchor,False,,-1.1015625,-0.10546875,-94.53143310546876,48.04033660888672,15.52031135559082,20.56779289245605,-5.15716552734375,44.98701477050781,,2.1037544568599853,2.4629511443523855,,-0.47132156773508754,0.340008522466612,-1.0,
VisualCogA_Task-2,54,43.0,VisualCogA_Task-2:q1_043,487.796875,-1,left,unresolved_from_allowed_channels,pre_response_100ms_end,2.21875,490.015625,0,0,0,256,256.0,,,,,1.850025551552264,1.570234578189836,0.946029414606504,,,,,1.668808379766566,1.0292797897546713,1.5206856287486592,,,,,1.766616647105839,1.23942566455019,1.0196776172893514,-0.3308089136396461,490.015625,2.0,right,1.0,0.0187500000000113,shorter_than_100ms_review_timing_anchor,False,,-1.1015625,-0.10546875,104.9910659790039,57.269718170166016,70.14286804199219,41.3805046081543,71.67774200439453,9.957107543945312,,1.7618168594748898,1.1621308868815048,,-0.7935068618608607,-1.2386289703922477,-1.0,
VisualCogA_Task-2,55,44.0,VisualCogA_Task-2:q1_044,496.31640625,1,right,unresolved_from_allowed_channels,pre_response_100ms_end,2.21484375,498.53125,0,0,0,256,256.0,,,,,1.4938321075674732,2.1470617726891548,1.7406630115835675,,,,,2.2410772908638377,2.137714481731556,1.5332345538305008,,,,,1.745007757903619,1.9053683394879444,1.4948309565481976,-0.2416934332012104,498.53125,2.0,right,1.0,0.0148437500000113,shorter_than_100ms_review_timing_anchor,False,,-1.1015625,-0.10546875,69.69390869140625,56.71439743041992,-2.1001646518707275,19.42974090576172,0.3125886917114258,36.22661590576172,,1.8266390521116433,1.589576173987422,,-0.7324291758729428,-0.7198938473067851,1.0,
VisualCogA_Task-2,56,45.0,VisualCogA_Task-2:q1_045,504.98828125,1,right,unresolved_from_allowed_channels,pre_response_100ms_end,2.21875,507.20703125,0,0,0,256,256.0,,,,,3.827859316090973,3.0503211491544038,2.1592344749654035,,,,,3.396312347897282,3.339169354268104,2.6695130000961083,,,,,2.721235132323381,3.1608569588661517,2.475338228754163,0.1105358097117479,507.20703125,-2.0,left,-1.0,0.0187500000000113,shorter_than_100ms_review_timing_anchor,False,,-1.1015625,-0.10546875,-34.6754035949707,25.9940185546875,-24.94040870666504,17.675588607788086,-32.51741027832031,30.389162063598636,,3.3151355987705453,2.434695234605225,,0.6700831578333585,0.30571797520189736,1.0,
VisualCogA_Task-2,57,46.0,VisualCogA_Task-2:q1_046,513.6796875,1,right,unresolved_from_allowed_channels,pre_response_100ms_end,2.21484375,515.89453125,0,0,0,256,256.0,,,,,5.772161226871053,4.783958394225137,1.896822020710088,,,,,5.616721376232337,4.745230033853261,2.128551400591632,,,,,5.84136204956076,4.653675792444828,2.118110269335,-0.1302826017803093,515.89453125,2.0,right,1.0,0.0148437499999545,shorter_than_100ms_review_timing_anchor,False,,-1.1015625,-0.10546875,-35.73688888549805,31.457162857055664,-15.110618591308594,27.26309967041016,-28.715164184570312,28.76695251464844,,5.743414884221384,2.047827896878907,,2.9580909165162947,-0.16377293300755433,1.0,
VisualCogA_Task-2,58,47.0,VisualCogA_Task-2:q1_047,522.4140625,1,right,unresolved_from_allowed_channels,pre_response_100ms_end,2.21875,524.6328125,0,0,0,256,256.0,,,,,2.09981642299812,2.00688588916861,2.2110756989485743,,,,,2.2430062081951148,2.603226306472866,1.5308502542572398,,,,,1.9919068351154765,2.882137481027262,1.9469210147185037,0.8752515918586523,524.6328125,-2.0,left,-1.0,0.0187499999999545,shorter_than_100ms_review_timing_anchor,False,,-1.1015625,-0.10546875,-245.54136657714844,83.78639221191406,-90.35626220703124,35.64338684082031,-170.89642333984375,71.7375259399414,,2.1115764887695705,1.8962823226414391,,-0.463951381856953,-0.3476842182094207,1.0,
VisualCogA_Task-2,59,,,531.1171875,1,right,unresolved_from_allowed_channels,pre_response_100ms_end,2.21875,533.3359375,0,0,0,256,256.0,,,,,5.611751814385728,3.3074162101078537,2.1310816059244866,,,,,5.158185498970115,2.939944635740285,1.8876775350966983,,,,,5.134723002675445,2.936344049637968,2.1674748395461423,-0.3710721604698856,533.3359375,-2.0,left,-1.0,0.0187499999999545,shorter_than_100ms_review_timing_anchor,False,,-1.1015625,-0.10546875,91.34718322753906,75.92961120605469,10.321557998657228,46.19095230102539,37.76894760131836,42.83779144287109,,5.301553438677096,2.0620779935224425,,2.5417539565440452,-0.1464794316885599,1.0,
VisualCogA_Task-2,60,48.0,VisualCogA_Task-2:q1_048,539.85546875,-1,left,unresolved_from_allowed_channels,pre_response_100ms_end,2.21484375,542.0703125,0,0,0,256,256.0,,,,,2.32518319786032,1.8834100509509029,2.3671684414874927,,,,,2.249269964333452,2.195552120872485,2.073280133810496,,,,,2.5794976847255446,1.7579530736477875,2.080281409794613,-0.1254569773031153,542.0703125,2.0,right,1.0,0.0148437499999545,shorter_than_100ms_review_timing_anchor,False,,-1.1015625,-0.10546875,111.56974792480467,34.36082458496094,36.72888946533203,21.65647315979004,59.150428771972656,27.74818992614746,,2.384650282306439,2.1735766616975343,,-0.20665191797368862,-0.01116790269434833,-1.0,
VisualCogA_Task-2,61,,,548.60546875,1,right,unresolved_from_allowed_channels,pre_response_100ms_end,2.21875,550.82421875,0,0,0,256,256.0,,,,,1.4650988041955717,1.4181297438393836,1.6839254357327875,,,,,1.8294632994720048,1.7229502525024392,1.8214931223555768,,,,,1.83083026705985,2.1643711548566853,1.740477656162159,0.7462414110173017,550.82421875,-2.0,left,-1.0,0.0187499999999545,shorter_than_100ms_review_timing_anchor,False,,-1.1015625,-0.10546875,80.24369812011719,32.25232696533203,112.97564697265624,25.402929306030277,110.66104125976562,39.009613037109375,,1.7084641235758091,1.748632071416841,,-0.8437776336025857,-0.5268682531093369,1.0,
VisualCogA_Task-2,62,,,557.140625,-1,left,unresolved_from_allowed_channels,pre_response_100ms_end,2.21484375,559.35546875,0,0,0,256,256.0,,,,,1.9895457563911976,1.705857117108847,1.782092376484662,,,,,1.9725266227141989,3.112730286389834,2.0653840193974458,,,,,2.1872483343323013,2.8699210490219613,2.048759959611343,1.1640639319131143,559.35546875,2.0,right,1.0,0.0148437499999545,shorter_than_100ms_review_timing_anchor,False,,-1.1015625,-0.10546875,53.36436462402344,71.62802124023438,41.792701721191406,15.631491661071776,63.59114837646485,20.35587501525879,,2.049773571145899,1.9654121184978168,,-0.5221842037071583,-0.2637903158921747,-1.0,
VisualCogA_Task-2,63,49.0,VisualCogA_Task-2:q1_049,565.734375,-1,left,unresolved_from_allowed_channels,pre_response_100ms_end,2.21875,567.953125,0,0,0,256,256.0,,,,,3.17681668382794,2.688133011934682,1.897462779388968,,,,,2.3568988937128545,1.8797045442665727,1.900107581564688,,,,,2.3693823339552487,1.813991454183345,1.9443431844951928,-0.8741415577513367,567.953125,-2.0,left,-1.0,0.0187499999999545,shorter_than_100ms_review_timing_anchor,False,,-1.1015625,-0.10546875,-177.3732452392578,146.415771484375,-118.7141342163086,25.33298110961914,-184.9337158203125,33.47579574584961,,2.6343659704986813,1.913971181816283,,0.028638740506981793,-0.32621753506166534,-1.0,
VisualCogA_Task-2,64,50.0,VisualCogA_Task-2:q1_050,574.31640625,1,right,unresolved_from_allowed_channels,pre_response_100ms_end,2.21484375,576.53125,0,0,0,256,256.0,,,,,2.8725260741593783,0.6843722377511148,1.975242750243334,,,,,3.5941217672954178,1.5848937553512243,2.06851217540205,,,,,4.042639803476282,2.2351136545466668,2.026237956113728,1.550741416795552,576.53125,2.0,right,1.0,0.0148437499999545,shorter_than_100ms_review_timing_anchor,False,,-1.1015625,-0.10546875,43.63808441162109,27.983184814453125,-42.349586486816406,42.654056549072266,-40.99610137939453,50.88888931274414,,3.503095881643693,2.0233309605863705,,0.8471857621815054,-0.19350169981409265,1.0,
VisualCogA_Task-2,65,51.0,VisualCogA_Task-2:q1_051,582.81640625,-1,left,unresolved_from_allowed_channels,pre_response_100ms_end,2.21875,585.03515625,0,0,0,256,256.0,,,,,1.555201118804019,3.117013450518558,2.6155684249725057,,,,,1.7060550937009746,3.525460636125438,2.1039905587110246,,,,,2.114906604362788,3.9935046599742985,2.042156548075277,0.8764912094557404,585.03515625,-2.0,left,-1.0,0.0187499999999545,shorter_than_100ms_review_timing_anchor,False,,-1.1015625,-0.10546875,-22.258007049560547,22.428041458129883,-56.96627426147461,23.710166931152344,-75.11377716064453,23.60926628112793,,1.7920542722892605,2.253905177252936,,-0.765016137776405,0.08631643895328461,-1.0,
VisualCogA_Task-2,66,52.0,VisualCogA_Task-2:q1_052,591.3515625,1,right,unresolved_from_allowed_channels,pre_response_100ms_end,2.21484375,593.56640625,0,0,0,256,256.0,,,,,2.672983377205845,2.004154624327473,1.2273441831143508,,,,,2.440474696358284,2.1936119662958333,1.2206659107067026,,,,,2.266124236301395,2.200676447266555,1.621918198397835,0.1965218229390815,593.56640625,2.0,right,1.0,0.0148437499999545,shorter_than_100ms_review_timing_anchor,False,,-1.1015625,-0.10546875,200.19485473632807,23.723712921142575,167.10366821289062,44.14345169067383,219.44207763671875,62.16042709350586,,2.4598607699551747,1.3566427640729628,,-0.13578602527935396,-1.00257503413375,1.0,
VisualCogA_Task-2,67,,,599.8515625,1,right,unresolved_from_allowed_channels,pre_response_100ms_end,2.21484375,602.06640625,0,0,0,256,256.0,,,,,11.35072575905244,10.48395268397512,9.807614109378552,,,,,2.4663770647995444,2.160037099700704,2.0370936079291035,,,,,10.73439786931164,9.7311016691762,9.198223127637682,-0.7528510147989174,602.06640625,-2.0,left,-1.0,0.0148437499999545,shorter_than_100ms_review_timing_anchor,False,,-1.1015625,-0.10546875,-40.488616943359375,816.460693359375,-189.1090087890625,124.88135528564452,206.8457489013672,894.5645141601562,,8.183833564387875,7.014310281648446,,5.257536827911543,5.863405114990966,1.0,
VisualCogA_Task-2,68,53.0,VisualCogA_Task-2:q1_053,608.6015625,-1,left,unresolved_from_allowed_channels,pre_response_100ms_end,2.21875,610.8203125,0,0,0,256,256.0,,,,,1.584031025305488,2.351060248968561,1.8781996927577944,,,,,0.93368046217027,2.459379016956322,1.6319271145774108,,,,,0.9755880728287724,2.2295812189636,1.6797781697505914,-0.121479030004961,610.8203125,-2.0,left,-1.0,0.0187499999999545,shorter_than_100ms_review_timing_anchor,False,,-1.1015625,-0.10546875,-49.49591445922852,23.67624855041504,-25.084571838378903,16.955209732055664,-31.80126190185547,21.87054443359375,,1.1644331867681768,1.7299683256952656,,-1.3563821811261656,-0.5495180301127695,-1.0,
VisualCogA_Task-2,69,54.0,VisualCogA_Task-2:q1_054,617.38671875,-1,left,unresolved_from_allowed_channels,pre_response_100ms_end,2.21484375,619.6015625,0,0,0,256,256.0,,,,,2.959287432932097,1.895830990429377,1.8195751897467491,,,,,1.947753718231117,1.7519895992641237,2.0750698063314075,,,,,2.580060120654127,2.3731726066616563,1.6863094026580268,0.4773416162322792,619.6015625,-2.0,left,-1.0,0.0148437499999545,shorter_than_100ms_review_timing_anchor,False,,-1.1015625,-0.10546875,-396.3231201171875,121.45870208740234,-155.62261962890625,74.96369934082031,-290.63348388671875,126.23511505126952,,2.495700423939114,1.860318132912061,,-0.10201667804031093,-0.39132930905192453,-1.0,
VisualCogA_Task-2,70,55.0,VisualCogA_Task-2:q1_055,625.94921875,1,right,unresolved_from_allowed_channels,pre_response_100ms_end,2.21875,628.16796875,0,0,0,256,256.0,,,,,3.7084970471455314,2.906418008262404,2.5566824784696376,,,,,2.5199095914678726,3.0332036241913274,2.4982900568790978,,,,,2.4804214925825376,2.237450591726784,2.026273942873354,-0.6689674165356196,628.16796875,-2.0,left,-1.0,0.0187499999999545,shorter_than_100ms_review_timing_anchor,False,,-1.1015625,-0.10546875,15.072481155395508,40.44821166992188,5.711246490478516,20.205446243286133,46.46542739868164,26.726621627807617,,2.9029427103986474,2.3604154927406964,,0.28170092671214114,0.21557424873871397,1.0,
VisualCogA_Task-2,71,56.0,VisualCogA_Task-2:q1_056,634.421875,1,right,unresolved_from_allowed_channels,pre_response_100ms_end,2.21484375,636.63671875,0,0,0,256,256.0,,,,,2.375240853060949,3.74094380584706,2.4921097389361138,,,,,3.434248602818505,4.8346223464643385,2.963733043049435,,,,,2.4542715433338267,4.742265742115803,3.019446552728223,1.0013219362687429,636.63671875,-2.0,left,-1.0,0.0148437499999545,shorter_than_100ms_review_timing_anchor,False,,-1.1015625,-0.10546875,21.41839599609375,57.16933822631836,73.61512756347656,31.641843795776367,86.9384536743164,52.0004997253418,,2.7545869997377603,2.8250964449045903,,0.14191510426955933,0.7794974880104535,1.0,
VisualCogA_Task-2,72,57.0,VisualCogA_Task-2:q1_057,642.8125,1,right,unresolved_from_allowed_channels,pre_response_100ms_end,2.21484375,645.02734375,0,0,0,256,256.0,,,,,2.3265808085982296,2.511699501264258,1.7589583809033291,,,,,2.4835102320644618,3.27874041954782,2.5643292481185846,,,,,2.258864372368569,3.5633465648097125,2.6739913183075585,1.051647063545455,645.02734375,2.0,right,1.0,0.0148437499999545,shorter_than_100ms_review_timing_anchor,False,,-1.1015625,-0.10546875,-24.62368392944336,40.85137176513672,-30.07500648498535,17.937313079833984,-34.499473571777344,35.80282974243164,,2.35631847101042,2.332426315776491,,-0.23334711916048165,0.18160740059332742,1.0,
VisualCogA_Task-2,73,58.0,VisualCogA_Task-2:q1_058,651.51953125,1,right,unresolved_from_allowed_channels,pre_response_100ms_end,2.21484375,653.734375,0,0,0,256,256.0,,,,,2.3981619526312934,2.180556247814886,1.8775623299385735,,,,,2.4201993890018,2.5677960862811697,2.4462185041314486,,,,,2.071412234547621,2.6800293793694228,2.591989652404244,0.4994731315545366,653.734375,-2.0,left,-1.0,0.0148437499999545,shorter_than_100ms_review_timing_anchor,False,,-1.1015625,-0.10546875,-6.979043960571289,29.13902282714844,-44.93440246582031,31.860179901123047,-24.00145721435547,27.47705078125,,2.2965911920602378,2.305256828824755,,-0.28962420329236926,0.1486353043199034,1.0,
VisualCogA_Task-2,74,59.0,VisualCogA_Task-2:q1_059,660.17578125,-1,left,unresolved_from_allowed_channels,pre_response_100ms_end,2.21484375,662.390625,0,0,0,256,256.0,,,,,2.087214079054937,3.078567888622051,1.6501706469737225,,,,,1.4037274541549196,2.5352941733680883,2.229212957240451,,,,,0.3571825534477874,1.9081199833235436,2.379971127348281,-1.1704479052985075,662.390625,2.0,right,1.0,0.0148437499999545,shorter_than_100ms_review_timing_anchor,False,,-1.1015625,-0.10546875,45.840431213378906,78.67407989501953,-37.069034576416016,33.49982452392578,47.643104553222656,63.74889373779297,,1.2827080288858814,2.086451577187485,,-1.2449395814039246,-0.11690036203002177,-1.0,
VisualCogA_Task-2,75,60.0,VisualCogA_Task-2:q1_060,668.69140625,-1,left,unresolved_from_allowed_channels,pre_response_100ms_end,2.21875,670.91015625,0,0,0,256,256.0,,,,,3.113320339654961,2.570879398017732,1.9428921587341168,,,,,2.9822413694517573,2.4864213061880984,2.1145295097083245,,,,,2.391473907985278,2.48287740050486,2.0155098088429955,-0.088001997512872,670.91015625,-2.0,left,-1.0,0.0187499999999545,shorter_than_100ms_review_timing_anchor,False,,-1.1015625,-0.10546875,-5.341718673706055,39.83269500732422,1.4309701919555664,13.702094078063965,-17.46611785888672,15.811344146728516,,2.8290118723639988,2.0243104924284787,,0.21204076363176383,-0.192312968563545,-1.0,
VisualCogA_Task-2,76,61.0,VisualCogA_Task-2:q1_061,677.5078125,-1,left,unresolved_from_allowed_channels,pre_response_100ms_end,2.21484375,679.72265625,0,0,0,256,256.0,,,,,2.901838552626989,3.381871779148281,2.843075334571698,,,,,3.888860302459241,3.536619793290737,2.669388201084196,,,,,3.04096242941733,2.963964709221562,2.4520843118903057,-0.4179070699267182,679.72265625,2.0,right,1.0,0.0148437499999545,shorter_than_100ms_review_timing_anchor,False,,-1.1015625,-0.10546875,-29.71581649780273,16.56792640686035,-29.28145217895508,11.673123359680176,-27.67817687988281,12.31712532043457,,3.2772204281678534,2.6548492825154,,0.6343581878801432,0.5728905013365679,-1.0,
VisualCogA_Task-2,77,,,686.0078125,1,right,unresolved_from_allowed_channels,pre_response_100ms_end,2.21875,688.2265625,0,0,0,256,256.0,,,,,5.30768835340232,2.182760405589142,2.564566096838432,,,,,4.710934185490218,2.9387510036039663,2.734600553129489,,,,,4.244029395367056,2.805751127792305,2.7875817152497637,0.6229907222031632,688.2265625,2.0,right,1.0,0.0187499999999545,shorter_than_100ms_review_timing_anchor,False,,-1.1015625,-0.10546875,42.86053466796875,61.952178955078125,-11.124248504638672,48.94979095458984,6.560707092285156,56.397308349609375,,4.754217311419864,2.6955827884058947,,2.026035145583834,0.6223234950534279,1.0,
VisualCogA_Task-2,78,62.0,VisualCogA_Task-2:q1_062,694.85546875,-1,left,unresolved_from_allowed_channels,pre_response_100ms_end,2.21484375,697.0703125,0,0,0,256,256.0,,,,,1.813096118030992,1.8803040863455205,2.3322796068808813,,,,,3.041376082621704,1.9446205443068003,2.28503009252546,,,,,2.7626417322419665,2.596654721222589,2.0860955696819734,0.7163506348770683,697.0703125,2.0,right,1.0,0.0148437499999545,shorter_than_100ms_review_timing_anchor,False,,-1.1015625,-0.10546875,27.09438705444336,19.92521476745605,18.117494583129883,11.343976020812988,20.10168838500977,11.420379638671877,,2.5390379776315544,2.2344684230294383,,-0.06118255336414847,0.06272856139643232,-1.0,
VisualCogA_Task-2,79,,,703.30859375,1,right,unresolved_from_allowed_channels,pre_response_100ms_end,2.21484375,705.5234375,0,0,0,256,256.0,,,,,2.84457836796309,2.4569092619074397,1.5710925977473682,,,,,2.600579188068156,2.379406100006184,2.1805941994271736,,,,,2.7745080683610897,2.2622893970077804,1.5625802832662383,-0.1946198648996588,705.5234375,-2.0,left,-1.0,0.0148437499999545,shorter_than_100ms_review_timing_anchor,False,,-1.1015625,-0.10546875,147.1449737548828,33.546024322509766,108.29800415039062,18.138992309570312,129.90139770507812,16.88614273071289,,2.739888541464112,1.7714223601469268,,0.128065714385833,-0.4992106239666747,1.0,
VisualCogA_Task-2,80,63.0,VisualCogA_Task-2:q1_063,712.08984375,-1,left,unresolved_from_allowed_channels,pre_response_100ms_end,2.21875,714.30859375,0,0,0,256,256.0,,,,,1.0141355860100378,1.9839354470400912,1.6305116775532231,,,,,2.344458454274067,2.14438653391374,1.6743568844083438,,,,,2.4582949333615853,1.704388843517148,1.949110882451709,-0.279546603522943,714.30859375,2.0,right,1.0,0.0187499999999545,shorter_than_100ms_review_timing_anchor,False,,-1.1015625,-0.10546875,34.849609375,91.55745697021484,-81.3083267211914,71.14544677734375,-103.5079116821289,122.0125961303711,,1.9389629912152302,1.751326481471092,,-0.6265937204149756,-0.5235983957187038,-1.0,
VisualCogA_Task-2,81,64.0,VisualCogA_Task-2:q1_064,720.671875,1,right,unresolved_from_allowed_channels,pre_response_100ms_end,2.21484375,722.88671875,0,0,0,256,256.0,,,,,3.0750629720512057,3.482826459867454,2.209632475762118,,,,,1.2162627552439966,3.6385172781360495,2.0891730326321376,,,,,1.2403733362123306,3.3463187706454463,1.8030490628394749,-0.1365076892220078,722.88671875,-2.0,left,-1.0,0.0148437499999545,shorter_than_100ms_review_timing_anchor,False,,-1.1015625,-0.10546875,-32.26839828491211,14.020516395568848,-26.895938873291016,13.787397384643556,-28.133960723876957,13.293182373046877,,1.8438996878358445,2.033951523744577,,-0.7161656148017789,-0.18061289438495692,1.0,
VisualCogA_Task-2,82,65.0,VisualCogA_Task-2:q1_065,729.375,1,right,unresolved_from_allowed_channels,pre_response_100ms_end,2.21875,731.59375,0,0,0,256,256.0,,,,,3.502315532097373,3.126720378317035,1.6815117952456324,,,,,2.390784399028401,2.912680654570648,1.417444790852557,,,,,1.5575848330653397,2.364568711414677,1.357652121940054,-0.762151666902358,731.59375,2.0,right,1.0,0.0187499999999545,shorter_than_100ms_review_timing_anchor,False,,-1.1015625,-0.10546875,-18.890363693237305,37.62260818481445,-15.183177947998049,28.856508255004883,-22.829132080078125,36.65066909790039,,2.4835615880637048,1.4855362360127478,,-0.11345430419423921,-0.8461536790539144,1.0,
VisualCogA_Task-2,83,66.0,VisualCogA_Task-2:q1_066,737.98828125,-1,left,unresolved_from_allowed_channels,pre_response_100ms_end,2.21484375,740.203125,0,0,0,256,256.0,,,,,3.010658708558617,1.7842238864961388,1.483292452660373,,,,,3.79312335118766,2.2576664168498826,1.311155859669846,,,,,4.042551869838706,2.5136407117049577,1.5189871133004345,0.7294168252088189,740.203125,2.0,right,1.0,0.0148437499999545,shorter_than_100ms_review_timing_anchor,False,,-1.1015625,-0.10546875,-1.04974365234375,69.56806182861328,-13.237613677978516,68.68620300292969,-2.802387237548828,86.68206787109375,,3.6154446431949943,1.4378118085435512,,0.9530446061983179,-0.904070651130115,-1.0,
VisualCogA_Task-2,84,67.0,VisualCogA_Task-2:q1_067,746.51953125,1,right,unresolved_from_allowed_channels,pre_response_100ms_end,2.21875,748.73828125,0,0,0,256,256.0,,,,,2.936429586595372,2.3512036537947347,1.6172382643256695,,,,,2.066519359034135,2.2353926880073822,1.925605883014344,,,,,1.5701678319324188,2.0853897943036626,1.8264317453184449,-0.2658138594910721,748.73828125,2.0,right,1.0,0.0187499999999545,shorter_than_100ms_review_timing_anchor,False,,-1.1015625,-0.10546875,97.18746948242188,76.46564483642578,36.69635009765625,43.59805679321289,54.58950805664063,60.39683532714844,,2.191038925853975,1.7897586308861528,,-0.38907915704232787,-0.47695826104265937,1.0,
VisualCogA_Task-2,85,,,755.1640625,-1,left,unresolved_from_allowed_channels,pre_response_100ms_end,2.21484375,757.37890625,0,0,0,256,256.0,,,,,5.287183343859368,3.838587618367261,1.7849671720657818,,,,,5.064179657440511,4.071843513778123,1.7896388931470149,,,,,5.389426734208259,4.070897737776211,1.9840983001641803,0.2323101194089507,757.37890625,-2.0,left,-1.0,0.0148437499999545,shorter_than_100ms_review_timing_anchor,False,,-1.1015625,-0.10546875,6.056846618652344,93.55449676513672,124.06848907470705,47.48276901245117,119.09241485595705,48.55609893798828,,5.246929911836046,1.852901455125659,,2.4902858021320857,-0.4003299727168888,-1.0,
VisualCogA_Task-2,86,68.0,VisualCogA_Task-2:q1_068,763.5546875,-1,left,unresolved_from_allowed_channels,pre_response_100ms_end,2.21875,765.7734375,0,0,0,256,256.0,,,,,1.3491557294083585,1.6731353390555732,1.5714073589477875,,,,,1.2939529164821946,1.2928544767864227,2.0012958829070007,,,,,1.1929926388333094,0.8999065132077392,2.322834367552621,-0.773228825847834,765.7734375,-2.0,left,-1.0,0.0187499999999545,shorter_than_100ms_review_timing_anchor,False,,-1.1015625,-0.10546875,108.2073745727539,20.617685317993164,79.04107666015625,12.45285701751709,113.65758514404295,12.7504243850708,,1.2787004282412875,1.965179203135803,,-1.2487156797396772,-0.2640729751765962,-1.0,
VisualCogA_Task-2,87,69.0,VisualCogA_Task-2:q1_069,772.15234375,1,right,unresolved_from_allowed_channels,pre_response_100ms_end,2.21484375,774.3671875,0,0,0,256,256.0,,,,,1.545001287339226,1.3532672959655612,1.0769538197861943,,,,,2.451395938264944,1.3857325005784429,1.802251090573416,,,,,1.0528533065810148,1.3974589831119824,2.1543154907666264,0.0441916871464211,774.3671875,2.0,right,1.0,0.0148437499999545,shorter_than_100ms_review_timing_anchor,False,,-1.1015625,-0.10546875,158.32293701171875,63.17857360839844,59.1385612487793,29.41090202331543,133.72708129882812,28.837177276611328,,1.6830835107283948,1.6778401337087459,,-0.8676921147180602,-0.6127792822590576,1.0,
VisualCogA_Task-2,88,70.0,VisualCogA_Task-2:q1_070,780.48046875,-1,left,unresolved_from_allowed_channels,pre_response_100ms_end,2.21875,782.69921875,0,0,0,256,256.0,,,,,5.977613968626191,4.078567941913374,2.818286810089113,,,,,5.723625719272649,4.259629052787401,2.714547464156269,,,,,5.863929130768373,4.288950813230501,2.709692477704846,0.2103828713171278,782.69921875,2.0,right,1.0,0.0187499999999545,shorter_than_100ms_review_timing_anchor,False,,-1.1015625,-0.10546875,15.426759719848633,56.70499420166016,-21.27766227722168,42.9809455871582,-23.65302085876465,53.61103820800781,,5.85505627288907,2.747508917316743,,3.063283249619107,0.6853395293494053,-1.0,
VisualCogA_Task-2,89,71.0,VisualCogA_Task-2:q1_071,789.0625,-1,left,unresolved_from_allowed_channels,pre_response_100ms_end,2.21484375,791.27734375,0,0,0,256,256.0,,,,,3.620375539634491,3.991251539625453,2.973306119623398,,,,,3.2995275151450483,3.4057158788716664,3.0124305122848,,,,,2.3366163768337818,3.195605326376545,3.098810077997872,-0.7956462132489079,791.27734375,-2.0,left,-1.0,0.0148437499999545,shorter_than_100ms_review_timing_anchor,False,,-1.1015625,-0.10546875,54.34401321411133,27.49985694885254,14.124707221984863,19.927921295166016,60.97323989868164,12.235180854797363,,3.08550647720444,3.0281822366353564,,0.45371874913015997,1.02595647667691,-1.0,
VisualCogA_Task-2,90,72.0,VisualCogA_Task-2:q1_072,798.0625,-1,left,unresolved_from_allowed_channels,pre_response_100ms_end,2.21484375,800.27734375,0,0,0,256,256.0,,,,,2.5247508773748915,2.2848291938389567,1.9834473145519589,,,,,1.8295817501911391,2.550140101669817,1.637412420056421,,,,,1.5443945454701316,2.6123730926848974,1.5949079131013495,0.3275438988459407,800.27734375,2.0,right,1.0,0.0148437499999545,shorter_than_100ms_review_timing_anchor,False,,-1.1015625,-0.10546875,-17.426025390625,7.845409393310547,-12.47211456298828,6.89081621170044,-25.63845443725586,6.1756272315979,,1.9662423910120541,1.738589215903243,,-0.6008901373216666,-0.539055969404557,-1.0,
VisualCogA_Task-2,91,73.0,VisualCogA_Task-2:q1_073,806.640625,-1,left,unresolved_from_allowed_channels,pre_response_100ms_end,2.21875,808.859375,0,0,0,256,256.0,,,,,2.776374615215507,2.069915917608825,1.933147181241948,,,,,2.903471543255374,1.9729894506211263,2.3200166946183614,,,,,1.7420579903086366,2.174829108859873,2.183547142617841,0.1049131912510477,808.859375,-2.0,left,-1.0,0.0187499999999545,shorter_than_100ms_review_timing_anchor,False,,-1.1015625,-0.10546875,-491.4794006347656,166.4168243408203,-248.55911254882807,78.25938415527344,-442.2028198242188,114.7388687133789,,2.473968049593173,2.145570339492717,,-0.12249366411684587,-0.04515555780326345,-1.0,
VisualCogA_Task-2,92,74.0,VisualCogA_Task-2:q1_074,815.42578125,1,right,unresolved_from_allowed_channels,pre_response_100ms_end,2.21484375,817.640625,0,0,0,256,256.0,,,,,3.1780314177215363,2.1487519518457376,2.179363441666699,,,,,3.2251579113784845,2.4348531495962824,2.1074644778449474,,,,,2.839074912704072,2.8289853512755445,1.581299761672177,0.6802333994298069,817.640625,2.0,right,1.0,0.0148437499999545,shorter_than_100ms_review_timing_anchor,False,,-1.1015625,-0.10546875,-15.122514724731444,35.17183303833008,-19.55238914489746,43.19886779785156,-15.842110633850098,55.47397613525391,,3.0807547472680312,1.9560425603946079,,0.44924150673600477,-0.2751609381040419,1.0,
VisualCogA_Task-2,93,,,823.92578125,-1,left,unresolved_from_allowed_channels,pre_response_100ms_end,2.21875,826.14453125,0,0,0,256,256.0,,,,,2.5848596606424343,2.787760413452284,1.8179203454644035,,,,,3.06943532648126,3.511559931849221,1.506877584103656,,,,,2.716414024587234,3.467213594165421,1.6355129303835985,0.679453180713137,826.14453125,2.0,right,1.0,0.0187499999999545,shorter_than_100ms_review_timing_anchor,False,,-1.1015625,-0.10546875,-49.23837661743164,151.82716369628906,-106.19839477539062,55.92435073852539,-155.4930419921875,118.77942657470705,,2.7902363372369763,1.6534369533172193,,0.17550512881031927,-0.642394269640913,-1.0,
VisualCogA_Task-2,94,75.0,VisualCogA_Task-2:q1_075,832.6171875,-1,left,unresolved_from_allowed_channels,pre_response_100ms_end,2.21484375,834.83203125,0,0,0,256,256.0,,,,,1.451824133589825,2.29927052163832,1.5189669264723522,,,,,2.4921181297897474,2.483102455058897,1.691548856792861,,,,,2.188349270768397,2.387831556812863,2.022121210246488,0.0885610351745431,834.83203125,2.0,right,1.0,0.0148437499999545,shorter_than_100ms_review_timing_anchor,False,,-1.1015625,-0.10546875,25.48216819763184,10.289472579956056,-32.72338104248047,22.71012115478516,-27.365036010742188,13.186086654663086,,2.044097178049323,1.7442123311705668,,-0.5275326953424146,-0.5322319208577398,-1.0,
VisualCogA_Task-2,95,76.0,VisualCogA_Task-2:q1_076,841.1171875,-1,left,unresolved_from_allowed_channels,pre_response_100ms_end,2.21875,843.3359375,0,0,0,256,256.0,,,,,1.435781200844802,1.263403643112131,2.2090793751283924,,,,,2.0027169965508764,1.5639148053766658,2.53227171574482,,,,,1.1376931993633848,1.29002158666533,2.438242730787291,0.026617943553199,843.3359375,2.0,right,1.0,0.0187499999999545,shorter_than_100ms_review_timing_anchor,False,,-1.1015625,-0.10546875,-40.32647705078125,168.35694885253906,69.71014404296875,86.97694396972656,97.33421325683594,129.18177795410156,,1.525397132253021,2.393197940553501,,-1.0162696113643261,0.2553580704679362,-1.0,
VisualCogA_Task-2,96,77.0,VisualCogA_Task-2:q1_077,849.74609375,-1,left,unresolved_from_allowed_channels,pre_response_100ms_end,2.21484375,851.9609375,0,0,0,256,256.0,,,,,3.091808175317768,2.1647835844109373,2.671126171907641,,,,,4.299140163339322,2.880448414294064,2.901933695329188,,,,,3.545431489104629,2.581343758293372,2.9615001151995064,0.4165601738824347,851.9609375,-2.0,left,-1.0,0.0148437499999545,shorter_than_100ms_review_timing_anchor,False,,-1.1015625,-0.10546875,-11.717196464538574,11.053925514221191,-8.152132034301758,10.905048370361328,-10.412683486938477,8.392369270324707,,3.6454599425872396,2.8448533274787784,,0.9813260474230237,0.8034738639889936,-1.0,
VisualCogA_Task-2,97,78.0,VisualCogA_Task-2:q1_078,858.26171875,-1,left,unresolved_from_allowed_channels,pre_response_100ms_end,2.21484375,860.4765625,0,0,0,256,256.0,,,,,4.043275569133509,2.752480531331792,2.4847878219498822,,,,,4.648609705572028,3.372612062799984,2.453393766909422,,,,,4.044585393384051,3.2467390693336164,2.08610506470718,0.4942585380018243,860.4765625,-2.0,left,-1.0,0.0148437499999545,shorter_than_100ms_review_timing_anchor,False,,-1.1015625,-0.10546875,22.780616760253903,42.06312561035156,-29.988887786865234,20.44703483581543,-33.40825271606445,24.66472625732422,,4.245490222696529,2.3414288845221614,,1.5466950906629817,0.1925326552334925,-1.0,
VisualCogA_Task-2,98,79.0,VisualCogA_Task-2:q1_079,866.8125,-1,left,unresolved_from_allowed_channels,pre_response_100ms_end,2.21484375,869.02734375,0,0,0,256,256.0,,,,,4.34167503852065,4.087713778907317,2.322731082848559,,,,,2.8122725589071687,3.622740596750811,1.860861080986056,,,,,1.4903128732618272,2.669869125266445,1.205697373197378,-1.4178446536408722,869.02734375,2.0,right,1.0,0.0148437499999545,shorter_than_100ms_review_timing_anchor,False,,-1.1015625,-0.10546875,-30.92248916625977,24.167972564697266,-31.908275604248047,22.61737632751465,-17.104398727416992,35.04736328125,,2.881420156896549,1.7964298456773307,,0.2614216410078499,-0.4688622695082535,-1.0,
VisualCogA_Task-2,99,,,875.375,-1,left,unresolved_from_allowed_channels,pre_response_100ms_end,2.21484375,877.58984375,0,0,0,256,256.0,,,,,5.91202339711901,4.824079488693499,4.2517104381130455,,,,,5.773029121313825,4.61679104165488,4.238860280991664,,,,,5.868705779460686,4.4020942874232,3.9330706586144815,-0.4219852012702993,877.58984375,-2.0,left,-1.0,0.0148437499999545,shorter_than_100ms_review_timing_anchor,False,,-1.1015625,-0.10546875,20.841102600097656,54.23456573486328,-5.312842845916748,27.5484561920166,11.256202697753906,35.067073822021484,,5.851252765964507,4.141213792573064,,3.059699455363748,2.376699083003235,-1.0,
VisualCogB_Task-1,0,0.0,VisualCogB_Task-1:q1_000,20.1328125,-1,left,unresolved_from_allowed_channels,pre_response_100ms_end,2.234375,22.3671875,0,0,0,256,256.0,,,,,2.4526976742327897,2.268980332676912,1.8118093453257784,,,,,2.2801392677559376,2.698054497323604,2.334095650289808,,,,,1.5474603171626469,2.107594538840583,2.2966163119570298,-0.1613857938363283,22.3671875,-2.0,left,-1.0,0.0343750000000007,shorter_than_100ms_review_timing_anchor,False,,-1.1015625,-0.10546875,-131.13027954101562,27.49837684631348,-9.918545722961426,19.519441604614254,-38.42961120605469,36.10661697387695,,2.093432419717125,2.147507102524205,,-0.4810473440120503,-0.04280515872335138,-1.0,
VisualCogB_Task-1,1,1.0,VisualCogB_Task-1:q1_001,29.2421875,-1,left,unresolved_from_allowed_channels,pre_response_100ms_end,2.21875,31.4609375,0,0,0,256,256.0,,,,,3.519639008295427,2.761345779230525,3.0216772873707187,,,,,3.4559892511565957,2.2850725097524163,3.16099393883734,,,,,2.8796593115036493,2.6889011304169035,3.431513987613203,-0.0724446488136214,31.4609375,-2.0,left,-1.0,0.0187500000000007,shorter_than_100ms_review_timing_anchor,False,,-1.1015625,-0.10546875,24.22625732421875,28.02150154113769,3.891247510910034,11.84693717956543,22.09263038635254,25.21467399597168,,3.285095856985224,3.204728404607087,,0.6417786861502811,1.2402077526545763,-1.0,
VisualCogB_Task-1,2,2.0,VisualCogB_Task-1:q1_002,37.68359375,1,right,unresolved_from_allowed_channels,pre_response_100ms_end,2.21484375,39.8984375,0,0,0,256,256.0,,,,,2.8198889655110024,2.122267045973896,2.07471658769744,,,,,3.1620993042421617,1.899820664933027,2.6028982112309422,,,,,3.44243502217878,3.315741643241984,2.46600261772344,1.1934745972680876,39.8984375,2.0,right,1.0,0.0148437499999971,shorter_than_100ms_review_timing_anchor,False,,-1.1015625,-0.10546875,38.84971237182617,13.820435523986816,-34.89115905761719,20.982086181640625,104.68083190917967,15.016114234924316,,3.1414744306439815,2.3812058055506076,,0.5064536682453231,0.24080476548497115,1.0,
VisualCogB_Task-1,3,3.0,VisualCogB_Task-1:q1_003,46.0,-1,left,unresolved_from_allowed_channels,pre_response_100ms_end,2.21484375,48.21484375,0,0,0,256,256.0,,,,,2.5807963682949837,3.509122518522454,1.4973207112011508,,,,,2.491424466387357,3.102006212197579,2.127224267356553,,,,,2.331931486035941,2.796220506773187,2.3405049017586226,-0.712902011749267,48.21484375,-2.0,left,-1.0,0.0148437499999971,shorter_than_100ms_review_timing_anchor,False,,-1.1015625,-0.10546875,42.501251220703125,11.532217025756836,-19.803672790527344,11.983905792236328,44.89942169189453,14.596405982971191,,2.468050773572761,1.988349960105442,,-0.1280691238780395,-0.2359536208844745,-1.0,
VisualCogB_Task-1,4,4.0,VisualCogB_Task-1:q1_004,54.25,1,right,unresolved_from_allowed_channels,pre_response_100ms_end,2.21484375,56.46484375,0,0,0,256,256.0,,,,,2.9138171485409083,2.4765045975144377,1.6105512775337023,,,,,2.611100919813123,2.2594152325481165,2.265381649281066,,,,,1.931237783594509,2.0525993921058507,2.234194304519925,-0.423905205408587,56.46484375,2.0,right,1.0,0.0148437499999971,shorter_than_100ms_review_timing_anchor,False,,-1.1015625,-0.10546875,-110.17832946777344,80.21220397949219,105.55634307861328,11.46437168121338,-142.04234313964844,70.31217193603516,,2.4853852839828465,2.0367090771115643,,-0.11173595555227067,-0.1772664081131726,1.0,
VisualCogB_Task-1,5,,,62.69140625,1,right,unresolved_from_allowed_channels,pre_response_100ms_end,2.21484375,64.90625,0,0,0,256,256.0,,,,,-0.4949253243272637,-3.653036224021063,-4.734409258919071,,,,,11.0886196971674,10.056364341859728,9.550886151067555,,,,,0.9104561880799164,1.2464892246216426,-0.3573522845788681,4.899525448642706,64.90625,2.0,right,1.0,0.0148437499999971,shorter_than_100ms_review_timing_anchor,False,,-1.1015625,-0.10546875,303.0242919921875,28.440298080444336,340.2419128417969,948.3038330078124,327.49481201171875,27.672691345214844,,3.8347168536400176,1.486374869189872,,1.1596503791700314,-0.8451359383102873,1.0,
VisualCogB_Task-1,6,5.0,VisualCogB_Task-1:q1_005,71.22265625,1,right,unresolved_from_allowed_channels,pre_response_100ms_end,2.21484375,73.4375,0,0,0,256,256.0,,,,,1.961264744504432,1.9634566362769943,2.4134167122325367,,,,,2.5611441914962207,3.124003212564221,2.626018552862415,,,,,1.507132090249434,2.986277587112416,2.435322856003441,1.0228209508354211,73.4375,2.0,right,1.0,0.0148437499999971,shorter_than_100ms_review_timing_anchor,False,,-1.1015625,-0.10546875,59.37184143066406,18.18839263916016,4.887495040893555,10.451109886169434,6.528990745544434,9.249945640563965,,2.009847008750029,2.4915860403661307,,-0.5598043757716451,0.37475899640165133,1.0,
VisualCogB_Task-1,7,6.0,VisualCogB_Task-1:q1_006,79.6015625,-1,left,unresolved_from_allowed_channels,pre_response_100ms_end,2.21484375,81.81640625,0,0,0,256,256.0,,,,,1.7743927154831594,1.6372787009182992,1.755365958780812,,,,,2.780259600366464,2.373937983174553,1.7116222298862374,,,,,1.7314980030896652,2.654726289572745,1.6654943550538883,1.0174475886544465,81.81640625,-2.0,left,-1.0,0.0148437499999971,shorter_than_100ms_review_timing_anchor,False,,-1.1015625,-0.10546875,-2.7417986392974854,9.787070274353027,3.509726524353028,7.095896720886231,-16.721908569335938,9.50717544555664,,2.0953834396464295,1.710827514573646,,-0.4792090263348623,-0.5727467597599128,-1.0,
VisualCogB_Task-1,8,7.0,VisualCogB_Task-1:q1_007,87.8046875,-1,left,unresolved_from_allowed_channels,pre_response_100ms_end,2.21875,90.0234375,0,0,0,256,256.0,,,,,2.169808679755618,2.227640180470693,2.005281795113369,,,,,1.8588529651607093,2.521796984938089,2.543623428708131,,,,,1.6804658356738733,2.0871106408966487,2.532293835187565,-0.1405295395740444,90.0234375,-2.0,left,-1.0,0.0187499999999971,shorter_than_100ms_review_timing_anchor,False,,-1.1015625,-0.10546875,1.8291579484939573,9.894585609436035,-1.024773120880127,7.79066276550293,-2.869759559631348,8.78896427154541,,1.903042493530067,2.3603996863363546,,-0.6604392413531273,0.21555506654780174,-1.0,
VisualCogB_Task-1,9,8.0,VisualCogB_Task-1:q1_008,96.8046875,-1,left,unresolved_from_allowed_channels,pre_response_100ms_end,2.21875,99.0234375,0,0,0,256,256.0,,,,,3.674754765925602,2.893782251164592,0.8664153104426064,,,,,3.7322644062009775,3.4902240277820438,1.359879288155119,,,,,3.635586463165713,3.4938522402636094,1.5138875009391874,0.6000699890990178,99.0234375,-2.0,left,-1.0,0.0187499999999971,shorter_than_100ms_review_timing_anchor,False,,-1.1015625,-0.10546875,26.455352783203125,111.10011291503906,-14.11757469177246,33.10703659057617,131.8186798095703,164.1152801513672,,3.680868545097431,1.2467273665123042,,1.014689243227083,-1.1359651521267635,-1.0,
VisualCogB_Task-1,10,9.0,VisualCogB_Task-1:q1_009,105.32421875,1,right,unresolved_from_allowed_channels,pre_response_100ms_end,2.21484375,107.5390625,0,0,0,256,256.0,,,,,1.2268517035413626,2.006242432354149,2.236249328131293,,,,,2.629428768064261,2.291802880144852,2.280017722381847,,,,,1.768510092613359,2.189988208309785,1.799834920653906,0.1837457759556366,107.5390625,2.0,right,1.0,0.0148437499999971,shorter_than_100ms_review_timing_anchor,False,,-1.1015625,-0.10546875,43.98622131347656,7.725729465484619,-15.391223907470703,9.614068031311035,39.27093505859375,10.194704055786133,,1.8749301880729943,2.1053673237223487,,-0.6869276166341876,-0.09394476419561533,1.0,
VisualCogB_Task-1,11,10.0,VisualCogB_Task-1:q1_010,113.68359375,-1,left,unresolved_from_allowed_channels,pre_response_100ms_end,2.21875,115.90234375,0,0,0,256,256.0,,,,,2.821680663426992,2.334877019026483,2.6173804348710195,,,,,2.1452057701564025,3.086870190204417,2.4925591744054727,,,,,1.701342341279397,2.943808714036877,2.274149911257815,0.6089316950103938,115.90234375,-2.0,left,-1.0,0.0187499999999971,shorter_than_100ms_review_timing_anchor,False,,-1.1015625,-0.10546875,-1.851705551147461,15.534568786621094,-6.980044364929199,8.883747100830078,-4.510376930236816,8.316197395324707,,2.222742924954264,2.4613631735114354,,-0.35920656522088495,0.33808140740771503,-1.0,
VisualCogB_Task-1,12,11.0,VisualCogB_Task-1:q1_011,122.015625,1,right,unresolved_from_allowed_channels,pre_response_100ms_end,2.21875,124.234375,0,0,0,256,256.0,,,,,3.0835037601935973,2.5188722720942365,2.6870405214743145,,,,,1.8929983227108909,2.722605593133683,2.714856844001304,,,,,2.0170028896605414,2.7906212726515545,2.8086180300203147,0.271749000557318,124.234375,2.0,right,1.0,0.0187499999999971,shorter_than_100ms_review_timing_anchor,False,,-1.1015625,-0.10546875,4.319899082183838,16.83781623840332,-4.294856548309326,6.530439376831055,5.384175777435303,11.07701301574707,,2.331168324188343,2.7368384651653113,,-0.257044447307908,0.672390180094377,1.0,
VisualCogB_Task-1,13,,,130.3125,1,right,unresolved_from_allowed_channels,pre_response_100ms_end,2.21875,132.53125,0,0,0,256,256.0,,,,,1.9802427295261409,0.9305799610448392,2.741501049196237,,,,,2.4183458107974167,2.5629390384510304,2.058580230814073,,,,,2.9072692497613835,1.1037447547926456,1.6075816715797988,0.1731647937478062,132.53125,2.0,right,1.0,0.0187500000000113,shorter_than_100ms_review_timing_anchor,False,,-1.1015625,-0.10546875,10.44610595703125,134.19229125976562,-69.16480255126953,36.471675872802734,161.52993774414062,142.31057739257812,,2.435285930028314,2.135887650530036,,-0.15894127960200882,-0.056906186485736025,1.0,
VisualCogB_Task-1,14,12.0,VisualCogB_Task-1:q1_012,138.87890625,-1,left,unresolved_from_allowed_channels,pre_response_100ms_end,2.21484375,141.09375,0,0,0,256,256.0,,,,,2.3760537786409834,3.5221370177705973,3.25916776244266,,,,,4.2454163992001925,4.359596125753052,2.9929513663704848,,,,,3.480257998800452,4.322408880273792,2.7883454125817733,0.8002718625031946,141.09375,-2.0,left,-1.0,0.0148437500000113,shorter_than_100ms_review_timing_anchor,False,,-1.1015625,-0.10546875,15.328939437866213,18.68708038330078,-15.301400184631348,16.27320098876953,9.122842788696287,14.029386520385742,,3.3672427255472095,3.013488180464973,,0.7191802740761255,1.0081241990355385,-1.0,
VisualCogB_Task-1,15,13.0,VisualCogB_Task-1:q1_013,147.1328125,1,right,unresolved_from_allowed_channels,pre_response_100ms_end,2.21484375,149.34765625,0,0,0,256,256.0,,,,,2.276494240066277,2.3226587529739207,2.251362951979942,,,,,2.7359596582123387,2.6795982674287884,2.00707192293351,,,,,2.270516877236525,2.152778177565116,2.119357953477792,-0.169880575408805,149.34765625,2.0,right,1.0,0.0148437500000113,shorter_than_100ms_review_timing_anchor,False,,-1.1015625,-0.10546875,56.95285034179688,8.528754234313965,-40.10032653808594,8.16553783416748,69.83273315429688,9.452198028564451,,2.4276569251717137,2.125930942797081,,-0.16612958879177736,-0.06898935634906511,1.0,
VisualCogB_Task-1,16,14.0,VisualCogB_Task-1:q1_014,155.4609375,-1,left,unresolved_from_allowed_channels,pre_response_100ms_end,2.21484375,157.67578125,0,0,0,256,256.0,,,,,3.6772742985104503,3.87678020506081,2.335711075546956,,,,,3.782865880695762,3.4721439832527183,2.5658656344281314,,,,,3.149598122510582,3.101185931011653,2.6805300961252247,-0.775594274049157,157.67578125,-2.0,left,-1.0,0.0148437500000113,shorter_than_100ms_review_timing_anchor,False,,-1.1015625,-0.10546875,223.84439086914065,92.23228454589844,-90.4412612915039,38.390892028808594,136.08834838867188,84.71247100830078,,3.536579433905598,2.5273689353667703,,0.8787351098296614,0.4181840732534438,-1.0,
VisualCogB_Task-1,17,15.0,VisualCogB_Task-1:q1_015,163.66796875,-1,left,unresolved_from_allowed_channels,pre_response_100ms_end,2.21484375,165.8828125,0,0,0,256,256.0,,,,,2.231452392936411,3.473946685114364,2.454009258206034,,,,,3.580074258284093,4.117373820221927,2.3820811397202664,,,,,3.136562219497841,4.170827645942495,2.095958894625129,0.6968809608281314,165.8828125,-2.0,left,-1.0,0.0148437500000113,shorter_than_100ms_review_timing_anchor,False,,-1.1015625,-0.10546875,169.66268920898438,55.65137100219727,-57.12474060058594,10.503849983215332,96.56683349609376,26.010332107543945,,2.982696290239448,2.3106830975171433,,0.3568474761851815,0.15522046560943084,-1.0,
VisualCogB_Task-1,18,16.0,VisualCogB_Task-1:q1_016,172.08984375,1,right,unresolved_from_allowed_channels,pre_response_100ms_end,2.21875,174.30859375,0,0,0,256,256.0,,,,,2.514048188831046,1.6330831888952022,1.742779528651533,,,,,2.5318145732249437,2.626757222831737,1.423298598748526,,,,,2.446069925608397,2.455113492533725,1.7154136478707898,0.822030303638523,174.30859375,2.0,right,1.0,0.0187500000000113,shorter_than_100ms_review_timing_anchor,False,,-1.1015625,-0.10546875,-86.59800720214844,86.44007110595703,66.67324829101562,33.49423599243164,2.46511459350586,43.01853942871094,,2.4973108958881287,1.627163925090283,,-0.10049923631251433,-0.6742784497740082,1.0,
VisualCogB_Task-1,19,17.0,VisualCogB_Task-1:q1_017,180.34375,-1,left,unresolved_from_allowed_channels,pre_response_100ms_end,2.21484375,182.55859375,0,0,0,256,256.0,,,,,1.9130811955248976,1.9786369779575663,2.257953488913861,,,,,0.962323261431362,2.286876212399301,2.3841270382099817,,,,,1.909209664998107,2.4228617235312293,2.3516812435508108,0.444224745573663,182.55859375,-2.0,left,-1.0,0.0148437500000113,shorter_than_100ms_review_timing_anchor,False,,-1.1015625,-0.10546875,306.17486572265625,178.78944396972656,-136.10565185546875,33.05636978149414,202.8774871826172,84.79788208007812,,1.5948713739847886,2.331253923558218,,-0.9508086056788183,0.18018461961995913,-1.0,
VisualCogB_Task-1,20,18.0,VisualCogB_Task-1:q1_018,188.6875,1,right,unresolved_from_allowed_channels,pre_response_100ms_end,2.21875,190.90625,0,0,0,256,256.0,,,,,1.4556901163941538,2.6899633595471766,2.343126815658114,,,,,2.793259671490964,3.7052635583764815,2.413063505300594,,,,,3.1297834426920708,4.021961296097866,2.726864974000634,1.3319979365506898,190.90625,2.0,right,1.0,0.0187500000000113,shorter_than_100ms_review_timing_anchor,False,,-1.1015625,-0.10546875,22.95613670349121,14.433863639831545,-33.0918083190918,10.742551803588867,49.75770950317383,11.52257251739502,,2.4595777435257293,2.4943517649864475,,-0.13605270245704237,0.3781153990679533,1.0,
VisualCogB_Task-1,21,19.0,VisualCogB_Task-1:q1_019,197.11328125,1,right,unresolved_from_allowed_channels,pre_response_100ms_end,2.21484375,199.328125,0,0,0,256,256.0,,,,,1.836786867255248,2.4830146314596964,1.5778306768932076,,,,,2.233648720330171,2.899712623109126,1.9091208258341368,,,,,1.7597950317359778,2.201495512898923,2.0029720751643234,-0.2815191185607735,199.328125,2.0,right,1.0,0.0148437500000113,shorter_than_100ms_review_timing_anchor,False,,-1.1015625,-0.10546875,-40.10346221923828,38.432010650634766,9.463461875915527,32.10105895996094,-36.11332702636719,66.99205017089844,,1.9434102064404657,1.8299745259638893,,-0.6224034021921759,-0.42815342469883877,1.0,
VisualCogB_Task-1,22,,,205.53515625,1,right,unresolved_from_allowed_channels,pre_response_100ms_end,2.21875,207.75390625,0,0,0,256,256.0,,,,,1.4501252649408505,3.0529096515347622,2.134699742098317,,,,,1.9126470081832572,3.661086542704798,2.3799087171063524,,,,,2.423324380168512,3.3438310771860333,2.572665442850613,0.2909214256512711,207.75390625,2.0,right,1.0,0.0187500000000113,shorter_than_100ms_review_timing_anchor,False,,-1.1015625,-0.10546875,-143.5615997314453,31.444190979003903,76.6855697631836,13.879278182983398,-104.4539794921875,38.584617614746094,,1.9286988844308732,2.3624246340184274,,-0.6362649127276832,0.21801248394550812,1.0,
VisualCogB_Task-1,23,20.0,VisualCogB_Task-1:q1_020,213.9140625,1,right,unresolved_from_allowed_channels,pre_response_100ms_end,2.21484375,216.12890625,0,0,0,256,256.0,,,,,2.8903977748776213,1.9586242610268656,1.9795357417644384,,,,,2.9065002679324388,3.053750059405529,2.201878449356416,,,,,2.8290131898985718,2.4797266511701093,2.596319139976217,0.5211023901432434,216.12890625,2.0,right,1.0,0.0148437500000113,shorter_than_100ms_review_timing_anchor,False,,-1.1015625,-0.10546875,136.4696044921875,128.17291259765625,-261.0986633300781,58.69073486328125,1.7049560546875,104.9494400024414,,2.8753037442362106,2.2592444436990236,,0.25565854789660486,0.09279601685634159,1.0,
VisualCogB_Task-1,24,,,222.1953125,1,right,unresolved_from_allowed_channels,pre_response_100ms_end,2.21875,224.4140625,0,0,0,256,256.0,,,,,5.594946139927326,3.383204957797853,1.520588407978009,,,,,5.480283752305599,3.591890552854795,1.8429439717193672,,,,,5.562414816393368,3.3553460257689163,1.6947057379302948,-0.0278589320289368,224.4140625,2.0,right,1.0,0.0187500000000113,shorter_than_100ms_review_timing_anchor,False,,-1.1015625,-0.10546875,57.06321716308594,191.14112854003903,-188.3255615234375,118.11844635009766,80.90003967285156,189.2611389160156,,5.5458815695420975,1.686079372542557,,2.7719682743257965,-0.6027803825179349,1.0,
VisualCogB_Task-1,25,21.0,VisualCogB_Task-1:q1_021,230.37109375,1,right,unresolved_from_allowed_channels,pre_response_100ms_end,2.21875,232.58984375,0,0,0,256,256.0,,,,,1.2247437318608585,1.8011135053152394,2.3975966982139125,,,,,1.987337533524804,2.398634194328108,2.340863143807705,,,,,1.4789684754887276,2.163083703228693,2.1049216662584223,0.3619701979134535,232.58984375,2.0,right,1.0,0.0187500000000113,shorter_than_100ms_review_timing_anchor,False,,-1.1015625,-0.10546875,140.07803344726562,29.51670837402344,-60.09512710571289,37.38921737670898,278.1957397460937,96.85671997070312,,1.5636832469581299,2.28112716942668,,-0.9801951251962945,0.11935225403148322,1.0,
VisualCogB_Task-1,26,22.0,VisualCogB_Task-1:q1_022,238.5625,1,right,unresolved_from_allowed_channels,pre_response_100ms_end,2.21484375,240.77734375,0,0,0,256,256.0,,,,,2.5469922722980174,2.5921097741280863,1.6200152848034222,,,,,2.6923397804911646,3.2710133334934666,2.0559109084598077,,,,,1.9205768933207428,3.2781444003233453,2.309852092646579,0.686034626195259,240.77734375,2.0,right,1.0,0.0148437500000113,shorter_than_100ms_review_timing_anchor,False,,-1.1015625,-0.10546875,-14.97563648223877,12.286663055419922,-3.4914627075195312,8.835346221923828,-24.445980072021484,7.585319519042969,,2.386636315369975,1.9952594286366032,,-0.2047806097244287,-0.22756849156597314,1.0,
VisualCogB_Task-1,27,23.0,VisualCogB_Task-1:q1_023,246.78125,1,right,unresolved_from_allowed_channels,pre_response_100ms_end,2.21875,249.0,0,0,0,256,256.0,,,,,1.3859256578000856,2.30189891330927,2.9374463467575977,,,,,2.012388813911245,3.5853175470360545,3.2662579470595685,,,,,2.2728878180136958,3.4874315431917697,3.005761802948928,1.1855326298824995,249.0,2.0,right,1.0,0.0187500000000113,shorter_than_100ms_review_timing_anchor,False,,-1.1015625,-0.10546875,-76.3649673461914,19.64006233215332,35.64861297607422,25.368316650390625,-205.45877075195312,65.03751373291016,,1.8904007632416755,3.069822032255365,,-0.6723507118154907,1.0764893171544478,1.0,
VisualCogB_Task-1,28,24.0,VisualCogB_Task-1:q1_024,255.33203125,1,right,unresolved_from_allowed_channels,pre_response_100ms_end,2.21484375,257.546875,0,0,0,256,256.0,,,,,2.9278815740587354,3.1107775536763325,2.531414051218527,,,,,2.736022566406455,3.5448457433034224,2.404939430913627,,,,,2.775146320973791,3.576918843308436,2.338225623346214,0.4661412896321035,257.546875,2.0,right,1.0,0.0148437500000113,shorter_than_100ms_review_timing_anchor,False,,-1.1015625,-0.10546875,-30.168636322021484,12.0947904586792,-3.4498424530029297,9.849221229553224,1.0726144313812256,9.658061981201172,,2.8130168204796604,2.4248597018261226,,0.19696967892121428,0.29378185972540466,1.0,
VisualCogB_Task-1,29,25.0,VisualCogB_Task-1:q1_025,263.62890625,-1,left,unresolved_from_allowed_channels,pre_response_100ms_end,2.21875,265.84765625,0,0,0,256,256.0,,,,,3.0232604621739227,2.773391626288305,2.55509452529518,,,,,2.728929348915099,3.460629142635113,2.5606902821676383,,,,,2.658272280168022,3.4443374936192725,2.729322339053251,0.6709458673309676,265.84765625,-2.0,left,-1.0,0.0187500000000113,shorter_than_100ms_review_timing_anchor,False,,-1.1015625,-0.10546875,-206.3786163330078,26.91518783569336,70.93965148925781,22.251501083374023,-26.26677703857422,9.44573974609375,,2.803487363752348,2.6150357155053565,,0.18799069900784063,0.5245739185915378,-1.0,
VisualCogB_Task-1,30,26.0,VisualCogB_Task-1:q1_026,272.2421875,1,right,unresolved_from_allowed_channels,pre_response_100ms_end,2.21484375,274.45703125,0,0,0,256,256.0,,,,,2.655229691632186,2.309209518196098,1.8620965641716145,,,,,3.4144112801962296,3.5759046849470364,2.277626507958817,,,,,3.347707046010268,3.4672900925533776,2.311858615165596,1.1580805743572795,274.45703125,2.0,right,1.0,0.0148437500000113,shorter_than_100ms_review_timing_anchor,False,,-1.1015625,-0.10546875,33.329071044921875,21.077713012695312,1.1521997451782229,21.613285064697266,61.78546905517578,41.29307174682617,,3.139116005946228,2.150527229098676,,0.5042314798672974,-0.03914002127161119,1.0,
VisualCogB_Task-1,31,27.0,VisualCogB_Task-1:q1_027,280.5546875,-1,left,unresolved_from_allowed_channels,pre_response_100ms_end,2.21484375,282.76953125,0,0,0,256,256.0,,,,,3.708223408253439,2.359822343524076,1.9458674734504444,,,,,3.484491856437762,3.1768890602120994,1.973977335283516,,,,,3.6776895862997576,3.1924208449049347,1.943182260999505,0.8325985013808586,282.76953125,-2.0,left,-1.0,0.0148437500000113,shorter_than_100ms_review_timing_anchor,False,,-1.1015625,-0.10546875,45.73711395263672,51.95693206787109,94.20157623291016,21.28940963745117,32.83500671386719,67.61457061767578,,3.623468283663653,1.9543423565778217,,0.960604754553232,-0.27722425582627563,-1.0,
VisualCogB_Task-1,32,28.0,VisualCogB_Task-1:q1_028,288.65234375,-1,left,unresolved_from_allowed_channels,pre_response_100ms_end,2.21484375,290.8671875,0,0,0,256,256.0,,,,,3.292204067307849,3.646731194511241,2.3833623591012505,,,,,1.8094840195928048,3.818652017388829,2.865109605827452,,,,,2.0409231787398383,3.913298401916024,2.729083494228676,0.2665672074047824,290.8671875,-2.0,left,-1.0,0.0148437500000113,shorter_than_100ms_review_timing_anchor,False,,-1.1015625,-0.10546875,22.89231300354004,17.577007293701172,-56.75423431396485,11.188871383666992,32.99464416503906,12.88763427734375,,2.380870421880164,2.6591851530524595,,-0.21021343168995368,0.5781523872540676,-1.0,
VisualCogB_Task-1,33,29.0,VisualCogB_Task-1:q1_029,297.01171875,1,right,unresolved_from_allowed_channels,pre_response_100ms_end,2.21875,299.23046875,0,0,0,256,256.0,,,,,1.3759667212246578,1.4458891012560906,1.2485679310790818,,,,,2.409123735423376,2.6776111894668,1.4448298834686677,,,,,2.6640576764047146,2.2527052613089054,1.8047168131130853,0.8068161600528148,299.23046875,2.0,right,1.0,0.0187500000000113,shorter_than_100ms_review_timing_anchor,False,,-1.1015625,-0.10546875,83.29649353027344,50.71858596801758,-63.26081085205078,33.78758239746094,86.35282897949219,16.088212966918945,,2.149716044350916,1.4993715425536116,,-0.42801498870576893,-0.8293635548955873,1.0,
VisualCogB_Task-1,34,30.0,VisualCogB_Task-1:q1_030,305.421875,-1,left,unresolved_from_allowed_channels,pre_response_100ms_end,2.21484375,307.63671875,0,0,0,256,256.0,,,,,0.917497054602921,2.8602543679234644,2.361731399355859,,,,,1.454031935649832,3.322712983858425,2.442708949264377,,,,,1.183976795892419,2.7495988012590367,2.022931550939201,-0.1106555666644277,307.63671875,-2.0,left,-1.0,0.0148437500000113,shorter_than_100ms_review_timing_anchor,False,,-1.1015625,-0.10546875,-151.2469482421875,61.95207595825195,29.238740921020508,46.41923522949219,-118.65137481689452,43.22348403930664,,1.185168595381724,2.2757906331864795,,-1.3368445702461023,0.1128759894265948,-1.0,
VisualCogB_Task-1,35,,,313.828125,-1,left,unresolved_from_allowed_channels,pre_response_100ms_end,2.21875,316.046875,0,0,0,256,256.0,,,,,2.9505891811773024,1.9186461183603345,2.0494012494015084,,,,,2.6240508520496677,1.4113561723123793,2.4047985973212542,,,,,2.683389300176529,2.8814386299708827,2.5571558565501067,0.9627925116105482,316.046875,-2.0,left,-1.0,0.0187500000000113,shorter_than_100ms_review_timing_anchor,False,,-1.1015625,-0.10546875,-248.46026611328125,25.19733428955078,-88.75514221191406,128.14599609375,-218.95176696777344,37.69276428222656,,2.752676444467833,2.337118567757623,,0.1401149137778075,0.18730178062839684,-1.0,
VisualCogB_Task-1,36,31.0,VisualCogB_Task-1:q1_031,321.98828125,-1,left,unresolved_from_allowed_channels,pre_response_100ms_end,2.21484375,324.203125,0,0,0,256,256.0,,,,,1.6360244447677998,1.5429515434020908,1.7105767225607766,,,,,1.626750824388744,1.582970698656858,1.7030610813719804,,,,,1.7177994388638953,2.074128152637561,1.706486554844727,0.5311766092354699,324.203125,-2.0,left,-1.0,0.0148437500000113,shorter_than_100ms_review_timing_anchor,False,,-1.1015625,-0.10546875,-2.2504196166992188,115.20816802978516,13.067235946655272,59.98370361328125,-170.19436645507812,65.42725372314453,,1.6601915693401466,1.706708119592495,,-0.8892616845041412,-0.577745937261794,-1.0,
VisualCogB_Task-1,37,32.0,VisualCogB_Task-1:q1_032,330.66015625,-1,left,unresolved_from_allowed_channels,pre_response_100ms_end,2.21875,332.87890625,0,0,0,256,256.0,,,,,2.774238287232365,1.7790546209835512,2.6241868644149355,,,,,2.6740752857311967,1.8720539610424292,2.878162998823897,,,,,3.145809844367135,1.9407419092524891,2.727906671232308,0.1616872882689382,332.87890625,-2.0,left,-1.0,0.0187500000000113,shorter_than_100ms_review_timing_anchor,False,,-1.1015625,-0.10546875,52.3484001159668,47.02624130249024,25.16790580749512,40.54024887084961,31.464096069335938,47.11245346069336,,2.8647078057768987,2.7434188448237133,,0.24567469243537793,0.6803759367631701,-1.0,
VisualCogB_Task-1,38,33.0,VisualCogB_Task-1:q1_033,339.0234375,1,right,unresolved_from_allowed_channels,pre_response_100ms_end,2.21484375,341.23828125,0,0,0,256,256.0,,,,,1.9354039772663112,4.023498865658459,2.097702293316715,,,,,2.484132886077632,4.40894761326579,2.399551911981576,,,,,2.294943046338764,3.9550822696587695,2.4985881521127222,-0.0684165959996883,341.23828125,2.0,right,1.0,0.0148437500000113,shorter_than_100ms_review_timing_anchor,False,,-1.1015625,-0.10546875,-192.54608154296875,34.40644073486328,273.627197265625,77.89637756347656,-183.8016815185547,40.21696853637695,,2.2381599698942356,2.3319474524703376,,-0.3446800984137239,0.18102626606324415,1.0,
VisualCogB_Task-1,39,34.0,VisualCogB_Task-1:q1_034,347.3671875,1,right,unresolved_from_allowed_channels,pre_response_100ms_end,2.21875,349.5859375,0,0,0,256,256.0,,,,,1.5437153500622736,2.109358014641272,2.443218202357156,,,,,2.612639083495749,3.2206721480159226,2.573146302874948,,,,,2.9738439373722083,3.4604149307108067,2.725939161890699,1.3510569160695352,349.5859375,2.0,right,1.0,0.0187500000000113,shorter_than_100ms_review_timing_anchor,False,,-1.1015625,-0.10546875,-117.77500915527344,41.436519622802734,33.37517166137695,87.0257339477539,-90.96762084960938,42.2111930847168,,2.376732790310077,2.5807678890409345,,-0.21411204960909175,0.4829874846896744,1.0,
VisualCogB_Task-1,40,35.0,VisualCogB_Task-1:q1_035,355.82421875,-1,left,unresolved_from_allowed_channels,pre_response_100ms_end,2.21484375,358.0390625,0,0,0,256,256.0,,,,,2.297956433223445,2.1709385587736936,1.910528234097523,,,,,1.0349588627384323,2.8068391901955976,2.489311969653943,,,,,2.049473519357796,2.8896661393265277,2.597297961905876,0.7187275805528337,358.0390625,-2.0,left,-1.0,0.0148437500000113,shorter_than_100ms_review_timing_anchor,False,,-1.1015625,-0.10546875,-6.866485595703125,8.518499374389648,-14.174251556396484,8.890231132507324,-8.768701553344727,9.658275604248049,,1.7941296051065578,2.3323793885524475,,-0.7630606882462477,0.18155045108405782,-1.0,
VisualCogB_Task-1,41,36.0,VisualCogB_Task-1:q1_036,364.02734375,1,right,unresolved_from_allowed_channels,pre_response_100ms_end,2.21875,366.24609375,0,0,0,256,256.0,,,,,1.7490218600267395,3.3632900363178067,2.735632538096241,,,,,1.5793791019855214,3.605662557564951,2.8041126493950537,,,,,1.698073111923835,3.391935285101457,2.889776849394354,0.0286452487836501,366.24609375,2.0,right,1.0,0.0187500000000113,shorter_than_100ms_review_timing_anchor,False,,-1.1015625,-0.10546875,183.8618621826172,87.10050964355469,-176.781005859375,30.407001495361328,28.91059112548828,41.92030715942383,,1.675491357978699,2.809840678961883,,-0.8748457005928352,0.7609835357859848,1.0,
VisualCogB_Task-1,42,37.0,VisualCogB_Task-1:q1_037,372.421875,1,right,unresolved_from_allowed_channels,pre_response_100ms_end,2.21875,374.640625,0,0,0,256,256.0,,,,,2.908873347341961,2.745974937785184,2.286460709166604,,,,,3.036221751226504,2.95775487139986,2.7648665231995384,,,,,2.20421629180001,2.804515632950226,2.5185054467347223,0.0585406951650417,374.640625,2.0,right,1.0,0.0187500000000113,shorter_than_100ms_review_timing_anchor,False,,-1.1015625,-0.10546875,-33.56743621826172,44.3018913269043,105.8725128173828,22.84561538696289,-43.162208557128906,42.63018035888672,,2.716437130122825,2.5232775597002886,,0.10596899288331957,0.4132188991739472,1.0,
VisualCogB_Task-1,43,38.0,VisualCogB_Task-1:q1_038,380.69140625,1,right,unresolved_from_allowed_channels,pre_response_100ms_end,2.21484375,382.90625,0,0,0,256,256.0,,,,,3.1568487374908325,3.020278387461252,2.255252101099508,,,,,4.404566176880228,3.683714086675401,2.248090107054241,,,,,3.809388833340661,3.8869199989956793,1.8343516161528035,0.8666416115344275,382.90625,2.0,right,1.0,0.0148437500000113,shorter_than_100ms_review_timing_anchor,False,,-1.1015625,-0.10546875,-10.300311088562012,17.28670310974121,0.0933650434017181,10.70399570465088,-11.777396202087402,15.89099407196045,,3.790267915903907,2.112564608102184,,1.1177690704528778,-0.08521034996465471,1.0,
VisualCogB_Task-1,44,39.0,VisualCogB_Task-1:q1_039,389.47265625,1,right,unresolved_from_allowed_channels,pre_response_100ms_end,2.21875,391.69140625,0,0,0,256,256.0,,,,,2.117998604658603,1.8604432094267795,2.3633925417118906,,,,,2.629933429536267,2.2299832671357467,2.5589890211326214,,,,,2.0048116215779057,2.2073040706799305,2.679888742778523,0.3468608612531509,391.69140625,2.0,right,1.0,0.0187500000000113,shorter_than_100ms_review_timing_anchor,False,,-1.1015625,-0.10546875,44.681617736816406,14.81100082397461,-5.1112823486328125,9.188998222351074,35.33378601074219,13.212105751037598,,2.2509145519242586,2.534090101874345,,-0.33266229518231655,0.42634068473275266,1.0,
VisualCogB_Task-1,45,,,398.4296875,-1,left,unresolved_from_allowed_channels,pre_response_100ms_end,2.21484375,400.64453125,0,0,0,256,256.0,,,,,3.696883140789902,2.8080416190328936,2.660980333847994,,,,,3.2625764777673414,3.2680777604600646,3.2583770483141405,,,,,2.900980038555184,3.264339311769924,3.3902576735843204,0.4562976927370301,400.64453125,-2.0,left,-1.0,0.0148437500000113,shorter_than_100ms_review_timing_anchor,False,,-1.1015625,-0.10546875,310.492431640625,132.1298065185547,-209.8594207763672,46.473854064941406,325.138916015625,132.4158477783203,,3.286813219037476,3.103205018582152,,0.6433968433876149,1.1170019348942128,-1.0,
VisualCogB_Task-1,46,,,407.0234375,-1,left,unresolved_from_allowed_channels,pre_response_100ms_end,2.21484375,409.23828125,0,0,0,256,256.0,,,,,1.1556843922512876,2.2185522165029963,2.952824238410216,,,,,1.881206991552388,2.786281456979771,3.001317515022229,,,,,1.7571781810042488,2.681559271203403,3.060309786664788,0.4630070547004066,409.23828125,-2.0,left,-1.0,0.0148437500000113,shorter_than_100ms_review_timing_anchor,False,,-1.1015625,-0.10546875,-104.225830078125,16.937007904052734,29.073394775390625,24.879335403442383,37.07697296142578,143.04910278320312,,1.5980231882693081,3.0048171800324113,,-0.9478388585084184,0.9976013260215135,-1.0,
VisualCogB_Task-1,47,40.0,VisualCogB_Task-1:q1_040,415.2109375,1,right,unresolved_from_allowed_channels,pre_response_100ms_end,2.21875,417.4296875,0,0,0,256,256.0,,,,,1.9327612716786369,1.9052637691355767,1.1815181703736817,,,,,1.431792608902006,2.79663857254186,1.6621534166091516,,,,,2.4666655902428904,3.0214234113941183,1.7416186033538112,1.1161596422585411,417.4296875,2.0,right,1.0,0.0187500000000113,shorter_than_100ms_review_timing_anchor,False,,-1.1015625,-0.10546875,-90.7455596923828,129.6986846923828,-24.95697593688965,100.7874984741211,147.32510375976562,209.62063598632807,,1.9437398236078447,1.5284300634455483,,-0.6220928256284023,-0.7940989821742015,1.0,
VisualCogB_Task-1,48,41.0,VisualCogB_Task-1:q1_041,423.41796875,1,right,unresolved_from_allowed_channels,pre_response_100ms_end,2.21484375,425.6328125,0,0,0,256,256.0,,,,,3.4003015181674643,2.677365269219224,2.2624460875388994,,,,,2.296136268760029,2.6896586585182862,2.1580118438008,,,,,2.0696158166841907,2.586094244478736,1.801004375328195,-0.0912710247404873,425.6328125,-2.0,left,-1.0,0.0148437500000113,shorter_than_100ms_review_timing_anchor,False,,-1.1015625,-0.10546875,11.790390014648438,9.074618339538574,-22.978063583374023,10.628987312316896,-11.844950675964355,10.232243537902832,,2.588684534537228,2.073820768889298,,-0.014403870173682751,-0.13222874228095544,1.0,
VisualCogB_Task-1,49,42.0,VisualCogB_Task-1:q1_042,431.90625,-1,left,unresolved_from_allowed_channels,pre_response_100ms_end,2.21484375,434.12109375,0,0,0,256,256.0,,,,,3.910068188728872,2.6720918494978294,2.908760505536845,,,,,3.433931131025575,2.7936364564906557,2.4259644561426232,,,,,2.564223726199282,2.609397905679532,2.552983525102184,-0.0626939438182976,434.12109375,-2.0,left,-1.0,0.0148437500000113,shorter_than_100ms_review_timing_anchor,False,,-1.1015625,-0.10546875,164.12921142578125,158.48953247070312,-135.39715576171875,70.46504974365234,141.52809143066406,170.4823455810547,,3.3027410153179098,2.629236162260551,,0.6584045575688884,0.5418071662553471,-1.0,
VisualCogB_Task-1,50,43.0,VisualCogB_Task-1:q1_043,440.0625,1,right,unresolved_from_allowed_channels,pre_response_100ms_end,2.21875,442.28125,0,0,0,256,256.0,,,,,1.142501010393064,2.3810282837813395,2.3626837595786414,,,,,2.1879897218764817,3.0785015506136912,2.3222882184509293,,,,,2.75425878565481,3.2527685306529297,2.4407977549982998,0.8717402468715902,442.28125,2.0,right,1.0,0.0187500000000113,shorter_than_100ms_review_timing_anchor,False,,-1.1015625,-0.10546875,8.170255661010742,36.776248931884766,100.78392791748048,34.18135452270508,-38.49843597412109,46.76758193969727,,2.0282498393081188,2.375256577675957,,-0.542464599679613,0.233584956197296,1.0,
VisualCogB_Task-1,51,44.0,VisualCogB_Task-1:q1_044,448.26953125,-1,left,unresolved_from_allowed_channels,pre_response_100ms_end,2.21484375,450.484375,0,0,0,256,256.0,,,,,3.033428618029813,2.640743434182652,2.158485332588581,,,,,3.058660241538365,3.4994712970095523,2.673497973933904,,,,,2.897082759155752,3.708071165299719,2.519472057527957,1.067327731117067,450.484375,-2.0,left,-1.0,0.0148437500000113,shorter_than_100ms_review_timing_anchor,False,,-1.1015625,-0.10546875,-59.835575103759766,15.27902126312256,-2.039983034133911,10.232538223266602,-10.010141372680664,14.925679206848145,,2.996390539574643,2.4504851213501473,,0.36975066607606266,0.3248801208406751,-1.0,
VisualCogB_Task-1,52,45.0,VisualCogB_Task-1:q1_045,456.62890625,1,right,unresolved_from_allowed_channels,pre_response_100ms_end,2.21875,458.84765625,0,0,0,256,256.0,,,,,3.4090018568416385,3.1221999345516984,2.859477190283499,,,,,2.5400771404603644,3.746509420468068,2.5900962236746183,,,,,2.3759741076052547,3.6825716243313673,2.75918219788904,0.5603716897796689,458.84765625,2.0,right,1.0,0.0187500000000113,shorter_than_100ms_review_timing_anchor,False,,-1.1015625,-0.10546875,-12.753318786621094,16.231157302856445,-7.848834037780762,16.635517120361328,-11.861696243286133,18.78029441833496,,2.7750177016357527,2.736251870615719,,0.16116561006517494,0.6716783060719862,1.0,
VisualCogB_Task-1,53,,,464.7578125,-1,left,unresolved_from_allowed_channels,pre_response_100ms_end,2.21484375,466.97265625,0,0,0,256,256.0,,,,,1.855057026643253,3.070647889391346,2.6963641851119133,,,,,2.493377556165881,3.512670049602354,3.014430469527017,,,,,1.7012887443850364,3.774920935833312,2.8553823057746297,0.704273046441966,466.97265625,-2.0,left,-1.0,0.0148437500000113,shorter_than_100ms_review_timing_anchor,False,,-1.1015625,-0.10546875,-117.58810424804688,57.9666748046875,9.096712112426758,76.13915252685547,-119.33959197998048,58.63386917114258,,2.0165744423980567,2.8553923201378537,,-0.5534655577967371,0.8162636778414681,-1.0,
VisualCogB_Task-1,54,46.0,VisualCogB_Task-1:q1_046,472.91796875,1,right,unresolved_from_allowed_channels,pre_response_100ms_end,2.21484375,475.1328125,0,0,0,256,256.0,,,,,1.6433485456140644,2.840251316696088,2.7753191053887383,,,,,1.4505486141212716,3.036514888556009,2.61811745832821,,,,,2.268252466117632,3.5928099370137634,3.030878636770785,0.7525586203176755,475.1328125,2.0,right,1.0,0.0148437500000113,shorter_than_100ms_review_timing_anchor,False,,-1.1015625,-0.10546875,145.3301239013672,109.13782501220705,-78.85578918457031,23.210433959960938,-43.05326461791992,9.799689292907717,,1.787383208617656,2.808105066829244,,-0.7694173736581125,0.758877247565219,1.0,
VisualCogB_Task-1,55,47.0,VisualCogB_Task-1:q1_047,481.29296875,-1,left,unresolved_from_allowed_channels,pre_response_100ms_end,2.21484375,483.5078125,0,0,0,256,256.0,,,,,1.7908712776183282,2.6855844782761187,2.190591671080858,,,,,1.866019681693449,3.6639543268005608,1.7359882603251338,,,,,2.3363037042607733,3.5486195221196986,1.860762814009286,0.8630350438435799,483.5078125,-2.0,left,-1.0,0.0148437500000113,shorter_than_100ms_review_timing_anchor,False,,-1.1015625,-0.10546875,-100.14676666259766,24.252832412719727,226.93533325195312,51.5483627319336,-162.35537719726562,38.976600646972656,,1.9977315545241836,1.9291142484717592,,-0.5712199709360025,-0.30784035140243055,-1.0,
VisualCogB_Task-1,56,48.0,VisualCogB_Task-1:q1_048,489.46875,1,right,unresolved_from_allowed_channels,pre_response_100ms_end,2.21484375,491.68359375,0,0,0,256,256.0,,,,,2.362875230130699,1.491355174497856,1.5969876020549647,,,,,2.5067195101297024,2.2902968459928426,1.8342183273887924,,,,,2.67568235445416,3.0596775097092395,1.7338899982151943,1.5683223352113835,491.68359375,2.0,right,1.0,0.0148437500000113,shorter_than_100ms_review_timing_anchor,False,,-1.1015625,-0.10546875,113.36322021484376,54.96359252929688,-70.1060562133789,71.79925537109375,147.05796813964844,147.9912872314453,,2.515092364904854,1.7216986425529839,,-0.08374492830733188,-0.5595538761779674,1.0,
VisualCogB_Task-1,57,,,497.703125,1,right,unresolved_from_allowed_channels,pre_response_100ms_end,2.21875,499.921875,0,0,0,256,256.0,,,,,2.7763895525030726,2.288713735108806,3.320087207626184,,,,,3.0235417146335064,2.9050102772218738,3.0860123671861337,,,,,2.918473272675141,3.0557126462412154,2.889677647945005,0.7669989111324096,499.921875,2.0,right,1.0,0.0187500000000113,shorter_than_100ms_review_timing_anchor,False,,-1.1015625,-0.10546875,-122.4529266357422,45.67990493774414,98.50740814208984,69.0612564086914,-49.383934020996094,23.934614181518555,,2.9061348466039063,3.0985924075857745,,0.284708666574753,1.1114042048334807,1.0,
VisualCogB_Task-1,58,49.0,VisualCogB_Task-1:q1_049,505.95703125,1,right,unresolved_from_allowed_channels,pre_response_100ms_end,2.21484375,508.171875,0,0,0,256,256.0,,,,,1.7889759833881105,3.5036763101436303,2.4876818040283046,,,,,2.403673171167577,3.624706043995616,1.9998025052696944,,,,,1.8262919039511083,3.317548644679897,1.885419489813212,-0.1861276654637333,508.171875,2.0,right,1.0,0.0148437500000113,shorter_than_100ms_review_timing_anchor,False,,-1.1015625,-0.10546875,-89.22438049316406,41.45249557495117,144.75057983398438,21.51875686645508,-130.0476837158203,54.69153594970703,,2.006313686168932,2.1243012663704035,,-0.5631335931017589,-0.07096708408939376,1.0,
VisualCogB_Task-1,59,50.0,VisualCogB_Task-1:q1_050,514.36328125,1,right,unresolved_from_allowed_channels,pre_response_100ms_end,2.21875,516.58203125,0,0,0,256,256.0,,,,,2.766893238529838,1.764420136451459,1.7947399944153373,,,,,2.4168162677415426,2.8408175517064405,2.3046055397897462,,,,,2.671644878593621,3.307959811747601,2.4437658948320773,1.5435396752961428,516.58203125,2.0,right,1.0,0.0187499999999545,shorter_than_100ms_review_timing_anchor,False,,-1.1015625,-0.10546875,3.0895836353302,7.700709819793701,11.73729133605957,9.538634300231934,-14.049224853515623,9.930337905883787,,2.6184514616216674,2.181037143012387,,0.01364354617146872,-0.0021140803459034144,1.0,
VisualCogB_Task-1,60,51.0,VisualCogB_Task-1:q1_051,522.6953125,-1,left,unresolved_from_allowed_channels,pre_response_100ms_end,2.21484375,524.91015625,0,0,0,256,256.0,,,,,3.7232613477551566,1.4299631399912245,1.8685626310380103,,,,,4.400439021340627,2.827299095287651,2.2573734457151344,,,,,4.621973456941914,3.06529112308105,2.368694562813721,1.6353279830898255,524.91015625,-2.0,left,-1.0,0.0148437499999545,shorter_than_100ms_review_timing_anchor,False,,-1.1015625,-0.10546875,72.86093139648438,60.68303680419922,106.3415298461914,37.35945510864258,-83.15699005126953,80.13165283203125,,4.248557942012566,2.164876879855622,,1.5495856006791104,-0.021725703986616877,-1.0,
VisualCogB_Task-1,61,52.0,VisualCogB_Task-1:q1_052,531.3828125,-1,left,unresolved_from_allowed_channels,pre_response_100ms_end,2.21875,533.6015625,0,0,0,256,256.0,,,,,5.065282826269223,3.5586641400517367,2.061389874561789,,,,,4.850556582693218,3.4239576815911974,2.2232130547239755,,,,,5.081193488540248,3.413106521469075,2.3036148750289622,-0.1455576185826617,533.6015625,-2.0,left,-1.0,0.0187499999999545,shorter_than_100ms_review_timing_anchor,False,,-1.1015625,-0.10546875,69.60147857666016,102.72942352294922,-94.08668518066406,64.19719696044922,122.83946990966795,168.18397521972656,,4.99901096583423,2.1960726014382423,,2.2566880955687165,0.01613251310700257,-1.0,
VisualCogB_Task-1,62,,,539.82421875,1,right,unresolved_from_allowed_channels,pre_response_100ms_end,2.21484375,542.0390625,0,0,0,256,256.0,,,,,2.710364508745115,2.6639754519091507,1.917195981324007,,,,,2.781489342996688,3.4170286914422774,2.932675017342243,,,,,1.9337030148384968,3.262901264473374,2.949694616904716,0.5989258125642234,542.0390625,2.0,right,1.0,0.0148437499999545,shorter_than_100ms_review_timing_anchor,False,,-1.1015625,-0.10546875,-5.391603469848633,45.27610778808594,167.98992919921875,20.376495361328125,-0.6277685165405273,35.2943000793457,,2.4751856221934334,2.599855205190322,,-0.12134642558755178,0.5061512944000623,1.0,
VisualCogB_Task-1,63,53.0,VisualCogB_Task-1:q1_053,548.18359375,-1,left,unresolved_from_allowed_channels,pre_response_100ms_end,2.21875,550.40234375,0,0,0,256,256.0,,,,,2.107528797278941,1.8159841354297264,2.1434666040884087,,,,,2.3562930928564887,2.5052857597642446,2.557022126350573,,,,,2.510237279096582,2.412332664331951,2.39072420329544,0.5963485289022243,550.40234375,-2.0,left,-1.0,0.0187499999999545,shorter_than_100ms_review_timing_anchor,False,,-1.1015625,-0.10546875,-6.671531677246094,6.292491912841797,48.8939323425293,12.431791305541992,-81.54094696044922,52.4962158203125,,2.324686389744004,2.3637376445781406,,-0.2631519475401841,0.21960591523332712,-1.0,
VisualCogB_Task-1,64,54.0,VisualCogB_Task-1:q1_054,556.4375,-1,left,unresolved_from_allowed_channels,pre_response_100ms_end,2.21484375,558.65234375,0,0,0,256,256.0,,,,,1.541916694077744,1.5242740013536171,2.561716807935683,,,,,2.7377934247883826,2.6278521085651465,2.726513549076156,,,,,3.182556882206056,2.869821687286387,2.9434373001621386,1.3455476859327695,558.65234375,-2.0,left,-1.0,0.0148437499999545,shorter_than_100ms_review_timing_anchor,False,,-1.1015625,-0.10546875,-79.741455078125,23.798751831054688,21.08380126953125,11.547979354858398,94.73088073730467,30.43027687072754,,2.4874223336907275,2.7438892190579924,,-0.10981657767659556,0.680946769203427,-1.0,
VisualCogB_Task-1,65,,,564.859375,-1,left,unresolved_from_allowed_channels,pre_response_100ms_end,2.21875,567.078125,0,0,0,256,256.0,,,,,2.235436085540582,2.6567993066469096,2.0663988743837924,,,,,3.28578444952008,2.9198055574216637,2.092034752938194,,,,,3.4685318111086585,3.167189481923219,2.080245964255602,0.5103901752763096,567.078125,-2.0,left,-1.0,0.0187499999999545,shorter_than_100ms_review_timing_anchor,False,,-1.1015625,-0.10546875,-136.4376220703125,30.27679252624512,-109.99435424804688,128.99346923828125,-60.13819122314453,116.09383392333984,,2.996584115389773,2.0795598638591963,,0.36993305982688235,-0.12526394415260064,-1.0,
VisualCogB_Task-1,66,55.0,VisualCogB_Task-1:q1_055,572.97265625,1,right,unresolved_from_allowed_channels,pre_response_100ms_end,2.21484375,575.1875,0,0,0,256,256.0,,,,,1.7635081833674653,2.6952871672500587,2.1387663694709715,,,,,2.5484005144053423,3.6951028627782874,2.2845742088597407,,,,,1.7891344598030576,3.352850574717392,1.7270189362416726,0.6575634074673329,575.1875,2.0,right,1.0,0.0148437499999545,shorter_than_100ms_review_timing_anchor,False,,-1.1015625,-0.10546875,-64.84381103515625,12.395943641662598,-0.0082206726074218,36.737918853759766,-32.58503341674805,14.929433822631836,,2.033681052525288,2.050119838190795,,-0.537347124908733,-0.16099149993438466,1.0,
VisualCogB_Task-1,67,56.0,VisualCogB_Task-1:q1_056,581.1484375,1,right,unresolved_from_allowed_channels,pre_response_100ms_end,2.21484375,583.36328125,0,0,0,256,256.0,,,,,2.260883443106798,2.9965381308857197,1.92062247768708,,,,,1.3135029784914285,3.3241936371174226,1.981469601642716,,,,,1.7103691185488732,3.0512676030631667,2.114208655618456,0.0547294721774473,583.36328125,2.0,right,1.0,0.0148437499999545,shorter_than_100ms_review_timing_anchor,False,,-1.1015625,-0.10546875,-16.581687927246094,10.84701156616211,-4.009832382202148,9.366947174072266,8.398956298828125,39.49546432495117,,1.7615851800490334,2.005433578316084,,-0.7937251581363602,-0.21522144050358163,1.0,
VisualCogB_Task-1,68,57.0,VisualCogB_Task-1:q1_057,589.6796875,-1,left,unresolved_from_allowed_channels,pre_response_100ms_end,2.21484375,591.89453125,0,0,0,256,256.0,,,,,3.592983406929,2.745236013004118,2.6520886185064247,,,,,2.977949395173358,2.599287807207437,2.461188274153761,,,,,3.401093273623246,2.9914148321320755,2.5375855603869817,0.2461788191279574,591.89453125,-2.0,left,-1.0,0.0148437499999545,shorter_than_100ms_review_timing_anchor,False,,-1.1015625,-0.10546875,-96.96403503417967,60.22692108154297,59.77976608276367,58.65777206420898,-109.8188018798828,68.05888366699219,,3.324008691908535,2.550287484349056,,0.6784436895336763,0.4459973552941936,-1.0,
VisualCogB_Task-1,69,58.0,VisualCogB_Task-1:q1_058,597.96484375,-1,left,unresolved_from_allowed_channels,pre_response_100ms_end,2.21484375,600.1796875,0,0,0,256,256.0,,,,,-0.3981279423092241,0.1793176441390448,1.639417057363295,,,,,1.210793689868777,1.7238450939403147,2.151441952406816,,,,,1.3081852030585002,1.7345240554948156,1.9681693988414544,1.5552064113557709,600.1796875,-2.0,left,-1.0,0.0148437499999545,shorter_than_100ms_review_timing_anchor,False,,-1.1015625,-0.10546875,-11.292154312133787,45.47152328491211,-47.23244094848633,25.389204025268555,17.41095542907715,38.86724853515625,,0.7069503168726844,1.919676136203855,,-1.7874381811739881,-0.3192941689474407,-1.0,
VisualCogB_Task-1,70,,,606.24609375,1,right,unresolved_from_allowed_channels,pre_response_100ms_end,2.21875,608.46484375,0,0,0,256,256.0,,,,,2.699543039136289,2.6689761380552564,2.2386568285376613,,,,,2.328693633344961,3.454000989108769,2.128098881968832,,,,,1.1789071574855483,3.453061416380731,2.0766569071756478,0.7840852783254748,608.46484375,2.0,right,1.0,0.0187499999999545,shorter_than_100ms_review_timing_anchor,False,,-1.1015625,-0.10546875,26.30765914916992,20.099586486816406,112.21778106689452,11.096234321594238,28.254528045654297,20.23630714416504,,2.069047943322266,2.147804205894047,,-0.5040232313068678,-0.04244460274631052,1.0,
VisualCogB_Task-1,71,59.0,VisualCogB_Task-1:q1_059,614.421875,1,right,unresolved_from_allowed_channels,pre_response_100ms_end,2.21484375,616.63671875,0,0,0,256,256.0,,,,,1.7398343841657875,1.9085539216450855,1.503955239744215,,,,,2.387485543227183,2.1249349623793448,1.7443662857166884,,,,,1.639730788184006,2.11799983352689,1.9727363128686657,0.2094459118818041,616.63671875,2.0,right,1.0,0.0148437499999545,shorter_than_100ms_review_timing_anchor,False,,-1.1015625,-0.10546875,-54.00957107543945,58.44849395751953,-45.088165283203125,45.93282318115234,-7.441202163696289,75.66154479980469,,1.9223502385256588,1.7403526127765232,,-0.6422468239416416,-0.5369159624335996,1.0,
VisualCogB_Task-1,72,60.0,VisualCogB_Task-1:q1_060,622.625,-1,left,unresolved_from_allowed_channels,pre_response_100ms_end,2.21875,624.84375,0,0,0,256,256.0,,,,,3.2581123819938083,2.6304922707419327,2.8264830263147007,,,,,2.6145004229230224,2.9692115784217967,2.746234756093477,,,,,1.7807733140679325,3.1074274550125347,2.5610881693942185,0.476935184270602,624.84375,-2.0,left,-1.0,0.0187499999999545,shorter_than_100ms_review_timing_anchor,False,,-1.1015625,-0.10546875,1.4708261489868164,11.229432106018066,10.870946884155272,6.689877986907959,12.469110488891602,6.448359966278076,,2.5511287063282544,2.711268650600799,,-0.04979025543864687,0.6413593995348337,-1.0,
VisualCogB_Task-1,73,61.0,VisualCogB_Task-1:q1_061,630.91015625,-1,left,unresolved_from_allowed_channels,pre_response_100ms_end,2.21484375,633.125,0,0,0,256,256.0,,,,,2.504654412338165,1.7465017500032638,2.907060093118468,,,,,3.646314454316341,3.261952552908948,2.9427216850714824,,,,,3.299740192304836,3.1576216234196126,2.731339064819309,1.4111198734163488,633.125,-2.0,left,-1.0,0.0148437499999545,shorter_than_100ms_review_timing_anchor,False,,-1.1015625,-0.10546875,11.09776782989502,31.290218353271484,9.228853225708008,38.08525466918945,9.205124855041504,27.786624908447266,,3.1502363529864468,2.8603736143364196,,0.5147094510214859,0.8223088310743254,-1.0,
VisualCogB_Task-1,74,62.0,VisualCogB_Task-1:q1_062,639.3671875,1,right,unresolved_from_allowed_channels,pre_response_100ms_end,2.21484375,641.58203125,0,0,0,256,256.0,,,,,2.6596645828166667,1.9696546597663869,2.5751484709968344,,,,,3.222318099695781,2.653276960452013,2.543620112857675,,,,,3.246590140883377,2.1422553204394985,2.1715352313490826,0.1726006606731118,641.58203125,2.0,right,1.0,0.0148437499999545,shorter_than_100ms_review_timing_anchor,False,,-1.1015625,-0.10546875,-111.41146850585938,6.808593273162842,29.548553466796875,27.40644073486328,-21.018497467041016,51.66636657714844,,3.042857607798608,2.4301012717345305,,0.41353352633298823,0.3001428759621453,1.0,
VisualCogB_Task-1,75,63.0,VisualCogB_Task-1:q1_063,647.7109375,-1,left,unresolved_from_allowed_channels,pre_response_100ms_end,2.21484375,649.92578125,0,0,0,256,256.0,,,,,1.959535945947158,1.2171036947552676,1.282683515793774,,,,,1.688200635113225,2.110582019820248,1.626563882303723,,,,,1.92513285178114,1.8050769157003528,1.658629700373375,0.587973220945085,649.92578125,-2.0,left,-1.0,0.0148437499999545,shorter_than_100ms_review_timing_anchor,False,,-1.1015625,-0.10546875,211.44012451171875,88.63826751708984,-175.27587890625,30.288333892822266,329.9147033691406,55.480125427246094,,1.8576231442805078,1.5226256994902905,,-0.7032349049738492,-0.8011429888379535,-1.0,
VisualCogB_Task-1,76,64.0,VisualCogB_Task-1:q1_064,656.1796875,-1,left,unresolved_from_allowed_channels,pre_response_100ms_end,2.21875,658.3984375,0,0,0,256,256.0,,,,,2.888968265165613,1.9200046360679623,3.162562594885097,,,,,2.7617323255530146,2.351647020621153,3.0833882055189217,,,,,3.463820088897114,2.710173334175311,2.610518750264448,0.7901686981073488,658.3984375,-2.0,left,-1.0,0.0187499999999545,shorter_than_100ms_review_timing_anchor,False,,-1.1015625,-0.10546875,-36.10857391357422,39.93798065185547,-1.2578940391540527,22.746950149536133,-3.9868412017822266,50.9013671875,,3.0381735598719133,2.9521565168894894,,0.4091200562422402,0.933693882422921,-1.0,
VisualCogB_Task-1,77,,,664.60546875,-1,left,unresolved_from_allowed_channels,pre_response_100ms_end,2.21484375,666.8203125,0,0,0,256,256.0,,,,,2.078263423852569,2.529188095308493,1.8823497543496344,,,,,2.611123957749688,3.4515157257058173,2.404417074365829,,,,,3.06076107901716,3.7592532908172944,2.233919144955477,1.2300651955088011,666.8203125,-2.0,left,-1.0,0.0148437499999545,shorter_than_100ms_review_timing_anchor,False,,-1.1015625,-0.10546875,-63.06760025024414,172.038818359375,-72.64311981201172,87.182861328125,-32.034053802490234,27.933616638183597,,2.5833828202064724,2.173561991223647,,-0.01939932666658666,-0.011185706353219277,-1.0,
VisualCogB_Task-1,78,65.0,VisualCogB_Task-1:q1_065,672.96484375,1,right,unresolved_from_allowed_channels,pre_response_100ms_end,2.21875,675.18359375,0,0,0,256,256.0,,,,,1.752263574509612,2.311859847134364,2.1702472181624226,,,,,2.630227821143262,3.3225180438776394,2.4457622084098287,,,,,2.732894161283268,2.842771958072116,2.5139809503890747,0.5309121109377521,675.18359375,2.0,right,1.0,0.0187499999999545,shorter_than_100ms_review_timing_anchor,False,,-1.1015625,-0.10546875,-1.089519500732422,18.899568557739254,-25.41880989074707,9.10290813446045,21.98285675048828,10.014969825744627,,2.3717951856453805,2.3766634589871085,,-0.2187644295267655,0.2352923062889252,1.0,
VisualCogB_Task-1,79,66.0,VisualCogB_Task-1:q1_066,681.3125,-1,left,unresolved_from_allowed_channels,pre_response_100ms_end,2.21484375,683.52734375,0,0,0,256,256.0,,,,,2.878606886405239,2.9879298009602087,2.4326940221651023,,,,,2.862742214275761,3.183134312421084,2.4989628839678533,,,,,2.3655310824040714,3.0465548000246283,2.602547471330985,0.0586249990644196,683.52734375,-2.0,left,-1.0,0.0148437499999545,shorter_than_100ms_review_timing_anchor,False,,-1.1015625,-0.10546875,46.311302185058594,19.47714233398437,-47.14130401611328,8.204916954040527,62.16077423095703,14.29519271850586,,2.7022933943616905,2.5114014591546465,,0.09264228151526176,0.3988064102211975,-1.0,
VisualCogB_Task-1,80,67.0,VisualCogB_Task-1:q1_067,689.58203125,-1,left,unresolved_from_allowed_channels,pre_response_100ms_end,2.21484375,691.796875,0,0,0,256,256.0,,,,,5.16902964848181,3.265016964973056,2.007799743018505,,,,,4.732125739026997,3.884878057412726,2.3910526059586066,,,,,4.356137721043315,3.639880199880424,2.432023288286254,0.3748632349073681,691.796875,-2.0,left,-1.0,0.0148437499999545,shorter_than_100ms_review_timing_anchor,False,,-1.1015625,-0.10546875,-45.4419174194336,39.1760368347168,-12.966022491455078,24.92051696777344,15.960309028625488,22.56852149963379,,4.752431036184041,2.2769585457544554,,2.024352055988995,0.114293334027126,-1.0,
VisualCogB_Task-1,81,68.0,VisualCogB_Task-1:q1_068,698.06640625,1,right,unresolved_from_allowed_channels,pre_response_100ms_end,2.21875,700.28515625,0,0,0,256,256.0,,,,,1.8276112506310316,2.74702779109349,2.344382438877733,,,,,1.7895053902617248,3.390845948791872,2.558401252398387,,,,,2.1800967205228057,3.2183856585493804,2.418080387501373,0.4713578674558905,700.28515625,2.0,right,1.0,0.0187499999999545,shorter_than_100ms_review_timing_anchor,False,,-1.1015625,-0.10546875,18.874004364013672,12.66127872467041,-18.338802337646484,10.779207229614258,85.55218505859375,18.18487548828125,,1.9324044538051872,2.4402880262591644,,-0.6327733985803744,0.31250522389667285,1.0,
VisualCogB_Task-1,82,69.0,VisualCogB_Task-1:q1_069,706.4296875,-1,left,unresolved_from_allowed_channels,pre_response_100ms_end,2.21484375,708.64453125,0,0,0,256,256.0,,,,,2.461874457192029,2.8427985546649435,2.0235587055119195,,,,,2.0906151077160016,3.1680511164645897,2.2608112803896465,,,,,2.1377923243122154,3.004286996965724,2.268930597460557,0.1614884423007807,708.64453125,-2.0,left,-1.0,0.0148437499999545,shorter_than_100ms_review_timing_anchor,False,,-1.1015625,-0.10546875,241.7685089111328,71.7776870727539,-81.61778259277344,41.89216995239258,170.75442504882812,27.86634063720703,,2.2300939630734153,2.1844335277873745,,-0.3522801657940293,0.002007673074814748,-1.0,
VisualCogB_Task-1,83,70.0,VisualCogB_Task-1:q1_070,714.9296875,-1,left,unresolved_from_allowed_channels,pre_response_100ms_end,2.21875,717.1484375,0,0,0,256,256.0,,,,,2.261857623905243,2.700402183986081,1.7671571339734444,,,,,1.8285433382229004,2.0963921653200908,2.459895613096843,,,,,1.5558878172414703,2.0863485801161072,2.346034056853011,-0.6140536038699733,717.1484375,-2.0,left,-1.0,0.0187499999999545,shorter_than_100ms_review_timing_anchor,False,,-1.1015625,-0.10546875,89.13309478759766,8.486661911010742,-104.4510726928711,35.785850524902344,36.7834587097168,32.00086212158203,,1.8820962597898712,2.1910289346410994,,-0.6801754988750277,0.010011666309200085,-1.0,
VisualCogB_Task-1,84,,,723.13671875,1,right,unresolved_from_allowed_channels,pre_response_100ms_end,2.21484375,725.3515625,0,0,0,256,256.0,,,,,2.2319174971373434,2.00592963976603,1.6078014098245272,,,,,1.7399270225680117,2.295704456864701,1.8666097069638707,,,,,3.9716655721909695,2.0549272106656646,1.8556324830364777,0.0489975708996346,725.3515625,2.0,right,1.0,0.0148437499999545,shorter_than_100ms_review_timing_anchor,False,,-1.1015625,-0.10546875,93.45716857910156,103.25162506103516,-62.06464385986328,118.9205322265625,183.371826171875,293.5289611816406,,2.647836697298775,1.7766811999416252,,0.04133131982369345,-0.4928286495000486,1.0,
VisualCogB_Task-1,85,71.0,VisualCogB_Task-1:q1_071,731.51171875,-1,left,unresolved_from_allowed_channels,pre_response_100ms_end,2.21875,733.73046875,0,0,0,256,256.0,,,,,1.6531497108243212,2.82362856250338,2.4929321697753126,,,,,1.971475959708835,3.240549782678016,2.6712288853113235,,,,,2.9335073379310823,3.080923622517693,2.7181546183609133,0.2572950600143131,733.73046875,-2.0,left,-1.0,0.0187499999999545,shorter_than_100ms_review_timing_anchor,False,,-1.1015625,-0.10546875,-6.3811469078063965,10.710390090942385,-2.143681049346924,9.856261253356934,-20.768524169921875,10.57341480255127,,2.186044336154746,2.6274385578158497,,-0.3937852302076936,0.5396256459742497,-1.0,
VisualCogB_Task-1,86,72.0,VisualCogB_Task-1:q1_072,739.71875,-1,left,unresolved_from_allowed_channels,pre_response_100ms_end,2.21484375,741.93359375,0,0,0,256,256.0,,,,,1.9762960638945333,2.261360404701752,2.5356696576818387,,,,,1.47737585167453,2.4955545933849868,2.0751161957693496,,,,,1.7620938796024803,3.36812802294322,2.156394771910556,1.1067676182414683,741.93359375,2.0,right,1.0,0.0148437499999545,shorter_than_100ms_review_timing_anchor,False,,-1.1015625,-0.10546875,-42.93314743041992,19.8973388671875,9.1697416305542,6.947333812713623,-18.22204971313477,12.88278865814209,,1.7385885983905147,2.2557268751205815,,-0.8153933235624421,0.0885271983091679,-1.0,
VisualCogB_Task-1,87,,,748.5,1,right,unresolved_from_allowed_channels,pre_response_100ms_end,2.21484375,750.71484375,0,0,0,256,256.0,,,,,3.464889508102265,3.208475390602357,3.362735384410497,,,,,3.714245540055,4.055193077698373,3.449129674914148,,,,,4.035957256034478,4.1734116399129775,3.714598050014554,0.96493624931062,750.71484375,2.0,right,1.0,0.0148437499999545,shorter_than_100ms_review_timing_anchor,False,,-1.1015625,-0.10546875,-210.4315185546875,65.2374496459961,-277.55572509765625,198.32205200195312,-150.0543212890625,65.82189178466797,,3.7383641013972473,3.5088210364463994,,1.0688635219815747,1.6092456940355053,1.0,
VisualCogB_Task-1,88,73.0,VisualCogB_Task-1:q1_073,756.94140625,-1,left,unresolved_from_allowed_channels,pre_response_100ms_end,2.21484375,759.15625,0,0,0,256,256.0,,,,,2.6036320007097804,1.672779258572825,2.341342525375305,,,,,1.9819276502550376,1.89966601200936,2.282554316057524,,,,,2.351904168192517,1.8270675934438043,1.9672910375794836,0.1542883348709793,759.15625,-2.0,left,-1.0,0.0148437499999545,shorter_than_100ms_review_timing_anchor,False,,-1.1015625,-0.10546875,342.4476928710937,82.82315063476562,-342.5502319335937,38.10689163208008,274.26611328125,58.74504470825195,,2.312487939719112,2.1970626263374378,,-0.2746457441837928,0.017333978425333598,-1.0,
VisualCogB_Task-1,89,74.0,VisualCogB_Task-1:q1_074,765.12890625,-1,left,unresolved_from_allowed_channels,pre_response_100ms_end,2.21875,767.34765625,0,0,0,256,256.0,,,,,2.9625674923372984,2.105671161130736,1.274837069570692,,,,,1.7445982774096762,0.9540463029363014,1.8457320511682749,,,,,1.092049832684545,1.5221736658172598,1.903218361830341,-0.5834974953134762,767.34765625,-2.0,left,-1.0,0.0187499999999545,shorter_than_100ms_review_timing_anchor,False,,-1.1015625,-0.10546875,39.69789505004883,30.56194877624512,24.422592163085938,41.4182014465332,42.57213973999024,22.471689224243164,,1.933071867477173,1.6745958275231025,,-0.6321445386016629,-0.6167164775429995,-1.0,
VisualCogB_Task-1,90,75.0,VisualCogB_Task-1:q1_075,773.5078125,1,right,unresolved_from_allowed_channels,pre_response_100ms_end,2.21484375,775.72265625,0,0,0,256,256.0,,,,,2.1439574116168907,2.604756957849312,2.4272926772952683,,,,,2.544268472260209,3.163746066484762,2.8151766736077124,,,,,2.1096330531005103,2.8888199802229497,2.769944875714041,0.2840630223736378,775.72265625,2.0,right,1.0,0.0148437499999545,shorter_than_100ms_review_timing_anchor,False,,-1.1015625,-0.10546875,-14.109764099121094,10.90510082244873,-12.664528846740724,9.432333946228027,-12.98875904083252,9.44301986694336,,2.265952978992537,2.6708047422056738,,-0.31849257507772827,0.5922535814686655,1.0,
VisualCogB_Task-1,91,,,781.7734375,1,right,unresolved_from_allowed_channels,pre_response_100ms_end,2.21875,783.9921875,0,0,0,256,256.0,,,,,2.305693273056576,2.9480817352835835,1.89628622850782,,,,,11.21751559043157,10.146131558811616,9.662702028417051,,,,,2.970269781502959,3.795035956267408,2.2645407087725715,0.8469542209838243,783.9921875,2.0,right,1.0,0.0187499999999545,shorter_than_100ms_review_timing_anchor,False,,-1.1015625,-0.10546875,-96.58265686035156,154.22604370117188,-212.26998901367188,835.0563354492188,-64.20437622070312,102.31636810302734,,5.497826214997036,4.607842988565815,,2.7266888763981623,2.9429866541154426,1.0,
VisualCogB_Task-1,92,76.0,VisualCogB_Task-1:q1_076,790.07421875,-1,left,unresolved_from_allowed_channels,pre_response_100ms_end,2.21484375,792.2890625,0,0,0,256,256.0,,,,,2.5642224891561023,2.9320083562791384,2.825719606858597,,,,,2.3168781527049,3.4348459625614534,2.54688033115637,,,,,2.03108065655455,3.067983124796353,2.594821069867245,0.1359747685172148,792.2890625,-2.0,left,-1.0,0.0148437499999545,shorter_than_100ms_review_timing_anchor,False,,-1.1015625,-0.10546875,-23.233078002929688,11.3236083984375,17.759382247924805,12.551937103271484,-5.280545711517334,13.002093315124512,,2.304060432805184,2.655807002627404,,-0.2825864293104796,0.5740527625081566,-1.0,
VisualCogB_Task-1,93,77.0,VisualCogB_Task-1:q1_077,798.30859375,1,right,unresolved_from_allowed_channels,pre_response_100ms_end,2.21875,800.52734375,0,0,0,256,256.0,,,,,1.8323136006995464,1.286720302043051,2.22304950071288,,,,,1.320011251727779,1.865906970675312,2.4524269296692545,,,,,1.57807923811357,2.047488093951124,2.671222372034292,0.7607677919080726,800.52734375,2.0,right,1.0,0.0187499999999545,shorter_than_100ms_review_timing_anchor,False,,-1.1015625,-0.10546875,-1.9049620628356931,8.069684028625488,-0.2503304481506347,5.966312408447266,-5.716060638427734,6.43226957321167,,1.576801363513632,2.4488996008054755,,-0.967834787306774,0.322955979389816,1.0,
VisualCogB_Task-1,94,78.0,VisualCogB_Task-1:q1_078,806.625,-1,left,unresolved_from_allowed_channels,pre_response_100ms_end,2.21484375,808.83984375,0,0,0,256,256.0,,,,,1.1236675879609446,2.62511550039693,2.324877508183957,,,,,2.0128645259345204,3.3647485678705604,2.238096930466505,,,,,2.575703545608476,3.223645494448201,1.9397705317448144,0.5985299940512707,808.83984375,-2.0,left,-1.0,0.0148437499999545,shorter_than_100ms_review_timing_anchor,False,,-1.1015625,-0.10546875,-16.850772857666016,8.166360855102539,-5.629866123199463,11.924006462097168,-14.101499557495115,11.24771499633789,,1.9040785531679802,2.1675816567984256,,-0.6594630305423663,-0.018443265642651207,-1.0,
VisualCogB_Task-1,95,79.0,VisualCogB_Task-1:q1_079,814.67578125,1,right,unresolved_from_allowed_channels,pre_response_100ms_end,2.21484375,816.890625,0,0,0,256,256.0,,,,,0.9505188789995348,2.2407248851001853,1.949774637120483,,,,,1.2185930208940134,3.00657674343822,2.8331688657014005,,,,,1.4338973906091648,3.4356153697911003,2.8275139950636063,1.194890484690915,816.890625,2.0,right,1.0,0.0148437499999545,shorter_than_100ms_review_timing_anchor,False,,-1.1015625,-0.10546875,-150.67686462402344,30.02134704589844,64.61909484863281,26.441818237304688,-180.3391571044922,31.775074005126957,,1.2010030968342376,2.53681916596183,,-1.3219247616411784,0.4296525972465498,1.0,
VisualCogB_Task-1,96,,,822.86328125,-1,left,unresolved_from_allowed_channels,pre_response_100ms_end,2.21875,825.08203125,0,0,0,256,256.0,,,,,3.075372504113755,2.2436991834584967,2.231203537692761,,,,,10.331643443048604,9.31556788427888,8.810270408148403,,,,,2.18011201269376,2.4544933135754468,1.829971832565908,0.21079413011695,825.08203125,-2.0,left,-1.0,0.0187499999999545,shorter_than_100ms_review_timing_anchor,False,,-1.1015625,-0.10546875,336.5066833496094,176.2558135986328,-31.18328857421875,796.1297607421875,331.41375732421875,123.7989273071289,,5.19570931995204,4.290481926135691,,2.442024009373276,2.5578465326817708,-1.0,
VisualCogB_Task-1,97,80.0,VisualCogB_Task-1:q1_080,831.2734375,1,right,unresolved_from_allowed_channels,pre_response_100ms_end,2.21484375,833.48828125,0,0,0,256,256.0,,,,,1.5862358225306894,3.0710442420335577,2.5545926550499507,,,,,1.735683098835081,3.2979760464612804,2.860924073780506,,,,,2.019095056355829,2.942203431510066,2.603887475188822,-0.1288408105234917,833.48828125,2.0,right,1.0,0.0148437499999545,shorter_than_100ms_review_timing_anchor,False,,-1.1015625,-0.10546875,49.395790100097656,14.181764602661133,13.961708068847656,13.235575675964355,71.06282043457031,15.64858627319336,,1.7803379925738667,2.6731347346730927,,-0.7760556170703791,0.5950811923134548,1.0,
VisualCogB_Task-1,98,81.0,VisualCogB_Task-1:q1_081,839.6953125,1,right,unresolved_from_allowed_channels,pre_response_100ms_end,2.21875,841.9140625,0,0,0,256,256.0,,,,,1.423866718731836,2.942109469981941,2.0790817252403846,,,,,1.3178625562741673,3.9211176628791766,2.4023457555392143,,,,,0.4492000391684607,4.0240560552699565,1.8983791945106,1.0819465852880152,841.9140625,2.0,right,1.0,0.0187499999999545,shorter_than_100ms_review_timing_anchor,False,,-1.1015625,-0.10546875,27.31562042236328,23.928056716918945,-45.469669342041016,18.64323234558105,32.568634033203125,20.018558502197266,,1.0636431047248214,2.126602225096733,,-1.4513500421523622,-0.06817470774528098,1.0,
VisualCogB_Task-1,99,82.0,VisualCogB_Task-1:q1_082,847.90234375,1,right,unresolved_from_allowed_channels,pre_response_100ms_end,2.21484375,850.1171875,0,0,0,256,256.0,,,,,1.7087885069781077,2.5351843671065204,2.265950453530916,,,,,1.9149105238378936,2.7723634411134728,2.629949955925308,,,,,2.179594765292419,3.0042612513361044,2.601178345583134,0.469076884229584,850.1171875,2.0,right,1.0,0.0148437499999545,shorter_than_100ms_review_timing_anchor,False,,-1.1015625,-0.10546875,-63.254676818847656,34.16538619995117,-54.25457382202149,17.13232421875,23.01471519470215,50.47688674926758,,1.9344312653694733,2.4990262516797865,,-0.6308636674336073,0.38378821966833515,1.0,
VisualCogB_Task-2,0,0.0,VisualCogB_Task-2:q1_000,20.0546875,-1,left,unresolved_from_allowed_channels,pre_response_100ms_end,2.21875,22.2734375,0,0,0,256,256.0,,,,,1.8930292017254504,1.8428293302856056,2.1095817773162557,,,,,2.415795634820733,2.520704848952324,2.1966248899959897,,,,,1.803790314195248,2.5221293626566785,1.7944657047134658,0.6793000323710727,22.2734375,2.0,right,1.0,0.0187500000000007,shorter_than_100ms_review_timing_anchor,False,,-1.1015625,-0.10546875,-81.10896301269531,108.91138458251952,-54.96744537353516,46.74907302856445,-117.3239288330078,90.05789947509766,,2.037538383580477,2.033557457341904,,-0.533712615717406,-0.18109112186824147,-1.0,
VisualCogB_Task-2,1,,,28.69921875,-1,left,unresolved_from_allowed_channels,pre_response_100ms_end,2.21484375,30.9140625,0,0,0,256,256.0,,,,,2.46139785545888,2.6667579277541646,1.7169822228957772,,,,,2.346995494395729,2.144856375781008,2.466527875216184,,,,,1.95280568437142,1.7561426830167912,2.589862297524354,-0.9106152447373734,30.9140625,-2.0,left,-1.0,0.0148437500000007,shorter_than_100ms_review_timing_anchor,False,,-1.1015625,-0.10546875,120.3727569580078,44.09421157836914,89.16897583007812,10.898527145385742,130.4582977294922,40.22446441650391,,2.2537330114086767,2.257790798545438,,-0.33000664630102045,0.09103191553059496,-1.0,
VisualCogB_Task-2,2,1.0,VisualCogB_Task-2:q1_001,37.54296875,-1,left,unresolved_from_allowed_channels,pre_response_100ms_end,2.21875,39.76171875,0,0,0,256,256.0,,,,,2.8298247902854228,3.1156002694344624,1.4088482592956544,,,,,3.0088320384560694,3.507663008289444,1.9206566816925876,,,,,2.5999334355283925,3.011970436298924,1.4250633683741345,-0.1036298331355385,39.76171875,-2.0,left,-1.0,0.0187499999999971,shorter_than_100ms_review_timing_anchor,False,,-1.1015625,-0.10546875,88.15501403808594,46.138309478759766,38.046424865722656,26.718751907348636,64.78251647949219,38.62697219848633,,2.8128634214232946,1.5848561031207922,,0.19682514108603094,-0.7256219875292472,-1.0,
VisualCogB_Task-2,3,2.0,VisualCogB_Task-2:q1_002,46.37109375,1,right,unresolved_from_allowed_channels,pre_response_100ms_end,2.21875,48.58984375,0,0,0,256,256.0,,,,,2.805181500732003,2.454127100645222,1.8662233697691977,,,,,3.063720609282905,2.5722659072465723,1.9416485606408247,,,,,2.7232076861740437,2.054764788793595,1.6735382801526997,-0.3993623118516272,48.58984375,2.0,right,1.0,0.0187499999999971,shorter_than_100ms_review_timing_anchor,False,,-1.1015625,-0.10546875,-428.45220947265625,171.71783447265625,-220.1722717285156,134.05760192871094,-394.0722351074219,190.68832397460935,,2.8640365987296508,1.8271367368542408,,0.24504225820880968,-0.4315972827257945,1.0,
VisualCogB_Task-2,4,3.0,VisualCogB_Task-2:q1_003,54.671875,-1,left,unresolved_from_allowed_channels,pre_response_100ms_end,2.21875,56.890625,0,0,0,256,256.0,,,,,1.6459391422710508,2.671529753041729,2.8788530323088746,,,,,2.781742105622233,3.930482184287847,2.5738386324011886,,,,,3.108823509288892,4.293828976293238,2.9225116552127184,1.6222992232515088,56.890625,-2.0,left,-1.0,0.0187499999999971,shorter_than_100ms_review_timing_anchor,False,,-1.1015625,-0.10546875,-50.42513656616211,39.75587463378906,-39.57890319824219,13.278056144714355,-52.07028198242188,21.03035545349121,,2.512168252394059,2.79173443997426,,-0.08650012708205551,0.7390103326809706,-1.0,
VisualCogB_Task-2,5,4.0,VisualCogB_Task-2:q1_004,63.12890625,1,right,unresolved_from_allowed_channels,pre_response_100ms_end,2.21484375,65.34375,0,0,0,256,256.0,,,,,2.101989454669289,2.5420634751455777,1.6491220836741864,,,,,0.6289617889651562,2.2309458132833866,2.0125915555674267,,,,,1.226290957837369,1.8739523564418683,1.9315620285328643,-0.6681111187037092,65.34375,-2.0,left,-1.0,0.0148437499999971,shorter_than_100ms_review_timing_anchor,False,,-1.1015625,-0.10546875,127.49710083007812,47.24913787841797,131.27867126464844,23.907413482666016,163.07205200195312,34.78883361816406,,1.319080733823938,1.8644252225914926,,-1.2106679753324228,-0.3863450649050122,1.0,
VisualCogB_Task-2,6,,,71.56640625,1,right,unresolved_from_allowed_channels,pre_response_100ms_end,2.21875,73.78515625,0,0,0,256,256.0,,,,,2.4064691471254216,2.4318024293344567,1.887546474165285,,,,,3.240075359310978,3.0612306222717334,1.0477641396060258,,,,,2.999478336324201,2.842941571942149,1.324939998660517,0.4111391426076922,73.78515625,2.0,right,1.0,0.0187499999999971,shorter_than_100ms_review_timing_anchor,False,,-1.1015625,-0.10546875,54.68490219116211,23.475980758666992,37.13383102416992,56.755496978759766,68.23634338378906,22.258207321166992,,2.882007614253533,1.4200835374772758,,0.2619751634130891,-0.9255851633988583,1.0,
VisualCogB_Task-2,7,5.0,VisualCogB_Task-2:q1_005,80.0703125,1,right,unresolved_from_allowed_channels,pre_response_100ms_end,2.21484375,82.28515625,0,0,0,256,256.0,,,,,1.5984121393572004,2.456668283027001,1.1955147302121474,,,,,2.7323573966012207,2.4136622973157404,1.908899830444177,,,,,2.256583191124765,2.9517809727967195,1.795481938792943,0.495112689769718,82.28515625,2.0,right,1.0,0.0148437499999971,shorter_than_100ms_review_timing_anchor,False,,-1.1015625,-0.10546875,-81.55305480957031,43.63999938964844,-55.57896423339844,14.761844635009766,-87.88188934326172,26.26887321472168,,2.195784242361062,1.633298833149756,,-0.38460795760053657,-0.6668333044341318,1.0,
VisualCogB_Task-2,8,6.0,VisualCogB_Task-2:q1_006,88.3984375,1,right,unresolved_from_allowed_channels,pre_response_100ms_end,2.21484375,90.61328125,0,0,0,256,256.0,,,,,3.0537164159248493,2.650609859962839,3.174757154530381,,,,,3.291980984184171,3.00284102152165,3.033810723537972,,,,,2.7082600756533743,2.7681525287766804,2.628713983782102,0.1175426688138414,90.61328125,2.0,right,1.0,0.0148437499999971,shorter_than_100ms_review_timing_anchor,False,,-1.1015625,-0.10546875,-219.62728881835935,58.67270278930664,-82.82269287109375,43.99807357788086,-149.76828002929688,66.45159149169922,,3.0179858252541316,2.9457606206168183,,0.3900984825243962,0.9259320094058866,1.0,
VisualCogB_Task-2,9,,,96.71484375,-1,left,unresolved_from_allowed_channels,pre_response_100ms_end,2.21484375,98.9296875,0,0,0,256,256.0,,,,,1.2913689331354747,2.647983474335956,1.9116180766525184,,,,,2.5433876873825705,2.6352612692077124,1.8342689994999548,,,,,2.3528980484781457,2.6344897413784056,1.5095369979060396,-0.0134937329575501,98.9296875,2.0,right,1.0,0.0148437499999971,shorter_than_100ms_review_timing_anchor,False,,-1.1015625,-0.10546875,95.89180755615234,71.21937561035156,112.3618621826172,72.22904968261719,102.61052703857422,49.001739501953125,,2.0625515563320636,1.751808024686171,,-0.5101443492219474,-0.5230140089293766,-1.0,
VisualCogB_Task-2,10,7.0,VisualCogB_Task-2:q1_007,105.18359375,1,right,unresolved_from_allowed_channels,pre_response_100ms_end,2.21484375,107.3984375,0,0,0,256,256.0,,,,,2.321605192706802,2.7875452404254624,2.0529119977967203,,,,,2.153337834016669,3.0950990896874457,2.3653872282588853,,,,,1.8597762321939009,2.8520243472453286,2.27524987960342,0.0644791068198662,107.3984375,2.0,right,1.0,0.0148437499999971,shorter_than_100ms_review_timing_anchor,False,,-1.1015625,-0.10546875,8.603912353515625,64.65283966064453,-35.09625625610352,38.26901245117188,36.04590225219727,41.58604431152344,,2.1115730863057904,2.2311830352196753,,-0.4639545877746471,0.058741510652652415,1.0,
VisualCogB_Task-2,11,8.0,VisualCogB_Task-2:q1_008,113.79296875,1,right,unresolved_from_allowed_channels,pre_response_100ms_end,2.21875,116.01171875,0,0,0,256,256.0,,,,,2.792722993495654,2.230552717626858,1.376902787236996,,,,,2.5429353886125505,1.5866625583362275,2.4181699404578394,,,,,2.3668547436331444,1.1873330365361134,2.4881324368111946,-1.0432196810907444,116.01171875,-2.0,left,-1.0,0.0187499999999971,shorter_than_100ms_review_timing_anchor,False,,-1.1015625,-0.10546875,-50.3819580078125,25.31597900390625,-40.04660034179688,8.663198471069336,-46.25601959228516,11.62531852722168,,2.5675043752471165,2.09440172150201,,-0.034360540345960075,-0.10725229895868799,1.0,
VisualCogB_Task-2,12,9.0,VisualCogB_Task-2:q1_009,122.546875,1,right,unresolved_from_allowed_channels,pre_response_100ms_end,2.21484375,124.76171875,0,0,0,256,256.0,,,,,2.817229958800321,3.578918740897652,2.337098869726465,,,,,3.500404434491627,3.98430439094661,2.768884300505512,,,,,3.2760869173229987,3.6929040495853696,2.663397029737713,0.1139853086877185,124.76171875,2.0,right,1.0,0.0148437499999971,shorter_than_100ms_review_timing_anchor,False,,-1.1015625,-0.10546875,-236.163330078125,82.75759887695312,-121.74840545654295,88.40682983398438,-241.19219970703125,136.9431610107422,,3.197907103538316,2.589793399989897,,0.5596264619182227,0.4939405813180603,1.0,
VisualCogB_Task-2,13,,,131.15625,1,right,unresolved_from_allowed_channels,pre_response_100ms_end,2.21875,133.375,0,0,0,256,256.0,,,,,2.2116740240736124,0.496843186971743,1.3664013243733113,,,,,1.9070082214709696,2.0590833867878326,1.4255974104171754,,,,,2.3575288737978526,2.1928121366934987,0.6138026335380735,1.6959689497217556,133.375,-2.0,left,-1.0,0.0187500000000113,shorter_than_100ms_review_timing_anchor,False,,-1.1015625,-0.10546875,86.79098510742188,153.9393768310547,-74.07853698730469,105.19979858398438,-277.1145324707031,227.18101501464844,,2.1587370397808114,1.1352671227761866,,-0.4195150984096608,-1.271230050343465,1.0,
VisualCogB_Task-2,14,,,139.87890625,1,right,unresolved_from_allowed_channels,pre_response_100ms_end,2.21484375,142.09375,0,0,0,256,256.0,,,,,2.0509185384393693,2.323841488653471,1.8252975020125968,,,,,2.444316957183363,2.6405454297167434,1.7207797905914348,,,,,2.755154460859584,2.3969295286612304,1.4760636491148935,0.0730880400077595,142.09375,-2.0,left,-1.0,0.0148437500000113,shorter_than_100ms_review_timing_anchor,False,,-1.1015625,-0.10546875,36.66460418701172,24.898401260375977,99.843505859375,9.07926082611084,105.94660186767578,14.246225357055664,,2.4167966521607718,1.6740469805729752,,-0.17636250930439323,-0.6173825421805512,1.0,
VisualCogB_Task-2,15,,,148.56640625,1,right,unresolved_from_allowed_channels,pre_response_100ms_end,2.21875,150.78515625,0,0,0,256,256.0,,,,,2.0995459221734905,1.6608227637835165,1.8397900719499016,,,,,1.674297502911399,2.34656789527878,2.281261007324909,,,,,1.924823043314792,1.9630385236489336,1.8313591452383655,0.3022157598654174,150.78515625,2.0,right,1.0,0.0187500000000113,shorter_than_100ms_review_timing_anchor,False,,-1.1015625,-0.10546875,258.49755859375,108.9288101196289,25.727783203125,79.72142791748047,-182.78021240234372,212.3089904785156,,1.8995554894665603,1.9841367415043918,,-0.6637248157924697,-0.24106665999270582,1.0,
VisualCogB_Task-2,16,10.0,VisualCogB_Task-2:q1_010,157.0234375,-1,left,unresolved_from_allowed_channels,pre_response_100ms_end,2.21484375,159.23828125,0,0,0,256,256.0,,,,,3.208618080509165,3.62479610639356,3.224728892555227,,,,,2.7590139036034227,3.9417213080951337,3.210880194813622,,,,,2.976021239081924,3.6707772199155024,2.117587856453877,0.0459811135219423,159.23828125,-2.0,left,-1.0,0.0148437500000113,shorter_than_100ms_review_timing_anchor,False,,-1.1015625,-0.10546875,-188.3513641357422,46.943504333496094,-120.22579193115234,44.40520477294922,-126.42337799072266,61.63105010986328,,2.981217741064837,2.8510656479409087,,0.3554543366054912,0.8110129547610272,-1.0,
VisualCogB_Task-2,17,11.0,VisualCogB_Task-2:q1_011,165.5390625,1,right,unresolved_from_allowed_channels,pre_response_100ms_end,2.21875,167.7578125,0,0,0,256,256.0,,,,,2.299375197377753,1.8333450886314395,1.3500071145777226,,,,,2.5202425785129523,1.5884668978205203,1.503345356664461,,,,,2.07936435344963,1.2661278268423006,1.595487768625953,-0.5672172617891389,167.7578125,-2.0,left,-1.0,0.0187500000000113,shorter_than_100ms_review_timing_anchor,False,,-1.1015625,-0.10546875,26.09347152709961,15.692667007446287,-25.568140029907227,16.312501907348633,-35.47417449951172,15.876059532165527,,2.299660709780112,1.4829467466227122,,-0.28673199875866273,-0.8492962077891435,1.0,
VisualCogB_Task-2,18,12.0,VisualCogB_Task-2:q1_012,174.23046875,1,right,unresolved_from_allowed_channels,pre_response_100ms_end,2.21484375,176.4453125,0,0,0,256,256.0,,,,,3.960686831243012,2.744534757805267,2.128950753999524,,,,,3.7470769710244194,2.7358363625012587,2.3003608980618977,,,,,3.8507703953965,2.1170675650002,1.830284063004686,-0.6274671928050668,176.4453125,2.0,right,1.0,0.0148437500000113,shorter_than_100ms_review_timing_anchor,False,,-1.1015625,-0.10546875,-99.0931396484375,103.24685668945312,20.990270614624023,55.25764083862305,-38.265602111816406,95.51978302001952,,3.8528447325546438,2.086531905022036,,1.1767310864237808,-0.11680287851482156,1.0,
VisualCogB_Task-2,19,,,182.85546875,-1,left,unresolved_from_allowed_channels,pre_response_100ms_end,2.21484375,185.0703125,0,0,0,256,256.0,,,,,1.5445712216653615,1.910419098913118,2.026379678616532,,,,,2.1249769287096854,1.8721364201910968,1.9448797436436915,,,,,2.291883576277086,2.0847753702909144,1.9702906636255648,0.1743562713777964,185.0703125,2.0,right,1.0,0.0148437500000113,shorter_than_100ms_review_timing_anchor,False,,-1.1015625,-0.10546875,-65.42979431152344,47.54789352416992,40.07216262817383,32.21674346923828,71.4931411743164,31.830324172973636,,1.9871439088840444,1.9805166952952626,,-0.5811960126194972,-0.24545984240110694,-1.0,
VisualCogB_Task-2,20,13.0,VisualCogB_Task-2:q1_013,191.41796875,1,right,unresolved_from_allowed_channels,pre_response_100ms_end,2.21875,193.63671875,0,0,0,256,256.0,,,,,1.6572228844651424,2.9142574046326093,1.9992235817160304,,,,,1.4785143882845089,3.5806127724871253,2.849518715924982,,,,,1.1873988422856356,3.256034554914668,3.480980998648832,0.3417771502820588,193.63671875,2.0,right,1.0,0.0187500000000113,shorter_than_100ms_review_timing_anchor,False,,-1.1015625,-0.10546875,-367.7687377929688,119.45684051513672,-175.6676483154297,59.04586791992188,-359.4125366210937,106.8388442993164,,1.441045371678429,2.776574432096615,,-1.0957487239234072,0.7206125896490345,1.0,
VisualCogB_Task-2,21,14.0,VisualCogB_Task-2:q1_014,199.765625,1,right,unresolved_from_allowed_channels,pre_response_100ms_end,2.21484375,201.98046875,0,0,0,256,256.0,,,,,2.643528239217758,2.2884781555846168,1.4957889385217211,,,,,2.897639969292169,2.2881728209242387,1.6584428315722477,,,,,2.938011183872853,2.2934624344677266,1.3836531369697576,0.0049842788831098,201.98046875,-2.0,left,-1.0,0.0148437500000113,shorter_than_100ms_review_timing_anchor,False,,-1.1015625,-0.10546875,-238.8807373046875,68.87966918945312,-94.82955169677734,69.85041046142578,-351.8204650878906,183.5526580810547,,2.82639313079426,1.5126283023545755,,0.20957329579746328,-0.813275538172728,1.0,
VisualCogB_Task-2,22,,,208.359375,-1,left,unresolved_from_allowed_channels,pre_response_100ms_end,2.21875,210.578125,0,0,0,256,256.0,,,,,1.9246701107792257,2.060513609260718,1.3728006854131387,,,,,1.1128369769809832,1.988400784493593,1.963015293251221,,,,,2.400722368531888,2.964147325519204,2.166038139628135,0.9036337162584857,210.578125,-2.0,left,-1.0,0.0187500000000113,shorter_than_100ms_review_timing_anchor,False,,-1.1015625,-0.10546875,243.98614501953125,100.12478637695312,59.69528579711914,56.11245346069336,34.20757293701172,80.81925201416016,,1.8127431520973658,1.833951372764165,,-0.7455223679275158,-0.4233272395082138,-1.0,
VisualCogB_Task-2,23,15.0,VisualCogB_Task-2:q1_015,216.76953125,-1,left,unresolved_from_allowed_channels,pre_response_100ms_end,2.21484375,218.984375,0,0,0,256,256.0,,,,,3.036171232277721,3.134790415394872,1.3768945762203313,,,,,1.9587087272643,2.898730535105813,1.7620909327729295,,,,,1.6843138736187342,2.867676388183745,1.6490240623672616,-0.2671140272111265,218.984375,2.0,right,1.0,0.0148437500000113,shorter_than_100ms_review_timing_anchor,False,,-1.1015625,-0.10546875,-50.48304748535156,10.689820289611816,9.190893173217772,15.36837387084961,-7.11845588684082,31.24626350402832,,2.2263979443869184,1.5960031904535075,,-0.35576268095676605,-0.7120942077314373,-1.0,
VisualCogB_Task-2,24,16.0,VisualCogB_Task-2:q1_016,225.36328125,-1,left,unresolved_from_allowed_channels,pre_response_100ms_end,2.21875,227.58203125,0,0,0,256,256.0,,,,,3.636945771840536,3.5679732055283706,2.1070887896840294,,,,,3.870162406242593,3.9245042229283,2.416092734102933,,,,,3.735329945888173,3.7469011511845847,2.368655717186789,0.178927945656214,227.58203125,-2.0,left,-1.0,0.0187500000000113,shorter_than_100ms_review_timing_anchor,False,,-1.1015625,-0.10546875,-70.533203125,28.065814971923828,38.86570739746094,22.228191375732425,-18.128665924072266,29.265443801879883,,3.7474793746571007,2.297279080324584,,1.077452244072159,0.1389537416146497,-1.0,
VisualCogB_Task-2,25,17.0,VisualCogB_Task-2:q1_017,233.8984375,1,right,unresolved_from_allowed_channels,pre_response_100ms_end,2.21484375,236.11328125,0,0,0,256,256.0,,,,,3.415506764888597,3.11215559876701,2.5089130235472443,,,,,2.500302102778132,2.929341726232208,2.40625410189628,,,,,1.9049180051733152,1.9942901059789973,2.4330076290352656,-1.117865492788013,236.11328125,2.0,right,1.0,0.0148437500000113,shorter_than_100ms_review_timing_anchor,False,,-1.1015625,-0.10546875,83.67949676513672,65.75080108642578,63.27931213378906,6.392147541046143,96.00788116455078,11.691411018371582,,2.606908957613348,2.4493915848262633,,0.002767804289595102,0.3235530368361792,1.0,
VisualCogB_Task-2,26,18.0,VisualCogB_Task-2:q1_018,242.4609375,-1,left,unresolved_from_allowed_channels,pre_response_100ms_end,2.21875,244.6796875,0,0,0,256,256.0,,,,,1.0133248971257016,2.6488219925111687,1.7689779889905186,,,,,2.025028374686196,2.888550963207353,2.303700587121762,,,,,2.3647288188529383,2.511280451459915,2.0552164947821705,-0.1375415410512537,244.6796875,2.0,right,1.0,0.0187500000000113,shorter_than_100ms_review_timing_anchor,False,,-1.1015625,-0.10546875,104.64014434814452,86.47349548339844,-66.32144927978516,64.31120300292969,-39.06753540039063,164.50711059570312,,1.8010273635549454,2.0426316902981503,,-0.7565613844215225,-0.17007889763403622,-1.0,
VisualCogB_Task-2,27,19.0,VisualCogB_Task-2:q1_019,251.15234375,-1,left,unresolved_from_allowed_channels,pre_response_100ms_end,2.21484375,253.3671875,0,0,0,256,256.0,,,,,1.817814139528956,2.1175397310957145,1.4195787799392652,,,,,2.726506348666206,2.759053549447928,1.8951838241283596,,,,,2.0433580298628278,3.213239147182219,1.7707675571675086,1.0956994160865046,253.3671875,2.0,right,1.0,0.0148437500000113,shorter_than_100ms_review_timing_anchor,False,,-1.1015625,-0.10546875,19.347373962402344,24.150562286376957,0.0717411041259765,9.828248023986816,2.245792865753174,8.786727905273438,,2.195892839352663,1.695176720411711,,-0.3845056338024292,-0.5917401067001609,-1.0,
VisualCogB_Task-2,28,20.0,VisualCogB_Task-2:q1_020,259.55859375,-1,left,unresolved_from_allowed_channels,pre_response_100ms_end,2.21875,261.77734375,0,0,0,256,256.0,,,,,1.9339551656849332,1.9876639979845887,2.6300266064568767,,,,,2.848582226507544,2.045478561180036,2.283504624209591,,,,,2.6679597962122226,2.668459169901842,2.178779141131232,0.6807951719172527,261.77734375,-2.0,left,-1.0,0.0187500000000113,shorter_than_100ms_review_timing_anchor,False,,-1.1015625,-0.10546875,-84.15205383300781,57.03890609741211,18.843555450439453,50.51789093017578,-28.386762619018555,60.05105972290039,,2.4834990628015667,2.3641034572659,,-0.11351321763378573,0.22004985483293255,-1.0,
VisualCogB_Task-2,29,21.0,VisualCogB_Task-2:q1_021,268.09375,1,right,unresolved_from_allowed_channels,pre_response_100ms_end,2.21484375,270.30859375,0,0,0,256,256.0,,,,,0.8891760566841156,1.9703100649245728,1.9954150636357408,,,,,1.4383962882760704,2.812078418434312,2.1060435475564594,,,,,1.361069129462408,2.1950650043022515,2.0862412432722204,0.2247549393776786,270.30859375,-2.0,left,-1.0,0.0148437500000113,shorter_than_100ms_review_timing_anchor,False,,-1.1015625,-0.10546875,-46.98405075073242,43.29469680786133,35.38534927368164,32.96722412109375,74.22715759277344,65.71637725830078,,1.2295471581408646,2.062566618154807,,-1.2950295712381692,-0.1458864510979252,1.0,
VisualCogB_Task-2,30,22.0,VisualCogB_Task-2:q1_022,276.734375,1,right,unresolved_from_allowed_channels,pre_response_100ms_end,2.21875,278.953125,0,0,0,256,256.0,,,,,2.64643448852326,3.492218262590473,2.451490185101515,,,,,3.515160106476989,3.5302496112146384,3.163047801845267,,,,,2.8581866270987457,3.749885696960156,3.0949161584831177,0.257667434369683,278.953125,2.0,right,1.0,0.0187500000000113,shorter_than_100ms_review_timing_anchor,False,,-1.1015625,-0.10546875,-102.23561096191406,22.360252380371094,-58.1727180480957,24.25784111022949,-117.66189575195312,23.18223190307617,,3.0065937406996652,2.9031513818099666,,0.3793644709943544,0.8742226809753377,1.0,
VisualCogB_Task-2,31,23.0,VisualCogB_Task-2:q1_023,285.33203125,1,right,unresolved_from_allowed_channels,pre_response_100ms_end,2.21484375,287.546875,0,0,0,256,256.0,,,,,0.5468117606791064,1.3593406959053589,1.5195510417323563,,,,,0.7138062648908117,1.4442010832673082,1.5780188189665658,,,,,1.04163676342476,1.6334585982820342,1.7397299055897404,0.2741179023766753,287.546875,2.0,right,1.0,0.0148437500000113,shorter_than_100ms_review_timing_anchor,False,,-1.1015625,-0.10546875,199.45513916015625,31.71322631835937,198.2661895751953,8.486334800720215,275.9674377441406,12.427826881408691,,0.767418262998226,1.6124332554295542,,-1.7304632151081822,-0.6921551604784965,1.0,
VisualCogB_Task-2,32,24.0,VisualCogB_Task-2:q1_024,293.70703125,1,right,unresolved_from_allowed_channels,pre_response_100ms_end,2.21875,295.92578125,0,0,0,256,256.0,,,,,2.216381608058557,3.290519731714276,1.4831486243651268,,,,,2.297133409964152,3.250630723252559,1.1624636619730466,,,,,3.3721956897864915,3.273709557307559,1.9683344490462256,-0.0168101744067166,295.92578125,-2.0,left,-1.0,0.0187500000000113,shorter_than_100ms_review_timing_anchor,False,,-1.1015625,-0.10546875,95.00039672851562,35.65778350830078,18.69871711730957,28.075023651123047,148.58840942382812,53.23308944702149,,2.6285702359364,1.537982245128133,,0.023177801262794204,-0.7825067333172794,1.0,
VisualCogB_Task-2,33,25.0,VisualCogB_Task-2:q1_025,302.22265625,1,right,unresolved_from_allowed_channels,pre_response_100ms_end,2.21875,304.44140625,0,0,0,256,256.0,,,,,2.220769901654823,2.1896617400266867,1.1334264615594052,,,,,2.807704977356963,2.8713979499159468,1.5329833373528854,,,,,2.769321267819461,2.573771050948757,2.026244640950252,0.3841093109220703,304.44140625,-2.0,left,-1.0,0.0187500000000113,shorter_than_100ms_review_timing_anchor,False,,-1.1015625,-0.10546875,5.755411624908447,19.67926788330078,-18.39778709411621,34.545372009277344,14.114147186279297,44.57966995239258,,2.5992653822770824,1.5642181466208476,,-0.004434233704237324,-0.7506676091050875,1.0,
VisualCogB_Task-2,34,26.0,VisualCogB_Task-2:q1_026,310.8046875,-1,left,unresolved_from_allowed_channels,pre_response_100ms_end,2.21875,313.0234375,0,0,0,256,256.0,,,,,2.845356636292009,1.6611283904785197,1.8685622621449045,,,,,3.0934723725623035,1.801295198921855,2.035709229395897,,,,,2.9846319970610486,2.2249062193002542,1.979956852077368,0.5637778288217348,313.0234375,2.0,right,1.0,0.0187500000000113,shorter_than_100ms_review_timing_anchor,False,,-1.1015625,-0.10546875,-64.3608627319336,31.106693267822266,31.901084899902344,28.717845916748047,35.46440505981445,23.380617141723636,,2.9744870019717875,1.9614094478727233,,0.34911240412728006,-0.26864784012278803,-1.0,
VisualCogB_Task-2,35,27.0,VisualCogB_Task-2:q1_027,319.46484375,1,right,unresolved_from_allowed_channels,pre_response_100ms_end,2.21484375,321.6796875,0,0,0,256,256.0,,,,,4.452219535667805,1.8437082974864,1.949994608653529,,,,,4.133411133408162,1.797794453776957,2.7554877139551524,,,,,4.410524907536397,2.082907582360481,3.065361340126012,0.2391992848740811,321.6796875,2.0,right,1.0,0.0148437500000113,shorter_than_100ms_review_timing_anchor,False,,-1.1015625,-0.10546875,57.38348388671875,24.244518280029297,5.655953407287598,38.84432601928711,47.168338775634766,26.799001693725582,,4.332051858870788,2.590281220911564,,1.6282564235614019,0.49453258654885374,1.0,
VisualCogB_Task-2,36,28.0,VisualCogB_Task-2:q1_028,327.96484375,-1,left,unresolved_from_allowed_channels,pre_response_100ms_end,2.21875,330.18359375,0,0,0,256,256.0,,,,,0.4137933293269171,1.5931281394159538,0.5619668808992663,,,,,1.8001483582401083,2.8032624695373056,1.438275167552926,,,,,1.4994915878231194,2.726184698000646,1.4575737141472094,1.1330565585846923,330.18359375,-2.0,left,-1.0,0.0187500000000113,shorter_than_100ms_review_timing_anchor,False,,-1.1015625,-0.10546875,205.98345947265625,54.70979309082031,122.673095703125,45.47931671142578,222.84864807128903,70.62030029296875,,1.237811091796715,1.1526052541998004,,-1.2872430104273453,-1.2501890001566802,-1.0,
VisualCogB_Task-2,37,29.0,VisualCogB_Task-2:q1_029,336.58984375,-1,left,unresolved_from_allowed_channels,pre_response_100ms_end,2.21875,338.80859375,0,0,0,256,256.0,,,,,3.174050432196796,2.8690750734294577,2.562934898291551,,,,,3.905312639837962,3.2391857918398594,2.624966765243347,,,,,2.91519851160568,3.135928063280756,2.5752761395778863,0.2668529898512979,338.80859375,2.0,right,1.0,0.0187500000000113,shorter_than_100ms_review_timing_anchor,False,,-1.1015625,-0.10546875,35.31138610839844,95.25091552734376,50.65889358520508,54.50268173217773,40.36294555664063,69.5216293334961,,3.331520527880146,2.587725934370928,,0.6855215981943387,0.49143156539325705,-1.0,
VisualCogB_Task-2,38,30.0,VisualCogB_Task-2:q1_030,345.359375,1,right,unresolved_from_allowed_channels,pre_response_100ms_end,2.21484375,347.57421875,0,0,0,256,256.0,,,,,2.00589819016117,2.276075436744598,2.6148113031478384,,,,,2.624836807408251,2.9130834983596694,2.7996468600895223,,,,,2.9912397224874643,2.613756147015228,2.4341343929149084,0.33768071027063,347.57421875,-2.0,left,-1.0,0.0148437500000113,shorter_than_100ms_review_timing_anchor,False,,-1.1015625,-0.10546875,24.43850517272949,42.755149841308594,1.4287418127059937,11.717137336730955,25.88012313842773,21.013168334960938,,2.5406582400189617,2.616197518717423,,-0.05965588675059137,0.5259838490560723,1.0,
VisualCogB_Task-2,39,31.0,VisualCogB_Task-2:q1_031,354.0625,1,right,unresolved_from_allowed_channels,pre_response_100ms_end,2.21875,356.28125,0,0,0,256,256.0,,,,,0.9652693954663384,1.9720042031539324,2.470461398620958,,,,,2.176028388598962,2.753348590034677,2.5560035077457863,,,,,1.9262546297239187,1.9785976133972625,2.286306283285041,0.0065934102433298,356.28125,-2.0,left,-1.0,0.0187500000000113,shorter_than_100ms_review_timing_anchor,False,,-1.1015625,-0.10546875,66.4902572631836,11.491394996643066,-4.626056671142578,25.960920333862305,5.572793006896973,28.889272689819336,,1.6891841379297396,2.437590396550595,,-0.8619438952059385,0.3092314592275424,1.0,
VisualCogB_Task-2,40,32.0,VisualCogB_Task-2:q1_032,362.56640625,1,right,unresolved_from_allowed_channels,pre_response_100ms_end,2.21484375,364.78125,0,0,0,256,256.0,,,,,3.5243468308070574,2.9001230416010446,3.159347845623383,,,,,4.841771681570967,2.2785032859427234,2.632804372709698,,,,,4.0184550832644,2.349409718968821,2.228076161249884,-0.5507133226322241,364.78125,2.0,right,1.0,0.0148437500000113,shorter_than_100ms_review_timing_anchor,False,,-1.1015625,-0.10546875,115.94017791748048,35.58501052856445,105.83425903320312,22.5604305267334,202.4659423828125,31.82239532470703,,4.1281911985474755,2.6734094598609883,,1.4361719399912323,0.5954145907821163,1.0,
VisualCogB_Task-2,41,33.0,VisualCogB_Task-2:q1_033,371.00390625,-1,left,unresolved_from_allowed_channels,pre_response_100ms_end,2.21875,373.22265625,0,0,0,256,256.0,,,,,1.8414067216647856,3.4645642368116505,2.1147347350002903,,,,,1.9250432861051816,4.052009275474186,2.1049333393100507,,,,,1.7804322369159158,3.776594426910349,2.041592778961602,0.3120301900986986,373.22265625,-2.0,left,-1.0,0.0187500000000113,shorter_than_100ms_review_timing_anchor,False,,-1.1015625,-0.10546875,-210.99917602539065,134.05621337890625,-52.70970153808594,122.58654022216795,-56.760040283203125,125.42179107666016,,1.8489607482286277,2.087086951090648,,-0.7113969106765031,-0.11612929080803244,-1.0,
VisualCogB_Task-2,42,,,379.4609375,-1,left,unresolved_from_allowed_channels,pre_response_100ms_end,2.21484375,381.67578125,0,0,0,256,256.0,,,,,2.3368179662096087,2.793617728802446,1.560960881283606,,,,,2.6351793616197727,3.391415043718918,2.484506507870708,,,,,3.1296237923827768,3.5778832497351374,2.4352384337670565,0.7842655209326908,381.67578125,-2.0,left,-1.0,0.0148437500000113,shorter_than_100ms_review_timing_anchor,False,,-1.1015625,-0.10546875,71.63959503173828,39.63707733154297,81.15191650390625,37.5849494934082,-107.65135192871094,177.72206115722656,,2.7005403734040527,2.1602352743071234,,0.09099052523819733,-0.027358620989438028,-1.0,
VisualCogB_Task-2,43,34.0,VisualCogB_Task-2:q1_034,387.7421875,1,right,unresolved_from_allowed_channels,pre_response_100ms_end,2.21875,389.9609375,0,0,0,256,256.0,,,,,2.5430282080061994,2.8185263320618272,2.456148641608092,,,,,3.1899708486780933,3.449699979232993,2.79722562918606,,,,,2.7101733054706,2.999460347289962,2.712110662177993,0.1809340152281349,389.9609375,-2.0,left,-1.0,0.0187500000000113,shorter_than_100ms_review_timing_anchor,False,,-1.1015625,-0.10546875,-73.54316711425781,12.042654037475586,-75.74141693115234,11.77439308166504,-76.73978424072266,15.493768692016602,,2.8143907873849643,2.6551616443240484,,0.19826427751139467,0.573269574509543,1.0,
VisualCogB_Task-2,44,35.0,VisualCogB_Task-2:q1_035,396.4765625,-1,left,unresolved_from_allowed_channels,pre_response_100ms_end,2.21875,398.6953125,0,0,0,256,256.0,,,,,3.1914744411864318,3.151338441909956,2.1636102050004307,,,,,2.9969534280811327,3.93322950332522,2.832658016344604,,,,,2.6898190220429528,3.607408695034929,2.441549827807756,0.4560702531249729,398.6953125,2.0,right,1.0,0.0187500000000113,shorter_than_100ms_review_timing_anchor,False,,-1.1015625,-0.10546875,25.404603958129883,54.9184684753418,29.33100891113281,11.632278442382812,89.06867218017578,55.89830780029297,,2.959415630436839,2.47927268305093,,0.3349116426199179,0.3598158653971136,-1.0,
VisualCogB_Task-2,45,36.0,VisualCogB_Task-2:q1_036,404.98046875,-1,left,unresolved_from_allowed_channels,pre_response_100ms_end,2.21484375,407.1953125,0,0,0,256,256.0,,,,,2.320463937223051,2.880023618716084,1.870691237247309,,,,,3.099353378921315,1.992672439924734,2.090995199272293,,,,,3.0437395253683435,1.5264941772090657,2.188836360332025,-1.353529441507018,407.1953125,2.0,right,1.0,0.0148437500000113,shorter_than_100ms_review_timing_anchor,False,,-1.1015625,-0.10546875,-33.52790069580078,17.421506881713867,-24.171241760253903,15.711015701293944,-50.9439697265625,20.330366134643555,,2.8211856138375695,2.050174265617209,,0.20466659529074283,-0.16092544839845324,-1.0,
VisualCogB_Task-2,46,37.0,VisualCogB_Task-2:q1_037,413.40234375,1,right,unresolved_from_allowed_channels,pre_response_100ms_end,2.21875,415.62109375,0,0,0,256,256.0,,,,,2.246121221043301,2.2336295575353624,2.170597114678352,,,,,2.365868033719472,2.5472443080154763,3.044116909917052,,,,,2.172280461581884,2.050194274948045,2.6428021768891785,-0.1834352825873173,415.62109375,-2.0,left,-1.0,0.0187500000000113,shorter_than_100ms_review_timing_anchor,False,,-1.1015625,-0.10546875,-7.45222282409668,9.209234237670898,-11.954214096069336,9.39341926574707,-4.719072341918945,7.833033084869385,,2.261423238781552,2.6191720671615273,,-0.3227606511633944,0.5295936742192489,1.0,
VisualCogB_Task-2,47,38.0,VisualCogB_Task-2:q1_038,422.03125,-1,left,unresolved_from_allowed_channels,pre_response_100ms_end,2.21484375,424.24609375,0,0,0,256,256.0,,,,,3.222972986934469,1.773020582731805,1.7230868559162429,,,,,3.021103502516919,2.363617622952964,1.4856848576905968,,,,,2.175156368779015,2.1208342975550307,1.9433819741473384,0.3478137148232256,424.24609375,-2.0,left,-1.0,0.0148437500000113,shorter_than_100ms_review_timing_anchor,False,,-1.1015625,-0.10546875,77.1085433959961,54.27491760253906,-24.84344482421875,52.962162017822266,48.4579963684082,57.13093948364258,,2.8064109527434677,1.7173845625847262,,0.19074540450442867,-0.5647893176972469,-1.0,
VisualCogB_Task-2,48,39.0,VisualCogB_Task-2:q1_039,430.83203125,1,right,unresolved_from_allowed_channels,pre_response_100ms_end,2.21484375,433.046875,0,0,0,256,256.0,,,,,1.2727384882987427,0.948079632270177,1.4296312157212976,,,,,1.6294470903048963,1.5859954321769971,1.1834216340188166,,,,,1.7203909548867446,1.1764773888645683,0.7028318308503901,0.2283977565943915,433.046875,2.0,right,1.0,0.0148437500000113,shorter_than_100ms_review_timing_anchor,False,,-1.1015625,-0.10546875,-44.29120635986328,54.30636596679688,12.87692165374756,41.580753326416016,-11.463356018066406,50.47872924804688,,1.5408588444967946,1.105294893530168,,-1.0017010574964753,-1.307603472851751,1.0,
VisualCogB_Task-2,49,,,439.39453125,-1,left,unresolved_from_allowed_channels,pre_response_100ms_end,2.21875,441.61328125,0,0,0,256,256.0,,,,,1.9910995140625185,2.978246091716475,1.7225935247150592,,,,,2.1612265342710404,2.7552175628240687,1.6194772438488942,,,,,3.013969687497974,2.1511412293168286,1.365569540766653,-0.8271048623996462,441.61328125,-2.0,left,-1.0,0.0187500000000113,shorter_than_100ms_review_timing_anchor,False,,-1.1015625,-0.10546875,-309.886474609375,239.7718048095703,-26.905776977539062,136.419921875,-330.72760009765625,197.7525329589844,,2.3887652452771775,1.5692134364435357,,-0.20277465918383117,-0.7446054711913347,-1.0,
VisualCogB_Task-2,50,40.0,VisualCogB_Task-2:q1_040,448.00390625,-1,left,unresolved_from_allowed_channels,pre_response_100ms_end,2.21875,450.22265625,0,0,0,256,256.0,,,,,0.7277556497193035,2.005635782648766,2.1142975319412094,,,,,0.7972667157032466,2.2069573795983746,1.8762549359241631,,,,,1.0319766516890223,1.7810255830304869,2.0267572060957724,-0.2246101996182792,450.22265625,2.0,right,1.0,0.0187500000000113,shorter_than_100ms_review_timing_anchor,False,,-1.1015625,-0.10546875,-74.45897674560547,34.11628723144531,-23.90045928955078,38.78013229370117,1.085253119468689,39.84608459472656,,0.8523330057038575,2.0057698913203814,,-1.650453641538485,-0.2148133008587146,-1.0,
VisualCogB_Task-2,51,41.0,VisualCogB_Task-2:q1_041,456.6328125,-1,left,unresolved_from_allowed_channels,pre_response_100ms_end,2.21484375,458.84765625,0,0,0,256,256.0,,,,,2.297605884361257,3.1318335966033195,1.4291767536921334,,,,,1.4141626130892038,3.16494500478823,1.6063387066844963,,,,,0.9107750664782304,2.6123829950088715,1.6106902076088976,-0.519450601594448,458.84765625,-2.0,left,-1.0,0.0148437500000113,shorter_than_100ms_review_timing_anchor,False,,-1.1015625,-0.10546875,7.87197208404541,20.781837463378903,7.557416915893555,23.305063247680664,4.73807954788208,29.01579093933105,,1.540847854642897,1.5487352226618423,,-1.0017114125125293,-0.7694572336672769,-1.0,
VisualCogB_Task-2,52,42.0,VisualCogB_Task-2:q1_042,465.2265625,1,right,unresolved_from_allowed_channels,pre_response_100ms_end,2.21875,467.4453125,0,0,0,256,256.0,,,,,5.531742766987945,3.2987388697924174,1.8148445470652723,,,,,5.39638661882138,3.0088271922657226,1.643887220731334,,,,,5.751467225136188,3.053504047396738,1.592702259545924,-0.2452348223956795,467.4453125,2.0,right,1.0,0.0187500000000113,shorter_than_100ms_review_timing_anchor,False,,-1.1015625,-0.10546875,-69.29987335205078,29.604082107543945,-0.3447457551956177,27.03727912902832,-36.84796142578125,30.698976516723636,,5.559865536981838,1.68381134244751,,2.7851444465194146,-0.6055327976363266,1.0,
VisualCogB_Task-2,53,,,473.62109375,1,right,unresolved_from_allowed_channels,pre_response_100ms_end,2.21484375,475.8359375,0,0,0,256,256.0,,,,,1.7918874940442333,2.4204853417012946,2.5455857586718373,,,,,0.7494839445457445,2.888436394875785,2.566321482667558,,,,,2.2161652904313818,2.9267679310459425,2.430138526205716,0.5062825893446479,475.8359375,-2.0,left,-1.0,0.0148437500000113,shorter_than_100ms_review_timing_anchor,False,,-1.1015625,-0.10546875,1.8585968017578125,246.54551696777344,-67.05293273925781,100.82170104980467,-452.472412109375,325.8393859863281,,1.5858455763404533,2.51401525584837,,-0.9593130207855458,0.40197843759063984,1.0,
VisualCogB_Task-2,54,43.0,VisualCogB_Task-2:q1_043,482.33984375,1,right,unresolved_from_allowed_channels,pre_response_100ms_end,2.21875,484.55859375,0,0,0,256,256.0,,,,,2.2484205790959515,2.9733512944784897,1.852014071090945,,,,,2.31674900497962,2.878737094070904,2.039763554751987,,,,,2.370321351976782,3.175694886939482,2.0625259439866785,0.2023435924609922,484.55859375,2.0,right,1.0,0.0187500000000113,shorter_than_100ms_review_timing_anchor,False,,-1.1015625,-0.10546875,11.67502784729004,53.187007904052734,-14.86207389831543,26.44477844238281,33.86133575439453,26.649003982543945,,2.311830312017451,1.98476785660987,,-0.27526538348670987,-0.24030075712326968,1.0,
VisualCogB_Task-2,55,,,490.671875,-1,left,unresolved_from_allowed_channels,pre_response_100ms_end,2.21484375,492.88671875,0,0,0,256,256.0,,,,,3.6292380547605463,3.047336544276355,1.55684624878254,,,,,3.3220196236867863,3.044192861699805,1.817161756580964,,,,,2.8632512862808324,3.152782445288812,2.017032783827728,0.1054459010124571,492.88671875,2.0,right,1.0,0.0148437500000113,shorter_than_100ms_review_timing_anchor,False,,-1.1015625,-0.10546875,244.86468505859372,181.7640380859375,-42.62207412719727,126.31231689453124,92.61976623535156,239.86463928222656,,3.2715029882427213,1.7970135963970773,,0.6289710205197475,-0.46815384667475074,-1.0,
VisualCogB_Task-2,56,,,499.09375,-1,left,unresolved_from_allowed_channels,pre_response_100ms_end,2.21875,501.3125,0,0,0,256,256.0,,,,,1.469457047831052,2.6688352966643856,1.9595241910418084,,,,,2.240910008781741,2.629778667216758,2.510263682588223,,,,,1.978624266888524,2.4967110497811382,1.913887608696658,-0.1721242468832473,501.3125,2.0,right,1.0,0.0187500000000113,shorter_than_100ms_review_timing_anchor,False,,-1.1015625,-0.10546875,236.00543212890625,66.71671295166016,94.22833251953124,38.53097915649414,255.7147216796875,28.73735237121582,,1.896330441167106,2.12789182744223,,-0.6667635665554029,-0.06660968398293715,-1.0,
VisualCogB_Task-2,57,44.0,VisualCogB_Task-2:q1_044,507.58203125,-1,left,unresolved_from_allowed_channels,pre_response_100ms_end,2.21484375,509.796875,0,0,0,256,256.0,,,,,5.3129327383432186,3.935059935467296,1.989590043456017,,,,,5.626443885521682,4.005066020658746,2.170436950217869,,,,,5.715957739001886,3.8823791660443474,2.320689781803131,-0.0526807694229485,509.796875,2.0,right,1.0,0.0148437500000113,shorter_than_100ms_review_timing_anchor,False,,-1.1015625,-0.10546875,-59.76730728149414,84.70576477050781,-48.15687942504883,32.04182052612305,-94.56935119628906,30.663646697998047,,5.551778120955595,2.1602389251590055,,2.777524206653841,-0.027354190422164092,-1.0,
VisualCogB_Task-2,58,,,516.12890625,-1,left,unresolved_from_allowed_channels,pre_response_100ms_end,2.21875,518.34765625,0,0,0,256,256.0,,,,,4.19192163630758,3.396616049578299,3.485849099016632,,,,,3.658759174366138,3.502766824821089,3.3092522793171666,,,,,3.50371796434076,3.3232984887255377,3.207753649881105,-0.0733175608527614,518.34765625,2.0,right,1.0,0.0187499999999545,shorter_than_100ms_review_timing_anchor,False,,-1.1015625,-0.10546875,-83.2059555053711,46.01642990112305,-19.863889694213867,38.21966552734375,-5.747096061706543,38.79703903198242,,3.7847995916714923,3.3342850094049674,,1.1126166284147143,1.3974338664138095,-1.0,
VisualCogB_Task-2,59,45.0,VisualCogB_Task-2:q1_045,524.6796875,-1,left,unresolved_from_allowed_channels,pre_response_100ms_end,2.21875,526.8984375,0,0,0,256,256.0,,,,,2.900746548342334,3.93913678818052,2.454683233972838,,,,,2.6504243085221337,3.97473022443134,2.66495017214104,,,,,2.0898135591540385,3.202809724021984,2.5153494379083687,-0.7363270641585355,526.8984375,2.0,right,1.0,0.0187499999999545,shorter_than_100ms_review_timing_anchor,False,,-1.1015625,-0.10546875,-46.8604850769043,38.430137634277344,-67.74530029296875,30.4686336517334,-58.74419784545898,25.4867000579834,,2.546994805339502,2.544994281340749,,-0.053685358276513634,0.43957367863461183,-1.0,
VisualCogB_Task-2,60,46.0,VisualCogB_Task-2:q1_046,533.1640625,-1,left,unresolved_from_allowed_channels,pre_response_100ms_end,2.21875,535.3828125,0,0,0,256,256.0,,,,,2.9912881457394755,2.6981220690663035,1.5643000531817663,,,,,2.4387821437944903,2.483549392285967,2.403125889040944,,,,,2.9377829620035354,2.1024797281957914,2.4208692195464336,-0.595642340870512,535.3828125,2.0,right,1.0,0.0187499999999545,shorter_than_100ms_review_timing_anchor,False,,-1.1015625,-0.10546875,-102.72891235351562,46.8139533996582,-65.58568572998047,9.000127792358398,-117.05646514892578,10.61037540435791,,2.7892844171791666,2.129431720589715,,0.17460819718842388,-0.06474091460941689,-1.0,
VisualCogB_Task-2,61,47.0,VisualCogB_Task-2:q1_047,541.55859375,1,right,unresolved_from_allowed_channels,pre_response_100ms_end,2.21484375,543.7734375,0,0,0,256,256.0,,,,,3.635375555088385,3.765929161469132,2.586736621611762,,,,,2.205382815441148,3.762717171760068,2.513323604893249,,,,,2.5164670862305627,3.5926195568343435,2.016158264371509,-0.1733096046347886,543.7734375,-2.0,left,-1.0,0.0148437499999545,shorter_than_100ms_review_timing_anchor,False,,-1.1015625,-0.10546875,-14.787540435791016,29.79982185363769,-26.290557861328125,14.294391632080078,-25.07171630859375,19.267433166503903,,2.785741818920032,2.3720728302921734,,0.17127023999735402,0.22972125330754856,1.0,
VisualCogB_Task-2,62,48.0,VisualCogB_Task-2:q1_048,550.30859375,-1,left,unresolved_from_allowed_channels,pre_response_100ms_end,2.21484375,552.5234375,0,0,0,256,256.0,,,,,2.42302068539689,3.422750523175824,1.5524719524278636,,,,,2.131200570408536,3.0915406088915955,1.7445308415263776,,,,,2.1874197356971483,2.841817235448145,1.1665687882819524,-0.5809332877276794,552.5234375,-2.0,left,-1.0,0.0148437499999545,shorter_than_100ms_review_timing_anchor,False,,-1.1015625,-0.10546875,-22.50288772583008,28.532909393310547,-16.475299835205078,24.026561737060547,-41.612918853759766,27.627168655395508,,2.2472136638341915,1.487857194078731,,-0.3361493984635681,-0.8433370320949886,-1.0,
VisualCogB_Task-2,63,49.0,VisualCogB_Task-2:q1_049,559.08984375,-1,left,unresolved_from_allowed_channels,pre_response_100ms_end,2.21875,561.30859375,0,0,0,256,256.0,,,,,2.1135023935544304,2.651980196428107,2.5435396086392834,,,,,2.440968954623618,2.186464566063831,2.134431940320137,,,,,1.8322871152563132,2.0096813646247726,2.0855862831121232,-0.6422988318033345,561.30859375,-2.0,left,-1.0,0.0187499999999545,shorter_than_100ms_review_timing_anchor,False,,-1.1015625,-0.10546875,-45.19922637939453,117.36687469482422,-93.6089859008789,52.2676887512207,-88.6289291381836,92.01808166503906,,2.1289194878114537,2.2545192773571814,,-0.4476102152521025,0.08706169291390116,-1.0,
VisualCogB_Task-2,64,50.0,VisualCogB_Task-2:q1_050,567.546875,1,right,unresolved_from_allowed_channels,pre_response_100ms_end,2.21484375,569.76171875,0,0,0,256,256.0,,,,,3.057300377979701,2.655475984128978,2.551649654589728,,,,,2.701918564629754,2.195996482746156,2.183850481982613,,,,,2.5473788474853296,1.688491294136084,1.962379615083726,-0.9669846899928938,569.76171875,-2.0,left,-1.0,0.0148437499999545,shorter_than_100ms_review_timing_anchor,False,,-1.1015625,-0.10546875,-193.6400146484375,219.10086059570312,-178.26876831054688,89.07571411132812,-256.8191223144531,218.9616851806641,,2.7688659300315948,2.232626583885356,,0.15536920054824185,0.06049335917539936,1.0,
VisualCogB_Task-2,65,,,575.984375,1,right,unresolved_from_allowed_channels,pre_response_100ms_end,2.21875,578.203125,0,0,0,256,256.0,,,,,2.898639297275447,3.248719236282308,2.812201658037805,,,,,3.460156115907854,3.4807087330446707,2.7044990249914664,,,,,3.217959983225976,2.8997929477516453,2.507705808375456,-0.3489262885306625,578.203125,2.0,right,1.0,0.0187499999999545,shorter_than_100ms_review_timing_anchor,False,,-1.1015625,-0.10546875,175.35205078125,31.388208389282227,104.10804748535156,21.600303649902344,204.84898376464844,25.366361618041992,,3.1922517988030923,2.674802163801576,,0.5542978404579834,0.597104735630674,1.0,
VisualCogB_Task-2,66,51.0,VisualCogB_Task-2:q1_051,584.58203125,1,right,unresolved_from_allowed_channels,pre_response_100ms_end,2.21484375,586.796875,0,0,0,256,256.0,,,,,1.9836044933686363,1.5955271664474169,2.491637267303866,,,,,1.4106803964840948,2.0634871642260366,2.798213869944738,,,,,0.4801037763432463,2.086387916716762,2.8732884954000704,0.4908607502693449,586.796875,-2.0,left,-1.0,0.0148437499999545,shorter_than_100ms_review_timing_anchor,False,,-1.1015625,-0.10546875,73.37919616699219,22.24811744689941,47.34610366821289,14.544212341308594,117.35055541992188,34.89862060546875,,1.2914628887319923,2.721046544216225,,-1.2366904531532734,0.6532255658048051,1.0,
VisualCogB_Task-2,67,52.0,VisualCogB_Task-2:q1_052,593.06640625,1,right,unresolved_from_allowed_channels,pre_response_100ms_end,2.21875,595.28515625,0,0,0,256,256.0,,,,,1.1225942760893148,1.5276198001624155,1.7432716750176664,,,,,1.3804710263140938,1.1991668645923443,1.9970480368436243,,,,,1.351091161988584,1.1691849076013685,1.889544072191237,-0.3584348925610472,595.28515625,-2.0,left,-1.0,0.0187499999999545,shorter_than_100ms_review_timing_anchor,False,,-1.1015625,-0.10546875,104.46134185791016,66.616455078125,99.12928009033205,23.874696731567383,115.96472930908205,39.36989974975586,,1.2847188214639973,1.8766212613508426,,-1.2430449438935702,-0.3715443082752663,1.0,
VisualCogB_Task-2,68,53.0,VisualCogB_Task-2:q1_053,601.7109375,-1,left,unresolved_from_allowed_channels,pre_response_100ms_end,2.21484375,603.92578125,0,0,0,256,256.0,,,,,2.867721390446172,3.695523427252275,2.534365499557555,,,,,2.440263290384714,3.578280188478279,3.2496784797199023,,,,,2.0712655352123504,3.173598818551453,3.388330533409857,-0.521924608700822,603.92578125,2.0,right,1.0,0.0148437499999545,shorter_than_100ms_review_timing_anchor,False,,-1.1015625,-0.10546875,-4.2367682456970215,12.933775901794434,-25.693687438964844,13.775467872619627,23.788055419921875,8.737448692321777,,2.4597500720144123,3.0574581708957713,,-0.13589032866358658,1.061484895915874,-1.0,
VisualCogB_Task-2,69,54.0,VisualCogB_Task-2:q1_054,610.2890625,-1,left,unresolved_from_allowed_channels,pre_response_100ms_end,2.21875,612.5078125,0,0,0,256,256.0,,,,,1.3274528693997951,2.223002511645625,1.5821706647068636,,,,,2.0972929800135165,2.9965525995858613,1.102331124364199,,,,,1.807619563032162,2.3573715669015383,1.5219948832118293,0.1343690552559131,612.5078125,2.0,right,1.0,0.0187499999999545,shorter_than_100ms_review_timing_anchor,False,,-1.1015625,-0.10546875,-32.31841278076172,30.56200790405273,-38.38254165649414,9.322521209716797,-41.80968475341797,23.98284912109375,,1.7441218041484914,1.4021655574276306,,-0.81017974793278,-0.9473299009521172,-1.0,
VisualCogB_Task-2,70,55.0,VisualCogB_Task-2:q1_055,618.68359375,1,right,unresolved_from_allowed_channels,pre_response_100ms_end,2.21875,620.90234375,0,0,0,256,256.0,,,,,2.8863674428330777,2.9076541599449626,2.28320986233736,,,,,3.1901096689455524,3.5582055628268114,2.363709333909009,,,,,1.9635982939217531,3.01507546368408,2.224671293945604,0.1074213037391174,620.90234375,2.0,right,1.0,0.0187499999999545,shorter_than_100ms_review_timing_anchor,False,,-1.1015625,-0.10546875,-32.29547119140625,51.70731735229492,-9.205215454101562,59.45014953613281,-27.76646423339844,73.23785400390625,,2.680025135233461,2.2905301633973245,,0.07166036647648492,0.13076345303606027,1.0,
VisualCogB_Task-2,71,56.0,VisualCogB_Task-2:q1_056,627.40234375,1,right,unresolved_from_allowed_channels,pre_response_100ms_end,2.21875,629.62109375,0,0,0,256,256.0,,,,,2.7154113899702867,3.772137132491909,2.8065059556609087,,,,,3.4958865149502976,4.693182775833048,3.8968529190831727,,,,,3.3384488059246684,4.043057346911089,3.4802165019681324,0.2709202144191804,629.62109375,2.0,right,1.0,0.0187499999999545,shorter_than_100ms_review_timing_anchor,False,,-1.1015625,-0.10546875,84.00788879394531,43.87864685058594,6.113504409790039,55.55000305175781,58.67577362060547,54.82080078125,,3.1832489036150844,3.3945251255707376,,0.5458150048285771,1.4705395129528254,1.0,
VisualCogB_Task-2,72,57.0,VisualCogB_Task-2:q1_057,635.828125,1,right,unresolved_from_allowed_channels,pre_response_100ms_end,2.21484375,638.04296875,0,0,0,256,256.0,,,,,3.732019384533272,2.514325765376536,1.6707617225157672,,,,,4.922014335652044,3.5840022273279084,1.4678425189012845,,,,,4.346338159857275,3.58752266512836,1.8173884314743856,1.073196899751824,638.04296875,2.0,right,1.0,0.0148437499999545,shorter_than_100ms_review_timing_anchor,False,,-1.1015625,-0.10546875,-15.115682601928713,25.02145004272461,13.767816543579102,19.57203865051269,10.555831909179688,19.88786125183105,,4.33345729334753,1.651997557630479,,1.6295806719731782,-0.6441410782296455,1.0,
VisualCogB_Task-2,73,58.0,VisualCogB_Task-2:q1_058,644.390625,-1,left,unresolved_from_allowed_channels,pre_response_100ms_end,2.21875,646.609375,0,0,0,256,256.0,,,,,2.416199253467628,3.2151098438930577,2.0772757950118392,,,,,1.1007323718177076,3.721403082067871,2.065056311430898,,,,,1.4999718008468734,3.6358160901520233,1.7018103418979615,0.4207062462589657,646.609375,2.0,right,1.0,0.0187499999999545,shorter_than_100ms_review_timing_anchor,False,,-1.1015625,-0.10546875,-41.173370361328125,43.50429153442383,-58.12760162353516,32.576751708984375,-57.782981872558594,50.88999557495117,,1.6723011420440697,1.9480474827802328,,-0.8778516311108113,-0.28486353091644795,-1.0,
VisualCogB_Task-2,74,59.0,VisualCogB_Task-2:q1_059,652.97265625,-1,left,unresolved_from_allowed_channels,pre_response_100ms_end,2.21875,655.19140625,0,0,0,256,256.0,,,,,2.729204013101147,3.38307247300384,2.873787555450031,,,,,3.4258353487552355,3.2577231178997965,2.6913652451679546,,,,,3.1706245188094955,3.423496499776658,2.101434318187619,0.0404240267728179,655.19140625,2.0,right,1.0,0.0187499999999545,shorter_than_100ms_review_timing_anchor,False,,-1.1015625,-0.10546875,-94.94448852539062,95.10851287841795,-125.10743713378906,46.88108444213867,-132.74905395507812,68.29916381835938,,3.108554626888626,2.5555290396018684,,0.4754355037129891,0.45235835374533145,-1.0,
VisualCogB_Task-2,75,60.0,VisualCogB_Task-2:q1_060,661.7109375,1,right,unresolved_from_allowed_channels,pre_response_100ms_end,2.21484375,663.92578125,0,0,0,256,256.0,,,,,2.0115800962892183,1.7089750756788975,2.6263480762006206,,,,,2.378517752072956,2.063319774530627,2.7590585351218584,,,,,2.173212489598135,1.957900699560148,2.5049107452564754,0.2489256238812507,663.92578125,-2.0,left,-1.0,0.0148437499999545,shorter_than_100ms_review_timing_anchor,False,,-1.1015625,-0.10546875,53.8543701171875,34.219947814941406,19.078636169433597,45.046295166015625,92.59817504882812,62.06772232055664,,2.1877701126534363,2.630105785526318,,-0.3921591445912598,0.5428625156659348,1.0,
VisualCogB_Task-2,76,61.0,VisualCogB_Task-2:q1_061,670.5703125,1,right,unresolved_from_allowed_channels,pre_response_100ms_end,2.21875,672.7890625,0,0,0,256,256.0,,,,,2.481649105833487,2.829751456761987,2.490491706629563,,,,,3.0187403882517945,3.274821621073631,2.081755556919646,,,,,2.242951928833765,2.7371512035638013,2.23027115071627,-0.0926002531981855,672.7890625,-2.0,left,-1.0,0.0187499999999545,shorter_than_100ms_review_timing_anchor,False,,-1.1015625,-0.10546875,-47.34285354614258,37.60383605957031,-44.90616607666016,17.40546226501465,-41.607666015625,23.050682067871094,,2.581113807639682,2.267506138088493,,-0.021537267878073602,0.10282216800432237,1.0,
VisualCogB_Task-2,77,62.0,VisualCogB_Task-2:q1_062,678.91796875,-1,left,unresolved_from_allowed_channels,pre_response_100ms_end,2.21484375,681.1328125,0,0,0,256,256.0,,,,,0.4423202378640667,2.7232119542201803,2.546499854668208,,,,,1.3124356141750455,2.526884357833372,2.730682365767189,,,,,1.7070009011625749,1.972781430916456,2.3998610885243146,-0.7504305233037241,681.1328125,-2.0,left,-1.0,0.0148437499999545,shorter_than_100ms_review_timing_anchor,False,,-1.1015625,-0.10546875,-218.3332672119141,57.39934539794922,-145.47991943359375,48.64085006713867,-232.7183532714844,66.44439697265625,,1.1539189177338958,2.5590144363199037,,-1.3662890848630842,0.4565881294618285,-1.0,
VisualCogB_Task-2,78,,,687.55859375,-1,left,unresolved_from_allowed_channels,pre_response_100ms_end,2.21875,689.77734375,0,0,0,256,256.0,,,,,1.25681680868796,0.7024831058796326,1.996280138580383,,,,,1.6987254855011524,1.4449617909075638,2.2055987306642537,,,,,2.0644073239651983,0.4333738202675216,2.0117539018069,-0.2691092856121109,689.77734375,2.0,right,1.0,0.0187499999999545,shorter_than_100ms_review_timing_anchor,False,,-1.1015625,-0.10546875,39.43758392333984,60.2835693359375,39.43827438354492,54.21643829345703,59.25767517089844,41.66366958618164,,1.6733165393847702,2.0712109236838456,,-0.8768948890228692,-0.13539597423957775,-1.0,
VisualCogB_Task-2,79,63.0,VisualCogB_Task-2:q1_063,696.625,-1,left,unresolved_from_allowed_channels,pre_response_100ms_end,2.21484375,698.83984375,0,0,0,256,256.0,,,,,3.6594580397523706,2.0098180120722997,1.871043724871937,,,,,3.6461309671458166,1.7217477453382513,2.339622344526328,,,,,3.146046444163676,2.1073356308470093,2.351567909857084,0.0975176187747099,698.83984375,2.0,right,1.0,0.0148437499999545,shorter_than_100ms_review_timing_anchor,False,,-1.1015625,-0.10546875,-5.828028202056885,29.867462158203125,-23.23040008544922,35.03182601928711,-35.43206787109375,38.7136116027832,,3.483878483687288,2.1874113264184496,,0.8290784728390488,0.005621442570024276,-1.0,
VisualCogB_Task-2,80,,,705.25,1,right,unresolved_from_allowed_channels,pre_response_100ms_end,2.21484375,707.46484375,0,0,0,256,256.0,,,,,1.6174381580379378,1.7258196785933773,2.1997404966791017,,,,,0.4488649690420792,1.5591573415625086,1.6813600942435825,,,,,0.2862526401002496,0.773126248784933,1.29000997733394,-0.9526934298084444,707.46484375,-2.0,left,-1.0,0.0148437499999545,shorter_than_100ms_review_timing_anchor,False,,-1.1015625,-0.10546875,-7.642780780792236,15.47191333770752,9.932498931884766,10.528636932373049,-1.5190176963806152,4.705092906951904,,0.7841852557267556,1.7237035227522082,,-1.7146647813437836,-0.5571208120916659,1.0,
VisualCogB_Task-2,81,,,713.75390625,-1,left,unresolved_from_allowed_channels,pre_response_100ms_end,2.21484375,715.96875,0,0,0,256,256.0,,,,,3.5206498871814174,4.072548336148878,3.266205587731498,,,,,3.942476909770358,5.001990469958921,3.4782409205218925,,,,,3.5186074745556213,4.532736672624349,2.543874389208597,0.4601883364754711,715.96875,-2.0,left,-1.0,0.0148437499999545,shorter_than_100ms_review_timing_anchor,False,,-1.1015625,-0.10546875,92.61054229736328,19.819843292236328,94.60334777832033,15.765029907226562,77.82347106933594,42.66259002685547,,3.660578090502465,3.096106965820663,,0.9955708832350337,1.1083879452586558,-1.0,
VisualCogB_Task-2,82,64.0,VisualCogB_Task-2:q1_064,722.36328125,1,right,unresolved_from_allowed_channels,pre_response_100ms_end,2.21484375,724.578125,0,0,0,256,256.0,,,,,5.050751047394787,3.397016578954376,2.292388146933486,,,,,4.715772734547682,3.3424992684095187,2.3375954968275496,,,,,4.794214645749864,2.810328878397622,2.089314156633399,-0.5866877005567535,724.578125,-2.0,left,-1.0,0.0148437499999545,shorter_than_100ms_review_timing_anchor,False,,-1.1015625,-0.10546875,30.222700119018555,27.815086364746094,16.582073211669922,27.430055618286133,29.12065887451172,28.182186126708984,,4.853579475897444,2.2397659334648115,,2.119657573863135,0.06915746542376554,1.0,
VisualCogB_Task-2,83,65.0,VisualCogB_Task-2:q1_065,730.95703125,-1,left,unresolved_from_allowed_channels,pre_response_100ms_end,2.21875,733.17578125,0,0,0,256,256.0,,,,,3.014066807908636,2.0949760899156877,1.190041903576999,,,,,3.0061110754248177,2.1530122234391555,1.6814023885316398,,,,,2.592386443431073,2.4214841012216497,1.378148400220896,0.3265080113059624,733.17578125,-2.0,left,-1.0,0.0187499999999545,shorter_than_100ms_review_timing_anchor,False,,-1.1015625,-0.10546875,40.61287307739258,28.06492805480957,23.265195846557617,25.70452308654785,19.57787704467773,28.32853889465332,,2.870854775588176,1.4165308974431783,,0.2514665775388993,-0.9298965436408617,-1.0,
VisualCogB_Task-2,84,,,739.6015625,-1,left,unresolved_from_allowed_channels,pre_response_100ms_end,2.21484375,741.81640625,0,0,0,256,256.0,,,,,3.119494009651492,2.3609265668640385,2.2059714830515365,,,,,3.782347126533205,3.329663211255658,2.4877589249801217,,,,,3.692272385574221,3.4515588504955166,2.0311267860578064,1.090632283631478,741.81640625,2.0,right,1.0,0.0148437499999545,shorter_than_100ms_review_timing_anchor,False,,-1.1015625,-0.10546875,-258.9353942871094,108.86988067626952,-112.51699829101562,39.77103805541992,-225.72203063964844,72.657958984375,,3.531371173919639,2.241619064696488,,0.8738277092153623,0.07140637139268116,-1.0,
VisualCogB_Task-2,85,66.0,VisualCogB_Task-2:q1_066,748.3984375,1,right,unresolved_from_allowed_channels,pre_response_100ms_end,2.21875,750.6171875,0,0,0,256,256.0,,,,,2.1608970774577085,2.7492042288358847,2.819149198709403,,,,,2.896068059998222,3.37255389193662,2.8331105392026017,,,,,2.7719803597047386,3.561700342749951,2.3373199796409247,0.8124961139140665,750.6171875,2.0,right,1.0,0.0187499999999545,shorter_than_100ms_review_timing_anchor,False,,-1.1015625,-0.10546875,-17.3724365234375,17.467355728149414,-27.583023071289062,17.721818923950195,-32.739990234375,17.06883430480957,,2.6096484990535562,2.66319323918431,,0.0053490938916542835,0.5830164835855995,1.0,
VisualCogB_Task-2,86,67.0,VisualCogB_Task-2:q1_067,756.93359375,-1,left,unresolved_from_allowed_channels,pre_response_100ms_end,2.21484375,759.1484375,0,0,0,256,256.0,,,,,1.8470823569283428,2.179346942989181,2.292899283254778,,,,,2.359073540843448,2.617780471056365,2.2297759986571517,,,,,2.4129524705927983,2.54531905421054,2.1696696904732025,0.365972111221359,759.1484375,2.0,right,1.0,0.0148437499999545,shorter_than_100ms_review_timing_anchor,False,,-1.1015625,-0.10546875,207.1846923828125,48.0185546875,149.9908905029297,25.824115753173828,169.22015380859375,30.986852645874023,,2.2063694561215295,2.2307816574617108,,-0.37463420731720776,0.05825441032200841,-1.0,
VisualCogB_Task-2,87,68.0,VisualCogB_Task-2:q1_068,765.33984375,1,right,unresolved_from_allowed_channels,pre_response_100ms_end,2.21875,767.55859375,0,0,0,256,256.0,,,,,2.8933523214734844,3.023577265211777,1.5461482243382438,,,,,2.920809040580153,3.485391695671854,2.089323476411021,,,,,2.9904114257086114,3.152753386528974,1.5243124683528153,0.1291761213171969,767.55859375,2.0,right,1.0,0.0187499999999545,shorter_than_100ms_review_timing_anchor,False,,-1.1015625,-0.10546875,130.47927856445312,38.943138122558594,78.06500244140625,15.103620529174805,152.718505859375,36.07517623901367,,2.9348575959207497,1.71992805636736,,0.3117722229298209,-0.5617026078885252,1.0,
VisualCogB_Task-2,88,69.0,VisualCogB_Task-2:q1_069,773.765625,-1,left,unresolved_from_allowed_channels,pre_response_100ms_end,2.21484375,775.98046875,0,0,0,256,256.0,,,,,2.082045245943738,2.1134220416275857,1.7079803582202395,,,,,2.744164136416808,2.994360182991947,1.656879063506909,,,,,2.9088410501019824,2.58717688793915,1.091848236540353,0.4737548463115644,775.98046875,-2.0,left,-1.0,0.0148437499999545,shorter_than_100ms_review_timing_anchor,False,,-1.1015625,-0.10546875,95.87136840820312,135.30270385742188,-53.78440475463867,125.8358154296875,4.1152191162109375,186.05979919433597,,2.5783501441541765,1.4855692194225005,,-0.024141286095875642,-0.846113651350641,-1.0,
VisualCogB_Task-2,89,70.0,VisualCogB_Task-2:q1_070,782.28125,1,right,unresolved_from_allowed_channels,pre_response_100ms_end,2.21875,784.5,0,0,0,256,256.0,,,,,3.0385439971019954,1.4975893226120285,3.330295425947755,,,,,3.043434239650616,2.394637162548625,3.616760814464339,,,,,3.271646580488959,2.1361141956212064,3.264663865020169,0.6385248730091782,784.5,2.0,right,1.0,0.0187499999999545,shorter_than_100ms_review_timing_anchor,False,,-1.1015625,-0.10546875,-87.93840026855469,13.735220909118652,-88.45576477050781,18.209789276123047,-87.83600616455078,17.815231323242188,,3.1178749390805236,3.4039067018107545,,0.4842174204950405,1.4819247200247072,1.0,
VisualCogB_Task-2,90,,,790.80078125,-1,left,unresolved_from_allowed_channels,pre_response_100ms_end,2.21484375,793.015625,0,0,0,256,256.0,,,,,2.58311639048737,3.072574965777413,2.2487568613125823,,,,,2.4265994440982213,2.927088066959225,2.67427248200432,,,,,1.7055646803346387,2.227666408919305,2.1874692578256143,-0.8449085568581083,793.015625,2.0,right,1.0,0.0148437499999545,shorter_than_100ms_review_timing_anchor,False,,-1.1015625,-0.10546875,70.60028076171875,219.755126953125,-69.69622039794922,120.55818176269533,-14.057918548583984,164.006591796875,,2.2384268383067436,2.370166200380839,,-0.3444286458719903,0.22740742290265392,-1.0,
VisualCogB_Task-2,91,71.0,VisualCogB_Task-2:q1_071,799.19140625,-1,left,unresolved_from_allowed_channels,pre_response_100ms_end,2.21875,801.41015625,0,0,0,256,256.0,,,,,2.7855853603217224,2.804548160935237,2.5589644087836785,,,,,1.4964168438438914,1.3066480718398934,2.6335371406225234,,,,,2.2642731598585017,2.532986721158502,2.883538413949178,-0.2715614397767352,801.41015625,-2.0,left,-1.0,0.0187499999999545,shorter_than_100ms_review_timing_anchor,False,,-1.1015625,-0.10546875,-102.96270751953124,116.69042205810548,-110.82371520996094,37.85062789916992,-135.69937133789062,79.29155731201172,,2.1820917880080386,2.6920133211184605,,-0.39750945619785016,0.6179916937479711,-1.0,
VisualCogB_Task-2,92,72.0,VisualCogB_Task-2:q1_072,807.8828125,1,right,unresolved_from_allowed_channels,pre_response_100ms_end,2.21484375,810.09765625,0,0,0,256,256.0,,,,,2.3864088891804287,0.7008160849931994,2.155774148571165,,,,,2.342617388349592,1.539426709827295,2.2495680800096167,,,,,2.0312465809673768,1.6713697159498484,1.8644111442712423,0.970553630956649,810.09765625,2.0,right,1.0,0.0148437499999545,shorter_than_100ms_review_timing_anchor,False,,-1.1015625,-0.10546875,-28.94842529296875,11.637615203857422,-2.597593307495117,8.040942192077637,-10.809087753295898,7.418783187866211,,2.2534242861657994,2.089917790950675,,-0.33029753777929344,-0.11269386618756501,1.0,
VisualCogB_Task-2,93,73.0,VisualCogB_Task-2:q1_073,816.2578125,-1,left,unresolved_from_allowed_channels,pre_response_100ms_end,2.21875,818.4765625,0,0,0,256,256.0,,,,,2.4869153385195872,2.667229703196343,2.3553785039626063,,,,,1.7393741839632162,3.165076500760705,1.911657990928201,,,,,2.198986263563742,3.188130758248793,1.884621183398888,0.5209010550524504,818.4765625,2.0,right,1.0,0.0187499999999545,shorter_than_100ms_review_timing_anchor,False,,-1.1015625,-0.10546875,-17.968172073364258,17.301959991455078,-9.494003295898438,9.336414337158203,-14.145333290100098,18.741416931152344,,2.1417585953488483,2.0505525594298986,,-0.43551276919796406,-0.16046636206996262,-1.0,
VisualCogB_Task-2,94,74.0,VisualCogB_Task-2:q1_074,825.07421875,1,right,unresolved_from_allowed_channels,pre_response_100ms_end,2.21484375,827.2890625,0,0,0,256,256.0,,,,,3.240052766940695,2.9247494775859324,2.1014865998504324,,,,,2.578872074867865,3.58941226150406,1.8491081748591784,,,,,2.63709623001778,3.628940065404775,1.589385565552517,0.7041905878188426,827.2890625,2.0,right,1.0,0.0148437499999545,shorter_than_100ms_review_timing_anchor,False,,-1.1015625,-0.10546875,15.470458984375,266.7319641113281,62.45678329467773,157.31173706054688,49.19740295410156,231.61843872070312,,2.81867369060878,1.8466601134207092,,0.20229977534909868,-0.40790428282206337,1.0,
VisualCogB_Task-2,95,75.0,VisualCogB_Task-2:q1_075,833.44921875,1,right,unresolved_from_allowed_channels,pre_response_100ms_end,2.21875,835.66796875,0,0,0,256,256.0,,,,,2.6171455853255927,2.4205914529302293,2.1377208850138243,,,,,2.7720054149199767,2.530523905784825,2.0482449705078367,,,,,2.6507683853399557,2.6708711440511967,1.8830830382294568,0.2502796911209675,835.66796875,-2.0,left,-1.0,0.0187499999999545,shorter_than_100ms_review_timing_anchor,False,,-1.1015625,-0.10546875,-5.492244720458984,150.7694091796875,-73.34764862060547,86.59548950195312,-72.75885772705078,112.2590560913086,,2.6799731285285078,2.023016297917039,,0.07161136398111735,-0.1938835652444291,1.0,
VisualCogB_Task-2,96,76.0,VisualCogB_Task-2:q1_076,842.38671875,-1,left,unresolved_from_allowed_channels,pre_response_100ms_end,2.21875,844.60546875,0,0,0,256,256.0,,,,,3.149834819930976,3.806574403811498,2.323311426767038,,,,,3.0888603135528667,3.2683488867467902,2.767996086505199,,,,,3.5932984673245723,2.734413046172589,2.3774468046507544,-1.072161357638909,844.60546875,-2.0,left,-1.0,0.0187499999999545,shorter_than_100ms_review_timing_anchor,False,,-1.1015625,-0.10546875,186.62196350097656,35.66986846923828,144.12246704101562,36.910770416259766,170.65008544921875,39.38790512084961,,3.277331200269472,2.489584772640997,,0.6344625611412699,0.3723303163084564,-1.0,
VisualCogB_Task-2,97,77.0,VisualCogB_Task-2:q1_077,851.328125,-1,left,unresolved_from_allowed_channels,pre_response_100ms_end,2.21875,853.546875,0,0,0,256,256.0,,,,,3.8303759471572687,3.524871137437959,1.672329308506509,,,,,4.375176460437023,4.074429315295563,2.021475136065197,,,,,4.209968889980791,3.53976022553384,2.440003852786951,0.0148890880958809,853.546875,-2.0,left,-1.0,0.0187499999999545,shorter_than_100ms_review_timing_anchor,False,,-1.1015625,-0.10546875,7.290276527404785,15.80776596069336,3.737621307373047,15.59347152709961,6.086170196533203,18.621814727783203,,4.138507099191695,2.044602765786219,,1.445891934249386,-0.16768685795841623,-1.0,
VisualCogB_Task-2,98,78.0,VisualCogB_Task-2:q1_078,859.953125,1,right,unresolved_from_allowed_channels,pre_response_100ms_end,2.21875,862.171875,0,0,0,256,256.0,,,,,4.605096478579489,2.8805512498655936,2.705573019903102,,,,,4.731823650287154,3.048138802735624,2.3921701774396555,,,,,5.28762937409262,3.265193695276332,2.474484554853801,0.3846424454107384,862.171875,-2.0,left,-1.0,0.0187499999999545,shorter_than_100ms_review_timing_anchor,False,,-1.1015625,-0.10546875,142.06552124023438,38.49237823486328,118.1982879638672,35.7635612487793,128.98583984375,36.09629821777344,,4.874849834319754,2.524075917398853,,2.13969923274142,0.41418776277245617,1.0,
VisualCogB_Task-2,99,79.0,VisualCogB_Task-2:q1_079,868.45703125,-1,left,unresolved_from_allowed_channels,pre_response_100ms_end,2.21484375,870.671875,0,0,0,256,256.0,,,,,3.267640695331186,3.277632545430774,1.825728243147516,,,,,3.0310358022855937,2.783560001259795,1.9812978155996583,,,,,3.068158913927375,1.8923223377882012,2.300036510174013,-1.3853102076425725,870.671875,2.0,right,1.0,0.0148437499999545,shorter_than_100ms_review_timing_anchor,False,,-1.1015625,-0.10546875,-89.93551635742188,52.682525634765625,-50.472652435302734,45.7154541015625,-55.200660705566406,47.05817794799805,,3.1222784705147184,2.035687522973729,,0.48836657835649766,-0.17850613639516247,-1.0,
