record,original_trial_index,cue_sample_index,cue_time_s,cue_side,cue_side_text,target_time_s,target_time_source,task_type,q1_trial_index,q1_trial_key,q1_mapping_error_s,q1_final_drop,eeg_quality,response_channel_label,response_event_count,response_raw,response_code,t_act_s,response_time_s,response_side,choice_side,choice_side_text,response_decode_status,response_declared_code,response_bout_code_sequence,response_analysis_window_start_s,response_analysis_window_end_s,response_analysis_window_start_sample_index,response_analysis_window_end_sample_index_exclusive,response_window_fully_observed,response_nonzero_sample_count_in_analysis_window,response_present_in_analysis_window,response_declared_code_sample_count_in_analysis_window,response_declared_code_time_in_analysis_window_s,analysis_window_observation_status,response_duration_s,response_bout_end_time_s,cue_direction,target_time_schedule_proxy_s,scheduled_rt_proxy_s,reaction_time_s,rt_status,cue_response_direction_consistent,direction_consistency_status,cue_interval_action_marker_count,has_channel9_action_marker_in_cue_interval,response_marker_present,behavior_label_status,eeg_trial_available,q1_quality_pass,response_pre_window_available,deadline_s
VisualCogA_Task-1,0,5162,20.1640625,-1,left,22.3640625,0.2s_cue_plus_approx_2.0s_wait_schedule_assumption,unresolved_from_allowed_channels,0.0,VisualCogA_Task-1:q1_000,0.0,0,retained_by_q1,Action:L-1/R+1,1,-1.0,-2,22.4921875,22.4921875,left,-1,left,decoded_from_declared_channel_code,-1.0,-1,19.1640625,25.1640625,4906,6443,True,498,True,498,22.4921875,declared_response_code_observed,1.9453125,24.4375,-1,22.3640625,0.1281250000000007,,schedule_proxy_only_not_verified_rt,1,channel8_channel9_same_or_different_direction_only,1,1,True,cue_response_direction_comparable,True,True,True,
VisualCogA_Task-1,1,7538,29.4453125,1,right,31.6453125,0.2s_cue_plus_approx_2.0s_wait_schedule_assumption,unresolved_from_allowed_channels,1.0,VisualCogA_Task-1:q1_001,0.0,0,retained_by_q1,Action:L-1/R+1,1,1.0,2,31.66015625,31.66015625,right,1,right,decoded_from_declared_channel_code,1.0,1,28.4453125,34.4453125,7282,8819,True,302,True,302,31.66015625,declared_response_code_observed,1.1796875,32.83984375,1,31.6453125,0.0148437500000007,,under_100ms_from_schedule_proxy_review_anchor,1,channel8_channel9_same_or_different_direction_only,1,1,True,cue_response_direction_comparable,True,True,True,
VisualCogA_Task-1,2,9690,37.8515625,-1,left,40.0515625,0.2s_cue_plus_approx_2.0s_wait_schedule_assumption,unresolved_from_allowed_channels,,,,1,excluded_by_q1,Action:L-1/R+1,1,-1.0,-2,40.0703125,40.0703125,left,-1,left,decoded_from_declared_channel_code,-1.0,-1,36.8515625,42.8515625,9434,10971,True,309,True,309,40.0703125,declared_response_code_observed,1.20703125,41.27734375,-1,40.0515625,0.0187499999999971,,under_100ms_from_schedule_proxy_review_anchor,1,channel8_channel9_same_or_different_direction_only,1,1,True,cue_response_direction_comparable,False,False,True,
VisualCogA_Task-1,3,11851,46.29296875,-1,left,48.49296875,0.2s_cue_plus_approx_2.0s_wait_schedule_assumption,unresolved_from_allowed_channels,,,,1,excluded_by_q1,Action:L-1/R+1,1,-1.0,-2,48.5078125,48.5078125,left,-1,left,decoded_from_declared_channel_code,-1.0,-1,45.29296875,51.29296875,11595,13132,True,353,True,353,48.5078125,declared_response_code_observed,1.37890625,49.88671875,-1,48.49296875,0.0148437499999971,,under_100ms_from_schedule_proxy_review_anchor,1,channel8_channel9_same_or_different_direction_only,1,1,True,cue_response_direction_comparable,False,False,True,
VisualCogA_Task-1,4,14055,54.90234375,1,right,57.10234375,0.2s_cue_plus_approx_2.0s_wait_schedule_assumption,unresolved_from_allowed_channels,2.0,VisualCogA_Task-1:q1_002,0.0,0,retained_by_q1,Action:L-1/R+1,1,1.0,2,57.12109375,57.12109375,right,1,right,decoded_from_declared_channel_code,1.0,1,53.90234375,59.90234375,13799,15336,True,309,True,309,57.12109375,declared_response_code_observed,1.20703125,58.328125,1,57.10234375,0.0187499999999971,,under_100ms_from_schedule_proxy_review_anchor,1,channel8_channel9_same_or_different_direction_only,1,1,True,cue_response_direction_comparable,True,True,True,
VisualCogA_Task-1,5,16216,63.34375,-1,left,65.54375,0.2s_cue_plus_approx_2.0s_wait_schedule_assumption,unresolved_from_allowed_channels,3.0,VisualCogA_Task-1:q1_003,0.0,0,retained_by_q1,Action:L-1/R+1,1,-1.0,-2,65.55859375,65.55859375,left,-1,left,decoded_from_declared_channel_code,-1.0,-1,62.34375,68.34375,15960,17497,True,303,True,303,65.55859375,declared_response_code_observed,1.18359375,66.7421875,-1,65.54375,0.0148437499999971,,under_100ms_from_schedule_proxy_review_anchor,1,channel8_channel9_same_or_different_direction_only,1,1,True,cue_response_direction_comparable,True,True,True,
VisualCogA_Task-1,6,18368,71.75,-1,left,73.95,0.2s_cue_plus_approx_2.0s_wait_schedule_assumption,unresolved_from_allowed_channels,4.0,VisualCogA_Task-1:q1_004,0.0,0,retained_by_q1,Action:L-1/R+1,1,-1.0,-2,73.96875,73.96875,left,-1,left,decoded_from_declared_channel_code,-1.0,-1,70.75,76.75,18112,19649,True,370,True,370,73.96875,declared_response_code_observed,1.4453125,75.4140625,-1,73.95,0.0187499999999971,,under_100ms_from_schedule_proxy_review_anchor,1,channel8_channel9_same_or_different_direction_only,1,1,True,cue_response_direction_comparable,True,True,True,
VisualCogA_Task-1,7,20589,80.42578125,-1,left,82.62578125,0.2s_cue_plus_approx_2.0s_wait_schedule_assumption,unresolved_from_allowed_channels,5.0,VisualCogA_Task-1:q1_005,0.0,0,retained_by_q1,Action:L-1/R+1,1,-1.0,-2,82.640625,82.640625,left,-1,left,decoded_from_declared_channel_code,-1.0,-1,79.42578125,85.42578125,20333,21870,True,265,True,265,82.640625,declared_response_code_observed,1.03515625,83.67578125,-1,82.62578125,0.0148437499999971,,under_100ms_from_schedule_proxy_review_anchor,1,channel8_channel9_same_or_different_direction_only,1,1,True,cue_response_direction_comparable,True,True,True,
VisualCogA_Task-1,8,22705,88.69140625,1,right,90.89140625,0.2s_cue_plus_approx_2.0s_wait_schedule_assumption,unresolved_from_allowed_channels,6.0,VisualCogA_Task-1:q1_006,0.0,0,retained_by_q1,Action:L-1/R+1,1,1.0,2,90.90625,90.90625,right,1,right,decoded_from_declared_channel_code,1.0,1,87.69140625,93.69140625,22449,23986,True,300,True,300,90.90625,declared_response_code_observed,1.171875,92.078125,1,90.89140625,0.0148437499999971,,under_100ms_from_schedule_proxy_review_anchor,1,channel8_channel9_same_or_different_direction_only,1,1,True,cue_response_direction_comparable,True,True,True,
VisualCogA_Task-1,9,24854,97.0859375,1,right,99.2859375,0.2s_cue_plus_approx_2.0s_wait_schedule_assumption,unresolved_from_allowed_channels,7.0,VisualCogA_Task-1:q1_007,0.0,0,retained_by_q1,Action:L-1/R+1,1,1.0,2,99.30078125,99.30078125,right,1,right,decoded_from_declared_channel_code,1.0,1,96.0859375,102.0859375,24598,26135,True,396,True,396,99.30078125,declared_response_code_observed,1.546875,100.84765625,1,99.2859375,0.0148437499999971,,under_100ms_from_schedule_proxy_review_anchor,1,channel8_channel9_same_or_different_direction_only,1,1,True,cue_response_direction_comparable,True,True,True,
VisualCogA_Task-1,10,27102,105.8671875,1,right,108.0671875,0.2s_cue_plus_approx_2.0s_wait_schedule_assumption,unresolved_from_allowed_channels,8.0,VisualCogA_Task-1:q1_008,0.0,0,retained_by_q1,Action:L-1/R+1,1,1.0,2,108.08203125,108.08203125,right,1,right,decoded_from_declared_channel_code,1.0,1,104.8671875,110.8671875,26846,28383,True,301,True,301,108.08203125,declared_response_code_observed,1.17578125,109.2578125,1,108.0671875,0.0148437499999971,,under_100ms_from_schedule_proxy_review_anchor,1,channel8_channel9_same_or_different_direction_only,1,1,True,cue_response_direction_comparable,True,True,True,
VisualCogA_Task-1,11,29254,114.2734375,1,right,116.4734375,0.2s_cue_plus_approx_2.0s_wait_schedule_assumption,unresolved_from_allowed_channels,9.0,VisualCogA_Task-1:q1_009,0.0,0,retained_by_q1,Action:L-1/R+1,1,1.0,2,116.4921875,116.4921875,right,1,right,decoded_from_declared_channel_code,1.0,1,113.2734375,119.2734375,28998,30535,True,274,True,274,116.4921875,declared_response_code_observed,1.0703125,117.5625,1,116.4734375,0.0187499999999971,,under_100ms_from_schedule_proxy_review_anchor,1,channel8_channel9_same_or_different_direction_only,1,1,True,cue_response_direction_comparable,True,True,True,
VisualCogA_Task-1,12,31379,122.57421875,-1,left,124.77421875,0.2s_cue_plus_approx_2.0s_wait_schedule_assumption,unresolved_from_allowed_channels,10.0,VisualCogA_Task-1:q1_010,0.0,0,retained_by_q1,Action:L-1/R+1,1,-1.0,-2,124.7890625,124.7890625,left,-1,left,decoded_from_declared_channel_code,-1.0,-1,121.57421875,127.57421875,31123,32660,True,292,True,292,124.7890625,declared_response_code_observed,1.140625,125.9296875,-1,124.77421875,0.0148437499999971,,under_100ms_from_schedule_proxy_review_anchor,1,channel8_channel9_same_or_different_direction_only,1,1,True,cue_response_direction_comparable,True,True,True,
VisualCogA_Task-1,13,33520,130.9375,-1,left,133.1375,0.2s_cue_plus_approx_2.0s_wait_schedule_assumption,unresolved_from_allowed_channels,,,,1,excluded_by_q1,Action:L-1/R+1,1,-1.0,-2,133.15234375,133.15234375,left,-1,left,decoded_from_declared_channel_code,-1.0,-1,129.9375,135.9375,33264,34801,True,304,True,304,133.15234375,declared_response_code_observed,1.1875,134.33984375,-1,133.1375,0.0148437500000113,,under_100ms_from_schedule_proxy_review_anchor,1,channel8_channel9_same_or_different_direction_only,1,1,True,cue_response_direction_comparable,False,False,True,
VisualCogA_Task-1,14,35676,139.359375,1,right,141.559375,0.2s_cue_plus_approx_2.0s_wait_schedule_assumption,unresolved_from_allowed_channels,,,,1,excluded_by_q1,Action:L-1/R+1,1,1.0,2,141.57421875,141.57421875,right,1,right,decoded_from_declared_channel_code,1.0,1,138.359375,144.359375,35420,36957,True,264,True,264,141.57421875,declared_response_code_observed,1.03125,142.60546875,1,141.559375,0.0148437500000113,,under_100ms_from_schedule_proxy_review_anchor,1,channel8_channel9_same_or_different_direction_only,1,1,True,cue_response_direction_comparable,False,False,True,
VisualCogA_Task-1,15,37789,147.61328125,-1,left,149.81328125,0.2s_cue_plus_approx_2.0s_wait_schedule_assumption,unresolved_from_allowed_channels,11.0,VisualCogA_Task-1:q1_011,0.0,0,retained_by_q1,Action:L-1/R+1,1,-1.0,-2,149.828125,149.828125,left,-1,left,decoded_from_declared_channel_code,-1.0,-1,146.61328125,152.61328125,37533,39070,True,258,True,258,149.828125,declared_response_code_observed,1.0078125,150.8359375,-1,149.81328125,0.0148437500000113,,under_100ms_from_schedule_proxy_review_anchor,1,channel8_channel9_same_or_different_direction_only,1,1,True,cue_response_direction_comparable,True,True,True,
VisualCogA_Task-1,16,39897,155.84765625,1,right,158.04765625,0.2s_cue_plus_approx_2.0s_wait_schedule_assumption,unresolved_from_allowed_channels,12.0,VisualCogA_Task-1:q1_012,0.0,0,retained_by_q1,Action:L-1/R+1,1,1.0,2,158.06640625,158.06640625,right,1,right,decoded_from_declared_channel_code,1.0,1,154.84765625,160.84765625,39641,41178,True,359,True,359,158.06640625,declared_response_code_observed,1.40234375,159.46875,1,158.04765625,0.0187500000000113,,under_100ms_from_schedule_proxy_review_anchor,1,channel8_channel9_same_or_different_direction_only,1,1,True,cue_response_direction_comparable,True,True,True,
VisualCogA_Task-1,17,42110,164.4921875,-1,left,166.6921875,0.2s_cue_plus_approx_2.0s_wait_schedule_assumption,unresolved_from_allowed_channels,13.0,VisualCogA_Task-1:q1_013,0.0,0,retained_by_q1,Action:L-1/R+1,1,-1.0,-2,166.70703125,166.70703125,left,-1,left,decoded_from_declared_channel_code,-1.0,-1,163.4921875,169.4921875,41854,43391,True,320,True,320,166.70703125,declared_response_code_observed,1.25,167.95703125,-1,166.6921875,0.0148437500000113,,under_100ms_from_schedule_proxy_review_anchor,1,channel8_channel9_same_or_different_direction_only,1,1,True,cue_response_direction_comparable,True,True,True,
VisualCogA_Task-1,18,44282,172.9765625,-1,left,175.1765625,0.2s_cue_plus_approx_2.0s_wait_schedule_assumption,unresolved_from_allowed_channels,,,,1,excluded_by_q1,Action:L-1/R+1,1,-1.0,-2,175.19140625,175.19140625,left,-1,left,decoded_from_declared_channel_code,-1.0,-1,171.9765625,177.9765625,44026,45563,True,311,True,311,175.19140625,declared_response_code_observed,1.21484375,176.40625,-1,175.1765625,0.0148437500000113,,under_100ms_from_schedule_proxy_review_anchor,1,channel8_channel9_same_or_different_direction_only,1,1,True,cue_response_direction_comparable,False,False,True,
VisualCogA_Task-1,19,46443,181.41796875,1,right,183.61796875,0.2s_cue_plus_approx_2.0s_wait_schedule_assumption,unresolved_from_allowed_channels,,,,1,excluded_by_q1,Action:L-1/R+1,1,1.0,2,183.6328125,183.6328125,right,1,right,decoded_from_declared_channel_code,1.0,1,180.41796875,186.41796875,46187,47724,True,285,True,285,183.6328125,declared_response_code_observed,1.11328125,184.74609375,1,183.61796875,0.0148437500000113,,under_100ms_from_schedule_proxy_review_anchor,1,channel8_channel9_same_or_different_direction_only,1,1,True,cue_response_direction_comparable,False,False,True,
VisualCogA_Task-1,20,48579,189.76171875,-1,left,191.96171875,0.2s_cue_plus_approx_2.0s_wait_schedule_assumption,unresolved_from_allowed_channels,14.0,VisualCogA_Task-1:q1_014,0.0,0,retained_by_q1,Action:L-1/R+1,1,-1.0,-2,191.98046875,191.98046875,left,-1,left,decoded_from_declared_channel_code,-1.0,-1,188.76171875,194.76171875,48323,49860,True,245,True,245,191.98046875,declared_response_code_observed,0.95703125,192.9375,-1,191.96171875,0.0187500000000113,,under_100ms_from_schedule_proxy_review_anchor,1,channel8_channel9_same_or_different_direction_only,1,1,True,cue_response_direction_comparable,True,True,True,
VisualCogA_Task-1,21,50676,197.953125,-1,left,200.153125,0.2s_cue_plus_approx_2.0s_wait_schedule_assumption,unresolved_from_allowed_channels,,,,1,excluded_by_q1,Action:L-1/R+1,1,-1.0,-2,200.16796875,200.16796875,left,-1,left,decoded_from_declared_channel_code,-1.0,-1,196.953125,202.953125,50420,51957,True,328,True,328,200.16796875,declared_response_code_observed,1.28125,201.44921875,-1,200.153125,0.0148437500000113,,under_100ms_from_schedule_proxy_review_anchor,1,channel8_channel9_same_or_different_direction_only,1,1,True,cue_response_direction_comparable,False,False,True,
VisualCogA_Task-1,22,52856,206.46875,1,right,208.66875,0.2s_cue_plus_approx_2.0s_wait_schedule_assumption,unresolved_from_allowed_channels,,,,1,excluded_by_q1,Action:L-1/R+1,1,1.0,2,208.68359375,208.68359375,right,1,right,decoded_from_declared_channel_code,1.0,1,205.46875,211.46875,52600,54137,True,293,True,293,208.68359375,declared_response_code_observed,1.14453125,209.828125,1,208.66875,0.0148437500000113,,under_100ms_from_schedule_proxy_review_anchor,1,channel8_channel9_same_or_different_direction_only,1,1,True,cue_response_direction_comparable,False,False,True,
VisualCogA_Task-1,23,55001,214.84765625,-1,left,217.04765625,0.2s_cue_plus_approx_2.0s_wait_schedule_assumption,unresolved_from_allowed_channels,15.0,VisualCogA_Task-1:q1_015,0.0,0,retained_by_q1,Action:L-1/R+1,1,-1.0,-2,217.0625,217.0625,left,-1,left,decoded_from_declared_channel_code,-1.0,-1,213.84765625,219.84765625,54745,56282,True,282,True,282,217.0625,declared_response_code_observed,1.1015625,218.1640625,-1,217.04765625,0.0148437500000113,,under_100ms_from_schedule_proxy_review_anchor,1,channel8_channel9_same_or_different_direction_only,1,1,True,cue_response_direction_comparable,True,True,True,
VisualCogA_Task-1,24,57133,223.17578125,-1,left,225.37578125,0.2s_cue_plus_approx_2.0s_wait_schedule_assumption,unresolved_from_allowed_channels,16.0,VisualCogA_Task-1:q1_016,0.0,0,retained_by_q1,Action:L-1/R+1,1,-1.0,-2,225.390625,225.390625,left,-1,left,decoded_from_declared_channel_code,-1.0,-1,222.17578125,228.17578125,56877,58414,True,329,True,329,225.390625,declared_response_code_observed,1.28515625,226.67578125,-1,225.37578125,0.0148437500000113,,under_100ms_from_schedule_proxy_review_anchor,1,channel8_channel9_same_or_different_direction_only,1,1,True,cue_response_direction_comparable,True,True,True,
VisualCogA_Task-1,25,59314,231.6953125,1,right,233.8953125,0.2s_cue_plus_approx_2.0s_wait_schedule_assumption,unresolved_from_allowed_channels,,,,1,excluded_by_q1,Action:L-1/R+1,1,1.0,2,233.91015625,233.91015625,right,1,right,decoded_from_declared_channel_code,1.0,1,230.6953125,236.6953125,59058,60595,True,244,True,244,233.91015625,declared_response_code_observed,0.953125,234.86328125,1,233.8953125,0.0148437500000113,,under_100ms_from_schedule_proxy_review_anchor,1,channel8_channel9_same_or_different_direction_only,1,1,True,cue_response_direction_comparable,False,False,True,
VisualCogA_Task-1,26,61410,239.8828125,1,right,242.0828125,0.2s_cue_plus_approx_2.0s_wait_schedule_assumption,unresolved_from_allowed_channels,,,,1,excluded_by_q1,Action:L-1/R+1,1,1.0,2,242.1015625,242.1015625,right,1,right,decoded_from_declared_channel_code,1.0,1,238.8828125,244.8828125,61154,62691,True,314,True,314,242.1015625,declared_response_code_observed,1.2265625,243.328125,1,242.0828125,0.0187500000000113,,under_100ms_from_schedule_proxy_review_anchor,1,channel8_channel9_same_or_different_direction_only,1,1,True,cue_response_direction_comparable,False,False,True,
VisualCogA_Task-1,27,63575,248.33984375,-1,left,250.53984375,0.2s_cue_plus_approx_2.0s_wait_schedule_assumption,unresolved_from_allowed_channels,,,,1,excluded_by_q1,Action:L-1/R+1,1,-1.0,-2,250.5546875,250.5546875,left,-1,left,decoded_from_declared_channel_code,-1.0,-1,247.33984375,253.33984375,63319,64856,True,239,True,239,250.5546875,declared_response_code_observed,0.93359375,251.48828125,-1,250.53984375,0.0148437500000113,,under_100ms_from_schedule_proxy_review_anchor,1,channel8_channel9_same_or_different_direction_only,1,1,True,cue_response_direction_comparable,False,False,True,
VisualCogA_Task-1,28,65663,256.49609375,-1,left,258.69609375,0.2s_cue_plus_approx_2.0s_wait_schedule_assumption,unresolved_from_allowed_channels,17.0,VisualCogA_Task-1:q1_017,0.0,0,retained_by_q1,Action:L-1/R+1,1,-1.0,-2,258.71484375,258.71484375,left,-1,left,decoded_from_declared_channel_code,-1.0,-1,255.49609375,261.49609375,65407,66944,True,344,True,344,258.71484375,declared_response_code_observed,1.34375,260.05859375,-1,258.69609375,0.0187500000000113,,under_100ms_from_schedule_proxy_review_anchor,1,channel8_channel9_same_or_different_direction_only,1,1,True,cue_response_direction_comparable,True,True,True,
VisualCogA_Task-1,29,67860,265.078125,-1,left,267.278125,0.2s_cue_plus_approx_2.0s_wait_schedule_assumption,unresolved_from_allowed_channels,18.0,VisualCogA_Task-1:q1_018,0.0,0,retained_by_q1,Action:L-1/R+1,1,-1.0,-2,267.29296875,267.29296875,left,-1,left,decoded_from_declared_channel_code,-1.0,-1,264.078125,270.078125,67604,69141,True,265,True,265,267.29296875,declared_response_code_observed,1.03515625,268.328125,-1,267.278125,0.0148437500000113,,under_100ms_from_schedule_proxy_review_anchor,1,channel8_channel9_same_or_different_direction_only,1,1,True,cue_response_direction_comparable,True,True,True,
VisualCogA_Task-1,30,69976,273.34375,-1,left,275.54375,0.2s_cue_plus_approx_2.0s_wait_schedule_assumption,unresolved_from_allowed_channels,19.0,VisualCogA_Task-1:q1_019,0.0,0,retained_by_q1,Action:L-1/R+1,1,-1.0,-2,275.5625,275.5625,left,-1,left,decoded_from_declared_channel_code,-1.0,-1,272.34375,278.34375,69720,71257,True,251,True,251,275.5625,declared_response_code_observed,0.98046875,276.54296875,-1,275.54375,0.0187500000000113,,under_100ms_from_schedule_proxy_review_anchor,1,channel8_channel9_same_or_different_direction_only,1,1,True,cue_response_direction_comparable,True,True,True,
VisualCogA_Task-1,31,72081,281.56640625,1,right,283.76640625,0.2s_cue_plus_approx_2.0s_wait_schedule_assumption,unresolved_from_allowed_channels,20.0,VisualCogA_Task-1:q1_020,0.0,0,retained_by_q1,Action:L-1/R+1,1,1.0,2,283.78125,283.78125,right,1,right,decoded_from_declared_channel_code,1.0,1,280.56640625,286.56640625,71825,73362,True,338,True,338,283.78125,declared_response_code_observed,1.3203125,285.1015625,1,283.76640625,0.0148437500000113,,under_100ms_from_schedule_proxy_review_anchor,1,channel8_channel9_same_or_different_direction_only,1,1,True,cue_response_direction_comparable,True,True,True,
VisualCogA_Task-1,32,74269,290.11328125,1,right,292.31328125,0.2s_cue_plus_approx_2.0s_wait_schedule_assumption,unresolved_from_allowed_channels,21.0,VisualCogA_Task-1:q1_021,0.0,0,retained_by_q1,Action:L-1/R+1,1,1.0,2,292.33203125,292.33203125,right,1,right,decoded_from_declared_channel_code,1.0,1,289.11328125,295.11328125,74013,75550,True,301,True,301,292.33203125,declared_response_code_observed,1.17578125,293.5078125,1,292.31328125,0.0187500000000113,,under_100ms_from_schedule_proxy_review_anchor,1,channel8_channel9_same_or_different_direction_only,1,1,True,cue_response_direction_comparable,True,True,True,
VisualCogA_Task-1,33,76422,298.5234375,-1,left,300.7234375,0.2s_cue_plus_approx_2.0s_wait_schedule_assumption,unresolved_from_allowed_channels,22.0,VisualCogA_Task-1:q1_022,0.0,0,retained_by_q1,Action:L-1/R+1,1,-1.0,-2,300.73828125,300.73828125,left,-1,left,decoded_from_declared_channel_code,-1.0,-1,297.5234375,303.5234375,76166,77703,True,402,True,402,300.73828125,declared_response_code_observed,1.5703125,302.30859375,-1,300.7234375,0.0148437500000113,,under_100ms_from_schedule_proxy_review_anchor,1,channel8_channel9_same_or_different_direction_only,1,1,True,cue_response_direction_comparable,True,True,True,
VisualCogA_Task-1,34,78674,307.3203125,1,right,309.5203125,0.2s_cue_plus_approx_2.0s_wait_schedule_assumption,unresolved_from_allowed_channels,23.0,VisualCogA_Task-1:q1_023,0.0,0,retained_by_q1,Action:L-1/R+1,1,1.0,2,309.53515625,309.53515625,right,1,right,decoded_from_declared_channel_code,1.0,1,306.3203125,312.3203125,78418,79955,True,268,True,268,309.53515625,declared_response_code_observed,1.046875,310.58203125,1,309.5203125,0.0148437500000113,,under_100ms_from_schedule_proxy_review_anchor,1,channel8_channel9_same_or_different_direction_only,1,1,True,cue_response_direction_comparable,True,True,True,
VisualCogA_Task-1,35,80791,315.58984375,-1,left,317.78984375,0.2s_cue_plus_approx_2.0s_wait_schedule_assumption,unresolved_from_allowed_channels,,,,1,excluded_by_q1,Action:L-1/R+1,1,-1.0,-2,317.8046875,317.8046875,left,-1,left,decoded_from_declared_channel_code,-1.0,-1,314.58984375,320.58984375,80535,82072,True,288,True,288,317.8046875,declared_response_code_observed,1.125,318.9296875,-1,317.78984375,0.0148437500000113,,under_100ms_from_schedule_proxy_review_anchor,1,channel8_channel9_same_or_different_direction_only,1,1,True,cue_response_direction_comparable,False,False,True,
VisualCogA_Task-1,36,82931,323.94921875,-1,left,326.14921875,0.2s_cue_plus_approx_2.0s_wait_schedule_assumption,unresolved_from_allowed_channels,,,,1,excluded_by_q1,Action:L-1/R+1,1,-1.0,-2,326.16796875,326.16796875,left,-1,left,decoded_from_declared_channel_code,-1.0,-1,322.94921875,328.94921875,82675,84212,True,291,True,291,326.16796875,declared_response_code_observed,1.13671875,327.3046875,-1,326.14921875,0.0187500000000113,,under_100ms_from_schedule_proxy_review_anchor,1,channel8_channel9_same_or_different_direction_only,1,1,True,cue_response_direction_comparable,False,False,True,
VisualCogA_Task-1,37,85076,332.328125,-1,left,334.528125,0.2s_cue_plus_approx_2.0s_wait_schedule_assumption,unresolved_from_allowed_channels,24.0,VisualCogA_Task-1:q1_024,0.0,0,retained_by_q1,Action:L-1/R+1,1,-1.0,-2,334.54296875,334.54296875,left,-1,left,decoded_from_declared_channel_code,-1.0,-1,331.328125,337.328125,84820,86357,True,279,True,279,334.54296875,declared_response_code_observed,1.08984375,335.6328125,-1,334.528125,0.0148437500000113,,under_100ms_from_schedule_proxy_review_anchor,1,channel8_channel9_same_or_different_direction_only,1,1,True,cue_response_direction_comparable,True,True,True,
VisualCogA_Task-1,38,87204,340.640625,-1,left,342.840625,0.2s_cue_plus_approx_2.0s_wait_schedule_assumption,unresolved_from_allowed_channels,,,,1,excluded_by_q1,Action:L-1/R+1,1,-1.0,-2,342.859375,342.859375,left,-1,left,decoded_from_declared_channel_code,-1.0,-1,339.640625,345.640625,86948,88485,True,295,True,295,342.859375,declared_response_code_observed,1.15234375,344.01171875,-1,342.840625,0.0187500000000113,,under_100ms_from_schedule_proxy_review_anchor,1,channel8_channel9_same_or_different_direction_only,1,1,True,cue_response_direction_comparable,False,False,True,
VisualCogA_Task-1,39,89353,349.03515625,-1,left,351.23515625,0.2s_cue_plus_approx_2.0s_wait_schedule_assumption,unresolved_from_allowed_channels,,,,1,excluded_by_q1,Action:L-1/R+1,1,-1.0,-2,351.25,351.25,left,-1,left,decoded_from_declared_channel_code,-1.0,-1,348.03515625,354.03515625,89097,90634,True,250,True,250,351.25,declared_response_code_observed,0.9765625,352.2265625,-1,351.23515625,0.0148437500000113,,under_100ms_from_schedule_proxy_review_anchor,1,channel8_channel9_same_or_different_direction_only,1,1,True,cue_response_direction_comparable,False,False,True,
VisualCogA_Task-1,40,91453,357.23828125,-1,left,359.43828125,0.2s_cue_plus_approx_2.0s_wait_schedule_assumption,unresolved_from_allowed_channels,,,,1,excluded_by_q1,Action:L-1/R+1,1,-1.0,-2,359.45703125,359.45703125,left,-1,left,decoded_from_declared_channel_code,-1.0,-1,356.23828125,362.23828125,91197,92734,True,247,True,247,359.45703125,declared_response_code_observed,0.96484375,360.421875,-1,359.43828125,0.0187500000000113,,under_100ms_from_schedule_proxy_review_anchor,1,channel8_channel9_same_or_different_direction_only,1,1,True,cue_response_direction_comparable,False,False,True,
VisualCogA_Task-1,41,93554,365.4453125,1,right,367.6453125,0.2s_cue_plus_approx_2.0s_wait_schedule_assumption,unresolved_from_allowed_channels,25.0,VisualCogA_Task-1:q1_025,0.0,0,retained_by_q1,Action:L-1/R+1,1,1.0,2,367.6640625,367.6640625,right,1,right,decoded_from_declared_channel_code,1.0,1,364.4453125,370.4453125,93298,94835,True,290,True,290,367.6640625,declared_response_code_observed,1.1328125,368.796875,1,367.6453125,0.0187500000000113,,under_100ms_from_schedule_proxy_review_anchor,1,channel8_channel9_same_or_different_direction_only,1,1,True,cue_response_direction_comparable,True,True,True,
VisualCogA_Task-1,42,95698,373.8203125,-1,left,376.0203125,0.2s_cue_plus_approx_2.0s_wait_schedule_assumption,unresolved_from_allowed_channels,,,,1,excluded_by_q1,Action:L-1/R+1,1,-1.0,-2,376.0390625,376.0390625,left,-1,left,decoded_from_declared_channel_code,-1.0,-1,372.8203125,378.8203125,95442,96979,True,330,True,330,376.0390625,declared_response_code_observed,1.2890625,377.328125,-1,376.0203125,0.0187500000000113,,under_100ms_from_schedule_proxy_review_anchor,1,channel8_channel9_same_or_different_direction_only,1,1,True,cue_response_direction_comparable,False,False,True,
VisualCogA_Task-1,43,97879,382.33984375,1,right,384.53984375,0.2s_cue_plus_approx_2.0s_wait_schedule_assumption,unresolved_from_allowed_channels,,,,1,excluded_by_q1,Action:L-1/R+1,1,1.0,2,384.5546875,384.5546875,right,1,right,decoded_from_declared_channel_code,1.0,1,381.33984375,387.33984375,97623,99160,True,267,True,267,384.5546875,declared_response_code_observed,1.04296875,385.59765625,1,384.53984375,0.0148437500000113,,under_100ms_from_schedule_proxy_review_anchor,1,channel8_channel9_same_or_different_direction_only,1,1,True,cue_response_direction_comparable,False,False,True,
VisualCogA_Task-1,44,99995,390.60546875,-1,left,392.80546875,0.2s_cue_plus_approx_2.0s_wait_schedule_assumption,unresolved_from_allowed_channels,26.0,VisualCogA_Task-1:q1_026,0.0,0,retained_by_q1,Action:L-1/R+1,1,-1.0,-2,392.82421875,392.82421875,left,-1,left,decoded_from_declared_channel_code,-1.0,-1,389.60546875,395.60546875,99739,101276,True,248,True,248,392.82421875,declared_response_code_observed,0.96875,393.79296875,-1,392.80546875,0.0187500000000113,,under_100ms_from_schedule_proxy_review_anchor,1,channel8_channel9_same_or_different_direction_only,1,1,True,cue_response_direction_comparable,True,True,True,
VisualCogA_Task-1,45,102096,398.8125,-1,left,401.0125,0.2s_cue_plus_approx_2.0s_wait_schedule_assumption,unresolved_from_allowed_channels,,,,1,excluded_by_q1,Action:L-1/R+1,1,-1.0,-2,401.02734375,401.02734375,left,-1,left,decoded_from_declared_channel_code,-1.0,-1,397.8125,403.8125,101840,103377,True,286,True,286,401.02734375,declared_response_code_observed,1.1171875,402.14453125,-1,401.0125,0.0148437500000113,,under_100ms_from_schedule_proxy_review_anchor,1,channel8_channel9_same_or_different_direction_only,1,1,True,cue_response_direction_comparable,False,False,True,
VisualCogA_Task-1,46,104233,407.16015625,-1,left,409.36015625,0.2s_cue_plus_approx_2.0s_wait_schedule_assumption,unresolved_from_allowed_channels,27.0,VisualCogA_Task-1:q1_027,0.0,0,retained_by_q1,Action:L-1/R+1,1,-1.0,-2,409.375,409.375,left,-1,left,decoded_from_declared_channel_code,-1.0,-1,406.16015625,412.16015625,103977,105514,True,338,True,338,409.375,declared_response_code_observed,1.3203125,410.6953125,-1,409.36015625,0.0148437500000113,,under_100ms_from_schedule_proxy_review_anchor,1,channel8_channel9_same_or_different_direction_only,1,1,True,cue_response_direction_comparable,True,True,True,
VisualCogA_Task-1,47,106421,415.70703125,1,right,417.90703125,0.2s_cue_plus_approx_2.0s_wait_schedule_assumption,unresolved_from_allowed_channels,,,,1,excluded_by_q1,Action:L-1/R+1,1,1.0,2,417.921875,417.921875,right,1,right,decoded_from_declared_channel_code,1.0,1,414.70703125,420.70703125,106165,107702,True,323,True,323,417.921875,declared_response_code_observed,1.26171875,419.18359375,1,417.90703125,0.0148437500000113,,under_100ms_from_schedule_proxy_review_anchor,1,channel8_channel9_same_or_different_direction_only,1,1,True,cue_response_direction_comparable,False,False,True,
VisualCogA_Task-1,48,108593,424.19140625,-1,left,426.39140625,0.2s_cue_plus_approx_2.0s_wait_schedule_assumption,unresolved_from_allowed_channels,28.0,VisualCogA_Task-1:q1_028,0.0,0,retained_by_q1,Action:L-1/R+1,1,-1.0,-2,426.41015625,426.41015625,left,-1,left,decoded_from_declared_channel_code,-1.0,-1,423.19140625,429.19140625,108337,109874,True,280,True,280,426.41015625,declared_response_code_observed,1.09375,427.50390625,-1,426.39140625,0.0187500000000113,,under_100ms_from_schedule_proxy_review_anchor,1,channel8_channel9_same_or_different_direction_only,1,1,True,cue_response_direction_comparable,True,True,True,
VisualCogA_Task-1,49,110726,432.5234375,-1,left,434.7234375,0.2s_cue_plus_approx_2.0s_wait_schedule_assumption,unresolved_from_allowed_channels,29.0,VisualCogA_Task-1:q1_029,0.0,0,retained_by_q1,Action:L-1/R+1,1,-1.0,-2,434.73828125,434.73828125,left,-1,left,decoded_from_declared_channel_code,-1.0,-1,431.5234375,437.5234375,110470,112007,True,260,True,260,434.73828125,declared_response_code_observed,1.015625,435.75390625,-1,434.7234375,0.0148437500000113,,under_100ms_from_schedule_proxy_review_anchor,1,channel8_channel9_same_or_different_direction_only,1,1,True,cue_response_direction_comparable,True,True,True,
VisualCogA_Task-1,50,112835,440.76171875,1,right,442.96171875,0.2s_cue_plus_approx_2.0s_wait_schedule_assumption,unresolved_from_allowed_channels,30.0,VisualCogA_Task-1:q1_030,0.0,0,retained_by_q1,Action:L-1/R+1,1,1.0,2,442.9765625,442.9765625,right,1,right,decoded_from_declared_channel_code,1.0,1,439.76171875,445.76171875,112579,114116,True,298,True,298,442.9765625,declared_response_code_observed,1.1640625,444.140625,1,442.96171875,0.0148437500000113,,under_100ms_from_schedule_proxy_review_anchor,1,channel8_channel9_same_or_different_direction_only,1,1,True,cue_response_direction_comparable,True,True,True,
VisualCogA_Task-1,51,114983,449.15234375,1,right,451.35234375,0.2s_cue_plus_approx_2.0s_wait_schedule_assumption,unresolved_from_allowed_channels,,,,1,excluded_by_q1,Action:L-1/R+1,1,1.0,2,451.37109375,451.37109375,right,1,right,decoded_from_declared_channel_code,1.0,1,448.15234375,454.15234375,114727,116264,True,314,True,314,451.37109375,declared_response_code_observed,1.2265625,452.59765625,1,451.35234375,0.0187500000000113,,under_100ms_from_schedule_proxy_review_anchor,1,channel8_channel9_same_or_different_direction_only,1,1,True,cue_response_direction_comparable,False,False,True,
VisualCogA_Task-1,52,117148,457.609375,1,right,459.809375,0.2s_cue_plus_approx_2.0s_wait_schedule_assumption,unresolved_from_allowed_channels,,,,1,excluded_by_q1,Action:L-1/R+1,1,1.0,2,459.82421875,459.82421875,right,1,right,decoded_from_declared_channel_code,1.0,1,456.609375,462.609375,116892,118429,True,264,True,264,459.82421875,declared_response_code_observed,1.03125,460.85546875,1,459.809375,0.0148437500000113,,under_100ms_from_schedule_proxy_review_anchor,1,channel8_channel9_same_or_different_direction_only,1,1,True,cue_response_direction_comparable,False,False,True,
VisualCogA_Task-1,53,119264,465.875,-1,left,468.075,0.2s_cue_plus_approx_2.0s_wait_schedule_assumption,unresolved_from_allowed_channels,,,,1,excluded_by_q1,Action:L-1/R+1,1,-1.0,-2,468.09375,468.09375,left,-1,left,decoded_from_declared_channel_code,-1.0,-1,464.875,470.875,119008,120545,True,298,True,298,468.09375,declared_response_code_observed,1.1640625,469.2578125,-1,468.075,0.0187500000000113,,under_100ms_from_schedule_proxy_review_anchor,1,channel8_channel9_same_or_different_direction_only,1,1,True,cue_response_direction_comparable,False,False,True,
VisualCogA_Task-1,54,121417,474.28515625,1,right,476.48515625,0.2s_cue_plus_approx_2.0s_wait_schedule_assumption,unresolved_from_allowed_channels,31.0,VisualCogA_Task-1:q1_031,0.0,0,retained_by_q1,Action:L-1/R+1,1,1.0,2,476.5,476.5,right,1,right,decoded_from_declared_channel_code,1.0,1,473.28515625,479.28515625,121161,122698,True,275,True,275,476.5,declared_response_code_observed,1.07421875,477.57421875,1,476.48515625,0.0148437500000113,,under_100ms_from_schedule_proxy_review_anchor,1,channel8_channel9_same_or_different_direction_only,1,1,True,cue_response_direction_comparable,True,True,True,
VisualCogA_Task-1,55,123541,482.58203125,-1,left,484.78203125,0.2s_cue_plus_approx_2.0s_wait_schedule_assumption,unresolved_from_allowed_channels,32.0,VisualCogA_Task-1:q1_032,0.0,0,retained_by_q1,Action:L-1/R+1,1,-1.0,-2,484.80078125,484.80078125,left,-1,left,decoded_from_declared_channel_code,-1.0,-1,481.58203125,487.58203125,123285,124822,True,307,True,307,484.80078125,declared_response_code_observed,1.19921875,486.0,-1,484.78203125,0.0187500000000113,,under_100ms_from_schedule_proxy_review_anchor,1,channel8_channel9_same_or_different_direction_only,1,1,True,cue_response_direction_comparable,True,True,True,
VisualCogA_Task-1,56,125702,491.0234375,-1,left,493.2234375,0.2s_cue_plus_approx_2.0s_wait_schedule_assumption,unresolved_from_allowed_channels,,,,1,excluded_by_q1,Action:L-1/R+1,1,-1.0,-2,493.23828125,493.23828125,left,-1,left,decoded_from_declared_channel_code,-1.0,-1,490.0234375,496.0234375,125446,126983,True,310,True,310,493.23828125,declared_response_code_observed,1.2109375,494.44921875,-1,493.2234375,0.0148437500000113,,under_100ms_from_schedule_proxy_review_anchor,1,channel8_channel9_same_or_different_direction_only,1,1,True,cue_response_direction_comparable,False,False,True,
VisualCogA_Task-1,57,127862,499.4609375,1,right,501.6609375,0.2s_cue_plus_approx_2.0s_wait_schedule_assumption,unresolved_from_allowed_channels,33.0,VisualCogA_Task-1:q1_033,0.0,0,retained_by_q1,Action:L-1/R+1,1,1.0,2,501.67578125,501.67578125,right,1,right,decoded_from_declared_channel_code,1.0,1,498.4609375,504.4609375,127606,129143,True,314,True,314,501.67578125,declared_response_code_observed,1.2265625,502.90234375,1,501.6609375,0.0148437500000113,,under_100ms_from_schedule_proxy_review_anchor,1,channel8_channel9_same_or_different_direction_only,1,1,True,cue_response_direction_comparable,True,True,True,
VisualCogA_Task-1,58,130027,507.91796875,1,right,510.11796875,0.2s_cue_plus_approx_2.0s_wait_schedule_assumption,unresolved_from_allowed_channels,,,,1,excluded_by_q1,Action:L-1/R+1,1,1.0,2,510.1328125,510.1328125,right,1,right,decoded_from_declared_channel_code,1.0,1,506.91796875,512.91796875,129771,131308,True,296,True,296,510.1328125,declared_response_code_observed,1.15625,511.2890625,1,510.11796875,0.0148437500000113,,under_100ms_from_schedule_proxy_review_anchor,1,channel8_channel9_same_or_different_direction_only,1,1,True,cue_response_direction_comparable,False,False,True,
VisualCogA_Task-1,59,132175,516.30859375,-1,left,518.50859375,0.2s_cue_plus_approx_2.0s_wait_schedule_assumption,unresolved_from_allowed_channels,,,,1,excluded_by_q1,Action:L-1/R+1,1,-1.0,-2,518.5234375,518.5234375,left,-1,left,decoded_from_declared_channel_code,-1.0,-1,515.30859375,521.30859375,131919,133456,True,310,True,310,518.5234375,declared_response_code_observed,1.2109375,519.734375,-1,518.50859375,0.0148437499999545,,under_100ms_from_schedule_proxy_review_anchor,1,channel8_channel9_same_or_different_direction_only,1,1,True,cue_response_direction_comparable,False,False,True,
VisualCogA_Task-1,60,134336,524.75,1,right,526.95,0.2s_cue_plus_approx_2.0s_wait_schedule_assumption,unresolved_from_allowed_channels,34.0,VisualCogA_Task-1:q1_034,0.0,0,retained_by_q1,Action:L-1/R+1,1,1.0,2,526.96484375,526.96484375,right,1,right,decoded_from_declared_channel_code,1.0,1,523.75,529.75,134080,135617,True,470,True,470,526.96484375,declared_response_code_observed,1.8359375,528.80078125,1,526.95,0.0148437499999545,,under_100ms_from_schedule_proxy_review_anchor,1,channel8_channel9_same_or_different_direction_only,1,1,True,cue_response_direction_comparable,True,True,True,
VisualCogA_Task-1,61,136656,533.8125,-1,left,536.0125,0.2s_cue_plus_approx_2.0s_wait_schedule_assumption,unresolved_from_allowed_channels,,,,1,excluded_by_q1,Action:L-1/R+1,1,-1.0,-2,536.02734375,536.02734375,left,-1,left,decoded_from_declared_channel_code,-1.0,-1,532.8125,538.8125,136400,137937,True,280,True,280,536.02734375,declared_response_code_observed,1.09375,537.12109375,-1,536.0125,0.0148437499999545,,under_100ms_from_schedule_proxy_review_anchor,1,channel8_channel9_same_or_different_direction_only,1,1,True,cue_response_direction_comparable,False,False,True,
VisualCogA_Task-1,62,138788,542.140625,1,right,544.340625,0.2s_cue_plus_approx_2.0s_wait_schedule_assumption,unresolved_from_allowed_channels,,,,1,excluded_by_q1,Action:L-1/R+1,1,1.0,2,544.359375,544.359375,right,1,right,decoded_from_declared_channel_code,1.0,1,541.140625,547.140625,138532,140069,True,302,True,302,544.359375,declared_response_code_observed,1.1796875,545.5390625,1,544.340625,0.0187499999999545,,under_100ms_from_schedule_proxy_review_anchor,1,channel8_channel9_same_or_different_direction_only,1,1,True,cue_response_direction_comparable,False,False,True,
VisualCogA_Task-1,63,140941,550.55078125,1,right,552.75078125,0.2s_cue_plus_approx_2.0s_wait_schedule_assumption,unresolved_from_allowed_channels,,,,1,excluded_by_q1,Action:L-1/R+1,1,1.0,2,552.765625,552.765625,right,1,right,decoded_from_declared_channel_code,1.0,1,549.55078125,555.55078125,140685,142222,True,247,True,247,552.765625,declared_response_code_observed,0.96484375,553.73046875,1,552.75078125,0.0148437499999545,,under_100ms_from_schedule_proxy_review_anchor,1,channel8_channel9_same_or_different_direction_only,1,1,True,cue_response_direction_comparable,False,False,True,
VisualCogA_Task-1,64,143037,558.73828125,-1,left,560.93828125,0.2s_cue_plus_approx_2.0s_wait_schedule_assumption,unresolved_from_allowed_channels,35.0,VisualCogA_Task-1:q1_035,0.0,0,retained_by_q1,Action:L-1/R+1,1,-1.0,-2,560.95703125,560.95703125,left,-1,left,decoded_from_declared_channel_code,-1.0,-1,557.73828125,563.73828125,142781,144318,True,322,True,322,560.95703125,declared_response_code_observed,1.2578125,562.21484375,-1,560.93828125,0.0187499999999545,,under_100ms_from_schedule_proxy_review_anchor,1,channel8_channel9_same_or_different_direction_only,1,1,True,cue_response_direction_comparable,True,True,True,
VisualCogA_Task-1,65,145214,567.2421875,1,right,569.4421875,0.2s_cue_plus_approx_2.0s_wait_schedule_assumption,unresolved_from_allowed_channels,,,,1,excluded_by_q1,Action:L-1/R+1,1,1.0,2,569.45703125,569.45703125,right,1,right,decoded_from_declared_channel_code,1.0,1,566.2421875,572.2421875,144958,146495,True,275,True,275,569.45703125,declared_response_code_observed,1.07421875,570.53125,1,569.4421875,0.0148437499999545,,under_100ms_from_schedule_proxy_review_anchor,1,channel8_channel9_same_or_different_direction_only,1,1,True,cue_response_direction_comparable,False,False,True,
VisualCogA_Task-1,66,147338,575.5390625,-1,left,577.7390625,0.2s_cue_plus_approx_2.0s_wait_schedule_assumption,unresolved_from_allowed_channels,36.0,VisualCogA_Task-1:q1_036,0.0,0,retained_by_q1,Action:L-1/R+1,1,-1.0,-2,577.7578125,577.7578125,left,-1,left,decoded_from_declared_channel_code,-1.0,-1,574.5390625,580.5390625,147082,148619,True,305,True,305,577.7578125,declared_response_code_observed,1.19140625,578.94921875,-1,577.7390625,0.0187499999999545,,under_100ms_from_schedule_proxy_review_anchor,1,channel8_channel9_same_or_different_direction_only,1,1,True,cue_response_direction_comparable,True,True,True,
VisualCogA_Task-1,67,149495,583.96484375,-1,left,586.16484375,0.2s_cue_plus_approx_2.0s_wait_schedule_assumption,unresolved_from_allowed_channels,,,,1,excluded_by_q1,Action:L-1/R+1,1,-1.0,-2,586.1796875,586.1796875,left,-1,left,decoded_from_declared_channel_code,-1.0,-1,582.96484375,588.96484375,149239,150776,True,264,True,264,586.1796875,declared_response_code_observed,1.03125,587.2109375,-1,586.16484375,0.0148437499999545,,under_100ms_from_schedule_proxy_review_anchor,1,channel8_channel9_same_or_different_direction_only,1,1,True,cue_response_direction_comparable,False,False,True,
VisualCogA_Task-1,68,151611,592.23046875,1,right,594.43046875,0.2s_cue_plus_approx_2.0s_wait_schedule_assumption,unresolved_from_allowed_channels,37.0,VisualCogA_Task-1:q1_037,0.0,0,retained_by_q1,Action:L-1/R+1,1,1.0,2,594.44921875,594.44921875,right,1,right,decoded_from_declared_channel_code,1.0,1,591.23046875,597.23046875,151355,152892,True,298,True,298,594.44921875,declared_response_code_observed,1.1640625,595.61328125,1,594.43046875,0.0187499999999545,,under_100ms_from_schedule_proxy_review_anchor,1,channel8_channel9_same_or_different_direction_only,1,1,True,cue_response_direction_comparable,True,True,True,
VisualCogA_Task-1,69,153760,600.625,1,right,602.825,0.2s_cue_plus_approx_2.0s_wait_schedule_assumption,unresolved_from_allowed_channels,38.0,VisualCogA_Task-1:q1_038,0.0,0,retained_by_q1,Action:L-1/R+1,1,1.0,2,602.83984375,602.83984375,right,1,right,decoded_from_declared_channel_code,1.0,1,599.625,605.625,153504,155041,True,280,True,280,602.83984375,declared_response_code_observed,1.09375,603.93359375,1,602.825,0.0148437499999545,,under_100ms_from_schedule_proxy_review_anchor,1,channel8_channel9_same_or_different_direction_only,1,1,True,cue_response_direction_comparable,True,True,True,
VisualCogA_Task-1,70,155889,608.94140625,-1,left,611.14140625,0.2s_cue_plus_approx_2.0s_wait_schedule_assumption,unresolved_from_allowed_channels,,,,1,excluded_by_q1,Action:L-1/R+1,1,-1.0,-2,611.15625,611.15625,left,-1,left,decoded_from_declared_channel_code,-1.0,-1,607.94140625,613.94140625,155633,157170,True,277,True,277,611.15625,declared_response_code_observed,1.08203125,612.23828125,-1,611.14140625,0.0148437499999545,,under_100ms_from_schedule_proxy_review_anchor,1,channel8_channel9_same_or_different_direction_only,1,1,True,cue_response_direction_comparable,False,False,True,
VisualCogA_Task-1,71,158017,617.25390625,1,right,619.45390625,0.2s_cue_plus_approx_2.0s_wait_schedule_assumption,unresolved_from_allowed_channels,39.0,VisualCogA_Task-1:q1_039,0.0,0,retained_by_q1,Action:L-1/R+1,1,1.0,2,619.46875,619.46875,right,1,right,decoded_from_declared_channel_code,1.0,1,616.25390625,622.25390625,157761,159298,True,222,True,222,619.46875,declared_response_code_observed,0.8671875,620.3359375,1,619.45390625,0.0148437499999545,,under_100ms_from_schedule_proxy_review_anchor,1,channel8_channel9_same_or_different_direction_only,1,1,True,cue_response_direction_comparable,True,True,True,
VisualCogA_Task-1,72,160090,625.3515625,-1,left,627.5515625,0.2s_cue_plus_approx_2.0s_wait_schedule_assumption,unresolved_from_allowed_channels,40.0,VisualCogA_Task-1:q1_040,0.0,0,retained_by_q1,Action:L-1/R+1,1,-1.0,-2,627.56640625,627.56640625,left,-1,left,decoded_from_declared_channel_code,-1.0,-1,624.3515625,630.3515625,159834,161371,True,314,True,314,627.56640625,declared_response_code_observed,1.2265625,628.79296875,-1,627.5515625,0.0148437499999545,,under_100ms_from_schedule_proxy_review_anchor,1,channel8_channel9_same_or_different_direction_only,1,1,True,cue_response_direction_comparable,True,True,True,
VisualCogA_Task-1,73,162254,633.8046875,1,right,636.0046875,0.2s_cue_plus_approx_2.0s_wait_schedule_assumption,unresolved_from_allowed_channels,41.0,VisualCogA_Task-1:q1_041,0.0,0,retained_by_q1,Action:L-1/R+1,1,1.0,2,636.01953125,636.01953125,right,1,right,decoded_from_declared_channel_code,1.0,1,632.8046875,638.8046875,161998,163535,True,261,True,261,636.01953125,declared_response_code_observed,1.01953125,637.0390625,1,636.0046875,0.0148437499999545,,under_100ms_from_schedule_proxy_review_anchor,1,channel8_channel9_same_or_different_direction_only,1,1,True,cue_response_direction_comparable,True,True,True,
VisualCogA_Task-1,74,164367,642.05859375,-1,left,644.25859375,0.2s_cue_plus_approx_2.0s_wait_schedule_assumption,unresolved_from_allowed_channels,42.0,VisualCogA_Task-1:q1_042,0.0,0,retained_by_q1,Action:L-1/R+1,1,-1.0,-2,644.2734375,644.2734375,left,-1,left,decoded_from_declared_channel_code,-1.0,-1,641.05859375,647.05859375,164111,165648,True,276,True,276,644.2734375,declared_response_code_observed,1.078125,645.3515625,-1,644.25859375,0.0148437499999545,,under_100ms_from_schedule_proxy_review_anchor,1,channel8_channel9_same_or_different_direction_only,1,1,True,cue_response_direction_comparable,True,True,True,
VisualCogA_Task-1,75,166495,650.37109375,1,right,652.57109375,0.2s_cue_plus_approx_2.0s_wait_schedule_assumption,unresolved_from_allowed_channels,43.0,VisualCogA_Task-1:q1_043,0.0,0,retained_by_q1,Action:L-1/R+1,1,1.0,2,652.58984375,652.58984375,right,1,right,decoded_from_declared_channel_code,1.0,1,649.37109375,655.37109375,166239,167776,True,250,True,250,652.58984375,declared_response_code_observed,0.9765625,653.56640625,1,652.57109375,0.0187499999999545,,under_100ms_from_schedule_proxy_review_anchor,1,channel8_channel9_same_or_different_direction_only,1,1,True,cue_response_direction_comparable,True,True,True,
VisualCogA_Task-1,76,168596,658.578125,-1,left,660.778125,0.2s_cue_plus_approx_2.0s_wait_schedule_assumption,unresolved_from_allowed_channels,,,,1,excluded_by_q1,Action:L-1/R+1,1,-1.0,-2,660.79296875,660.79296875,left,-1,left,decoded_from_declared_channel_code,-1.0,-1,657.578125,663.578125,168340,169877,True,290,True,290,660.79296875,declared_response_code_observed,1.1328125,661.92578125,-1,660.778125,0.0148437499999545,,under_100ms_from_schedule_proxy_review_anchor,1,channel8_channel9_same_or_different_direction_only,1,1,True,cue_response_direction_comparable,False,False,True,
VisualCogA_Task-1,77,170736,666.9375,-1,left,669.1375,0.2s_cue_plus_approx_2.0s_wait_schedule_assumption,unresolved_from_allowed_channels,,,,1,excluded_by_q1,Action:L-1/R+1,1,-1.0,-2,669.15625,669.15625,left,-1,left,decoded_from_declared_channel_code,-1.0,-1,665.9375,671.9375,170480,172017,True,272,True,272,669.15625,declared_response_code_observed,1.0625,670.21875,-1,669.1375,0.0187499999999545,,under_100ms_from_schedule_proxy_review_anchor,1,channel8_channel9_same_or_different_direction_only,1,1,True,cue_response_direction_comparable,False,False,True,
VisualCogA_Task-1,78,172861,675.23828125,-1,left,677.43828125,0.2s_cue_plus_approx_2.0s_wait_schedule_assumption,unresolved_from_allowed_channels,44.0,VisualCogA_Task-1:q1_044,0.0,0,retained_by_q1,Action:L-1/R+1,1,-1.0,-2,677.45703125,677.45703125,left,-1,left,decoded_from_declared_channel_code,-1.0,-1,674.23828125,680.23828125,172605,174142,True,288,True,288,677.45703125,declared_response_code_observed,1.125,678.58203125,-1,677.43828125,0.0187499999999545,,under_100ms_from_schedule_proxy_review_anchor,1,channel8_channel9_same_or_different_direction_only,1,1,True,cue_response_direction_comparable,True,True,True,
VisualCogA_Task-1,79,175002,683.6015625,-1,left,685.8015625,0.2s_cue_plus_approx_2.0s_wait_schedule_assumption,unresolved_from_allowed_channels,45.0,VisualCogA_Task-1:q1_045,0.0,0,retained_by_q1,Action:L-1/R+1,1,-1.0,-2,685.81640625,685.81640625,left,-1,left,decoded_from_declared_channel_code,-1.0,-1,682.6015625,688.6015625,174746,176283,True,314,True,314,685.81640625,declared_response_code_observed,1.2265625,687.04296875,-1,685.8015625,0.0148437499999545,,under_100ms_from_schedule_proxy_review_anchor,1,channel8_channel9_same_or_different_direction_only,1,1,True,cue_response_direction_comparable,True,True,True,
VisualCogA_Task-1,80,177170,692.0703125,-1,left,694.2703125,0.2s_cue_plus_approx_2.0s_wait_schedule_assumption,unresolved_from_allowed_channels,,,,1,excluded_by_q1,Action:L-1/R+1,1,-1.0,-2,694.28515625,694.28515625,left,-1,left,decoded_from_declared_channel_code,-1.0,-1,691.0703125,697.0703125,176914,178451,True,298,True,298,694.28515625,declared_response_code_observed,1.1640625,695.44921875,-1,694.2703125,0.0148437499999545,,under_100ms_from_schedule_proxy_review_anchor,1,channel8_channel9_same_or_different_direction_only,1,1,True,cue_response_direction_comparable,False,False,True,
VisualCogA_Task-1,81,179318,700.4609375,1,right,702.6609375,0.2s_cue_plus_approx_2.0s_wait_schedule_assumption,unresolved_from_allowed_channels,46.0,VisualCogA_Task-1:q1_046,0.0,0,retained_by_q1,Action:L-1/R+1,1,1.0,2,702.6796875,702.6796875,right,1,right,decoded_from_declared_channel_code,1.0,1,699.4609375,705.4609375,179062,180599,True,290,True,290,702.6796875,declared_response_code_observed,1.1328125,703.8125,1,702.6609375,0.0187499999999545,,under_100ms_from_schedule_proxy_review_anchor,1,channel8_channel9_same_or_different_direction_only,1,1,True,cue_response_direction_comparable,True,True,True,
VisualCogA_Task-1,82,181459,708.82421875,-1,left,711.02421875,0.2s_cue_plus_approx_2.0s_wait_schedule_assumption,unresolved_from_allowed_channels,,,,1,excluded_by_q1,Action:L-1/R+1,1,-1.0,-2,711.0390625,711.0390625,left,-1,left,decoded_from_declared_channel_code,-1.0,-1,707.82421875,713.82421875,181203,182740,True,248,True,248,711.0390625,declared_response_code_observed,0.96875,712.0078125,-1,711.02421875,0.0148437499999545,,under_100ms_from_schedule_proxy_review_anchor,1,channel8_channel9_same_or_different_direction_only,1,1,True,cue_response_direction_comparable,False,False,True,
VisualCogA_Task-1,83,183556,717.015625,1,right,719.215625,0.2s_cue_plus_approx_2.0s_wait_schedule_assumption,unresolved_from_allowed_channels,,,,1,excluded_by_q1,Action:L-1/R+1,1,1.0,2,719.23046875,719.23046875,right,1,right,decoded_from_declared_channel_code,1.0,1,716.015625,722.015625,183300,184837,True,265,True,265,719.23046875,declared_response_code_observed,1.03515625,720.265625,1,719.215625,0.0148437499999545,,under_100ms_from_schedule_proxy_review_anchor,1,channel8_channel9_same_or_different_direction_only,1,1,True,cue_response_direction_comparable,False,False,True,
VisualCogA_Task-1,84,185672,725.28125,-1,left,727.48125,0.2s_cue_plus_approx_2.0s_wait_schedule_assumption,unresolved_from_allowed_channels,47.0,VisualCogA_Task-1:q1_047,0.0,0,retained_by_q1,Action:L-1/R+1,1,-1.0,-2,727.49609375,727.49609375,left,-1,left,decoded_from_declared_channel_code,-1.0,-1,724.28125,730.28125,185416,186953,True,265,True,265,727.49609375,declared_response_code_observed,1.03515625,728.53125,-1,727.48125,0.0148437499999545,,under_100ms_from_schedule_proxy_review_anchor,1,channel8_channel9_same_or_different_direction_only,1,1,True,cue_response_direction_comparable,True,True,True,
VisualCogA_Task-1,85,187789,733.55078125,1,right,735.75078125,0.2s_cue_plus_approx_2.0s_wait_schedule_assumption,unresolved_from_allowed_channels,,,,1,excluded_by_q1,Action:L-1/R+1,1,1.0,2,735.765625,735.765625,right,1,right,decoded_from_declared_channel_code,1.0,1,732.55078125,738.55078125,187533,189070,True,269,True,269,735.765625,declared_response_code_observed,1.05078125,736.81640625,1,735.75078125,0.0148437499999545,,under_100ms_from_schedule_proxy_review_anchor,1,channel8_channel9_same_or_different_direction_only,1,1,True,cue_response_direction_comparable,False,False,True,
VisualCogA_Task-1,86,189909,741.83203125,1,right,744.03203125,0.2s_cue_plus_approx_2.0s_wait_schedule_assumption,unresolved_from_allowed_channels,,,,1,excluded_by_q1,Action:L-1/R+1,1,1.0,2,744.05078125,744.05078125,right,1,right,decoded_from_declared_channel_code,1.0,1,740.83203125,746.83203125,189653,191190,True,324,True,324,744.05078125,declared_response_code_observed,1.265625,745.31640625,1,744.03203125,0.0187499999999545,,under_100ms_from_schedule_proxy_review_anchor,1,channel8_channel9_same_or_different_direction_only,1,1,True,cue_response_direction_comparable,False,False,True,
VisualCogA_Task-1,87,192086,750.3359375,1,right,752.5359375,0.2s_cue_plus_approx_2.0s_wait_schedule_assumption,unresolved_from_allowed_channels,,,,1,excluded_by_q1,Action:L-1/R+1,1,1.0,2,752.55078125,752.55078125,right,1,right,decoded_from_declared_channel_code,1.0,1,749.3359375,755.3359375,191830,193367,True,274,True,274,752.55078125,declared_response_code_observed,1.0703125,753.62109375,1,752.5359375,0.0148437499999545,,under_100ms_from_schedule_proxy_review_anchor,1,channel8_channel9_same_or_different_direction_only,1,1,True,cue_response_direction_comparable,False,False,True,
VisualCogA_Task-1,88,194210,758.6328125,1,right,760.8328125,0.2s_cue_plus_approx_2.0s_wait_schedule_assumption,unresolved_from_allowed_channels,,,,1,excluded_by_q1,Action:L-1/R+1,1,1.0,2,760.8515625,760.8515625,right,1,right,decoded_from_declared_channel_code,1.0,1,757.6328125,763.6328125,193954,195491,True,277,True,277,760.8515625,declared_response_code_observed,1.08203125,761.93359375,1,760.8328125,0.0187499999999545,,under_100ms_from_schedule_proxy_review_anchor,1,channel8_channel9_same_or_different_direction_only,1,1,True,cue_response_direction_comparable,False,False,True,
VisualCogA_Task-1,89,196339,766.94921875,1,right,769.14921875,0.2s_cue_plus_approx_2.0s_wait_schedule_assumption,unresolved_from_allowed_channels,48.0,VisualCogA_Task-1:q1_048,0.0,0,retained_by_q1,Action:L-1/R+1,1,1.0,2,769.1640625,769.1640625,right,1,right,decoded_from_declared_channel_code,1.0,1,765.94921875,771.94921875,196083,197620,True,259,True,259,769.1640625,declared_response_code_observed,1.01171875,770.17578125,1,769.14921875,0.0148437499999545,,under_100ms_from_schedule_proxy_review_anchor,1,channel8_channel9_same_or_different_direction_only,1,1,True,cue_response_direction_comparable,True,True,True,
VisualCogA_Task-1,90,198451,775.19921875,-1,left,777.39921875,0.2s_cue_plus_approx_2.0s_wait_schedule_assumption,unresolved_from_allowed_channels,49.0,VisualCogA_Task-1:q1_049,0.0,0,retained_by_q1,Action:L-1/R+1,1,-1.0,-2,777.41796875,777.41796875,left,-1,left,decoded_from_declared_channel_code,-1.0,-1,774.19921875,780.19921875,198195,199732,True,352,True,352,777.41796875,declared_response_code_observed,1.375,778.79296875,-1,777.39921875,0.0187499999999545,,under_100ms_from_schedule_proxy_review_anchor,1,channel8_channel9_same_or_different_direction_only,1,1,True,cue_response_direction_comparable,True,True,True,
VisualCogA_Task-1,91,200656,783.8125,1,right,786.0125,0.2s_cue_plus_approx_2.0s_wait_schedule_assumption,unresolved_from_allowed_channels,50.0,VisualCogA_Task-1:q1_050,0.0,0,retained_by_q1,Action:L-1/R+1,1,1.0,2,786.02734375,786.02734375,right,1,right,decoded_from_declared_channel_code,1.0,1,782.8125,788.8125,200400,201937,True,252,True,252,786.02734375,declared_response_code_observed,0.984375,787.01171875,1,786.0125,0.0148437499999545,,under_100ms_from_schedule_proxy_review_anchor,1,channel8_channel9_same_or_different_direction_only,1,1,True,cue_response_direction_comparable,True,True,True,
VisualCogA_Task-1,92,202756,792.015625,1,right,794.215625,0.2s_cue_plus_approx_2.0s_wait_schedule_assumption,unresolved_from_allowed_channels,,,,1,excluded_by_q1,Action:L-1/R+1,1,1.0,2,794.234375,794.234375,right,1,right,decoded_from_declared_channel_code,1.0,1,791.015625,797.015625,202500,204037,True,333,True,333,794.234375,declared_response_code_observed,1.30078125,795.53515625,1,794.215625,0.0187499999999545,,under_100ms_from_schedule_proxy_review_anchor,1,channel8_channel9_same_or_different_direction_only,1,1,True,cue_response_direction_comparable,False,False,True,
VisualCogA_Task-1,93,204941,800.55078125,1,right,802.75078125,0.2s_cue_plus_approx_2.0s_wait_schedule_assumption,unresolved_from_allowed_channels,51.0,VisualCogA_Task-1:q1_051,0.0,0,retained_by_q1,Action:L-1/R+1,1,1.0,2,802.765625,802.765625,right,1,right,decoded_from_declared_channel_code,1.0,1,799.55078125,805.55078125,204685,206222,True,321,True,321,802.765625,declared_response_code_observed,1.25390625,804.01953125,1,802.75078125,0.0148437499999545,,under_100ms_from_schedule_proxy_review_anchor,1,channel8_channel9_same_or_different_direction_only,1,1,True,cue_response_direction_comparable,True,True,True,
VisualCogA_Task-1,94,207113,809.03515625,-1,left,811.23515625,0.2s_cue_plus_approx_2.0s_wait_schedule_assumption,unresolved_from_allowed_channels,52.0,VisualCogA_Task-1:q1_052,0.0,0,retained_by_q1,Action:L-1/R+1,1,-1.0,-2,811.25390625,811.25390625,left,-1,left,decoded_from_declared_channel_code,-1.0,-1,808.03515625,814.03515625,206857,208394,True,322,True,322,811.25390625,declared_response_code_observed,1.2578125,812.51171875,-1,811.23515625,0.0187499999999545,,under_100ms_from_schedule_proxy_review_anchor,1,channel8_channel9_same_or_different_direction_only,1,1,True,cue_response_direction_comparable,True,True,True,
VisualCogA_Task-1,95,209286,817.5234375,1,right,819.7234375,0.2s_cue_plus_approx_2.0s_wait_schedule_assumption,unresolved_from_allowed_channels,,,,1,excluded_by_q1,Action:L-1/R+1,1,1.0,2,819.73828125,819.73828125,right,1,right,decoded_from_declared_channel_code,1.0,1,816.5234375,822.5234375,209030,210567,True,246,True,246,819.73828125,declared_response_code_observed,0.9609375,820.69921875,1,819.7234375,0.0148437499999545,,under_100ms_from_schedule_proxy_review_anchor,1,channel8_channel9_same_or_different_direction_only,1,1,True,cue_response_direction_comparable,False,False,True,
VisualCogA_Task-1,96,211382,825.7109375,1,right,827.9109375,0.2s_cue_plus_approx_2.0s_wait_schedule_assumption,unresolved_from_allowed_channels,,,,1,excluded_by_q1,Action:L-1/R+1,1,1.0,2,827.9296875,827.9296875,right,1,right,decoded_from_declared_channel_code,1.0,1,824.7109375,830.7109375,211126,212663,True,232,True,232,827.9296875,declared_response_code_observed,0.90625,828.8359375,1,827.9109375,0.0187499999999545,,under_100ms_from_schedule_proxy_review_anchor,1,channel8_channel9_same_or_different_direction_only,1,1,True,cue_response_direction_comparable,False,False,True,
VisualCogA_Task-1,97,213467,833.85546875,-1,left,836.05546875,0.2s_cue_plus_approx_2.0s_wait_schedule_assumption,unresolved_from_allowed_channels,,,,1,excluded_by_q1,Action:L-1/R+1,1,-1.0,-2,836.0703125,836.0703125,left,-1,left,decoded_from_declared_channel_code,-1.0,-1,832.85546875,838.85546875,213211,214748,True,300,True,300,836.0703125,declared_response_code_observed,1.171875,837.2421875,-1,836.05546875,0.0148437499999545,,under_100ms_from_schedule_proxy_review_anchor,1,channel8_channel9_same_or_different_direction_only,1,1,True,cue_response_direction_comparable,False,False,True,
VisualCogA_Task-1,98,215619,842.26171875,-1,left,844.46171875,0.2s_cue_plus_approx_2.0s_wait_schedule_assumption,unresolved_from_allowed_channels,,,,1,excluded_by_q1,Action:L-1/R+1,1,-1.0,-2,844.48046875,844.48046875,left,-1,left,decoded_from_declared_channel_code,-1.0,-1,841.26171875,847.26171875,215363,216900,True,343,True,343,844.48046875,declared_response_code_observed,1.33984375,845.8203125,-1,844.46171875,0.0187499999999545,,under_100ms_from_schedule_proxy_review_anchor,1,channel8_channel9_same_or_different_direction_only,1,1,True,cue_response_direction_comparable,False,False,True,
VisualCogA_Task-1,99,217816,850.84375,1,right,853.04375,0.2s_cue_plus_approx_2.0s_wait_schedule_assumption,unresolved_from_allowed_channels,53.0,VisualCogA_Task-1:q1_053,0.0,0,retained_by_q1,Action:L-1/R+1,1,1.0,2,853.05859375,853.05859375,right,1,right,decoded_from_declared_channel_code,1.0,1,849.84375,855.84375,217560,219097,True,327,True,327,853.05859375,declared_response_code_observed,1.27734375,854.3359375,1,853.04375,0.0148437499999545,,under_100ms_from_schedule_proxy_review_anchor,1,channel8_channel9_same_or_different_direction_only,1,1,True,cue_response_direction_comparable,True,True,True,
VisualCogA_Task-2,0,5133,20.05078125,1,right,22.25078125,0.2s_cue_plus_approx_2.0s_wait_schedule_assumption,unresolved_from_allowed_channels,0.0,VisualCogA_Task-2:q1_000,0.0,0,retained_by_q1,TgtAct:L-2/R+2,1,-1.0,-2,22.26953125,22.26953125,left,-1,left,decoded_from_declared_channel_code,-2.0,-1|-2,19.05078125,25.05078125,4877,6414,True,434,True,1,23.9609375,declared_response_code_observed,1.6953125,23.96484375,1,22.25078125,0.0187500000000007,,under_100ms_from_schedule_proxy_review_anchor,0,channel8_channel9_same_or_different_direction_only,1,1,True,cue_response_direction_comparable,True,True,True,
VisualCogA_Task-2,1,7418,28.9765625,-1,left,31.1765625,0.2s_cue_plus_approx_2.0s_wait_schedule_assumption,unresolved_from_allowed_channels,1.0,VisualCogA_Task-2:q1_001,0.0,0,retained_by_q1,TgtAct:L-2/R+2,1,-1.0,-2,31.19140625,31.19140625,left,-1,left,decoded_from_declared_channel_code,-2.0,-1|-2,27.9765625,33.9765625,7162,8699,True,506,True,1,33.1640625,declared_response_code_observed,1.9765625,33.16796875,-1,31.1765625,0.0148437500000007,,under_100ms_from_schedule_proxy_review_anchor,1,channel8_channel9_same_or_different_direction_only,1,1,True,cue_response_direction_comparable,True,True,True,
VisualCogA_Task-2,2,9778,38.1953125,-1,left,40.3953125,0.2s_cue_plus_approx_2.0s_wait_schedule_assumption,unresolved_from_allowed_channels,2.0,VisualCogA_Task-2:q1_002,0.0,0,retained_by_q1,TgtAct:L-2/R+2,1,-1.0,-2,40.41015625,40.41015625,left,-1,left,decoded_from_declared_channel_code,-2.0,-1|-2,37.1953125,43.1953125,9522,11059,True,386,True,1,41.9140625,declared_response_code_observed,1.5078125,41.91796875,-1,40.3953125,0.0148437499999971,,under_100ms_from_schedule_proxy_review_anchor,1,channel8_channel9_same_or_different_direction_only,1,1,True,cue_response_direction_comparable,True,True,True,
VisualCogA_Task-2,3,12014,46.9296875,-1,left,49.1296875,0.2s_cue_plus_approx_2.0s_wait_schedule_assumption,unresolved_from_allowed_channels,3.0,VisualCogA_Task-2:q1_003,0.0,0,retained_by_q1,TgtAct:L-2/R+2,1,-1.0,-2,49.14453125,49.14453125,left,-1,left,decoded_from_declared_channel_code,-2.0,-1|-2,45.9296875,51.9296875,11758,13295,True,389,True,1,50.66015625,declared_response_code_observed,1.51953125,50.6640625,-1,49.1296875,0.0148437499999971,,under_100ms_from_schedule_proxy_review_anchor,1,channel8_channel9_same_or_different_direction_only,1,1,True,cue_response_direction_comparable,True,True,True,
VisualCogA_Task-2,4,14255,55.68359375,1,right,57.88359375,0.2s_cue_plus_approx_2.0s_wait_schedule_assumption,unresolved_from_allowed_channels,4.0,VisualCogA_Task-2:q1_004,0.0,0,retained_by_q1,TgtAct:L-2/R+2,1,-1.0,-2,57.8984375,57.8984375,left,-1,left,decoded_from_declared_channel_code,-2.0,-1|-2,54.68359375,60.68359375,13999,15536,True,372,True,1,59.34765625,declared_response_code_observed,1.453125,59.3515625,1,57.88359375,0.0148437499999971,,under_100ms_from_schedule_proxy_review_anchor,0,channel8_channel9_same_or_different_direction_only,1,1,True,cue_response_direction_comparable,True,True,True,
VisualCogA_Task-2,5,16479,64.37109375,-1,left,66.57109375,0.2s_cue_plus_approx_2.0s_wait_schedule_assumption,unresolved_from_allowed_channels,5.0,VisualCogA_Task-2:q1_005,0.0,0,retained_by_q1,TgtAct:L-2/R+2,1,1.0,2,66.5859375,66.5859375,right,1,right,decoded_from_declared_channel_code,2.0,1|2,63.37109375,69.37109375,16223,17760,True,344,True,1,67.92578125,declared_response_code_observed,1.34375,67.9296875,-1,66.57109375,0.0148437499999971,,under_100ms_from_schedule_proxy_review_anchor,0,channel8_channel9_same_or_different_direction_only,1,1,True,cue_response_direction_comparable,True,True,True,
VisualCogA_Task-2,6,18675,72.94921875,1,right,75.14921875,0.2s_cue_plus_approx_2.0s_wait_schedule_assumption,unresolved_from_allowed_channels,6.0,VisualCogA_Task-2:q1_006,0.0,0,retained_by_q1,TgtAct:L-2/R+2,1,-1.0,-2,75.16796875,75.16796875,left,-1,left,decoded_from_declared_channel_code,-2.0,-1|-2,71.94921875,77.94921875,18419,19956,True,338,True,1,76.484375,declared_response_code_observed,1.3203125,76.48828125,1,75.14921875,0.0187499999999971,,under_100ms_from_schedule_proxy_review_anchor,0,channel8_channel9_same_or_different_direction_only,1,1,True,cue_response_direction_comparable,True,True,True,
VisualCogA_Task-2,7,20864,81.5,1,right,83.7,0.2s_cue_plus_approx_2.0s_wait_schedule_assumption,unresolved_from_allowed_channels,7.0,VisualCogA_Task-2:q1_007,0.0,0,retained_by_q1,TgtAct:L-2/R+2,1,-1.0,-2,83.71484375,83.71484375,left,-1,left,decoded_from_declared_channel_code,-2.0,-1|-2,80.5,86.5,20608,22145,True,342,True,1,85.046875,declared_response_code_observed,1.3359375,85.05078125,1,83.7,0.0148437499999971,,under_100ms_from_schedule_proxy_review_anchor,0,channel8_channel9_same_or_different_direction_only,1,1,True,cue_response_direction_comparable,True,True,True,
VisualCogA_Task-2,8,23056,90.0625,-1,left,92.2625,0.2s_cue_plus_approx_2.0s_wait_schedule_assumption,unresolved_from_allowed_channels,8.0,VisualCogA_Task-2:q1_008,0.0,0,retained_by_q1,TgtAct:L-2/R+2,1,1.0,2,92.28125,92.28125,right,1,right,decoded_from_declared_channel_code,2.0,1|2,89.0625,95.0625,22800,24337,True,427,True,1,93.9453125,declared_response_code_observed,1.66796875,93.94921875,-1,92.2625,0.0187499999999971,,under_100ms_from_schedule_proxy_review_anchor,0,channel8_channel9_same_or_different_direction_only,1,1,True,cue_response_direction_comparable,True,True,True,
VisualCogA_Task-2,9,25337,98.97265625,-1,left,101.17265625,0.2s_cue_plus_approx_2.0s_wait_schedule_assumption,unresolved_from_allowed_channels,9.0,VisualCogA_Task-2:q1_009,0.0,0,retained_by_q1,TgtAct:L-2/R+2,1,-1.0,-2,101.1875,101.1875,left,-1,left,decoded_from_declared_channel_code,-2.0,-1|-2,97.97265625,103.97265625,25081,26618,True,345,True,1,102.53125,declared_response_code_observed,1.34765625,102.53515625,-1,101.17265625,0.0148437499999971,,under_100ms_from_schedule_proxy_review_anchor,1,channel8_channel9_same_or_different_direction_only,1,1,True,cue_response_direction_comparable,True,True,True,
VisualCogA_Task-2,10,27533,107.55078125,1,right,109.75078125,0.2s_cue_plus_approx_2.0s_wait_schedule_assumption,unresolved_from_allowed_channels,10.0,VisualCogA_Task-2:q1_010,0.0,0,retained_by_q1,TgtAct:L-2/R+2,1,1.0,2,109.765625,109.765625,right,1,right,decoded_from_declared_channel_code,2.0,1|2,106.55078125,112.55078125,27277,28814,True,379,True,1,111.2421875,declared_response_code_observed,1.48046875,111.24609375,1,109.75078125,0.0148437499999971,,under_100ms_from_schedule_proxy_review_anchor,1,channel8_channel9_same_or_different_direction_only,1,1,True,cue_response_direction_comparable,True,True,True,
VisualCogA_Task-2,11,29761,116.25390625,1,right,118.45390625,0.2s_cue_plus_approx_2.0s_wait_schedule_assumption,unresolved_from_allowed_channels,11.0,VisualCogA_Task-2:q1_011,0.0,0,retained_by_q1,TgtAct:L-2/R+2,1,-1.0,-2,118.47265625,118.47265625,left,-1,left,decoded_from_declared_channel_code,-2.0,-1|-2,115.25390625,121.25390625,29505,31042,True,359,True,1,119.87109375,declared_response_code_observed,1.40234375,119.875,1,118.45390625,0.0187499999999971,,under_100ms_from_schedule_proxy_review_anchor,0,channel8_channel9_same_or_different_direction_only,1,1,True,cue_response_direction_comparable,True,True,True,
VisualCogA_Task-2,12,31970,124.8828125,1,right,127.0828125,0.2s_cue_plus_approx_2.0s_wait_schedule_assumption,unresolved_from_allowed_channels,12.0,VisualCogA_Task-2:q1_012,0.0,0,retained_by_q1,TgtAct:L-2/R+2,1,-1.0,-2,127.09765625,127.09765625,left,-1,left,decoded_from_declared_channel_code,-2.0,-1|-2,123.8828125,129.8828125,31714,33251,True,347,True,1,128.44921875,declared_response_code_observed,1.35546875,128.453125,1,127.0828125,0.0148437499999971,,under_100ms_from_schedule_proxy_review_anchor,0,channel8_channel9_same_or_different_direction_only,1,1,True,cue_response_direction_comparable,True,True,True,
VisualCogA_Task-2,13,34166,133.4609375,-1,left,135.6609375,0.2s_cue_plus_approx_2.0s_wait_schedule_assumption,unresolved_from_allowed_channels,13.0,VisualCogA_Task-2:q1_013,0.0,0,retained_by_q1,TgtAct:L-2/R+2,1,-1.0,-2,135.6796875,135.6796875,left,-1,left,decoded_from_declared_channel_code,-2.0,-1|-2,132.4609375,138.4609375,33910,35447,True,394,True,1,137.21484375,declared_response_code_observed,1.5390625,137.21875,-1,135.6609375,0.0187500000000113,,under_100ms_from_schedule_proxy_review_anchor,1,channel8_channel9_same_or_different_direction_only,1,1,True,cue_response_direction_comparable,True,True,True,
VisualCogA_Task-2,14,36415,142.24609375,-1,left,144.44609375,0.2s_cue_plus_approx_2.0s_wait_schedule_assumption,unresolved_from_allowed_channels,14.0,VisualCogA_Task-2:q1_014,0.0,0,retained_by_q1,TgtAct:L-2/R+2,1,1.0,2,144.4609375,144.4609375,right,1,right,decoded_from_declared_channel_code,2.0,1|2,141.24609375,147.24609375,36159,37696,True,434,True,1,146.15234375,declared_response_code_observed,1.6953125,146.15625,-1,144.44609375,0.0148437500000113,,under_100ms_from_schedule_proxy_review_anchor,0,channel8_channel9_same_or_different_direction_only,1,1,True,cue_response_direction_comparable,True,True,True,
VisualCogA_Task-2,15,38699,151.16796875,-1,left,153.36796875,0.2s_cue_plus_approx_2.0s_wait_schedule_assumption,unresolved_from_allowed_channels,15.0,VisualCogA_Task-2:q1_015,0.0,0,retained_by_q1,TgtAct:L-2/R+2,1,1.0,2,153.38671875,153.38671875,right,1,right,decoded_from_declared_channel_code,2.0,1|2,150.16796875,156.16796875,38443,39980,True,391,True,1,154.91015625,declared_response_code_observed,1.52734375,154.9140625,-1,153.36796875,0.0187500000000113,,under_100ms_from_schedule_proxy_review_anchor,0,channel8_channel9_same_or_different_direction_only,1,1,True,cue_response_direction_comparable,True,True,True,
VisualCogA_Task-2,16,40943,159.93359375,1,right,162.13359375,0.2s_cue_plus_approx_2.0s_wait_schedule_assumption,unresolved_from_allowed_channels,16.0,VisualCogA_Task-2:q1_016,0.0,0,retained_by_q1,TgtAct:L-2/R+2,1,-1.0,-2,162.15234375,162.15234375,left,-1,left,decoded_from_declared_channel_code,-2.0,-1|-2,158.93359375,164.93359375,40687,42224,True,364,True,1,163.5703125,declared_response_code_observed,1.421875,163.57421875,1,162.13359375,0.0187500000000113,,under_100ms_from_schedule_proxy_review_anchor,0,channel8_channel9_same_or_different_direction_only,1,1,True,cue_response_direction_comparable,True,True,True,
VisualCogA_Task-2,17,43164,168.609375,1,right,170.809375,0.2s_cue_plus_approx_2.0s_wait_schedule_assumption,unresolved_from_allowed_channels,17.0,VisualCogA_Task-2:q1_017,0.0,0,retained_by_q1,TgtAct:L-2/R+2,1,1.0,2,170.82421875,170.82421875,right,1,right,decoded_from_declared_channel_code,2.0,1|2,167.609375,173.609375,42908,44445,True,403,True,1,172.39453125,declared_response_code_observed,1.57421875,172.3984375,1,170.809375,0.0148437500000113,,under_100ms_from_schedule_proxy_review_anchor,1,channel8_channel9_same_or_different_direction_only,1,1,True,cue_response_direction_comparable,True,True,True,
VisualCogA_Task-2,18,45420,177.421875,-1,left,179.621875,0.2s_cue_plus_approx_2.0s_wait_schedule_assumption,unresolved_from_allowed_channels,18.0,VisualCogA_Task-2:q1_018,0.0,0,retained_by_q1,TgtAct:L-2/R+2,1,1.0,2,179.640625,179.640625,right,1,right,decoded_from_declared_channel_code,2.0,1|2,176.421875,182.421875,45164,46701,True,319,True,1,180.8828125,declared_response_code_observed,1.24609375,180.88671875,-1,179.621875,0.0187500000000113,,under_100ms_from_schedule_proxy_review_anchor,0,channel8_channel9_same_or_different_direction_only,1,1,True,cue_response_direction_comparable,True,True,True,
VisualCogA_Task-2,19,47593,185.91015625,-1,left,188.11015625,0.2s_cue_plus_approx_2.0s_wait_schedule_assumption,unresolved_from_allowed_channels,19.0,VisualCogA_Task-2:q1_019,0.0,0,retained_by_q1,TgtAct:L-2/R+2,1,1.0,2,188.125,188.125,right,1,right,decoded_from_declared_channel_code,2.0,1|2,184.91015625,190.91015625,47337,48874,True,379,True,1,189.6015625,declared_response_code_observed,1.48046875,189.60546875,-1,188.11015625,0.0148437500000113,,under_100ms_from_schedule_proxy_review_anchor,0,channel8_channel9_same_or_different_direction_only,1,1,True,cue_response_direction_comparable,True,True,True,
VisualCogA_Task-2,20,49821,194.61328125,1,right,196.81328125,0.2s_cue_plus_approx_2.0s_wait_schedule_assumption,unresolved_from_allowed_channels,20.0,VisualCogA_Task-2:q1_020,0.0,0,retained_by_q1,TgtAct:L-2/R+2,1,-1.0,-2,196.828125,196.828125,left,-1,left,decoded_from_declared_channel_code,-2.0,-1|-2,193.61328125,199.61328125,49565,51102,True,332,True,1,198.12109375,declared_response_code_observed,1.296875,198.125,1,196.81328125,0.0148437500000113,,under_100ms_from_schedule_proxy_review_anchor,0,channel8_channel9_same_or_different_direction_only,1,1,True,cue_response_direction_comparable,True,True,True,
VisualCogA_Task-2,21,52005,203.14453125,-1,left,205.34453125,0.2s_cue_plus_approx_2.0s_wait_schedule_assumption,unresolved_from_allowed_channels,21.0,VisualCogA_Task-2:q1_021,0.0,0,retained_by_q1,TgtAct:L-2/R+2,1,-1.0,-2,205.36328125,205.36328125,left,-1,left,decoded_from_declared_channel_code,-2.0,-1|-2,202.14453125,208.14453125,51749,53286,True,367,True,1,206.79296875,declared_response_code_observed,1.43359375,206.796875,-1,205.34453125,0.0187500000000113,,under_100ms_from_schedule_proxy_review_anchor,1,channel8_channel9_same_or_different_direction_only,1,1,True,cue_response_direction_comparable,True,True,True,
VisualCogA_Task-2,22,54226,211.8203125,1,right,214.0203125,0.2s_cue_plus_approx_2.0s_wait_schedule_assumption,unresolved_from_allowed_channels,,,,1,excluded_by_q1,TgtAct:L-2/R+2,1,1.0,2,214.03515625,214.03515625,right,1,right,decoded_from_declared_channel_code,2.0,1|2,210.8203125,216.8203125,53970,55507,True,339,True,1,215.35546875,declared_response_code_observed,1.32421875,215.359375,1,214.0203125,0.0148437500000113,,under_100ms_from_schedule_proxy_review_anchor,1,channel8_channel9_same_or_different_direction_only,1,1,True,cue_response_direction_comparable,False,False,True,
VisualCogA_Task-2,23,56418,220.3828125,1,right,222.5828125,0.2s_cue_plus_approx_2.0s_wait_schedule_assumption,unresolved_from_allowed_channels,22.0,VisualCogA_Task-2:q1_022,0.0,0,retained_by_q1,TgtAct:L-2/R+2,1,-1.0,-2,222.6015625,222.6015625,left,-1,left,decoded_from_declared_channel_code,-2.0,-1|-2,219.3828125,225.3828125,56162,57699,True,359,True,1,224.0,declared_response_code_observed,1.40234375,224.00390625,1,222.5828125,0.0187500000000113,,under_100ms_from_schedule_proxy_review_anchor,0,channel8_channel9_same_or_different_direction_only,1,1,True,cue_response_direction_comparable,True,True,True,
VisualCogA_Task-2,24,58631,229.02734375,-1,left,231.22734375,0.2s_cue_plus_approx_2.0s_wait_schedule_assumption,unresolved_from_allowed_channels,23.0,VisualCogA_Task-2:q1_023,0.0,0,retained_by_q1,TgtAct:L-2/R+2,1,1.0,2,231.2421875,231.2421875,right,1,right,decoded_from_declared_channel_code,2.0,1|2,228.02734375,234.02734375,58375,59912,True,315,True,1,232.46875,declared_response_code_observed,1.23046875,232.47265625,-1,231.22734375,0.0148437500000113,,under_100ms_from_schedule_proxy_review_anchor,0,channel8_channel9_same_or_different_direction_only,1,1,True,cue_response_direction_comparable,True,True,True,
VisualCogA_Task-2,25,60795,237.48046875,-1,left,239.68046875,0.2s_cue_plus_approx_2.0s_wait_schedule_assumption,unresolved_from_allowed_channels,24.0,VisualCogA_Task-2:q1_024,0.0,0,retained_by_q1,TgtAct:L-2/R+2,1,1.0,2,239.69921875,239.69921875,right,1,right,decoded_from_declared_channel_code,2.0,1|2,236.48046875,242.48046875,60539,62076,True,326,True,1,240.96875,declared_response_code_observed,1.2734375,240.97265625,-1,239.68046875,0.0187500000000113,,under_100ms_from_schedule_proxy_review_anchor,0,channel8_channel9_same_or_different_direction_only,1,1,True,cue_response_direction_comparable,True,True,True,
VisualCogA_Task-2,26,62972,245.984375,1,right,248.184375,0.2s_cue_plus_approx_2.0s_wait_schedule_assumption,unresolved_from_allowed_channels,25.0,VisualCogA_Task-2:q1_025,0.0,0,retained_by_q1,TgtAct:L-2/R+2,1,1.0,2,248.19921875,248.19921875,right,1,right,decoded_from_declared_channel_code,2.0,1|2,244.984375,250.984375,62716,64253,True,357,True,1,249.58984375,declared_response_code_observed,1.39453125,249.59375,1,248.184375,0.0148437500000113,,under_100ms_from_schedule_proxy_review_anchor,1,channel8_channel9_same_or_different_direction_only,1,1,True,cue_response_direction_comparable,True,True,True,
VisualCogA_Task-2,27,65181,254.61328125,1,right,256.81328125,0.2s_cue_plus_approx_2.0s_wait_schedule_assumption,unresolved_from_allowed_channels,26.0,VisualCogA_Task-2:q1_026,0.0,0,retained_by_q1,TgtAct:L-2/R+2,1,1.0,2,256.828125,256.828125,right,1,right,decoded_from_declared_channel_code,2.0,1|2,253.61328125,259.61328125,64925,66462,True,372,True,1,258.27734375,declared_response_code_observed,1.453125,258.28125,1,256.81328125,0.0148437500000113,,under_100ms_from_schedule_proxy_review_anchor,1,channel8_channel9_same_or_different_direction_only,1,1,True,cue_response_direction_comparable,True,True,True,
VisualCogA_Task-2,28,67405,263.30078125,1,right,265.50078125,0.2s_cue_plus_approx_2.0s_wait_schedule_assumption,unresolved_from_allowed_channels,27.0,VisualCogA_Task-2:q1_027,0.0,0,retained_by_q1,TgtAct:L-2/R+2,1,1.0,2,265.515625,265.515625,right,1,right,decoded_from_declared_channel_code,2.0,1|2,262.30078125,268.30078125,67149,68686,True,428,True,1,267.18359375,declared_response_code_observed,1.671875,267.1875,1,265.50078125,0.0148437500000113,,under_100ms_from_schedule_proxy_review_anchor,1,channel8_channel9_same_or_different_direction_only,1,1,True,cue_response_direction_comparable,True,True,True,
VisualCogA_Task-2,29,69685,272.20703125,-1,left,274.40703125,0.2s_cue_plus_approx_2.0s_wait_schedule_assumption,unresolved_from_allowed_channels,,,,1,excluded_by_q1,TgtAct:L-2/R+2,1,-1.0,-2,274.421875,274.421875,left,-1,left,decoded_from_declared_channel_code,-2.0,-1|-2,271.20703125,277.20703125,69429,70966,True,405,True,1,276.0,declared_response_code_observed,1.58203125,276.00390625,-1,274.40703125,0.0148437500000113,,under_100ms_from_schedule_proxy_review_anchor,1,channel8_channel9_same_or_different_direction_only,1,1,True,cue_response_direction_comparable,False,False,True,
VisualCogA_Task-2,30,71941,281.01953125,-1,left,283.21953125,0.2s_cue_plus_approx_2.0s_wait_schedule_assumption,unresolved_from_allowed_channels,,,,1,excluded_by_q1,TgtAct:L-2/R+2,1,1.0,2,283.23828125,283.23828125,right,1,right,decoded_from_declared_channel_code,2.0,1|2,280.01953125,286.01953125,71685,73222,True,311,True,1,284.44921875,declared_response_code_observed,1.21484375,284.453125,-1,283.21953125,0.0187500000000113,,under_100ms_from_schedule_proxy_review_anchor,0,channel8_channel9_same_or_different_direction_only,1,1,True,cue_response_direction_comparable,False,False,True,
VisualCogA_Task-2,31,74110,289.4921875,-1,left,291.6921875,0.2s_cue_plus_approx_2.0s_wait_schedule_assumption,unresolved_from_allowed_channels,28.0,VisualCogA_Task-2:q1_028,0.0,0,retained_by_q1,TgtAct:L-2/R+2,1,1.0,2,291.70703125,291.70703125,right,1,right,decoded_from_declared_channel_code,2.0,1|2,288.4921875,294.4921875,73854,75391,True,300,True,1,292.875,declared_response_code_observed,1.171875,292.87890625,-1,291.6921875,0.0148437500000113,,under_100ms_from_schedule_proxy_review_anchor,0,channel8_channel9_same_or_different_direction_only,1,1,True,cue_response_direction_comparable,True,True,True,
VisualCogA_Task-2,32,76262,297.8984375,1,right,300.0984375,0.2s_cue_plus_approx_2.0s_wait_schedule_assumption,unresolved_from_allowed_channels,,,,1,excluded_by_q1,TgtAct:L-2/R+2,1,1.0,2,300.1171875,300.1171875,right,1,right,decoded_from_declared_channel_code,2.0,1|2,296.8984375,302.8984375,76006,77543,True,335,True,1,301.421875,declared_response_code_observed,1.30859375,301.42578125,1,300.0984375,0.0187500000000113,,under_100ms_from_schedule_proxy_review_anchor,1,channel8_channel9_same_or_different_direction_only,1,1,True,cue_response_direction_comparable,False,False,True,
VisualCogA_Task-2,33,78455,306.46484375,-1,left,308.66484375,0.2s_cue_plus_approx_2.0s_wait_schedule_assumption,unresolved_from_allowed_channels,,,,1,excluded_by_q1,TgtAct:L-2/R+2,1,-1.0,-2,308.6796875,308.6796875,left,-1,left,decoded_from_declared_channel_code,-2.0,-1|-2,305.46484375,311.46484375,78199,79736,True,385,True,1,310.1796875,declared_response_code_observed,1.50390625,310.18359375,-1,308.66484375,0.0148437500000113,,under_100ms_from_schedule_proxy_review_anchor,1,channel8_channel9_same_or_different_direction_only,1,1,True,cue_response_direction_comparable,False,False,True,
VisualCogA_Task-2,34,80691,315.19921875,-1,left,317.39921875,0.2s_cue_plus_approx_2.0s_wait_schedule_assumption,unresolved_from_allowed_channels,,,,1,excluded_by_q1,TgtAct:L-2/R+2,1,-1.0,-2,317.4140625,317.4140625,left,-1,left,decoded_from_declared_channel_code,-2.0,-1|-2,314.19921875,320.19921875,80435,81972,True,375,True,1,318.875,declared_response_code_observed,1.46484375,318.87890625,-1,317.39921875,0.0148437500000113,,under_100ms_from_schedule_proxy_review_anchor,1,channel8_channel9_same_or_different_direction_only,1,1,True,cue_response_direction_comparable,False,False,True,
VisualCogA_Task-2,35,82915,323.88671875,1,right,326.08671875,0.2s_cue_plus_approx_2.0s_wait_schedule_assumption,unresolved_from_allowed_channels,29.0,VisualCogA_Task-2:q1_029,0.0,0,retained_by_q1,TgtAct:L-2/R+2,1,1.0,2,326.10546875,326.10546875,right,1,right,decoded_from_declared_channel_code,2.0,1|2,322.88671875,328.88671875,82659,84196,True,303,True,1,327.28515625,declared_response_code_observed,1.18359375,327.2890625,1,326.08671875,0.0187500000000113,,under_100ms_from_schedule_proxy_review_anchor,1,channel8_channel9_same_or_different_direction_only,1,1,True,cue_response_direction_comparable,True,True,True,
VisualCogA_Task-2,36,85072,332.3125,1,right,334.5125,0.2s_cue_plus_approx_2.0s_wait_schedule_assumption,unresolved_from_allowed_channels,30.0,VisualCogA_Task-2:q1_030,0.0,0,retained_by_q1,TgtAct:L-2/R+2,1,1.0,2,334.52734375,334.52734375,right,1,right,decoded_from_declared_channel_code,2.0,1|2,331.3125,337.3125,84816,86353,True,345,True,1,335.87109375,declared_response_code_observed,1.34765625,335.875,1,334.5125,0.0148437500000113,,under_100ms_from_schedule_proxy_review_anchor,1,channel8_channel9_same_or_different_direction_only,1,1,True,cue_response_direction_comparable,True,True,True,
VisualCogA_Task-2,37,87272,340.90625,-1,left,343.10625,0.2s_cue_plus_approx_2.0s_wait_schedule_assumption,unresolved_from_allowed_channels,31.0,VisualCogA_Task-2:q1_031,0.0,0,retained_by_q1,TgtAct:L-2/R+2,1,1.0,2,343.125,343.125,right,1,right,decoded_from_declared_channel_code,2.0,1|2,339.90625,345.90625,87016,88553,True,366,True,1,344.55078125,declared_response_code_observed,1.4296875,344.5546875,-1,343.10625,0.0187500000000113,,under_100ms_from_schedule_proxy_review_anchor,0,channel8_channel9_same_or_different_direction_only,1,1,True,cue_response_direction_comparable,True,True,True,
VisualCogA_Task-2,38,89489,349.56640625,1,right,351.76640625,0.2s_cue_plus_approx_2.0s_wait_schedule_assumption,unresolved_from_allowed_channels,,,,1,excluded_by_q1,TgtAct:L-2/R+2,1,1.0,2,351.78515625,351.78515625,right,1,right,decoded_from_declared_channel_code,2.0,1|2,348.56640625,354.56640625,89233,90770,True,417,True,1,353.41015625,declared_response_code_observed,1.62890625,353.4140625,1,351.76640625,0.0187500000000113,,under_100ms_from_schedule_proxy_review_anchor,1,channel8_channel9_same_or_different_direction_only,1,1,True,cue_response_direction_comparable,False,False,True,
VisualCogA_Task-2,39,91757,358.42578125,-1,left,360.62578125,0.2s_cue_plus_approx_2.0s_wait_schedule_assumption,unresolved_from_allowed_channels,32.0,VisualCogA_Task-2:q1_032,0.0,0,retained_by_q1,TgtAct:L-2/R+2,1,1.0,2,360.64453125,360.64453125,right,1,right,decoded_from_declared_channel_code,2.0,1|2,357.42578125,363.42578125,91501,93038,True,326,True,1,361.9140625,declared_response_code_observed,1.2734375,361.91796875,-1,360.62578125,0.0187500000000113,,under_100ms_from_schedule_proxy_review_anchor,0,channel8_channel9_same_or_different_direction_only,1,1,True,cue_response_direction_comparable,True,True,True,
VisualCogA_Task-2,40,93938,366.9453125,-1,left,369.1453125,0.2s_cue_plus_approx_2.0s_wait_schedule_assumption,unresolved_from_allowed_channels,,,,1,excluded_by_q1,TgtAct:L-2/R+2,1,-1.0,-2,369.16015625,369.16015625,left,-1,left,decoded_from_declared_channel_code,-2.0,-1|-2,365.9453125,371.9453125,93682,95219,True,393,True,1,370.69140625,declared_response_code_observed,1.53515625,370.6953125,-1,369.1453125,0.0148437500000113,,under_100ms_from_schedule_proxy_review_anchor,1,channel8_channel9_same_or_different_direction_only,1,1,True,cue_response_direction_comparable,False,False,True,
VisualCogA_Task-2,41,96182,375.7109375,-1,left,377.9109375,0.2s_cue_plus_approx_2.0s_wait_schedule_assumption,unresolved_from_allowed_channels,33.0,VisualCogA_Task-2:q1_033,0.0,0,retained_by_q1,TgtAct:L-2/R+2,1,-1.0,-2,377.9296875,377.9296875,left,-1,left,decoded_from_declared_channel_code,-2.0,-1|-2,374.7109375,380.7109375,95926,97463,True,342,True,1,379.26171875,declared_response_code_observed,1.3359375,379.265625,-1,377.9109375,0.0187500000000113,,under_100ms_from_schedule_proxy_review_anchor,1,channel8_channel9_same_or_different_direction_only,1,1,True,cue_response_direction_comparable,True,True,True,
VisualCogA_Task-2,42,98375,384.27734375,-1,left,386.47734375,0.2s_cue_plus_approx_2.0s_wait_schedule_assumption,unresolved_from_allowed_channels,,,,1,excluded_by_q1,TgtAct:L-2/R+2,1,-1.0,-2,386.4921875,386.4921875,left,-1,left,decoded_from_declared_channel_code,-2.0,-1|-2,383.27734375,389.27734375,98119,99656,True,342,True,1,387.82421875,declared_response_code_observed,1.3359375,387.828125,-1,386.47734375,0.0148437500000113,,under_100ms_from_schedule_proxy_review_anchor,1,channel8_channel9_same_or_different_direction_only,1,1,True,cue_response_direction_comparable,False,False,True,
VisualCogA_Task-2,43,100571,392.85546875,-1,left,395.05546875,0.2s_cue_plus_approx_2.0s_wait_schedule_assumption,unresolved_from_allowed_channels,34.0,VisualCogA_Task-2:q1_034,0.0,0,retained_by_q1,TgtAct:L-2/R+2,1,1.0,2,395.07421875,395.07421875,right,1,right,decoded_from_declared_channel_code,2.0,1|2,391.85546875,397.85546875,100315,101852,True,419,True,1,396.70703125,declared_response_code_observed,1.63671875,396.7109375,-1,395.05546875,0.0187500000000113,,under_100ms_from_schedule_proxy_review_anchor,0,channel8_channel9_same_or_different_direction_only,1,1,True,cue_response_direction_comparable,True,True,True,
VisualCogA_Task-2,44,102843,401.73046875,-1,left,403.93046875,0.2s_cue_plus_approx_2.0s_wait_schedule_assumption,unresolved_from_allowed_channels,,,,1,excluded_by_q1,TgtAct:L-2/R+2,1,1.0,2,403.94921875,403.94921875,right,1,right,decoded_from_declared_channel_code,2.0,1|2,400.73046875,406.73046875,102587,104124,True,309,True,1,405.15234375,declared_response_code_observed,1.20703125,405.15625,-1,403.93046875,0.0187500000000113,,under_100ms_from_schedule_proxy_review_anchor,0,channel8_channel9_same_or_different_direction_only,1,1,True,cue_response_direction_comparable,False,False,True,
VisualCogA_Task-2,45,105004,410.171875,-1,left,412.371875,0.2s_cue_plus_approx_2.0s_wait_schedule_assumption,unresolved_from_allowed_channels,35.0,VisualCogA_Task-2:q1_035,0.0,0,retained_by_q1,TgtAct:L-2/R+2,1,-1.0,-2,412.390625,412.390625,left,-1,left,decoded_from_declared_channel_code,-2.0,-1|-2,409.171875,415.171875,104748,106285,True,344,True,1,413.73046875,declared_response_code_observed,1.34375,413.734375,-1,412.371875,0.0187500000000113,,under_100ms_from_schedule_proxy_review_anchor,1,channel8_channel9_same_or_different_direction_only,1,1,True,cue_response_direction_comparable,True,True,True,
VisualCogA_Task-2,46,107201,418.75390625,-1,left,420.95390625,0.2s_cue_plus_approx_2.0s_wait_schedule_assumption,unresolved_from_allowed_channels,36.0,VisualCogA_Task-2:q1_036,0.0,0,retained_by_q1,TgtAct:L-2/R+2,1,1.0,2,420.96875,420.96875,right,1,right,decoded_from_declared_channel_code,2.0,1|2,417.75390625,423.75390625,106945,108482,True,314,True,1,422.19140625,declared_response_code_observed,1.2265625,422.1953125,-1,420.95390625,0.0148437500000113,,under_100ms_from_schedule_proxy_review_anchor,0,channel8_channel9_same_or_different_direction_only,1,1,True,cue_response_direction_comparable,True,True,True,
VisualCogA_Task-2,47,109365,427.20703125,-1,left,429.40703125,0.2s_cue_plus_approx_2.0s_wait_schedule_assumption,unresolved_from_allowed_channels,37.0,VisualCogA_Task-2:q1_037,0.0,0,retained_by_q1,TgtAct:L-2/R+2,1,-1.0,-2,429.42578125,429.42578125,left,-1,left,decoded_from_declared_channel_code,-2.0,-1|-2,426.20703125,432.20703125,109109,110646,True,385,True,1,430.92578125,declared_response_code_observed,1.50390625,430.9296875,-1,429.40703125,0.0187500000000113,,under_100ms_from_schedule_proxy_review_anchor,1,channel8_channel9_same_or_different_direction_only,1,1,True,cue_response_direction_comparable,True,True,True,
VisualCogA_Task-2,48,111601,435.94140625,1,right,438.14140625,0.2s_cue_plus_approx_2.0s_wait_schedule_assumption,unresolved_from_allowed_channels,38.0,VisualCogA_Task-2:q1_038,0.0,0,retained_by_q1,TgtAct:L-2/R+2,1,-1.0,-2,438.16015625,438.16015625,left,-1,left,decoded_from_declared_channel_code,-2.0,-1|-2,434.94140625,440.94140625,111345,112882,True,383,True,1,439.65234375,declared_response_code_observed,1.49609375,439.65625,1,438.14140625,0.0187500000000113,,under_100ms_from_schedule_proxy_review_anchor,0,channel8_channel9_same_or_different_direction_only,1,1,True,cue_response_direction_comparable,True,True,True,
VisualCogA_Task-2,49,113838,444.6796875,1,right,446.8796875,0.2s_cue_plus_approx_2.0s_wait_schedule_assumption,unresolved_from_allowed_channels,39.0,VisualCogA_Task-2:q1_039,0.0,0,retained_by_q1,TgtAct:L-2/R+2,1,-1.0,-2,446.8984375,446.8984375,left,-1,left,decoded_from_declared_channel_code,-2.0,-1|-2,443.6796875,449.6796875,113582,115119,True,380,True,1,448.37890625,declared_response_code_observed,1.484375,448.3828125,1,446.8796875,0.0187500000000113,,under_100ms_from_schedule_proxy_review_anchor,0,channel8_channel9_same_or_different_direction_only,1,1,True,cue_response_direction_comparable,True,True,True,
VisualCogA_Task-2,50,116071,453.40234375,-1,left,455.60234375,0.2s_cue_plus_approx_2.0s_wait_schedule_assumption,unresolved_from_allowed_channels,,,,1,excluded_by_q1,TgtAct:L-2/R+2,1,1.0,2,455.6171875,455.6171875,right,1,right,decoded_from_declared_channel_code,2.0,1|2,452.40234375,458.40234375,115815,117352,True,374,True,1,457.07421875,declared_response_code_observed,1.4609375,457.078125,-1,455.60234375,0.0148437500000113,,under_100ms_from_schedule_proxy_review_anchor,0,channel8_channel9_same_or_different_direction_only,1,1,True,cue_response_direction_comparable,False,False,True,
VisualCogA_Task-2,51,118295,462.08984375,1,right,464.28984375,0.2s_cue_plus_approx_2.0s_wait_schedule_assumption,unresolved_from_allowed_channels,40.0,VisualCogA_Task-2:q1_040,0.0,0,retained_by_q1,TgtAct:L-2/R+2,1,1.0,2,464.3046875,464.3046875,right,1,right,decoded_from_declared_channel_code,2.0,1|2,461.08984375,467.08984375,118039,119576,True,297,True,1,465.4609375,declared_response_code_observed,1.16015625,465.46484375,1,464.28984375,0.0148437500000113,,under_100ms_from_schedule_proxy_review_anchor,1,channel8_channel9_same_or_different_direction_only,1,1,True,cue_response_direction_comparable,True,True,True,
VisualCogA_Task-2,52,120443,470.48046875,1,right,472.68046875,0.2s_cue_plus_approx_2.0s_wait_schedule_assumption,unresolved_from_allowed_channels,41.0,VisualCogA_Task-2:q1_041,0.0,0,retained_by_q1,TgtAct:L-2/R+2,1,-1.0,-2,472.69921875,472.69921875,left,-1,left,decoded_from_declared_channel_code,-2.0,-1|-2,469.48046875,475.48046875,120187,121724,True,370,True,1,474.140625,declared_response_code_observed,1.4453125,474.14453125,1,472.68046875,0.0187500000000113,,under_100ms_from_schedule_proxy_review_anchor,0,channel8_channel9_same_or_different_direction_only,1,1,True,cue_response_direction_comparable,True,True,True,
VisualCogA_Task-2,53,122664,479.15625,-1,left,481.35625,0.2s_cue_plus_approx_2.0s_wait_schedule_assumption,unresolved_from_allowed_channels,42.0,VisualCogA_Task-2:q1_042,0.0,0,retained_by_q1,TgtAct:L-2/R+2,1,1.0,2,481.37109375,481.37109375,right,1,right,decoded_from_declared_channel_code,2.0,1|2,478.15625,484.15625,122408,123945,True,360,True,1,482.7734375,declared_response_code_observed,1.40625,482.77734375,-1,481.35625,0.0148437500000113,,under_100ms_from_schedule_proxy_review_anchor,0,channel8_channel9_same_or_different_direction_only,1,1,True,cue_response_direction_comparable,True,True,True,
VisualCogA_Task-2,54,124876,487.796875,-1,left,489.996875,0.2s_cue_plus_approx_2.0s_wait_schedule_assumption,unresolved_from_allowed_channels,43.0,VisualCogA_Task-2:q1_043,0.0,0,retained_by_q1,TgtAct:L-2/R+2,1,1.0,2,490.015625,490.015625,right,1,right,decoded_from_declared_channel_code,2.0,1|2,486.796875,492.796875,124620,126157,True,325,True,1,491.28125,declared_response_code_observed,1.26953125,491.28515625,-1,489.996875,0.0187500000000113,,under_100ms_from_schedule_proxy_review_anchor,0,channel8_channel9_same_or_different_direction_only,1,1,True,cue_response_direction_comparable,True,True,True,
VisualCogA_Task-2,55,127057,496.31640625,1,right,498.51640625,0.2s_cue_plus_approx_2.0s_wait_schedule_assumption,unresolved_from_allowed_channels,44.0,VisualCogA_Task-2:q1_044,0.0,0,retained_by_q1,TgtAct:L-2/R+2,1,1.0,2,498.53125,498.53125,right,1,right,decoded_from_declared_channel_code,2.0,1|2,495.31640625,501.31640625,126801,128338,True,371,True,1,499.9765625,declared_response_code_observed,1.44921875,499.98046875,1,498.51640625,0.0148437500000113,,under_100ms_from_schedule_proxy_review_anchor,1,channel8_channel9_same_or_different_direction_only,1,1,True,cue_response_direction_comparable,True,True,True,
VisualCogA_Task-2,56,129277,504.98828125,1,right,507.18828125,0.2s_cue_plus_approx_2.0s_wait_schedule_assumption,unresolved_from_allowed_channels,45.0,VisualCogA_Task-2:q1_045,0.0,0,retained_by_q1,TgtAct:L-2/R+2,1,-1.0,-2,507.20703125,507.20703125,left,-1,left,decoded_from_declared_channel_code,-2.0,-1|-2,503.98828125,509.98828125,129021,130558,True,373,True,1,508.66015625,declared_response_code_observed,1.45703125,508.6640625,1,507.18828125,0.0187500000000113,,under_100ms_from_schedule_proxy_review_anchor,0,channel8_channel9_same_or_different_direction_only,1,1,True,cue_response_direction_comparable,True,True,True,
VisualCogA_Task-2,57,131502,513.6796875,1,right,515.8796875,0.2s_cue_plus_approx_2.0s_wait_schedule_assumption,unresolved_from_allowed_channels,46.0,VisualCogA_Task-2:q1_046,0.0,0,retained_by_q1,TgtAct:L-2/R+2,1,1.0,2,515.89453125,515.89453125,right,1,right,decoded_from_declared_channel_code,2.0,1|2,512.6796875,518.6796875,131246,132783,True,386,True,1,517.3984375,declared_response_code_observed,1.5078125,517.40234375,1,515.8796875,0.0148437499999545,,under_100ms_from_schedule_proxy_review_anchor,1,channel8_channel9_same_or_different_direction_only,1,1,True,cue_response_direction_comparable,True,True,True,
VisualCogA_Task-2,58,133738,522.4140625,1,right,524.6140625,0.2s_cue_plus_approx_2.0s_wait_schedule_assumption,unresolved_from_allowed_channels,47.0,VisualCogA_Task-2:q1_047,0.0,0,retained_by_q1,TgtAct:L-2/R+2,1,-1.0,-2,524.6328125,524.6328125,left,-1,left,decoded_from_declared_channel_code,-2.0,-1|-2,521.4140625,527.4140625,133482,135019,True,376,True,1,526.09765625,declared_response_code_observed,1.46875,526.1015625,1,524.6140625,0.0187499999999545,,under_100ms_from_schedule_proxy_review_anchor,0,channel8_channel9_same_or_different_direction_only,1,1,True,cue_response_direction_comparable,True,True,True,
VisualCogA_Task-2,59,135966,531.1171875,1,right,533.3171875,0.2s_cue_plus_approx_2.0s_wait_schedule_assumption,unresolved_from_allowed_channels,,,,1,excluded_by_q1,TgtAct:L-2/R+2,1,-1.0,-2,533.3359375,533.3359375,left,-1,left,decoded_from_declared_channel_code,-2.0,-1|-2,530.1171875,536.1171875,135710,137247,True,383,True,1,534.828125,declared_response_code_observed,1.49609375,534.83203125,1,533.3171875,0.0187499999999545,,under_100ms_from_schedule_proxy_review_anchor,0,channel8_channel9_same_or_different_direction_only,1,1,True,cue_response_direction_comparable,False,False,True,
VisualCogA_Task-2,60,138203,539.85546875,-1,left,542.05546875,0.2s_cue_plus_approx_2.0s_wait_schedule_assumption,unresolved_from_allowed_channels,48.0,VisualCogA_Task-2:q1_048,0.0,0,retained_by_q1,TgtAct:L-2/R+2,1,1.0,2,542.0703125,542.0703125,right,1,right,decoded_from_declared_channel_code,2.0,1|2,538.85546875,544.85546875,137947,139484,True,390,True,1,543.58984375,declared_response_code_observed,1.5234375,543.59375,-1,542.05546875,0.0148437499999545,,under_100ms_from_schedule_proxy_review_anchor,0,channel8_channel9_same_or_different_direction_only,1,1,True,cue_response_direction_comparable,True,True,True,
VisualCogA_Task-2,61,140443,548.60546875,1,right,550.80546875,0.2s_cue_plus_approx_2.0s_wait_schedule_assumption,unresolved_from_allowed_channels,,,,1,excluded_by_q1,TgtAct:L-2/R+2,1,-1.0,-2,550.82421875,550.82421875,left,-1,left,decoded_from_declared_channel_code,-2.0,-1|-2,547.60546875,553.60546875,140187,141724,True,329,True,1,552.10546875,declared_response_code_observed,1.28515625,552.109375,1,550.80546875,0.0187499999999545,,under_100ms_from_schedule_proxy_review_anchor,0,channel8_channel9_same_or_different_direction_only,1,1,True,cue_response_direction_comparable,False,False,True,
VisualCogA_Task-2,62,142628,557.140625,-1,left,559.340625,0.2s_cue_plus_approx_2.0s_wait_schedule_assumption,unresolved_from_allowed_channels,,,,1,excluded_by_q1,TgtAct:L-2/R+2,1,1.0,2,559.35546875,559.35546875,right,1,right,decoded_from_declared_channel_code,2.0,1|2,556.140625,562.140625,142372,143909,True,348,True,1,560.7109375,declared_response_code_observed,1.359375,560.71484375,-1,559.340625,0.0148437499999545,,under_100ms_from_schedule_proxy_review_anchor,0,channel8_channel9_same_or_different_direction_only,1,1,True,cue_response_direction_comparable,False,False,True,
VisualCogA_Task-2,63,144828,565.734375,-1,left,567.934375,0.2s_cue_plus_approx_2.0s_wait_schedule_assumption,unresolved_from_allowed_channels,49.0,VisualCogA_Task-2:q1_049,0.0,0,retained_by_q1,TgtAct:L-2/R+2,1,-1.0,-2,567.953125,567.953125,left,-1,left,decoded_from_declared_channel_code,-2.0,-1|-2,564.734375,570.734375,144572,146109,True,345,True,1,569.296875,declared_response_code_observed,1.34765625,569.30078125,-1,567.934375,0.0187499999999545,,under_100ms_from_schedule_proxy_review_anchor,1,channel8_channel9_same_or_different_direction_only,1,1,True,cue_response_direction_comparable,True,True,True,
VisualCogA_Task-2,64,147025,574.31640625,1,right,576.51640625,0.2s_cue_plus_approx_2.0s_wait_schedule_assumption,unresolved_from_allowed_channels,50.0,VisualCogA_Task-2:q1_050,0.0,0,retained_by_q1,TgtAct:L-2/R+2,1,1.0,2,576.53125,576.53125,right,1,right,decoded_from_declared_channel_code,2.0,1|2,573.31640625,579.31640625,146769,148306,True,324,True,1,577.79296875,declared_response_code_observed,1.265625,577.796875,1,576.51640625,0.0148437499999545,,under_100ms_from_schedule_proxy_review_anchor,1,channel8_channel9_same_or_different_direction_only,1,1,True,cue_response_direction_comparable,True,True,True,
VisualCogA_Task-2,65,149201,582.81640625,-1,left,585.01640625,0.2s_cue_plus_approx_2.0s_wait_schedule_assumption,unresolved_from_allowed_channels,51.0,VisualCogA_Task-2:q1_051,0.0,0,retained_by_q1,TgtAct:L-2/R+2,1,-1.0,-2,585.03515625,585.03515625,left,-1,left,decoded_from_declared_channel_code,-2.0,-1|-2,581.81640625,587.81640625,148945,150482,True,331,True,1,586.32421875,declared_response_code_observed,1.29296875,586.328125,-1,585.01640625,0.0187499999999545,,under_100ms_from_schedule_proxy_review_anchor,1,channel8_channel9_same_or_different_direction_only,1,1,True,cue_response_direction_comparable,True,True,True,
VisualCogA_Task-2,66,151386,591.3515625,1,right,593.5515625,0.2s_cue_plus_approx_2.0s_wait_schedule_assumption,unresolved_from_allowed_channels,52.0,VisualCogA_Task-2:q1_052,0.0,0,retained_by_q1,TgtAct:L-2/R+2,1,1.0,2,593.56640625,593.56640625,right,1,right,decoded_from_declared_channel_code,2.0,1|2,590.3515625,596.3515625,151130,152667,True,323,True,1,594.82421875,declared_response_code_observed,1.26171875,594.828125,1,593.5515625,0.0148437499999545,,under_100ms_from_schedule_proxy_review_anchor,1,channel8_channel9_same_or_different_direction_only,1,1,True,cue_response_direction_comparable,True,True,True,
VisualCogA_Task-2,67,153562,599.8515625,1,right,602.0515625,0.2s_cue_plus_approx_2.0s_wait_schedule_assumption,unresolved_from_allowed_channels,,,,1,excluded_by_q1,TgtAct:L-2/R+2,1,-1.0,-2,602.06640625,602.06640625,left,-1,left,decoded_from_declared_channel_code,-2.0,-1|-2,598.8515625,604.8515625,153306,154843,True,391,True,1,603.58984375,declared_response_code_observed,1.52734375,603.59375,1,602.0515625,0.0148437499999545,,under_100ms_from_schedule_proxy_review_anchor,0,channel8_channel9_same_or_different_direction_only,1,1,True,cue_response_direction_comparable,False,False,True,
VisualCogA_Task-2,68,155802,608.6015625,-1,left,610.8015625,0.2s_cue_plus_approx_2.0s_wait_schedule_assumption,unresolved_from_allowed_channels,53.0,VisualCogA_Task-2:q1_053,0.0,0,retained_by_q1,TgtAct:L-2/R+2,1,-1.0,-2,610.8203125,610.8203125,left,-1,left,decoded_from_declared_channel_code,-2.0,-1|-2,607.6015625,613.6015625,155546,157083,True,396,True,1,612.36328125,declared_response_code_observed,1.546875,612.3671875,-1,610.8015625,0.0187499999999545,,under_100ms_from_schedule_proxy_review_anchor,1,channel8_channel9_same_or_different_direction_only,1,1,True,cue_response_direction_comparable,True,True,True,
VisualCogA_Task-2,69,158051,617.38671875,-1,left,619.58671875,0.2s_cue_plus_approx_2.0s_wait_schedule_assumption,unresolved_from_allowed_channels,54.0,VisualCogA_Task-2:q1_054,0.0,0,retained_by_q1,TgtAct:L-2/R+2,1,-1.0,-2,619.6015625,619.6015625,left,-1,left,decoded_from_declared_channel_code,-2.0,-1|-2,616.38671875,622.38671875,157795,159332,True,342,True,1,620.93359375,declared_response_code_observed,1.3359375,620.9375,-1,619.58671875,0.0148437499999545,,under_100ms_from_schedule_proxy_review_anchor,1,channel8_channel9_same_or_different_direction_only,1,1,True,cue_response_direction_comparable,True,True,True,
VisualCogA_Task-2,70,160243,625.94921875,1,right,628.14921875,0.2s_cue_plus_approx_2.0s_wait_schedule_assumption,unresolved_from_allowed_channels,55.0,VisualCogA_Task-2:q1_055,0.0,0,retained_by_q1,TgtAct:L-2/R+2,1,-1.0,-2,628.16796875,628.16796875,left,-1,left,decoded_from_declared_channel_code,-2.0,-1|-2,624.94921875,630.94921875,159987,161524,True,316,True,1,629.3984375,declared_response_code_observed,1.234375,629.40234375,1,628.14921875,0.0187499999999545,,under_100ms_from_schedule_proxy_review_anchor,0,channel8_channel9_same_or_different_direction_only,1,1,True,cue_response_direction_comparable,True,True,True,
VisualCogA_Task-2,71,162412,634.421875,1,right,636.621875,0.2s_cue_plus_approx_2.0s_wait_schedule_assumption,unresolved_from_allowed_channels,56.0,VisualCogA_Task-2:q1_056,0.0,0,retained_by_q1,TgtAct:L-2/R+2,1,-1.0,-2,636.63671875,636.63671875,left,-1,left,decoded_from_declared_channel_code,-2.0,-1|-2,633.421875,639.421875,162156,163693,True,298,True,1,637.796875,declared_response_code_observed,1.1640625,637.80078125,1,636.621875,0.0148437499999545,,under_100ms_from_schedule_proxy_review_anchor,0,channel8_channel9_same_or_different_direction_only,1,1,True,cue_response_direction_comparable,True,True,True,
VisualCogA_Task-2,72,164560,642.8125,1,right,645.0125,0.2s_cue_plus_approx_2.0s_wait_schedule_assumption,unresolved_from_allowed_channels,57.0,VisualCogA_Task-2:q1_057,0.0,0,retained_by_q1,TgtAct:L-2/R+2,1,1.0,2,645.02734375,645.02734375,right,1,right,decoded_from_declared_channel_code,2.0,1|2,641.8125,647.8125,164304,165841,True,377,True,1,646.49609375,declared_response_code_observed,1.47265625,646.5,1,645.0125,0.0148437499999545,,under_100ms_from_schedule_proxy_review_anchor,1,channel8_channel9_same_or_different_direction_only,1,1,True,cue_response_direction_comparable,True,True,True,
VisualCogA_Task-2,73,166789,651.51953125,1,right,653.71953125,0.2s_cue_plus_approx_2.0s_wait_schedule_assumption,unresolved_from_allowed_channels,58.0,VisualCogA_Task-2:q1_058,0.0,0,retained_by_q1,TgtAct:L-2/R+2,1,-1.0,-2,653.734375,653.734375,left,-1,left,decoded_from_declared_channel_code,-2.0,-1|-2,650.51953125,656.51953125,166533,168070,True,366,True,1,655.16015625,declared_response_code_observed,1.4296875,655.1640625,1,653.71953125,0.0148437499999545,,under_100ms_from_schedule_proxy_review_anchor,0,channel8_channel9_same_or_different_direction_only,1,1,True,cue_response_direction_comparable,True,True,True,
VisualCogA_Task-2,74,169005,660.17578125,-1,left,662.37578125,0.2s_cue_plus_approx_2.0s_wait_schedule_assumption,unresolved_from_allowed_channels,59.0,VisualCogA_Task-2:q1_059,0.0,0,retained_by_q1,TgtAct:L-2/R+2,1,1.0,2,662.390625,662.390625,right,1,right,decoded_from_declared_channel_code,2.0,1|2,659.17578125,665.17578125,168749,170286,True,328,True,1,663.66796875,declared_response_code_observed,1.28125,663.671875,-1,662.37578125,0.0148437499999545,,under_100ms_from_schedule_proxy_review_anchor,0,channel8_channel9_same_or_different_direction_only,1,1,True,cue_response_direction_comparable,True,True,True,
VisualCogA_Task-2,75,171185,668.69140625,-1,left,670.89140625,0.2s_cue_plus_approx_2.0s_wait_schedule_assumption,unresolved_from_allowed_channels,60.0,VisualCogA_Task-2:q1_060,0.0,0,retained_by_q1,TgtAct:L-2/R+2,1,-1.0,-2,670.91015625,670.91015625,left,-1,left,decoded_from_declared_channel_code,-2.0,-1|-2,667.69140625,673.69140625,170929,172466,True,406,True,1,672.4921875,declared_response_code_observed,1.5859375,672.49609375,-1,670.89140625,0.0187499999999545,,under_100ms_from_schedule_proxy_review_anchor,1,channel8_channel9_same_or_different_direction_only,1,1,True,cue_response_direction_comparable,True,True,True,
VisualCogA_Task-2,76,173442,677.5078125,-1,left,679.7078125,0.2s_cue_plus_approx_2.0s_wait_schedule_assumption,unresolved_from_allowed_channels,61.0,VisualCogA_Task-2:q1_061,0.0,0,retained_by_q1,TgtAct:L-2/R+2,1,1.0,2,679.72265625,679.72265625,right,1,right,decoded_from_declared_channel_code,2.0,1|2,676.5078125,682.5078125,173186,174723,True,325,True,1,680.98828125,declared_response_code_observed,1.26953125,680.9921875,-1,679.7078125,0.0148437499999545,,under_100ms_from_schedule_proxy_review_anchor,0,channel8_channel9_same_or_different_direction_only,1,1,True,cue_response_direction_comparable,True,True,True,
VisualCogA_Task-2,77,175618,686.0078125,1,right,688.2078125,0.2s_cue_plus_approx_2.0s_wait_schedule_assumption,unresolved_from_allowed_channels,,,,1,excluded_by_q1,TgtAct:L-2/R+2,1,1.0,2,688.2265625,688.2265625,right,1,right,decoded_from_declared_channel_code,2.0,1|2,685.0078125,691.0078125,175362,176899,True,411,True,1,689.828125,declared_response_code_observed,1.60546875,689.83203125,1,688.2078125,0.0187499999999545,,under_100ms_from_schedule_proxy_review_anchor,1,channel8_channel9_same_or_different_direction_only,1,1,True,cue_response_direction_comparable,False,False,True,
VisualCogA_Task-2,78,177883,694.85546875,-1,left,697.05546875,0.2s_cue_plus_approx_2.0s_wait_schedule_assumption,unresolved_from_allowed_channels,62.0,VisualCogA_Task-2:q1_062,0.0,0,retained_by_q1,TgtAct:L-2/R+2,1,1.0,2,697.0703125,697.0703125,right,1,right,decoded_from_declared_channel_code,2.0,1|2,693.85546875,699.85546875,177627,179164,True,312,True,1,698.28515625,declared_response_code_observed,1.21875,698.2890625,-1,697.05546875,0.0148437499999545,,under_100ms_from_schedule_proxy_review_anchor,0,channel8_channel9_same_or_different_direction_only,1,1,True,cue_response_direction_comparable,True,True,True,
VisualCogA_Task-2,79,180047,703.30859375,1,right,705.50859375,0.2s_cue_plus_approx_2.0s_wait_schedule_assumption,unresolved_from_allowed_channels,,,,1,excluded_by_q1,TgtAct:L-2/R+2,1,-1.0,-2,705.5234375,705.5234375,left,-1,left,decoded_from_declared_channel_code,-2.0,-1|-2,702.30859375,708.30859375,179791,181328,True,396,True,1,707.06640625,declared_response_code_observed,1.546875,707.0703125,1,705.50859375,0.0148437499999545,,under_100ms_from_schedule_proxy_review_anchor,0,channel8_channel9_same_or_different_direction_only,1,1,True,cue_response_direction_comparable,False,False,True,
VisualCogA_Task-2,80,182295,712.08984375,-1,left,714.28984375,0.2s_cue_plus_approx_2.0s_wait_schedule_assumption,unresolved_from_allowed_channels,63.0,VisualCogA_Task-2:q1_063,0.0,0,retained_by_q1,TgtAct:L-2/R+2,1,1.0,2,714.30859375,714.30859375,right,1,right,decoded_from_declared_channel_code,2.0,1|2,711.08984375,717.08984375,182039,183576,True,345,True,1,715.65234375,declared_response_code_observed,1.34765625,715.65625,-1,714.28984375,0.0187499999999545,,under_100ms_from_schedule_proxy_review_anchor,0,channel8_channel9_same_or_different_direction_only,1,1,True,cue_response_direction_comparable,True,True,True,
VisualCogA_Task-2,81,184492,720.671875,1,right,722.871875,0.2s_cue_plus_approx_2.0s_wait_schedule_assumption,unresolved_from_allowed_channels,64.0,VisualCogA_Task-2:q1_064,0.0,0,retained_by_q1,TgtAct:L-2/R+2,1,-1.0,-2,722.88671875,722.88671875,left,-1,left,decoded_from_declared_channel_code,-2.0,-1|-2,719.671875,725.671875,184236,185773,True,375,True,1,724.34765625,declared_response_code_observed,1.46484375,724.3515625,1,722.871875,0.0148437499999545,,under_100ms_from_schedule_proxy_review_anchor,0,channel8_channel9_same_or_different_direction_only,1,1,True,cue_response_direction_comparable,True,True,True,
VisualCogA_Task-2,82,186720,729.375,1,right,731.575,0.2s_cue_plus_approx_2.0s_wait_schedule_assumption,unresolved_from_allowed_channels,65.0,VisualCogA_Task-2:q1_065,0.0,0,retained_by_q1,TgtAct:L-2/R+2,1,1.0,2,731.59375,731.59375,right,1,right,decoded_from_declared_channel_code,2.0,1|2,728.375,734.375,186464,188001,True,352,True,1,732.96484375,declared_response_code_observed,1.375,732.96875,1,731.575,0.0187499999999545,,under_100ms_from_schedule_proxy_review_anchor,1,channel8_channel9_same_or_different_direction_only,1,1,True,cue_response_direction_comparable,True,True,True,
VisualCogA_Task-2,83,188925,737.98828125,-1,left,740.18828125,0.2s_cue_plus_approx_2.0s_wait_schedule_assumption,unresolved_from_allowed_channels,66.0,VisualCogA_Task-2:q1_066,0.0,0,retained_by_q1,TgtAct:L-2/R+2,1,1.0,2,740.203125,740.203125,right,1,right,decoded_from_declared_channel_code,2.0,1|2,736.98828125,742.98828125,188669,190206,True,333,True,1,741.5,declared_response_code_observed,1.30078125,741.50390625,-1,740.18828125,0.0148437499999545,,under_100ms_from_schedule_proxy_review_anchor,0,channel8_channel9_same_or_different_direction_only,1,1,True,cue_response_direction_comparable,True,True,True,
VisualCogA_Task-2,84,191109,746.51953125,1,right,748.71953125,0.2s_cue_plus_approx_2.0s_wait_schedule_assumption,unresolved_from_allowed_channels,67.0,VisualCogA_Task-2:q1_067,0.0,0,retained_by_q1,TgtAct:L-2/R+2,1,1.0,2,748.73828125,748.73828125,right,1,right,decoded_from_declared_channel_code,2.0,1|2,745.51953125,751.51953125,190853,192390,True,358,True,1,750.1328125,declared_response_code_observed,1.3984375,750.13671875,1,748.71953125,0.0187499999999545,,under_100ms_from_schedule_proxy_review_anchor,1,channel8_channel9_same_or_different_direction_only,1,1,True,cue_response_direction_comparable,True,True,True,
VisualCogA_Task-2,85,193322,755.1640625,-1,left,757.3640625,0.2s_cue_plus_approx_2.0s_wait_schedule_assumption,unresolved_from_allowed_channels,,,,1,excluded_by_q1,TgtAct:L-2/R+2,1,-1.0,-2,757.37890625,757.37890625,left,-1,left,decoded_from_declared_channel_code,-2.0,-1|-2,754.1640625,760.1640625,193066,194603,True,297,True,1,758.53515625,declared_response_code_observed,1.16015625,758.5390625,-1,757.3640625,0.0148437499999545,,under_100ms_from_schedule_proxy_review_anchor,1,channel8_channel9_same_or_different_direction_only,1,1,True,cue_response_direction_comparable,False,False,True,
VisualCogA_Task-2,86,195470,763.5546875,-1,left,765.7546875,0.2s_cue_plus_approx_2.0s_wait_schedule_assumption,unresolved_from_allowed_channels,68.0,VisualCogA_Task-2:q1_068,0.0,0,retained_by_q1,TgtAct:L-2/R+2,1,-1.0,-2,765.7734375,765.7734375,left,-1,left,decoded_from_declared_channel_code,-2.0,-1|-2,762.5546875,768.5546875,195214,196751,True,343,True,1,767.109375,declared_response_code_observed,1.33984375,767.11328125,-1,765.7546875,0.0187499999999545,,under_100ms_from_schedule_proxy_review_anchor,1,channel8_channel9_same_or_different_direction_only,1,1,True,cue_response_direction_comparable,True,True,True,
VisualCogA_Task-2,87,197671,772.15234375,1,right,774.35234375,0.2s_cue_plus_approx_2.0s_wait_schedule_assumption,unresolved_from_allowed_channels,69.0,VisualCogA_Task-2:q1_069,0.0,0,retained_by_q1,TgtAct:L-2/R+2,1,1.0,2,774.3671875,774.3671875,right,1,right,decoded_from_declared_channel_code,2.0,1|2,771.15234375,777.15234375,197415,198952,True,282,True,1,775.46484375,declared_response_code_observed,1.1015625,775.46875,1,774.35234375,0.0148437499999545,,under_100ms_from_schedule_proxy_review_anchor,1,channel8_channel9_same_or_different_direction_only,1,1,True,cue_response_direction_comparable,True,True,True,
VisualCogA_Task-2,88,199803,780.48046875,-1,left,782.68046875,0.2s_cue_plus_approx_2.0s_wait_schedule_assumption,unresolved_from_allowed_channels,70.0,VisualCogA_Task-2:q1_070,0.0,0,retained_by_q1,TgtAct:L-2/R+2,1,1.0,2,782.69921875,782.69921875,right,1,right,decoded_from_declared_channel_code,2.0,1|2,779.48046875,785.48046875,199547,201084,True,344,True,1,784.0390625,declared_response_code_observed,1.34375,784.04296875,-1,782.68046875,0.0187499999999545,,under_100ms_from_schedule_proxy_review_anchor,0,channel8_channel9_same_or_different_direction_only,1,1,True,cue_response_direction_comparable,True,True,True,
VisualCogA_Task-2,89,202000,789.0625,-1,left,791.2625,0.2s_cue_plus_approx_2.0s_wait_schedule_assumption,unresolved_from_allowed_channels,71.0,VisualCogA_Task-2:q1_071,0.0,0,retained_by_q1,TgtAct:L-2/R+2,1,-1.0,-2,791.27734375,791.27734375,left,-1,left,decoded_from_declared_channel_code,-2.0,-1|-2,788.0625,794.0625,201744,203281,True,453,True,1,793.04296875,declared_response_code_observed,1.76953125,793.046875,-1,791.2625,0.0148437499999545,,under_100ms_from_schedule_proxy_review_anchor,1,channel8_channel9_same_or_different_direction_only,1,1,True,cue_response_direction_comparable,True,True,True,
VisualCogA_Task-2,90,204304,798.0625,-1,left,800.2625,0.2s_cue_plus_approx_2.0s_wait_schedule_assumption,unresolved_from_allowed_channels,72.0,VisualCogA_Task-2:q1_072,0.0,0,retained_by_q1,TgtAct:L-2/R+2,1,1.0,2,800.27734375,800.27734375,right,1,right,decoded_from_declared_channel_code,2.0,1|2,797.0625,803.0625,204048,205585,True,344,True,1,801.6171875,declared_response_code_observed,1.34375,801.62109375,-1,800.2625,0.0148437499999545,,under_100ms_from_schedule_proxy_review_anchor,0,channel8_channel9_same_or_different_direction_only,1,1,True,cue_response_direction_comparable,True,True,True,
VisualCogA_Task-2,91,206500,806.640625,-1,left,808.840625,0.2s_cue_plus_approx_2.0s_wait_schedule_assumption,unresolved_from_allowed_channels,73.0,VisualCogA_Task-2:q1_073,0.0,0,retained_by_q1,TgtAct:L-2/R+2,1,-1.0,-2,808.859375,808.859375,left,-1,left,decoded_from_declared_channel_code,-2.0,-1|-2,805.640625,811.640625,206244,207781,True,396,True,1,810.40234375,declared_response_code_observed,1.546875,810.40625,-1,808.840625,0.0187499999999545,,under_100ms_from_schedule_proxy_review_anchor,1,channel8_channel9_same_or_different_direction_only,1,1,True,cue_response_direction_comparable,True,True,True,
VisualCogA_Task-2,92,208749,815.42578125,1,right,817.62578125,0.2s_cue_plus_approx_2.0s_wait_schedule_assumption,unresolved_from_allowed_channels,74.0,VisualCogA_Task-2:q1_074,0.0,0,retained_by_q1,TgtAct:L-2/R+2,1,1.0,2,817.640625,817.640625,right,1,right,decoded_from_declared_channel_code,2.0,1|2,814.42578125,820.42578125,208493,210030,True,326,True,1,818.91015625,declared_response_code_observed,1.2734375,818.9140625,1,817.62578125,0.0148437499999545,,under_100ms_from_schedule_proxy_review_anchor,1,channel8_channel9_same_or_different_direction_only,1,1,True,cue_response_direction_comparable,True,True,True,
VisualCogA_Task-2,93,210925,823.92578125,-1,left,826.12578125,0.2s_cue_plus_approx_2.0s_wait_schedule_assumption,unresolved_from_allowed_channels,,,,1,excluded_by_q1,TgtAct:L-2/R+2,1,1.0,2,826.14453125,826.14453125,right,1,right,decoded_from_declared_channel_code,2.0,1|2,822.92578125,828.92578125,210669,212206,True,372,True,1,827.59375,declared_response_code_observed,1.453125,827.59765625,-1,826.12578125,0.0187499999999545,,under_100ms_from_schedule_proxy_review_anchor,0,channel8_channel9_same_or_different_direction_only,1,1,True,cue_response_direction_comparable,False,False,True,
VisualCogA_Task-2,94,213150,832.6171875,-1,left,834.8171875,0.2s_cue_plus_approx_2.0s_wait_schedule_assumption,unresolved_from_allowed_channels,75.0,VisualCogA_Task-2:q1_075,0.0,0,retained_by_q1,TgtAct:L-2/R+2,1,1.0,2,834.83203125,834.83203125,right,1,right,decoded_from_declared_channel_code,2.0,1|2,831.6171875,837.6171875,212894,214431,True,324,True,1,836.09375,declared_response_code_observed,1.265625,836.09765625,-1,834.8171875,0.0148437499999545,,under_100ms_from_schedule_proxy_review_anchor,0,channel8_channel9_same_or_different_direction_only,1,1,True,cue_response_direction_comparable,True,True,True,
VisualCogA_Task-2,95,215326,841.1171875,-1,left,843.3171875,0.2s_cue_plus_approx_2.0s_wait_schedule_assumption,unresolved_from_allowed_channels,76.0,VisualCogA_Task-2:q1_076,0.0,0,retained_by_q1,TgtAct:L-2/R+2,1,1.0,2,843.3359375,843.3359375,right,1,right,decoded_from_declared_channel_code,2.0,1|2,840.1171875,846.1171875,215070,216607,True,354,True,1,844.71484375,declared_response_code_observed,1.3828125,844.71875,-1,843.3171875,0.0187499999999545,,under_100ms_from_schedule_proxy_review_anchor,0,channel8_channel9_same_or_different_direction_only,1,1,True,cue_response_direction_comparable,True,True,True,
VisualCogA_Task-2,96,217535,849.74609375,-1,left,851.94609375,0.2s_cue_plus_approx_2.0s_wait_schedule_assumption,unresolved_from_allowed_channels,77.0,VisualCogA_Task-2:q1_077,0.0,0,retained_by_q1,TgtAct:L-2/R+2,1,-1.0,-2,851.9609375,851.9609375,left,-1,left,decoded_from_declared_channel_code,-2.0,-1|-2,848.74609375,854.74609375,217279,218816,True,328,True,1,853.23828125,declared_response_code_observed,1.28125,853.2421875,-1,851.94609375,0.0148437499999545,,under_100ms_from_schedule_proxy_review_anchor,1,channel8_channel9_same_or_different_direction_only,1,1,True,cue_response_direction_comparable,True,True,True,
VisualCogA_Task-2,97,219715,858.26171875,-1,left,860.46171875,0.2s_cue_plus_approx_2.0s_wait_schedule_assumption,unresolved_from_allowed_channels,78.0,VisualCogA_Task-2:q1_078,0.0,0,retained_by_q1,TgtAct:L-2/R+2,1,-1.0,-2,860.4765625,860.4765625,left,-1,left,decoded_from_declared_channel_code,-2.0,-1|-2,857.26171875,863.26171875,219459,220996,True,336,True,1,861.78515625,declared_response_code_observed,1.3125,861.7890625,-1,860.46171875,0.0148437499999545,,under_100ms_from_schedule_proxy_review_anchor,1,channel8_channel9_same_or_different_direction_only,1,1,True,cue_response_direction_comparable,True,True,True,
VisualCogA_Task-2,98,221904,866.8125,-1,left,869.0125,0.2s_cue_plus_approx_2.0s_wait_schedule_assumption,unresolved_from_allowed_channels,79.0,VisualCogA_Task-2:q1_079,0.0,0,retained_by_q1,TgtAct:L-2/R+2,1,1.0,2,869.02734375,869.02734375,right,1,right,decoded_from_declared_channel_code,2.0,1|2,865.8125,871.8125,221648,223185,True,340,True,1,870.3515625,declared_response_code_observed,1.328125,870.35546875,-1,869.0125,0.0148437499999545,,under_100ms_from_schedule_proxy_review_anchor,0,channel8_channel9_same_or_different_direction_only,1,1,True,cue_response_direction_comparable,True,True,True,
VisualCogA_Task-2,99,224096,875.375,-1,left,877.575,0.2s_cue_plus_approx_2.0s_wait_schedule_assumption,unresolved_from_allowed_channels,,,,1,excluded_by_q1,TgtAct:L-2/R+2,1,-1.0,-2,877.58984375,877.58984375,left,-1,left,decoded_from_declared_channel_code,-2.0,-1|-2,874.375,880.375,223840,225377,True,360,True,1,878.9921875,declared_response_code_observed,1.40625,878.99609375,-1,877.575,0.0148437499999545,,under_100ms_from_schedule_proxy_review_anchor,1,channel8_channel9_same_or_different_direction_only,1,1,True,cue_response_direction_comparable,False,False,True,
VisualCogB_Task-1,0,5154,20.1328125,-1,left,22.3328125,0.2s_cue_plus_approx_2.0s_wait_schedule_assumption,unresolved_from_allowed_channels,0.0,VisualCogB_Task-1:q1_000,0.0,0,retained_by_q1,Action:L-1/R+1,1,-1.0,-2,22.3671875,22.3671875,left,-1,left,decoded_from_declared_channel_code,-1.0,-1,19.1328125,25.1328125,4898,6435,True,478,True,478,22.3671875,declared_response_code_observed,1.8671875,24.234375,-1,22.3328125,0.0343750000000007,,under_100ms_from_schedule_proxy_review_anchor,1,channel8_channel9_same_or_different_direction_only,1,1,True,cue_response_direction_comparable,True,True,True,
VisualCogB_Task-1,1,7486,29.2421875,-1,left,31.4421875,0.2s_cue_plus_approx_2.0s_wait_schedule_assumption,unresolved_from_allowed_channels,1.0,VisualCogB_Task-1:q1_001,0.0,0,retained_by_q1,Action:L-1/R+1,1,-1.0,-2,31.4609375,31.4609375,left,-1,left,decoded_from_declared_channel_code,-1.0,-1,28.2421875,34.2421875,7230,8767,True,309,True,309,31.4609375,declared_response_code_observed,1.20703125,32.66796875,-1,31.4421875,0.0187500000000007,,under_100ms_from_schedule_proxy_review_anchor,1,channel8_channel9_same_or_different_direction_only,1,1,True,cue_response_direction_comparable,True,True,True,
VisualCogB_Task-1,2,9647,37.68359375,1,right,39.88359375,0.2s_cue_plus_approx_2.0s_wait_schedule_assumption,unresolved_from_allowed_channels,2.0,VisualCogB_Task-1:q1_002,0.0,0,retained_by_q1,Action:L-1/R+1,1,1.0,2,39.8984375,39.8984375,right,1,right,decoded_from_declared_channel_code,1.0,1,36.68359375,42.68359375,9391,10928,True,279,True,279,39.8984375,declared_response_code_observed,1.08984375,40.98828125,1,39.88359375,0.0148437499999971,,under_100ms_from_schedule_proxy_review_anchor,1,channel8_channel9_same_or_different_direction_only,1,1,True,cue_response_direction_comparable,True,True,True,
VisualCogB_Task-1,3,11776,46.0,-1,left,48.2,0.2s_cue_plus_approx_2.0s_wait_schedule_assumption,unresolved_from_allowed_channels,3.0,VisualCogB_Task-1:q1_003,0.0,0,retained_by_q1,Action:L-1/R+1,1,-1.0,-2,48.21484375,48.21484375,left,-1,left,decoded_from_declared_channel_code,-1.0,-1,45.0,51.0,11520,13057,True,261,True,261,48.21484375,declared_response_code_observed,1.01953125,49.234375,-1,48.2,0.0148437499999971,,under_100ms_from_schedule_proxy_review_anchor,1,channel8_channel9_same_or_different_direction_only,1,1,True,cue_response_direction_comparable,True,True,True,
VisualCogB_Task-1,4,13888,54.25,1,right,56.45,0.2s_cue_plus_approx_2.0s_wait_schedule_assumption,unresolved_from_allowed_channels,4.0,VisualCogB_Task-1:q1_004,0.0,0,retained_by_q1,Action:L-1/R+1,1,1.0,2,56.46484375,56.46484375,right,1,right,decoded_from_declared_channel_code,1.0,1,53.25,59.25,13632,15169,True,308,True,308,56.46484375,declared_response_code_observed,1.203125,57.66796875,1,56.45,0.0148437499999971,,under_100ms_from_schedule_proxy_review_anchor,1,channel8_channel9_same_or_different_direction_only,1,1,True,cue_response_direction_comparable,True,True,True,
VisualCogB_Task-1,5,16049,62.69140625,1,right,64.89140625,0.2s_cue_plus_approx_2.0s_wait_schedule_assumption,unresolved_from_allowed_channels,,,,1,excluded_by_q1,Action:L-1/R+1,1,1.0,2,64.90625,64.90625,right,1,right,decoded_from_declared_channel_code,1.0,1,61.69140625,67.69140625,15793,17330,True,334,True,334,64.90625,declared_response_code_observed,1.3046875,66.2109375,1,64.89140625,0.0148437499999971,,under_100ms_from_schedule_proxy_review_anchor,1,channel8_channel9_same_or_different_direction_only,1,1,True,cue_response_direction_comparable,False,False,True,
VisualCogB_Task-1,6,18233,71.22265625,1,right,73.42265625,0.2s_cue_plus_approx_2.0s_wait_schedule_assumption,unresolved_from_allowed_channels,5.0,VisualCogB_Task-1:q1_005,0.0,0,retained_by_q1,Action:L-1/R+1,1,1.0,2,73.4375,73.4375,right,1,right,decoded_from_declared_channel_code,1.0,1,70.22265625,76.22265625,17977,19514,True,292,True,292,73.4375,declared_response_code_observed,1.140625,74.578125,1,73.42265625,0.0148437499999971,,under_100ms_from_schedule_proxy_review_anchor,1,channel8_channel9_same_or_different_direction_only,1,1,True,cue_response_direction_comparable,True,True,True,
VisualCogB_Task-1,7,20378,79.6015625,-1,left,81.8015625,0.2s_cue_plus_approx_2.0s_wait_schedule_assumption,unresolved_from_allowed_channels,6.0,VisualCogB_Task-1:q1_006,0.0,0,retained_by_q1,Action:L-1/R+1,1,-1.0,-2,81.81640625,81.81640625,left,-1,left,decoded_from_declared_channel_code,-1.0,-1,78.6015625,84.6015625,20122,21659,True,248,True,248,81.81640625,declared_response_code_observed,0.96875,82.78515625,-1,81.8015625,0.0148437499999971,,under_100ms_from_schedule_proxy_review_anchor,1,channel8_channel9_same_or_different_direction_only,1,1,True,cue_response_direction_comparable,True,True,True,
VisualCogB_Task-1,8,22478,87.8046875,-1,left,90.0046875,0.2s_cue_plus_approx_2.0s_wait_schedule_assumption,unresolved_from_allowed_channels,7.0,VisualCogB_Task-1:q1_007,0.0,0,retained_by_q1,Action:L-1/R+1,1,-1.0,-2,90.0234375,90.0234375,left,-1,left,decoded_from_declared_channel_code,-1.0,-1,86.8046875,92.8046875,22222,23759,True,453,True,453,90.0234375,declared_response_code_observed,1.76953125,91.79296875,-1,90.0046875,0.0187499999999971,,under_100ms_from_schedule_proxy_review_anchor,1,channel8_channel9_same_or_different_direction_only,1,1,True,cue_response_direction_comparable,True,True,True,
VisualCogB_Task-1,9,24782,96.8046875,-1,left,99.0046875,0.2s_cue_plus_approx_2.0s_wait_schedule_assumption,unresolved_from_allowed_channels,8.0,VisualCogB_Task-1:q1_008,0.0,0,retained_by_q1,Action:L-1/R+1,1,-1.0,-2,99.0234375,99.0234375,left,-1,left,decoded_from_declared_channel_code,-1.0,-1,95.8046875,101.8046875,24526,26063,True,331,True,331,99.0234375,declared_response_code_observed,1.29296875,100.31640625,-1,99.0046875,0.0187499999999971,,under_100ms_from_schedule_proxy_review_anchor,1,channel8_channel9_same_or_different_direction_only,1,1,True,cue_response_direction_comparable,True,True,True,
VisualCogB_Task-1,10,26963,105.32421875,1,right,107.52421875,0.2s_cue_plus_approx_2.0s_wait_schedule_assumption,unresolved_from_allowed_channels,9.0,VisualCogB_Task-1:q1_009,0.0,0,retained_by_q1,Action:L-1/R+1,1,1.0,2,107.5390625,107.5390625,right,1,right,decoded_from_declared_channel_code,1.0,1,104.32421875,110.32421875,26707,28244,True,290,True,290,107.5390625,declared_response_code_observed,1.1328125,108.671875,1,107.52421875,0.0148437499999971,,under_100ms_from_schedule_proxy_review_anchor,1,channel8_channel9_same_or_different_direction_only,1,1,True,cue_response_direction_comparable,True,True,True,
VisualCogB_Task-1,11,29103,113.68359375,-1,left,115.88359375,0.2s_cue_plus_approx_2.0s_wait_schedule_assumption,unresolved_from_allowed_channels,10.0,VisualCogB_Task-1:q1_010,0.0,0,retained_by_q1,Action:L-1/R+1,1,-1.0,-2,115.90234375,115.90234375,left,-1,left,decoded_from_declared_channel_code,-1.0,-1,112.68359375,118.68359375,28847,30384,True,283,True,283,115.90234375,declared_response_code_observed,1.10546875,117.0078125,-1,115.88359375,0.0187499999999971,,under_100ms_from_schedule_proxy_review_anchor,1,channel8_channel9_same_or_different_direction_only,1,1,True,cue_response_direction_comparable,True,True,True,
VisualCogB_Task-1,12,31236,122.015625,1,right,124.215625,0.2s_cue_plus_approx_2.0s_wait_schedule_assumption,unresolved_from_allowed_channels,11.0,VisualCogB_Task-1:q1_011,0.0,0,retained_by_q1,Action:L-1/R+1,1,1.0,2,124.234375,124.234375,right,1,right,decoded_from_declared_channel_code,1.0,1,121.015625,127.015625,30980,32517,True,270,True,270,124.234375,declared_response_code_observed,1.0546875,125.2890625,1,124.215625,0.0187499999999971,,under_100ms_from_schedule_proxy_review_anchor,1,channel8_channel9_same_or_different_direction_only,1,1,True,cue_response_direction_comparable,True,True,True,
VisualCogB_Task-1,13,33360,130.3125,1,right,132.5125,0.2s_cue_plus_approx_2.0s_wait_schedule_assumption,unresolved_from_allowed_channels,,,,1,excluded_by_q1,Action:L-1/R+1,1,1.0,2,132.53125,132.53125,right,1,right,decoded_from_declared_channel_code,1.0,1,129.3125,135.3125,33104,34641,True,341,True,341,132.53125,declared_response_code_observed,1.33203125,133.86328125,1,132.5125,0.0187500000000113,,under_100ms_from_schedule_proxy_review_anchor,1,channel8_channel9_same_or_different_direction_only,1,1,True,cue_response_direction_comparable,False,False,True,
VisualCogB_Task-1,14,35553,138.87890625,-1,left,141.07890625,0.2s_cue_plus_approx_2.0s_wait_schedule_assumption,unresolved_from_allowed_channels,12.0,VisualCogB_Task-1:q1_012,0.0,0,retained_by_q1,Action:L-1/R+1,1,-1.0,-2,141.09375,141.09375,left,-1,left,decoded_from_declared_channel_code,-1.0,-1,137.87890625,143.87890625,35297,36834,True,264,True,264,141.09375,declared_response_code_observed,1.03125,142.125,-1,141.07890625,0.0148437500000113,,under_100ms_from_schedule_proxy_review_anchor,1,channel8_channel9_same_or_different_direction_only,1,1,True,cue_response_direction_comparable,True,True,True,
VisualCogB_Task-1,15,37666,147.1328125,1,right,149.3328125,0.2s_cue_plus_approx_2.0s_wait_schedule_assumption,unresolved_from_allowed_channels,13.0,VisualCogB_Task-1:q1_013,0.0,0,retained_by_q1,Action:L-1/R+1,1,1.0,2,149.34765625,149.34765625,right,1,right,decoded_from_declared_channel_code,1.0,1,146.1328125,152.1328125,37410,38947,True,280,True,280,149.34765625,declared_response_code_observed,1.09375,150.44140625,1,149.3328125,0.0148437500000113,,under_100ms_from_schedule_proxy_review_anchor,1,channel8_channel9_same_or_different_direction_only,1,1,True,cue_response_direction_comparable,True,True,True,
VisualCogB_Task-1,16,39798,155.4609375,-1,left,157.6609375,0.2s_cue_plus_approx_2.0s_wait_schedule_assumption,unresolved_from_allowed_channels,14.0,VisualCogB_Task-1:q1_014,0.0,0,retained_by_q1,Action:L-1/R+1,1,-1.0,-2,157.67578125,157.67578125,left,-1,left,decoded_from_declared_channel_code,-1.0,-1,154.4609375,160.4609375,39542,41079,True,249,True,249,157.67578125,declared_response_code_observed,0.97265625,158.6484375,-1,157.6609375,0.0148437500000113,,under_100ms_from_schedule_proxy_review_anchor,1,channel8_channel9_same_or_different_direction_only,1,1,True,cue_response_direction_comparable,True,True,True,
VisualCogB_Task-1,17,41899,163.66796875,-1,left,165.86796875,0.2s_cue_plus_approx_2.0s_wait_schedule_assumption,unresolved_from_allowed_channels,15.0,VisualCogB_Task-1:q1_015,0.0,0,retained_by_q1,Action:L-1/R+1,1,-1.0,-2,165.8828125,165.8828125,left,-1,left,decoded_from_declared_channel_code,-1.0,-1,162.66796875,168.66796875,41643,43180,True,303,True,303,165.8828125,declared_response_code_observed,1.18359375,167.06640625,-1,165.86796875,0.0148437500000113,,under_100ms_from_schedule_proxy_review_anchor,1,channel8_channel9_same_or_different_direction_only,1,1,True,cue_response_direction_comparable,True,True,True,
VisualCogB_Task-1,18,44055,172.08984375,1,right,174.28984375,0.2s_cue_plus_approx_2.0s_wait_schedule_assumption,unresolved_from_allowed_channels,16.0,VisualCogB_Task-1:q1_016,0.0,0,retained_by_q1,Action:L-1/R+1,1,1.0,2,174.30859375,174.30859375,right,1,right,decoded_from_declared_channel_code,1.0,1,171.08984375,177.08984375,43799,45336,True,260,True,260,174.30859375,declared_response_code_observed,1.015625,175.32421875,1,174.28984375,0.0187500000000113,,under_100ms_from_schedule_proxy_review_anchor,1,channel8_channel9_same_or_different_direction_only,1,1,True,cue_response_direction_comparable,True,True,True,
VisualCogB_Task-1,19,46168,180.34375,-1,left,182.54375,0.2s_cue_plus_approx_2.0s_wait_schedule_assumption,unresolved_from_allowed_channels,17.0,VisualCogB_Task-1:q1_017,0.0,0,retained_by_q1,Action:L-1/R+1,1,-1.0,-2,182.55859375,182.55859375,left,-1,left,decoded_from_declared_channel_code,-1.0,-1,179.34375,185.34375,45912,47449,True,286,True,286,182.55859375,declared_response_code_observed,1.1171875,183.67578125,-1,182.54375,0.0148437500000113,,under_100ms_from_schedule_proxy_review_anchor,1,channel8_channel9_same_or_different_direction_only,1,1,True,cue_response_direction_comparable,True,True,True,
VisualCogB_Task-1,20,48304,188.6875,1,right,190.8875,0.2s_cue_plus_approx_2.0s_wait_schedule_assumption,unresolved_from_allowed_channels,18.0,VisualCogB_Task-1:q1_018,0.0,0,retained_by_q1,Action:L-1/R+1,1,1.0,2,190.90625,190.90625,right,1,right,decoded_from_declared_channel_code,1.0,1,187.6875,193.6875,48048,49585,True,304,True,304,190.90625,declared_response_code_observed,1.1875,192.09375,1,190.8875,0.0187500000000113,,under_100ms_from_schedule_proxy_review_anchor,1,channel8_channel9_same_or_different_direction_only,1,1,True,cue_response_direction_comparable,True,True,True,
VisualCogB_Task-1,21,50461,197.11328125,1,right,199.31328125,0.2s_cue_plus_approx_2.0s_wait_schedule_assumption,unresolved_from_allowed_channels,19.0,VisualCogB_Task-1:q1_019,0.0,0,retained_by_q1,Action:L-1/R+1,1,1.0,2,199.328125,199.328125,right,1,right,decoded_from_declared_channel_code,1.0,1,196.11328125,202.11328125,50205,51742,True,307,True,307,199.328125,declared_response_code_observed,1.19921875,200.52734375,1,199.31328125,0.0148437500000113,,under_100ms_from_schedule_proxy_review_anchor,1,channel8_channel9_same_or_different_direction_only,1,1,True,cue_response_direction_comparable,True,True,True,
VisualCogB_Task-1,22,52617,205.53515625,1,right,207.73515625,0.2s_cue_plus_approx_2.0s_wait_schedule_assumption,unresolved_from_allowed_channels,,,,1,excluded_by_q1,Action:L-1/R+1,1,1.0,2,207.75390625,207.75390625,right,1,right,decoded_from_declared_channel_code,1.0,1,204.53515625,210.53515625,52361,53898,True,292,True,292,207.75390625,declared_response_code_observed,1.140625,208.89453125,1,207.73515625,0.0187500000000113,,under_100ms_from_schedule_proxy_review_anchor,1,channel8_channel9_same_or_different_direction_only,1,1,True,cue_response_direction_comparable,False,False,True,
VisualCogB_Task-1,23,54762,213.9140625,1,right,216.1140625,0.2s_cue_plus_approx_2.0s_wait_schedule_assumption,unresolved_from_allowed_channels,20.0,VisualCogB_Task-1:q1_020,0.0,0,retained_by_q1,Action:L-1/R+1,1,1.0,2,216.12890625,216.12890625,right,1,right,decoded_from_declared_channel_code,1.0,1,212.9140625,218.9140625,54506,56043,True,268,True,268,216.12890625,declared_response_code_observed,1.046875,217.17578125,1,216.1140625,0.0148437500000113,,under_100ms_from_schedule_proxy_review_anchor,1,channel8_channel9_same_or_different_direction_only,1,1,True,cue_response_direction_comparable,True,True,True,
VisualCogB_Task-1,24,56882,222.1953125,1,right,224.3953125,0.2s_cue_plus_approx_2.0s_wait_schedule_assumption,unresolved_from_allowed_channels,,,,1,excluded_by_q1,Action:L-1/R+1,1,1.0,2,224.4140625,224.4140625,right,1,right,decoded_from_declared_channel_code,1.0,1,221.1953125,227.1953125,56626,58163,True,241,True,241,224.4140625,declared_response_code_observed,0.94140625,225.35546875,1,224.3953125,0.0187500000000113,,under_100ms_from_schedule_proxy_review_anchor,1,channel8_channel9_same_or_different_direction_only,1,1,True,cue_response_direction_comparable,False,False,True,
VisualCogB_Task-1,25,58975,230.37109375,1,right,232.57109375,0.2s_cue_plus_approx_2.0s_wait_schedule_assumption,unresolved_from_allowed_channels,21.0,VisualCogB_Task-1:q1_021,0.0,0,retained_by_q1,Action:L-1/R+1,1,1.0,2,232.58984375,232.58984375,right,1,right,decoded_from_declared_channel_code,1.0,1,229.37109375,235.37109375,58719,60256,True,245,True,245,232.58984375,declared_response_code_observed,0.95703125,233.546875,1,232.57109375,0.0187500000000113,,under_100ms_from_schedule_proxy_review_anchor,1,channel8_channel9_same_or_different_direction_only,1,1,True,cue_response_direction_comparable,True,True,True,
VisualCogB_Task-1,26,61072,238.5625,1,right,240.7625,0.2s_cue_plus_approx_2.0s_wait_schedule_assumption,unresolved_from_allowed_channels,22.0,VisualCogB_Task-1:q1_022,0.0,0,retained_by_q1,Action:L-1/R+1,1,1.0,2,240.77734375,240.77734375,right,1,right,decoded_from_declared_channel_code,1.0,1,237.5625,243.5625,60816,62353,True,253,True,253,240.77734375,declared_response_code_observed,0.98828125,241.765625,1,240.7625,0.0148437500000113,,under_100ms_from_schedule_proxy_review_anchor,1,channel8_channel9_same_or_different_direction_only,1,1,True,cue_response_direction_comparable,True,True,True,
VisualCogB_Task-1,27,63176,246.78125,1,right,248.98125,0.2s_cue_plus_approx_2.0s_wait_schedule_assumption,unresolved_from_allowed_channels,23.0,VisualCogB_Task-1:q1_023,0.0,0,retained_by_q1,Action:L-1/R+1,1,1.0,2,249.0,249.0,right,1,right,decoded_from_declared_channel_code,1.0,1,245.78125,251.78125,62920,64457,True,337,True,337,249.0,declared_response_code_observed,1.31640625,250.31640625,1,248.98125,0.0187500000000113,,under_100ms_from_schedule_proxy_review_anchor,1,channel8_channel9_same_or_different_direction_only,1,1,True,cue_response_direction_comparable,True,True,True,
VisualCogB_Task-1,28,65365,255.33203125,1,right,257.53203125,0.2s_cue_plus_approx_2.0s_wait_schedule_assumption,unresolved_from_allowed_channels,24.0,VisualCogB_Task-1:q1_024,0.0,0,retained_by_q1,Action:L-1/R+1,1,1.0,2,257.546875,257.546875,right,1,right,decoded_from_declared_channel_code,1.0,1,254.33203125,260.33203125,65109,66646,True,275,True,275,257.546875,declared_response_code_observed,1.07421875,258.62109375,1,257.53203125,0.0148437500000113,,under_100ms_from_schedule_proxy_review_anchor,1,channel8_channel9_same_or_different_direction_only,1,1,True,cue_response_direction_comparable,True,True,True,
VisualCogB_Task-1,29,67489,263.62890625,-1,left,265.82890625,0.2s_cue_plus_approx_2.0s_wait_schedule_assumption,unresolved_from_allowed_channels,25.0,VisualCogB_Task-1:q1_025,0.0,0,retained_by_q1,Action:L-1/R+1,1,-1.0,-2,265.84765625,265.84765625,left,-1,left,decoded_from_declared_channel_code,-1.0,-1,262.62890625,268.62890625,67233,68770,True,354,True,354,265.84765625,declared_response_code_observed,1.3828125,267.23046875,-1,265.82890625,0.0187500000000113,,under_100ms_from_schedule_proxy_review_anchor,1,channel8_channel9_same_or_different_direction_only,1,1,True,cue_response_direction_comparable,True,True,True,
VisualCogB_Task-1,30,69694,272.2421875,1,right,274.4421875,0.2s_cue_plus_approx_2.0s_wait_schedule_assumption,unresolved_from_allowed_channels,26.0,VisualCogB_Task-1:q1_026,0.0,0,retained_by_q1,Action:L-1/R+1,1,1.0,2,274.45703125,274.45703125,right,1,right,decoded_from_declared_channel_code,1.0,1,271.2421875,277.2421875,69438,70975,True,276,True,276,274.45703125,declared_response_code_observed,1.078125,275.53515625,1,274.4421875,0.0148437500000113,,under_100ms_from_schedule_proxy_review_anchor,1,channel8_channel9_same_or_different_direction_only,1,1,True,cue_response_direction_comparable,True,True,True,
VisualCogB_Task-1,31,71822,280.5546875,-1,left,282.7546875,0.2s_cue_plus_approx_2.0s_wait_schedule_assumption,unresolved_from_allowed_channels,27.0,VisualCogB_Task-1:q1_027,0.0,0,retained_by_q1,Action:L-1/R+1,1,-1.0,-2,282.76953125,282.76953125,left,-1,left,decoded_from_declared_channel_code,-1.0,-1,279.5546875,285.5546875,71566,73103,True,220,True,220,282.76953125,declared_response_code_observed,0.859375,283.62890625,-1,282.7546875,0.0148437500000113,,under_100ms_from_schedule_proxy_review_anchor,1,channel8_channel9_same_or_different_direction_only,1,1,True,cue_response_direction_comparable,True,True,True,
VisualCogB_Task-1,32,73895,288.65234375,-1,left,290.85234375,0.2s_cue_plus_approx_2.0s_wait_schedule_assumption,unresolved_from_allowed_channels,28.0,VisualCogB_Task-1:q1_028,0.0,0,retained_by_q1,Action:L-1/R+1,1,-1.0,-2,290.8671875,290.8671875,left,-1,left,decoded_from_declared_channel_code,-1.0,-1,287.65234375,293.65234375,73639,75176,True,288,True,288,290.8671875,declared_response_code_observed,1.125,291.9921875,-1,290.85234375,0.0148437500000113,,under_100ms_from_schedule_proxy_review_anchor,1,channel8_channel9_same_or_different_direction_only,1,1,True,cue_response_direction_comparable,True,True,True,
VisualCogB_Task-1,33,76035,297.01171875,1,right,299.21171875,0.2s_cue_plus_approx_2.0s_wait_schedule_assumption,unresolved_from_allowed_channels,29.0,VisualCogB_Task-1:q1_029,0.0,0,retained_by_q1,Action:L-1/R+1,1,1.0,2,299.23046875,299.23046875,right,1,right,decoded_from_declared_channel_code,1.0,1,296.01171875,302.01171875,75779,77316,True,301,True,301,299.23046875,declared_response_code_observed,1.17578125,300.40625,1,299.21171875,0.0187500000000113,,under_100ms_from_schedule_proxy_review_anchor,1,channel8_channel9_same_or_different_direction_only,1,1,True,cue_response_direction_comparable,True,True,True,
VisualCogB_Task-1,34,78188,305.421875,-1,left,307.621875,0.2s_cue_plus_approx_2.0s_wait_schedule_assumption,unresolved_from_allowed_channels,30.0,VisualCogB_Task-1:q1_030,0.0,0,retained_by_q1,Action:L-1/R+1,1,-1.0,-2,307.63671875,307.63671875,left,-1,left,decoded_from_declared_channel_code,-1.0,-1,304.421875,310.421875,77932,79469,True,302,True,302,307.63671875,declared_response_code_observed,1.1796875,308.81640625,-1,307.621875,0.0148437500000113,,under_100ms_from_schedule_proxy_review_anchor,1,channel8_channel9_same_or_different_direction_only,1,1,True,cue_response_direction_comparable,True,True,True,
VisualCogB_Task-1,35,80340,313.828125,-1,left,316.028125,0.2s_cue_plus_approx_2.0s_wait_schedule_assumption,unresolved_from_allowed_channels,,,,1,excluded_by_q1,Action:L-1/R+1,1,-1.0,-2,316.046875,316.046875,left,-1,left,decoded_from_declared_channel_code,-1.0,-1,312.828125,318.828125,80084,81621,True,239,True,239,316.046875,declared_response_code_observed,0.93359375,316.98046875,-1,316.028125,0.0187500000000113,,under_100ms_from_schedule_proxy_review_anchor,1,channel8_channel9_same_or_different_direction_only,1,1,True,cue_response_direction_comparable,False,False,True,
VisualCogB_Task-1,36,82429,321.98828125,-1,left,324.18828125,0.2s_cue_plus_approx_2.0s_wait_schedule_assumption,unresolved_from_allowed_channels,31.0,VisualCogB_Task-1:q1_031,0.0,0,retained_by_q1,Action:L-1/R+1,1,-1.0,-2,324.203125,324.203125,left,-1,left,decoded_from_declared_channel_code,-1.0,-1,320.98828125,326.98828125,82173,83710,True,369,True,369,324.203125,declared_response_code_observed,1.44140625,325.64453125,-1,324.18828125,0.0148437500000113,,under_100ms_from_schedule_proxy_review_anchor,1,channel8_channel9_same_or_different_direction_only,1,1,True,cue_response_direction_comparable,True,True,True,
VisualCogB_Task-1,37,84649,330.66015625,-1,left,332.86015625,0.2s_cue_plus_approx_2.0s_wait_schedule_assumption,unresolved_from_allowed_channels,32.0,VisualCogB_Task-1:q1_032,0.0,0,retained_by_q1,Action:L-1/R+1,1,-1.0,-2,332.87890625,332.87890625,left,-1,left,decoded_from_declared_channel_code,-1.0,-1,329.66015625,335.66015625,84393,85930,True,291,True,291,332.87890625,declared_response_code_observed,1.13671875,334.015625,-1,332.86015625,0.0187500000000113,,under_100ms_from_schedule_proxy_review_anchor,1,channel8_channel9_same_or_different_direction_only,1,1,True,cue_response_direction_comparable,True,True,True,
VisualCogB_Task-1,38,86790,339.0234375,1,right,341.2234375,0.2s_cue_plus_approx_2.0s_wait_schedule_assumption,unresolved_from_allowed_channels,33.0,VisualCogB_Task-1:q1_033,0.0,0,retained_by_q1,Action:L-1/R+1,1,1.0,2,341.23828125,341.23828125,right,1,right,decoded_from_declared_channel_code,1.0,1,338.0234375,344.0234375,86534,88071,True,287,True,287,341.23828125,declared_response_code_observed,1.12109375,342.359375,1,341.2234375,0.0148437500000113,,under_100ms_from_schedule_proxy_review_anchor,1,channel8_channel9_same_or_different_direction_only,1,1,True,cue_response_direction_comparable,True,True,True,
VisualCogB_Task-1,39,88926,347.3671875,1,right,349.5671875,0.2s_cue_plus_approx_2.0s_wait_schedule_assumption,unresolved_from_allowed_channels,34.0,VisualCogB_Task-1:q1_034,0.0,0,retained_by_q1,Action:L-1/R+1,1,1.0,2,349.5859375,349.5859375,right,1,right,decoded_from_declared_channel_code,1.0,1,346.3671875,352.3671875,88670,90207,True,315,True,315,349.5859375,declared_response_code_observed,1.23046875,350.81640625,1,349.5671875,0.0187500000000113,,under_100ms_from_schedule_proxy_review_anchor,1,channel8_channel9_same_or_different_direction_only,1,1,True,cue_response_direction_comparable,True,True,True,
VisualCogB_Task-1,40,91091,355.82421875,-1,left,358.02421875,0.2s_cue_plus_approx_2.0s_wait_schedule_assumption,unresolved_from_allowed_channels,35.0,VisualCogB_Task-1:q1_035,0.0,0,retained_by_q1,Action:L-1/R+1,1,-1.0,-2,358.0390625,358.0390625,left,-1,left,decoded_from_declared_channel_code,-1.0,-1,354.82421875,360.82421875,90835,92372,True,251,True,251,358.0390625,declared_response_code_observed,0.98046875,359.01953125,-1,358.02421875,0.0148437500000113,,under_100ms_from_schedule_proxy_review_anchor,1,channel8_channel9_same_or_different_direction_only,1,1,True,cue_response_direction_comparable,True,True,True,
VisualCogB_Task-1,41,93191,364.02734375,1,right,366.22734375,0.2s_cue_plus_approx_2.0s_wait_schedule_assumption,unresolved_from_allowed_channels,36.0,VisualCogB_Task-1:q1_036,0.0,0,retained_by_q1,Action:L-1/R+1,1,1.0,2,366.24609375,366.24609375,right,1,right,decoded_from_declared_channel_code,1.0,1,363.02734375,369.02734375,92935,94472,True,296,True,296,366.24609375,declared_response_code_observed,1.15625,367.40234375,1,366.22734375,0.0187500000000113,,under_100ms_from_schedule_proxy_review_anchor,1,channel8_channel9_same_or_different_direction_only,1,1,True,cue_response_direction_comparable,True,True,True,
VisualCogB_Task-1,42,95340,372.421875,1,right,374.621875,0.2s_cue_plus_approx_2.0s_wait_schedule_assumption,unresolved_from_allowed_channels,37.0,VisualCogB_Task-1:q1_037,0.0,0,retained_by_q1,Action:L-1/R+1,1,1.0,2,374.640625,374.640625,right,1,right,decoded_from_declared_channel_code,1.0,1,371.421875,377.421875,95084,96621,True,263,True,263,374.640625,declared_response_code_observed,1.02734375,375.66796875,1,374.621875,0.0187500000000113,,under_100ms_from_schedule_proxy_review_anchor,1,channel8_channel9_same_or_different_direction_only,1,1,True,cue_response_direction_comparable,True,True,True,
VisualCogB_Task-1,43,97457,380.69140625,1,right,382.89140625,0.2s_cue_plus_approx_2.0s_wait_schedule_assumption,unresolved_from_allowed_channels,38.0,VisualCogB_Task-1:q1_038,0.0,0,retained_by_q1,Action:L-1/R+1,1,1.0,2,382.90625,382.90625,right,1,right,decoded_from_declared_channel_code,1.0,1,379.69140625,385.69140625,97201,98738,True,395,True,395,382.90625,declared_response_code_observed,1.54296875,384.44921875,1,382.89140625,0.0148437500000113,,under_100ms_from_schedule_proxy_review_anchor,1,channel8_channel9_same_or_different_direction_only,1,1,True,cue_response_direction_comparable,True,True,True,
VisualCogB_Task-1,44,99705,389.47265625,1,right,391.67265625,0.2s_cue_plus_approx_2.0s_wait_schedule_assumption,unresolved_from_allowed_channels,39.0,VisualCogB_Task-1:q1_039,0.0,0,retained_by_q1,Action:L-1/R+1,1,1.0,2,391.69140625,391.69140625,right,1,right,decoded_from_declared_channel_code,1.0,1,388.47265625,394.47265625,99449,100986,True,438,True,438,391.69140625,declared_response_code_observed,1.7109375,393.40234375,1,391.67265625,0.0187500000000113,,under_100ms_from_schedule_proxy_review_anchor,1,channel8_channel9_same_or_different_direction_only,1,1,True,cue_response_direction_comparable,True,True,True,
VisualCogB_Task-1,45,101998,398.4296875,-1,left,400.6296875,0.2s_cue_plus_approx_2.0s_wait_schedule_assumption,unresolved_from_allowed_channels,,,,1,excluded_by_q1,Action:L-1/R+1,1,-1.0,-2,400.64453125,400.64453125,left,-1,left,decoded_from_declared_channel_code,-1.0,-1,397.4296875,403.4296875,101742,103279,True,348,True,348,400.64453125,declared_response_code_observed,1.359375,402.00390625,-1,400.6296875,0.0148437500000113,,under_100ms_from_schedule_proxy_review_anchor,1,channel8_channel9_same_or_different_direction_only,1,1,True,cue_response_direction_comparable,False,False,True,
VisualCogB_Task-1,46,104198,407.0234375,-1,left,409.2234375,0.2s_cue_plus_approx_2.0s_wait_schedule_assumption,unresolved_from_allowed_channels,,,,1,excluded_by_q1,Action:L-1/R+1,1,-1.0,-2,409.23828125,409.23828125,left,-1,left,decoded_from_declared_channel_code,-1.0,-1,406.0234375,412.0234375,103942,105479,True,245,True,245,409.23828125,declared_response_code_observed,0.95703125,410.1953125,-1,409.2234375,0.0148437500000113,,under_100ms_from_schedule_proxy_review_anchor,1,channel8_channel9_same_or_different_direction_only,1,1,True,cue_response_direction_comparable,False,False,True,
VisualCogB_Task-1,47,106294,415.2109375,1,right,417.4109375,0.2s_cue_plus_approx_2.0s_wait_schedule_assumption,unresolved_from_allowed_channels,40.0,VisualCogB_Task-1:q1_040,0.0,0,retained_by_q1,Action:L-1/R+1,1,1.0,2,417.4296875,417.4296875,right,1,right,decoded_from_declared_channel_code,1.0,1,414.2109375,420.2109375,106038,107575,True,250,True,250,417.4296875,declared_response_code_observed,0.9765625,418.40625,1,417.4109375,0.0187500000000113,,under_100ms_from_schedule_proxy_review_anchor,1,channel8_channel9_same_or_different_direction_only,1,1,True,cue_response_direction_comparable,True,True,True,
VisualCogB_Task-1,48,108395,423.41796875,1,right,425.61796875,0.2s_cue_plus_approx_2.0s_wait_schedule_assumption,unresolved_from_allowed_channels,41.0,VisualCogB_Task-1:q1_041,0.0,0,retained_by_q1,Action:L-1/R+1,1,-1.0,-2,425.6328125,425.6328125,left,-1,left,decoded_from_declared_channel_code,-1.0,-1,422.41796875,428.41796875,108139,109676,True,323,True,323,425.6328125,declared_response_code_observed,1.26171875,426.89453125,1,425.61796875,0.0148437500000113,,under_100ms_from_schedule_proxy_review_anchor,0,channel8_channel9_same_or_different_direction_only,1,1,True,cue_response_direction_comparable,True,True,True,
VisualCogB_Task-1,49,110568,431.90625,-1,left,434.10625,0.2s_cue_plus_approx_2.0s_wait_schedule_assumption,unresolved_from_allowed_channels,42.0,VisualCogB_Task-1:q1_042,0.0,0,retained_by_q1,Action:L-1/R+1,1,-1.0,-2,434.12109375,434.12109375,left,-1,left,decoded_from_declared_channel_code,-1.0,-1,430.90625,436.90625,110312,111849,True,239,True,239,434.12109375,declared_response_code_observed,0.93359375,435.0546875,-1,434.10625,0.0148437500000113,,under_100ms_from_schedule_proxy_review_anchor,1,channel8_channel9_same_or_different_direction_only,1,1,True,cue_response_direction_comparable,True,True,True,
VisualCogB_Task-1,50,112656,440.0625,1,right,442.2625,0.2s_cue_plus_approx_2.0s_wait_schedule_assumption,unresolved_from_allowed_channels,43.0,VisualCogB_Task-1:q1_043,0.0,0,retained_by_q1,Action:L-1/R+1,1,1.0,2,442.28125,442.28125,right,1,right,decoded_from_declared_channel_code,1.0,1,439.0625,445.0625,112400,113937,True,251,True,251,442.28125,declared_response_code_observed,0.98046875,443.26171875,1,442.2625,0.0187500000000113,,under_100ms_from_schedule_proxy_review_anchor,1,channel8_channel9_same_or_different_direction_only,1,1,True,cue_response_direction_comparable,True,True,True,
VisualCogB_Task-1,51,114757,448.26953125,-1,left,450.46953125,0.2s_cue_plus_approx_2.0s_wait_schedule_assumption,unresolved_from_allowed_channels,44.0,VisualCogB_Task-1:q1_044,0.0,0,retained_by_q1,Action:L-1/R+1,1,-1.0,-2,450.484375,450.484375,left,-1,left,decoded_from_declared_channel_code,-1.0,-1,447.26953125,453.26953125,114501,116038,True,290,True,290,450.484375,declared_response_code_observed,1.1328125,451.6171875,-1,450.46953125,0.0148437500000113,,under_100ms_from_schedule_proxy_review_anchor,1,channel8_channel9_same_or_different_direction_only,1,1,True,cue_response_direction_comparable,True,True,True,
VisualCogB_Task-1,52,116897,456.62890625,1,right,458.82890625,0.2s_cue_plus_approx_2.0s_wait_schedule_assumption,unresolved_from_allowed_channels,45.0,VisualCogB_Task-1:q1_045,0.0,0,retained_by_q1,Action:L-1/R+1,1,1.0,2,458.84765625,458.84765625,right,1,right,decoded_from_declared_channel_code,1.0,1,455.62890625,461.62890625,116641,118178,True,227,True,227,458.84765625,declared_response_code_observed,0.88671875,459.734375,1,458.82890625,0.0187500000000113,,under_100ms_from_schedule_proxy_review_anchor,1,channel8_channel9_same_or_different_direction_only,1,1,True,cue_response_direction_comparable,True,True,True,
VisualCogB_Task-1,53,118978,464.7578125,-1,left,466.9578125,0.2s_cue_plus_approx_2.0s_wait_schedule_assumption,unresolved_from_allowed_channels,,,,1,excluded_by_q1,Action:L-1/R+1,1,-1.0,-2,466.97265625,466.97265625,left,-1,left,decoded_from_declared_channel_code,-1.0,-1,463.7578125,469.7578125,118722,120259,True,238,True,238,466.97265625,declared_response_code_observed,0.9296875,467.90234375,-1,466.9578125,0.0148437500000113,,under_100ms_from_schedule_proxy_review_anchor,1,channel8_channel9_same_or_different_direction_only,1,1,True,cue_response_direction_comparable,False,False,True,
VisualCogB_Task-1,54,121067,472.91796875,1,right,475.11796875,0.2s_cue_plus_approx_2.0s_wait_schedule_assumption,unresolved_from_allowed_channels,46.0,VisualCogB_Task-1:q1_046,0.0,0,retained_by_q1,Action:L-1/R+1,1,1.0,2,475.1328125,475.1328125,right,1,right,decoded_from_declared_channel_code,1.0,1,471.91796875,477.91796875,120811,122348,True,292,True,292,475.1328125,declared_response_code_observed,1.140625,476.2734375,1,475.11796875,0.0148437500000113,,under_100ms_from_schedule_proxy_review_anchor,1,channel8_channel9_same_or_different_direction_only,1,1,True,cue_response_direction_comparable,True,True,True,
VisualCogB_Task-1,55,123211,481.29296875,-1,left,483.49296875,0.2s_cue_plus_approx_2.0s_wait_schedule_assumption,unresolved_from_allowed_channels,47.0,VisualCogB_Task-1:q1_047,0.0,0,retained_by_q1,Action:L-1/R+1,1,-1.0,-2,483.5078125,483.5078125,left,-1,left,decoded_from_declared_channel_code,-1.0,-1,480.29296875,486.29296875,122955,124492,True,240,True,240,483.5078125,declared_response_code_observed,0.9375,484.4453125,-1,483.49296875,0.0148437500000113,,under_100ms_from_schedule_proxy_review_anchor,1,channel8_channel9_same_or_different_direction_only,1,1,True,cue_response_direction_comparable,True,True,True,
VisualCogB_Task-1,56,125304,489.46875,1,right,491.66875,0.2s_cue_plus_approx_2.0s_wait_schedule_assumption,unresolved_from_allowed_channels,48.0,VisualCogB_Task-1:q1_048,0.0,0,retained_by_q1,Action:L-1/R+1,1,1.0,2,491.68359375,491.68359375,right,1,right,decoded_from_declared_channel_code,1.0,1,488.46875,494.46875,125048,126585,True,256,True,256,491.68359375,declared_response_code_observed,1.0,492.68359375,1,491.66875,0.0148437500000113,,under_100ms_from_schedule_proxy_review_anchor,1,channel8_channel9_same_or_different_direction_only,1,1,True,cue_response_direction_comparable,True,True,True,
VisualCogB_Task-1,57,127412,497.703125,1,right,499.903125,0.2s_cue_plus_approx_2.0s_wait_schedule_assumption,unresolved_from_allowed_channels,,,,1,excluded_by_q1,Action:L-1/R+1,1,1.0,2,499.921875,499.921875,right,1,right,decoded_from_declared_channel_code,1.0,1,496.703125,502.703125,127156,128693,True,259,True,259,499.921875,declared_response_code_observed,1.01171875,500.93359375,1,499.903125,0.0187500000000113,,under_100ms_from_schedule_proxy_review_anchor,1,channel8_channel9_same_or_different_direction_only,1,1,True,cue_response_direction_comparable,False,False,True,
VisualCogB_Task-1,58,129525,505.95703125,1,right,508.15703125,0.2s_cue_plus_approx_2.0s_wait_schedule_assumption,unresolved_from_allowed_channels,49.0,VisualCogB_Task-1:q1_049,0.0,0,retained_by_q1,Action:L-1/R+1,1,1.0,2,508.171875,508.171875,right,1,right,decoded_from_declared_channel_code,1.0,1,504.95703125,510.95703125,129269,130806,True,300,True,300,508.171875,declared_response_code_observed,1.171875,509.34375,1,508.15703125,0.0148437500000113,,under_100ms_from_schedule_proxy_review_anchor,1,channel8_channel9_same_or_different_direction_only,1,1,True,cue_response_direction_comparable,True,True,True,
VisualCogB_Task-1,59,131677,514.36328125,1,right,516.56328125,0.2s_cue_plus_approx_2.0s_wait_schedule_assumption,unresolved_from_allowed_channels,50.0,VisualCogB_Task-1:q1_050,0.0,0,retained_by_q1,Action:L-1/R+1,1,1.0,2,516.58203125,516.58203125,right,1,right,decoded_from_declared_channel_code,1.0,1,513.36328125,519.36328125,131421,132958,True,282,True,282,516.58203125,declared_response_code_observed,1.1015625,517.68359375,1,516.56328125,0.0187499999999545,,under_100ms_from_schedule_proxy_review_anchor,1,channel8_channel9_same_or_different_direction_only,1,1,True,cue_response_direction_comparable,True,True,True,
VisualCogB_Task-1,60,133810,522.6953125,-1,left,524.8953125,0.2s_cue_plus_approx_2.0s_wait_schedule_assumption,unresolved_from_allowed_channels,51.0,VisualCogB_Task-1:q1_051,0.0,0,retained_by_q1,Action:L-1/R+1,1,-1.0,-2,524.91015625,524.91015625,left,-1,left,decoded_from_declared_channel_code,-1.0,-1,521.6953125,527.6953125,133554,135091,True,373,True,373,524.91015625,declared_response_code_observed,1.45703125,526.3671875,-1,524.8953125,0.0148437499999545,,under_100ms_from_schedule_proxy_review_anchor,1,channel8_channel9_same_or_different_direction_only,1,1,True,cue_response_direction_comparable,True,True,True,
VisualCogB_Task-1,61,136034,531.3828125,-1,left,533.5828125,0.2s_cue_plus_approx_2.0s_wait_schedule_assumption,unresolved_from_allowed_channels,52.0,VisualCogB_Task-1:q1_052,0.0,0,retained_by_q1,Action:L-1/R+1,1,-1.0,-2,533.6015625,533.6015625,left,-1,left,decoded_from_declared_channel_code,-1.0,-1,530.3828125,536.3828125,135778,137315,True,309,True,309,533.6015625,declared_response_code_observed,1.20703125,534.80859375,-1,533.5828125,0.0187499999999545,,under_100ms_from_schedule_proxy_review_anchor,1,channel8_channel9_same_or_different_direction_only,1,1,True,cue_response_direction_comparable,True,True,True,
VisualCogB_Task-1,62,138195,539.82421875,1,right,542.02421875,0.2s_cue_plus_approx_2.0s_wait_schedule_assumption,unresolved_from_allowed_channels,,,,1,excluded_by_q1,Action:L-1/R+1,1,1.0,2,542.0390625,542.0390625,right,1,right,decoded_from_declared_channel_code,1.0,1,538.82421875,544.82421875,137939,139476,True,290,True,290,542.0390625,declared_response_code_observed,1.1328125,543.171875,1,542.02421875,0.0148437499999545,,under_100ms_from_schedule_proxy_review_anchor,1,channel8_channel9_same_or_different_direction_only,1,1,True,cue_response_direction_comparable,False,False,True,
VisualCogB_Task-1,63,140335,548.18359375,-1,left,550.38359375,0.2s_cue_plus_approx_2.0s_wait_schedule_assumption,unresolved_from_allowed_channels,53.0,VisualCogB_Task-1:q1_053,0.0,0,retained_by_q1,Action:L-1/R+1,1,-1.0,-2,550.40234375,550.40234375,left,-1,left,decoded_from_declared_channel_code,-1.0,-1,547.18359375,553.18359375,140079,141616,True,261,True,261,550.40234375,declared_response_code_observed,1.01953125,551.421875,-1,550.38359375,0.0187499999999545,,under_100ms_from_schedule_proxy_review_anchor,1,channel8_channel9_same_or_different_direction_only,1,1,True,cue_response_direction_comparable,True,True,True,
VisualCogB_Task-1,64,142448,556.4375,-1,left,558.6375,0.2s_cue_plus_approx_2.0s_wait_schedule_assumption,unresolved_from_allowed_channels,54.0,VisualCogB_Task-1:q1_054,0.0,0,retained_by_q1,Action:L-1/R+1,1,-1.0,-2,558.65234375,558.65234375,left,-1,left,decoded_from_declared_channel_code,-1.0,-1,555.4375,561.4375,142192,143729,True,305,True,305,558.65234375,declared_response_code_observed,1.19140625,559.84375,-1,558.6375,0.0148437499999545,,under_100ms_from_schedule_proxy_review_anchor,1,channel8_channel9_same_or_different_direction_only,1,1,True,cue_response_direction_comparable,True,True,True,
VisualCogB_Task-1,65,144604,564.859375,-1,left,567.059375,0.2s_cue_plus_approx_2.0s_wait_schedule_assumption,unresolved_from_allowed_channels,,,,1,excluded_by_q1,Action:L-1/R+1,1,-1.0,-2,567.078125,567.078125,left,-1,left,decoded_from_declared_channel_code,-1.0,-1,563.859375,569.859375,144348,145885,True,226,True,226,567.078125,declared_response_code_observed,0.8828125,567.9609375,-1,567.059375,0.0187499999999545,,under_100ms_from_schedule_proxy_review_anchor,1,channel8_channel9_same_or_different_direction_only,1,1,True,cue_response_direction_comparable,False,False,True,
VisualCogB_Task-1,66,146681,572.97265625,1,right,575.17265625,0.2s_cue_plus_approx_2.0s_wait_schedule_assumption,unresolved_from_allowed_channels,55.0,VisualCogB_Task-1:q1_055,0.0,0,retained_by_q1,Action:L-1/R+1,1,1.0,2,575.1875,575.1875,right,1,right,decoded_from_declared_channel_code,1.0,1,571.97265625,577.97265625,146425,147962,True,244,True,244,575.1875,declared_response_code_observed,0.953125,576.140625,1,575.17265625,0.0148437499999545,,under_100ms_from_schedule_proxy_review_anchor,1,channel8_channel9_same_or_different_direction_only,1,1,True,cue_response_direction_comparable,True,True,True,
VisualCogB_Task-1,67,148774,581.1484375,1,right,583.3484375,0.2s_cue_plus_approx_2.0s_wait_schedule_assumption,unresolved_from_allowed_channels,56.0,VisualCogB_Task-1:q1_056,0.0,0,retained_by_q1,Action:L-1/R+1,1,1.0,2,583.36328125,583.36328125,right,1,right,decoded_from_declared_channel_code,1.0,1,580.1484375,586.1484375,148518,150055,True,331,True,331,583.36328125,declared_response_code_observed,1.29296875,584.65625,1,583.3484375,0.0148437499999545,,under_100ms_from_schedule_proxy_review_anchor,1,channel8_channel9_same_or_different_direction_only,1,1,True,cue_response_direction_comparable,True,True,True,
VisualCogB_Task-1,68,150958,589.6796875,-1,left,591.8796875,0.2s_cue_plus_approx_2.0s_wait_schedule_assumption,unresolved_from_allowed_channels,57.0,VisualCogB_Task-1:q1_057,0.0,0,retained_by_q1,Action:L-1/R+1,1,-1.0,-2,591.89453125,591.89453125,left,-1,left,decoded_from_declared_channel_code,-1.0,-1,588.6796875,594.6796875,150702,152239,True,270,True,270,591.89453125,declared_response_code_observed,1.0546875,592.94921875,-1,591.8796875,0.0148437499999545,,under_100ms_from_schedule_proxy_review_anchor,1,channel8_channel9_same_or_different_direction_only,1,1,True,cue_response_direction_comparable,True,True,True,
VisualCogB_Task-1,69,153079,597.96484375,-1,left,600.16484375,0.2s_cue_plus_approx_2.0s_wait_schedule_assumption,unresolved_from_allowed_channels,58.0,VisualCogB_Task-1:q1_058,0.0,0,retained_by_q1,Action:L-1/R+1,1,-1.0,-2,600.1796875,600.1796875,left,-1,left,decoded_from_declared_channel_code,-1.0,-1,596.96484375,602.96484375,152823,154360,True,271,True,271,600.1796875,declared_response_code_observed,1.05859375,601.23828125,-1,600.16484375,0.0148437499999545,,under_100ms_from_schedule_proxy_review_anchor,1,channel8_channel9_same_or_different_direction_only,1,1,True,cue_response_direction_comparable,True,True,True,
VisualCogB_Task-1,70,155199,606.24609375,1,right,608.44609375,0.2s_cue_plus_approx_2.0s_wait_schedule_assumption,unresolved_from_allowed_channels,,,,1,excluded_by_q1,Action:L-1/R+1,1,1.0,2,608.46484375,608.46484375,right,1,right,decoded_from_declared_channel_code,1.0,1,605.24609375,611.24609375,154943,156480,True,240,True,240,608.46484375,declared_response_code_observed,0.9375,609.40234375,1,608.44609375,0.0187499999999545,,under_100ms_from_schedule_proxy_review_anchor,1,channel8_channel9_same_or_different_direction_only,1,1,True,cue_response_direction_comparable,False,False,True,
VisualCogB_Task-1,71,157292,614.421875,1,right,616.621875,0.2s_cue_plus_approx_2.0s_wait_schedule_assumption,unresolved_from_allowed_channels,59.0,VisualCogB_Task-1:q1_059,0.0,0,retained_by_q1,Action:L-1/R+1,1,1.0,2,616.63671875,616.63671875,right,1,right,decoded_from_declared_channel_code,1.0,1,613.421875,619.421875,157036,158573,True,251,True,251,616.63671875,declared_response_code_observed,0.98046875,617.6171875,1,616.621875,0.0148437499999545,,under_100ms_from_schedule_proxy_review_anchor,1,channel8_channel9_same_or_different_direction_only,1,1,True,cue_response_direction_comparable,True,True,True,
VisualCogB_Task-1,72,159392,622.625,-1,left,624.825,0.2s_cue_plus_approx_2.0s_wait_schedule_assumption,unresolved_from_allowed_channels,60.0,VisualCogB_Task-1:q1_060,0.0,0,retained_by_q1,Action:L-1/R+1,1,-1.0,-2,624.84375,624.84375,left,-1,left,decoded_from_declared_channel_code,-1.0,-1,621.625,627.625,159136,160673,True,269,True,269,624.84375,declared_response_code_observed,1.05078125,625.89453125,-1,624.825,0.0187499999999545,,under_100ms_from_schedule_proxy_review_anchor,1,channel8_channel9_same_or_different_direction_only,1,1,True,cue_response_direction_comparable,True,True,True,
VisualCogB_Task-1,73,161513,630.91015625,-1,left,633.11015625,0.2s_cue_plus_approx_2.0s_wait_schedule_assumption,unresolved_from_allowed_channels,61.0,VisualCogB_Task-1:q1_061,0.0,0,retained_by_q1,Action:L-1/R+1,1,-1.0,-2,633.125,633.125,left,-1,left,decoded_from_declared_channel_code,-1.0,-1,629.91015625,635.91015625,161257,162794,True,312,True,312,633.125,declared_response_code_observed,1.21875,634.34375,-1,633.11015625,0.0148437499999545,,under_100ms_from_schedule_proxy_review_anchor,1,channel8_channel9_same_or_different_direction_only,1,1,True,cue_response_direction_comparable,True,True,True,
VisualCogB_Task-1,74,163678,639.3671875,1,right,641.5671875,0.2s_cue_plus_approx_2.0s_wait_schedule_assumption,unresolved_from_allowed_channels,62.0,VisualCogB_Task-1:q1_062,0.0,0,retained_by_q1,Action:L-1/R+1,1,1.0,2,641.58203125,641.58203125,right,1,right,decoded_from_declared_channel_code,1.0,1,638.3671875,644.3671875,163422,164959,True,283,True,283,641.58203125,declared_response_code_observed,1.10546875,642.6875,1,641.5671875,0.0148437499999545,,under_100ms_from_schedule_proxy_review_anchor,1,channel8_channel9_same_or_different_direction_only,1,1,True,cue_response_direction_comparable,True,True,True,
VisualCogB_Task-1,75,165814,647.7109375,-1,left,649.9109375,0.2s_cue_plus_approx_2.0s_wait_schedule_assumption,unresolved_from_allowed_channels,63.0,VisualCogB_Task-1:q1_063,0.0,0,retained_by_q1,Action:L-1/R+1,1,-1.0,-2,649.92578125,649.92578125,left,-1,left,decoded_from_declared_channel_code,-1.0,-1,646.7109375,652.7109375,165558,167095,True,316,True,316,649.92578125,declared_response_code_observed,1.234375,651.16015625,-1,649.9109375,0.0148437499999545,,under_100ms_from_schedule_proxy_review_anchor,1,channel8_channel9_same_or_different_direction_only,1,1,True,cue_response_direction_comparable,True,True,True,
VisualCogB_Task-1,76,167982,656.1796875,-1,left,658.3796875,0.2s_cue_plus_approx_2.0s_wait_schedule_assumption,unresolved_from_allowed_channels,64.0,VisualCogB_Task-1:q1_064,0.0,0,retained_by_q1,Action:L-1/R+1,1,-1.0,-2,658.3984375,658.3984375,left,-1,left,decoded_from_declared_channel_code,-1.0,-1,655.1796875,661.1796875,167726,169263,True,304,True,304,658.3984375,declared_response_code_observed,1.1875,659.5859375,-1,658.3796875,0.0187499999999545,,under_100ms_from_schedule_proxy_review_anchor,1,channel8_channel9_same_or_different_direction_only,1,1,True,cue_response_direction_comparable,True,True,True,
VisualCogB_Task-1,77,170139,664.60546875,-1,left,666.80546875,0.2s_cue_plus_approx_2.0s_wait_schedule_assumption,unresolved_from_allowed_channels,,,,1,excluded_by_q1,Action:L-1/R+1,1,-1.0,-2,666.8203125,666.8203125,left,-1,left,decoded_from_declared_channel_code,-1.0,-1,663.60546875,669.60546875,169883,171420,True,292,True,292,666.8203125,declared_response_code_observed,1.140625,667.9609375,-1,666.80546875,0.0148437499999545,,under_100ms_from_schedule_proxy_review_anchor,1,channel8_channel9_same_or_different_direction_only,1,1,True,cue_response_direction_comparable,False,False,True,
VisualCogB_Task-1,78,172279,672.96484375,1,right,675.16484375,0.2s_cue_plus_approx_2.0s_wait_schedule_assumption,unresolved_from_allowed_channels,65.0,VisualCogB_Task-1:q1_065,0.0,0,retained_by_q1,Action:L-1/R+1,1,1.0,2,675.18359375,675.18359375,right,1,right,decoded_from_declared_channel_code,1.0,1,671.96484375,677.96484375,172023,173560,True,285,True,285,675.18359375,declared_response_code_observed,1.11328125,676.296875,1,675.16484375,0.0187499999999545,,under_100ms_from_schedule_proxy_review_anchor,1,channel8_channel9_same_or_different_direction_only,1,1,True,cue_response_direction_comparable,True,True,True,
VisualCogB_Task-1,79,174416,681.3125,-1,left,683.5125,0.2s_cue_plus_approx_2.0s_wait_schedule_assumption,unresolved_from_allowed_channels,66.0,VisualCogB_Task-1:q1_066,0.0,0,retained_by_q1,Action:L-1/R+1,1,-1.0,-2,683.52734375,683.52734375,left,-1,left,decoded_from_declared_channel_code,-1.0,-1,680.3125,686.3125,174160,175697,True,265,True,265,683.52734375,declared_response_code_observed,1.03515625,684.5625,-1,683.5125,0.0148437499999545,,under_100ms_from_schedule_proxy_review_anchor,1,channel8_channel9_same_or_different_direction_only,1,1,True,cue_response_direction_comparable,True,True,True,
VisualCogB_Task-1,80,176533,689.58203125,-1,left,691.78203125,0.2s_cue_plus_approx_2.0s_wait_schedule_assumption,unresolved_from_allowed_channels,67.0,VisualCogB_Task-1:q1_067,0.0,0,retained_by_q1,Action:L-1/R+1,1,-1.0,-2,691.796875,691.796875,left,-1,left,decoded_from_declared_channel_code,-1.0,-1,688.58203125,694.58203125,176277,177814,True,319,True,319,691.796875,declared_response_code_observed,1.24609375,693.04296875,-1,691.78203125,0.0148437499999545,,under_100ms_from_schedule_proxy_review_anchor,1,channel8_channel9_same_or_different_direction_only,1,1,True,cue_response_direction_comparable,True,True,True,
VisualCogB_Task-1,81,178705,698.06640625,1,right,700.26640625,0.2s_cue_plus_approx_2.0s_wait_schedule_assumption,unresolved_from_allowed_channels,68.0,VisualCogB_Task-1:q1_068,0.0,0,retained_by_q1,Action:L-1/R+1,1,1.0,2,700.28515625,700.28515625,right,1,right,decoded_from_declared_channel_code,1.0,1,697.06640625,703.06640625,178449,179986,True,290,True,290,700.28515625,declared_response_code_observed,1.1328125,701.41796875,1,700.26640625,0.0187499999999545,,under_100ms_from_schedule_proxy_review_anchor,1,channel8_channel9_same_or_different_direction_only,1,1,True,cue_response_direction_comparable,True,True,True,
VisualCogB_Task-1,82,180846,706.4296875,-1,left,708.6296875,0.2s_cue_plus_approx_2.0s_wait_schedule_assumption,unresolved_from_allowed_channels,69.0,VisualCogB_Task-1:q1_069,0.0,0,retained_by_q1,Action:L-1/R+1,1,-1.0,-2,708.64453125,708.64453125,left,-1,left,decoded_from_declared_channel_code,-1.0,-1,705.4296875,711.4296875,180590,182127,True,323,True,323,708.64453125,declared_response_code_observed,1.26171875,709.90625,-1,708.6296875,0.0148437499999545,,under_100ms_from_schedule_proxy_review_anchor,1,channel8_channel9_same_or_different_direction_only,1,1,True,cue_response_direction_comparable,True,True,True,
VisualCogB_Task-1,83,183022,714.9296875,-1,left,717.1296875,0.2s_cue_plus_approx_2.0s_wait_schedule_assumption,unresolved_from_allowed_channels,70.0,VisualCogB_Task-1:q1_070,0.0,0,retained_by_q1,Action:L-1/R+1,1,-1.0,-2,717.1484375,717.1484375,left,-1,left,decoded_from_declared_channel_code,-1.0,-1,713.9296875,719.9296875,182766,184303,True,249,True,249,717.1484375,declared_response_code_observed,0.97265625,718.12109375,-1,717.1296875,0.0187499999999545,,under_100ms_from_schedule_proxy_review_anchor,1,channel8_channel9_same_or_different_direction_only,1,1,True,cue_response_direction_comparable,True,True,True,
VisualCogB_Task-1,84,185123,723.13671875,1,right,725.33671875,0.2s_cue_plus_approx_2.0s_wait_schedule_assumption,unresolved_from_allowed_channels,,,,1,excluded_by_q1,Action:L-1/R+1,1,1.0,2,725.3515625,725.3515625,right,1,right,decoded_from_declared_channel_code,1.0,1,722.13671875,728.13671875,184867,186404,True,293,True,293,725.3515625,declared_response_code_observed,1.14453125,726.49609375,1,725.33671875,0.0148437499999545,,under_100ms_from_schedule_proxy_review_anchor,1,channel8_channel9_same_or_different_direction_only,1,1,True,cue_response_direction_comparable,False,False,True,
VisualCogB_Task-1,85,187267,731.51171875,-1,left,733.71171875,0.2s_cue_plus_approx_2.0s_wait_schedule_assumption,unresolved_from_allowed_channels,71.0,VisualCogB_Task-1:q1_071,0.0,0,retained_by_q1,Action:L-1/R+1,1,-1.0,-2,733.73046875,733.73046875,left,-1,left,decoded_from_declared_channel_code,-1.0,-1,730.51171875,736.51171875,187011,188548,True,247,True,247,733.73046875,declared_response_code_observed,0.96484375,734.6953125,-1,733.71171875,0.0187499999999545,,under_100ms_from_schedule_proxy_review_anchor,1,channel8_channel9_same_or_different_direction_only,1,1,True,cue_response_direction_comparable,True,True,True,
VisualCogB_Task-1,86,189368,739.71875,-1,left,741.91875,0.2s_cue_plus_approx_2.0s_wait_schedule_assumption,unresolved_from_allowed_channels,72.0,VisualCogB_Task-1:q1_072,0.0,0,retained_by_q1,Action:L-1/R+1,1,1.0,2,741.93359375,741.93359375,right,1,right,decoded_from_declared_channel_code,1.0,1,738.71875,744.71875,189112,190649,True,397,True,397,741.93359375,declared_response_code_observed,1.55078125,743.484375,-1,741.91875,0.0148437499999545,,under_100ms_from_schedule_proxy_review_anchor,0,channel8_channel9_same_or_different_direction_only,1,1,True,cue_response_direction_comparable,True,True,True,
VisualCogB_Task-1,87,191616,748.5,1,right,750.7,0.2s_cue_plus_approx_2.0s_wait_schedule_assumption,unresolved_from_allowed_channels,,,,1,excluded_by_q1,Action:L-1/R+1,1,1.0,2,750.71484375,750.71484375,right,1,right,decoded_from_declared_channel_code,1.0,1,747.5,753.5,191360,192897,True,311,True,311,750.71484375,declared_response_code_observed,1.21484375,751.9296875,1,750.7,0.0148437499999545,,under_100ms_from_schedule_proxy_review_anchor,1,channel8_channel9_same_or_different_direction_only,1,1,True,cue_response_direction_comparable,False,False,True,
VisualCogB_Task-1,88,193777,756.94140625,-1,left,759.14140625,0.2s_cue_plus_approx_2.0s_wait_schedule_assumption,unresolved_from_allowed_channels,73.0,VisualCogB_Task-1:q1_073,0.0,0,retained_by_q1,Action:L-1/R+1,1,-1.0,-2,759.15625,759.15625,left,-1,left,decoded_from_declared_channel_code,-1.0,-1,755.94140625,761.94140625,193521,195058,True,245,True,245,759.15625,declared_response_code_observed,0.95703125,760.11328125,-1,759.14140625,0.0148437499999545,,under_100ms_from_schedule_proxy_review_anchor,1,channel8_channel9_same_or_different_direction_only,1,1,True,cue_response_direction_comparable,True,True,True,
VisualCogB_Task-1,89,195873,765.12890625,-1,left,767.32890625,0.2s_cue_plus_approx_2.0s_wait_schedule_assumption,unresolved_from_allowed_channels,74.0,VisualCogB_Task-1:q1_074,0.0,0,retained_by_q1,Action:L-1/R+1,1,-1.0,-2,767.34765625,767.34765625,left,-1,left,decoded_from_declared_channel_code,-1.0,-1,764.12890625,770.12890625,195617,197154,True,291,True,291,767.34765625,declared_response_code_observed,1.13671875,768.484375,-1,767.32890625,0.0187499999999545,,under_100ms_from_schedule_proxy_review_anchor,1,channel8_channel9_same_or_different_direction_only,1,1,True,cue_response_direction_comparable,True,True,True,
VisualCogB_Task-1,90,198018,773.5078125,1,right,775.7078125,0.2s_cue_plus_approx_2.0s_wait_schedule_assumption,unresolved_from_allowed_channels,75.0,VisualCogB_Task-1:q1_075,0.0,0,retained_by_q1,Action:L-1/R+1,1,1.0,2,775.72265625,775.72265625,right,1,right,decoded_from_declared_channel_code,1.0,1,772.5078125,778.5078125,197762,199299,True,265,True,265,775.72265625,declared_response_code_observed,1.03515625,776.7578125,1,775.7078125,0.0148437499999545,,under_100ms_from_schedule_proxy_review_anchor,1,channel8_channel9_same_or_different_direction_only,1,1,True,cue_response_direction_comparable,True,True,True,
VisualCogB_Task-1,91,200134,781.7734375,1,right,783.9734375,0.2s_cue_plus_approx_2.0s_wait_schedule_assumption,unresolved_from_allowed_channels,,,,1,excluded_by_q1,Action:L-1/R+1,1,1.0,2,783.9921875,783.9921875,right,1,right,decoded_from_declared_channel_code,1.0,1,780.7734375,786.7734375,199878,201415,True,271,True,271,783.9921875,declared_response_code_observed,1.05859375,785.05078125,1,783.9734375,0.0187499999999545,,under_100ms_from_schedule_proxy_review_anchor,1,channel8_channel9_same_or_different_direction_only,1,1,True,cue_response_direction_comparable,False,False,True,
VisualCogB_Task-1,92,202259,790.07421875,-1,left,792.27421875,0.2s_cue_plus_approx_2.0s_wait_schedule_assumption,unresolved_from_allowed_channels,76.0,VisualCogB_Task-1:q1_076,0.0,0,retained_by_q1,Action:L-1/R+1,1,-1.0,-2,792.2890625,792.2890625,left,-1,left,decoded_from_declared_channel_code,-1.0,-1,789.07421875,795.07421875,202003,203540,True,260,True,260,792.2890625,declared_response_code_observed,1.015625,793.3046875,-1,792.27421875,0.0148437499999545,,under_100ms_from_schedule_proxy_review_anchor,1,channel8_channel9_same_or_different_direction_only,1,1,True,cue_response_direction_comparable,True,True,True,
VisualCogB_Task-1,93,204367,798.30859375,1,right,800.50859375,0.2s_cue_plus_approx_2.0s_wait_schedule_assumption,unresolved_from_allowed_channels,77.0,VisualCogB_Task-1:q1_077,0.0,0,retained_by_q1,Action:L-1/R+1,1,1.0,2,800.52734375,800.52734375,right,1,right,decoded_from_declared_channel_code,1.0,1,797.30859375,803.30859375,204111,205648,True,279,True,279,800.52734375,declared_response_code_observed,1.08984375,801.6171875,1,800.50859375,0.0187499999999545,,under_100ms_from_schedule_proxy_review_anchor,1,channel8_channel9_same_or_different_direction_only,1,1,True,cue_response_direction_comparable,True,True,True,
VisualCogB_Task-1,94,206496,806.625,-1,left,808.825,0.2s_cue_plus_approx_2.0s_wait_schedule_assumption,unresolved_from_allowed_channels,78.0,VisualCogB_Task-1:q1_078,0.0,0,retained_by_q1,Action:L-1/R+1,1,-1.0,-2,808.83984375,808.83984375,left,-1,left,decoded_from_declared_channel_code,-1.0,-1,805.625,811.625,206240,207777,True,211,True,211,808.83984375,declared_response_code_observed,0.82421875,809.6640625,-1,808.825,0.0148437499999545,,under_100ms_from_schedule_proxy_review_anchor,1,channel8_channel9_same_or_different_direction_only,1,1,True,cue_response_direction_comparable,True,True,True,
VisualCogB_Task-1,95,208557,814.67578125,1,right,816.87578125,0.2s_cue_plus_approx_2.0s_wait_schedule_assumption,unresolved_from_allowed_channels,79.0,VisualCogB_Task-1:q1_079,0.0,0,retained_by_q1,Action:L-1/R+1,1,1.0,2,816.890625,816.890625,right,1,right,decoded_from_declared_channel_code,1.0,1,813.67578125,819.67578125,208301,209838,True,245,True,245,816.890625,declared_response_code_observed,0.95703125,817.84765625,1,816.87578125,0.0148437499999545,,under_100ms_from_schedule_proxy_review_anchor,1,channel8_channel9_same_or_different_direction_only,1,1,True,cue_response_direction_comparable,True,True,True,
VisualCogB_Task-1,96,210653,822.86328125,-1,left,825.06328125,0.2s_cue_plus_approx_2.0s_wait_schedule_assumption,unresolved_from_allowed_channels,,,,1,excluded_by_q1,Action:L-1/R+1,1,-1.0,-2,825.08203125,825.08203125,left,-1,left,decoded_from_declared_channel_code,-1.0,-1,821.86328125,827.86328125,210397,211934,True,299,True,299,825.08203125,declared_response_code_observed,1.16796875,826.25,-1,825.06328125,0.0187499999999545,,under_100ms_from_schedule_proxy_review_anchor,1,channel8_channel9_same_or_different_direction_only,1,1,True,cue_response_direction_comparable,False,False,True,
VisualCogB_Task-1,97,212806,831.2734375,1,right,833.4734375,0.2s_cue_plus_approx_2.0s_wait_schedule_assumption,unresolved_from_allowed_channels,80.0,VisualCogB_Task-1:q1_080,0.0,0,retained_by_q1,Action:L-1/R+1,1,1.0,2,833.48828125,833.48828125,right,1,right,decoded_from_declared_channel_code,1.0,1,830.2734375,836.2734375,212550,214087,True,306,True,306,833.48828125,declared_response_code_observed,1.1953125,834.68359375,1,833.4734375,0.0148437499999545,,under_100ms_from_schedule_proxy_review_anchor,1,channel8_channel9_same_or_different_direction_only,1,1,True,cue_response_direction_comparable,True,True,True,
VisualCogB_Task-1,98,214962,839.6953125,1,right,841.8953125,0.2s_cue_plus_approx_2.0s_wait_schedule_assumption,unresolved_from_allowed_channels,81.0,VisualCogB_Task-1:q1_081,0.0,0,retained_by_q1,Action:L-1/R+1,1,1.0,2,841.9140625,841.9140625,right,1,right,decoded_from_declared_channel_code,1.0,1,838.6953125,844.6953125,214706,216243,True,251,True,251,841.9140625,declared_response_code_observed,0.98046875,842.89453125,1,841.8953125,0.0187499999999545,,under_100ms_from_schedule_proxy_review_anchor,1,channel8_channel9_same_or_different_direction_only,1,1,True,cue_response_direction_comparable,True,True,True,
VisualCogB_Task-1,99,217063,847.90234375,1,right,850.10234375,0.2s_cue_plus_approx_2.0s_wait_schedule_assumption,unresolved_from_allowed_channels,82.0,VisualCogB_Task-1:q1_082,0.0,0,retained_by_q1,Action:L-1/R+1,1,1.0,2,850.1171875,850.1171875,right,1,right,decoded_from_declared_channel_code,1.0,1,846.90234375,852.90234375,216807,218344,True,236,True,236,850.1171875,declared_response_code_observed,0.921875,851.0390625,1,850.10234375,0.0148437499999545,,under_100ms_from_schedule_proxy_review_anchor,1,channel8_channel9_same_or_different_direction_only,1,1,True,cue_response_direction_comparable,True,True,True,
VisualCogB_Task-2,0,5134,20.0546875,-1,left,22.2546875,0.2s_cue_plus_approx_2.0s_wait_schedule_assumption,unresolved_from_allowed_channels,0.0,VisualCogB_Task-2:q1_000,0.0,0,retained_by_q1,TgtAct:L-2/R+2,1,1.0,2,22.2734375,22.2734375,right,1,right,decoded_from_declared_channel_code,2.0,1|2,19.0546875,25.0546875,4878,6415,True,361,True,1,23.6796875,declared_response_code_observed,1.41015625,23.68359375,-1,22.2546875,0.0187500000000007,,under_100ms_from_schedule_proxy_review_anchor,0,channel8_channel9_same_or_different_direction_only,1,1,True,cue_response_direction_comparable,True,True,True,
VisualCogB_Task-2,1,7347,28.69921875,-1,left,30.89921875,0.2s_cue_plus_approx_2.0s_wait_schedule_assumption,unresolved_from_allowed_channels,,,,1,excluded_by_q1,TgtAct:L-2/R+2,1,-1.0,-2,30.9140625,30.9140625,left,-1,left,decoded_from_declared_channel_code,-2.0,-1|-2,27.69921875,33.69921875,7091,8628,True,411,True,1,32.515625,declared_response_code_observed,1.60546875,32.51953125,-1,30.89921875,0.0148437500000007,,under_100ms_from_schedule_proxy_review_anchor,1,channel8_channel9_same_or_different_direction_only,1,1,True,cue_response_direction_comparable,False,False,True,
VisualCogB_Task-2,2,9611,37.54296875,-1,left,39.74296875,0.2s_cue_plus_approx_2.0s_wait_schedule_assumption,unresolved_from_allowed_channels,1.0,VisualCogB_Task-2:q1_001,0.0,0,retained_by_q1,TgtAct:L-2/R+2,1,-1.0,-2,39.76171875,39.76171875,left,-1,left,decoded_from_declared_channel_code,-2.0,-1|-2,36.54296875,42.54296875,9355,10892,True,410,True,1,41.359375,declared_response_code_observed,1.6015625,41.36328125,-1,39.74296875,0.0187499999999971,,under_100ms_from_schedule_proxy_review_anchor,1,channel8_channel9_same_or_different_direction_only,1,1,True,cue_response_direction_comparable,True,True,True,
VisualCogB_Task-2,3,11871,46.37109375,1,right,48.57109375,0.2s_cue_plus_approx_2.0s_wait_schedule_assumption,unresolved_from_allowed_channels,2.0,VisualCogB_Task-2:q1_002,0.0,0,retained_by_q1,TgtAct:L-2/R+2,1,1.0,2,48.58984375,48.58984375,right,1,right,decoded_from_declared_channel_code,2.0,1|2,45.37109375,51.37109375,11615,13152,True,274,True,1,49.65625,declared_response_code_observed,1.0703125,49.66015625,1,48.57109375,0.0187499999999971,,under_100ms_from_schedule_proxy_review_anchor,1,channel8_channel9_same_or_different_direction_only,1,1,True,cue_response_direction_comparable,True,True,True,
VisualCogB_Task-2,4,13996,54.671875,-1,left,56.871875,0.2s_cue_plus_approx_2.0s_wait_schedule_assumption,unresolved_from_allowed_channels,3.0,VisualCogB_Task-2:q1_003,0.0,0,retained_by_q1,TgtAct:L-2/R+2,1,-1.0,-2,56.890625,56.890625,left,-1,left,decoded_from_declared_channel_code,-2.0,-1|-2,53.671875,59.671875,13740,15277,True,311,True,1,58.1015625,declared_response_code_observed,1.21484375,58.10546875,-1,56.871875,0.0187499999999971,,under_100ms_from_schedule_proxy_review_anchor,1,channel8_channel9_same_or_different_direction_only,1,1,True,cue_response_direction_comparable,True,True,True,
VisualCogB_Task-2,5,16161,63.12890625,1,right,65.32890625,0.2s_cue_plus_approx_2.0s_wait_schedule_assumption,unresolved_from_allowed_channels,4.0,VisualCogB_Task-2:q1_004,0.0,0,retained_by_q1,TgtAct:L-2/R+2,1,-1.0,-2,65.34375,65.34375,left,-1,left,decoded_from_declared_channel_code,-2.0,-1|-2,62.12890625,68.12890625,15905,17442,True,310,True,1,66.55078125,declared_response_code_observed,1.2109375,66.5546875,1,65.32890625,0.0148437499999971,,under_100ms_from_schedule_proxy_review_anchor,0,channel8_channel9_same_or_different_direction_only,1,1,True,cue_response_direction_comparable,True,True,True,
VisualCogB_Task-2,6,18321,71.56640625,1,right,73.76640625,0.2s_cue_plus_approx_2.0s_wait_schedule_assumption,unresolved_from_allowed_channels,,,,1,excluded_by_q1,TgtAct:L-2/R+2,1,1.0,2,73.78515625,73.78515625,right,1,right,decoded_from_declared_channel_code,2.0,1|2,70.56640625,76.56640625,18065,19602,True,323,True,1,75.04296875,declared_response_code_observed,1.26171875,75.046875,1,73.76640625,0.0187499999999971,,under_100ms_from_schedule_proxy_review_anchor,1,channel8_channel9_same_or_different_direction_only,1,1,True,cue_response_direction_comparable,False,False,True,
VisualCogB_Task-2,7,20498,80.0703125,1,right,82.2703125,0.2s_cue_plus_approx_2.0s_wait_schedule_assumption,unresolved_from_allowed_channels,5.0,VisualCogB_Task-2:q1_005,0.0,0,retained_by_q1,TgtAct:L-2/R+2,1,1.0,2,82.28515625,82.28515625,right,1,right,decoded_from_declared_channel_code,2.0,1|2,79.0703125,85.0703125,20242,21779,True,283,True,1,83.38671875,declared_response_code_observed,1.10546875,83.390625,1,82.2703125,0.0148437499999971,,under_100ms_from_schedule_proxy_review_anchor,1,channel8_channel9_same_or_different_direction_only,1,1,True,cue_response_direction_comparable,True,True,True,
VisualCogB_Task-2,8,22630,88.3984375,1,right,90.5984375,0.2s_cue_plus_approx_2.0s_wait_schedule_assumption,unresolved_from_allowed_channels,6.0,VisualCogB_Task-2:q1_006,0.0,0,retained_by_q1,TgtAct:L-2/R+2,1,1.0,2,90.61328125,90.61328125,right,1,right,decoded_from_declared_channel_code,2.0,1|2,87.3984375,93.3984375,22374,23911,True,278,True,1,91.6953125,declared_response_code_observed,1.0859375,91.69921875,1,90.5984375,0.0148437499999971,,under_100ms_from_schedule_proxy_review_anchor,1,channel8_channel9_same_or_different_direction_only,1,1,True,cue_response_direction_comparable,True,True,True,
VisualCogB_Task-2,9,24759,96.71484375,-1,left,98.91484375,0.2s_cue_plus_approx_2.0s_wait_schedule_assumption,unresolved_from_allowed_channels,,,,1,excluded_by_q1,TgtAct:L-2/R+2,1,1.0,2,98.9296875,98.9296875,right,1,right,decoded_from_declared_channel_code,2.0,1|2,95.71484375,101.71484375,24503,26040,True,316,True,1,100.16015625,declared_response_code_observed,1.234375,100.1640625,-1,98.91484375,0.0148437499999971,,under_100ms_from_schedule_proxy_review_anchor,0,channel8_channel9_same_or_different_direction_only,1,1,True,cue_response_direction_comparable,False,False,True,
VisualCogB_Task-2,10,26927,105.18359375,1,right,107.38359375,0.2s_cue_plus_approx_2.0s_wait_schedule_assumption,unresolved_from_allowed_channels,7.0,VisualCogB_Task-2:q1_007,0.0,0,retained_by_q1,TgtAct:L-2/R+2,1,1.0,2,107.3984375,107.3984375,right,1,right,decoded_from_declared_channel_code,2.0,1|2,104.18359375,110.18359375,26671,28208,True,356,True,1,108.78515625,declared_response_code_observed,1.390625,108.7890625,1,107.38359375,0.0148437499999971,,under_100ms_from_schedule_proxy_review_anchor,1,channel8_channel9_same_or_different_direction_only,1,1,True,cue_response_direction_comparable,True,True,True,
VisualCogB_Task-2,11,29131,113.79296875,1,right,115.99296875,0.2s_cue_plus_approx_2.0s_wait_schedule_assumption,unresolved_from_allowed_channels,8.0,VisualCogB_Task-2:q1_008,0.0,0,retained_by_q1,TgtAct:L-2/R+2,1,-1.0,-2,116.01171875,116.01171875,left,-1,left,decoded_from_declared_channel_code,-2.0,-1|-2,112.79296875,118.79296875,28875,30412,True,391,True,1,117.53515625,declared_response_code_observed,1.52734375,117.5390625,1,115.99296875,0.0187499999999971,,under_100ms_from_schedule_proxy_review_anchor,0,channel8_channel9_same_or_different_direction_only,1,1,True,cue_response_direction_comparable,True,True,True,
VisualCogB_Task-2,12,31372,122.546875,1,right,124.746875,0.2s_cue_plus_approx_2.0s_wait_schedule_assumption,unresolved_from_allowed_channels,9.0,VisualCogB_Task-2:q1_009,0.0,0,retained_by_q1,TgtAct:L-2/R+2,1,1.0,2,124.76171875,124.76171875,right,1,right,decoded_from_declared_channel_code,2.0,1|2,121.546875,127.546875,31116,32653,True,355,True,1,126.14453125,declared_response_code_observed,1.38671875,126.1484375,1,124.746875,0.0148437499999971,,under_100ms_from_schedule_proxy_review_anchor,1,channel8_channel9_same_or_different_direction_only,1,1,True,cue_response_direction_comparable,True,True,True,
VisualCogB_Task-2,13,33576,131.15625,1,right,133.35625,0.2s_cue_plus_approx_2.0s_wait_schedule_assumption,unresolved_from_allowed_channels,,,,1,excluded_by_q1,TgtAct:L-2/R+2,1,-1.0,-2,133.375,133.375,left,-1,left,decoded_from_declared_channel_code,-2.0,-1|-2,130.15625,136.15625,33320,34857,True,380,True,1,134.85546875,declared_response_code_observed,1.484375,134.859375,1,133.35625,0.0187500000000113,,under_100ms_from_schedule_proxy_review_anchor,0,channel8_channel9_same_or_different_direction_only,1,1,True,cue_response_direction_comparable,False,False,True,
VisualCogB_Task-2,14,35809,139.87890625,1,right,142.07890625,0.2s_cue_plus_approx_2.0s_wait_schedule_assumption,unresolved_from_allowed_channels,,,,1,excluded_by_q1,TgtAct:L-2/R+2,1,-1.0,-2,142.09375,142.09375,left,-1,left,decoded_from_declared_channel_code,-2.0,-1|-2,138.87890625,144.87890625,35553,37090,True,373,True,1,143.546875,declared_response_code_observed,1.45703125,143.55078125,1,142.07890625,0.0148437500000113,,under_100ms_from_schedule_proxy_review_anchor,0,channel8_channel9_same_or_different_direction_only,1,1,True,cue_response_direction_comparable,False,False,True,
VisualCogB_Task-2,15,38033,148.56640625,1,right,150.76640625,0.2s_cue_plus_approx_2.0s_wait_schedule_assumption,unresolved_from_allowed_channels,,,,1,excluded_by_q1,TgtAct:L-2/R+2,1,1.0,2,150.78515625,150.78515625,right,1,right,decoded_from_declared_channel_code,2.0,1|2,147.56640625,153.56640625,37777,39314,True,310,True,1,151.9921875,declared_response_code_observed,1.2109375,151.99609375,1,150.76640625,0.0187500000000113,,under_100ms_from_schedule_proxy_review_anchor,1,channel8_channel9_same_or_different_direction_only,1,1,True,cue_response_direction_comparable,False,False,True,
VisualCogB_Task-2,16,40198,157.0234375,-1,left,159.2234375,0.2s_cue_plus_approx_2.0s_wait_schedule_assumption,unresolved_from_allowed_channels,10.0,VisualCogB_Task-2:q1_010,0.0,0,retained_by_q1,TgtAct:L-2/R+2,1,-1.0,-2,159.23828125,159.23828125,left,-1,left,decoded_from_declared_channel_code,-2.0,-1|-2,156.0234375,162.0234375,39942,41479,True,330,True,1,160.5234375,declared_response_code_observed,1.2890625,160.52734375,-1,159.2234375,0.0148437500000113,,under_100ms_from_schedule_proxy_review_anchor,1,channel8_channel9_same_or_different_direction_only,1,1,True,cue_response_direction_comparable,True,True,True,
VisualCogB_Task-2,17,42378,165.5390625,1,right,167.7390625,0.2s_cue_plus_approx_2.0s_wait_schedule_assumption,unresolved_from_allowed_channels,11.0,VisualCogB_Task-2:q1_011,0.0,0,retained_by_q1,TgtAct:L-2/R+2,1,-1.0,-2,167.7578125,167.7578125,left,-1,left,decoded_from_declared_channel_code,-2.0,-1|-2,164.5390625,170.5390625,42122,43659,True,373,True,1,169.2109375,declared_response_code_observed,1.45703125,169.21484375,1,167.7390625,0.0187500000000113,,under_100ms_from_schedule_proxy_review_anchor,0,channel8_channel9_same_or_different_direction_only,1,1,True,cue_response_direction_comparable,True,True,True,
VisualCogB_Task-2,18,44603,174.23046875,1,right,176.43046875,0.2s_cue_plus_approx_2.0s_wait_schedule_assumption,unresolved_from_allowed_channels,12.0,VisualCogB_Task-2:q1_012,0.0,0,retained_by_q1,TgtAct:L-2/R+2,1,1.0,2,176.4453125,176.4453125,right,1,right,decoded_from_declared_channel_code,2.0,1|2,173.23046875,179.23046875,44347,45884,True,357,True,1,177.8359375,declared_response_code_observed,1.39453125,177.83984375,1,176.43046875,0.0148437500000113,,under_100ms_from_schedule_proxy_review_anchor,1,channel8_channel9_same_or_different_direction_only,1,1,True,cue_response_direction_comparable,True,True,True,
VisualCogB_Task-2,19,46811,182.85546875,-1,left,185.05546875,0.2s_cue_plus_approx_2.0s_wait_schedule_assumption,unresolved_from_allowed_channels,,,,1,excluded_by_q1,TgtAct:L-2/R+2,1,1.0,2,185.0703125,185.0703125,right,1,right,decoded_from_declared_channel_code,2.0,1|2,181.85546875,187.85546875,46555,48092,True,339,True,1,186.390625,declared_response_code_observed,1.32421875,186.39453125,-1,185.05546875,0.0148437500000113,,under_100ms_from_schedule_proxy_review_anchor,0,channel8_channel9_same_or_different_direction_only,1,1,True,cue_response_direction_comparable,False,False,True,
VisualCogB_Task-2,20,49003,191.41796875,1,right,193.61796875,0.2s_cue_plus_approx_2.0s_wait_schedule_assumption,unresolved_from_allowed_channels,13.0,VisualCogB_Task-2:q1_013,0.0,0,retained_by_q1,TgtAct:L-2/R+2,1,1.0,2,193.63671875,193.63671875,right,1,right,decoded_from_declared_channel_code,2.0,1|2,190.41796875,196.41796875,48747,50284,True,284,True,1,194.7421875,declared_response_code_observed,1.109375,194.74609375,1,193.61796875,0.0187500000000113,,under_100ms_from_schedule_proxy_review_anchor,1,channel8_channel9_same_or_different_direction_only,1,1,True,cue_response_direction_comparable,True,True,True,
VisualCogB_Task-2,21,51140,199.765625,1,right,201.965625,0.2s_cue_plus_approx_2.0s_wait_schedule_assumption,unresolved_from_allowed_channels,14.0,VisualCogB_Task-2:q1_014,0.0,0,retained_by_q1,TgtAct:L-2/R+2,1,-1.0,-2,201.98046875,201.98046875,left,-1,left,decoded_from_declared_channel_code,-2.0,-1|-2,198.765625,204.765625,50884,52421,True,348,True,1,203.3359375,declared_response_code_observed,1.359375,203.33984375,1,201.965625,0.0148437500000113,,under_100ms_from_schedule_proxy_review_anchor,0,channel8_channel9_same_or_different_direction_only,1,1,True,cue_response_direction_comparable,True,True,True,
VisualCogB_Task-2,22,53340,208.359375,-1,left,210.559375,0.2s_cue_plus_approx_2.0s_wait_schedule_assumption,unresolved_from_allowed_channels,,,,1,excluded_by_q1,TgtAct:L-2/R+2,1,-1.0,-2,210.578125,210.578125,left,-1,left,decoded_from_declared_channel_code,-2.0,-1|-2,207.359375,213.359375,53084,54621,True,303,True,1,211.7578125,declared_response_code_observed,1.18359375,211.76171875,-1,210.559375,0.0187500000000113,,under_100ms_from_schedule_proxy_review_anchor,1,channel8_channel9_same_or_different_direction_only,1,1,True,cue_response_direction_comparable,False,False,True,
VisualCogB_Task-2,23,55493,216.76953125,-1,left,218.96953125,0.2s_cue_plus_approx_2.0s_wait_schedule_assumption,unresolved_from_allowed_channels,15.0,VisualCogB_Task-2:q1_015,0.0,0,retained_by_q1,TgtAct:L-2/R+2,1,1.0,2,218.984375,218.984375,right,1,right,decoded_from_declared_channel_code,2.0,1|2,215.76953125,221.76953125,55237,56774,True,350,True,1,220.34765625,declared_response_code_observed,1.3671875,220.3515625,-1,218.96953125,0.0148437500000113,,under_100ms_from_schedule_proxy_review_anchor,0,channel8_channel9_same_or_different_direction_only,1,1,True,cue_response_direction_comparable,True,True,True,
VisualCogB_Task-2,24,57693,225.36328125,-1,left,227.56328125,0.2s_cue_plus_approx_2.0s_wait_schedule_assumption,unresolved_from_allowed_channels,16.0,VisualCogB_Task-2:q1_016,0.0,0,retained_by_q1,TgtAct:L-2/R+2,1,-1.0,-2,227.58203125,227.58203125,left,-1,left,decoded_from_declared_channel_code,-2.0,-1|-2,224.36328125,230.36328125,57437,58974,True,335,True,1,228.88671875,declared_response_code_observed,1.30859375,228.890625,-1,227.56328125,0.0187500000000113,,under_100ms_from_schedule_proxy_review_anchor,1,channel8_channel9_same_or_different_direction_only,1,1,True,cue_response_direction_comparable,True,True,True,
VisualCogB_Task-2,25,59878,233.8984375,1,right,236.0984375,0.2s_cue_plus_approx_2.0s_wait_schedule_assumption,unresolved_from_allowed_channels,17.0,VisualCogB_Task-2:q1_017,0.0,0,retained_by_q1,TgtAct:L-2/R+2,1,1.0,2,236.11328125,236.11328125,right,1,right,decoded_from_declared_channel_code,2.0,1|2,232.8984375,238.8984375,59622,61159,True,341,True,1,237.44140625,declared_response_code_observed,1.33203125,237.4453125,1,236.0984375,0.0148437500000113,,under_100ms_from_schedule_proxy_review_anchor,1,channel8_channel9_same_or_different_direction_only,1,1,True,cue_response_direction_comparable,True,True,True,
VisualCogB_Task-2,26,62070,242.4609375,-1,left,244.6609375,0.2s_cue_plus_approx_2.0s_wait_schedule_assumption,unresolved_from_allowed_channels,18.0,VisualCogB_Task-2:q1_018,0.0,0,retained_by_q1,TgtAct:L-2/R+2,1,1.0,2,244.6796875,244.6796875,right,1,right,decoded_from_declared_channel_code,2.0,1|2,241.4609375,247.4609375,61814,63351,True,373,True,1,246.1328125,declared_response_code_observed,1.45703125,246.13671875,-1,244.6609375,0.0187500000000113,,under_100ms_from_schedule_proxy_review_anchor,0,channel8_channel9_same_or_different_direction_only,1,1,True,cue_response_direction_comparable,True,True,True,
VisualCogB_Task-2,27,64295,251.15234375,-1,left,253.35234375,0.2s_cue_plus_approx_2.0s_wait_schedule_assumption,unresolved_from_allowed_channels,19.0,VisualCogB_Task-2:q1_019,0.0,0,retained_by_q1,TgtAct:L-2/R+2,1,1.0,2,253.3671875,253.3671875,right,1,right,decoded_from_declared_channel_code,2.0,1|2,250.15234375,256.15234375,64039,65576,True,299,True,1,254.53125,declared_response_code_observed,1.16796875,254.53515625,-1,253.35234375,0.0148437500000113,,under_100ms_from_schedule_proxy_review_anchor,0,channel8_channel9_same_or_different_direction_only,1,1,True,cue_response_direction_comparable,True,True,True,
VisualCogB_Task-2,28,66447,259.55859375,-1,left,261.75859375,0.2s_cue_plus_approx_2.0s_wait_schedule_assumption,unresolved_from_allowed_channels,20.0,VisualCogB_Task-2:q1_020,0.0,0,retained_by_q1,TgtAct:L-2/R+2,1,-1.0,-2,261.77734375,261.77734375,left,-1,left,decoded_from_declared_channel_code,-2.0,-1|-2,258.55859375,264.55859375,66191,67728,True,329,True,1,263.05859375,declared_response_code_observed,1.28515625,263.0625,-1,261.75859375,0.0187500000000113,,under_100ms_from_schedule_proxy_review_anchor,1,channel8_channel9_same_or_different_direction_only,1,1,True,cue_response_direction_comparable,True,True,True,
VisualCogB_Task-2,29,68632,268.09375,1,right,270.29375,0.2s_cue_plus_approx_2.0s_wait_schedule_assumption,unresolved_from_allowed_channels,21.0,VisualCogB_Task-2:q1_021,0.0,0,retained_by_q1,TgtAct:L-2/R+2,1,-1.0,-2,270.30859375,270.30859375,left,-1,left,decoded_from_declared_channel_code,-2.0,-1|-2,267.09375,273.09375,68376,69913,True,361,True,1,271.71484375,declared_response_code_observed,1.41015625,271.71875,1,270.29375,0.0148437500000113,,under_100ms_from_schedule_proxy_review_anchor,0,channel8_channel9_same_or_different_direction_only,1,1,True,cue_response_direction_comparable,True,True,True,
VisualCogB_Task-2,30,70844,276.734375,1,right,278.934375,0.2s_cue_plus_approx_2.0s_wait_schedule_assumption,unresolved_from_allowed_channels,22.0,VisualCogB_Task-2:q1_022,0.0,0,retained_by_q1,TgtAct:L-2/R+2,1,1.0,2,278.953125,278.953125,right,1,right,decoded_from_declared_channel_code,2.0,1|2,275.734375,281.734375,70588,72125,True,347,True,1,280.3046875,declared_response_code_observed,1.35546875,280.30859375,1,278.934375,0.0187500000000113,,under_100ms_from_schedule_proxy_review_anchor,1,channel8_channel9_same_or_different_direction_only,1,1,True,cue_response_direction_comparable,True,True,True,
VisualCogB_Task-2,31,73045,285.33203125,1,right,287.53203125,0.2s_cue_plus_approx_2.0s_wait_schedule_assumption,unresolved_from_allowed_channels,23.0,VisualCogB_Task-2:q1_023,0.0,0,retained_by_q1,TgtAct:L-2/R+2,1,1.0,2,287.546875,287.546875,right,1,right,decoded_from_declared_channel_code,2.0,1|2,284.33203125,290.33203125,72789,74326,True,291,True,1,288.6796875,declared_response_code_observed,1.13671875,288.68359375,1,287.53203125,0.0148437500000113,,under_100ms_from_schedule_proxy_review_anchor,1,channel8_channel9_same_or_different_direction_only,1,1,True,cue_response_direction_comparable,True,True,True,
VisualCogB_Task-2,32,75189,293.70703125,1,right,295.90703125,0.2s_cue_plus_approx_2.0s_wait_schedule_assumption,unresolved_from_allowed_channels,24.0,VisualCogB_Task-2:q1_024,0.0,0,retained_by_q1,TgtAct:L-2/R+2,1,-1.0,-2,295.92578125,295.92578125,left,-1,left,decoded_from_declared_channel_code,-2.0,-1|-2,292.70703125,298.70703125,74933,76470,True,331,True,1,297.21484375,declared_response_code_observed,1.29296875,297.21875,1,295.90703125,0.0187500000000113,,under_100ms_from_schedule_proxy_review_anchor,0,channel8_channel9_same_or_different_direction_only,1,1,True,cue_response_direction_comparable,True,True,True,
VisualCogB_Task-2,33,77369,302.22265625,1,right,304.42265625,0.2s_cue_plus_approx_2.0s_wait_schedule_assumption,unresolved_from_allowed_channels,25.0,VisualCogB_Task-2:q1_025,0.0,0,retained_by_q1,TgtAct:L-2/R+2,1,-1.0,-2,304.44140625,304.44140625,left,-1,left,decoded_from_declared_channel_code,-2.0,-1|-2,301.22265625,307.22265625,77113,78650,True,344,True,1,305.78125,declared_response_code_observed,1.34375,305.78515625,1,304.42265625,0.0187500000000113,,under_100ms_from_schedule_proxy_review_anchor,0,channel8_channel9_same_or_different_direction_only,1,1,True,cue_response_direction_comparable,True,True,True,
VisualCogB_Task-2,34,79566,310.8046875,-1,left,313.0046875,0.2s_cue_plus_approx_2.0s_wait_schedule_assumption,unresolved_from_allowed_channels,26.0,VisualCogB_Task-2:q1_026,0.0,0,retained_by_q1,TgtAct:L-2/R+2,1,1.0,2,313.0234375,313.0234375,right,1,right,decoded_from_declared_channel_code,2.0,1|2,309.8046875,315.8046875,79310,80847,True,363,True,1,314.4375,declared_response_code_observed,1.41796875,314.44140625,-1,313.0046875,0.0187500000000113,,under_100ms_from_schedule_proxy_review_anchor,0,channel8_channel9_same_or_different_direction_only,1,1,True,cue_response_direction_comparable,True,True,True,
VisualCogB_Task-2,35,81783,319.46484375,1,right,321.66484375,0.2s_cue_plus_approx_2.0s_wait_schedule_assumption,unresolved_from_allowed_channels,27.0,VisualCogB_Task-2:q1_027,0.0,0,retained_by_q1,TgtAct:L-2/R+2,1,1.0,2,321.6796875,321.6796875,right,1,right,decoded_from_declared_channel_code,2.0,1|2,318.46484375,324.46484375,81527,83064,True,326,True,1,322.94921875,declared_response_code_observed,1.2734375,322.953125,1,321.66484375,0.0148437500000113,,under_100ms_from_schedule_proxy_review_anchor,1,channel8_channel9_same_or_different_direction_only,1,1,True,cue_response_direction_comparable,True,True,True,
VisualCogB_Task-2,36,83959,327.96484375,-1,left,330.16484375,0.2s_cue_plus_approx_2.0s_wait_schedule_assumption,unresolved_from_allowed_channels,28.0,VisualCogB_Task-2:q1_028,0.0,0,retained_by_q1,TgtAct:L-2/R+2,1,-1.0,-2,330.18359375,330.18359375,left,-1,left,decoded_from_declared_channel_code,-2.0,-1|-2,326.96484375,332.96484375,83703,85240,True,355,True,1,331.56640625,declared_response_code_observed,1.38671875,331.5703125,-1,330.16484375,0.0187500000000113,,under_100ms_from_schedule_proxy_review_anchor,1,channel8_channel9_same_or_different_direction_only,1,1,True,cue_response_direction_comparable,True,True,True,
VisualCogB_Task-2,37,86167,336.58984375,-1,left,338.78984375,0.2s_cue_plus_approx_2.0s_wait_schedule_assumption,unresolved_from_allowed_channels,29.0,VisualCogB_Task-2:q1_029,0.0,0,retained_by_q1,TgtAct:L-2/R+2,1,1.0,2,338.80859375,338.80859375,right,1,right,decoded_from_declared_channel_code,2.0,1|2,335.58984375,341.58984375,85911,87448,True,391,True,1,340.33203125,declared_response_code_observed,1.52734375,340.3359375,-1,338.78984375,0.0187500000000113,,under_100ms_from_schedule_proxy_review_anchor,0,channel8_channel9_same_or_different_direction_only,1,1,True,cue_response_direction_comparable,True,True,True,
VisualCogB_Task-2,38,88412,345.359375,1,right,347.559375,0.2s_cue_plus_approx_2.0s_wait_schedule_assumption,unresolved_from_allowed_channels,30.0,VisualCogB_Task-2:q1_030,0.0,0,retained_by_q1,TgtAct:L-2/R+2,1,-1.0,-2,347.57421875,347.57421875,left,-1,left,decoded_from_declared_channel_code,-2.0,-1|-2,344.359375,350.359375,88156,89693,True,378,True,1,349.046875,declared_response_code_observed,1.4765625,349.05078125,1,347.559375,0.0148437500000113,,under_100ms_from_schedule_proxy_review_anchor,0,channel8_channel9_same_or_different_direction_only,1,1,True,cue_response_direction_comparable,True,True,True,
VisualCogB_Task-2,39,90640,354.0625,1,right,356.2625,0.2s_cue_plus_approx_2.0s_wait_schedule_assumption,unresolved_from_allowed_channels,31.0,VisualCogB_Task-2:q1_031,0.0,0,retained_by_q1,TgtAct:L-2/R+2,1,-1.0,-2,356.28125,356.28125,left,-1,left,decoded_from_declared_channel_code,-2.0,-1|-2,353.0625,359.0625,90384,91921,True,322,True,1,357.53515625,declared_response_code_observed,1.2578125,357.5390625,1,356.2625,0.0187500000000113,,under_100ms_from_schedule_proxy_review_anchor,0,channel8_channel9_same_or_different_direction_only,1,1,True,cue_response_direction_comparable,True,True,True,
VisualCogB_Task-2,40,92817,362.56640625,1,right,364.76640625,0.2s_cue_plus_approx_2.0s_wait_schedule_assumption,unresolved_from_allowed_channels,32.0,VisualCogB_Task-2:q1_032,0.0,0,retained_by_q1,TgtAct:L-2/R+2,1,1.0,2,364.78125,364.78125,right,1,right,decoded_from_declared_channel_code,2.0,1|2,361.56640625,367.56640625,92561,94098,True,309,True,1,365.984375,declared_response_code_observed,1.20703125,365.98828125,1,364.76640625,0.0148437500000113,,under_100ms_from_schedule_proxy_review_anchor,1,channel8_channel9_same_or_different_direction_only,1,1,True,cue_response_direction_comparable,True,True,True,
VisualCogB_Task-2,41,94977,371.00390625,-1,left,373.20390625,0.2s_cue_plus_approx_2.0s_wait_schedule_assumption,unresolved_from_allowed_channels,33.0,VisualCogB_Task-2:q1_033,0.0,0,retained_by_q1,TgtAct:L-2/R+2,1,-1.0,-2,373.22265625,373.22265625,left,-1,left,decoded_from_declared_channel_code,-2.0,-1|-2,370.00390625,376.00390625,94721,96258,True,314,True,1,374.4453125,declared_response_code_observed,1.2265625,374.44921875,-1,373.20390625,0.0187500000000113,,under_100ms_from_schedule_proxy_review_anchor,1,channel8_channel9_same_or_different_direction_only,1,1,True,cue_response_direction_comparable,True,True,True,
VisualCogB_Task-2,42,97142,379.4609375,-1,left,381.6609375,0.2s_cue_plus_approx_2.0s_wait_schedule_assumption,unresolved_from_allowed_channels,,,,1,excluded_by_q1,TgtAct:L-2/R+2,1,-1.0,-2,381.67578125,381.67578125,left,-1,left,decoded_from_declared_channel_code,-2.0,-1|-2,378.4609375,384.4609375,96886,98423,True,268,True,1,382.71875,declared_response_code_observed,1.046875,382.72265625,-1,381.6609375,0.0148437500000113,,under_100ms_from_schedule_proxy_review_anchor,1,channel8_channel9_same_or_different_direction_only,1,1,True,cue_response_direction_comparable,False,False,True,
VisualCogB_Task-2,43,99262,387.7421875,1,right,389.9421875,0.2s_cue_plus_approx_2.0s_wait_schedule_assumption,unresolved_from_allowed_channels,34.0,VisualCogB_Task-2:q1_034,0.0,0,retained_by_q1,TgtAct:L-2/R+2,1,-1.0,-2,389.9609375,389.9609375,left,-1,left,decoded_from_declared_channel_code,-2.0,-1|-2,386.7421875,392.7421875,99006,100543,True,384,True,1,391.45703125,declared_response_code_observed,1.5,391.4609375,1,389.9421875,0.0187500000000113,,under_100ms_from_schedule_proxy_review_anchor,0,channel8_channel9_same_or_different_direction_only,1,1,True,cue_response_direction_comparable,True,True,True,
VisualCogB_Task-2,44,101498,396.4765625,-1,left,398.6765625,0.2s_cue_plus_approx_2.0s_wait_schedule_assumption,unresolved_from_allowed_channels,35.0,VisualCogB_Task-2:q1_035,0.0,0,retained_by_q1,TgtAct:L-2/R+2,1,1.0,2,398.6953125,398.6953125,right,1,right,decoded_from_declared_channel_code,2.0,1|2,395.4765625,401.4765625,101242,102779,True,327,True,1,399.96875,declared_response_code_observed,1.27734375,399.97265625,-1,398.6765625,0.0187500000000113,,under_100ms_from_schedule_proxy_review_anchor,0,channel8_channel9_same_or_different_direction_only,1,1,True,cue_response_direction_comparable,True,True,True,
VisualCogB_Task-2,45,103675,404.98046875,-1,left,407.18046875,0.2s_cue_plus_approx_2.0s_wait_schedule_assumption,unresolved_from_allowed_channels,36.0,VisualCogB_Task-2:q1_036,0.0,0,retained_by_q1,TgtAct:L-2/R+2,1,1.0,2,407.1953125,407.1953125,right,1,right,decoded_from_declared_channel_code,2.0,1|2,403.98046875,409.98046875,103419,104956,True,306,True,1,408.38671875,declared_response_code_observed,1.1953125,408.390625,-1,407.18046875,0.0148437500000113,,under_100ms_from_schedule_proxy_review_anchor,0,channel8_channel9_same_or_different_direction_only,1,1,True,cue_response_direction_comparable,True,True,True,
VisualCogB_Task-2,46,105831,413.40234375,1,right,415.60234375,0.2s_cue_plus_approx_2.0s_wait_schedule_assumption,unresolved_from_allowed_channels,37.0,VisualCogB_Task-2:q1_037,0.0,0,retained_by_q1,TgtAct:L-2/R+2,1,-1.0,-2,415.62109375,415.62109375,left,-1,left,decoded_from_declared_channel_code,-2.0,-1|-2,412.40234375,418.40234375,105575,107112,True,354,True,1,417.0,declared_response_code_observed,1.3828125,417.00390625,1,415.60234375,0.0187500000000113,,under_100ms_from_schedule_proxy_review_anchor,0,channel8_channel9_same_or_different_direction_only,1,1,True,cue_response_direction_comparable,True,True,True,
VisualCogB_Task-2,47,108040,422.03125,-1,left,424.23125,0.2s_cue_plus_approx_2.0s_wait_schedule_assumption,unresolved_from_allowed_channels,38.0,VisualCogB_Task-2:q1_038,0.0,0,retained_by_q1,TgtAct:L-2/R+2,1,-1.0,-2,424.24609375,424.24609375,left,-1,left,decoded_from_declared_channel_code,-2.0,-1|-2,421.03125,427.03125,107784,109321,True,399,True,1,425.80078125,declared_response_code_observed,1.55859375,425.8046875,-1,424.23125,0.0148437500000113,,under_100ms_from_schedule_proxy_review_anchor,1,channel8_channel9_same_or_different_direction_only,1,1,True,cue_response_direction_comparable,True,True,True,
VisualCogB_Task-2,48,110293,430.83203125,1,right,433.03203125,0.2s_cue_plus_approx_2.0s_wait_schedule_assumption,unresolved_from_allowed_channels,39.0,VisualCogB_Task-2:q1_039,0.0,0,retained_by_q1,TgtAct:L-2/R+2,1,1.0,2,433.046875,433.046875,right,1,right,decoded_from_declared_channel_code,2.0,1|2,429.83203125,435.83203125,110037,111574,True,339,True,1,434.3671875,declared_response_code_observed,1.32421875,434.37109375,1,433.03203125,0.0148437500000113,,under_100ms_from_schedule_proxy_review_anchor,1,channel8_channel9_same_or_different_direction_only,1,1,True,cue_response_direction_comparable,True,True,True,
VisualCogB_Task-2,49,112485,439.39453125,-1,left,441.59453125,0.2s_cue_plus_approx_2.0s_wait_schedule_assumption,unresolved_from_allowed_channels,,,,1,excluded_by_q1,TgtAct:L-2/R+2,1,-1.0,-2,441.61328125,441.61328125,left,-1,left,decoded_from_declared_channel_code,-2.0,-1|-2,438.39453125,444.39453125,112229,113766,True,352,True,1,442.984375,declared_response_code_observed,1.375,442.98828125,-1,441.59453125,0.0187500000000113,,under_100ms_from_schedule_proxy_review_anchor,1,channel8_channel9_same_or_different_direction_only,1,1,True,cue_response_direction_comparable,False,False,True,
VisualCogB_Task-2,50,114689,448.00390625,-1,left,450.20390625,0.2s_cue_plus_approx_2.0s_wait_schedule_assumption,unresolved_from_allowed_channels,40.0,VisualCogB_Task-2:q1_040,0.0,0,retained_by_q1,TgtAct:L-2/R+2,1,1.0,2,450.22265625,450.22265625,right,1,right,decoded_from_declared_channel_code,2.0,1|2,447.00390625,453.00390625,114433,115970,True,356,True,1,451.609375,declared_response_code_observed,1.390625,451.61328125,-1,450.20390625,0.0187500000000113,,under_100ms_from_schedule_proxy_review_anchor,0,channel8_channel9_same_or_different_direction_only,1,1,True,cue_response_direction_comparable,True,True,True,
VisualCogB_Task-2,51,116898,456.6328125,-1,left,458.8328125,0.2s_cue_plus_approx_2.0s_wait_schedule_assumption,unresolved_from_allowed_channels,41.0,VisualCogB_Task-2:q1_041,0.0,0,retained_by_q1,TgtAct:L-2/R+2,1,-1.0,-2,458.84765625,458.84765625,left,-1,left,decoded_from_declared_channel_code,-2.0,-1|-2,455.6328125,461.6328125,116642,118179,True,349,True,1,460.20703125,declared_response_code_observed,1.36328125,460.2109375,-1,458.8328125,0.0148437500000113,,under_100ms_from_schedule_proxy_review_anchor,1,channel8_channel9_same_or_different_direction_only,1,1,True,cue_response_direction_comparable,True,True,True,
VisualCogB_Task-2,52,119098,465.2265625,1,right,467.4265625,0.2s_cue_plus_approx_2.0s_wait_schedule_assumption,unresolved_from_allowed_channels,42.0,VisualCogB_Task-2:q1_042,0.0,0,retained_by_q1,TgtAct:L-2/R+2,1,1.0,2,467.4453125,467.4453125,right,1,right,decoded_from_declared_channel_code,2.0,1|2,464.2265625,470.2265625,118842,120379,True,296,True,1,468.59765625,declared_response_code_observed,1.15625,468.6015625,1,467.4265625,0.0187500000000113,,under_100ms_from_schedule_proxy_review_anchor,1,channel8_channel9_same_or_different_direction_only,1,1,True,cue_response_direction_comparable,True,True,True,
VisualCogB_Task-2,53,121247,473.62109375,1,right,475.82109375,0.2s_cue_plus_approx_2.0s_wait_schedule_assumption,unresolved_from_allowed_channels,,,,1,excluded_by_q1,TgtAct:L-2/R+2,1,-1.0,-2,475.8359375,475.8359375,left,-1,left,decoded_from_declared_channel_code,-2.0,-1|-2,472.62109375,478.62109375,120991,122528,True,378,True,1,477.30859375,declared_response_code_observed,1.4765625,477.3125,1,475.82109375,0.0148437500000113,,under_100ms_from_schedule_proxy_review_anchor,0,channel8_channel9_same_or_different_direction_only,1,1,True,cue_response_direction_comparable,False,False,True,
VisualCogB_Task-2,54,123479,482.33984375,1,right,484.53984375,0.2s_cue_plus_approx_2.0s_wait_schedule_assumption,unresolved_from_allowed_channels,43.0,VisualCogB_Task-2:q1_043,0.0,0,retained_by_q1,TgtAct:L-2/R+2,1,1.0,2,484.55859375,484.55859375,right,1,right,decoded_from_declared_channel_code,2.0,1|2,481.33984375,487.33984375,123223,124760,True,280,True,1,485.6484375,declared_response_code_observed,1.09375,485.65234375,1,484.53984375,0.0187500000000113,,under_100ms_from_schedule_proxy_review_anchor,1,channel8_channel9_same_or_different_direction_only,1,1,True,cue_response_direction_comparable,True,True,True,
VisualCogB_Task-2,55,125612,490.671875,-1,left,492.871875,0.2s_cue_plus_approx_2.0s_wait_schedule_assumption,unresolved_from_allowed_channels,,,,1,excluded_by_q1,TgtAct:L-2/R+2,1,1.0,2,492.88671875,492.88671875,right,1,right,decoded_from_declared_channel_code,2.0,1|2,489.671875,495.671875,125356,126893,True,305,True,1,494.07421875,declared_response_code_observed,1.19140625,494.078125,-1,492.871875,0.0148437500000113,,under_100ms_from_schedule_proxy_review_anchor,0,channel8_channel9_same_or_different_direction_only,1,1,True,cue_response_direction_comparable,False,False,True,
VisualCogB_Task-2,56,127768,499.09375,-1,left,501.29375,0.2s_cue_plus_approx_2.0s_wait_schedule_assumption,unresolved_from_allowed_channels,,,,1,excluded_by_q1,TgtAct:L-2/R+2,1,1.0,2,501.3125,501.3125,right,1,right,decoded_from_declared_channel_code,2.0,1|2,498.09375,504.09375,127512,129049,True,319,True,1,502.5546875,declared_response_code_observed,1.24609375,502.55859375,-1,501.29375,0.0187500000000113,,under_100ms_from_schedule_proxy_review_anchor,0,channel8_channel9_same_or_different_direction_only,1,1,True,cue_response_direction_comparable,False,False,True,
VisualCogB_Task-2,57,129941,507.58203125,-1,left,509.78203125,0.2s_cue_plus_approx_2.0s_wait_schedule_assumption,unresolved_from_allowed_channels,44.0,VisualCogB_Task-2:q1_044,0.0,0,retained_by_q1,TgtAct:L-2/R+2,1,1.0,2,509.796875,509.796875,right,1,right,decoded_from_declared_channel_code,2.0,1|2,506.58203125,512.58203125,129685,131222,True,338,True,1,511.11328125,declared_response_code_observed,1.3203125,511.1171875,-1,509.78203125,0.0148437500000113,,under_100ms_from_schedule_proxy_review_anchor,0,channel8_channel9_same_or_different_direction_only,1,1,True,cue_response_direction_comparable,True,True,True,
VisualCogB_Task-2,58,132129,516.12890625,-1,left,518.32890625,0.2s_cue_plus_approx_2.0s_wait_schedule_assumption,unresolved_from_allowed_channels,,,,1,excluded_by_q1,TgtAct:L-2/R+2,1,1.0,2,518.34765625,518.34765625,right,1,right,decoded_from_declared_channel_code,2.0,1|2,515.12890625,521.12890625,131873,133410,True,335,True,1,519.65234375,declared_response_code_observed,1.30859375,519.65625,-1,518.32890625,0.0187499999999545,,under_100ms_from_schedule_proxy_review_anchor,0,channel8_channel9_same_or_different_direction_only,1,1,True,cue_response_direction_comparable,False,False,True,
VisualCogB_Task-2,59,134318,524.6796875,-1,left,526.8796875,0.2s_cue_plus_approx_2.0s_wait_schedule_assumption,unresolved_from_allowed_channels,45.0,VisualCogB_Task-2:q1_045,0.0,0,retained_by_q1,TgtAct:L-2/R+2,1,1.0,2,526.8984375,526.8984375,right,1,right,decoded_from_declared_channel_code,2.0,1|2,523.6796875,529.6796875,134062,135599,True,319,True,1,528.140625,declared_response_code_observed,1.24609375,528.14453125,-1,526.8796875,0.0187499999999545,,under_100ms_from_schedule_proxy_review_anchor,0,channel8_channel9_same_or_different_direction_only,1,1,True,cue_response_direction_comparable,True,True,True,
VisualCogB_Task-2,60,136490,533.1640625,-1,left,535.3640625,0.2s_cue_plus_approx_2.0s_wait_schedule_assumption,unresolved_from_allowed_channels,46.0,VisualCogB_Task-2:q1_046,0.0,0,retained_by_q1,TgtAct:L-2/R+2,1,1.0,2,535.3828125,535.3828125,right,1,right,decoded_from_declared_channel_code,2.0,1|2,532.1640625,538.1640625,136234,137771,True,296,True,1,536.53515625,declared_response_code_observed,1.15625,536.5390625,-1,535.3640625,0.0187499999999545,,under_100ms_from_schedule_proxy_review_anchor,0,channel8_channel9_same_or_different_direction_only,1,1,True,cue_response_direction_comparable,True,True,True,
VisualCogB_Task-2,61,138639,541.55859375,1,right,543.75859375,0.2s_cue_plus_approx_2.0s_wait_schedule_assumption,unresolved_from_allowed_channels,47.0,VisualCogB_Task-2:q1_047,0.0,0,retained_by_q1,TgtAct:L-2/R+2,1,-1.0,-2,543.7734375,543.7734375,left,-1,left,decoded_from_declared_channel_code,-2.0,-1|-2,540.55859375,546.55859375,138383,139920,True,386,True,1,545.27734375,declared_response_code_observed,1.5078125,545.28125,1,543.75859375,0.0148437499999545,,under_100ms_from_schedule_proxy_review_anchor,0,channel8_channel9_same_or_different_direction_only,1,1,True,cue_response_direction_comparable,True,True,True,
VisualCogB_Task-2,62,140879,550.30859375,-1,left,552.50859375,0.2s_cue_plus_approx_2.0s_wait_schedule_assumption,unresolved_from_allowed_channels,48.0,VisualCogB_Task-2:q1_048,0.0,0,retained_by_q1,TgtAct:L-2/R+2,1,-1.0,-2,552.5234375,552.5234375,left,-1,left,decoded_from_declared_channel_code,-2.0,-1|-2,549.30859375,555.30859375,140623,142160,True,396,True,1,554.06640625,declared_response_code_observed,1.546875,554.0703125,-1,552.50859375,0.0148437499999545,,under_100ms_from_schedule_proxy_review_anchor,1,channel8_channel9_same_or_different_direction_only,1,1,True,cue_response_direction_comparable,True,True,True,
VisualCogB_Task-2,63,143127,559.08984375,-1,left,561.28984375,0.2s_cue_plus_approx_2.0s_wait_schedule_assumption,unresolved_from_allowed_channels,49.0,VisualCogB_Task-2:q1_049,0.0,0,retained_by_q1,TgtAct:L-2/R+2,1,-1.0,-2,561.30859375,561.30859375,left,-1,left,decoded_from_declared_channel_code,-2.0,-1|-2,558.08984375,564.08984375,142871,144408,True,314,True,1,562.53125,declared_response_code_observed,1.2265625,562.53515625,-1,561.28984375,0.0187499999999545,,under_100ms_from_schedule_proxy_review_anchor,1,channel8_channel9_same_or_different_direction_only,1,1,True,cue_response_direction_comparable,True,True,True,
VisualCogB_Task-2,64,145292,567.546875,1,right,569.746875,0.2s_cue_plus_approx_2.0s_wait_schedule_assumption,unresolved_from_allowed_channels,50.0,VisualCogB_Task-2:q1_050,0.0,0,retained_by_q1,TgtAct:L-2/R+2,1,-1.0,-2,569.76171875,569.76171875,left,-1,left,decoded_from_declared_channel_code,-2.0,-1|-2,566.546875,572.546875,145036,146573,True,308,True,1,570.9609375,declared_response_code_observed,1.203125,570.96484375,1,569.746875,0.0148437499999545,,under_100ms_from_schedule_proxy_review_anchor,0,channel8_channel9_same_or_different_direction_only,1,1,True,cue_response_direction_comparable,True,True,True,
VisualCogB_Task-2,65,147452,575.984375,1,right,578.184375,0.2s_cue_plus_approx_2.0s_wait_schedule_assumption,unresolved_from_allowed_channels,,,,1,excluded_by_q1,TgtAct:L-2/R+2,1,1.0,2,578.203125,578.203125,right,1,right,decoded_from_declared_channel_code,2.0,1|2,574.984375,580.984375,147196,148733,True,349,True,1,579.5625,declared_response_code_observed,1.36328125,579.56640625,1,578.184375,0.0187499999999545,,under_100ms_from_schedule_proxy_review_anchor,1,channel8_channel9_same_or_different_direction_only,1,1,True,cue_response_direction_comparable,False,False,True,
VisualCogB_Task-2,66,149653,584.58203125,1,right,586.78203125,0.2s_cue_plus_approx_2.0s_wait_schedule_assumption,unresolved_from_allowed_channels,51.0,VisualCogB_Task-2:q1_051,0.0,0,retained_by_q1,TgtAct:L-2/R+2,1,-1.0,-2,586.796875,586.796875,left,-1,left,decoded_from_declared_channel_code,-2.0,-1|-2,583.58203125,589.58203125,149397,150934,True,322,True,1,588.05078125,declared_response_code_observed,1.2578125,588.0546875,1,586.78203125,0.0148437499999545,,under_100ms_from_schedule_proxy_review_anchor,0,channel8_channel9_same_or_different_direction_only,1,1,True,cue_response_direction_comparable,True,True,True,
VisualCogB_Task-2,67,151825,593.06640625,1,right,595.26640625,0.2s_cue_plus_approx_2.0s_wait_schedule_assumption,unresolved_from_allowed_channels,52.0,VisualCogB_Task-2:q1_052,0.0,0,retained_by_q1,TgtAct:L-2/R+2,1,-1.0,-2,595.28515625,595.28515625,left,-1,left,decoded_from_declared_channel_code,-2.0,-1|-2,592.06640625,598.06640625,151569,153106,True,358,True,1,596.6796875,declared_response_code_observed,1.3984375,596.68359375,1,595.26640625,0.0187499999999545,,under_100ms_from_schedule_proxy_review_anchor,0,channel8_channel9_same_or_different_direction_only,1,1,True,cue_response_direction_comparable,True,True,True,
VisualCogB_Task-2,68,154038,601.7109375,-1,left,603.9109375,0.2s_cue_plus_approx_2.0s_wait_schedule_assumption,unresolved_from_allowed_channels,53.0,VisualCogB_Task-2:q1_053,0.0,0,retained_by_q1,TgtAct:L-2/R+2,1,1.0,2,603.92578125,603.92578125,right,1,right,decoded_from_declared_channel_code,2.0,1|2,600.7109375,606.7109375,153782,155319,True,345,True,1,605.26953125,declared_response_code_observed,1.34765625,605.2734375,-1,603.9109375,0.0148437499999545,,under_100ms_from_schedule_proxy_review_anchor,0,channel8_channel9_same_or_different_direction_only,1,1,True,cue_response_direction_comparable,True,True,True,
VisualCogB_Task-2,69,156234,610.2890625,-1,left,612.4890625,0.2s_cue_plus_approx_2.0s_wait_schedule_assumption,unresolved_from_allowed_channels,54.0,VisualCogB_Task-2:q1_054,0.0,0,retained_by_q1,TgtAct:L-2/R+2,1,1.0,2,612.5078125,612.5078125,right,1,right,decoded_from_declared_channel_code,2.0,1|2,609.2890625,615.2890625,155978,157515,True,296,True,1,613.66015625,declared_response_code_observed,1.15625,613.6640625,-1,612.4890625,0.0187499999999545,,under_100ms_from_schedule_proxy_review_anchor,0,channel8_channel9_same_or_different_direction_only,1,1,True,cue_response_direction_comparable,True,True,True,
VisualCogB_Task-2,70,158383,618.68359375,1,right,620.88359375,0.2s_cue_plus_approx_2.0s_wait_schedule_assumption,unresolved_from_allowed_channels,55.0,VisualCogB_Task-2:q1_055,0.0,0,retained_by_q1,TgtAct:L-2/R+2,1,1.0,2,620.90234375,620.90234375,right,1,right,decoded_from_declared_channel_code,2.0,1|2,617.68359375,623.68359375,158127,159664,True,378,True,1,622.375,declared_response_code_observed,1.4765625,622.37890625,1,620.88359375,0.0187499999999545,,under_100ms_from_schedule_proxy_review_anchor,1,channel8_channel9_same_or_different_direction_only,1,1,True,cue_response_direction_comparable,True,True,True,
VisualCogB_Task-2,71,160615,627.40234375,1,right,629.60234375,0.2s_cue_plus_approx_2.0s_wait_schedule_assumption,unresolved_from_allowed_channels,56.0,VisualCogB_Task-2:q1_056,0.0,0,retained_by_q1,TgtAct:L-2/R+2,1,1.0,2,629.62109375,629.62109375,right,1,right,decoded_from_declared_channel_code,2.0,1|2,626.40234375,632.40234375,160359,161896,True,306,True,1,630.8125,declared_response_code_observed,1.1953125,630.81640625,1,629.60234375,0.0187499999999545,,under_100ms_from_schedule_proxy_review_anchor,1,channel8_channel9_same_or_different_direction_only,1,1,True,cue_response_direction_comparable,True,True,True,
VisualCogB_Task-2,72,162772,635.828125,1,right,638.028125,0.2s_cue_plus_approx_2.0s_wait_schedule_assumption,unresolved_from_allowed_channels,57.0,VisualCogB_Task-2:q1_057,0.0,0,retained_by_q1,TgtAct:L-2/R+2,1,1.0,2,638.04296875,638.04296875,right,1,right,decoded_from_declared_channel_code,2.0,1|2,634.828125,640.828125,162516,164053,True,340,True,1,639.3671875,declared_response_code_observed,1.328125,639.37109375,1,638.028125,0.0148437499999545,,under_100ms_from_schedule_proxy_review_anchor,1,channel8_channel9_same_or_different_direction_only,1,1,True,cue_response_direction_comparable,True,True,True,
VisualCogB_Task-2,73,164964,644.390625,-1,left,646.590625,0.2s_cue_plus_approx_2.0s_wait_schedule_assumption,unresolved_from_allowed_channels,58.0,VisualCogB_Task-2:q1_058,0.0,0,retained_by_q1,TgtAct:L-2/R+2,1,1.0,2,646.609375,646.609375,right,1,right,decoded_from_declared_channel_code,2.0,1|2,643.390625,649.390625,164708,166245,True,343,True,1,647.9453125,declared_response_code_observed,1.33984375,647.94921875,-1,646.590625,0.0187499999999545,,under_100ms_from_schedule_proxy_review_anchor,0,channel8_channel9_same_or_different_direction_only,1,1,True,cue_response_direction_comparable,True,True,True,
VisualCogB_Task-2,74,167161,652.97265625,-1,left,655.17265625,0.2s_cue_plus_approx_2.0s_wait_schedule_assumption,unresolved_from_allowed_channels,59.0,VisualCogB_Task-2:q1_059,0.0,0,retained_by_q1,TgtAct:L-2/R+2,1,1.0,2,655.19140625,655.19140625,right,1,right,decoded_from_declared_channel_code,2.0,1|2,651.97265625,657.97265625,166905,168442,True,385,True,1,656.69140625,declared_response_code_observed,1.50390625,656.6953125,-1,655.17265625,0.0187499999999545,,under_100ms_from_schedule_proxy_review_anchor,0,channel8_channel9_same_or_different_direction_only,1,1,True,cue_response_direction_comparable,True,True,True,
VisualCogB_Task-2,75,169398,661.7109375,1,right,663.9109375,0.2s_cue_plus_approx_2.0s_wait_schedule_assumption,unresolved_from_allowed_channels,60.0,VisualCogB_Task-2:q1_060,0.0,0,retained_by_q1,TgtAct:L-2/R+2,1,-1.0,-2,663.92578125,663.92578125,left,-1,left,decoded_from_declared_channel_code,-2.0,-1|-2,660.7109375,666.7109375,169142,170679,True,418,True,1,665.5546875,declared_response_code_observed,1.6328125,665.55859375,1,663.9109375,0.0148437499999545,,under_100ms_from_schedule_proxy_review_anchor,0,channel8_channel9_same_or_different_direction_only,1,1,True,cue_response_direction_comparable,True,True,True,
VisualCogB_Task-2,76,171666,670.5703125,1,right,672.7703125,0.2s_cue_plus_approx_2.0s_wait_schedule_assumption,unresolved_from_allowed_channels,61.0,VisualCogB_Task-2:q1_061,0.0,0,retained_by_q1,TgtAct:L-2/R+2,1,-1.0,-2,672.7890625,672.7890625,left,-1,left,decoded_from_declared_channel_code,-2.0,-1|-2,669.5703125,675.5703125,171410,172947,True,282,True,1,673.88671875,declared_response_code_observed,1.1015625,673.890625,1,672.7703125,0.0187499999999545,,under_100ms_from_schedule_proxy_review_anchor,0,channel8_channel9_same_or_different_direction_only,1,1,True,cue_response_direction_comparable,True,True,True,
VisualCogB_Task-2,77,173803,678.91796875,-1,left,681.11796875,0.2s_cue_plus_approx_2.0s_wait_schedule_assumption,unresolved_from_allowed_channels,62.0,VisualCogB_Task-2:q1_062,0.0,0,retained_by_q1,TgtAct:L-2/R+2,1,-1.0,-2,681.1328125,681.1328125,left,-1,left,decoded_from_declared_channel_code,-2.0,-1|-2,677.91796875,683.91796875,173547,175084,True,360,True,1,682.53515625,declared_response_code_observed,1.40625,682.5390625,-1,681.11796875,0.0148437499999545,,under_100ms_from_schedule_proxy_review_anchor,1,channel8_channel9_same_or_different_direction_only,1,1,True,cue_response_direction_comparable,True,True,True,
VisualCogB_Task-2,78,176015,687.55859375,-1,left,689.75859375,0.2s_cue_plus_approx_2.0s_wait_schedule_assumption,unresolved_from_allowed_channels,,,,1,excluded_by_q1,TgtAct:L-2/R+2,1,1.0,2,689.77734375,689.77734375,right,1,right,decoded_from_declared_channel_code,2.0,1|2,686.55859375,692.55859375,175759,177296,True,469,True,1,691.60546875,declared_response_code_observed,1.83203125,691.609375,-1,689.75859375,0.0187499999999545,,under_100ms_from_schedule_proxy_review_anchor,0,channel8_channel9_same_or_different_direction_only,1,1,True,cue_response_direction_comparable,False,False,True,
VisualCogB_Task-2,79,178336,696.625,-1,left,698.825,0.2s_cue_plus_approx_2.0s_wait_schedule_assumption,unresolved_from_allowed_channels,63.0,VisualCogB_Task-2:q1_063,0.0,0,retained_by_q1,TgtAct:L-2/R+2,1,1.0,2,698.83984375,698.83984375,right,1,right,decoded_from_declared_channel_code,2.0,1|2,695.625,701.625,178080,179617,True,357,True,1,700.23046875,declared_response_code_observed,1.39453125,700.234375,-1,698.825,0.0148437499999545,,under_100ms_from_schedule_proxy_review_anchor,0,channel8_channel9_same_or_different_direction_only,1,1,True,cue_response_direction_comparable,True,True,True,
VisualCogB_Task-2,80,180544,705.25,1,right,707.45,0.2s_cue_plus_approx_2.0s_wait_schedule_assumption,unresolved_from_allowed_channels,,,,1,excluded_by_q1,TgtAct:L-2/R+2,1,-1.0,-2,707.46484375,707.46484375,left,-1,left,decoded_from_declared_channel_code,-2.0,-1|-2,704.25,710.25,180288,181825,True,324,True,1,708.7265625,declared_response_code_observed,1.265625,708.73046875,1,707.45,0.0148437499999545,,under_100ms_from_schedule_proxy_review_anchor,0,channel8_channel9_same_or_different_direction_only,1,1,True,cue_response_direction_comparable,False,False,True,
VisualCogB_Task-2,81,182721,713.75390625,-1,left,715.95390625,0.2s_cue_plus_approx_2.0s_wait_schedule_assumption,unresolved_from_allowed_channels,,,,1,excluded_by_q1,TgtAct:L-2/R+2,1,-1.0,-2,715.96875,715.96875,left,-1,left,decoded_from_declared_channel_code,-2.0,-1|-2,712.75390625,718.75390625,182465,184002,True,352,True,1,717.33984375,declared_response_code_observed,1.375,717.34375,-1,715.95390625,0.0148437499999545,,under_100ms_from_schedule_proxy_review_anchor,1,channel8_channel9_same_or_different_direction_only,1,1,True,cue_response_direction_comparable,False,False,True,
VisualCogB_Task-2,82,184925,722.36328125,1,right,724.56328125,0.2s_cue_plus_approx_2.0s_wait_schedule_assumption,unresolved_from_allowed_channels,64.0,VisualCogB_Task-2:q1_064,0.0,0,retained_by_q1,TgtAct:L-2/R+2,1,-1.0,-2,724.578125,724.578125,left,-1,left,decoded_from_declared_channel_code,-2.0,-1|-2,721.36328125,727.36328125,184669,186206,True,351,True,1,725.9453125,declared_response_code_observed,1.37109375,725.94921875,1,724.56328125,0.0148437499999545,,under_100ms_from_schedule_proxy_review_anchor,0,channel8_channel9_same_or_different_direction_only,1,1,True,cue_response_direction_comparable,True,True,True,
VisualCogB_Task-2,83,187125,730.95703125,-1,left,733.15703125,0.2s_cue_plus_approx_2.0s_wait_schedule_assumption,unresolved_from_allowed_channels,65.0,VisualCogB_Task-2:q1_065,0.0,0,retained_by_q1,TgtAct:L-2/R+2,1,-1.0,-2,733.17578125,733.17578125,left,-1,left,decoded_from_declared_channel_code,-2.0,-1|-2,729.95703125,735.95703125,186869,188406,True,355,True,1,734.55859375,declared_response_code_observed,1.38671875,734.5625,-1,733.15703125,0.0187499999999545,,under_100ms_from_schedule_proxy_review_anchor,1,channel8_channel9_same_or_different_direction_only,1,1,True,cue_response_direction_comparable,True,True,True,
VisualCogB_Task-2,84,189338,739.6015625,-1,left,741.8015625,0.2s_cue_plus_approx_2.0s_wait_schedule_assumption,unresolved_from_allowed_channels,,,,1,excluded_by_q1,TgtAct:L-2/R+2,1,1.0,2,741.81640625,741.81640625,right,1,right,decoded_from_declared_channel_code,2.0,1|2,738.6015625,744.6015625,189082,190619,True,400,True,1,743.375,declared_response_code_observed,1.5625,743.37890625,-1,741.8015625,0.0148437499999545,,under_100ms_from_schedule_proxy_review_anchor,0,channel8_channel9_same_or_different_direction_only,1,1,True,cue_response_direction_comparable,False,False,True,
VisualCogB_Task-2,85,191590,748.3984375,1,right,750.5984375,0.2s_cue_plus_approx_2.0s_wait_schedule_assumption,unresolved_from_allowed_channels,66.0,VisualCogB_Task-2:q1_066,0.0,0,retained_by_q1,TgtAct:L-2/R+2,1,1.0,2,750.6171875,750.6171875,right,1,right,decoded_from_declared_channel_code,2.0,1|2,747.3984375,753.3984375,191334,192871,True,330,True,1,751.90234375,declared_response_code_observed,1.2890625,751.90625,1,750.5984375,0.0187499999999545,,under_100ms_from_schedule_proxy_review_anchor,1,channel8_channel9_same_or_different_direction_only,1,1,True,cue_response_direction_comparable,True,True,True,
VisualCogB_Task-2,86,193775,756.93359375,-1,left,759.13359375,0.2s_cue_plus_approx_2.0s_wait_schedule_assumption,unresolved_from_allowed_channels,67.0,VisualCogB_Task-2:q1_067,0.0,0,retained_by_q1,TgtAct:L-2/R+2,1,1.0,2,759.1484375,759.1484375,right,1,right,decoded_from_declared_channel_code,2.0,1|2,755.93359375,761.93359375,193519,195056,True,301,True,1,760.3203125,declared_response_code_observed,1.17578125,760.32421875,-1,759.13359375,0.0148437499999545,,under_100ms_from_schedule_proxy_review_anchor,0,channel8_channel9_same_or_different_direction_only,1,1,True,cue_response_direction_comparable,True,True,True,
VisualCogB_Task-2,87,195927,765.33984375,1,right,767.53984375,0.2s_cue_plus_approx_2.0s_wait_schedule_assumption,unresolved_from_allowed_channels,68.0,VisualCogB_Task-2:q1_068,0.0,0,retained_by_q1,TgtAct:L-2/R+2,1,1.0,2,767.55859375,767.55859375,right,1,right,decoded_from_declared_channel_code,2.0,1|2,764.33984375,770.33984375,195671,197208,True,303,True,1,768.73828125,declared_response_code_observed,1.18359375,768.7421875,1,767.53984375,0.0187499999999545,,under_100ms_from_schedule_proxy_review_anchor,1,channel8_channel9_same_or_different_direction_only,1,1,True,cue_response_direction_comparable,True,True,True,
VisualCogB_Task-2,88,198084,773.765625,-1,left,775.965625,0.2s_cue_plus_approx_2.0s_wait_schedule_assumption,unresolved_from_allowed_channels,69.0,VisualCogB_Task-2:q1_069,0.0,0,retained_by_q1,TgtAct:L-2/R+2,1,-1.0,-2,775.98046875,775.98046875,left,-1,left,decoded_from_declared_channel_code,-2.0,-1|-2,772.765625,778.765625,197828,199365,True,328,True,1,777.2578125,declared_response_code_observed,1.28125,777.26171875,-1,775.965625,0.0148437499999545,,under_100ms_from_schedule_proxy_review_anchor,1,channel8_channel9_same_or_different_direction_only,1,1,True,cue_response_direction_comparable,True,True,True,
VisualCogB_Task-2,89,200264,782.28125,1,right,784.48125,0.2s_cue_plus_approx_2.0s_wait_schedule_assumption,unresolved_from_allowed_channels,70.0,VisualCogB_Task-2:q1_070,0.0,0,retained_by_q1,TgtAct:L-2/R+2,1,1.0,2,784.5,784.5,right,1,right,decoded_from_declared_channel_code,2.0,1|2,781.28125,787.28125,200008,201545,True,326,True,1,785.76953125,declared_response_code_observed,1.2734375,785.7734375,1,784.48125,0.0187499999999545,,under_100ms_from_schedule_proxy_review_anchor,1,channel8_channel9_same_or_different_direction_only,1,1,True,cue_response_direction_comparable,True,True,True,
VisualCogB_Task-2,90,202445,790.80078125,-1,left,793.00078125,0.2s_cue_plus_approx_2.0s_wait_schedule_assumption,unresolved_from_allowed_channels,,,,1,excluded_by_q1,TgtAct:L-2/R+2,1,1.0,2,793.015625,793.015625,right,1,right,decoded_from_declared_channel_code,2.0,1|2,789.80078125,795.80078125,202189,203726,True,295,True,1,794.1640625,declared_response_code_observed,1.15234375,794.16796875,-1,793.00078125,0.0148437499999545,,under_100ms_from_schedule_proxy_review_anchor,0,channel8_channel9_same_or_different_direction_only,1,1,True,cue_response_direction_comparable,False,False,True,
VisualCogB_Task-2,91,204593,799.19140625,-1,left,801.39140625,0.2s_cue_plus_approx_2.0s_wait_schedule_assumption,unresolved_from_allowed_channels,71.0,VisualCogB_Task-2:q1_071,0.0,0,retained_by_q1,TgtAct:L-2/R+2,1,-1.0,-2,801.41015625,801.41015625,left,-1,left,decoded_from_declared_channel_code,-2.0,-1|-2,798.19140625,804.19140625,204337,205874,True,372,True,1,802.859375,declared_response_code_observed,1.453125,802.86328125,-1,801.39140625,0.0187499999999545,,under_100ms_from_schedule_proxy_review_anchor,1,channel8_channel9_same_or_different_direction_only,1,1,True,cue_response_direction_comparable,True,True,True,
VisualCogB_Task-2,92,206818,807.8828125,1,right,810.0828125,0.2s_cue_plus_approx_2.0s_wait_schedule_assumption,unresolved_from_allowed_channels,72.0,VisualCogB_Task-2:q1_072,0.0,0,retained_by_q1,TgtAct:L-2/R+2,1,1.0,2,810.09765625,810.09765625,right,1,right,decoded_from_declared_channel_code,2.0,1|2,806.8828125,812.8828125,206562,208099,True,297,True,1,811.25390625,declared_response_code_observed,1.16015625,811.2578125,1,810.0828125,0.0148437499999545,,under_100ms_from_schedule_proxy_review_anchor,1,channel8_channel9_same_or_different_direction_only,1,1,True,cue_response_direction_comparable,True,True,True,
VisualCogB_Task-2,93,208962,816.2578125,-1,left,818.4578125,0.2s_cue_plus_approx_2.0s_wait_schedule_assumption,unresolved_from_allowed_channels,73.0,VisualCogB_Task-2:q1_073,0.0,0,retained_by_q1,TgtAct:L-2/R+2,1,1.0,2,818.4765625,818.4765625,right,1,right,decoded_from_declared_channel_code,2.0,1|2,815.2578125,821.2578125,208706,210243,True,404,True,1,820.05078125,declared_response_code_observed,1.578125,820.0546875,-1,818.4578125,0.0187499999999545,,under_100ms_from_schedule_proxy_review_anchor,0,channel8_channel9_same_or_different_direction_only,1,1,True,cue_response_direction_comparable,True,True,True,
VisualCogB_Task-2,94,211219,825.07421875,1,right,827.27421875,0.2s_cue_plus_approx_2.0s_wait_schedule_assumption,unresolved_from_allowed_channels,74.0,VisualCogB_Task-2:q1_074,0.0,0,retained_by_q1,TgtAct:L-2/R+2,1,1.0,2,827.2890625,827.2890625,right,1,right,decoded_from_declared_channel_code,2.0,1|2,824.07421875,830.07421875,210963,212500,True,291,True,1,828.421875,declared_response_code_observed,1.13671875,828.42578125,1,827.27421875,0.0148437499999545,,under_100ms_from_schedule_proxy_review_anchor,1,channel8_channel9_same_or_different_direction_only,1,1,True,cue_response_direction_comparable,True,True,True,
VisualCogB_Task-2,95,213363,833.44921875,1,right,835.64921875,0.2s_cue_plus_approx_2.0s_wait_schedule_assumption,unresolved_from_allowed_channels,75.0,VisualCogB_Task-2:q1_075,0.0,0,retained_by_q1,TgtAct:L-2/R+2,1,-1.0,-2,835.66796875,835.66796875,left,-1,left,decoded_from_declared_channel_code,-2.0,-1|-2,832.44921875,838.44921875,213107,214644,True,436,True,1,837.3671875,declared_response_code_observed,1.703125,837.37109375,1,835.64921875,0.0187499999999545,,under_100ms_from_schedule_proxy_review_anchor,0,channel8_channel9_same_or_different_direction_only,1,1,True,cue_response_direction_comparable,True,True,True,
VisualCogB_Task-2,96,215651,842.38671875,-1,left,844.58671875,0.2s_cue_plus_approx_2.0s_wait_schedule_assumption,unresolved_from_allowed_channels,76.0,VisualCogB_Task-2:q1_076,0.0,0,retained_by_q1,TgtAct:L-2/R+2,1,-1.0,-2,844.60546875,844.60546875,left,-1,left,decoded_from_declared_channel_code,-2.0,-1|-2,841.38671875,847.38671875,215395,216932,True,436,True,1,846.3046875,declared_response_code_observed,1.703125,846.30859375,-1,844.58671875,0.0187499999999545,,under_100ms_from_schedule_proxy_review_anchor,1,channel8_channel9_same_or_different_direction_only,1,1,True,cue_response_direction_comparable,True,True,True,
VisualCogB_Task-2,97,217940,851.328125,-1,left,853.528125,0.2s_cue_plus_approx_2.0s_wait_schedule_assumption,unresolved_from_allowed_channels,77.0,VisualCogB_Task-2:q1_077,0.0,0,retained_by_q1,TgtAct:L-2/R+2,1,-1.0,-2,853.546875,853.546875,left,-1,left,decoded_from_declared_channel_code,-2.0,-1|-2,850.328125,856.328125,217684,219221,True,353,True,1,854.921875,declared_response_code_observed,1.37890625,854.92578125,-1,853.528125,0.0187499999999545,,under_100ms_from_schedule_proxy_review_anchor,1,channel8_channel9_same_or_different_direction_only,1,1,True,cue_response_direction_comparable,True,True,True,
VisualCogB_Task-2,98,220148,859.953125,1,right,862.153125,0.2s_cue_plus_approx_2.0s_wait_schedule_assumption,unresolved_from_allowed_channels,78.0,VisualCogB_Task-2:q1_078,0.0,0,retained_by_q1,TgtAct:L-2/R+2,1,-1.0,-2,862.171875,862.171875,left,-1,left,decoded_from_declared_channel_code,-2.0,-1|-2,858.953125,864.953125,219892,221429,True,325,True,1,863.4375,declared_response_code_observed,1.26953125,863.44140625,1,862.153125,0.0187499999999545,,under_100ms_from_schedule_proxy_review_anchor,0,channel8_channel9_same_or_different_direction_only,1,1,True,cue_response_direction_comparable,True,True,True,
VisualCogB_Task-2,99,222325,868.45703125,-1,left,870.65703125,0.2s_cue_plus_approx_2.0s_wait_schedule_assumption,unresolved_from_allowed_channels,79.0,VisualCogB_Task-2:q1_079,0.0,0,retained_by_q1,TgtAct:L-2/R+2,1,1.0,2,870.671875,870.671875,right,1,right,decoded_from_declared_channel_code,2.0,1|2,867.45703125,873.45703125,222069,223606,True,301,True,1,871.84375,declared_response_code_observed,1.17578125,871.84765625,-1,870.65703125,0.0148437499999545,,under_100ms_from_schedule_proxy_review_anchor,0,channel8_channel9_same_or_different_direction_only,1,1,True,cue_response_direction_comparable,True,True,True,
