record,condition,channel,method,time_ms,value_relative_units
VisualCogA_Task-1,left,F3,measured,0.0,-6.148591342108878
VisualCogA_Task-1,left,F3,measured,7.8125,-5.846739873077992
VisualCogA_Task-1,left,F3,measured,15.625,-5.573495219867095
VisualCogA_Task-1,left,F3,measured,23.4375,-5.487408009697874
VisualCogA_Task-1,left,F3,measured,31.25,-5.794318785995095
VisualCogA_Task-1,left,F3,measured,39.0625,-6.55131780141008
VisualCogA_Task-1,left,F3,measured,46.875,-7.588915821740917
VisualCogA_Task-1,left,F3,measured,54.6875,-8.529342964741769
VisualCogA_Task-1,left,F3,measured,62.5,-9.063021688117919
VisualCogA_Task-1,left,F3,measured,70.3125,-9.31625645657395
VisualCogA_Task-1,left,F3,measured,78.125,-9.679108564759614
VisualCogA_Task-1,left,F3,measured,85.9375,-10.343973431907312
VisualCogA_Task-1,left,F3,measured,93.75,-11.156042311818629
VisualCogA_Task-1,left,F3,measured,101.5625,-11.949317117874445
VisualCogA_Task-1,left,F3,measured,109.375,-12.745718302506045
VisualCogA_Task-1,left,F3,measured,117.1875,-13.556113028381336
VisualCogA_Task-1,left,F3,measured,125.0,-14.012820670500371
VisualCogA_Task-1,left,F3,measured,132.8125,-13.679070510437272
VisualCogA_Task-1,left,F3,measured,140.625,-12.600751615190495
VisualCogA_Task-1,left,F3,measured,148.4375,-11.512270885142524
VisualCogA_Task-1,left,F3,measured,156.25,-11.214884179920267
VisualCogA_Task-1,left,F3,measured,164.0625,-11.834235202945349
VisualCogA_Task-1,left,F3,measured,171.875,-12.805316192800106
VisualCogA_Task-1,left,F3,measured,179.6875,-13.63388034550077
VisualCogA_Task-1,left,F3,measured,187.5,-14.158992492550949
VisualCogA_Task-1,left,F3,measured,195.3125,-14.50339654691379
VisualCogA_Task-1,left,F3,measured,203.125,-14.830268338427587
VisualCogA_Task-1,left,F3,measured,210.9375,-15.210143371323154
VisualCogA_Task-1,left,F3,measured,218.75,-15.420204841694561
VisualCogA_Task-1,left,F3,measured,226.5625,-15.318452076269347
VisualCogA_Task-1,left,F3,measured,234.375,-15.163484848033399
VisualCogA_Task-1,left,F3,measured,242.1875,-15.39394183903333
VisualCogA_Task-1,left,F3,measured,250.0,-15.911398475400333
VisualCogA_Task-1,left,F3,measured,257.8125,-16.171124821899223
VisualCogA_Task-1,left,F3,measured,265.625,-15.688718846600914
VisualCogA_Task-1,left,F3,measured,273.4375,-14.661846103161519
VisualCogA_Task-1,left,F3,measured,281.25,-13.783335844996964
VisualCogA_Task-1,left,F3,measured,289.0625,-13.703825074896564
VisualCogA_Task-1,left,F3,measured,296.875,-14.4581242929774
VisualCogA_Task-1,left,F3,measured,304.6875,-15.612912845686534
VisualCogA_Task-1,left,F3,measured,312.5,-16.473082125126354
VisualCogA_Task-1,left,F3,measured,320.3125,-16.71656237236871
VisualCogA_Task-1,left,F3,measured,328.125,-16.653282951219143
VisualCogA_Task-1,left,F3,measured,335.9375,-16.943722973581195
VisualCogA_Task-1,left,F3,measured,343.75,-17.69853443602888
VisualCogA_Task-1,left,F3,measured,351.5625,-18.597120192580363
VisualCogA_Task-1,left,F3,measured,359.375,-19.304274957371643
VisualCogA_Task-1,left,F3,measured,367.1875,-19.699185474864098
VisualCogA_Task-1,left,F3,measured,375.0,-19.625425636620065
VisualCogA_Task-1,left,F3,measured,382.8125,-19.262691822884396
VisualCogA_Task-1,left,F3,measured,390.625,-19.142578791421876
VisualCogA_Task-1,left,F3,measured,398.4375,-19.77184146356817
VisualCogA_Task-1,left,F3,measured,406.25,-20.992326639844546
VisualCogA_Task-1,left,F3,measured,414.0625,-22.376322010874514
VisualCogA_Task-1,left,F3,measured,421.875,-23.540427938249287
VisualCogA_Task-1,left,F3,measured,429.6875,-24.427434421423655
VisualCogA_Task-1,left,F3,measured,437.5,-25.075614051000713
VisualCogA_Task-1,left,F3,measured,445.3125,-25.636261447199168
VisualCogA_Task-1,left,F3,measured,453.125,-26.00464361584957
VisualCogA_Task-1,left,F3,measured,460.9375,-25.97262924225683
VisualCogA_Task-1,left,F3,measured,468.75,-25.413647780367672
VisualCogA_Task-1,left,F3,measured,476.5625,-24.59429058477283
VisualCogA_Task-1,left,F3,measured,484.375,-23.81918696062403
VisualCogA_Task-1,left,F3,measured,492.1875,-23.447644234779297
VisualCogA_Task-1,left,F3,measured,500.0,-23.601947041217297
VisualCogA_Task-1,left,F3,measured,507.8125,-24.232365003907752
VisualCogA_Task-1,left,F3,measured,515.625,-25.037539799543882
VisualCogA_Task-1,left,F3,measured,523.4375,-25.752879470989303
VisualCogA_Task-1,left,F3,measured,531.25,-26.072550568734933
VisualCogA_Task-1,left,F3,measured,539.0625,-26.093733487273166
VisualCogA_Task-1,left,F3,measured,546.875,-26.199787401629614
VisualCogA_Task-1,left,F3,measured,554.6875,-26.700626685406665
VisualCogA_Task-1,left,F3,measured,562.5,-27.179782599704737
VisualCogA_Task-1,left,F3,measured,570.3125,-27.201863404170428
VisualCogA_Task-1,left,F3,measured,578.125,-26.836374479886334
VisualCogA_Task-1,left,F3,measured,585.9375,-26.721954800637047
VisualCogA_Task-1,left,F3,measured,593.75,-27.104637731667186
VisualCogA_Task-1,left,F3,measured,601.5625,-27.659469918468023
VisualCogA_Task-1,left,F3,measured,609.375,-27.72115797171783
VisualCogA_Task-1,left,F3,measured,617.1875,-27.188882426735784
VisualCogA_Task-1,left,F3,measured,625.0,-26.540885806703564
VisualCogA_Task-1,left,F3,measured,632.8125,-26.495317386944485
VisualCogA_Task-1,left,F3,measured,640.625,-27.085776805378487
VisualCogA_Task-1,left,F3,measured,648.4375,-27.915375229514716
VisualCogA_Task-1,left,F3,measured,656.25,-28.625699102686823
VisualCogA_Task-1,left,F3,measured,664.0625,-29.329629818123458
VisualCogA_Task-1,left,F3,measured,671.875,-29.981216582091687
VisualCogA_Task-1,left,F3,measured,679.6875,-30.554847184874525
VisualCogA_Task-1,left,F3,measured,687.5,-31.066490430336078
VisualCogA_Task-1,left,F3,measured,695.3125,-31.541048944892804
VisualCogA_Task-1,left,F3,measured,703.125,-31.52999534302353
VisualCogA_Task-1,left,F3,measured,710.9375,-30.6894607009448
VisualCogA_Task-1,left,F3,measured,718.75,-29.050930817331423
VisualCogA_Task-1,left,F3,measured,726.5625,-27.367506792588383
VisualCogA_Task-1,left,F3,measured,734.375,-26.39807303251923
VisualCogA_Task-1,left,F3,measured,742.1875,-26.391554556343902
VisualCogA_Task-1,left,F3,measured,750.0,-26.571438340681958
VisualCogA_Task-1,left,F3,measured,757.8125,-26.087609708847086
VisualCogA_Task-1,left,F3,measured,765.625,-24.860489412735795
VisualCogA_Task-1,left,F3,measured,773.4375,-23.95629028712613
VisualCogA_Task-1,left,F3,measured,781.25,-24.260701227118126
VisualCogA_Task-1,left,F3,measured,789.0625,-25.76417595829773
VisualCogA_Task-1,left,F3,measured,796.875,-27.49872155150577
VisualCogA_Task-1,left,F3,revision,0.0,-0.15500306964954813
VisualCogA_Task-1,left,F3,revision,7.8125,-0.21236378444947412
VisualCogA_Task-1,left,F3,revision,15.625,-0.06303302963572044
VisualCogA_Task-1,left,F3,revision,23.4375,0.5847239154863018
VisualCogA_Task-1,left,F3,revision,31.25,1.9361985201073892
VisualCogA_Task-1,left,F3,revision,39.0625,3.961619236313802
VisualCogA_Task-1,left,F3,revision,46.875,6.4036550599835405
VisualCogA_Task-1,left,F3,revision,54.6875,8.925305607488689
VisualCogA_Task-1,left,F3,revision,62.5,11.25749665389375
VisualCogA_Task-1,left,F3,revision,70.3125,13.263781710271266
VisualCogA_Task-1,left,F3,revision,78.125,14.914688284434012
VisualCogA_Task-1,left,F3,revision,85.9375,16.240989510007587
VisualCogA_Task-1,left,F3,revision,93.75,17.290960940114765
VisualCogA_Task-1,left,F3,revision,101.5625,18.117748827265107
VisualCogA_Task-1,left,F3,revision,109.375,18.767736706156796
VisualCogA_Task-1,left,F3,revision,117.1875,19.283170619489233
VisualCogA_Task-1,left,F3,revision,125.0,19.69404545227955
VisualCogA_Task-1,left,F3,revision,132.8125,20.02516592193018
VisualCogA_Task-1,left,F3,revision,140.625,20.291071912301128
VisualCogA_Task-1,left,F3,revision,148.4375,20.504994693115613
VisualCogA_Task-1,left,F3,revision,156.25,20.670793303862595
VisualCogA_Task-1,left,F3,revision,164.0625,20.791922635761708
VisualCogA_Task-1,left,F3,revision,171.875,20.867587535944864
VisualCogA_Task-1,left,F3,revision,179.6875,20.90953074173978
VisualCogA_Task-1,left,F3,revision,187.5,20.932646224332657
VisualCogA_Task-1,left,F3,revision,195.3125,20.947312181773142
VisualCogA_Task-1,left,F3,revision,203.125,20.92270463623578
VisualCogA_Task-1,left,F3,revision,210.9375,20.796979322762752
VisualCogA_Task-1,left,F3,revision,218.75,20.51714336316855
VisualCogA_Task-1,left,F3,revision,226.5625,20.11808601309352
VisualCogA_Task-1,left,F3,revision,234.375,19.71608156648773
VisualCogA_Task-1,left,F3,revision,242.1875,19.442898251057407
VisualCogA_Task-1,left,F3,revision,250.0,19.347756261883205
VisualCogA_Task-1,left,F3,revision,257.8125,19.394696924494916
VisualCogA_Task-1,left,F3,revision,265.625,19.497115674922625
VisualCogA_Task-1,left,F3,revision,273.4375,19.585623177891847
VisualCogA_Task-1,left,F3,revision,281.25,19.616919309819256
VisualCogA_Task-1,left,F3,revision,289.0625,19.582719344448854
VisualCogA_Task-1,left,F3,revision,296.875,19.48113473482917
VisualCogA_Task-1,left,F3,revision,304.6875,19.322750310329404
VisualCogA_Task-1,left,F3,revision,312.5,19.112136126418697
VisualCogA_Task-1,left,F3,revision,320.3125,18.862824185253633
VisualCogA_Task-1,left,F3,revision,328.125,18.58009800479681
VisualCogA_Task-1,left,F3,revision,335.9375,18.276261945905127
VisualCogA_Task-1,left,F3,revision,343.75,17.953220582238863
VisualCogA_Task-1,left,F3,revision,351.5625,17.619828042219297
VisualCogA_Task-1,left,F3,revision,359.375,17.27493200331397
VisualCogA_Task-1,left,F3,revision,367.1875,16.925650792117402
VisualCogA_Task-1,left,F3,revision,375.0,16.569460477064197
VisualCogA_Task-1,left,F3,revision,382.8125,16.21277813360932
VisualCogA_Task-1,left,F3,revision,390.625,15.852236494916385
VisualCogA_Task-1,left,F3,revision,398.4375,15.49388510136206
VisualCogA_Task-1,left,F3,revision,406.25,15.13381822538919
VisualCogA_Task-1,left,F3,revision,414.0625,14.777976174244456
VisualCogA_Task-1,left,F3,revision,421.875,14.422087557044902
VisualCogA_Task-1,left,F3,revision,429.6875,14.072059966853205
VisualCogA_Task-1,left,F3,revision,437.5,13.723285975384284
VisualCogA_Task-1,left,F3,revision,445.3125,13.38166189480736
VisualCogA_Task-1,left,F3,revision,453.125,13.042282385566846
VisualCogA_Task-1,left,F3,revision,460.9375,12.711067457543624
VisualCogA_Task-1,left,F3,revision,468.75,12.382836571409685
VisualCogA_Task-1,left,F3,revision,476.5625,12.063540016565913
VisualCogA_Task-1,left,F3,revision,484.375,11.74773660198248
VisualCogA_Task-1,left,F3,revision,492.1875,11.441431251191391
VisualCogA_Task-1,left,F3,revision,500.0,11.13895192744043
VisualCogA_Task-1,left,F3,revision,507.8125,10.846371729122946
VisualCogA_Task-1,left,F3,revision,515.625,10.557791732623858
VisualCogA_Task-1,left,F3,revision,523.4375,10.279358035248357
VisualCogA_Task-1,left,F3,revision,531.25,10.004967432526312
VisualCogA_Task-1,left,F3,revision,539.0625,9.740863460787303
VisualCogA_Task-1,left,F3,revision,546.875,9.480751794796653
VisualCogA_Task-1,left,F3,revision,554.6875,9.230967517861316
VisualCogA_Task-1,left,F3,revision,562.5,8.985023638379793
VisualCogA_Task-1,left,F3,revision,570.3125,8.749361989371177
VisualCogA_Task-1,left,F3,revision,578.125,8.51733623745246
VisualCogA_Task-1,left,F3,revision,585.9375,8.295517617144974
VisualCogA_Task-1,left,F3,revision,593.75,8.077094191287017
VisualCogA_Task-1,left,F3,revision,601.5625,7.868730134617064
VisualCogA_Task-1,left,F3,revision,609.375,7.66342743222657
VisualCogA_Task-1,left,F3,revision,617.1875,7.46799089573398
VisualCogA_Task-1,left,F3,revision,625.0,7.275356665697909
VisualCogA_Task-1,left,F3,revision,632.8125,7.0925368977980785
VisualCogA_Task-1,left,F3,revision,640.625,6.9122404253997285
VisualCogA_Task-1,left,F3,revision,648.4375,6.741316272139732
VisualCogA_Task-1,left,F3,revision,656.25,6.5721122793347035
VisualCogA_Task-1,left,F3,revision,664.0625,6.41198291717034
VisualCogA_Task-1,left,F3,revision,671.875,6.254156880628518
VisualCogA_Task-1,left,F3,revision,679.6875,6.106657880157227
VisualCogA_Task-1,left,F3,revision,687.5,5.960941333224192
VisualCogA_Task-1,left,F3,revision,695.3125,5.821675238008823
VisualCogA_Task-1,left,F3,revision,703.125,5.679218894608845
VisualCogA_Task-1,left,F3,revision,710.9375,5.545218982631634
VisualCogA_Task-1,left,F3,revision,718.75,5.421540522461999
VisualCogA_Task-1,left,F3,revision,726.5625,5.31994477689201
VisualCogA_Task-1,left,F3,revision,734.375,5.214946493043954
VisualCogA_Task-1,left,F3,revision,742.1875,5.08124903630678
VisualCogA_Task-1,left,F3,revision,750.0,4.906057058323998
VisualCogA_Task-1,left,F3,revision,757.8125,4.769027732556406
VisualCogA_Task-1,left,F3,revision,765.625,4.770436070374748
VisualCogA_Task-1,left,F3,revision,773.4375,4.894965200864058
VisualCogA_Task-1,left,F3,revision,781.25,4.824781250268775
VisualCogA_Task-1,left,F3,revision,789.0625,4.121114054697165
VisualCogA_Task-1,left,F3,revision,796.875,2.6847405724271574
VisualCogA_Task-1,left,F3,revision_v2,0.0,0.029134411404267757
VisualCogA_Task-1,left,F3,revision_v2,7.8125,0.027945577525833265
VisualCogA_Task-1,left,F3,revision_v2,15.625,0.027079106489040328
VisualCogA_Task-1,left,F3,revision_v2,23.4375,0.03034534029728686
VisualCogA_Task-1,left,F3,revision_v2,31.25,0.03376898765369574
VisualCogA_Task-1,left,F3,revision_v2,39.0625,0.01512907773412675
VisualCogA_Task-1,left,F3,revision_v2,46.875,-0.06293523075972196
VisualCogA_Task-1,left,F3,revision_v2,54.6875,-0.23151676216784123
VisualCogA_Task-1,left,F3,revision_v2,62.5,-0.4903132395364174
VisualCogA_Task-1,left,F3,revision_v2,70.3125,-0.8043025013716327
VisualCogA_Task-1,left,F3,revision_v2,78.125,-1.123321748727365
VisualCogA_Task-1,left,F3,revision_v2,85.9375,-1.4081922429604083
VisualCogA_Task-1,left,F3,revision_v2,93.75,-1.641879384221517
VisualCogA_Task-1,left,F3,revision_v2,101.5625,-1.8264217886686822
VisualCogA_Task-1,left,F3,revision_v2,109.375,-1.9715226070689758
VisualCogA_Task-1,left,F3,revision_v2,117.1875,-2.087766379939623
VisualCogA_Task-1,left,F3,revision_v2,125.0,-2.182828739311364
VisualCogA_Task-1,left,F3,revision_v2,132.8125,-2.262984163261526
VisualCogA_Task-1,left,F3,revision_v2,140.625,-2.332562002801253
VisualCogA_Task-1,left,F3,revision_v2,148.4375,-2.395519184286467
VisualCogA_Task-1,left,F3,revision_v2,156.25,-2.454001668296963
VisualCogA_Task-1,left,F3,revision_v2,164.0625,-2.509897201232862
VisualCogA_Task-1,left,F3,revision_v2,171.875,-2.56344775463616
VisualCogA_Task-1,left,F3,revision_v2,179.6875,-2.615197267584054
VisualCogA_Task-1,left,F3,revision_v2,187.5,-2.6648195418222844
VisualCogA_Task-1,left,F3,revision_v2,195.3125,-2.713477626688335
VisualCogA_Task-1,left,F3,revision_v2,203.125,-2.761876156998783
VisualCogA_Task-1,left,F3,revision_v2,210.9375,-2.8108385061217804
VisualCogA_Task-1,left,F3,revision_v2,218.75,-2.857803262236958
VisualCogA_Task-1,left,F3,revision_v2,226.5625,-2.900167522354458
VisualCogA_Task-1,left,F3,revision_v2,234.375,-2.9390082241290854
VisualCogA_Task-1,left,F3,revision_v2,242.1875,-2.987343528750926
VisualCogA_Task-1,left,F3,revision_v2,250.0,-3.0648940422478788
VisualCogA_Task-1,left,F3,revision_v2,257.8125,-3.1857874850625683
VisualCogA_Task-1,left,F3,revision_v2,265.625,-3.3421842529073613
VisualCogA_Task-1,left,F3,revision_v2,273.4375,-3.5079581001862348
VisualCogA_Task-1,left,F3,revision_v2,281.25,-3.651566630164017
VisualCogA_Task-1,left,F3,revision_v2,289.0625,-3.754017812737395
VisualCogA_Task-1,left,F3,revision_v2,296.875,-3.8108962707266025
VisualCogA_Task-1,left,F3,revision_v2,304.6875,-3.8299567710067546
VisualCogA_Task-1,left,F3,revision_v2,312.5,-3.8207877287607683
VisualCogA_Task-1,left,F3,revision_v2,320.3125,-3.7930350769783434
VisualCogA_Task-1,left,F3,revision_v2,328.125,-3.752498194172291
VisualCogA_Task-1,left,F3,revision_v2,335.9375,-3.70469640199868
VisualCogA_Task-1,left,F3,revision_v2,343.75,-3.6524367740700816
VisualCogA_Task-1,left,F3,revision_v2,351.5625,-3.5990512215886143
VisualCogA_Task-1,left,F3,revision_v2,359.375,-3.545326103962206
VisualCogA_Task-1,left,F3,revision_v2,367.1875,-3.492891700620949
VisualCogA_Task-1,left,F3,revision_v2,375.0,-3.4412656424816994
VisualCogA_Task-1,left,F3,revision_v2,382.8125,-3.391403426866945
VisualCogA_Task-1,left,F3,revision_v2,390.625,-3.3424605309086957
VisualCogA_Task-1,left,F3,revision_v2,398.4375,-3.2952612906356302
VisualCogA_Task-1,left,F3,revision_v2,406.25,-3.248837272491966
VisualCogA_Task-1,left,F3,revision_v2,414.0625,-3.203984038015066
VisualCogA_Task-1,left,F3,revision_v2,421.875,-3.1596859072366934
VisualCogA_Task-1,left,F3,revision_v2,429.6875,-3.1167764084697955
VisualCogA_Task-1,left,F3,revision_v2,437.5,-3.0742343970812245
VisualCogA_Task-1,left,F3,revision_v2,445.3125,-3.032943330365417
VisualCogA_Task-1,left,F3,revision_v2,453.125,-2.9918728988795893
VisualCogA_Task-1,left,F3,revision_v2,460.9375,-2.9519491063006145
VisualCogA_Task-1,left,F3,revision_v2,468.75,-2.912127672237074
VisualCogA_Task-1,left,F3,revision_v2,476.5625,-2.873373189199505
VisualCogA_Task-1,left,F3,revision_v2,484.375,-2.834624554802933
VisualCogA_Task-1,left,F3,revision_v2,492.1875,-2.7968818806103783
VisualCogA_Task-1,left,F3,revision_v2,500.0,-2.7590648077092217
VisualCogA_Task-1,left,F3,revision_v2,507.8125,-2.7222057269932014
VisualCogA_Task-1,left,F3,revision_v2,515.625,-2.6852025509595494
VisualCogA_Task-1,left,F3,revision_v2,523.4375,-2.649118115876375
VisualCogA_Task-1,left,F3,revision_v2,531.25,-2.6128285243855793
VisualCogA_Task-1,left,F3,revision_v2,539.0625,-2.5774268236988034
VisualCogA_Task-1,left,F3,revision_v2,546.875,-2.5417669437843022
VisualCogA_Task-1,left,F3,revision_v2,554.6875,-2.506970307966773
VisualCogA_Task-1,left,F3,revision_v2,562.5,-2.4718669715489483
VisualCogA_Task-1,left,F3,revision_v2,570.3125,-2.437606258248727
VisualCogA_Task-1,left,F3,revision_v2,578.125,-2.4029973055265046
VisualCogA_Task-1,left,F3,revision_v2,585.9375,-2.3692203699048404
VisualCogA_Task-1,left,F3,revision_v2,593.75,-2.3350614678170105
VisualCogA_Task-1,left,F3,revision_v2,601.5625,-2.3017208633269983
VisualCogA_Task-1,left,F3,revision_v2,609.375,-2.267952265372422
VisualCogA_Task-1,left,F3,revision_v2,617.1875,-2.2349873563167177
VisualCogA_Task-1,left,F3,revision_v2,625.0,-2.2015849608178097
VisualCogA_Task-1,left,F3,revision_v2,632.8125,-2.1690320422060863
VisualCogA_Task-1,left,F3,revision_v2,640.625,-2.136038514355633
VisualCogA_Task-1,left,F3,revision_v2,648.4375,-2.1038158409519685
VisualCogA_Task-1,left,F3,revision_v2,656.25,-2.0709722893093456
VisualCogA_Task-1,left,F3,revision_v2,664.0625,-2.038876362126747
VisualCogA_Task-1,left,F3,revision_v2,671.875,-2.0064767132106622
VisualCogA_Task-1,left,F3,revision_v2,679.6875,-1.975360601781802
VisualCogA_Task-1,left,F3,revision_v2,687.5,-1.943868651358891
VisualCogA_Task-1,left,F3,revision_v2,695.3125,-1.9123617468342264
VisualCogA_Task-1,left,F3,revision_v2,703.125,-1.8788080322191656
VisualCogA_Task-1,left,F3,revision_v2,710.9375,-1.84604451873852
VisualCogA_Task-1,left,F3,revision_v2,718.75,-1.8161948285102556
VisualCogA_Task-1,left,F3,revision_v2,726.5625,-1.7921270866224175
VisualCogA_Task-1,left,F3,revision_v2,734.375,-1.7661856686752597
VisualCogA_Task-1,left,F3,revision_v2,742.1875,-1.727902513234723
VisualCogA_Task-1,left,F3,revision_v2,750.0,-1.6741538006665768
VisualCogA_Task-1,left,F3,revision_v2,757.8125,-1.6320815799530661
VisualCogA_Task-1,left,F3,revision_v2,765.625,-1.639224860099308
VisualCogA_Task-1,left,F3,revision_v2,773.4375,-1.6887755193746221
VisualCogA_Task-1,left,F3,revision_v2,781.25,-1.6683176680214622
VisualCogA_Task-1,left,F3,revision_v2,789.0625,-1.418771496447929
VisualCogA_Task-1,left,F3,revision_v2,796.875,-0.9055950573712779
VisualCogA_Task-1,left,F3,revision_v3,0.0,0.055256450390418266
VisualCogA_Task-1,left,F3,revision_v3,7.8125,-0.20257956476589278
VisualCogA_Task-1,left,F3,revision_v3,15.625,-2.034513053713754
VisualCogA_Task-1,left,F3,revision_v3,23.4375,-5.603017821658186
VisualCogA_Task-1,left,F3,revision_v3,31.25,-9.59824044876488
VisualCogA_Task-1,left,F3,revision_v3,39.0625,-11.8720674085252
VisualCogA_Task-1,left,F3,revision_v3,46.875,-10.994027424056718
VisualCogA_Task-1,left,F3,revision_v3,54.6875,-7.27341841183069
VisualCogA_Task-1,left,F3,revision_v3,62.5,-2.3770226317281598
VisualCogA_Task-1,left,F3,revision_v3,70.3125,1.9275972720501642
VisualCogA_Task-1,left,F3,revision_v3,78.125,4.7085239928854365
VisualCogA_Task-1,left,F3,revision_v3,85.9375,5.958412626611086
VisualCogA_Task-1,left,F3,revision_v3,93.75,6.128446135218844
VisualCogA_Task-1,left,F3,revision_v3,101.5625,5.691857004256408
VisualCogA_Task-1,left,F3,revision_v3,109.375,4.963886854646372
VisualCogA_Task-1,left,F3,revision_v3,117.1875,4.138534681648985
VisualCogA_Task-1,left,F3,revision_v3,125.0,3.344390380869082
VisualCogA_Task-1,left,F3,revision_v3,132.8125,2.6793387485620475
VisualCogA_Task-1,left,F3,revision_v3,140.625,2.194124152510387
VisualCogA_Task-1,left,F3,revision_v3,148.4375,1.9013383940230177
VisualCogA_Task-1,left,F3,revision_v3,156.25,1.775822304734393
VisualCogA_Task-1,left,F3,revision_v3,164.0625,1.7880375972173956
VisualCogA_Task-1,left,F3,revision_v3,171.875,1.9077292453755366
VisualCogA_Task-1,left,F3,revision_v3,179.6875,2.122400896022066
VisualCogA_Task-1,left,F3,revision_v3,187.5,2.410246204260713
VisualCogA_Task-1,left,F3,revision_v3,195.3125,2.7360576406678687
VisualCogA_Task-1,left,F3,revision_v3,203.125,3.0374012682027143
VisualCogA_Task-1,left,F3,revision_v3,210.9375,3.2871909141344346
VisualCogA_Task-1,left,F3,revision_v3,218.75,3.53823593807806
VisualCogA_Task-1,left,F3,revision_v3,226.5625,3.9390919441584957
VisualCogA_Task-1,left,F3,revision_v3,234.375,4.6158162504088605
VisualCogA_Task-1,left,F3,revision_v3,242.1875,5.573239759854408
VisualCogA_Task-1,left,F3,revision_v3,250.0,6.651787765162435
VisualCogA_Task-1,left,F3,revision_v3,257.8125,7.634127860751204
VisualCogA_Task-1,left,F3,revision_v3,265.625,8.341010196361937
VisualCogA_Task-1,left,F3,revision_v3,273.4375,8.71143001480192
VisualCogA_Task-1,left,F3,revision_v3,281.25,8.76486121523703
VisualCogA_Task-1,left,F3,revision_v3,289.0625,8.573572528034813
VisualCogA_Task-1,left,F3,revision_v3,296.875,8.201556540879107
VisualCogA_Task-1,left,F3,revision_v3,304.6875,7.714890834831249
VisualCogA_Task-1,left,F3,revision_v3,312.5,7.160215963859511
VisualCogA_Task-1,left,F3,revision_v3,320.3125,6.592929364360375
VisualCogA_Task-1,left,F3,revision_v3,328.125,6.052983599912141
VisualCogA_Task-1,left,F3,revision_v3,335.9375,5.589109702304577
VisualCogA_Task-1,left,F3,revision_v3,343.75,5.232409634231175
VisualCogA_Task-1,left,F3,revision_v3,351.5625,5.0230733117410455
VisualCogA_Task-1,left,F3,revision_v3,359.375,4.983814383289179
VisualCogA_Task-1,left,F3,revision_v3,367.1875,5.146829175205689
VisualCogA_Task-1,left,F3,revision_v3,375.0,5.524736362582752
VisualCogA_Task-1,left,F3,revision_v3,382.8125,6.137646494336113
VisualCogA_Task-1,left,F3,revision_v3,390.625,6.98336378175902
VisualCogA_Task-1,left,F3,revision_v3,398.4375,8.066623587104404
VisualCogA_Task-1,left,F3,revision_v3,406.25,9.369678413125921
VisualCogA_Task-1,left,F3,revision_v3,414.0625,10.883550496734403
VisualCogA_Task-1,left,F3,revision_v3,421.875,12.578298090032366
VisualCogA_Task-1,left,F3,revision_v3,429.6875,14.435753649592174
VisualCogA_Task-1,left,F3,revision_v3,437.5,16.419275443613927
VisualCogA_Task-1,left,F3,revision_v3,445.3125,18.50764511461211
VisualCogA_Task-1,left,F3,revision_v3,453.125,20.66361522193848
VisualCogA_Task-1,left,F3,revision_v3,460.9375,22.868176472547013
VisualCogA_Task-1,left,F3,revision_v3,468.75,25.08754199320273
VisualCogA_Task-1,left,F3,revision_v3,476.5625,27.307852224388785
VisualCogA_Task-1,left,F3,revision_v3,484.375,29.500784990396763
VisualCogA_Task-1,left,F3,revision_v3,492.1875,31.65876545779121
VisualCogA_Task-1,left,F3,revision_v3,500.0,33.759284553634856
VisualCogA_Task-1,left,F3,revision_v3,507.8125,35.80079176921679
VisualCogA_Task-1,left,F3,revision_v3,515.625,37.76593403497559
VisualCogA_Task-1,left,F3,revision_v3,523.4375,39.65821538142704
VisualCogA_Task-1,left,F3,revision_v3,531.25,41.46421171321093
VisualCogA_Task-1,left,F3,revision_v3,539.0625,43.19113954721209
VisualCogA_Task-1,left,F3,revision_v3,546.875,44.82826311304629
VisualCogA_Task-1,left,F3,revision_v3,554.6875,46.38544778393003
VisualCogA_Task-1,left,F3,revision_v3,562.5,47.85366156939271
VisualCogA_Task-1,left,F3,revision_v3,570.3125,49.24441648670587
VisualCogA_Task-1,left,F3,revision_v3,578.125,50.549470593208056
VisualCogA_Task-1,left,F3,revision_v3,585.9375,51.78128514498091
VisualCogA_Task-1,left,F3,revision_v3,593.75,52.93180573123192
VisualCogA_Task-1,left,F3,revision_v3,601.5625,54.013673998491726
VisualCogA_Task-1,left,F3,revision_v3,609.375,55.01825752551893
VisualCogA_Task-1,left,F3,revision_v3,617.1875,55.95838624892842
VisualCogA_Task-1,left,F3,revision_v3,625.0,56.8260142330479
VisualCogA_Task-1,left,F3,revision_v3,632.8125,57.63503176534408
VisualCogA_Task-1,left,F3,revision_v3,640.625,58.37581086874259
VisualCogA_Task-1,left,F3,revision_v3,648.4375,59.05793687139145
VisualCogA_Task-1,left,F3,revision_v3,656.25,59.66786765882
VisualCogA_Task-1,left,F3,revision_v3,664.0625,60.220312808212114
VisualCogA_Task-1,left,F3,revision_v3,671.875,60.71618960675235
VisualCogA_Task-1,left,F3,revision_v3,679.6875,61.1784303642585
VisualCogA_Task-1,left,F3,revision_v3,687.5,61.583746597336116
VisualCogA_Task-1,left,F3,revision_v3,695.3125,61.90331983967927
VisualCogA_Task-1,left,F3,revision_v3,703.125,62.09819985611789
VisualCogA_Task-1,left,F3,revision_v3,710.9375,62.24014475750633
VisualCogA_Task-1,left,F3,revision_v3,718.75,62.46367193875808
VisualCogA_Task-1,left,F3,revision_v3,726.5625,62.84460761773673
VisualCogA_Task-1,left,F3,revision_v3,734.375,63.11687739265203
VisualCogA_Task-1,left,F3,revision_v3,742.1875,62.800271528600334
VisualCogA_Task-1,left,F3,revision_v3,750.0,61.80509577256559
VisualCogA_Task-1,left,F3,revision_v3,757.8125,61.19885716993505
VisualCogA_Task-1,left,F3,revision_v3,765.625,62.59296498230118
VisualCogA_Task-1,left,F3,revision_v3,773.4375,65.69244435067807
VisualCogA_Task-1,left,F3,revision_v3,781.25,65.92165817220221
VisualCogA_Task-1,left,F3,revision_v3,789.0625,56.60151656843311
VisualCogA_Task-1,left,F3,revision_v3,796.875,36.204676408162165
VisualCogA_Task-1,left,Fz,measured,0.0,0.26018332207544037
VisualCogA_Task-1,left,Fz,measured,7.8125,0.9068273814830486
VisualCogA_Task-1,left,Fz,measured,15.625,1.683121560806766
VisualCogA_Task-1,left,Fz,measured,23.4375,2.3703419308433022
VisualCogA_Task-1,left,Fz,measured,31.25,2.5525859865874625
VisualCogA_Task-1,left,Fz,measured,39.0625,2.0460572067843823
VisualCogA_Task-1,left,Fz,measured,46.875,1.1367994153787733
VisualCogA_Task-1,left,Fz,measured,54.6875,0.4146560037410398
VisualCogA_Task-1,left,Fz,measured,62.5,0.291877359045635
VisualCogA_Task-1,left,Fz,measured,70.3125,0.6585944165675969
VisualCogA_Task-1,left,Fz,measured,78.125,1.0589028268095206
VisualCogA_Task-1,left,Fz,measured,85.9375,1.1771023309018058
VisualCogA_Task-1,left,Fz,measured,93.75,1.0036142345373122
VisualCogA_Task-1,left,Fz,measured,101.5625,0.6562338834062365
VisualCogA_Task-1,left,Fz,measured,109.375,0.19836888384031645
VisualCogA_Task-1,left,Fz,measured,117.1875,-0.25583057364073736
VisualCogA_Task-1,left,Fz,measured,125.0,-0.39503424526221553
VisualCogA_Task-1,left,Fz,measured,132.8125,0.12337077083956208
VisualCogA_Task-1,left,Fz,measured,140.625,1.2661565222014688
VisualCogA_Task-1,left,Fz,measured,148.4375,2.492160296945499
VisualCogA_Task-1,left,Fz,measured,156.25,3.1154688639812536
VisualCogA_Task-1,left,Fz,measured,164.0625,2.968528384581422
VisualCogA_Task-1,left,Fz,measured,171.875,2.521955801637578
VisualCogA_Task-1,left,Fz,measured,179.6875,2.380177178294379
VisualCogA_Task-1,left,Fz,measured,187.5,2.7345002257723716
VisualCogA_Task-1,left,Fz,measured,195.3125,3.2984847489635216
VisualCogA_Task-1,left,Fz,measured,203.125,3.667950099452516
VisualCogA_Task-1,left,Fz,measured,210.9375,3.7987574711511503
VisualCogA_Task-1,left,Fz,measured,218.75,4.007258373958401
VisualCogA_Task-1,left,Fz,measured,226.5625,4.518268703548993
VisualCogA_Task-1,left,Fz,measured,234.375,5.105853663753343
VisualCogA_Task-1,left,Fz,measured,242.1875,5.428144329198878
VisualCogA_Task-1,left,Fz,measured,250.0,5.4467078186647715
VisualCogA_Task-1,left,Fz,measured,257.8125,5.44980843138321
VisualCogA_Task-1,left,Fz,measured,265.625,5.761217523613388
VisualCogA_Task-1,left,Fz,measured,273.4375,6.486086277417434
VisualCogA_Task-1,left,Fz,measured,281.25,7.3782957950297545
VisualCogA_Task-1,left,Fz,measured,289.0625,8.05581121457241
VisualCogA_Task-1,left,Fz,measured,296.875,8.26975311759569
VisualCogA_Task-1,left,Fz,measured,304.6875,8.150249298227905
VisualCogA_Task-1,left,Fz,measured,312.5,8.168435496104378
VisualCogA_Task-1,left,Fz,measured,320.3125,8.682167422211263
VisualCogA_Task-1,left,Fz,measured,328.125,9.366760487899459
VisualCogA_Task-1,left,Fz,measured,335.9375,9.499561991740716
VisualCogA_Task-1,left,Fz,measured,343.75,8.773648776949624
VisualCogA_Task-1,left,Fz,measured,351.5625,7.583476330424673
VisualCogA_Task-1,left,Fz,measured,359.375,6.550008963547729
VisualCogA_Task-1,left,Fz,measured,367.1875,6.146635458175318
VisualCogA_Task-1,left,Fz,measured,375.0,6.469586117956737
VisualCogA_Task-1,left,Fz,measured,382.8125,7.162944498860998
VisualCogA_Task-1,left,Fz,measured,390.625,7.537704784864047
VisualCogA_Task-1,left,Fz,measured,398.4375,7.157854677827371
VisualCogA_Task-1,left,Fz,measured,406.25,6.21456089525391
VisualCogA_Task-1,left,Fz,measured,414.0625,5.216125424996692
VisualCogA_Task-1,left,Fz,measured,421.875,4.384865624541633
VisualCogA_Task-1,left,Fz,measured,429.6875,3.636608231232412
VisualCogA_Task-1,left,Fz,measured,437.5,2.891113990013383
VisualCogA_Task-1,left,Fz,measured,445.3125,2.261868794971295
VisualCogA_Task-1,left,Fz,measured,453.125,1.964620021726831
VisualCogA_Task-1,left,Fz,measured,460.9375,2.2229322178950546
VisualCogA_Task-1,left,Fz,measured,468.75,2.98027015496988
VisualCogA_Task-1,left,Fz,measured,476.5625,3.912621893886262
VisualCogA_Task-1,left,Fz,measured,484.375,4.648850697156108
VisualCogA_Task-1,left,Fz,measured,492.1875,4.9940828122634295
VisualCogA_Task-1,left,Fz,measured,500.0,4.9458313413608925
VisualCogA_Task-1,left,Fz,measured,507.8125,4.692117718605719
VisualCogA_Task-1,left,Fz,measured,515.625,4.386660669145921
VisualCogA_Task-1,left,Fz,measured,523.4375,4.172025448502411
VisualCogA_Task-1,left,Fz,measured,531.25,4.241382596011684
VisualCogA_Task-1,left,Fz,measured,539.0625,4.639220004749488
VisualCogA_Task-1,left,Fz,measured,546.875,4.987037442300833
VisualCogA_Task-1,left,Fz,measured,554.6875,5.006076911565135
VisualCogA_Task-1,left,Fz,measured,562.5,5.027930325485107
VisualCogA_Task-1,left,Fz,measured,570.3125,5.5483101244082835
VisualCogA_Task-1,left,Fz,measured,578.125,6.353414189225112
VisualCogA_Task-1,left,Fz,measured,585.9375,6.703784815443596
VisualCogA_Task-1,left,Fz,measured,593.75,6.277683476629189
VisualCogA_Task-1,left,Fz,measured,601.5625,5.654316993659951
VisualCogA_Task-1,left,Fz,measured,609.375,5.575037196658407
VisualCogA_Task-1,left,Fz,measured,617.1875,6.141142021301139
VisualCogA_Task-1,left,Fz,measured,625.0,6.74290618277791
VisualCogA_Task-1,left,Fz,measured,632.8125,6.802440084527179
VisualCogA_Task-1,left,Fz,measured,640.625,6.3128311636438585
VisualCogA_Task-1,left,Fz,measured,648.4375,5.728181814857009
VisualCogA_Task-1,left,Fz,measured,656.25,5.326260680758494
VisualCogA_Task-1,left,Fz,measured,664.0625,5.094051973002852
VisualCogA_Task-1,left,Fz,measured,671.875,5.0043863745208705
VisualCogA_Task-1,left,Fz,measured,679.6875,5.076824610340467
VisualCogA_Task-1,left,Fz,measured,687.5,5.142292428669206
VisualCogA_Task-1,left,Fz,measured,695.3125,5.173803795675388
VisualCogA_Task-1,left,Fz,measured,703.125,5.535111037303359
VisualCogA_Task-1,left,Fz,measured,710.9375,6.6988034905423754
VisualCogA_Task-1,left,Fz,measured,718.75,8.592172708214788
VisualCogA_Task-1,left,Fz,measured,726.5625,10.473730961122419
VisualCogA_Task-1,left,Fz,measured,734.375,11.432937446181935
VisualCogA_Task-1,left,Fz,measured,742.1875,11.353396153385997
VisualCogA_Task-1,left,Fz,measured,750.0,11.098610750073966
VisualCogA_Task-1,left,Fz,measured,757.8125,11.627495534670903
VisualCogA_Task-1,left,Fz,measured,765.625,12.852726609147398
VisualCogA_Task-1,left,Fz,measured,773.4375,13.766689725993235
VisualCogA_Task-1,left,Fz,measured,781.25,13.502211380937876
VisualCogA_Task-1,left,Fz,measured,789.0625,12.201048573029707
VisualCogA_Task-1,left,Fz,measured,796.875,10.701884487475947
VisualCogA_Task-1,left,Fz,revision,0.0,-0.1628613995404855
VisualCogA_Task-1,left,Fz,revision,7.8125,-0.22307270063896478
VisualCogA_Task-1,left,Fz,revision,15.625,-0.06635216903015095
VisualCogA_Task-1,left,Fz,revision,23.4375,0.6134931610219936
VisualCogA_Task-1,left,Fz,revision,31.25,2.031950897446892
VisualCogA_Task-1,left,Fz,revision,39.0625,4.157833044510855
VisualCogA_Task-1,left,Fz,revision,46.875,6.721135086121974
VisualCogA_Task-1,left,Fz,revision,54.6875,9.368212622205682
VisualCogA_Task-1,left,Fz,revision,62.5,11.816649029366594
VisualCogA_Task-1,left,Fz,revision,70.3125,13.923175295437566
VisualCogA_Task-1,left,Fz,revision,78.125,15.656789532636907
VisualCogA_Task-1,left,Fz,revision,85.9375,17.049761143869436
VisualCogA_Task-1,left,Fz,revision,93.75,18.15276950290095
VisualCogA_Task-1,left,Fz,revision,101.5625,19.021626996213424
VisualCogA_Task-1,left,Fz,revision,109.375,19.705034707541586
VisualCogA_Task-1,left,Fz,revision,117.1875,20.24733242586335
VisualCogA_Task-1,left,Fz,revision,125.0,20.679978907407513
VisualCogA_Task-1,left,Fz,revision,132.8125,21.028980188461443
VisualCogA_Task-1,left,Fz,revision,140.625,21.30956236014505
VisualCogA_Task-1,left,Fz,revision,148.4375,21.535583891428946
VisualCogA_Task-1,left,Fz,revision,156.25,21.71106457238216
VisualCogA_Task-1,left,Fz,revision,164.0625,21.839610087203525
VisualCogA_Task-1,left,Fz,revision,171.875,21.92036723028772
VisualCogA_Task-1,left,Fz,revision,179.6875,21.96565397745936
VisualCogA_Task-1,left,Fz,revision,187.5,21.991091327081733
VisualCogA_Task-1,left,Fz,revision,195.3125,22.007562900331944
VisualCogA_Task-1,left,Fz,revision,203.125,21.982701105207806
VisualCogA_Task-1,left,Fz,revision,210.9375,21.851600522589038
VisualCogA_Task-1,left,Fz,revision,218.75,21.55866393827686
VisualCogA_Task-1,left,Fz,revision,226.5625,21.140550689691636
VisualCogA_Task-1,left,Fz,revision,234.375,20.719310685482732
VisualCogA_Task-1,left,Fz,revision,242.1875,20.4332271564555
VisualCogA_Task-1,left,Fz,revision,250.0,20.3339232398218
VisualCogA_Task-1,left,Fz,revision,257.8125,20.38364644969913
VisualCogA_Task-1,left,Fz,revision,265.625,20.491501053463065
VisualCogA_Task-1,left,Fz,revision,273.4375,20.58467183740218
VisualCogA_Task-1,left,Fz,revision,281.25,20.61771009148319
VisualCogA_Task-1,left,Fz,revision,289.0625,20.58192307341749
VisualCogA_Task-1,left,Fz,revision,296.875,20.475327120900154
VisualCogA_Task-1,left,Fz,revision,304.6875,20.309045981898393
VisualCogA_Task-1,left,Fz,revision,312.5,20.087883817653115
VisualCogA_Task-1,left,Fz,revision,320.3125,19.826058267831627
VisualCogA_Task-1,left,Fz,revision,328.125,19.529116155623242
VisualCogA_Task-1,left,Fz,revision,335.9375,19.20997971562909
VisualCogA_Task-1,left,Fz,revision,343.75,18.870644076183353
VisualCogA_Task-1,left,Fz,revision,351.5625,18.520408359020237
VisualCogA_Task-1,left,Fz,revision,359.375,18.158059540766047
VisualCogA_Task-1,left,Fz,revision,367.1875,17.79107641365346
VisualCogA_Task-1,left,Fz,revision,375.0,17.4168068007765
VisualCogA_Task-1,left,Fz,revision,382.8125,17.041993798144144
VisualCogA_Task-1,left,Fz,revision,390.625,16.663100638233605
VisualCogA_Task-1,left,Fz,revision,398.4375,16.286486229202655
VisualCogA_Task-1,left,Fz,revision,406.25,15.908049479584747
VisualCogA_Task-1,left,Fz,revision,414.0625,15.53403502708608
VisualCogA_Task-1,left,Fz,revision,421.875,15.159957399088487
VisualCogA_Task-1,left,Fz,revision,429.6875,14.792026315453136
VisualCogA_Task-1,left,Fz,revision,437.5,14.425402579665388
VisualCogA_Task-1,left,Fz,revision,445.3125,14.066283689168284
VisualCogA_Task-1,left,Fz,revision,453.125,13.709517381905709
VisualCogA_Task-1,left,Fz,revision,460.9375,13.36132606952144
VisualCogA_Task-1,left,Fz,revision,468.75,13.016268132542432
VisualCogA_Task-1,left,Fz,revision,476.5625,12.6805974069669
VisualCogA_Task-1,left,Fz,revision,484.375,12.348597937106442
VisualCogA_Task-1,left,Fz,revision,492.1875,12.026580552386736
VisualCogA_Task-1,left,Fz,revision,500.0,11.708586293718366
VisualCogA_Task-1,left,Fz,revision,507.8125,11.400996967584991
VisualCogA_Task-1,left,Fz,revision,515.625,11.097614528338976
VisualCogA_Task-1,left,Fz,revision,523.4375,10.804897329018178
VisualCogA_Task-1,left,Fz,revision,531.25,10.516433229025981
VisualCogA_Task-1,left,Fz,revision,539.0625,10.238783640054676
VisualCogA_Task-1,left,Fz,revision,546.875,9.96533561618648
VisualCogA_Task-1,left,Fz,revision,554.6875,9.70274607457106
VisualCogA_Task-1,left,Fz,revision,562.5,9.444198956228
VisualCogA_Task-1,left,Fz,revision,570.3125,9.196463126998143
VisualCogA_Task-1,left,Fz,revision,578.125,8.952554963689273
VisualCogA_Task-1,left,Fz,revision,585.9375,8.719378821834137
VisualCogA_Task-1,left,Fz,revision,593.75,8.48977648558338
VisualCogA_Task-1,left,Fz,revision,601.5625,8.27074976708727
VisualCogA_Task-1,left,Fz,revision,609.375,8.05494515436708
VisualCogA_Task-1,left,Fz,revision,617.1875,7.849512573798081
VisualCogA_Task-1,left,Fz,revision,625.0,7.647029582692195
VisualCogA_Task-1,left,Fz,revision,632.8125,7.454864171345031
VisualCogA_Task-1,left,Fz,revision,640.625,7.265355181385161
VisualCogA_Task-1,left,Fz,revision,648.4375,7.085699075371697
VisualCogA_Task-1,left,Fz,revision,656.25,6.907855106170039
VisualCogA_Task-1,left,Fz,revision,664.0625,6.739550836090435
VisualCogA_Task-1,left,Fz,revision,671.875,6.57367145319682
VisualCogA_Task-1,left,Fz,revision,679.6875,6.418647874337206
VisualCogA_Task-1,left,Fz,revision,687.5,6.265501211236396
VisualCogA_Task-1,left,Fz,revision,695.3125,6.1191348542696335
VisualCogA_Task-1,left,Fz,revision,703.125,5.969417854187727
VisualCogA_Task-1,left,Fz,revision,710.9375,5.8285895726560195
VisualCogA_Task-1,left,Fz,revision,718.75,5.698613887880736
VisualCogA_Task-1,left,Fz,revision,726.5625,5.591850422884198
VisualCogA_Task-1,left,Fz,revision,734.375,5.48151217509461
VisualCogA_Task-1,left,Fz,revision,742.1875,5.341002911310056
VisualCogA_Task-1,left,Fz,revision,750.0,5.156875216431191
VisualCogA_Task-1,left,Fz,revision,757.8125,5.012861606987823
VisualCogA_Task-1,left,Fz,revision,765.625,5.014376840406633
VisualCogA_Task-1,left,Fz,revision,773.4375,5.145317365561658
VisualCogA_Task-1,left,Fz,revision,781.25,5.071577025260969
VisualCogA_Task-1,left,Fz,revision,789.0625,4.331908709903454
VisualCogA_Task-1,left,Fz,revision,796.875,2.822005144090056
VisualCogA_Task-1,left,Fz,revision_v2,0.0,0.00012923342614600046
VisualCogA_Task-1,left,Fz,revision_v2,7.8125,0.00062436797063855
VisualCogA_Task-1,left,Fz,revision_v2,15.625,-0.00030667308662849234
VisualCogA_Task-1,left,Fz,revision_v2,23.4375,-0.004703836097957665
VisualCogA_Task-1,left,Fz,revision_v2,31.25,-0.013557190479701414
VisualCogA_Task-1,left,Fz,revision_v2,39.0625,-0.025524461406087995
VisualCogA_Task-1,left,Fz,revision_v2,46.875,-0.037351712043630976
VisualCogA_Task-1,left,Fz,revision_v2,54.6875,-0.045795179622916495
VisualCogA_Task-1,left,Fz,revision_v2,62.5,-0.04939966550691194
VisualCogA_Task-1,left,Fz,revision_v2,70.3125,-0.04879996917707735
VisualCogA_Task-1,left,Fz,revision_v2,78.125,-0.045708464331796865
VisualCogA_Task-1,left,Fz,revision_v2,85.9375,-0.041714488727736525
VisualCogA_Task-1,left,Fz,revision_v2,93.75,-0.03772131839025833
VisualCogA_Task-1,left,Fz,revision_v2,101.5625,-0.034040512672801
VisualCogA_Task-1,left,Fz,revision_v2,109.375,-0.030713269647349568
VisualCogA_Task-1,left,Fz,revision_v2,117.1875,-0.027729386226941852
VisualCogA_Task-1,left,Fz,revision_v2,125.0,-0.025081275424506857
VisualCogA_Task-1,left,Fz,revision_v2,132.8125,-0.022748956143517192
VisualCogA_Task-1,left,Fz,revision_v2,140.625,-0.02068708809506378
VisualCogA_Task-1,left,Fz,revision_v2,148.4375,-0.018835005625606686
VisualCogA_Task-1,left,Fz,revision_v2,156.25,-0.017134755321629024
VisualCogA_Task-1,left,Fz,revision_v2,164.0625,-0.015559052920036405
VisualCogA_Task-1,left,Fz,revision_v2,171.875,-0.014128499211906658
VisualCogA_Task-1,left,Fz,revision_v2,179.6875,-0.012888108957294517
VisualCogA_Task-1,left,Fz,revision_v2,187.5,-0.011817985447026405
VisualCogA_Task-1,left,Fz,revision_v2,195.3125,-0.010763175342301898
VisualCogA_Task-1,left,Fz,revision_v2,203.125,-0.009534961006142137
VisualCogA_Task-1,left,Fz,revision_v2,210.9375,-0.008240754381086674
VisualCogA_Task-1,left,Fz,revision_v2,218.75,-0.007549569174431193
VisualCogA_Task-1,left,Fz,revision_v2,226.5625,-0.008436095848392075
VisualCogA_Task-1,left,Fz,revision_v2,234.375,-0.011361814666870688
VisualCogA_Task-1,left,Fz,revision_v2,242.1875,-0.015607139037060614
VisualCogA_Task-1,left,Fz,revision_v2,250.0,-0.01949508259895596
VisualCogA_Task-1,left,Fz,revision_v2,257.8125,-0.02140979176107694
VisualCogA_Task-1,left,Fz,revision_v2,265.625,-0.020716705658631
VisualCogA_Task-1,left,Fz,revision_v2,273.4375,-0.017886518623284116
VisualCogA_Task-1,left,Fz,revision_v2,281.25,-0.01392128412850159
VisualCogA_Task-1,left,Fz,revision_v2,289.0625,-0.009709785265044048
VisualCogA_Task-1,left,Fz,revision_v2,296.875,-0.005739062226821411
VisualCogA_Task-1,left,Fz,revision_v2,304.6875,-0.002166402077886767
VisualCogA_Task-1,left,Fz,revision_v2,312.5,0.0009999579899517912
VisualCogA_Task-1,left,Fz,revision_v2,320.3125,0.0037787178098231287
VisualCogA_Task-1,left,Fz,revision_v2,328.125,0.006190753440217499
VisualCogA_Task-1,left,Fz,revision_v2,335.9375,0.008264668446366176
VisualCogA_Task-1,left,Fz,revision_v2,343.75,0.010042492149589658
VisualCogA_Task-1,left,Fz,revision_v2,351.5625,0.011566457762434082
VisualCogA_Task-1,left,Fz,revision_v2,359.375,0.012872946517456034
VisualCogA_Task-1,left,Fz,revision_v2,367.1875,0.013986976952819329
VisualCogA_Task-1,left,Fz,revision_v2,375.0,0.01492934762715666
VisualCogA_Task-1,left,Fz,revision_v2,382.8125,0.015716585618773014
VisualCogA_Task-1,left,Fz,revision_v2,390.625,0.016366059610500926
VisualCogA_Task-1,left,Fz,revision_v2,398.4375,0.016891824131217568
VisualCogA_Task-1,left,Fz,revision_v2,406.25,0.017308108367998603
VisualCogA_Task-1,left,Fz,revision_v2,414.0625,0.017625487631074434
VisualCogA_Task-1,left,Fz,revision_v2,421.875,0.01785537703214175
VisualCogA_Task-1,left,Fz,revision_v2,429.6875,0.018006272925938788
VisualCogA_Task-1,left,Fz,revision_v2,437.5,0.018087990545498842
VisualCogA_Task-1,left,Fz,revision_v2,445.3125,0.018107392686947898
VisualCogA_Task-1,left,Fz,revision_v2,453.125,0.018072670552277636
VisualCogA_Task-1,left,Fz,revision_v2,460.9375,0.017989087369335972
VisualCogA_Task-1,left,Fz,revision_v2,468.75,0.017863503164067762
VisualCogA_Task-1,left,Fz,revision_v2,476.5625,0.017699989914663632
VisualCogA_Task-1,left,Fz,revision_v2,484.375,0.017504394359202275
VisualCogA_Task-1,left,Fz,revision_v2,492.1875,0.01727978230698819
VisualCogA_Task-1,left,Fz,revision_v2,500.0,0.017031131453449592
VisualCogA_Task-1,left,Fz,revision_v2,507.8125,0.01676067875112685
VisualCogA_Task-1,left,Fz,revision_v2,515.625,0.016472715563866844
VisualCogA_Task-1,left,Fz,revision_v2,523.4375,0.016168786914471888
VisualCogA_Task-1,left,Fz,revision_v2,531.25,0.01585260618315831
VisualCogA_Task-1,left,Fz,revision_v2,539.0625,0.01552517082179435
VisualCogA_Task-1,left,Fz,revision_v2,546.875,0.015189793032301918
VisualCogA_Task-1,left,Fz,revision_v2,554.6875,0.014847053790120905
VisualCogA_Task-1,left,Fz,revision_v2,562.5,0.014499901950884447
VisualCogA_Task-1,left,Fz,revision_v2,570.3125,0.014148501743278167
VisualCogA_Task-1,left,Fz,revision_v2,578.125,0.013795483877289197
VisualCogA_Task-1,left,Fz,revision_v2,585.9375,0.013440698979515558
VisualCogA_Task-1,left,Fz,revision_v2,593.75,0.013086550901279567
VisualCogA_Task-1,left,Fz,revision_v2,601.5625,0.012732605373934239
VisualCogA_Task-1,left,Fz,revision_v2,609.375,0.012381045731293214
VisualCogA_Task-1,left,Fz,revision_v2,617.1875,0.012031233977818703
VisualCogA_Task-1,left,Fz,revision_v2,625.0,0.011685305171373658
VisualCogA_Task-1,left,Fz,revision_v2,632.8125,0.011342526139912018
VisualCogA_Task-1,left,Fz,revision_v2,640.625,0.011004790439102415
VisualCogA_Task-1,left,Fz,revision_v2,648.4375,0.010670800617909438
VisualCogA_Task-1,left,Fz,revision_v2,656.25,0.01034205579470645
VisualCogA_Task-1,left,Fz,revision_v2,664.0625,0.010017650362877446
VisualCogA_Task-1,left,Fz,revision_v2,671.875,0.009700440954683037
VisualCogA_Task-1,left,Fz,revision_v2,679.6875,0.009390142446489159
VisualCogA_Task-1,left,Fz,revision_v2,687.5,0.009087209904200423
VisualCogA_Task-1,left,Fz,revision_v2,695.3125,0.008786317814276965
VisualCogA_Task-1,left,Fz,revision_v2,703.125,0.00848657458510439
VisualCogA_Task-1,left,Fz,revision_v2,710.9375,0.008192331590520137
VisualCogA_Task-1,left,Fz,revision_v2,718.75,0.00791909905375588
VisualCogA_Task-1,left,Fz,revision_v2,726.5625,0.007670887535630611
VisualCogA_Task-1,left,Fz,revision_v2,734.375,0.00742442706280058
VisualCogA_Task-1,left,Fz,revision_v2,742.1875,0.007131259937030958
VisualCogA_Task-1,left,Fz,revision_v2,750.0,0.006787123302478793
VisualCogA_Task-1,left,Fz,revision_v2,757.8125,0.006492495916129986
VisualCogA_Task-1,left,Fz,revision_v2,765.625,0.006402131754570481
VisualCogA_Task-1,left,Fz,revision_v2,773.4375,0.006478697721852313
VisualCogA_Task-1,left,Fz,revision_v2,781.25,0.00628386606555731
VisualCogA_Task-1,left,Fz,revision_v2,789.0625,0.005186405201860359
VisualCogA_Task-1,left,Fz,revision_v2,796.875,0.0030703229093541787
VisualCogA_Task-1,left,Fz,revision_v3,0.0,0.17732647436671733
VisualCogA_Task-1,left,Fz,revision_v3,7.8125,-0.1341490617162373
VisualCogA_Task-1,left,Fz,revision_v3,15.625,-2.1068337525806653
VisualCogA_Task-1,left,Fz,revision_v3,23.4375,-5.9436448490405835
VisualCogA_Task-1,left,Fz,revision_v3,31.25,-10.453480930554939
VisualCogA_Task-1,left,Fz,revision_v3,39.0625,-13.682982860674418
VisualCogA_Task-1,left,Fz,revision_v3,46.875,-14.261243651711993
VisualCogA_Task-1,left,Fz,revision_v3,54.6875,-12.165651833576128
VisualCogA_Task-1,left,Fz,revision_v3,62.5,-8.399725998036583
VisualCogA_Task-1,left,Fz,revision_v3,70.3125,-4.143375954180221
VisualCogA_Task-1,left,Fz,revision_v3,78.125,-0.17713040276972247
VisualCogA_Task-1,left,Fz,revision_v3,85.9375,3.1938400945101795
VisualCogA_Task-1,left,Fz,revision_v3,93.75,5.932043403709384
VisualCogA_Task-1,left,Fz,revision_v3,101.5625,8.088578760082461
VisualCogA_Task-1,left,Fz,revision_v3,109.375,9.725789095652107
VisualCogA_Task-1,left,Fz,revision_v3,117.1875,10.92236717206739
VisualCogA_Task-1,left,Fz,revision_v3,125.0,11.766279723152334
VisualCogA_Task-1,left,Fz,revision_v3,132.8125,12.349712303727905
VisualCogA_Task-1,left,Fz,revision_v3,140.625,12.743539873570931
VisualCogA_Task-1,left,Fz,revision_v3,148.4375,13.00073837339799
VisualCogA_Task-1,left,Fz,revision_v3,156.25,13.150314950642652
VisualCogA_Task-1,left,Fz,revision_v3,164.0625,13.21851293306446
VisualCogA_Task-1,left,Fz,revision_v3,171.875,13.227260141853833
VisualCogA_Task-1,left,Fz,revision_v3,179.6875,13.207381773757817
VisualCogA_Task-1,left,Fz,revision_v3,187.5,13.17254263377885
VisualCogA_Task-1,left,Fz,revision_v3,195.3125,13.113415084843473
VisualCogA_Task-1,left,Fz,revision_v3,203.125,12.989662729239907
VisualCogA_Task-1,left,Fz,revision_v3,210.9375,12.795436554610509
VisualCogA_Task-1,left,Fz,revision_v3,218.75,12.607458108453073
VisualCogA_Task-1,left,Fz,revision_v3,226.5625,12.59078082696125
VisualCogA_Task-1,left,Fz,revision_v3,234.375,12.876377194590152
VisualCogA_Task-1,left,Fz,revision_v3,242.1875,13.469084624652893
VisualCogA_Task-1,left,Fz,revision_v3,250.0,14.226740084821731
VisualCogA_Task-1,left,Fz,revision_v3,257.8125,14.965312130676065
VisualCogA_Task-1,left,Fz,revision_v3,265.625,15.533339440839654
VisualCogA_Task-1,left,Fz,revision_v3,273.4375,15.865560411846083
VisualCogA_Task-1,left,Fz,revision_v3,281.25,15.94904089567909
VisualCogA_Task-1,left,Fz,revision_v3,289.0625,15.811250817150444
VisualCogA_Task-1,left,Fz,revision_v3,296.875,15.479931056470395
VisualCogA_Task-1,left,Fz,revision_v3,304.6875,14.995827449644551
VisualCogA_Task-1,left,Fz,revision_v3,312.5,14.391619198082953
VisualCogA_Task-1,left,Fz,revision_v3,320.3125,13.712020100881414
VisualCogA_Task-1,left,Fz,revision_v3,328.125,12.990939921761363
VisualCogA_Task-1,left,Fz,revision_v3,335.9375,12.271530743330509
VisualCogA_Task-1,left,Fz,revision_v3,343.75,11.583285905569731
VisualCogA_Task-1,left,Fz,revision_v3,351.5625,10.96414938623608
VisualCogA_Task-1,left,Fz,revision_v3,359.375,10.437094507041005
VisualCogA_Task-1,left,Fz,revision_v3,367.1875,10.03276455767735
VisualCogA_Task-1,left,Fz,revision_v3,375.0,9.764803402356112
VisualCogA_Task-1,left,Fz,revision_v3,382.8125,9.653370677595323
VisualCogA_Task-1,left,Fz,revision_v3,390.625,9.700130148341309
VisualCogA_Task-1,left,Fz,revision_v3,398.4375,9.913466409447668
VisualCogA_Task-1,left,Fz,revision_v3,406.25,10.283488598517806
VisualCogA_Task-1,left,Fz,revision_v3,414.0625,10.808677829837281
VisualCogA_Task-1,left,Fz,revision_v3,421.875,11.470384085605403
VisualCogA_Task-1,left,Fz,revision_v3,429.6875,12.26053175400203
VisualCogA_Task-1,left,Fz,revision_v3,437.5,13.155509288421138
VisualCogA_Task-1,left,Fz,revision_v3,445.3125,14.144780094322787
VisualCogA_Task-1,left,Fz,revision_v3,453.125,15.203765008896895
VisualCogA_Task-1,left,Fz,revision_v3,460.9375,16.322850941123047
VisualCogA_Task-1,left,Fz,revision_v3,468.75,17.479045173932032
VisualCogA_Task-1,left,Fz,revision_v3,476.5625,18.665479662180438
VisualCogA_Task-1,left,Fz,revision_v3,484.375,19.862039352903732
VisualCogA_Task-1,left,Fz,revision_v3,492.1875,21.0654253742635
VisualCogA_Task-1,left,Fz,revision_v3,500.0,22.258753127215307
VisualCogA_Task-1,left,Fz,revision_v3,507.8125,23.44221897046602
VisualCogA_Task-1,left,Fz,revision_v3,515.625,24.601809413207448
VisualCogA_Task-1,left,Fz,revision_v3,523.4375,25.740684607979126
VisualCogA_Task-1,left,Fz,revision_v3,531.25,26.847069088645014
VisualCogA_Task-1,left,Fz,revision_v3,539.0625,27.926398232921212
VisualCogA_Task-1,left,Fz,revision_v3,546.875,28.96846209474987
VisualCogA_Task-1,left,Fz,revision_v3,554.6875,29.980345370624605
VisualCogA_Task-1,left,Fz,revision_v3,562.5,30.952812413109438
VisualCogA_Task-1,left,Fz,revision_v3,570.3125,31.89402969018071
VisualCogA_Task-1,left,Fz,revision_v3,578.125,32.79525348380738
VisualCogA_Task-1,left,Fz,revision_v3,585.9375,33.665358281460875
VisualCogA_Task-1,left,Fz,revision_v3,593.75,34.49571165417318
VisualCogA_Task-1,left,Fz,revision_v3,601.5625,35.2953601838286
VisualCogA_Task-1,left,Fz,revision_v3,609.375,36.055267017477924
VisualCogA_Task-1,left,Fz,revision_v3,617.1875,36.78470873624491
VisualCogA_Task-1,left,Fz,revision_v3,625.0,37.475113746020945
VisualCogA_Task-1,left,Fz,revision_v3,632.8125,38.13661560084567
VisualCogA_Task-1,left,Fz,revision_v3,640.625,38.75955611550656
VisualCogA_Task-1,left,Fz,revision_v3,648.4375,39.35111167775011
VisualCogA_Task-1,left,Fz,revision_v3,656.25,39.898884192305445
VisualCogA_Task-1,left,Fz,revision_v3,664.0625,40.41376545322976
VisualCogA_Task-1,left,Fz,revision_v3,671.875,40.89361968296505
VisualCogA_Task-1,left,Fz,revision_v3,679.6875,41.35526532640448
VisualCogA_Task-1,left,Fz,revision_v3,687.5,41.77950519952972
VisualCogA_Task-1,left,Fz,revision_v3,695.3125,42.146639076619365
VisualCogA_Task-1,left,Fz,revision_v3,703.125,42.42634391170765
VisualCogA_Task-1,left,Fz,revision_v3,710.9375,42.670057779692996
VisualCogA_Task-1,left,Fz,revision_v3,718.75,42.97026482504179
VisualCogA_Task-1,left,Fz,revision_v3,726.5625,43.381730196150876
VisualCogA_Task-1,left,Fz,revision_v3,734.375,43.713979531538186
VisualCogA_Task-1,left,Fz,revision_v3,742.1875,43.62828597722165
VisualCogA_Task-1,left,Fz,revision_v3,750.0,43.05782174609783
VisualCogA_Task-1,left,Fz,revision_v3,757.8125,42.75789475167119
VisualCogA_Task-1,left,Fz,revision_v3,765.625,43.86665999877053
VisualCogA_Task-1,left,Fz,revision_v3,773.4375,46.180160827049576
VisualCogA_Task-1,left,Fz,revision_v3,781.25,46.462383784974165
VisualCogA_Task-1,left,Fz,revision_v3,789.0625,39.98611187932877
VisualCogA_Task-1,left,Fz,revision_v3,796.875,25.654370038307523
VisualCogA_Task-1,left,F4,measured,0.0,-7.451343258565882
VisualCogA_Task-1,left,F4,measured,7.8125,-7.7481843493645775
VisualCogA_Task-1,left,F4,measured,15.625,-7.717394672940683
VisualCogA_Task-1,left,F4,measured,23.4375,-7.524903977165935
VisualCogA_Task-1,left,F4,measured,31.25,-7.7941172304575606
VisualCogA_Task-1,left,F4,measured,39.0625,-8.935584117048602
VisualCogA_Task-1,left,F4,measured,46.875,-10.687110623851458
VisualCogA_Task-1,left,F4,measured,54.6875,-12.376473761659941
VisualCogA_Task-1,left,F4,measured,62.5,-13.4619114274578
VisualCogA_Task-1,left,F4,measured,70.3125,-13.915737427793628
VisualCogA_Task-1,left,F4,measured,78.125,-14.02960534641473
VisualCogA_Task-1,left,F4,measured,85.9375,-14.16508916485676
VisualCogA_Task-1,left,F4,measured,93.75,-14.607437184699526
VisualCogA_Task-1,left,F4,measured,101.5625,-15.543204290993401
VisualCogA_Task-1,left,F4,measured,109.375,-16.847567376640537
VisualCogA_Task-1,left,F4,measured,117.1875,-18.11949941971082
VisualCogA_Task-1,left,F4,measured,125.0,-18.81925511801289
VisualCogA_Task-1,left,F4,measured,132.8125,-18.71834688932697
VisualCogA_Task-1,left,F4,measured,140.625,-18.03347164251139
VisualCogA_Task-1,left,F4,measured,148.4375,-17.39309303639447
VisualCogA_Task-1,left,F4,measured,156.25,-17.35896777939439
VisualCogA_Task-1,left,F4,measured,164.0625,-18.046322531417633
VisualCogA_Task-1,left,F4,measured,171.875,-18.9380752160949
VisualCogA_Task-1,left,F4,measured,179.6875,-19.443100540035235
VisualCogA_Task-1,left,F4,measured,187.5,-19.333674304720045
VisualCogA_Task-1,left,F4,measured,195.3125,-18.96456656919938
VisualCogA_Task-1,left,F4,measured,203.125,-18.74217611759009
VisualCogA_Task-1,left,F4,measured,210.9375,-18.785474336769248
VisualCogA_Task-1,left,F4,measured,218.75,-18.80915006470759
VisualCogA_Task-1,left,F4,measured,226.5625,-18.6855391669207
VisualCogA_Task-1,left,F4,measured,234.375,-18.592596882285914
VisualCogA_Task-1,left,F4,measured,242.1875,-18.856878683900945
VisualCogA_Task-1,left,F4,measured,250.0,-19.44351516293184
VisualCogA_Task-1,left,F4,measured,257.8125,-20.10690016370836
VisualCogA_Task-1,left,F4,measured,265.625,-20.414590021517682
VisualCogA_Task-1,left,F4,measured,273.4375,-20.15046372200436
VisualCogA_Task-1,left,F4,measured,281.25,-19.426457935541116
VisualCogA_Task-1,left,F4,measured,289.0625,-18.801633746916448
VisualCogA_Task-1,left,F4,measured,296.875,-18.70808262328458
VisualCogA_Task-1,left,F4,measured,304.6875,-19.138002027166138
VisualCogA_Task-1,left,F4,measured,312.5,-19.45957851052591
VisualCogA_Task-1,left,F4,measured,320.3125,-19.27091047862669
VisualCogA_Task-1,left,F4,measured,328.125,-18.857942531759072
VisualCogA_Task-1,left,F4,measured,335.9375,-19.03396592071273
VisualCogA_Task-1,left,F4,measured,343.75,-20.018897861668357
VisualCogA_Task-1,left,F4,measured,351.5625,-21.437077932439617
VisualCogA_Task-1,left,F4,measured,359.375,-22.668567790188924
VisualCogA_Task-1,left,F4,measured,367.1875,-23.413248304789644
VisualCogA_Task-1,left,F4,measured,375.0,-23.58615001921046
VisualCogA_Task-1,left,F4,measured,382.8125,-23.59032936843255
VisualCogA_Task-1,left,F4,measured,390.625,-23.923275522914604
VisualCogA_Task-1,left,F4,measured,398.4375,-24.866221697455927
VisualCogA_Task-1,left,F4,measured,406.25,-26.021621105195937
VisualCogA_Task-1,left,F4,measured,414.0625,-26.950482433810585
VisualCogA_Task-1,left,F4,measured,421.875,-27.452618188593412
VisualCogA_Task-1,left,F4,measured,429.6875,-27.885476632985227
VisualCogA_Task-1,left,F4,measured,437.5,-28.571871757623967
VisualCogA_Task-1,left,F4,measured,445.3125,-29.59467285215125
VisualCogA_Task-1,left,F4,measured,453.125,-30.44460994052973
VisualCogA_Task-1,left,F4,measured,460.9375,-30.67074035853593
VisualCogA_Task-1,left,F4,measured,468.75,-30.22281892179216
VisualCogA_Task-1,left,F4,measured,476.5625,-29.654832036907
VisualCogA_Task-1,left,F4,measured,484.375,-29.35031895708959
VisualCogA_Task-1,left,F4,measured,492.1875,-29.53958462680243
VisualCogA_Task-1,left,F4,measured,500.0,-30.103697654290134
VisualCogA_Task-1,left,F4,measured,507.8125,-30.8646139344974
VisualCogA_Task-1,left,F4,measured,515.625,-31.480324210139305
VisualCogA_Task-1,left,F4,measured,523.4375,-31.87273441077707
VisualCogA_Task-1,left,F4,measured,531.25,-31.950285107972302
VisualCogA_Task-1,left,F4,measured,539.0625,-31.975414335368768
VisualCogA_Task-1,left,F4,measured,546.875,-32.27627418549445
VisualCogA_Task-1,left,F4,measured,554.6875,-32.98116235329182
VisualCogA_Task-1,left,F4,measured,562.5,-33.358468856531346
VisualCogA_Task-1,left,F4,measured,570.3125,-32.82691766055891
VisualCogA_Task-1,left,F4,measured,578.125,-31.65207478086975
VisualCogA_Task-1,left,F4,measured,585.9375,-31.05908699944655
VisualCogA_Task-1,left,F4,measured,593.75,-31.595464502835593
VisualCogA_Task-1,left,F4,measured,601.5625,-32.64850240530276
VisualCogA_Task-1,left,F4,measured,609.375,-32.975399202651104
VisualCogA_Task-1,left,F4,measured,617.1875,-32.36058992745115
VisualCogA_Task-1,left,F4,measured,625.0,-31.550349847935095
VisualCogA_Task-1,left,F4,measured,632.8125,-31.53597877434926
VisualCogA_Task-1,left,F4,measured,640.625,-32.26375732395359
VisualCogA_Task-1,left,F4,measured,648.4375,-33.14450958278141
VisualCogA_Task-1,left,F4,measured,656.25,-33.59067139039257
VisualCogA_Task-1,left,F4,measured,664.0625,-33.626270441388286
VisualCogA_Task-1,left,F4,measured,671.875,-33.25808414745308
VisualCogA_Task-1,left,F4,measured,679.6875,-32.726661627466356
VisualCogA_Task-1,left,F4,measured,687.5,-32.20744950060899
VisualCogA_Task-1,left,F4,measured,695.3125,-31.825836977363984
VisualCogA_Task-1,left,F4,measured,703.125,-31.083688672703566
VisualCogA_Task-1,left,F4,measured,710.9375,-29.651752977063644
VisualCogA_Task-1,left,F4,measured,718.75,-27.663718087007034
VisualCogA_Task-1,left,F4,measured,726.5625,-26.02883576998913
VisualCogA_Task-1,left,F4,measured,734.375,-25.38322985094134
VisualCogA_Task-1,left,F4,measured,742.1875,-25.70172495528311
VisualCogA_Task-1,left,F4,measured,750.0,-25.98349991278929
VisualCogA_Task-1,left,F4,measured,757.8125,-25.5477548310308
VisualCogA_Task-1,left,F4,measured,765.625,-24.439239395873248
VisualCogA_Task-1,left,F4,measured,773.4375,-23.555483869331592
VisualCogA_Task-1,left,F4,measured,781.25,-23.444565720073363
VisualCogA_Task-1,left,F4,measured,789.0625,-24.20193501717102
VisualCogA_Task-1,left,F4,measured,796.875,-25.269530470525616
VisualCogA_Task-1,left,F4,revision,0.0,-0.17072129086145438
VisualCogA_Task-1,left,F4,revision,7.8125,-0.2337833274576102
VisualCogA_Task-1,left,F4,revision,15.625,-0.06967312613098997
VisualCogA_Task-1,left,F4,revision,23.4375,0.6422605541983932
VisualCogA_Task-1,left,F4,revision,31.25,2.1277014201171074
VisualCogA_Task-1,left,F4,revision,39.0625,4.354044919045732
VisualCogA_Task-1,left,F4,revision,46.875,7.038612928111351
VisualCogA_Task-1,left,F4,revision,54.6875,9.811117029225677
VisualCogA_Task-1,left,F4,revision,62.5,12.375798297617845
VisualCogA_Task-1,left,F4,revision,70.3125,14.582565335200673
VisualCogA_Task-1,left,F4,revision,78.125,16.39888696312811
VisualCogA_Task-1,left,F4,revision,85.9375,17.858528910275755
VisualCogA_Task-1,left,F4,revision,93.75,19.014574401566122
VisualCogA_Task-1,left,F4,revision,101.5625,19.925501929117353
VisualCogA_Task-1,left,F4,revision,109.375,20.642329964697275
VisualCogA_Task-1,left,F4,revision,117.1875,21.211491719303655
VisualCogA_Task-1,left,F4,revision,125.0,21.665909526395126
VisualCogA_Task-1,left,F4,revision,132.8125,22.03279075255225
VisualCogA_Task-1,left,F4,revision,140.625,22.32804809548306
VisualCogA_Task-1,left,F4,revision,148.4375,22.5661677640282
VisualCogA_Task-1,left,F4,revision,156.25,22.751330529030632
VisualCogA_Task-1,left,F4,revision,164.0625,22.88729258191338
VisualCogA_Task-1,left,F4,revision,171.875,22.973142198338927
VisualCogA_Task-1,left,F4,revision,179.6875,23.021772443844256
VisualCogA_Task-1,left,F4,revision,187.5,23.049531563228687
VisualCogA_Task-1,left,F4,revision,195.3125,23.06780878307169
VisualCogA_Task-1,left,F4,revision,203.125,23.042692819564813
VisualCogA_Task-1,left,F4,revision,210.9375,22.90621690607338
VisualCogA_Task-1,left,F4,revision,218.75,22.60017939216834
VisualCogA_Task-1,left,F4,revision,226.5625,22.163009780120518
VisualCogA_Task-1,left,F4,revision,234.375,21.722533830401453
VisualCogA_Task-1,left,F4,revision,242.1875,21.4235499567392
VisualCogA_Task-1,left,F4,revision,250.0,21.320084197465185
VisualCogA_Task-1,left,F4,revision,257.8125,21.37259011568764
VisualCogA_Task-1,left,F4,revision,265.625,21.485880784953938
VisualCogA_Task-1,left,F4,revision,273.4375,21.583715089486006
VisualCogA_Task-1,left,F4,revision,281.25,21.618495507139503
VisualCogA_Task-1,left,F4,revision,289.0625,21.58112100099683
VisualCogA_Task-1,left,F4,revision,296.875,21.469512911783237
VisualCogA_Task-1,left,F4,revision,304.6875,21.295334528803018
VisualCogA_Task-1,left,F4,revision,312.5,21.06362466621397
VisualCogA_Task-1,left,F4,revision,320.3125,20.789286335047244
VisualCogA_Task-1,left,F4,revision,328.125,20.478128773100316
VisualCogA_Task-1,left,F4,revision,335.9375,20.14369158375205
VisualCogA_Task-1,left,F4,revision,343.75,19.788060853647572
VisualCogA_Task-1,left,F4,revision,351.5625,19.42098139072125
VisualCogA_Task-1,left,F4,revision,359.375,19.041179705689206
VisualCogA_Task-1,left,F4,revision,367.1875,18.656494873497785
VisualCogA_Task-1,left,F4,revision,375.0,18.264146341259206
VisualCogA_Task-1,left,F4,revision,382.8125,17.871203158749545
VisualCogA_Task-1,left,F4,revision,390.625,17.47395883495794
VisualCogA_Task-1,left,F4,revision,398.4375,17.07908147695934
VisualCogA_Task-1,left,F4,revision,406.25,16.682274809455404
VisualCogA_Task-1,left,F4,revision,414.0625,16.29008801072383
VisualCogA_Task-1,left,F4,revision,421.875,15.897821444699588
VisualCogA_Task-1,left,F4,revision,429.6875,15.51198681058441
VisualCogA_Task-1,left,F4,revision,437.5,15.127513210757503
VisualCogA_Task-1,left,F4,revision,445.3125,14.750899420050573
VisualCogA_Task-1,left,F4,revision,453.125,14.376746134086378
VisualCogA_Task-1,left,F4,revision,460.9375,14.011577971401262
VisualCogA_Task-1,left,F4,revision,468.75,13.649692336988895
VisualCogA_Task-1,left,F4,revision,476.5625,13.297647075451561
VisualCogA_Task-1,left,F4,revision,484.375,12.949451848766017
VisualCogA_Task-1,left,F4,revision,492.1875,12.611723130833209
VisualCogA_Task-1,left,F4,revision,500.0,12.278214314344158
VisualCogA_Task-1,left,F4,revision,507.8125,11.955615538304974
VisualCogA_Task-1,left,F4,revision,515.625,11.637429986486028
VisualCogA_Task-1,left,F4,revision,523.4375,11.33042882600091
VisualCogA_Task-1,left,F4,revision,531.25,11.027891223085401
VisualCogA_Task-1,left,F4,revision,539.0625,10.736696368780496
VisualCogA_Task-1,left,F4,revision,546.875,10.449912524632072
VisualCogA_Task-1,left,F4,revision,554.6875,10.174518295553273
VisualCogA_Task-1,left,F4,revision,562.5,9.903368370561001
VisualCogA_Task-1,left,F4,revision,570.3125,9.643558401871562
VisualCogA_Task-1,left,F4,revision,578.125,9.387767392254258
VisualCogA_Task-1,left,F4,revision,585.9375,9.143233065992503
VisualCogA_Task-1,left,F4,revision,593.75,8.902451376395234
VisualCogA_Task-1,left,F4,revision,601.5625,8.672762030654436
VisualCogA_Task-1,left,F4,revision,609.375,8.446455886910217
VisualCogA_Task-1,left,F4,revision,617.1875,8.23102762610667
VisualCogA_Task-1,left,F4,revision,625.0,8.018696013853628
VisualCogA_Task-1,left,F4,revision,632.8125,7.817184904074841
VisualCogA_Task-1,left,F4,revision,640.625,7.618463266125847
VisualCogA_Task-1,left,F4,revision,648.4375,7.43007509007284
VisualCogA_Task-1,left,F4,revision,656.25,7.243591085358455
VisualCogA_Task-1,left,F4,revision,664.0625,7.067111875754837
VisualCogA_Task-1,left,F4,revision,671.875,6.893179116607037
VisualCogA_Task-1,left,F4,revision,679.6875,6.730630963251843
VisualCogA_Task-1,left,F4,revision,687.5,6.5700543041660415
VisualCogA_Task-1,left,F4,revision,695.3125,6.416587934100747
VisualCogA_Task-1,left,F4,revision,703.125,6.25961051116849
VisualCogA_Task-1,left,F4,revision,710.9375,6.1119538386100265
VisualCogA_Task-1,left,F4,revision,718.75,5.975680606222211
VisualCogA_Task-1,left,F4,revision,726.5625,5.863749034691702
VisualCogA_Task-1,left,F4,revision,734.375,5.74807068548307
VisualCogA_Task-1,left,F4,revision,742.1875,5.600749833218101
VisualCogA_Task-1,left,F4,revision,750.0,5.407686834254958
VisualCogA_Task-1,left,F4,revision,757.8125,5.256689235360664
VisualCogA_Task-1,left,F4,revision,765.625,5.258311360329127
VisualCogA_Task-1,left,F4,revision,773.4375,5.395663072295241
VisualCogA_Task-1,left,F4,revision,781.25,5.318366189982443
VisualCogA_Task-1,left,F4,revision,789.0625,4.542696795063546
VisualCogA_Task-1,left,F4,revision,796.875,2.9592633136880138
VisualCogA_Task-1,left,F4,revision_v2,0.0,-0.02787347645930871
VisualCogA_Task-1,left,F4,revision_v2,7.8125,-0.025916563981867147
VisualCogA_Task-1,left,F4,revision_v2,15.625,-0.026951505969817435
VisualCogA_Task-1,left,F4,revision_v2,23.4375,-0.03843069406947386
VisualCogA_Task-1,left,F4,revision_v2,31.25,-0.05870238128046845
VisualCogA_Task-1,left,F4,revision_v2,39.0625,-0.06482149635378431
VisualCogA_Task-1,left,F4,revision_v2,46.875,-0.016046841199281126
VisualCogA_Task-1,left,F4,revision_v2,54.6875,0.12286387860276937
VisualCogA_Task-1,left,F4,revision_v2,62.5,0.3549228210607073
VisualCogA_Task-1,left,F4,revision_v2,70.3125,0.6469745963945512
VisualCogA_Task-1,left,F4,revision_v2,78.125,0.9494661500639932
VisualCogA_Task-1,left,F4,revision_v2,85.9375,1.2229285044452434
VisualCogA_Task-1,left,F4,revision_v2,93.75,1.449542462499025
VisualCogA_Task-1,left,F4,revision_v2,101.5625,1.630332830536371
VisualCogA_Task-1,left,F4,revision_v2,109.375,1.7740393457576533
VisualCogA_Task-1,left,F4,revision_v2,117.1875,1.89042576609315
VisualCogA_Task-1,left,F4,revision_v2,125.0,1.986582065301036
VisualCogA_Task-1,left,F4,revision_v2,132.8125,2.0683546675119273
VisualCogA_Task-1,left,F4,revision_v2,140.625,2.139822728420037
VisualCogA_Task-1,left,F4,revision_v2,148.4375,2.2047772343393635
VisualCogA_Task-1,left,F4,revision_v2,156.25,2.265309575462853
VisualCogA_Task-1,left,F4,revision_v2,164.0625,2.323235060434561
VisualCogA_Task-1,left,F4,revision_v2,171.875,2.378723250091871
VisualCogA_Task-1,left,F4,revision_v2,179.6875,2.4321968952067903
VisualCogA_Task-1,left,F4,revision_v2,187.5,2.4833728083346047
VisualCogA_Task-1,left,F4,revision_v2,195.3125,2.5336402701324707
VisualCogA_Task-1,left,F4,revision_v2,203.125,2.5840017219396025
VisualCogA_Task-1,left,F4,revision_v2,210.9375,2.6350140633153476
VisualCogA_Task-1,left,F4,revision_v2,218.75,2.682964761178681
VisualCogA_Task-1,left,F4,revision_v2,226.5625,2.7235494196017935
VisualCogA_Task-1,left,F4,revision_v2,234.375,2.7568919475083424
VisualCogA_Task-1,left,F4,revision_v2,242.1875,2.7965815497225512
VisualCogA_Task-1,left,F4,revision_v2,250.0,2.864254644444206
VisualCogA_Task-1,left,F4,revision_v2,257.8125,2.976167623739285
VisualCogA_Task-1,left,F4,revision_v2,265.625,3.126098757334284
VisualCogA_Task-1,left,F4,revision_v2,273.4375,3.288664302209565
VisualCogA_Task-1,left,F4,revision_v2,281.25,3.432439402616675
VisualCogA_Task-1,left,F4,revision_v2,289.0625,3.5380394522118217
VisualCogA_Task-1,left,F4,revision_v2,296.875,3.6004742685387177
VisualCogA_Task-1,left,F4,revision_v2,304.6875,3.626783184749815
VisualCogA_Task-1,left,F4,revision_v2,312.5,3.625951748729402
VisualCogA_Task-1,left,F4,revision_v2,320.3125,3.607079212166935
VisualCogA_Task-1,left,F4,revision_v2,328.125,3.5756265065229704
VisualCogA_Task-1,left,F4,revision_v2,335.9375,3.536828591952738
VisualCogA_Task-1,left,F4,revision_v2,343.75,3.4933695089196517
VisualCogA_Task-1,left,F4,revision_v2,351.5625,3.4484501768327425
VisualCogA_Task-1,left,F4,revision_v2,359.375,3.4028418096140105
VisualCogA_Task-1,left,F4,revision_v2,367.1875,3.3581143753445866
VisualCogA_Task-1,left,F4,revision_v2,375.0,3.313819055308915
VisualCogA_Task-1,left,F4,revision_v2,382.8125,3.270879128800295
VisualCogA_Task-1,left,F4,revision_v2,390.625,3.2285018996596717
VisualCogA_Task-1,left,F4,revision_v2,398.4375,3.187487025489552
VisualCogA_Task-1,left,F4,revision_v2,406.25,3.1469231703158127
VisualCogA_Task-1,left,F4,revision_v2,414.0625,3.107581214415173
VisualCogA_Task-1,left,F4,revision_v2,421.875,3.0685039942653716
VisualCogA_Task-1,left,F4,revision_v2,429.6875,3.030498759620334
VisualCogA_Task-1,left,F4,revision_v2,437.5,2.992603517527274
VisualCogA_Task-1,left,F4,revision_v2,445.3125,2.9556730993195868
VisualCogA_Task-1,left,F4,revision_v2,453.125,2.918736160715284
VisualCogA_Task-1,left,F4,revision_v2,460.9375,2.8826872900028055
VisualCogA_Task-1,left,F4,revision_v2,468.75,2.8465410949680767
VisualCogA_Task-1,left,F4,revision_v2,476.5625,2.811228425031522
VisualCogA_Task-1,left,F4,revision_v2,484.375,2.775747202245885
VisualCogA_Task-1,left,F4,revision_v2,492.1875,2.7410612520603346
VisualCogA_Task-1,left,F4,revision_v2,500.0,2.706149030178741
VisualCogA_Task-1,left,F4,revision_v2,507.8125,2.672004145006925
VisualCogA_Task-1,left,F4,revision_v2,515.625,2.6375835002071994
VisualCogA_Task-1,left,F4,revision_v2,523.4375,2.603909007053782
VisualCogA_Task-1,left,F4,revision_v2,531.25,2.5699159178720214
VisualCogA_Task-1,left,F4,revision_v2,539.0625,2.53665403526497
VisualCogA_Task-1,left,F4,revision_v2,546.875,2.5030365742013307
VisualCogA_Task-1,left,F4,revision_v2,554.6875,2.4701396938620506
VisualCogA_Task-1,left,F4,revision_v2,562.5,2.4368532080297305
VisualCogA_Task-1,left,F4,revision_v2,570.3125,2.4042792452246595
VisualCogA_Task-1,left,F4,revision_v2,578.125,2.371286972145058
VisualCogA_Task-1,left,F4,revision_v2,585.9375,2.3390074208807485
VisualCogA_Task-1,left,F4,revision_v2,593.75,2.306287100438965
VisualCogA_Task-1,left,F4,revision_v2,601.5625,2.2742753752687066
VisualCogA_Task-1,left,F4,revision_v2,609.375,2.241787079204677
VisualCogA_Task-1,left,F4,revision_v2,617.1875,2.2100012180704023
VisualCogA_Task-1,left,F4,revision_v2,625.0,2.1777381298907548
VisualCogA_Task-1,left,F4,revision_v2,632.8125,2.1462303281334005
VisualCogA_Task-1,left,F4,revision_v2,640.625,2.114250099818256
VisualCogA_Task-1,left,F4,revision_v2,648.4375,2.0829534578713793
VisualCogA_Task-1,left,F4,revision_v2,656.25,2.0510121008979314
VisualCogA_Task-1,left,F4,revision_v2,664.0625,2.0197367779729376
VisualCogA_Task-1,left,F4,revision_v2,671.875,1.988138331795935
VisualCogA_Task-1,left,F4,revision_v2,679.6875,1.957743853904546
VisualCogA_Task-1,left,F4,revision_v2,687.5,1.9269602359540605
VisualCogA_Task-1,left,F4,revision_v2,695.3125,1.8960936063561427
VisualCogA_Task-1,left,F4,revision_v2,703.125,1.8631808893233783
VisualCogA_Task-1,left,F4,revision_v2,710.9375,1.8309893909760602
VisualCogA_Task-1,left,F4,revision_v2,718.75,1.8016897366402769
VisualCogA_Task-1,left,F4,revision_v2,726.5625,1.7780797322684045
VisualCogA_Task-1,left,F4,revision_v2,734.375,1.7526054601698406
VisualCogA_Task-1,left,F4,revision_v2,742.1875,1.71479929684893
VisualCogA_Task-1,left,F4,revision_v2,750.0,1.6616126097591035
VisualCogA_Task-1,left,F4,revision_v2,757.8125,1.6199800365864288
VisualCogA_Task-1,left,F4,revision_v2,765.625,1.627298523188294
VisualCogA_Task-1,left,F4,revision_v2,773.4375,1.676745483684103
VisualCogA_Task-1,left,F4,revision_v2,781.25,1.6565849088957698
VisualCogA_Task-1,left,F4,revision_v2,789.0625,1.408534582536159
VisualCogA_Task-1,left,F4,revision_v2,796.875,0.8982725731938846
VisualCogA_Task-1,left,F4,revision_v3,0.0,-0.13028973083528328
VisualCogA_Task-1,left,F4,revision_v3,7.8125,-0.42487064763755633
VisualCogA_Task-1,left,F4,revision_v3,15.625,-2.160290774072564
VisualCogA_Task-1,left,F4,revision_v3,23.4375,-5.536168323073879
VisualCogA_Task-1,left,F4,revision_v3,31.25,-9.572201401964625
VisualCogA_Task-1,left,F4,revision_v3,39.0625,-12.602039464773112
VisualCogA_Task-1,left,F4,revision_v3,46.875,-13.332175417598156
VisualCogA_Task-1,left,F4,revision_v3,54.6875,-11.441959703224311
VisualCogA_Task-1,left,F4,revision_v3,62.5,-7.422092550289962
VisualCogA_Task-1,left,F4,revision_v3,70.3125,-2.0725408751245293
VisualCogA_Task-1,left,F4,revision_v3,78.125,3.838391911910657
VisualCogA_Task-1,left,F4,revision_v3,85.9375,9.70870224717947
VisualCogA_Task-1,left,F4,revision_v3,93.75,15.110431514311287
VisualCogA_Task-1,left,F4,revision_v3,101.5625,19.800397422381685
VisualCogA_Task-1,left,F4,revision_v3,109.375,23.68616083493344
VisualCogA_Task-1,left,F4,revision_v3,117.1875,26.797092165493524
VisualCogA_Task-1,left,F4,revision_v3,125.0,29.214061055911984
VisualCogA_Task-1,left,F4,revision_v3,132.8125,31.045418500849046
VisualCogA_Task-1,left,F4,revision_v3,140.625,32.386492548833864
VisualCogA_Task-1,left,F4,revision_v3,148.4375,33.331794810434594
VisualCogA_Task-1,left,F4,revision_v3,156.25,33.95299160150634
VisualCogA_Task-1,left,F4,revision_v3,164.0625,34.32370361502199
VisualCogA_Task-1,left,F4,revision_v3,171.875,34.50104330015073
VisualCogA_Task-1,left,F4,revision_v3,179.6875,34.54990393062084
VisualCogA_Task-1,left,F4,revision_v3,187.5,34.50665842236108
VisualCogA_Task-1,left,F4,revision_v3,195.3125,34.39012907384696
VisualCogA_Task-1,left,F4,revision_v3,203.125,34.18016303237861
VisualCogA_Task-1,left,F4,revision_v3,210.9375,33.89147737492549
VisualCogA_Task-1,left,F4,revision_v3,218.75,33.59892240299369
VisualCogA_Task-1,left,F4,revision_v3,226.5625,33.45973648129324
VisualCogA_Task-1,left,F4,revision_v3,234.375,33.590738478789426
VisualCogA_Task-1,left,F4,revision_v3,242.1875,34.009686838801706
VisualCogA_Task-1,left,F4,revision_v3,250.0,34.59835687403467
VisualCogA_Task-1,left,F4,revision_v3,257.8125,35.20691203586
VisualCogA_Task-1,left,F4,revision_v3,265.625,35.69103979979258
VisualCogA_Task-1,left,F4,revision_v3,273.4375,35.98067313245651
VisualCogA_Task-1,left,F4,revision_v3,281.25,36.03973375127864
VisualCogA_Task-1,left,F4,revision_v3,289.0625,35.88663166869471
VisualCogA_Task-1,left,F4,revision_v3,296.875,35.53863222541824
VisualCogA_Task-1,left,F4,revision_v3,304.6875,35.04149776486327
VisualCogA_Task-1,left,F4,revision_v3,312.5,34.42365949912231
VisualCogA_Task-1,left,F4,revision_v3,320.3125,33.73585802411676
VisualCogA_Task-1,left,F4,revision_v3,328.125,33.007284304962354
VisualCogA_Task-1,left,F4,revision_v3,335.9375,32.28815167473601
VisualCogA_Task-1,left,F4,revision_v3,343.75,31.60412097790595
VisualCogA_Task-1,left,F4,revision_v3,351.5625,31.00055835672979
VisualCogA_Task-1,left,F4,revision_v3,359.375,30.495272768607506
VisualCogA_Task-1,left,F4,revision_v3,367.1875,30.124794359813812
VisualCogA_Task-1,left,F4,revision_v3,375.0,29.895704557285995
VisualCogA_Task-1,left,F4,revision_v3,382.8125,29.833031501397777
VisualCogA_Task-1,left,F4,revision_v3,390.625,29.93042205606784
VisualCogA_Task-1,left,F4,revision_v3,398.4375,30.201031053176088
VisualCogA_Task-1,left,F4,revision_v3,406.25,30.62678258696821
VisualCogA_Task-1,left,F4,revision_v3,414.0625,31.211467506315074
VisualCogA_Task-1,left,F4,revision_v3,421.875,31.928560826298607
VisualCogA_Task-1,left,F4,revision_v3,429.6875,32.77611073346189
VisualCogA_Task-1,left,F4,revision_v3,437.5,33.7230233574309
VisualCogA_Task-1,left,F4,revision_v3,445.3125,34.765626208205425
VisualCogA_Task-1,left,F4,revision_v3,453.125,35.872090877708835
VisualCogA_Task-1,left,F4,revision_v3,460.9375,37.0402029611558
VisualCogA_Task-1,left,F4,revision_v3,468.75,38.239742325336536
VisualCogA_Task-1,left,F4,revision_v3,476.5625,39.4715699006854
VisualCogA_Task-1,left,F4,revision_v3,484.375,40.708193749285336
VisualCogA_Task-1,left,F4,revision_v3,492.1875,41.95423743409252
VisualCogA_Task-1,left,F4,revision_v3,500.0,43.18519550734988
VisualCogA_Task-1,left,F4,revision_v3,507.8125,44.40931242779101
VisualCogA_Task-1,left,F4,revision_v3,515.625,45.604668047218716
VisualCogA_Task-1,left,F4,revision_v3,523.4375,46.782568835272976
VisualCogA_Task-1,left,F4,revision_v3,531.25,47.9230424859987
VisualCogA_Task-1,left,F4,revision_v3,539.0625,49.039779577849266
VisualCogA_Task-1,left,F4,revision_v3,546.875,50.11410466450726
VisualCogA_Task-1,left,F4,revision_v3,554.6875,51.161476858201134
VisualCogA_Task-1,left,F4,revision_v3,562.5,52.16393360986084
VisualCogA_Task-1,left,F4,revision_v3,570.3125,53.13815882875131
VisualCogA_Task-1,left,F4,revision_v3,578.125,54.06648463885059
VisualCogA_Task-1,left,F4,revision_v3,585.9375,54.966511176536635
VisualCogA_Task-1,left,F4,revision_v3,593.75,55.82047511160023
VisualCogA_Task-1,left,F4,revision_v3,601.5625,56.64622688780427
VisualCogA_Task-1,left,F4,revision_v3,609.375,57.425271131491925
VisualCogA_Task-1,left,F4,revision_v3,617.1875,58.17592036948511
VisualCogA_Task-1,left,F4,revision_v3,625.0,58.88033086379331
VisualCogA_Task-1,left,F4,revision_v3,632.8125,59.55825066687239
VisualCogA_Task-1,left,F4,revision_v3,640.625,60.1902130463255
VisualCogA_Task-1,left,F4,revision_v3,648.4375,60.79178907187778
VisualCogA_Task-1,left,F4,revision_v3,656.25,61.339471398796526
VisualCogA_Task-1,left,F4,revision_v3,664.0625,61.85447673609501
VisualCogA_Task-1,left,F4,revision_v3,671.875,62.328347494792425
VisualCogA_Task-1,left,F4,revision_v3,679.6875,62.79111422189786
VisualCogA_Task-1,left,F4,revision_v3,687.5,63.20909625821537
VisualCogA_Task-1,left,F4,revision_v3,695.3125,63.55868460922601
VisualCogA_Task-1,left,F4,revision_v3,703.125,63.78974926583985
VisualCogA_Task-1,left,F4,revision_v3,710.9375,63.98339365343761
VisualCogA_Task-1,left,F4,revision_v3,718.75,64.26986934446023
VisualCogA_Task-1,left,F4,revision_v3,726.5625,64.73494892350766
VisualCogA_Task-1,left,F4,revision_v3,734.375,65.09233176843418
VisualCogA_Task-1,left,F4,revision_v3,742.1875,64.84925140190812
VisualCogA_Task-1,left,F4,revision_v3,750.0,63.901732658603756
VisualCogA_Task-1,left,F4,revision_v3,757.8125,63.366455792172786
VisualCogA_Task-1,left,F4,revision_v3,765.625,64.91043789391261
VisualCogA_Task-1,left,F4,revision_v3,773.4375,68.23712023044091
VisualCogA_Task-1,left,F4,revision_v3,781.25,68.57921877664104
VisualCogA_Task-1,left,F4,revision_v3,789.0625,58.99240984361008
VisualCogA_Task-1,left,F4,revision_v3,796.875,37.86494050442602
VisualCogA_Task-1,right,F3,measured,0.0,-4.956455954508029
VisualCogA_Task-1,right,F3,measured,7.8125,-4.89712510737748
VisualCogA_Task-1,right,F3,measured,15.625,-4.691050820801796
VisualCogA_Task-1,right,F3,measured,23.4375,-4.2646124520530755
VisualCogA_Task-1,right,F3,measured,31.25,-3.8010278232969905
VisualCogA_Task-1,right,F3,measured,39.0625,-3.684462460725589
VisualCogA_Task-1,right,F3,measured,46.875,-4.126372861984996
VisualCogA_Task-1,right,F3,measured,54.6875,-4.843390640960444
VisualCogA_Task-1,right,F3,measured,62.5,-5.171516710566068
VisualCogA_Task-1,right,F3,measured,70.3125,-4.604314743443406
VisualCogA_Task-1,right,F3,measured,78.125,-3.420619651550496
VisualCogA_Task-1,right,F3,measured,85.9375,-2.591802180704541
VisualCogA_Task-1,right,F3,measured,93.75,-2.9279905400815194
VisualCogA_Task-1,right,F3,measured,101.5625,-4.27883388093146
VisualCogA_Task-1,right,F3,measured,109.375,-5.8007496597262325
VisualCogA_Task-1,right,F3,measured,117.1875,-6.77338132817153
VisualCogA_Task-1,right,F3,measured,125.0,-7.141922318443344
VisualCogA_Task-1,right,F3,measured,132.8125,-7.2449798066031965
VisualCogA_Task-1,right,F3,measured,140.625,-7.250545380337566
VisualCogA_Task-1,right,F3,measured,148.4375,-6.972161500139325
VisualCogA_Task-1,right,F3,measured,156.25,-6.304379212588583
VisualCogA_Task-1,right,F3,measured,164.0625,-5.4499745703491405
VisualCogA_Task-1,right,F3,measured,171.875,-4.827721957405692
VisualCogA_Task-1,right,F3,measured,179.6875,-4.722913569135587
VisualCogA_Task-1,right,F3,measured,187.5,-5.2147307939248675
VisualCogA_Task-1,right,F3,measured,195.3125,-6.124123351254763
VisualCogA_Task-1,right,F3,measured,203.125,-7.141535481380352
VisualCogA_Task-1,right,F3,measured,210.9375,-8.008727464505885
VisualCogA_Task-1,right,F3,measured,218.75,-8.592454339339064
VisualCogA_Task-1,right,F3,measured,226.5625,-8.680922543289464
VisualCogA_Task-1,right,F3,measured,234.375,-8.372368650986532
VisualCogA_Task-1,right,F3,measured,242.1875,-8.14230103409871
VisualCogA_Task-1,right,F3,measured,250.0,-8.208401043818547
VisualCogA_Task-1,right,F3,measured,257.8125,-8.045788422431723
VisualCogA_Task-1,right,F3,measured,265.625,-7.112767270606354
VisualCogA_Task-1,right,F3,measured,273.4375,-5.69150238954759
VisualCogA_Task-1,right,F3,measured,281.25,-4.724926306970032
VisualCogA_Task-1,right,F3,measured,289.0625,-4.547877839557981
VisualCogA_Task-1,right,F3,measured,296.875,-4.547863853945152
VisualCogA_Task-1,right,F3,measured,304.6875,-3.965277204964175
VisualCogA_Task-1,right,F3,measured,312.5,-2.871684683852776
VisualCogA_Task-1,right,F3,measured,320.3125,-1.8863508525148642
VisualCogA_Task-1,right,F3,measured,328.125,-1.315765093753424
VisualCogA_Task-1,right,F3,measured,335.9375,-0.7038224654115924
VisualCogA_Task-1,right,F3,measured,343.75,0.36916533339277136
VisualCogA_Task-1,right,F3,measured,351.5625,1.5138419637319476
VisualCogA_Task-1,right,F3,measured,359.375,1.8358185808041483
VisualCogA_Task-1,right,F3,measured,367.1875,1.2396231231185164
VisualCogA_Task-1,right,F3,measured,375.0,0.4675002166007768
VisualCogA_Task-1,right,F3,measured,382.8125,0.08996806267392835
VisualCogA_Task-1,right,F3,measured,390.625,-0.13859117895421164
VisualCogA_Task-1,right,F3,measured,398.4375,-0.5058065999559378
VisualCogA_Task-1,right,F3,measured,406.25,-0.9100841258434628
VisualCogA_Task-1,right,F3,measured,414.0625,-1.2385692180159478
VisualCogA_Task-1,right,F3,measured,421.875,-1.9545450508838034
VisualCogA_Task-1,right,F3,measured,429.6875,-3.4569576521856082
VisualCogA_Task-1,right,F3,measured,437.5,-5.369675814382837
VisualCogA_Task-1,right,F3,measured,445.3125,-6.6499982247231495
VisualCogA_Task-1,right,F3,measured,453.125,-6.742632788729021
VisualCogA_Task-1,right,F3,measured,460.9375,-6.010983592723201
VisualCogA_Task-1,right,F3,measured,468.75,-5.334293386868999
VisualCogA_Task-1,right,F3,measured,476.5625,-5.25785136653853
VisualCogA_Task-1,right,F3,measured,484.375,-5.8706129505554
VisualCogA_Task-1,right,F3,measured,492.1875,-6.835106739037775
VisualCogA_Task-1,right,F3,measured,500.0,-7.715566184459944
VisualCogA_Task-1,right,F3,measured,507.8125,-8.140134860191187
VisualCogA_Task-1,right,F3,measured,515.625,-8.180158560391089
VisualCogA_Task-1,right,F3,measured,523.4375,-7.939299979856071
VisualCogA_Task-1,right,F3,measured,531.25,-7.415040411209353
VisualCogA_Task-1,right,F3,measured,539.0625,-6.8257284710800885
VisualCogA_Task-1,right,F3,measured,546.875,-6.8092327591087125
VisualCogA_Task-1,right,F3,measured,554.6875,-7.591813259543535
VisualCogA_Task-1,right,F3,measured,562.5,-8.692053080023625
VisualCogA_Task-1,right,F3,measured,570.3125,-9.249152884548836
VisualCogA_Task-1,right,F3,measured,578.125,-9.015180959748674
VisualCogA_Task-1,right,F3,measured,585.9375,-8.517540354246457
VisualCogA_Task-1,right,F3,measured,593.75,-8.558685294316767
VisualCogA_Task-1,right,F3,measured,601.5625,-9.388892624384
VisualCogA_Task-1,right,F3,measured,609.375,-10.706007158708585
VisualCogA_Task-1,right,F3,measured,617.1875,-11.878328475029328
VisualCogA_Task-1,right,F3,measured,625.0,-12.614528475485443
VisualCogA_Task-1,right,F3,measured,632.8125,-12.914865810542285
VisualCogA_Task-1,right,F3,measured,640.625,-12.86497494295307
VisualCogA_Task-1,right,F3,measured,648.4375,-12.471535454745883
VisualCogA_Task-1,right,F3,measured,656.25,-12.057413613300799
VisualCogA_Task-1,right,F3,measured,664.0625,-11.912968199556895
VisualCogA_Task-1,right,F3,measured,671.875,-12.037401494818761
VisualCogA_Task-1,right,F3,measured,679.6875,-12.131552632982254
VisualCogA_Task-1,right,F3,measured,687.5,-12.095759794533933
VisualCogA_Task-1,right,F3,measured,695.3125,-11.970831724934342
VisualCogA_Task-1,right,F3,measured,703.125,-12.07224970425962
VisualCogA_Task-1,right,F3,measured,710.9375,-12.642073165073054
VisualCogA_Task-1,right,F3,measured,718.75,-13.67436254786926
VisualCogA_Task-1,right,F3,measured,726.5625,-14.689950297342232
VisualCogA_Task-1,right,F3,measured,734.375,-15.037783136906738
VisualCogA_Task-1,right,F3,measured,742.1875,-14.011999247667482
VisualCogA_Task-1,right,F3,measured,750.0,-11.632866241462038
VisualCogA_Task-1,right,F3,measured,757.8125,-8.920878900795465
VisualCogA_Task-1,right,F3,measured,765.625,-7.296093275233865
VisualCogA_Task-1,right,F3,measured,773.4375,-7.112818562350401
VisualCogA_Task-1,right,F3,measured,781.25,-7.601271377935391
VisualCogA_Task-1,right,F3,measured,789.0625,-7.5832308372394674
VisualCogA_Task-1,right,F3,measured,796.875,-6.49759675147714
VisualCogA_Task-1,right,F3,revision,0.0,-0.21576987495630107
VisualCogA_Task-1,right,F3,revision,7.8125,-0.2789984667031913
VisualCogA_Task-1,right,F3,revision,15.625,-0.11699392115673923
VisualCogA_Task-1,right,F3,revision,23.4375,0.586683289758426
VisualCogA_Task-1,right,F3,revision,31.25,2.0617627073942426
VisualCogA_Task-1,right,F3,revision,39.0625,4.296715705354681
VisualCogA_Task-1,right,F3,revision,46.875,7.042238008234623
VisualCogA_Task-1,right,F3,revision,54.6875,9.954342640508612
VisualCogA_Task-1,right,F3,revision,62.5,12.735720874937368
VisualCogA_Task-1,right,F3,revision,70.3125,15.206253056313521
VisualCogA_Task-1,right,F3,revision,78.125,17.292126399291902
VisualCogA_Task-1,right,F3,revision,85.9375,18.9965860183515
VisualCogA_Task-1,right,F3,revision,93.75,20.360864535437344
VisualCogA_Task-1,right,F3,revision,101.5625,21.44733217544175
VisualCogA_Task-1,right,F3,revision,109.375,22.316220346919337
VisualCogA_Task-1,right,F3,revision,117.1875,23.023368186013524
VisualCogA_Task-1,right,F3,revision,125.0,23.60761241116452
VisualCogA_Task-1,right,F3,revision,132.8125,24.1006059512949
VisualCogA_Task-1,right,F3,revision,140.625,24.52023242214494
VisualCogA_Task-1,right,F3,revision,148.4375,24.882715975014225
VisualCogA_Task-1,right,F3,revision,156.25,25.19203264838729
VisualCogA_Task-1,right,F3,revision,164.0625,25.45218016309116
VisualCogA_Task-1,right,F3,revision,171.875,25.661054444414543
VisualCogA_Task-1,right,F3,revision,179.6875,25.831239109940338
VisualCogA_Task-1,right,F3,revision,187.5,25.977318054203604
VisualCogA_Task-1,right,F3,revision,195.3125,26.11033590424879
VisualCogA_Task-1,right,F3,revision,203.125,26.19573419412499
VisualCogA_Task-1,right,F3,revision,210.9375,26.167471268424155
VisualCogA_Task-1,right,F3,revision,218.75,25.967401138119886
VisualCogA_Task-1,right,F3,revision,226.5625,25.63186487756997
VisualCogA_Task-1,right,F3,revision,234.375,25.280652265754714
VisualCogA_Task-1,right,F3,revision,242.1875,25.052603401025
VisualCogA_Task-1,right,F3,revision,250.0,25.00295750486965
VisualCogA_Task-1,right,F3,revision,257.8125,25.105964391420148
VisualCogA_Task-1,right,F3,revision,265.625,25.281108437304987
VisualCogA_Task-1,right,F3,revision,273.4375,25.459792081502297
VisualCogA_Task-1,right,F3,revision,281.25,25.5882357592102
VisualCogA_Task-1,right,F3,revision,289.0625,25.64681965265061
VisualCogA_Task-1,right,F3,revision,296.875,25.62294352025958
VisualCogA_Task-1,right,F3,revision,304.6875,25.52517114431281
VisualCogA_Task-1,right,F3,revision,312.5,25.35795017241398
VisualCogA_Task-1,right,F3,revision,320.3125,25.139233789290977
VisualCogA_Task-1,right,F3,revision,328.125,24.87570242972088
VisualCogA_Task-1,right,F3,revision,335.9375,24.583246261457877
VisualCogA_Task-1,right,F3,revision,343.75,24.263858732012526
VisualCogA_Task-1,right,F3,revision,351.5625,23.92916666775839
VisualCogA_Task-1,right,F3,revision,359.375,23.577416697875844
VisualCogA_Task-1,right,F3,revision,367.1875,23.217955277003597
VisualCogA_Task-1,right,F3,revision,375.0,22.8470435430308
VisualCogA_Task-1,right,F3,revision,382.8125,22.4729819540629
VisualCogA_Task-1,right,F3,revision,390.625,22.090924048703272
VisualCogA_Task-1,right,F3,revision,398.4375,21.70878526972021
VisualCogA_Task-1,right,F3,revision,406.25,21.321105104087135
VisualCogA_Task-1,right,F3,revision,414.0625,20.935733412589784
VisualCogA_Task-1,right,F3,revision,421.875,20.546780679390665
VisualCogA_Task-1,right,F3,revision,429.6875,20.16211928990395
VisualCogA_Task-1,right,F3,revision,437.5,19.775478528320694
VisualCogA_Task-1,right,F3,revision,445.3125,19.394781792884732
VisualCogA_Task-1,right,F3,revision,453.125,19.0134070119857
VisualCogA_Task-1,right,F3,revision,460.9375,18.639345941620338
VisualCogA_Task-1,right,F3,revision,468.75,18.26563725357384
VisualCogA_Task-1,right,F3,revision,476.5625,17.900347418814682
VisualCogA_Task-1,right,F3,revision,484.375,17.536195317545893
VisualCogA_Task-1,right,F3,revision,492.1875,17.181343168018774
VisualCogA_Task-1,right,F3,revision,500.0,16.82820980517642
VisualCogA_Task-1,right,F3,revision,507.8125,16.48505775549682
VisualCogA_Task-1,right,F3,revision,515.625,16.144012013043966
VisualCogA_Task-1,right,F3,revision,523.4375,15.813449037169896
VisualCogA_Task-1,right,F3,revision,531.25,15.48523062141814
VisualCogA_Task-1,right,F3,revision,539.0625,15.167871301252202
VisualCogA_Task-1,right,F3,revision,546.875,14.85297797069232
VisualCogA_Task-1,right,F3,revision,554.6875,14.549190401095474
VisualCogA_Task-1,right,F3,revision,562.5,14.247855307860817
VisualCogA_Task-1,right,F3,revision,570.3125,13.957755157574207
VisualCogA_Task-1,right,F3,revision,578.125,13.67002156321765
VisualCogA_Task-1,right,F3,revision,585.9375,13.3936136758543
VisualCogA_Task-1,right,F3,revision,593.75,13.11943831406051
VisualCogA_Task-1,right,F3,revision,601.5625,12.856569759622085
VisualCogA_Task-1,right,F3,revision,609.375,12.595648712560061
VisualCogA_Task-1,right,F3,revision,617.1875,12.345941229037003
VisualCogA_Task-1,right,F3,revision,625.0,12.098033485295135
VisualCogA_Task-1,right,F3,revision,632.8125,11.86150922717505
VisualCogA_Task-1,right,F3,revision,640.625,11.626608747785601
VisualCogA_Task-1,right,F3,revision,648.4375,11.402544867456328
VisualCogA_Task-1,right,F3,revision,656.25,11.178948879729917
VisualCogA_Task-1,right,F3,revision,664.0625,10.965902332339363
VisualCogA_Task-1,right,F3,revision,671.875,10.754760483512662
VisualCogA_Task-1,right,F3,revision,679.6875,10.55679771672747
VisualCogA_Task-1,right,F3,revision,687.5,10.360104204281637
VisualCogA_Task-1,right,F3,revision,695.3125,10.169541212100409
VisualCogA_Task-1,right,F3,revision,703.125,9.971159454249356
VisualCogA_Task-1,right,F3,revision,710.9375,9.78287435864543
VisualCogA_Task-1,right,F3,revision,718.75,9.612551213897607
VisualCogA_Task-1,right,F3,revision,726.5625,9.478382885191191
VisualCogA_Task-1,right,F3,revision,734.375,9.33678861918387
VisualCogA_Task-1,right,F3,revision,742.1875,9.135772107977534
VisualCogA_Task-1,right,F3,revision,750.0,8.855282114698914
VisualCogA_Task-1,right,F3,revision,757.8125,8.641064872557799
VisualCogA_Task-1,right,F3,revision,765.625,8.687303152526598
VisualCogA_Task-1,right,F3,revision,773.4375,8.962087282975038
VisualCogA_Task-1,right,F3,revision,781.25,8.870997247815968
VisualCogA_Task-1,right,F3,revision,789.0625,7.579295346681385
VisualCogA_Task-1,right,F3,revision,796.875,4.898337599016395
VisualCogA_Task-1,right,F3,revision_v2,0.0,-0.027873347066771248
VisualCogA_Task-1,right,F3,revision_v2,7.8125,-0.025916414774132757
VisualCogA_Task-1,right,F3,revision_v2,15.625,-0.02695134157572865
VisualCogA_Task-1,right,F3,revision_v2,23.4375,-0.03843052121083623
VisualCogA_Task-1,right,F3,revision_v2,31.25,-0.058702209502213276
VisualCogA_Task-1,right,F3,revision_v2,39.0625,-0.0648213335324791
VisualCogA_Task-1,right,F3,revision_v2,46.875,-0.01604669115177637
VisualCogA_Task-1,right,F3,revision_v2,54.6875,0.12286402190661116
VisualCogA_Task-1,right,F3,revision_v2,62.5,0.35492297614471024
VisualCogA_Task-1,right,F3,revision_v2,70.3125,0.6469747950136838
VisualCogA_Task-1,right,F3,revision_v2,78.125,0.9494664077747754
VisualCogA_Task-1,right,F3,revision_v2,85.9375,1.2229287950042118
VisualCogA_Task-1,right,F3,revision_v2,93.75,1.4495427303703825
VisualCogA_Task-1,right,F3,revision_v2,101.5625,1.6303330495784552
VisualCogA_Task-1,right,F3,revision_v2,109.375,1.7740395415014665
VisualCogA_Task-1,right,F3,revision_v2,117.1875,1.8904259943048882
VisualCogA_Task-1,right,F3,revision_v2,125.0,1.9865823536253955
VisualCogA_Task-1,right,F3,revision_v2,132.8125,2.0683549910117773
VisualCogA_Task-1,right,F3,revision_v2,140.625,2.13982302381116
VisualCogA_Task-1,right,F3,revision_v2,148.4375,2.204777448792879
VisualCogA_Task-1,right,F3,revision_v2,156.25,2.2653096904579972
VisualCogA_Task-1,right,F3,revision_v2,164.0625,2.323235120785032
VisualCogA_Task-1,right,F3,revision_v2,171.875,2.378723341810361
VisualCogA_Task-1,right,F3,revision_v2,179.6875,2.432197077411376
VisualCogA_Task-1,right,F3,revision_v2,187.5,2.4833730436317873
VisualCogA_Task-1,right,F3,revision_v2,195.3125,2.533640468493904
VisualCogA_Task-1,right,F3,revision_v2,203.125,2.5840018168053924
VisualCogA_Task-1,right,F3,revision_v2,210.9375,2.63501407477691
VisualCogA_Task-1,right,F3,revision_v2,218.75,2.6829647804378416
VisualCogA_Task-1,right,F3,revision_v2,226.5625,2.7235495496780966
VisualCogA_Task-1,right,F3,revision_v2,234.375,2.756892214501702
VisualCogA_Task-1,right,F3,revision_v2,242.1875,2.796581908776044
VisualCogA_Task-1,right,F3,revision_v2,250.0,2.864255024175333
VisualCogA_Task-1,right,F3,revision_v2,257.8125,2.9761679921746818
VisualCogA_Task-1,right,F3,revision_v2,265.625,3.126099127986583
VisualCogA_Task-1,right,F3,revision_v2,273.4375,3.288664725431649
VisualCogA_Task-1,right,F3,revision_v2,281.25,3.432439905519211
VisualCogA_Task-1,right,F3,revision_v2,289.0625,3.538040015887809
VisualCogA_Task-1,right,F3,revision_v2,296.875,3.6004748419580683
VisualCogA_Task-1,right,F3,revision_v2,304.6875,3.626783753796608
VisualCogA_Task-1,right,F3,revision_v2,312.5,3.6259523270117535
VisualCogA_Task-1,right,F3,revision_v2,320.3125,3.6070798198355956
VisualCogA_Task-1,right,F3,revision_v2,328.125,3.5756271317230355
VisualCogA_Task-1,right,F3,revision_v2,335.9375,3.5368292082594484
VisualCogA_Task-1,right,F3,revision_v2,343.75,3.493370087119491
VisualCogA_Task-1,right,F3,revision_v2,351.5625,3.44845072387654
VisualCogA_Task-1,right,F3,revision_v2,359.375,3.4028423461317967
VisualCogA_Task-1,right,F3,revision_v2,367.1875,3.3581149240188486
VisualCogA_Task-1,right,F3,revision_v2,375.0,3.313819614904193
VisualCogA_Task-1,right,F3,revision_v2,382.8125,3.270879702186617
VisualCogA_Task-1,right,F3,revision_v2,390.625,3.2285024862129323
VisualCogA_Task-1,right,F3,revision_v2,398.4375,3.187487631470222
VisualCogA_Task-1,right,F3,revision_v2,406.25,3.14692377821818
VisualCogA_Task-1,right,F3,revision_v2,414.0625,3.1075818018014947
VisualCogA_Task-1,right,F3,revision_v2,421.875,3.0685045427145643
VisualCogA_Task-1,right,F3,revision_v2,429.6875,3.0304992961035957
VisualCogA_Task-1,right,F3,revision_v2,437.5,2.992604078577915
VisualCogA_Task-1,right,F3,revision_v2,445.3125,2.9556737074074806
VisualCogA_Task-1,right,F3,revision_v2,453.125,2.918736783781618
VisualCogA_Task-1,right,F3,revision_v2,460.9375,2.8826878832737464
VisualCogA_Task-1,right,F3,revision_v2,468.75,2.8465416507955528
VisualCogA_Task-1,right,F3,revision_v2,476.5625,2.811229031662884
VisualCogA_Task-1,right,F3,revision_v2,484.375,2.775747950329155
VisualCogA_Task-1,right,F3,revision_v2,492.1875,2.7410621466548215
VisualCogA_Task-1,right,F3,revision_v2,500.0,2.7061499685814825
VisualCogA_Task-1,right,F3,revision_v2,507.8125,2.6720050315589545
VisualCogA_Task-1,right,F3,revision_v2,515.625,2.637584290363819
VisualCogA_Task-1,right,F3,revision_v2,523.4375,2.6039097139835166
VisualCogA_Task-1,right,F3,revision_v2,531.25,2.5699165695000974
VisualCogA_Task-1,right,F3,revision_v2,539.0625,2.5366547078787494
VisualCogA_Task-1,right,F3,revision_v2,546.875,2.5030373514808315
VisualCogA_Task-1,right,F3,revision_v2,554.6875,2.4701406130553902
VisualCogA_Task-1,right,F3,revision_v2,562.5,2.436854202780055
VisualCogA_Task-1,right,F3,revision_v2,570.3125,2.4042802311631823
VisualCogA_Task-1,right,F3,revision_v2,578.125,2.3712879099004884
VisualCogA_Task-1,right,F3,revision_v2,585.9375,2.339008351717881
VisualCogA_Task-1,right,F3,revision_v2,593.75,2.306288065021233
VisualCogA_Task-1,right,F3,revision_v2,601.5625,2.274276385115731
VisualCogA_Task-1,right,F3,revision_v2,609.375,2.2417881007747864
VisualCogA_Task-1,right,F3,revision_v2,617.1875,2.210002243704874
VisualCogA_Task-1,right,F3,revision_v2,625.0,2.177739179471763
VisualCogA_Task-1,right,F3,revision_v2,632.8125,2.1462314450144664
VisualCogA_Task-1,right,F3,revision_v2,640.625,2.114251278941328
VisualCogA_Task-1,right,F3,revision_v2,648.4375,2.082954664920662
VisualCogA_Task-1,right,F3,revision_v2,656.25,2.051013286812065
VisualCogA_Task-1,right,F3,revision_v2,664.0625,2.01973794005933
VisualCogA_Task-1,right,F3,revision_v2,671.875,1.9881394892272204
VisualCogA_Task-1,right,F3,revision_v2,679.6875,1.9577450469663327
VisualCogA_Task-1,right,F3,revision_v2,687.5,1.9269614704096725
VisualCogA_Task-1,right,F3,revision_v2,695.3125,1.8960948725550746
VisualCogA_Task-1,right,F3,revision_v2,703.125,1.8631821558276451
VisualCogA_Task-1,right,F3,revision_v2,710.9375,1.8309906553320427
VisualCogA_Task-1,right,F3,revision_v2,718.75,1.8016910017802577
VisualCogA_Task-1,right,F3,revision_v2,726.5625,1.778081021366428
VisualCogA_Task-1,right,F3,revision_v2,734.375,1.7526067763505404
VisualCogA_Task-1,right,F3,revision_v2,742.1875,1.7148006419463668
VisualCogA_Task-1,right,F3,revision_v2,750.0,1.6616139582026292
VisualCogA_Task-1,right,F3,revision_v2,757.8125,1.619981380153917
VisualCogA_Task-1,right,F3,revision_v2,765.625,1.6272998558739893
VisualCogA_Task-1,right,F3,revision_v2,773.4375,1.6767468242260009
VisualCogA_Task-1,right,F3,revision_v2,781.25,1.6565862631543848
VisualCogA_Task-1,right,F3,revision_v2,789.0625,1.4085359687889745
VisualCogA_Task-1,right,F3,revision_v2,796.875,0.8982739870392139
VisualCogA_Task-1,right,F3,revision_v3,0.0,-0.13029000218648434
VisualCogA_Task-1,right,F3,revision_v3,7.8125,-0.42487164091351204
VisualCogA_Task-1,right,F3,revision_v3,15.625,-2.1602921150076835
VisualCogA_Task-1,right,F3,revision_v3,23.4375,-5.536169231578212
VisualCogA_Task-1,right,F3,revision_v3,31.25,-9.572201247364857
VisualCogA_Task-1,right,F3,revision_v3,39.0625,-12.602038384309916
VisualCogA_Task-1,right,F3,revision_v3,46.875,-13.332174309018137
VisualCogA_Task-1,right,F3,revision_v3,54.6875,-11.441959437234123
VisualCogA_Task-1,right,F3,revision_v3,62.5,-7.422093290415999
VisualCogA_Task-1,right,F3,revision_v3,70.3125,-2.07254236900099
VisualCogA_Task-1,right,F3,revision_v3,78.125,3.8383896964172166
VisualCogA_Task-1,right,F3,revision_v3,85.9375,9.708699126239038
VisualCogA_Task-1,right,F3,revision_v3,93.75,15.11042767825992
VisualCogA_Task-1,right,F3,revision_v3,101.5625,19.80039363077273
VisualCogA_Task-1,right,F3,revision_v3,109.375,23.686157905398638
VisualCogA_Task-1,right,F3,revision_v3,117.1875,26.797090175285305
VisualCogA_Task-1,right,F3,revision_v3,125.0,29.214059448994178
VisualCogA_Task-1,right,F3,revision_v3,132.8125,31.04541698051935
VisualCogA_Task-1,right,F3,revision_v3,140.625,32.38649122422628
VisualCogA_Task-1,right,F3,revision_v3,148.4375,33.33179358377897
VisualCogA_Task-1,right,F3,revision_v3,156.25,33.95299003570909
VisualCogA_Task-1,right,F3,revision_v3,164.0625,34.32370127497047
VisualCogA_Task-1,right,F3,revision_v3,171.875,34.50104036500907
VisualCogA_Task-1,right,F3,revision_v3,179.6875,34.549901458391496
VisualCogA_Task-1,right,F3,revision_v3,187.5,34.50665748112681
VisualCogA_Task-1,right,F3,revision_v3,195.3125,34.3901293743719
VisualCogA_Task-1,right,F3,revision_v3,203.125,34.18016320323302
VisualCogA_Task-1,right,F3,revision_v3,210.9375,33.89147652532391
VisualCogA_Task-1,right,F3,revision_v3,218.75,33.598921168254215
VisualCogA_Task-1,right,F3,revision_v3,226.5625,33.45973642340265
VisualCogA_Task-1,right,F3,revision_v3,234.375,33.590740256401084
VisualCogA_Task-1,right,F3,revision_v3,242.1875,34.00968892599311
VisualCogA_Task-1,right,F3,revision_v3,250.0,34.598356923978834
VisualCogA_Task-1,right,F3,revision_v3,257.8125,35.206909485341356
VisualCogA_Task-1,right,F3,revision_v3,265.625,35.691036470575284
VisualCogA_Task-1,right,F3,revision_v3,273.4375,35.980671288739735
VisualCogA_Task-1,right,F3,revision_v3,281.25,36.03973462216582
VisualCogA_Task-1,right,F3,revision_v3,289.0625,35.88663510257815
VisualCogA_Task-1,right,F3,revision_v3,296.875,35.53863677177365
VisualCogA_Task-1,right,F3,revision_v3,304.6875,35.04150130251512
VisualCogA_Task-1,right,F3,revision_v3,312.5,34.42366058538804
VisualCogA_Task-1,right,F3,revision_v3,320.3125,33.735856665967816
VisualCogA_Task-1,right,F3,revision_v3,328.125,33.007281792401834
VisualCogA_Task-1,right,F3,revision_v3,335.9375,32.28814958609073
VisualCogA_Task-1,right,F3,revision_v3,343.75,31.604120226369233
VisualCogA_Task-1,right,F3,revision_v3,351.5625,31.00055881566884
VisualCogA_Task-1,right,F3,revision_v3,359.375,30.495273602875976
VisualCogA_Task-1,right,F3,revision_v3,367.1875,30.12479454849985
VisualCogA_Task-1,right,F3,revision_v3,375.0,29.89570372081952
VisualCogA_Task-1,right,F3,revision_v3,382.8125,29.833030109329428
VisualCogA_Task-1,right,F3,revision_v3,390.625,29.93042079984336
VisualCogA_Task-1,right,F3,revision_v3,398.4375,30.2010300729777
VisualCogA_Task-1,right,F3,revision_v3,406.25,30.626781630732566
VisualCogA_Task-1,right,F3,revision_v3,414.0625,31.211466170230324
VisualCogA_Task-1,right,F3,revision_v3,421.875,31.92855869048868
VisualCogA_Task-1,right,F3,revision_v3,429.6875,32.77610774440901
VisualCogA_Task-1,right,F3,revision_v3,437.5,33.723020068937274
VisualCogA_Task-1,right,F3,revision_v3,445.3125,34.76562295085349
VisualCogA_Task-1,right,F3,revision_v3,453.125,35.8720871687659
VisualCogA_Task-1,right,F3,revision_v3,460.9375,37.04019804156609
VisualCogA_Task-1,right,F3,revision_v3,468.75,38.23973628861978
VisualCogA_Task-1,right,F3,revision_v3,476.5625,39.471563801976544
VisualCogA_Task-1,right,F3,revision_v3,484.375,40.70818892133953
VisualCogA_Task-1,right,F3,revision_v3,492.1875,41.954234339750045
VisualCogA_Task-1,right,F3,revision_v3,500.0,43.185193301507624
VisualCogA_Task-1,right,F3,revision_v3,507.8125,44.40930952726832
VisualCogA_Task-1,right,F3,revision_v3,515.625,45.604663443941405
VisualCogA_Task-1,right,F3,revision_v3,523.4375,46.78256294552844
VisualCogA_Task-1,right,F3,revision_v3,531.25,47.92303699800438
VisualCogA_Task-1,right,F3,revision_v3,539.0625,49.03977586311527
VisualCogA_Task-1,right,F3,revision_v3,546.875,50.11410245190105
VisualCogA_Task-1,right,F3,revision_v3,554.6875,51.161474255177446
VisualCogA_Task-1,right,F3,revision_v3,562.5,52.163928823893094
VisualCogA_Task-1,right,F3,revision_v3,570.3125,53.138152131270886
VisualCogA_Task-1,right,F3,revision_v3,578.125,54.06647836084852
VisualCogA_Task-1,right,F3,revision_v3,585.9375,54.966506817427835
VisualCogA_Task-1,right,F3,revision_v3,593.75,55.8204713237398
VisualCogA_Task-1,right,F3,revision_v3,601.5625,56.646220941670535
VisualCogA_Task-1,right,F3,revision_v3,609.375,57.42526212988466
VisualCogA_Task-1,right,F3,revision_v3,617.1875,58.175909932459184
VisualCogA_Task-1,right,F3,revision_v3,625.0,58.88032105960115
VisualCogA_Task-1,right,F3,revision_v3,632.8125,59.55824203012198
VisualCogA_Task-1,right,F3,revision_v3,640.625,60.19020488342177
VisualCogA_Task-1,right,F3,revision_v3,648.4375,60.79178042656454
VisualCogA_Task-1,right,F3,revision_v3,656.25,61.33946190755053
VisualCogA_Task-1,right,F3,revision_v3,664.0625,61.85446690440344
VisualCogA_Task-1,right,F3,revision_v3,671.875,62.32833837911233
VisualCogA_Task-1,right,F3,revision_v3,679.6875,62.79110617676196
VisualCogA_Task-1,right,F3,revision_v3,687.5,63.209088339189634
VisualCogA_Task-1,right,F3,revision_v3,695.3125,63.558675259840854
VisualCogA_Task-1,right,F3,revision_v3,703.125,63.789737834090715
VisualCogA_Task-1,right,F3,revision_v3,710.9375,63.98338098022822
VisualCogA_Task-1,right,F3,revision_v3,718.75,64.26985733088175
VisualCogA_Task-1,right,F3,revision_v3,726.5625,64.73493913570984
VisualCogA_Task-1,right,F3,revision_v3,734.375,65.09232414813978
VisualCogA_Task-1,right,F3,revision_v3,742.1875,64.84924373566113
VisualCogA_Task-1,right,F3,revision_v3,750.0,63.90172242058575
VisualCogA_Task-1,right,F3,revision_v3,757.8125,63.36644266439369
VisualCogA_Task-1,right,F3,revision_v3,765.625,64.91042378489853
VisualCogA_Task-1,right,F3,revision_v3,773.4375,68.23710657206509
VisualCogA_Task-1,right,F3,revision_v3,781.25,68.57920516136788
VisualCogA_Task-1,right,F3,revision_v3,789.0625,58.99239519426371
VisualCogA_Task-1,right,F3,revision_v3,796.875,37.8649249882064
VisualCogA_Task-1,right,Fz,measured,0.0,-1.9177094453811103
VisualCogA_Task-1,right,Fz,measured,7.8125,-2.231335179637634
VisualCogA_Task-1,right,Fz,measured,15.625,-2.2871209992229495
VisualCogA_Task-1,right,Fz,measured,23.4375,-1.8488229015340056
VisualCogA_Task-1,right,Fz,measured,31.25,-1.2572529227430767
VisualCogA_Task-1,right,Fz,measured,39.0625,-1.1234959237906248
VisualCogA_Task-1,right,Fz,measured,46.875,-1.719371079935829
VisualCogA_Task-1,right,Fz,measured,54.6875,-2.6442618827487916
VisualCogA_Task-1,right,Fz,measured,62.5,-3.1156926622151304
VisualCogA_Task-1,right,Fz,measured,70.3125,-2.654754526298254
VisualCogA_Task-1,right,Fz,measured,78.125,-1.5551743655975896
VisualCogA_Task-1,right,Fz,measured,85.9375,-0.6672413195049746
VisualCogA_Task-1,right,Fz,measured,93.75,-0.6974661333856881
VisualCogA_Task-1,right,Fz,measured,101.5625,-1.6542568068991406
VisualCogA_Task-1,right,Fz,measured,109.375,-2.9515361698532883
VisualCogA_Task-1,right,Fz,measured,117.1875,-3.9272206453892666
VisualCogA_Task-1,right,Fz,measured,125.0,-4.296811456048769
VisualCogA_Task-1,right,Fz,measured,132.8125,-4.173558494622736
VisualCogA_Task-1,right,Fz,measured,140.625,-3.757406971825514
VisualCogA_Task-1,right,Fz,measured,148.4375,-3.1263469973743985
VisualCogA_Task-1,right,Fz,measured,156.25,-2.3229011819687604
VisualCogA_Task-1,right,Fz,measured,164.0625,-1.4259823234137223
VisualCogA_Task-1,right,Fz,measured,171.875,-0.6273554852625515
VisualCogA_Task-1,right,Fz,measured,179.6875,-0.2652658600734216
VisualCogA_Task-1,right,Fz,measured,187.5,-0.6026232510950689
VisualCogA_Task-1,right,Fz,measured,195.3125,-1.4867053494809102
VisualCogA_Task-1,right,Fz,measured,203.125,-2.4858364569151816
VisualCogA_Task-1,right,Fz,measured,210.9375,-3.310865530886878
VisualCogA_Task-1,right,Fz,measured,218.75,-3.839602916546283
VisualCogA_Task-1,right,Fz,measured,226.5625,-3.910371697484387
VisualCogA_Task-1,right,Fz,measured,234.375,-3.5263654375755396
VisualCogA_Task-1,right,Fz,measured,242.1875,-2.990167199614391
VisualCogA_Task-1,right,Fz,measured,250.0,-2.500078291729294
VisualCogA_Task-1,right,Fz,measured,257.8125,-1.7903681377398857
VisualCogA_Task-1,right,Fz,measured,265.625,-0.532960218811196
VisualCogA_Task-1,right,Fz,measured,273.4375,0.982370484479593
VisualCogA_Task-1,right,Fz,measured,281.25,2.014519229712541
VisualCogA_Task-1,right,Fz,measured,289.0625,2.33409961539406
VisualCogA_Task-1,right,Fz,measured,296.875,2.532236023779802
VisualCogA_Task-1,right,Fz,measured,304.6875,3.2124855135580987
VisualCogA_Task-1,right,Fz,measured,312.5,4.223377899563676
VisualCogA_Task-1,right,Fz,measured,320.3125,5.0031527901780155
VisualCogA_Task-1,right,Fz,measured,328.125,5.375521735231455
VisualCogA_Task-1,right,Fz,measured,335.9375,5.761622272057785
VisualCogA_Task-1,right,Fz,measured,343.75,6.643532534419142
VisualCogA_Task-1,right,Fz,measured,351.5625,7.802166423633051
VisualCogA_Task-1,right,Fz,measured,359.375,8.403985305263218
VisualCogA_Task-1,right,Fz,measured,367.1875,8.087258712745383
VisualCogA_Task-1,right,Fz,measured,375.0,7.345192113709341
VisualCogA_Task-1,right,Fz,measured,382.8125,6.6931705951479294
VisualCogA_Task-1,right,Fz,measured,390.625,6.10641976150472
VisualCogA_Task-1,right,Fz,measured,398.4375,5.5360154045300485
VisualCogA_Task-1,right,Fz,measured,406.25,5.248999028997903
VisualCogA_Task-1,right,Fz,measured,414.0625,5.238404400786539
VisualCogA_Task-1,right,Fz,measured,421.875,4.833291784724026
VisualCogA_Task-1,right,Fz,measured,429.6875,3.4828833610127528
VisualCogA_Task-1,right,Fz,measured,437.5,1.5803822895899222
VisualCogA_Task-1,right,Fz,measured,445.3125,0.1830148439422726
VisualCogA_Task-1,right,Fz,measured,453.125,-0.009546602473859024
VisualCogA_Task-1,right,Fz,measured,460.9375,0.7480114289908625
VisualCogA_Task-1,right,Fz,measured,468.75,1.5559289830755398
VisualCogA_Task-1,right,Fz,measured,476.5625,1.714888881614919
VisualCogA_Task-1,right,Fz,measured,484.375,1.2643486432463957
VisualCogA_Task-1,right,Fz,measured,492.1875,0.7347633309153576
VisualCogA_Task-1,right,Fz,measured,500.0,0.530521228033499
VisualCogA_Task-1,right,Fz,measured,507.8125,0.6559298204912548
VisualCogA_Task-1,right,Fz,measured,515.625,0.8295343293623892
VisualCogA_Task-1,right,Fz,measured,523.4375,0.9723770567791388
VisualCogA_Task-1,right,Fz,measured,531.25,1.3735049895339517
VisualCogA_Task-1,right,Fz,measured,539.0625,2.0722542947286122
VisualCogA_Task-1,right,Fz,measured,546.875,2.4855990253995786
VisualCogA_Task-1,right,Fz,measured,554.6875,2.0892609662791837
VisualCogA_Task-1,right,Fz,measured,562.5,1.198917730195752
VisualCogA_Task-1,right,Fz,measured,570.3125,0.699485945130696
VisualCogA_Task-1,right,Fz,measured,578.125,0.9891206079627151
VisualCogA_Task-1,right,Fz,measured,585.9375,1.545761231419646
VisualCogA_Task-1,right,Fz,measured,593.75,1.6248028118414442
VisualCogA_Task-1,right,Fz,measured,601.5625,1.0073822597211413
VisualCogA_Task-1,right,Fz,measured,609.375,-0.09776374950018592
VisualCogA_Task-1,right,Fz,measured,617.1875,-1.4076940054698923
VisualCogA_Task-1,right,Fz,measured,625.0,-2.6229968967075363
VisualCogA_Task-1,right,Fz,measured,632.8125,-3.3235359468779784
VisualCogA_Task-1,right,Fz,measured,640.625,-3.1181519999504137
VisualCogA_Task-1,right,Fz,measured,648.4375,-2.0664487416691504
VisualCogA_Task-1,right,Fz,measured,656.25,-0.8120645870574282
VisualCogA_Task-1,right,Fz,measured,664.0625,0.06554204618588116
VisualCogA_Task-1,right,Fz,measured,671.875,0.6604138309199991
VisualCogA_Task-1,right,Fz,measured,679.6875,1.406224601379452
VisualCogA_Task-1,right,Fz,measured,687.5,2.3874046130151596
VisualCogA_Task-1,right,Fz,measured,695.3125,3.215480959816621
VisualCogA_Task-1,right,Fz,measured,703.125,3.3916772876011847
VisualCogA_Task-1,right,Fz,measured,710.9375,2.837904215964392
VisualCogA_Task-1,right,Fz,measured,718.75,2.0051791223339204
VisualCogA_Task-1,right,Fz,measured,726.5625,1.4960962166357137
VisualCogA_Task-1,right,Fz,measured,734.375,1.758165138316653
VisualCogA_Task-1,right,Fz,measured,742.1875,3.0649389614968627
VisualCogA_Task-1,right,Fz,measured,750.0,5.2648598288879
VisualCogA_Task-1,right,Fz,measured,757.8125,7.473877669063641
VisualCogA_Task-1,right,Fz,measured,765.625,8.60980292992495
VisualCogA_Task-1,right,Fz,measured,773.4375,8.468229498004215
VisualCogA_Task-1,right,Fz,measured,781.25,7.859816323729279
VisualCogA_Task-1,right,Fz,measured,789.0625,7.797145109967781
VisualCogA_Task-1,right,Fz,measured,796.875,8.733398142237919
VisualCogA_Task-1,right,Fz,revision,0.0,-0.2039093504204681
VisualCogA_Task-1,right,Fz,revision,7.8125,-0.26427256107213726
VisualCogA_Task-1,right,Fz,revision,15.625,-0.10947024307313136
VisualCogA_Task-1,right,Fz,revision,23.4375,0.5628528622315558
VisualCogA_Task-1,right,Fz,revision,31.25,1.971869645977073
VisualCogA_Task-1,right,Fz,revision,39.0625,4.105594527753912
VisualCogA_Task-1,right,Fz,revision,46.875,6.7244330771452745
VisualCogA_Task-1,right,Fz,revision,54.6875,9.498711009690004
VisualCogA_Task-1,right,Fz,revision,62.5,12.144607453634588
VisualCogA_Task-1,right,Fz,revision,70.3125,14.491498737871169
VisualCogA_Task-1,right,Fz,revision,78.125,16.47076837729831
VisualCogA_Task-1,right,Fz,revision,85.9375,18.08686955459656
VisualCogA_Task-1,right,Fz,revision,93.75,19.379673524349702
VisualCogA_Task-1,right,Fz,revision,101.5625,20.408529768712338
VisualCogA_Task-1,right,Fz,revision,109.375,21.23052909800114
VisualCogA_Task-1,right,Fz,revision,117.1875,21.898581345984713
VisualCogA_Task-1,right,Fz,revision,125.0,22.44953667734706
VisualCogA_Task-1,right,Fz,revision,132.8125,22.91345540639181
VisualCogA_Task-1,right,Fz,revision,140.625,23.307362994577723
VisualCogA_Task-1,right,Fz,revision,148.4375,23.646704358228043
VisualCogA_Task-1,right,Fz,revision,156.25,23.93531424169938
VisualCogA_Task-1,right,Fz,revision,164.0625,24.177018641484292
VisualCogA_Task-1,right,Fz,revision,171.875,24.369877332767366
VisualCogA_Task-1,right,Fz,revision,179.6875,24.525926104895856
VisualCogA_Task-1,right,Fz,revision,187.5,24.659178489603153
VisualCogA_Task-1,right,Fz,revision,195.3125,24.78020429331255
VisualCogA_Task-1,right,Fz,revision,203.125,24.856045630923518
VisualCogA_Task-1,right,Fz,revision,210.9375,24.823550475912242
VisualCogA_Task-1,right,Fz,revision,218.75,24.627172092183276
VisualCogA_Task-1,right,Fz,revision,226.5625,24.301667491316557
VisualCogA_Task-1,right,Fz,revision,234.375,23.961764427942228
VisualCogA_Task-1,right,Fz,revision,242.1875,23.74031587384838
VisualCogA_Task-1,right,Fz,revision,250.0,23.69004848484757
VisualCogA_Task-1,right,Fz,revision,257.8125,23.785780313545388
VisualCogA_Task-1,right,Fz,revision,265.625,23.94998577066651
VisualCogA_Task-1,right,Fz,revision,273.4375,24.116817509067154
VisualCogA_Task-1,right,Fz,revision,281.25,24.23519578706675
VisualCogA_Task-1,right,Fz,revision,289.0625,24.286843322883662
VisualCogA_Task-1,right,Fz,revision,296.875,24.26018780364636
VisualCogA_Task-1,right,Fz,revision,304.6875,24.163527188507654
VisualCogA_Task-1,right,Fz,revision,312.5,24.001125684254845
VisualCogA_Task-1,right,Fz,revision,320.3125,23.78997952888495
VisualCogA_Task-1,right,Fz,revision,328.125,23.53642893108096
VisualCogA_Task-1,right,Fz,revision,335.9375,23.2555382482266
VisualCogA_Task-1,right,Fz,revision,343.75,22.94921895936391
VisualCogA_Task-1,right,Fz,revision,351.5625,22.628486128841672
VisualCogA_Task-1,right,Fz,revision,359.375,22.291689823132025
VisualCogA_Task-1,right,Fz,revision,367.1875,21.947682351376923
VisualCogA_Task-1,right,Fz,revision,375.0,21.59293816557165
VisualCogA_Task-1,right,Fz,revision,382.8125,21.235322527516853
VisualCogA_Task-1,right,Fz,revision,390.625,20.870259707303536
VisualCogA_Task-1,right,Fz,revision,398.4375,20.505245137692405
VisualCogA_Task-1,right,Fz,revision,406.25,20.135116889773446
VisualCogA_Task-1,right,Fz,revision,414.0625,19.76730495858976
VisualCogA_Task-1,right,Fz,revision,421.875,19.396239402909167
VisualCogA_Task-1,right,Fz,revision,429.6875,19.029369691257482
VisualCogA_Task-1,right,Fz,revision,437.5,18.660763293208678
VisualCogA_Task-1,right,Fz,revision,445.3125,18.297916054461208
VisualCogA_Task-1,right,Fz,revision,453.125,17.934561412816976
VisualCogA_Task-1,right,Fz,revision,460.9375,17.578258702627316
VisualCogA_Task-1,right,Fz,revision,468.75,17.22241953957199
VisualCogA_Task-1,right,Fz,revision,476.5625,16.874673076509858
VisualCogA_Task-1,right,Fz,revision,484.375,16.528127465043212
VisualCogA_Task-1,right,Fz,revision,492.1875,16.190501873533403
VisualCogA_Task-1,right,Fz,revision,500.0,15.85462040225666
VisualCogA_Task-1,right,Fz,revision,507.8125,15.528296971864968
VisualCogA_Task-1,right,Fz,revision,515.625,15.204077416771266
VisualCogA_Task-1,right,Fz,revision,523.4375,14.889883286643016
VisualCogA_Task-1,right,Fz,revision,531.25,14.578011433894257
VisualCogA_Task-1,right,Fz,revision,539.0625,14.276513971009855
VisualCogA_Task-1,right,Fz,revision,546.875,13.977446272554594
VisualCogA_Task-1,right,Fz,revision,554.6875,13.688978721752338
VisualCogA_Task-1,right,Fz,revision,562.5,13.402920821414938
VisualCogA_Task-1,right,Fz,revision,570.3125,13.127578624880352
VisualCogA_Task-1,right,Fz,revision,578.125,12.854558703740723
VisualCogA_Task-1,right,Fz,revision,585.9375,12.59233433777602
VisualCogA_Task-1,right,Fz,revision,593.75,12.332299171225703
VisualCogA_Task-1,right,Fz,revision,601.5625,12.083035523517665
VisualCogA_Task-1,right,Fz,revision,609.375,11.835685991432054
VisualCogA_Task-1,right,Fz,revision,617.1875,11.59901450716488
VisualCogA_Task-1,right,Fz,revision,625.0,11.364110524651535
VisualCogA_Task-1,right,Fz,revision,632.8125,11.140036556650285
VisualCogA_Task-1,right,Fz,revision,640.625,10.917556220792502
VisualCogA_Task-1,right,Fz,revision,648.4375,10.705387221852245
VisualCogA_Task-1,right,Fz,revision,656.25,10.493721954082918
VisualCogA_Task-1,right,Fz,revision,664.0625,10.292093236140929
VisualCogA_Task-1,right,Fz,revision,671.875,10.092304953413958
VisualCogA_Task-1,right,Fz,revision,679.6875,9.905008016669253
VisualCogA_Task-1,right,Fz,revision,687.5,9.718948563646823
VisualCogA_Task-1,right,Fz,revision,695.3125,9.538777385592482
VisualCogA_Task-1,right,Fz,revision,703.125,9.351330862255207
VisualCogA_Task-1,right,Fz,revision,710.9375,9.173480324360025
VisualCogA_Task-1,right,Fz,revision,718.75,9.012476505176776
VisualCogA_Task-1,right,Fz,revision,726.5625,8.885448925272394
VisualCogA_Task-1,right,Fz,revision,734.375,8.751494187215684
VisualCogA_Task-1,right,Fz,revision,742.1875,8.562056275398927
VisualCogA_Task-1,right,Fz,revision,750.0,8.298264437809255
VisualCogA_Task-1,right,Fz,revision,757.8125,8.09664344025774
VisualCogA_Task-1,right,Fz,revision,765.625,8.138807855571718
VisualCogA_Task-1,right,Fz,revision,773.4375,8.39496914934909
VisualCogA_Task-1,right,Fz,revision,781.25,8.308657038927993
VisualCogA_Task-1,right,Fz,revision,789.0625,7.098790822996892
VisualCogA_Task-1,right,Fz,revision,796.875,4.58885072673815
VisualCogA_Task-1,right,Fz,revision_v2,0.0,0.00012923339034981158
VisualCogA_Task-1,right,Fz,revision_v2,7.8125,0.0006243671720919739
VisualCogA_Task-1,right,Fz,revision_v2,15.625,-0.00030667408022424744
VisualCogA_Task-1,right,Fz,revision_v2,23.4375,-0.004703836964334336
VisualCogA_Task-1,right,Fz,revision_v2,31.25,-0.013557191100241601
VisualCogA_Task-1,right,Fz,revision_v2,39.0625,-0.025524461335134776
VisualCogA_Task-1,right,Fz,revision_v2,46.875,-0.03735171059454849
VisualCogA_Task-1,right,Fz,revision_v2,54.6875,-0.04579517721322633
VisualCogA_Task-1,right,Fz,revision_v2,62.5,-0.0493996645129936
VisualCogA_Task-1,right,Fz,revision_v2,70.3125,-0.048799972126739755
VisualCogA_Task-1,right,Fz,revision_v2,78.125,-0.045708470983329884
VisualCogA_Task-1,right,Fz,revision_v2,85.9375,-0.04171449625007116
VisualCogA_Task-1,right,Fz,revision_v2,93.75,-0.0377213255548391
VisualCogA_Task-1,right,Fz,revision_v2,101.5625,-0.0340405228351523
VisualCogA_Task-1,right,Fz,revision_v2,109.375,-0.030713287831205003
VisualCogA_Task-1,right,Fz,revision_v2,117.1875,-0.027729412485368646
VisualCogA_Task-1,right,Fz,revision_v2,125.0,-0.025081300882983045
VisualCogA_Task-1,right,Fz,revision_v2,132.8125,-0.022748966363844093
VisualCogA_Task-1,right,Fz,revision_v2,140.625,-0.02068707278732682
VisualCogA_Task-1,right,Fz,revision_v2,148.4375,-0.018834967031788732
VisualCogA_Task-1,right,Fz,revision_v2,156.25,-0.017134707374968135
VisualCogA_Task-1,right,Fz,revision_v2,164.0625,-0.01555901212651458
VisualCogA_Task-1,right,Fz,revision_v2,171.875,-0.014128474978431291
VisualCogA_Task-1,right,Fz,revision_v2,179.6875,-0.012888099268301529
VisualCogA_Task-1,right,Fz,revision_v2,187.5,-0.011817980159001094
VisualCogA_Task-1,right,Fz,revision_v2,195.3125,-0.010763165042448708
VisualCogA_Task-1,right,Fz,revision_v2,203.125,-0.009534944228754142
VisualCogA_Task-1,right,Fz,revision_v2,210.9375,-0.008240737281942075
VisualCogA_Task-1,right,Fz,revision_v2,218.75,-0.007549559400717424
VisualCogA_Task-1,right,Fz,revision_v2,226.5625,-0.00843609650610942
VisualCogA_Task-1,right,Fz,revision_v2,234.375,-0.011361822985563442
VisualCogA_Task-1,right,Fz,revision_v2,242.1875,-0.015607150441577268
VisualCogA_Task-1,right,Fz,revision_v2,250.0,-0.01949509629849319
VisualCogA_Task-1,right,Fz,revision_v2,257.8125,-0.021409811741302565
VisualCogA_Task-1,right,Fz,revision_v2,265.625,-0.020716735760898258
VisualCogA_Task-1,right,Fz,revision_v2,273.4375,-0.017886558155400707
VisualCogA_Task-1,right,Fz,revision_v2,281.25,-0.013921328423690779
VisualCogA_Task-1,right,Fz,revision_v2,289.0625,-0.009709828392155897
VisualCogA_Task-1,right,Fz,revision_v2,296.875,-0.005739098903670321
VisualCogA_Task-1,right,Fz,revision_v2,304.6875,-0.0021664286190333365
VisualCogA_Task-1,right,Fz,revision_v2,312.5,0.0009999428676850525
VisualCogA_Task-1,right,Fz,revision_v2,320.3125,0.003778712209079124
VisualCogA_Task-1,right,Fz,revision_v2,328.125,0.006190752694849689
VisualCogA_Task-1,right,Fz,revision_v2,335.9375,0.00826466804972924
VisualCogA_Task-1,right,Fz,revision_v2,343.75,0.010042490480755234
VisualCogA_Task-1,right,Fz,revision_v2,351.5625,0.011566454781228612
VisualCogA_Task-1,right,Fz,revision_v2,359.375,0.012872941227239183
VisualCogA_Task-1,right,Fz,revision_v2,367.1875,0.013986968201274758
VisualCogA_Task-1,right,Fz,revision_v2,375.0,0.014929336425370565
VisualCogA_Task-1,right,Fz,revision_v2,382.8125,0.01571657501495883
VisualCogA_Task-1,right,Fz,revision_v2,390.625,0.01636605183769686
VisualCogA_Task-1,right,Fz,revision_v2,398.4375,0.01689181831422496
VisualCogA_Task-1,right,Fz,revision_v2,406.25,0.017308101638995228
VisualCogA_Task-1,right,Fz,revision_v2,414.0625,0.017625478708887567
VisualCogA_Task-1,right,Fz,revision_v2,421.875,0.017855367930778347
VisualCogA_Task-1,right,Fz,revision_v2,429.6875,0.018006266600255862
VisualCogA_Task-1,right,Fz,revision_v2,437.5,0.018087987299955016
VisualCogA_Task-1,right,Fz,revision_v2,445.3125,0.018107389841305988
VisualCogA_Task-1,right,Fz,revision_v2,453.125,0.01807266566597027
VisualCogA_Task-1,right,Fz,revision_v2,460.9375,0.0179890809935728
VisualCogA_Task-1,right,Fz,revision_v2,468.75,0.017863497949006112
VisualCogA_Task-1,right,Fz,revision_v2,476.5625,0.017699987775698738
VisualCogA_Task-1,right,Fz,revision_v2,484.375,0.017504395340795825
VisualCogA_Task-1,right,Fz,revision_v2,492.1875,0.017279785749582454
VisualCogA_Task-1,right,Fz,revision_v2,500.0,0.01703113667050365
VisualCogA_Task-1,right,Fz,revision_v2,507.8125,0.016760684391381397
VisualCogA_Task-1,right,Fz,revision_v2,515.625,0.0164727200784175
VisualCogA_Task-1,right,Fz,revision_v2,523.4375,0.016168790158634747
VisualCogA_Task-1,right,Fz,revision_v2,531.25,0.01585260936357549
VisualCogA_Task-1,right,Fz,revision_v2,539.0625,0.015525174964030232
VisualCogA_Task-1,right,Fz,revision_v2,546.875,0.01518979817974044
VisualCogA_Task-1,right,Fz,revision_v2,554.6875,0.014847059569919876
VisualCogA_Task-1,right,Fz,revision_v2,562.5,0.014499908024994209
VisualCogA_Task-1,right,Fz,revision_v2,570.3125,0.014148507767313228
VisualCogA_Task-1,right,Fz,revision_v2,578.125,0.01379548946146846
VisualCogA_Task-1,right,Fz,revision_v2,585.9375,0.013440703807428674
VisualCogA_Task-1,right,Fz,revision_v2,593.75,0.013086554856386169
VisualCogA_Task-1,right,Fz,revision_v2,601.5625,0.012732608521437894
VisualCogA_Task-1,right,Fz,revision_v2,609.375,0.012381048044534656
VisualCogA_Task-1,right,Fz,revision_v2,617.1875,0.01203123550937405
VisualCogA_Task-1,right,Fz,revision_v2,625.0,0.011685306362779521
VisualCogA_Task-1,right,Fz,revision_v2,632.8125,0.011342527585696724
VisualCogA_Task-1,right,Fz,revision_v2,640.625,0.011004792485103427
VisualCogA_Task-1,right,Fz,revision_v2,648.4375,0.01067080309045078
VisualCogA_Task-1,right,Fz,revision_v2,656.25,0.010342058007867734
VisualCogA_Task-1,right,Fz,revision_v2,664.0625,0.010017651956530265
VisualCogA_Task-1,right,Fz,revision_v2,671.875,0.009700442526509055
VisualCogA_Task-1,right,Fz,revision_v2,679.6875,0.009390144840156505
VisualCogA_Task-1,right,Fz,revision_v2,687.5,0.009087212957929096
VisualCogA_Task-1,right,Fz,revision_v2,695.3125,0.008786320687666408
VisualCogA_Task-1,right,Fz,revision_v2,703.125,0.008486577289155082
VisualCogA_Task-1,right,Fz,revision_v2,710.9375,0.008192335303577417
VisualCogA_Task-1,right,Fz,revision_v2,718.75,0.007919104531641871
VisualCogA_Task-1,right,Fz,revision_v2,726.5625,0.007670893791311696
VisualCogA_Task-1,right,Fz,revision_v2,734.375,0.007424432232638809
VisualCogA_Task-1,right,Fz,revision_v2,742.1875,0.007131263299421537
VisualCogA_Task-1,right,Fz,revision_v2,750.0,0.006787125674685471
VisualCogA_Task-1,right,Fz,revision_v2,757.8125,0.006492498200213825
VisualCogA_Task-1,right,Fz,revision_v2,765.625,0.006402133881736192
VisualCogA_Task-1,right,Fz,revision_v2,773.4375,0.006478699388661831
VisualCogA_Task-1,right,Fz,revision_v2,781.25,0.006283867773448433
VisualCogA_Task-1,right,Fz,revision_v2,789.0625,0.005186407903781351
VisualCogA_Task-1,right,Fz,revision_v2,796.875,0.003070326676718561
VisualCogA_Task-1,right,Fz,revision_v3,0.0,0.1773232482421383
VisualCogA_Task-1,right,Fz,revision_v3,7.8125,-0.13415340394732223
VisualCogA_Task-1,right,Fz,revision_v3,15.625,-2.1068387490786096
VisualCogA_Task-1,right,Fz,revision_v3,23.4375,-5.943649639392359
VisualCogA_Task-1,right,Fz,revision_v3,31.25,-10.453484689599783
VisualCogA_Task-1,right,Fz,revision_v3,39.0625,-13.682985581337086
VisualCogA_Task-1,right,Fz,revision_v3,46.875,-14.26124631098125
VisualCogA_Task-1,right,Fz,revision_v3,54.6875,-12.165655457229377
VisualCogA_Task-1,right,Fz,revision_v3,62.5,-8.399730691973389
VisualCogA_Task-1,right,Fz,revision_v3,70.3125,-4.143381197848794
VisualCogA_Task-1,right,Fz,revision_v3,78.125,-0.17713574260007459
VisualCogA_Task-1,right,Fz,revision_v3,85.9375,3.1938348013986895
VisualCogA_Task-1,right,Fz,revision_v3,93.75,5.932038160475919
VisualCogA_Task-1,right,Fz,revision_v3,101.5625,8.08857335560695
VisualCogA_Task-1,right,Fz,revision_v3,109.375,9.725783232761225
VisualCogA_Task-1,right,Fz,revision_v3,117.1875,10.922360747599093
VisualCogA_Task-1,right,Fz,revision_v3,125.0,11.766273240945496
VisualCogA_Task-1,right,Fz,revision_v3,132.8125,12.349706630267306
VisualCogA_Task-1,right,Fz,revision_v3,140.625,12.743535522647306
VisualCogA_Task-1,right,Fz,revision_v3,148.4375,13.00073508338146
VisualCogA_Task-1,right,Fz,revision_v3,156.25,13.150312066005611
VisualCogA_Task-1,right,Fz,revision_v3,164.0625,13.218509613865763
VisualCogA_Task-1,right,Fz,revision_v3,171.875,13.227255990885912
VisualCogA_Task-1,right,Fz,revision_v3,179.6875,13.20737727426381
VisualCogA_Task-1,right,Fz,revision_v3,187.5,13.172538610553811
VisualCogA_Task-1,right,Fz,revision_v3,195.3125,13.1134114442597
VisualCogA_Task-1,right,Fz,revision_v3,203.125,12.989658668876421
VisualCogA_Task-1,right,Fz,revision_v3,210.9375,12.79543161629968
VisualCogA_Task-1,right,Fz,revision_v3,218.75,12.607453120749241
VisualCogA_Task-1,right,Fz,revision_v3,226.5625,12.590777388259323
VisualCogA_Task-1,right,Fz,revision_v3,234.375,12.876376131747381
VisualCogA_Task-1,right,Fz,revision_v3,242.1875,13.4690846201419
VisualCogA_Task-1,right,Fz,revision_v3,250.0,14.226738917453634
VisualCogA_Task-1,right,Fz,revision_v3,257.8125,14.965308965824509
VisualCogA_Task-1,right,Fz,revision_v3,265.625,15.533335642885387
VisualCogA_Task-1,right,Fz,revision_v3,273.4375,15.865557857211556
VisualCogA_Task-1,right,Fz,revision_v3,281.25,15.949040648518693
VisualCogA_Task-1,right,Fz,revision_v3,289.0625,15.811252739002303
VisualCogA_Task-1,right,Fz,revision_v3,296.875,15.479934261346386
VisualCogA_Task-1,right,Fz,revision_v3,304.6875,14.995830593204513
VisualCogA_Task-1,right,Fz,revision_v3,312.5,14.391621226050642
VisualCogA_Task-1,right,Fz,revision_v3,320.3125,13.712020763249086
VisualCogA_Task-1,right,Fz,revision_v3,328.125,12.990940048504992
VisualCogA_Task-1,right,Fz,revision_v3,335.9375,12.271531103658194
VisualCogA_Task-1,right,Fz,revision_v3,343.75,11.583286558099978
VisualCogA_Task-1,right,Fz,revision_v3,351.5625,10.964150121358704
VisualCogA_Task-1,right,Fz,revision_v3,359.375,10.437095794915292
VisualCogA_Task-1,right,Fz,revision_v3,367.1875,10.032766776492913
VisualCogA_Task-1,right,Fz,revision_v3,375.0,9.764806163542067
VisualCogA_Task-1,right,Fz,revision_v3,382.8125,9.653373121444844
VisualCogA_Task-1,right,Fz,revision_v3,390.625,9.700132010091641
VisualCogA_Task-1,right,Fz,revision_v3,398.4375,9.913467594697511
VisualCogA_Task-1,right,Fz,revision_v3,406.25,10.283488800819756
VisualCogA_Task-1,right,Fz,revision_v3,414.0625,10.808676601325356
VisualCogA_Task-1,right,Fz,revision_v3,421.875,11.470381774611361
VisualCogA_Task-1,right,Fz,revision_v3,429.6875,12.260529610091979
VisualCogA_Task-1,right,Fz,revision_v3,437.5,13.155508838671132
VisualCogA_Task-1,right,Fz,revision_v3,445.3125,14.144781441411979
VisualCogA_Task-1,right,Fz,revision_v3,453.125,15.2037666554607
VisualCogA_Task-1,right,Fz,revision_v3,460.9375,16.322851061882012
VisualCogA_Task-1,right,Fz,revision_v3,468.75,17.479043580703173
VisualCogA_Task-1,right,Fz,revision_v3,476.5625,18.66547784736394
VisualCogA_Task-1,right,Fz,revision_v3,484.375,19.862039473617035
VisualCogA_Task-1,right,Fz,revision_v3,492.1875,21.065428391664646
VisualCogA_Task-1,right,Fz,revision_v3,500.0,22.258758413427618
VisualCogA_Task-1,right,Fz,revision_v3,507.8125,23.442224755870242
VisualCogA_Task-1,right,Fz,revision_v3,515.625,24.601814206785853
VisualCogA_Task-1,right,Fz,revision_v3,523.4375,25.74068793506067
VisualCogA_Task-1,right,Fz,revision_v3,531.25,26.847071995858975
VisualCogA_Task-1,right,Fz,revision_v3,539.0625,27.926402357747214
VisualCogA_Task-1,right,Fz,revision_v3,546.875,28.968468362628922
VisualCogA_Task-1,right,Fz,revision_v3,554.6875,29.980352252645034
VisualCogA_Task-1,right,Fz,revision_v3,562.5,30.95281694333767
VisualCogA_Task-1,right,Fz,revision_v3,570.3125,31.8940302484487
VisualCogA_Task-1,right,Fz,revision_v3,578.125,32.79525149224114
VisualCogA_Task-1,right,Fz,revision_v3,585.9375,33.665355954691435
VisualCogA_Task-1,right,Fz,revision_v3,593.75,34.49570982404043
VisualCogA_Task-1,right,Fz,revision_v3,601.5625,35.29535832265986
VisualCogA_Task-1,right,Fz,revision_v3,609.375,36.055265626418816
VisualCogA_Task-1,right,Fz,revision_v3,617.1875,36.78470957181452
VisualCogA_Task-1,right,Fz,revision_v3,625.0,37.47511791371833
VisualCogA_Task-1,right,Fz,revision_v3,632.8125,38.136621518508974
VisualCogA_Task-1,right,Fz,revision_v3,640.625,38.75956106444273
VisualCogA_Task-1,right,Fz,revision_v3,648.4375,39.351114159433706
VisualCogA_Task-1,right,Fz,revision_v3,656.25,39.89888523128512
VisualCogA_Task-1,right,Fz,revision_v3,664.0625,40.41376727648037
VisualCogA_Task-1,right,Fz,revision_v3,671.875,40.89362438220895
VisualCogA_Task-1,right,Fz,revision_v3,679.6875,41.35527333536189
VisualCogA_Task-1,right,Fz,revision_v3,687.5,41.779515304677886
VisualCogA_Task-1,right,Fz,revision_v3,695.3125,42.14664894167974
VisualCogA_Task-1,right,Fz,revision_v3,703.125,42.426351655048904
VisualCogA_Task-1,right,Fz,revision_v3,710.9375,42.67006261257344
VisualCogA_Task-1,right,Fz,revision_v3,718.75,42.970267722290956
VisualCogA_Task-1,right,Fz,revision_v3,726.5625,43.3817330623535
VisualCogA_Task-1,right,Fz,revision_v3,734.375,43.713984106311784
VisualCogA_Task-1,right,Fz,revision_v3,742.1875,43.628292245988675
VisualCogA_Task-1,right,Fz,revision_v3,750.0,43.05782840270558
VisualCogA_Task-1,right,Fz,revision_v3,757.8125,42.75790042518807
VisualCogA_Task-1,right,Fz,revision_v3,765.625,43.86666464496881
VisualCogA_Task-1,right,Fz,revision_v3,773.4375,46.18016480781927
VisualCogA_Task-1,right,Fz,revision_v3,781.25,46.462387176119954
VisualCogA_Task-1,right,Fz,revision_v3,789.0625,39.98611432834023
VisualCogA_Task-1,right,Fz,revision_v3,796.875,25.654371930607404
VisualCogA_Task-1,right,F4,measured,0.0,1.826402281240176
VisualCogA_Task-1,right,F4,measured,7.8125,1.9552185474525343
VisualCogA_Task-1,right,F4,measured,15.625,2.580013700640159
VisualCogA_Task-1,right,F4,measured,23.4375,3.757419503038343
VisualCogA_Task-1,right,F4,measured,31.25,4.855883214978521
VisualCogA_Task-1,right,F4,measured,39.0625,5.163111583517637
VisualCogA_Task-1,right,F4,measured,46.875,4.677185866594063
VisualCogA_Task-1,right,F4,measured,54.6875,4.124102322311416
VisualCogA_Task-1,right,F4,measured,62.5,4.17752514113242
VisualCogA_Task-1,right,F4,measured,70.3125,4.788177447488241
VisualCogA_Task-1,right,F4,measured,78.125,5.369263040626961
VisualCogA_Task-1,right,F4,measured,85.9375,5.471040410186764
VisualCogA_Task-1,right,F4,measured,93.75,5.0519607406214355
VisualCogA_Task-1,right,F4,measured,101.5625,4.313987262554386
VisualCogA_Task-1,right,F4,measured,109.375,3.4854734400755376
VisualCogA_Task-1,right,F4,measured,117.1875,2.740166240607863
VisualCogA_Task-1,right,F4,measured,125.0,2.1877934368074428
VisualCogA_Task-1,right,F4,measured,132.8125,2.012203004168543
VisualCogA_Task-1,right,F4,measured,140.625,2.421064720595567
VisualCogA_Task-1,right,F4,measured,148.4375,3.379899587231007
VisualCogA_Task-1,right,F4,measured,156.25,4.5086649089615864
VisualCogA_Task-1,right,F4,measured,164.0625,5.485566493883991
VisualCogA_Task-1,right,F4,measured,171.875,6.178490184472583
VisualCogA_Task-1,right,F4,measured,179.6875,6.428631733353608
VisualCogA_Task-1,right,F4,measured,187.5,6.045826257763844
VisualCogA_Task-1,right,F4,measured,195.3125,5.188613674265501
VisualCogA_Task-1,right,F4,measured,203.125,4.252900176067186
VisualCogA_Task-1,right,F4,measured,210.9375,3.482635055213312
VisualCogA_Task-1,right,F4,measured,218.75,2.901294813241992
VisualCogA_Task-1,right,F4,measured,226.5625,2.576142866132828
VisualCogA_Task-1,right,F4,measured,234.375,2.5261403510908345
VisualCogA_Task-1,right,F4,measured,242.1875,2.686986124372894
VisualCogA_Task-1,right,F4,measured,250.0,3.052276139645327
VisualCogA_Task-1,right,F4,measured,257.8125,3.849778322790794
VisualCogA_Task-1,right,F4,measured,265.625,5.212547674406477
VisualCogA_Task-1,right,F4,measured,273.4375,6.788206541872653
VisualCogA_Task-1,right,F4,measured,281.25,7.834542257263775
VisualCogA_Task-1,right,F4,measured,289.0625,8.073208913530609
VisualCogA_Task-1,right,F4,measured,296.875,8.034438083991473
VisualCogA_Task-1,right,F4,measured,304.6875,8.40974128888016
VisualCogA_Task-1,right,F4,measured,312.5,9.132262748695851
VisualCogA_Task-1,right,F4,measured,320.3125,9.643344613299032
VisualCogA_Task-1,right,F4,measured,328.125,9.654962864407276
VisualCogA_Task-1,right,F4,measured,335.9375,9.580438683121715
VisualCogA_Task-1,right,F4,measured,343.75,10.057200134445868
VisualCogA_Task-1,right,F4,measured,351.5625,11.041641259881546
VisualCogA_Task-1,right,F4,measured,359.375,11.593658778828107
VisualCogA_Task-1,right,F4,measured,367.1875,11.17840282219552
VisualCogA_Task-1,right,F4,measured,375.0,10.297279669520963
VisualCogA_Task-1,right,F4,measured,382.8125,9.681310669367745
VisualCogA_Task-1,right,F4,measured,390.625,9.392275576202062
VisualCogA_Task-1,right,F4,measured,398.4375,9.281630585893149
VisualCogA_Task-1,right,F4,measured,406.25,9.375489078413294
VisualCogA_Task-1,right,F4,measured,414.0625,9.552540263812158
VisualCogA_Task-1,right,F4,measured,421.875,9.199389647632954
VisualCogA_Task-1,right,F4,measured,429.6875,7.953508043655959
VisualCogA_Task-1,right,F4,measured,437.5,6.233107138297188
VisualCogA_Task-1,right,F4,measured,445.3125,5.016684770213879
VisualCogA_Task-1,right,F4,measured,453.125,4.917257826545522
VisualCogA_Task-1,right,F4,measured,460.9375,5.724387113805295
VisualCogA_Task-1,right,F4,measured,468.75,6.558208283389846
VisualCogA_Task-1,right,F4,measured,476.5625,6.728301334161703
VisualCogA_Task-1,right,F4,measured,484.375,6.17521442498433
VisualCogA_Task-1,right,F4,measured,492.1875,5.3337985400021894
VisualCogA_Task-1,right,F4,measured,500.0,4.572066539569572
VisualCogA_Task-1,right,F4,measured,507.8125,4.10050015226646
VisualCogA_Task-1,right,F4,measured,515.625,3.876100392667648
VisualCogA_Task-1,right,F4,measured,523.4375,3.9461932051560065
VisualCogA_Task-1,right,F4,measured,531.25,4.4839586986473305
VisualCogA_Task-1,right,F4,measured,539.0625,5.404305187791753
VisualCogA_Task-1,right,F4,measured,546.875,6.016696281958485
VisualCogA_Task-1,right,F4,measured,554.6875,5.752422927975191
VisualCogA_Task-1,right,F4,measured,562.5,4.752747525246743
VisualCogA_Task-1,right,F4,measured,570.3125,3.770591757078731
VisualCogA_Task-1,right,F4,measured,578.125,3.276960834341782
VisualCogA_Task-1,right,F4,measured,585.9375,3.201951163623189
VisualCogA_Task-1,right,F4,measured,593.75,3.201990596315818
VisualCogA_Task-1,right,F4,measured,601.5625,3.0636077496531273
VisualCogA_Task-1,right,F4,measured,609.375,2.4884412841760426
VisualCogA_Task-1,right,F4,measured,617.1875,1.3650801493759166
VisualCogA_Task-1,right,F4,measured,625.0,0.09789912918877249
VisualCogA_Task-1,right,F4,measured,632.8125,-0.4224922827518617
VisualCogA_Task-1,right,F4,measured,640.625,0.3204717835494214
VisualCogA_Task-1,right,F4,measured,648.4375,2.049479740373436
VisualCogA_Task-1,right,F4,measured,656.25,3.78542978780433
VisualCogA_Task-1,right,F4,measured,664.0625,4.819304028462342
VisualCogA_Task-1,right,F4,measured,671.875,5.228130407494389
VisualCogA_Task-1,right,F4,measured,679.6875,5.579993679883585
VisualCogA_Task-1,right,F4,measured,687.5,6.113004220257434
VisualCogA_Task-1,right,F4,measured,695.3125,6.721934827778711
VisualCogA_Task-1,right,F4,measured,703.125,7.07691776141378
VisualCogA_Task-1,right,F4,measured,710.9375,7.083163973233713
VisualCogA_Task-1,right,F4,measured,718.75,6.874976933714627
VisualCogA_Task-1,right,F4,measured,726.5625,6.787131537017228
VisualCogA_Task-1,right,F4,measured,734.375,7.163842876642738
VisualCogA_Task-1,right,F4,measured,742.1875,8.437866938996768
VisualCogA_Task-1,right,F4,measured,750.0,10.595588348878271
VisualCogA_Task-1,right,F4,measured,757.8125,12.909699673332893
VisualCogA_Task-1,right,F4,measured,765.625,14.346977182492957
VisualCogA_Task-1,right,F4,measured,773.4375,14.702580740598643
VisualCogA_Task-1,right,F4,measured,781.25,14.51434139619722
VisualCogA_Task-1,right,F4,measured,789.0625,14.49659641549162
VisualCogA_Task-1,right,F4,measured,796.875,14.979249964979607
VisualCogA_Task-1,right,F4,revision,0.0,-0.19204927166351737
VisualCogA_Task-1,right,F4,revision,7.8125,-0.24954711266093987
VisualCogA_Task-1,right,F4,revision,15.625,-0.10194706840383105
VisualCogA_Task-1,right,F4,revision,23.4375,0.5390218134714413
VisualCogA_Task-1,right,F4,revision,31.25,1.8819757887022428
VisualCogA_Task-1,right,F4,revision,39.0625,3.9144723959619494
VisualCogA_Task-1,right,F4,revision,46.875,6.406627150049052
VisualCogA_Task-1,right,F4,revision,54.6875,9.043078508426895
VisualCogA_Task-1,right,F4,revision,62.5,11.553493451751446
VisualCogA_Task-1,right,F4,revision,70.3125,13.776744184157925
VisualCogA_Task-1,right,F4,revision,78.125,15.649410297641078
VisualCogA_Task-1,right,F4,revision,85.9375,17.177152805704765
VisualCogA_Task-1,right,F4,revision,93.75,18.39848171574981
VisualCogA_Task-1,right,F4,revision,101.5625,19.369726274603103
VisualCogA_Task-1,right,F4,revision,109.375,20.144837112523774
VisualCogA_Task-1,right,F4,revision,117.1875,20.773794582488907
VisualCogA_Task-1,right,F4,revision,125.0,21.291461778179638
VisualCogA_Task-1,right,F4,revision,132.8125,21.726305989488715
VisualCogA_Task-1,right,F4,revision,140.625,22.09449440224907
VisualCogA_Task-1,right,F4,revision,148.4375,22.410692618048856
VisualCogA_Task-1,right,F4,revision,156.25,22.678594213990316
VisualCogA_Task-1,right,F4,revision,164.0625,22.901854126785146
VisualCogA_Task-1,right,F4,revision,171.875,23.078697018143174
VisualCogA_Task-1,right,F4,revision,179.6875,23.220611158187772
VisualCogA_Task-1,right,F4,revision,187.5,23.34103884026898
VisualCogA_Task-1,right,F4,revision,195.3125,23.45007374079234
VisualCogA_Task-1,right,F4,revision,203.125,23.51635813281893
VisualCogA_Task-1,right,F4,revision,210.9375,23.47963011847886
VisualCogA_Task-1,right,F4,revision,218.75,23.28694279656129
VisualCogA_Task-1,right,F4,revision,226.5625,22.971469134266314
VisualCogA_Task-1,right,F4,revision,234.375,22.642874848765025
VisualCogA_Task-1,right,F4,revision,242.1875,22.428026120365985
VisualCogA_Task-1,right,F4,revision,250.0,22.37713745813025
VisualCogA_Task-1,right,F4,revision,257.8125,22.465594979253012
VisualCogA_Task-1,right,F4,revision,265.625,22.618862632988495
VisualCogA_Task-1,right,F4,revision,273.4375,22.773842962217607
VisualCogA_Task-1,right,F4,revision,281.25,22.882156150773895
VisualCogA_Task-1,right,F4,revision,289.0625,22.92686754535365
VisualCogA_Task-1,right,F4,revision,296.875,22.897432682640805
VisualCogA_Task-1,right,F4,revision,304.6875,22.801883413382207
VisualCogA_Task-1,right,F4,revision,312.5,22.64430046191751
VisualCogA_Task-1,right,F4,revision,320.3125,22.440723446838753
VisualCogA_Task-1,right,F4,revision,328.125,22.197153048571266
VisualCogA_Task-1,right,F4,revision,335.9375,21.92782818940735
VisualCogA_Task-1,right,F4,revision,343.75,21.634577999812997
VisualCogA_Task-1,right,F4,revision,351.5625,21.327804814328353
VisualCogA_Task-1,right,F4,revision,359.375,21.00596182676489
VisualCogA_Task-1,right,F4,revision,367.1875,20.677407782108403
VisualCogA_Task-1,right,F4,revision,375.0,20.338831160111887
VisualCogA_Task-1,right,F4,revision,382.8125,19.997661949687178
VisualCogA_Task-1,right,F4,revision,390.625,19.649594612579428
VisualCogA_Task-1,right,F4,revision,398.4375,19.30170403863074
VisualCogA_Task-1,right,F4,revision,406.25,18.94912703276541
VisualCogA_Task-1,right,F4,revision,414.0625,18.59887432301528
VisualCogA_Task-1,right,F4,revision,421.875,18.2456960199113
VisualCogA_Task-1,right,F4,revision,429.6875,17.896618441227215
VisualCogA_Task-1,right,F4,revision,437.5,17.546046785654575
VisualCogA_Task-1,right,F4,revision,445.3125,17.201049079675244
VisualCogA_Task-1,right,F4,revision,453.125,16.855714493675528
VisualCogA_Task-1,right,F4,revision,460.9375,16.517170087489383
VisualCogA_Task-1,right,F4,revision,468.75,16.17920043024948
VisualCogA_Task-1,right,F4,revision,476.5625,15.848997260234606
VisualCogA_Task-1,right,F4,revision,484.375,15.520058041977704
VisualCogA_Task-1,right,F4,revision,492.1875,15.199658750382447
VisualCogA_Task-1,right,F4,revision,500.0,14.881028725328644
VisualCogA_Task-1,right,F4,revision,507.8125,14.571533437839298
VisualCogA_Task-1,right,F4,revision,515.625,14.264139940306547
VisualCogA_Task-1,right,F4,revision,523.4375,13.96631487682758
VisualCogA_Task-1,right,F4,revision,531.25,13.670789860614056
VisualCogA_Task-1,right,F4,revision,539.0625,13.385154151787399
VisualCogA_Task-1,right,F4,revision,546.875,13.10191162969237
VisualCogA_Task-1,right,F4,revision,554.6875,12.828763608087716
VisualCogA_Task-1,right,F4,revision,562.5,12.557982876752419
VisualCogA_Task-1,right,F4,revision,570.3125,12.297399065746955
VisualCogA_Task-1,right,F4,revision,578.125,12.039093272637714
VisualCogA_Task-1,right,F4,revision,585.9375,11.791052371460763
VisualCogA_Task-1,right,F4,revision,593.75,11.545156932124078
VisualCogA_Task-1,right,F4,revision,601.5625,11.30949769930136
VisualCogA_Task-1,right,F4,revision,609.375,11.075719496220273
VisualCogA_Task-1,right,F4,revision,617.1875,10.852083986306358
VisualCogA_Task-1,right,F4,revision,625.0,10.630183792499635
VisualCogA_Task-1,right,F4,revision,632.8125,10.418560074263373
VisualCogA_Task-1,right,F4,revision,640.625,10.208499750977918
VisualCogA_Task-1,right,F4,revision,648.4375,10.00822529170663
VisualCogA_Task-1,right,F4,revision,656.25,9.808490350354226
VisualCogA_Task-1,right,F4,revision,664.0625,9.618279196289622
VisualCogA_Task-1,right,F4,revision,671.875,9.429844514171975
VisualCogA_Task-1,right,F4,revision,679.6875,9.253213540529327
VisualCogA_Task-1,right,F4,revision,687.5,9.077788216864061
VisualCogA_Task-1,right,F4,revision,695.3125,8.908008702891493
VisualCogA_Task-1,right,F4,revision,703.125,8.731497125839923
VisualCogA_Task-1,right,F4,revision,710.9375,8.564080753593414
VisualCogA_Task-1,right,F4,revision,718.75,8.412395984081318
VisualCogA_Task-1,right,F4,revision,726.5625,8.29250906513339
VisualCogA_Task-1,right,F4,revision,734.375,8.166193980351098
VisualCogA_Task-1,right,F4,revision,742.1875,7.988334750821103
VisualCogA_Task-1,right,F4,revision,750.0,7.741241001546577
VisualCogA_Task-1,right,F4,revision,757.8125,7.552215975398047
VisualCogA_Task-1,right,F4,revision,765.625,7.590306292902769
VisualCogA_Task-1,right,F4,revision,773.4375,7.827844660293874
VisualCogA_Task-1,right,F4,revision,781.25,7.746310541461354
VisualCogA_Task-1,right,F4,revision,789.0625,6.6182799769436
VisualCogA_Task-1,right,F4,revision,796.875,4.2793573901638755
VisualCogA_Task-1,right,F4,revision_v2,0.0,0.029134545966420733
VisualCogA_Task-1,right,F4,revision_v2,7.8125,0.02794571045660743
VisualCogA_Task-1,right,F4,revision_v2,15.625,0.027079241949088284
VisualCogA_Task-1,right,F4,revision_v2,23.4375,0.030345485916847936
VisualCogA_Task-1,right,F4,revision_v2,31.25,0.03376915333712349
VisualCogA_Task-1,right,F4,revision_v2,39.0625,0.015129270623323254
VisualCogA_Task-1,right,F4,revision_v2,46.875,-0.06293501164427373
VisualCogA_Task-1,right,F4,revision_v2,54.6875,-0.2315165246239007
VisualCogA_Task-1,right,F4,revision_v2,62.5,-0.4903129992651276
VisualCogA_Task-1,right,F4,revision_v2,70.3125,-0.8043022805711708
VisualCogA_Task-1,right,F4,revision_v2,78.125,-1.1233215604313416
VisualCogA_Task-1,right,F4,revision_v2,85.9375,-1.4081920644628712
VisualCogA_Task-1,right,F4,revision_v2,93.75,-1.6418791683056695
VisualCogA_Task-1,right,F4,revision_v2,101.5625,-1.826421513831641
VisualCogA_Task-1,right,F4,revision_v2,109.375,-1.9715223105849737
VisualCogA_Task-1,right,F4,revision_v2,117.1875,-2.0877661195805377
VisualCogA_Task-1,right,F4,revision_v2,125.0,-2.182828529101003
VisualCogA_Task-1,right,F4,revision_v2,132.8125,-2.262983957628796
VisualCogA_Task-1,right,F4,revision_v2,140.625,-2.332561751172526
VisualCogA_Task-1,right,F4,revision_v2,148.4375,-2.3955188634835043
VisualCogA_Task-1,right,F4,revision_v2,156.25,-2.454001271346094
VisualCogA_Task-1,right,F4,revision_v2,164.0625,-2.5098967389845086
VisualCogA_Task-1,right,F4,revision_v2,171.875,-2.563447277773817
VisualCogA_Task-1,right,F4,revision_v2,179.6875,-2.615196826669602
VisualCogA_Task-1,right,F4,revision_v2,187.5,-2.6648191304706654
VisualCogA_Task-1,right,F4,revision_v2,195.3125,-2.71347718092396
VisualCogA_Task-1,right,F4,revision_v2,203.125,-2.7618756152996022
VisualCogA_Task-1,right,F4,revision_v2,210.9375,-2.8108378607706888
VisualCogA_Task-1,right,F4,revision_v2,218.75,-2.857802577972052
VisualCogA_Task-1,right,F4,revision_v2,226.5625,-2.9001668884946947
VisualCogA_Task-1,right,F4,revision_v2,234.375,-2.939007691978866
VisualCogA_Task-1,right,F4,revision_v2,242.1875,-2.9873430828369023
VisualCogA_Task-1,right,F4,revision_v2,250.0,-3.0648936270613385
VisualCogA_Task-1,right,F4,revision_v2,257.8125,-3.185787049680443
VisualCogA_Task-1,right,F4,revision_v2,265.625,-3.342183793351071
VisualCogA_Task-1,right,F4,revision_v2,273.4375,-3.5079576531237984
VisualCogA_Task-1,right,F4,revision_v2,281.25,-3.651566236150754
VisualCogA_Task-1,right,F4,revision_v2,289.0625,-3.754017474642667
VisualCogA_Task-1,right,F4,revision_v2,296.875,-3.810895966008787
VisualCogA_Task-1,right,F4,revision_v2,304.6875,-3.829956474817662
VisualCogA_Task-1,right,F4,revision_v2,312.5,-3.820787424595145
VisualCogA_Task-1,right,F4,revision_v2,320.3125,-3.793034751392499
VisualCogA_Task-1,right,F4,revision_v2,328.125,-3.752497843195222
VisualCogA_Task-1,right,F4,revision_v2,335.9375,-3.7046960209960766
VisualCogA_Task-1,right,F4,revision_v2,343.75,-3.6524363631874954
VisualCogA_Task-1,right,F4,revision_v2,351.5625,-3.599050789182046
VisualCogA_Task-1,right,F4,revision_v2,359.375,-3.54532566412972
VisualCogA_Task-1,right,F4,revision_v2,367.1875,-3.4928912455960868
VisualCogA_Task-1,right,F4,revision_v2,375.0,-3.4412651502764042
VisualCogA_Task-1,right,F4,revision_v2,382.8125,-3.3914028837316157
VisualCogA_Task-1,right,F4,revision_v2,390.625,-3.342459953406184
VisualCogA_Task-1,right,F4,revision_v2,398.4375,-3.2952607068547533
VisualCogA_Task-1,right,F4,revision_v2,406.25,-3.2488367029331715
VisualCogA_Task-1,right,F4,revision_v2,414.0625,-3.2039834807922074
VisualCogA_Task-1,right,F4,revision_v2,421.875,-3.159685350954668
VisualCogA_Task-1,right,F4,revision_v2,429.6875,-3.1167758381217516
VisualCogA_Task-1,right,F4,revision_v2,437.5,-3.0742338089757912
VisualCogA_Task-1,right,F4,revision_v2,445.3125,-3.0329427208939213
VisualCogA_Task-1,right,F4,revision_v2,453.125,-2.9918722543253
VisualCogA_Task-1,right,F4,revision_v2,460.9375,-2.951948396258507
VisualCogA_Task-1,right,F4,revision_v2,468.75,-2.9121269034965405
VisualCogA_Task-1,right,F4,revision_v2,476.5625,-2.873372445251076
VisualCogA_Task-1,right,F4,revision_v2,484.375,-2.834623945421638
VisualCogA_Task-1,right,F4,revision_v2,492.1875,-2.796881414413364
VisualCogA_Task-1,right,F4,revision_v2,500.0,-2.7590643780760136
VisualCogA_Task-1,right,F4,revision_v2,507.8125,-2.7222052104137013
VisualCogA_Task-1,right,F4,revision_v2,515.625,-2.685201905465595
VisualCogA_Task-1,right,F4,revision_v2,523.4375,-2.649117367265012
VisualCogA_Task-1,right,F4,revision_v2,531.25,-2.612827730941948
VisualCogA_Task-1,right,F4,revision_v2,539.0625,-2.5774260541064766
VisualCogA_Task-1,right,F4,revision_v2,546.875,-2.5417662642316188
VisualCogA_Task-1,right,F4,revision_v2,554.6875,-2.506969726011546
VisualCogA_Task-1,right,F4,revision_v2,562.5,-2.471866425450009
VisualCogA_Task-1,right,F4,revision_v2,570.3125,-2.4376056627076323
VisualCogA_Task-1,right,F4,revision_v2,578.125,-2.4029966376847467
VisualCogA_Task-1,right,F4,revision_v2,585.9375,-2.369219678958116
VisualCogA_Task-1,right,F4,revision_v2,593.75,-2.3350608207229078
VisualCogA_Task-1,right,F4,revision_v2,601.5625,-2.3017202712665203
VisualCogA_Task-1,right,F4,revision_v2,609.375,-2.2679516914618105
VisualCogA_Task-1,right,F4,revision_v2,617.1875,-2.2349867565795662
VisualCogA_Task-1,right,F4,revision_v2,625.0,-2.201584336201434
VisualCogA_Task-1,right,F4,revision_v2,632.8125,-2.1690314263642247
VisualCogA_Task-1,right,F4,revision_v2,640.625,-2.136037935908099
VisualCogA_Task-1,right,F4,revision_v2,648.4375,-2.103815283648869
VisualCogA_Task-1,right,F4,revision_v2,656.25,-2.0709717204215927
VisualCogA_Task-1,right,F4,revision_v2,664.0625,-2.038875762133541
VisualCogA_Task-1,right,F4,revision_v2,671.875,-2.0064760991477293
VisualCogA_Task-1,right,F4,revision_v2,679.6875,-1.9753600012098107
VisualCogA_Task-1,right,F4,revision_v2,687.5,-1.9438680802309838
VisualCogA_Task-1,right,F4,revision_v2,695.3125,-1.9123611859026328
VisualCogA_Task-1,right,F4,revision_v2,703.125,-1.8788074525910756
VisualCogA_Task-1,right,F4,revision_v2,710.9375,-1.8460439015148706
VisualCogA_Task-1,right,F4,revision_v2,718.75,-1.8161941858925184
VisualCogA_Task-1,right,F4,revision_v2,726.5625,-1.7921264429387702
VisualCogA_Task-1,right,F4,revision_v2,734.375,-1.7661850481325447
VisualCogA_Task-1,right,F4,revision_v2,742.1875,-1.7279019100039574
VisualCogA_Task-1,right,F4,revision_v2,750.0,-1.6741531906817686
VisualCogA_Task-1,right,F4,revision_v2,757.8125,-1.6320809402370795
VisualCogA_Task-1,right,F4,revision_v2,765.625,-1.6392241975246784
VisualCogA_Task-1,right,F4,revision_v2,773.4375,-1.6887748481610947
VisualCogA_Task-1,right,F4,revision_v2,781.25,-1.6683170043491018
VisualCogA_Task-1,right,F4,revision_v2,789.0625,-1.4187708468553473
VisualCogA_Task-1,right,F4,revision_v2,796.875,-0.9055944266437497
VisualCogA_Task-1,right,F4,revision_v3,0.0,0.05525947395031139
VisualCogA_Task-1,right,F4,revision_v3,7.8125,-0.2025779844545923
VisualCogA_Task-1,right,F4,revision_v3,15.625,-2.0345125705815796
VisualCogA_Task-1,right,F4,revision_v3,23.4375,-5.603017442258711
VisualCogA_Task-1,right,F4,revision_v3,31.25,-9.598238682109567
VisualCogA_Task-1,right,F4,revision_v3,39.0625,-11.872063326423046
VisualCogA_Task-1,right,F4,revision_v3,46.875,-10.994021721544971
VisualCogA_Task-1,right,F4,revision_v3,54.6875,-7.273412758314043
VisualCogA_Task-1,right,F4,revision_v3,62.5,-2.377018157252735
VisualCogA_Task-1,right,F4,revision_v3,70.3125,1.9276007306995515
VisualCogA_Task-1,right,F4,revision_v3,78.125,4.708527585264113
VisualCogA_Task-1,right,F4,revision_v3,85.9375,5.958417835216476
VisualCogA_Task-1,right,F4,revision_v3,93.75,6.128453277970087
VisualCogA_Task-1,right,F4,revision_v3,101.5625,5.691864178867592
VisualCogA_Task-1,right,F4,revision_v3,109.375,4.963891120971557
VisualCogA_Task-1,right,F4,revision_v3,117.1875,4.138535352764589
VisualCogA_Task-1,right,F4,revision_v3,125.0,3.344390279589737
VisualCogA_Task-1,right,F4,revision_v3,132.8125,2.67934174908184
VisualCogA_Task-1,right,F4,revision_v3,140.625,2.1941315329406876
VisualCogA_Task-1,right,F4,revision_v3,148.4375,1.901348645438354
VisualCogA_Task-1,right,F4,revision_v3,156.25,1.7758330964622662
VisualCogA_Task-1,right,F4,revision_v3,164.0625,1.7880475336971582
VisualCogA_Task-1,right,F4,revision_v3,171.875,1.9077384397835901
VisualCogA_Task-1,right,F4,revision_v3,179.6875,2.1224107924793243
VisualCogA_Task-1,right,F4,revision_v3,187.5,2.410257682518796
VisualCogA_Task-1,right,F4,revision_v3,195.3125,2.7360699804071444
VisualCogA_Task-1,right,F4,revision_v3,203.125,3.037412841726316
VisualCogA_Task-1,right,F4,revision_v3,210.9375,3.2872008971688196
VisualCogA_Task-1,right,F4,revision_v3,218.75,3.5382452397759527
VisualCogA_Task-1,right,F4,revision_v3,226.5625,3.9391032316995185
VisualCogA_Task-1,right,F4,revision_v3,234.375,4.615831295768154
VisualCogA_Task-1,right,F4,revision_v3,242.1875,5.573257335820649
VisualCogA_Task-1,right,F4,revision_v3,250.0,6.6518048058281085
VisualCogA_Task-1,right,F4,revision_v3,257.8125,7.634143171612417
VisualCogA_Task-1,right,F4,revision_v3,265.625,8.341025193028164
VisualCogA_Task-1,right,F4,revision_v3,273.4375,8.711446706235673
VisualCogA_Task-1,right,F4,revision_v3,281.25,8.76488016081198
VisualCogA_Task-1,right,F4,revision_v3,289.0625,8.573593737286485
VisualCogA_Task-1,right,F4,revision_v3,296.875,8.201580201179192
VisualCogA_Task-1,right,F4,revision_v3,304.6875,7.7149168017082514
VisualCogA_Task-1,right,F4,revision_v3,312.5,7.1602425138889565
VisualCogA_Task-1,right,F4,revision_v3,320.3125,6.592954669798109
VisualCogA_Task-1,right,F4,revision_v3,328.125,6.053007382711664
VisualCogA_Task-1,right,F4,revision_v3,335.9375,5.589132865241805
VisualCogA_Task-1,right,F4,revision_v3,343.75,5.232432402505432
VisualCogA_Task-1,right,F4,revision_v3,351.5625,5.023096247825256
VisualCogA_Task-1,right,F4,revision_v3,359.375,4.983839140288694
VisualCogA_Task-1,right,F4,revision_v3,367.1875,5.14685705193601
VisualCogA_Task-1,right,F4,revision_v3,375.0,5.52476592185768
VisualCogA_Task-1,right,F4,revision_v3,382.8125,6.137675244214003
VisualCogA_Task-1,right,F4,revision_v3,390.625,6.983390554442679
VisualCogA_Task-1,right,F4,revision_v3,398.4375,8.066648822742465
VisualCogA_Task-1,right,F4,revision_v3,406.25,9.369702111308417
VisualCogA_Task-1,right,F4,revision_v3,414.0625,10.883572227547038
VisualCogA_Task-1,right,F4,revision_v3,421.875,12.578318069774198
VisualCogA_Task-1,right,F4,revision_v3,429.6875,14.435774240045756
VisualCogA_Task-1,right,F4,revision_v3,437.5,16.419299582934336
VisualCogA_Task-1,right,F4,revision_v3,445.3125,18.507673534874037
VisualCogA_Task-1,right,F4,revision_v3,453.125,20.66364478338597
VisualCogA_Task-1,right,F4,revision_v3,460.9375,22.86820334449839
VisualCogA_Task-1,right,F4,revision_v3,468.75,25.087565031321056
VisualCogA_Task-1,right,F4,revision_v3,476.5625,27.307873877213837
VisualCogA_Task-1,right,F4,revision_v3,484.375,29.500808645001797
VisualCogA_Task-1,right,F4,revision_v3,492.1875,31.65879349286992
VisualCogA_Task-1,right,F4,revision_v3,500.0,33.75931714796812
VisualCogA_Task-1,right,F4,revision_v3,507.8125,35.80082750366017
VisualCogA_Task-1,right,F4,revision_v3,515.625,37.76597022717794
VisualCogA_Task-1,right,F4,revision_v3,523.4375,39.65824982087585
VisualCogA_Task-1,right,F4,revision_v3,531.25,41.464243834664785
VisualCogA_Task-1,right,F4,revision_v3,539.0625,43.191171484170056
VisualCogA_Task-1,right,F4,revision_v3,546.875,44.82829705264461
VisualCogA_Task-1,right,F4,revision_v3,554.6875,46.38548251838398
VisualCogA_Task-1,right,F4,revision_v3,562.5,47.85369228817319
VisualCogA_Task-1,right,F4,revision_v3,570.3125,49.24444045150656
VisualCogA_Task-1,right,F4,revision_v3,578.125,50.54948991455643
VisualCogA_Task-1,right,F4,revision_v3,585.9375,51.7813043927551
VisualCogA_Task-1,right,F4,revision_v3,593.75,52.93182716724113
VisualCogA_Task-1,right,F4,revision_v3,601.5625,54.01369766019022
VisualCogA_Task-1,right,F4,revision_v3,609.375,55.0182834663136
VisualCogA_Task-1,right,F4,revision_v3,617.1875,55.958415841538525
VisualCogA_Task-1,right,F4,revision_v3,625.0,56.82604738926497
VisualCogA_Task-1,right,F4,revision_v3,632.8125,57.63506593073431
VisualCogA_Task-1,right,F4,revision_v3,640.625,58.375842705690886
VisualCogA_Task-1,right,F4,revision_v3,648.4375,59.05796589493208
VisualCogA_Task-1,right,F4,revision_v3,656.25,59.667896245428395
VisualCogA_Task-1,right,F4,revision_v3,664.0625,60.22034459690076
VisualCogA_Task-1,right,F4,revision_v3,671.875,60.716226795298056
VisualCogA_Task-1,right,F4,revision_v3,679.6875,61.178473084396174
VisualCogA_Task-1,right,F4,revision_v3,687.5,61.58379242401502
VisualCogA_Task-1,right,F4,revision_v3,695.3125,61.90336527536566
VisualCogA_Task-1,right,F4,revision_v3,703.125,62.098241453944034
VisualCogA_Task-1,right,F4,revision_v3,710.9375,62.24018103053051
VisualCogA_Task-1,right,F4,revision_v3,718.75,62.46370365477291
VisualCogA_Task-1,right,F4,revision_v3,726.5625,62.84463784973017
VisualCogA_Task-1,right,F4,revision_v3,734.375,63.11690891657884
VisualCogA_Task-1,right,F4,revision_v3,742.1875,62.800305336461165
VisualCogA_Task-1,right,F4,revision_v3,750.0,61.80513065794574
VisualCogA_Task-1,right,F4,revision_v3,757.8125,61.19889217817183
VisualCogA_Task-1,right,F4,revision_v3,765.625,62.59300003071004
VisualCogA_Task-1,right,F4,revision_v3,773.4375,65.69247981504891
VisualCogA_Task-1,right,F4,revision_v3,781.25,65.92169307749785
VisualCogA_Task-1,right,F4,revision_v3,789.0625,56.601549947934416
VisualCogA_Task-1,right,F4,revision_v3,796.875,36.20470858690908
VisualCogA_Task-2,left,F3,measured,0.0,1.6735060059404867
VisualCogA_Task-2,left,F3,measured,7.8125,1.1530586963945226
VisualCogA_Task-2,left,F3,measured,15.625,0.832656743420261
VisualCogA_Task-2,left,F3,measured,23.4375,0.5776748471597288
VisualCogA_Task-2,left,F3,measured,31.25,0.5109258354365241
VisualCogA_Task-2,left,F3,measured,39.0625,0.8373087868667984
VisualCogA_Task-2,left,F3,measured,46.875,1.5933104707363788
VisualCogA_Task-2,left,F3,measured,54.6875,2.6704537298490005
VisualCogA_Task-2,left,F3,measured,62.5,4.000362716786712
VisualCogA_Task-2,left,F3,measured,70.3125,5.525546562406834
VisualCogA_Task-2,left,F3,measured,78.125,6.928540522694726
VisualCogA_Task-2,left,F3,measured,85.9375,7.689494010871143
VisualCogA_Task-2,left,F3,measured,93.75,7.534812184010411
VisualCogA_Task-2,left,F3,measured,101.5625,6.82266576349958
VisualCogA_Task-2,left,F3,measured,109.375,6.22041260261937
VisualCogA_Task-2,left,F3,measured,117.1875,6.117419819740192
VisualCogA_Task-2,left,F3,measured,125.0,6.361974247820457
VisualCogA_Task-2,left,F3,measured,132.8125,6.583412968419321
VisualCogA_Task-2,left,F3,measured,140.625,6.533487436566088
VisualCogA_Task-2,left,F3,measured,148.4375,6.300332674131512
VisualCogA_Task-2,left,F3,measured,156.25,6.1045236796715265
VisualCogA_Task-2,left,F3,measured,164.0625,6.020544065740572
VisualCogA_Task-2,left,F3,measured,171.875,5.891362805499021
VisualCogA_Task-2,left,F3,measured,179.6875,5.692196751946555
VisualCogA_Task-2,left,F3,measured,187.5,5.580996040557392
VisualCogA_Task-2,left,F3,measured,195.3125,5.727464027853672
VisualCogA_Task-2,left,F3,measured,203.125,6.056056590006334
VisualCogA_Task-2,left,F3,measured,210.9375,6.432762404947299
VisualCogA_Task-2,left,F3,measured,218.75,6.724099421887765
VisualCogA_Task-2,left,F3,measured,226.5625,6.891449470235261
VisualCogA_Task-2,left,F3,measured,234.375,6.949325779662031
VisualCogA_Task-2,left,F3,measured,242.1875,7.091592053049903
VisualCogA_Task-2,left,F3,measured,250.0,7.542097220039385
VisualCogA_Task-2,left,F3,measured,257.8125,8.531887468351538
VisualCogA_Task-2,left,F3,measured,265.625,10.079588236070537
VisualCogA_Task-2,left,F3,measured,273.4375,11.99601930853328
VisualCogA_Task-2,left,F3,measured,281.25,13.856805024699185
VisualCogA_Task-2,left,F3,measured,289.0625,15.424052431964713
VisualCogA_Task-2,left,F3,measured,296.875,16.76574993057873
VisualCogA_Task-2,left,F3,measured,304.6875,18.151448256723302
VisualCogA_Task-2,left,F3,measured,312.5,19.545925079552635
VisualCogA_Task-2,left,F3,measured,320.3125,20.72543595154098
VisualCogA_Task-2,left,F3,measured,328.125,21.599037237280676
VisualCogA_Task-2,left,F3,measured,335.9375,22.502691661900982
VisualCogA_Task-2,left,F3,measured,343.75,23.68383062490089
VisualCogA_Task-2,left,F3,measured,351.5625,25.038766541005398
VisualCogA_Task-2,left,F3,measured,359.375,26.077315243850794
VisualCogA_Task-2,left,F3,measured,367.1875,26.445432654406787
VisualCogA_Task-2,left,F3,measured,375.0,26.11790476252218
VisualCogA_Task-2,left,F3,measured,382.8125,25.555017301797463
VisualCogA_Task-2,left,F3,measured,390.625,25.195403082704846
VisualCogA_Task-2,left,F3,measured,398.4375,25.23749404164803
VisualCogA_Task-2,left,F3,measured,406.25,25.506183790080776
VisualCogA_Task-2,left,F3,measured,414.0625,25.84117736950965
VisualCogA_Task-2,left,F3,measured,421.875,26.174749065705036
VisualCogA_Task-2,left,F3,measured,429.6875,26.61801369382841
VisualCogA_Task-2,left,F3,measured,437.5,27.12545090822744
VisualCogA_Task-2,left,F3,measured,445.3125,27.751247026853726
VisualCogA_Task-2,left,F3,measured,453.125,28.679095620167907
VisualCogA_Task-2,left,F3,measured,460.9375,30.276790327566964
VisualCogA_Task-2,left,F3,measured,468.75,32.61258237811808
VisualCogA_Task-2,left,F3,measured,476.5625,35.483106177819586
VisualCogA_Task-2,left,F3,measured,484.375,38.3590807841891
VisualCogA_Task-2,left,F3,measured,492.1875,40.86625069468284
VisualCogA_Task-2,left,F3,measured,500.0,43.04539571438914
VisualCogA_Task-2,left,F3,measured,507.8125,45.53794705065476
VisualCogA_Task-2,left,F3,measured,515.625,48.72594380813429
VisualCogA_Task-2,left,F3,measured,523.4375,52.35049773042283
VisualCogA_Task-2,left,F3,measured,531.25,55.7425765082399
VisualCogA_Task-2,left,F3,measured,539.0625,58.90025790229335
VisualCogA_Task-2,left,F3,measured,546.875,62.4224161200567
VisualCogA_Task-2,left,F3,measured,554.6875,66.87824974153293
VisualCogA_Task-2,left,F3,measured,562.5,71.8702706444254
VisualCogA_Task-2,left,F3,measured,570.3125,76.49187967774786
VisualCogA_Task-2,left,F3,measured,578.125,80.20906951371593
VisualCogA_Task-2,left,F3,measured,585.9375,83.57306262527858
VisualCogA_Task-2,left,F3,measured,593.75,87.17966386308632
VisualCogA_Task-2,left,F3,measured,601.5625,91.00906084704769
VisualCogA_Task-2,left,F3,measured,609.375,94.48946495625061
VisualCogA_Task-2,left,F3,measured,617.1875,97.33279871244424
VisualCogA_Task-2,left,F3,measured,625.0,99.42381546873088
VisualCogA_Task-2,left,F3,measured,632.8125,100.88283490011301
VisualCogA_Task-2,left,F3,measured,640.625,101.89638142632009
VisualCogA_Task-2,left,F3,measured,648.4375,102.98686943555406
VisualCogA_Task-2,left,F3,measured,656.25,104.47899223787137
VisualCogA_Task-2,left,F3,measured,664.0625,106.32416169183986
VisualCogA_Task-2,left,F3,measured,671.875,107.98561428476769
VisualCogA_Task-2,left,F3,measured,679.6875,109.11417935272047
VisualCogA_Task-2,left,F3,measured,687.5,109.61876903131078
VisualCogA_Task-2,left,F3,measured,695.3125,109.84137348291371
VisualCogA_Task-2,left,F3,measured,703.125,109.90720930768524
VisualCogA_Task-2,left,F3,measured,710.9375,109.71866002742895
VisualCogA_Task-2,left,F3,measured,718.75,109.06931809077871
VisualCogA_Task-2,left,F3,measured,726.5625,108.24353999646458
VisualCogA_Task-2,left,F3,measured,734.375,107.49325174987506
VisualCogA_Task-2,left,F3,measured,742.1875,106.85923670135087
VisualCogA_Task-2,left,F3,measured,750.0,105.99128259445503
VisualCogA_Task-2,left,F3,measured,757.8125,104.77702407296624
VisualCogA_Task-2,left,F3,measured,765.625,103.31874166877904
VisualCogA_Task-2,left,F3,measured,773.4375,102.04584140557755
VisualCogA_Task-2,left,F3,measured,781.25,101.08312443881948
VisualCogA_Task-2,left,F3,measured,789.0625,100.33817320172368
VisualCogA_Task-2,left,F3,measured,796.875,99.44267915258743
VisualCogA_Task-2,left,F3,revision,0.0,-0.03350874370966406
VisualCogA_Task-2,left,F3,revision,7.8125,-0.04583259152996633
VisualCogA_Task-2,left,F3,revision,15.625,-0.013729622683958387
VisualCogA_Task-2,left,F3,revision,23.4375,0.12549338997765436
VisualCogA_Task-2,left,F3,revision,31.25,0.4160023333452406
VisualCogA_Task-2,left,F3,revision,39.0625,0.8515481285243156
VisualCogA_Task-2,left,F3,revision,46.875,1.3770534970790975
VisualCogA_Task-2,left,F3,revision,54.6875,1.920273828832352
VisualCogA_Task-2,left,F3,revision,62.5,2.4233784881578226
VisualCogA_Task-2,left,F3,revision,70.3125,2.8568438295201797
VisualCogA_Task-2,left,F3,revision,78.125,3.214050362304242
VisualCogA_Task-2,left,F3,revision,85.9375,3.501386877917218
VisualCogA_Task-2,left,F3,revision,93.75,3.7291230247305376
VisualCogA_Task-2,left,F3,revision,101.5625,3.9086787309783926
VisualCogA_Task-2,left,F3,revision,109.375,4.050058788298169
VisualCogA_Task-2,left,F3,revision,117.1875,4.162382752669389
VisualCogA_Task-2,left,F3,revision,125.0,4.252118903847085
VisualCogA_Task-2,left,F3,revision,132.8125,4.3246141774222515
VisualCogA_Task-2,left,F3,revision,140.625,4.382998726039454
VisualCogA_Task-2,left,F3,revision,148.4375,4.430123369536183
VisualCogA_Task-2,left,F3,revision,156.25,4.466816190630785
VisualCogA_Task-2,left,F3,revision,164.0625,4.49382278654746
VisualCogA_Task-2,left,F3,revision,171.875,4.510968753773693
VisualCogA_Task-2,left,F3,revision,179.6875,4.52078071976647
VisualCogA_Task-2,left,F3,revision,187.5,4.526455280844692
VisualCogA_Task-2,left,F3,revision,195.3125,4.530226454152884
VisualCogA_Task-2,left,F3,revision,203.125,4.525470585017482
VisualCogA_Task-2,left,F3,revision,210.9375,4.498911525779348
VisualCogA_Task-2,left,F3,revision,218.75,4.43916561396719
VisualCogA_Task-2,left,F3,revision,226.5625,4.353723348928157
VisualCogA_Task-2,left,F3,revision,234.375,4.267527162776788
VisualCogA_Task-2,left,F3,revision,242.1875,4.2088573104702895
VisualCogA_Task-2,left,F3,revision,250.0,4.188302329180928
VisualCogA_Task-2,left,F3,revision,257.8125,4.198234863490668
VisualCogA_Task-2,left,F3,revision,265.625,4.220159008995103
VisualCogA_Task-2,left,F3,revision,273.4375,4.2392292505778375
VisualCogA_Task-2,left,F3,revision,281.25,4.24610702585658
VisualCogA_Task-2,left,F3,revision,289.0625,4.238938556287753
VisualCogA_Task-2,left,F3,revision,296.875,4.217242286451256
VisualCogA_Task-2,left,F3,revision,304.6875,4.183265885935803
VisualCogA_Task-2,left,F3,revision,312.5,4.137985542267375
VisualCogA_Task-2,left,F3,revision,320.3125,4.084327469177575
VisualCogA_Task-2,left,F3,revision,328.125,4.023432921422157
VisualCogA_Task-2,left,F3,revision,335.9375,3.9579594973779235
VisualCogA_Task-2,left,F3,revision,343.75,3.8883153018861822
VisualCogA_Task-2,left,F3,revision,351.5625,3.8164133162958844
VisualCogA_Task-2,left,F3,revision,359.375,3.7420030898602397
VisualCogA_Task-2,left,F3,revision,367.1875,3.6666234535381372
VisualCogA_Task-2,left,F3,revision,375.0,3.589727277496457
VisualCogA_Task-2,left,F3,revision,382.8125,3.5127015313456242
VisualCogA_Task-2,left,F3,revision,390.625,3.4348171290329796
VisualCogA_Task-2,left,F3,revision,398.4375,3.3573826905339796
VisualCogA_Task-2,left,F3,revision,406.25,3.2795539056963325
VisualCogA_Task-2,left,F3,revision,414.0625,3.2026165299826532
VisualCogA_Task-2,left,F3,revision,421.875,3.12564734238686
VisualCogA_Task-2,left,F3,revision,429.6875,3.0499249890240447
VisualCogA_Task-2,left,F3,revision,437.5,2.97445367060591
VisualCogA_Task-2,left,F3,revision,445.3125,2.9005098330012586
VisualCogA_Task-2,left,F3,revision,453.125,2.82703331305291
VisualCogA_Task-2,left,F3,revision,460.9375,2.75530552212195
VisualCogA_Task-2,left,F3,revision,468.75,2.6842066884820324
VisualCogA_Task-2,left,F3,revision,476.5625,2.6150251427977467
VisualCogA_Task-2,left,F3,revision,484.375,2.5465854042048304
VisualCogA_Task-2,left,F3,revision,492.1875,2.4801879087059144
VisualCogA_Task-2,left,F3,revision,500.0,2.4146066482101722
VisualCogA_Task-2,left,F3,revision,507.8125,2.3511556893634835
VisualCogA_Task-2,left,F3,revision,515.625,2.28855920934422
VisualCogA_Task-2,left,F3,revision,523.4375,2.2281472748216946
VisualCogA_Task-2,left,F3,revision,531.25,2.1686006963865765
VisualCogA_Task-2,left,F3,revision,539.0625,2.1112712002361076
VisualCogA_Task-2,left,F3,revision,546.875,2.05479814693887
VisualCogA_Task-2,left,F3,revision,554.6875,2.0005525766977583
VisualCogA_Task-2,left,F3,revision,562.5,1.9471317912961914
VisualCogA_Task-2,left,F3,revision,570.3125,1.8959297287074512
VisualCogA_Task-2,left,F3,revision,578.125,1.8455090565432237
VisualCogA_Task-2,left,F3,revision,585.9375,1.797291582804056
VisualCogA_Task-2,left,F3,revision,593.75,1.7498042694136893
VisualCogA_Task-2,left,F3,revision,601.5625,1.7044894139999243
VisualCogA_Task-2,left,F3,revision,609.375,1.6598340475710995
VisualCogA_Task-2,left,F3,revision,617.1875,1.6173107089378282
VisualCogA_Task-2,left,F3,revision,625.0,1.5753915242271375
VisualCogA_Task-2,left,F3,revision,632.8125,1.5355933462757096
VisualCogA_Task-2,left,F3,revision,640.625,1.4963393006175245
VisualCogA_Task-2,left,F3,revision,648.4375,1.4591117049848683
VisualCogA_Task-2,left,F3,revision,656.25,1.4222561777318998
VisualCogA_Task-2,left,F3,revision,664.0625,1.3873640306514852
VisualCogA_Task-2,left,F3,revision,671.875,1.352970160091969
VisualCogA_Task-2,left,F3,revision,679.6875,1.320809681497018
VisualCogA_Task-2,left,F3,revision,687.5,1.28903503247276
VisualCogA_Task-2,left,F3,revision,695.3125,1.2586585917229647
VisualCogA_Task-2,left,F3,revision,703.125,1.2275970066657398
VisualCogA_Task-2,left,F3,revision,710.9375,1.1983666996916889
VisualCogA_Task-2,left,F3,revision,718.75,1.1713627475976234
VisualCogA_Task-2,left,F3,revision,726.5625,1.149125314886592
VisualCogA_Task-2,left,F3,revision,734.375,1.1261564005007687
VisualCogA_Task-2,left,F3,revision,742.1875,1.0970141279753767
VisualCogA_Task-2,left,F3,revision,750.0,1.0589374447868798
VisualCogA_Task-2,left,F3,revision,757.8125,1.0290956164175598
VisualCogA_Task-2,left,F3,revision,765.625,1.029079074195647
VisualCogA_Task-2,left,F3,revision,773.4375,1.0555853970159088
VisualCogA_Task-2,left,F3,revision,781.25,1.0401341274726243
VisualCogA_Task-2,left,F3,revision,789.0625,0.8882328936126048
VisualCogA_Task-2,left,F3,revision,796.875,0.5785491206246811
VisualCogA_Task-2,left,F3,revision_v2,0.0,0.005432671239501141
VisualCogA_Task-2,left,F3,revision_v2,7.8125,0.0043312169375192
VisualCogA_Task-2,left,F3,revision_v2,15.625,0.00271641201799111
VisualCogA_Task-2,left,F3,revision_v2,23.4375,0.0015946749169490904
VisualCogA_Task-2,left,F3,revision_v2,31.25,-0.0016737705932870772
VisualCogA_Task-2,left,F3,revision_v2,39.0625,-0.01789177630676289
VisualCogA_Task-2,left,F3,revision_v2,46.875,-0.063997577195409
VisualCogA_Task-2,left,F3,revision_v2,54.6875,-0.15202264129435106
VisualCogA_Task-2,left,F3,revision_v2,62.5,-0.2772751110016507
VisualCogA_Task-2,left,F3,revision_v2,70.3125,-0.41817042715144404
VisualCogA_Task-2,left,F3,revision_v2,78.125,-0.5480277286939376
VisualCogA_Task-2,left,F3,revision_v2,85.9375,-0.648671367380605
VisualCogA_Task-2,left,F3,revision_v2,93.75,-0.7154441421588678
VisualCogA_Task-2,left,F3,revision_v2,101.5625,-0.7538183780508814
VisualCogA_Task-2,left,F3,revision_v2,109.375,-0.7725727984590698
VisualCogA_Task-2,left,F3,revision_v2,117.1875,-0.7795012823048169
VisualCogA_Task-2,left,F3,revision_v2,125.0,-0.7798760867848753
VisualCogA_Task-2,left,F3,revision_v2,132.8125,-0.7772004389783529
VisualCogA_Task-2,left,F3,revision_v2,140.625,-0.773605867401481
VisualCogA_Task-2,left,F3,revision_v2,148.4375,-0.7704982436820815
VisualCogA_Task-2,left,F3,revision_v2,156.25,-0.7684029582272871
VisualCogA_Task-2,left,F3,revision_v2,164.0625,-0.7674800075133341
VisualCogA_Task-2,left,F3,revision_v2,171.875,-0.7673709447712604
VisualCogA_Task-2,left,F3,revision_v2,179.6875,-0.7677444775466242
VisualCogA_Task-2,left,F3,revision_v2,187.5,-0.7681104420480145
VisualCogA_Task-2,left,F3,revision_v2,195.3125,-0.7684472703597387
VisualCogA_Task-2,left,F3,revision_v2,203.125,-0.768847766605451
VisualCogA_Task-2,left,F3,revision_v2,210.9375,-0.7695745946120598
VisualCogA_Task-2,left,F3,revision_v2,218.75,-0.7700010121277898
VisualCogA_Task-2,left,F3,revision_v2,226.5625,-0.7692539986085123
VisualCogA_Task-2,left,F3,revision_v2,234.375,-0.7677078096095968
VisualCogA_Task-2,left,F3,revision_v2,242.1875,-0.7700730165010803
VisualCogA_Task-2,left,F3,revision_v2,250.0,-0.7843585388327472
VisualCogA_Task-2,left,F3,revision_v2,257.8125,-0.8168047679558994
VisualCogA_Task-2,left,F3,revision_v2,265.625,-0.8650904948701685
VisualCogA_Task-2,left,F3,revision_v2,273.4375,-0.9185473710254013
VisualCogA_Task-2,left,F3,revision_v2,281.25,-0.9637552250525443
VisualCogA_Task-2,left,F3,revision_v2,289.0625,-0.9920604775206396
VisualCogA_Task-2,left,F3,revision_v2,296.875,-1.0015614276722358
VisualCogA_Task-2,left,F3,revision_v2,304.6875,-0.9957371846433956
VisualCogA_Task-2,left,F3,revision_v2,312.5,-0.9793638178701689
VisualCogA_Task-2,left,F3,revision_v2,320.3125,-0.9568429153689957
VisualCogA_Task-2,left,F3,revision_v2,328.125,-0.9309436606024539
VisualCogA_Task-2,left,F3,revision_v2,335.9375,-0.9037515591638656
VisualCogA_Task-2,left,F3,revision_v2,343.75,-0.8763507724421253
VisualCogA_Task-2,left,F3,revision_v2,351.5625,-0.849682062009619
VisualCogA_Task-2,left,F3,revision_v2,359.375,-0.8239192896098215
VisualCogA_Task-2,left,F3,revision_v2,367.1875,-0.7992962903026282
VisualCogA_Task-2,left,F3,revision_v2,375.0,-0.7755177472479984
VisualCogA_Task-2,left,F3,revision_v2,382.8125,-0.7526166528011324
VisualCogA_Task-2,left,F3,revision_v2,390.625,-0.7302567759636889
VisualCogA_Task-2,left,F3,revision_v2,398.4375,-0.7085168515756903
VisualCogA_Task-2,left,F3,revision_v2,406.25,-0.6871079379585547
VisualCogA_Task-2,left,F3,revision_v2,414.0625,-0.666166093975473
VisualCogA_Task-2,left,F3,revision_v2,421.875,-0.6454445176486439
VisualCogA_Task-2,left,F3,revision_v2,429.6875,-0.6251308272487026
VisualCogA_Task-2,left,F3,revision_v2,437.5,-0.605010146314714
VisualCogA_Task-2,left,F3,revision_v2,445.3125,-0.5853044272927937
VisualCogA_Task-2,left,F3,revision_v2,453.125,-0.5658109324535822
VisualCogA_Task-2,left,F3,revision_v2,460.9375,-0.5467683266095591
VisualCogA_Task-2,left,F3,revision_v2,468.75,-0.5279728731638458
VisualCogA_Task-2,left,F3,revision_v2,476.5625,-0.509670674767813
VisualCogA_Task-2,left,F3,revision_v2,484.375,-0.4916509568166933
VisualCogA_Task-2,left,F3,revision_v2,492.1875,-0.4741632906651922
VisualCogA_Task-2,left,F3,revision_v2,500.0,-0.4569872132507777
VisualCogA_Task-2,left,F3,revision_v2,507.8125,-0.4403734211570937
VisualCogA_Task-2,left,F3,revision_v2,515.625,-0.42409004914877796
VisualCogA_Task-2,left,F3,revision_v2,523.4375,-0.40838824730136025
VisualCogA_Task-2,left,F3,revision_v2,531.25,-0.39302554805042944
VisualCogA_Task-2,left,F3,revision_v2,539.0625,-0.37825476248479617
VisualCogA_Task-2,left,F3,revision_v2,546.875,-0.36382357771328294
VisualCogA_Task-2,left,F3,revision_v2,554.6875,-0.3499863614859339
VisualCogA_Task-2,left,F3,revision_v2,562.5,-0.33648106687782164
VisualCogA_Task-2,left,F3,revision_v2,570.3125,-0.3235645929218876
VisualCogA_Task-2,left,F3,revision_v2,578.125,-0.31096698642568527
VisualCogA_Task-2,left,F3,revision_v2,585.9375,-0.29894901836292637
VisualCogA_Task-2,left,F3,revision_v2,593.75,-0.28723298690660237
VisualCogA_Task-2,left,F3,revision_v2,601.5625,-0.27608269009870323
VisualCogA_Task-2,left,F3,revision_v2,609.375,-0.26521259453451074
VisualCogA_Task-2,left,F3,revision_v2,617.1875,-0.254891482420298
VisualCogA_Task-2,left,F3,revision_v2,625.0,-0.2448296143227682
VisualCogA_Task-2,left,F3,revision_v2,632.8125,-0.23530249886466914
VisualCogA_Task-2,left,F3,revision_v2,640.625,-0.22601224741886128
VisualCogA_Task-2,left,F3,revision_v2,648.4375,-0.2172325537969621
VisualCogA_Task-2,left,F3,revision_v2,656.25,-0.2086549792434753
VisualCogA_Task-2,left,F3,revision_v2,664.0625,-0.2005676285197211
VisualCogA_Task-2,left,F3,revision_v2,671.875,-0.19268026388090584
VisualCogA_Task-2,left,F3,revision_v2,679.6875,-0.1852982278243195
VisualCogA_Task-2,left,F3,revision_v2,687.5,-0.1780872723764331
VisualCogA_Task-2,left,F3,revision_v2,695.3125,-0.17127781546304544
VisualCogA_Task-2,left,F3,revision_v2,703.125,-0.16451026800817412
VisualCogA_Task-2,left,F3,revision_v2,710.9375,-0.1581812168112475
VisualCogA_Task-2,left,F3,revision_v2,718.75,-0.15219378542610054
VisualCogA_Task-2,left,F3,revision_v2,726.5625,-0.1469430131728839
VisualCogA_Task-2,left,F3,revision_v2,734.375,-0.14169178816512273
VisualCogA_Task-2,left,F3,revision_v2,742.1875,-0.13598840261280906
VisualCogA_Task-2,left,F3,revision_v2,750.0,-0.12941122341504285
VisualCogA_Task-2,left,F3,revision_v2,757.8125,-0.1239530226465923
VisualCogA_Task-2,left,F3,revision_v2,765.625,-0.12176950822380136
VisualCogA_Task-2,left,F3,revision_v2,773.4375,-0.12257651690214609
VisualCogA_Task-2,left,F3,revision_v2,781.25,-0.11883033191060308
VisualCogA_Task-2,left,F3,revision_v2,789.0625,-0.100624116559253
VisualCogA_Task-2,left,F3,revision_v2,796.875,-0.06580869369247316
VisualCogA_Task-2,left,F3,revision_v3,0.0,0.03947076071157607
VisualCogA_Task-2,left,F3,revision_v3,7.8125,-0.05394428219937408
VisualCogA_Task-2,left,F3,revision_v3,15.625,-0.7257617959705986
VisualCogA_Task-2,left,F3,revision_v3,23.4375,-2.0356471891094468
VisualCogA_Task-2,left,F3,revision_v3,31.25,-3.502156042139624
VisualCogA_Task-2,left,F3,revision_v3,39.0625,-4.335859067293445
VisualCogA_Task-2,left,F3,revision_v3,46.875,-4.011145627679026
VisualCogA_Task-2,left,F3,revision_v3,54.6875,-2.642235432239428
VisualCogA_Task-2,left,F3,revision_v3,62.5,-0.8424715803174334
VisualCogA_Task-2,left,F3,revision_v3,70.3125,0.7377098313953976
VisualCogA_Task-2,left,F3,revision_v3,78.125,1.7557690465347262
VisualCogA_Task-2,left,F3,revision_v3,85.9375,2.2096802272765697
VisualCogA_Task-2,left,F3,revision_v3,93.75,2.266709652912811
VisualCogA_Task-2,left,F3,revision_v3,101.5625,2.102070612593118
VisualCogA_Task-2,left,F3,revision_v3,109.375,1.8327084487092429
VisualCogA_Task-2,left,F3,revision_v3,117.1875,1.5301916705195642
VisualCogA_Task-2,left,F3,revision_v3,125.0,1.2417774919067406
VisualCogA_Task-2,left,F3,revision_v3,132.8125,1.0028880149023927
VisualCogA_Task-2,left,F3,revision_v3,140.625,0.8318742003114226
VisualCogA_Task-2,left,F3,revision_v3,148.4375,0.7328509609293883
VisualCogA_Task-2,left,F3,revision_v3,156.25,0.696178643888985
VisualCogA_Task-2,left,F3,revision_v3,164.0625,0.7096350869133738
VisualCogA_Task-2,left,F3,revision_v3,171.875,0.7605145159454438
VisualCogA_Task-2,left,F3,revision_v3,179.6875,0.8430238876160008
VisualCogA_Task-2,left,F3,revision_v3,187.5,0.9507113985566455
VisualCogA_Task-2,left,F3,revision_v3,195.3125,1.0734721113614876
VisualCogA_Task-2,left,F3,revision_v3,203.125,1.1882104801439177
VisualCogA_Task-2,left,F3,revision_v3,210.9375,1.2751677431634671
VisualCogA_Task-2,left,F3,revision_v3,218.75,1.3370723959254707
VisualCogA_Task-2,left,F3,revision_v3,226.5625,1.417486046183701
VisualCogA_Task-2,left,F3,revision_v3,234.375,1.5720803676960933
VisualCogA_Task-2,left,F3,revision_v3,242.1875,1.8299340012734389
VisualCogA_Task-2,left,F3,revision_v3,250.0,2.1615818525808
VisualCogA_Task-2,left,F3,revision_v3,257.8125,2.5006317282365984
VisualCogA_Task-2,left,F3,revision_v3,265.625,2.7772696511176234
VisualCogA_Task-2,left,F3,revision_v3,273.4375,2.9559323366149126
VisualCogA_Task-2,left,F3,revision_v3,281.25,3.032609154289839
VisualCogA_Task-2,left,F3,revision_v3,289.0625,3.0272819439393097
VisualCogA_Task-2,left,F3,revision_v3,296.875,2.960753217453638
VisualCogA_Task-2,left,F3,revision_v3,304.6875,2.8542972199356353
VisualCogA_Task-2,left,F3,revision_v3,312.5,2.72146750434279
VisualCogA_Task-2,left,F3,revision_v3,320.3125,2.577340982313174
VisualCogA_Task-2,left,F3,revision_v3,328.125,2.431367170722678
VisualCogA_Task-2,left,F3,revision_v3,335.9375,2.2953618183670366
VisualCogA_Task-2,left,F3,revision_v3,343.75,2.175297214881211
VisualCogA_Task-2,left,F3,revision_v3,351.5625,2.0801589634275395
VisualCogA_Task-2,left,F3,revision_v3,359.375,2.014012494400928
VisualCogA_Task-2,left,F3,revision_v3,367.1875,1.9851127074158836
VisualCogA_Task-2,left,F3,revision_v3,375.0,1.9970552551857872
VisualCogA_Task-2,left,F3,revision_v3,382.8125,2.0575926233167205
VisualCogA_Task-2,left,F3,revision_v3,390.625,2.169139934140055
VisualCogA_Task-2,left,F3,revision_v3,398.4375,2.337870516293382
VisualCogA_Task-2,left,F3,revision_v3,406.25,2.5639924749608545
VisualCogA_Task-2,left,F3,revision_v3,414.0625,2.851235718545877
VisualCogA_Task-2,left,F3,revision_v3,421.875,3.1968919605686974
VisualCogA_Task-2,left,F3,revision_v3,429.6875,3.601757102835979
VisualCogA_Task-2,left,F3,revision_v3,437.5,4.060105873093162
VisualCogA_Task-2,left,F3,revision_v3,445.3125,4.570195330064456
VisualCogA_Task-2,left,F3,revision_v3,453.125,5.124090105089946
VisualCogA_Task-2,left,F3,revision_v3,460.9375,5.718504070781428
VisualCogA_Task-2,left,F3,revision_v3,468.75,6.344311214224204
VisualCogA_Task-2,left,F3,revision_v3,476.5625,6.997684526050335
VisualCogA_Task-2,left,F3,revision_v3,484.375,7.669303350482032
VisualCogA_Task-2,left,F3,revision_v3,492.1875,8.355734830410038
VisualCogA_Task-2,left,F3,revision_v3,500.0,9.048242174538318
VisualCogA_Task-2,left,F3,revision_v3,507.8125,9.744352560586126
VisualCogA_Task-2,left,F3,revision_v3,515.625,10.436289229347642
VisualCogA_Task-2,left,F3,revision_v3,523.4375,11.12276710455142
VisualCogA_Task-2,left,F3,revision_v3,531.25,11.797078425157416
VisualCogA_Task-2,left,F3,revision_v3,539.0625,12.459131703759116
VisualCogA_Task-2,left,F3,revision_v3,546.875,13.10321485328294
VisualCogA_Task-2,left,F3,revision_v3,554.6875,13.730294614061663
VisualCogA_Task-2,left,F3,revision_v3,562.5,14.335469372460386
VisualCogA_Task-2,left,F3,revision_v3,570.3125,14.92054700247954
VisualCogA_Task-2,left,F3,revision_v3,578.125,15.481226847624875
VisualCogA_Task-2,left,F3,revision_v3,585.9375,16.01997114612083
VisualCogA_Task-2,left,F3,revision_v3,593.75,16.532868911734184
VisualCogA_Task-2,left,F3,revision_v3,601.5625,17.022742183169253
VisualCogA_Task-2,left,F3,revision_v3,609.375,17.485776044572354
VisualCogA_Task-2,left,F3,revision_v3,617.1875,17.925120731870464
VisualCogA_Task-2,left,F3,revision_v3,625.0,18.3374099829118
VisualCogA_Task-2,left,F3,revision_v3,632.8125,18.7263716685924
VisualCogA_Task-2,left,F3,revision_v3,640.625,19.08830620701059
VisualCogA_Task-2,left,F3,revision_v3,648.4375,19.425649448938383
VisualCogA_Task-2,left,F3,revision_v3,656.25,19.73353269341613
VisualCogA_Task-2,left,F3,revision_v3,664.0625,20.01628529560147
VisualCogA_Task-2,left,F3,revision_v3,671.875,20.274122152403347
VisualCogA_Task-2,left,F3,revision_v3,679.6875,20.514302373727055
VisualCogA_Task-2,left,F3,revision_v3,687.5,20.728874710239285
VisualCogA_Task-2,left,F3,revision_v3,695.3125,20.907493311050914
VisualCogA_Task-2,left,F3,revision_v3,703.125,21.036969610459742
VisualCogA_Task-2,left,F3,revision_v3,710.9375,21.141491625467616
VisualCogA_Task-2,left,F3,revision_v3,718.75,21.26732752041879
VisualCogA_Task-2,left,F3,revision_v3,726.5625,21.440083497100353
VisualCogA_Task-2,left,F3,revision_v3,734.375,21.568967459852136
VisualCogA_Task-2,left,F3,revision_v3,742.1875,21.489443451764156
VisualCogA_Task-2,left,F3,revision_v3,750.0,21.171408198754342
VisualCogA_Task-2,left,F3,revision_v3,757.8125,20.980236956784047
VisualCogA_Task-2,left,F3,revision_v3,765.625,21.46772464152338
VisualCogA_Task-2,left,F3,revision_v3,773.4375,22.532160902906163
VisualCogA_Task-2,left,F3,revision_v3,781.25,22.60767597327144
VisualCogA_Task-2,left,F3,revision_v3,789.0625,19.409520712308908
VisualCogA_Task-2,left,F3,revision_v3,796.875,12.418917385596055
VisualCogA_Task-2,left,Fz,measured,0.0,-0.6728904616570113
VisualCogA_Task-2,left,Fz,measured,7.8125,-0.9031902566275511
VisualCogA_Task-2,left,Fz,measured,15.625,-1.1016339766561576
VisualCogA_Task-2,left,Fz,measured,23.4375,-1.559080814431925
VisualCogA_Task-2,left,Fz,measured,31.25,-2.0611651734340777
VisualCogA_Task-2,left,Fz,measured,39.0625,-2.0961758801775257
VisualCogA_Task-2,left,Fz,measured,46.875,-1.4191752202592387
VisualCogA_Task-2,left,Fz,measured,54.6875,-0.2340395398743601
VisualCogA_Task-2,left,Fz,measured,62.5,1.117188174207025
VisualCogA_Task-2,left,Fz,measured,70.3125,2.433253576254044
VisualCogA_Task-2,left,Fz,measured,78.125,3.5083360238206827
VisualCogA_Task-2,left,Fz,measured,85.9375,4.041971475631495
VisualCogA_Task-2,left,Fz,measured,93.75,3.8749929064008093
VisualCogA_Task-2,left,Fz,measured,101.5625,3.304956692114442
VisualCogA_Task-2,left,Fz,measured,109.375,2.878795614257679
VisualCogA_Task-2,left,Fz,measured,117.1875,2.8837054383285476
VisualCogA_Task-2,left,Fz,measured,125.0,3.102394785962356
VisualCogA_Task-2,left,Fz,measured,132.8125,3.1938607897300617
VisualCogA_Task-2,left,Fz,measured,140.625,3.090094954358386
VisualCogA_Task-2,left,Fz,measured,148.4375,3.0308698596292016
VisualCogA_Task-2,left,Fz,measured,156.25,3.1980900035113224
VisualCogA_Task-2,left,Fz,measured,164.0625,3.508565011895709
VisualCogA_Task-2,left,Fz,measured,171.875,3.679743365994206
VisualCogA_Task-2,left,Fz,measured,179.6875,3.562018149684931
VisualCogA_Task-2,left,Fz,measured,187.5,3.218761060145336
VisualCogA_Task-2,left,Fz,measured,195.3125,2.8873170751697272
VisualCogA_Task-2,left,Fz,measured,203.125,2.7789757578124004
VisualCogA_Task-2,left,Fz,measured,210.9375,2.984589249785255
VisualCogA_Task-2,left,Fz,measured,218.75,3.3480068467833815
VisualCogA_Task-2,left,Fz,measured,226.5625,3.6222383468823938
VisualCogA_Task-2,left,Fz,measured,234.375,3.6826736658287342
VisualCogA_Task-2,left,Fz,measured,242.1875,3.747535998877178
VisualCogA_Task-2,left,Fz,measured,250.0,4.15873119046061
VisualCogA_Task-2,left,Fz,measured,257.8125,5.1706669689156035
VisualCogA_Task-2,left,Fz,measured,265.625,6.7590079996478725
VisualCogA_Task-2,left,Fz,measured,273.4375,8.669938033058708
VisualCogA_Task-2,left,Fz,measured,281.25,10.466485187497337
VisualCogA_Task-2,left,Fz,measured,289.0625,11.95487800050857
VisualCogA_Task-2,left,Fz,measured,296.875,13.286882823334594
VisualCogA_Task-2,left,Fz,measured,304.6875,14.688013260178069
VisualCogA_Task-2,left,Fz,measured,312.5,16.0275357740242
VisualCogA_Task-2,left,Fz,measured,320.3125,17.086730703582543
VisualCogA_Task-2,left,Fz,measured,328.125,17.880115360689892
VisualCogA_Task-2,left,Fz,measured,335.9375,18.684685350384957
VisualCogA_Task-2,left,Fz,measured,343.75,19.547621313120928
VisualCogA_Task-2,left,Fz,measured,351.5625,20.247532125765243
VisualCogA_Task-2,left,Fz,measured,359.375,20.50710715546514
VisualCogA_Task-2,left,Fz,measured,367.1875,20.298552670463135
VisualCogA_Task-2,left,Fz,measured,375.0,19.728827684615872
VisualCogA_Task-2,left,Fz,measured,382.8125,19.0288944008252
VisualCogA_Task-2,left,Fz,measured,390.625,18.365637256170274
VisualCogA_Task-2,left,Fz,measured,398.4375,17.895532326234797
VisualCogA_Task-2,left,Fz,measured,406.25,17.69391087189596
VisualCogA_Task-2,left,Fz,measured,414.0625,17.821108849644677
VisualCogA_Task-2,left,Fz,measured,421.875,18.212885903720814
VisualCogA_Task-2,left,Fz,measured,429.6875,18.773132681475474
VisualCogA_Task-2,left,Fz,measured,437.5,19.307415096307874
VisualCogA_Task-2,left,Fz,measured,445.3125,19.81378302631653
VisualCogA_Task-2,left,Fz,measured,453.125,20.538685068626506
VisualCogA_Task-2,left,Fz,measured,460.9375,21.911586556224197
VisualCogA_Task-2,left,Fz,measured,468.75,24.043683972909204
VisualCogA_Task-2,left,Fz,measured,476.5625,26.63352149991664
VisualCogA_Task-2,left,Fz,measured,484.375,29.09834560360671
VisualCogA_Task-2,left,Fz,measured,492.1875,31.18155186743608
VisualCogA_Task-2,left,Fz,measured,500.0,33.14837685317795
VisualCogA_Task-2,left,Fz,measured,507.8125,35.60694067945606
VisualCogA_Task-2,left,Fz,measured,515.625,38.770690154098084
VisualCogA_Task-2,left,Fz,measured,523.4375,42.391101989794564
VisualCogA_Task-2,left,Fz,measured,531.25,46.07754967019833
VisualCogA_Task-2,left,Fz,measured,539.0625,49.883623654373395
VisualCogA_Task-2,left,Fz,measured,546.875,54.075095165199286
VisualCogA_Task-2,left,Fz,measured,554.6875,58.71417789312609
VisualCogA_Task-2,left,Fz,measured,562.5,63.295788302231685
VisualCogA_Task-2,left,Fz,measured,570.3125,67.34993958597651
VisualCogA_Task-2,left,Fz,measured,578.125,70.93715498362663
VisualCogA_Task-2,left,Fz,measured,585.9375,74.67159531711147
VisualCogA_Task-2,left,Fz,measured,593.75,78.86115031010871
VisualCogA_Task-2,left,Fz,measured,601.5625,83.28293185042217
VisualCogA_Task-2,left,Fz,measured,609.375,87.40850169731013
VisualCogA_Task-2,left,Fz,measured,617.1875,90.91924062158617
VisualCogA_Task-2,left,Fz,measured,625.0,93.66687771053277
VisualCogA_Task-2,left,Fz,measured,632.8125,95.85285931502752
VisualCogA_Task-2,left,Fz,measured,640.625,97.86526250757876
VisualCogA_Task-2,left,Fz,measured,648.4375,100.12001632963175
VisualCogA_Task-2,left,Fz,measured,656.25,102.58476356605155
VisualCogA_Task-2,left,Fz,measured,664.0625,104.96626002569461
VisualCogA_Task-2,left,Fz,measured,671.875,106.95286177891154
VisualCogA_Task-2,left,Fz,measured,679.6875,108.5252238818148
VisualCogA_Task-2,left,Fz,measured,687.5,109.69899697988353
VisualCogA_Task-2,left,Fz,measured,695.3125,110.62895880437603
VisualCogA_Task-2,left,Fz,measured,703.125,111.34778712123237
VisualCogA_Task-2,left,Fz,measured,710.9375,111.73843039779067
VisualCogA_Task-2,left,Fz,measured,718.75,111.62700238422546
VisualCogA_Task-2,left,Fz,measured,726.5625,111.31820712464929
VisualCogA_Task-2,left,Fz,measured,734.375,111.25197099960211
VisualCogA_Task-2,left,Fz,measured,742.1875,111.60626699165645
VisualCogA_Task-2,left,Fz,measured,750.0,111.9511721606544
VisualCogA_Task-2,left,Fz,measured,757.8125,111.75749646106142
VisualCogA_Task-2,left,Fz,measured,765.625,110.79829442707756
VisualCogA_Task-2,left,Fz,measured,773.4375,109.57100252101063
VisualCogA_Task-2,left,Fz,measured,781.25,108.75484244162342
VisualCogA_Task-2,left,Fz,measured,789.0625,108.72518242059867
VisualCogA_Task-2,left,Fz,measured,796.875,109.10614791586703
VisualCogA_Task-2,left,Fz,revision,0.0,-0.03520863862558288
VisualCogA_Task-2,left,Fz,revision,7.8125,-0.04814494961393179
VisualCogA_Task-2,left,Fz,revision,15.625,-0.014453424518877989
VisualCogA_Task-2,left,Fz,revision,23.4375,0.13166609908829463
VisualCogA_Task-2,left,Fz,revision,31.25,0.4365732235930818
VisualCogA_Task-2,left,Fz,revision,39.0625,0.893722487279015
VisualCogA_Task-2,left,Fz,revision,46.875,1.4453250736154641
VisualCogA_Task-2,left,Fz,revision,54.6875,2.0155689699675623
VisualCogA_Task-2,left,Fz,revision,62.5,2.5437557067927186
VisualCogA_Task-2,left,Fz,revision,70.3125,2.9988844830703534
VisualCogA_Task-2,left,Fz,revision,78.125,3.3739917802451416
VisualCogA_Task-2,left,Fz,revision,85.9375,3.675776081549423
VisualCogA_Task-2,left,Fz,revision,93.75,3.9150182884205127
VisualCogA_Task-2,left,Fz,revision,101.5625,4.103711440210559
VisualCogA_Task-2,left,Fz,revision,109.375,4.252360472567455
VisualCogA_Task-2,left,Fz,revision,117.1875,4.370537162924786
VisualCogA_Task-2,left,Fz,revision,125.0,4.465025710928477
VisualCogA_Task-2,left,Fz,revision,132.8125,4.541432193996029
VisualCogA_Task-2,left,Fz,revision,140.625,4.603034529589354
VisualCogA_Task-2,left,Fz,revision,148.4375,4.6528186075051075
VisualCogA_Task-2,left,Fz,revision,156.25,4.69164685264598
VisualCogA_Task-2,left,Fz,revision,164.0625,4.720297328902487
VisualCogA_Task-2,left,Fz,revision,171.875,4.738582983354201
VisualCogA_Task-2,left,Fz,revision,179.6875,4.74915433116098
VisualCogA_Task-2,left,Fz,revision,187.5,4.755364140020698
VisualCogA_Task-2,left,Fz,revision,195.3125,4.7595553062741125
VisualCogA_Task-2,left,Fz,revision,203.125,4.754772406358641
VisualCogA_Task-2,left,Fz,revision,210.9375,4.727082036040944
VisualCogA_Task-2,left,Fz,revision,218.75,4.664540999071582
VisualCogA_Task-2,left,Fz,revision,226.5625,4.575019811982868
VisualCogA_Task-2,left,Fz,revision,234.375,4.484699861223305
VisualCogA_Task-2,left,Fz,revision,242.1875,4.423259742478507
VisualCogA_Task-2,left,Fz,revision,250.0,4.401805114095314
VisualCogA_Task-2,left,Fz,revision,257.8125,4.412328328391649
VisualCogA_Task-2,left,Fz,revision,265.625,4.435417166665591
VisualCogA_Task-2,left,Fz,revision,273.4375,4.455493140910126
VisualCogA_Task-2,left,Fz,revision,281.25,4.462754037956986
VisualCogA_Task-2,left,Fz,revision,289.0625,4.455254436883511
VisualCogA_Task-2,left,Fz,revision,296.875,4.432488412448971
VisualCogA_Task-2,left,Fz,revision,304.6875,4.396818203020452
VisualCogA_Task-2,left,Fz,revision,312.5,4.34927018112899
VisualCogA_Task-2,left,Fz,revision,320.3125,4.292918876828581
VisualCogA_Task-2,left,Fz,revision,328.125,4.2289623363653375
VisualCogA_Task-2,left,Fz,revision,335.9375,4.160191567101652
VisualCogA_Task-2,left,Fz,revision,343.75,4.087034158207194
VisualCogA_Task-2,left,Fz,revision,351.5625,4.01149938749387
VisualCogA_Task-2,left,Fz,revision,359.375,3.933323645339951
VisualCogA_Task-2,left,Fz,revision,367.1875,3.854123577588931
VisualCogA_Task-2,left,Fz,revision,375.0,3.7733241471442804
VisualCogA_Task-2,left,Fz,revision,382.8125,3.692382807556211
VisualCogA_Task-2,left,Fz,revision,390.625,3.610533840067223
VisualCogA_Task-2,left,Fz,revision,398.4375,3.5291528239045147
VisualCogA_Task-2,left,Fz,revision,406.25,3.4473531900721515
VisualCogA_Task-2,left,Fz,revision,414.0625,3.366486513705345
VisualCogA_Task-2,left,Fz,revision,421.875,3.285583267158338
VisualCogA_Task-2,left,Fz,revision,429.6875,3.2059875038717642
VisualCogA_Task-2,left,Fz,revision,437.5,3.126653355409696
VisualCogA_Task-2,left,Fz,revision,445.3125,3.048922490822446
VisualCogA_Task-2,left,Fz,revision,453.125,2.9716813979602765
VisualCogA_Task-2,left,Fz,revision,460.9375,2.8962769686821073
VisualCogA_Task-2,left,Fz,revision,468.75,2.8215329967721963
VisualCogA_Task-2,left,Fz,revision,476.5625,2.748803516262433
VisualCogA_Task-2,left,Fz,revision,484.375,2.67685366025368
VisualCogA_Task-2,left,Fz,revision,492.1875,2.607050086299203
VisualCogA_Task-2,left,Fz,revision,500.0,2.5381047303696977
VisualCogA_Task-2,left,Fz,revision,507.8125,2.4713984670841023
VisualCogA_Task-2,left,Fz,revision,515.625,2.4055908357967204
VisualCogA_Task-2,left,Fz,revision,523.4375,2.342079531024721
VisualCogA_Task-2,left,Fz,revision,531.25,2.2794785850120114
VisualCogA_Task-2,left,Fz,revision,539.0625,2.2192085302094666
VisualCogA_Task-2,left,Fz,revision,546.875,2.159839835695958
VisualCogA_Task-2,left,Fz,revision,554.6875,2.102813168410091
VisualCogA_Task-2,left,Fz,revision,562.5,2.046654610007043
VisualCogA_Task-2,left,Fz,revision,570.3125,1.992828821148203
VisualCogA_Task-2,left,Fz,revision,578.125,1.9398255410732834
VisualCogA_Task-2,left,Fz,revision,585.9375,1.8891387349325353
VisualCogA_Task-2,left,Fz,revision,593.75,1.839220561464489
VisualCogA_Task-2,left,Fz,revision,601.5625,1.7915864262962473
VisualCogA_Task-2,left,Fz,revision,609.375,1.7446464532183774
VisualCogA_Task-2,left,Fz,revision,617.1875,1.6999477959404858
VisualCogA_Task-2,left,Fz,revision,625.0,1.6558849931120903
VisualCogA_Task-2,left,Fz,revision,632.8125,1.6140519058914067
VisualCogA_Task-2,left,Fz,revision,640.625,1.5727916711011098
VisualCogA_Task-2,left,Fz,revision,648.4375,1.533661820129239
VisualCogA_Task-2,left,Fz,revision,656.25,1.4949239572313335
VisualCogA_Task-2,left,Fz,revision,664.0625,1.4582501258723308
VisualCogA_Task-2,left,Fz,revision,671.875,1.4221008827634183
VisualCogA_Task-2,left,Fz,revision,679.6875,1.38829938463816
VisualCogA_Task-2,left,Fz,revision,687.5,1.3549041421298296
VisualCogA_Task-2,left,Fz,revision,695.3125,1.3229785883324003
VisualCogA_Task-2,left,Fz,revision,703.125,1.2903334081276787
VisualCogA_Task-2,left,Fz,revision,710.9375,1.2596130555317182
VisualCogA_Task-2,left,Fz,revision,718.75,1.2312335663545741
VisualCogA_Task-2,left,Fz,revision,726.5625,1.2078644010570836
VisualCogA_Task-2,left,Fz,revision,734.375,1.1837267673741387
VisualCogA_Task-2,left,Fz,revision,742.1875,1.153099189541689
VisualCogA_Task-2,left,Fz,revision,750.0,1.1130798798092851
VisualCogA_Task-2,left,Fz,revision,757.8125,1.0817166009555508
VisualCogA_Task-2,left,Fz,revision,765.625,1.0817066211996396
VisualCogA_Task-2,left,Fz,revision,773.4375,1.1095778620288193
VisualCogA_Task-2,left,Fz,revision,781.25,1.0933432203947537
VisualCogA_Task-2,left,Fz,revision,789.0625,0.9336688439116974
VisualCogA_Task-2,left,Fz,revision,796.875,0.6081288885964594
VisualCogA_Task-2,left,Fz,revision_v2,0.0,0.00022125418766557562
VisualCogA_Task-2,left,Fz,revision_v2,7.8125,0.000661886577279895
VisualCogA_Task-2,left,Fz,revision_v2,15.625,-0.0004943038462723786
VisualCogA_Task-2,left,Fz,revision_v2,23.4375,-0.0051855922704683085
VisualCogA_Task-2,left,Fz,revision_v2,31.25,-0.014122946806655691
VisualCogA_Task-2,left,Fz,revision_v2,39.0625,-0.025731169802754618
VisualCogA_Task-2,left,Fz,revision_v2,46.875,-0.03681101383745568
VisualCogA_Task-2,left,Fz,revision_v2,54.6875,-0.04442153258137524
VisualCogA_Task-2,left,Fz,revision_v2,62.5,-0.04737503412207868
VisualCogA_Task-2,left,Fz,revision_v2,70.3125,-0.046333815832477386
VisualCogA_Task-2,left,Fz,revision_v2,78.125,-0.042851466372501056
VisualCogA_Task-2,left,Fz,revision_v2,85.9375,-0.03835850918873229
VisualCogA_Task-2,left,Fz,revision_v2,93.75,-0.03371643528181932
VisualCogA_Task-2,left,Fz,revision_v2,101.5625,-0.02929629004770291
VisualCogA_Task-2,left,Fz,revision_v2,109.375,-0.02522413471699379
VisualCogA_Task-2,left,Fz,revision_v2,117.1875,-0.02154643058425995
VisualCogA_Task-2,left,Fz,revision_v2,125.0,-0.018277852615584542
VisualCogA_Task-2,left,Fz,revision_v2,132.8125,-0.01540279512498078
VisualCogA_Task-2,left,Fz,revision_v2,140.625,-0.012877000346247669
VisualCogA_Task-2,left,Fz,revision_v2,148.4375,-0.010640595428030501
VisualCogA_Task-2,left,Fz,revision_v2,156.25,-0.008634832353652217
VisualCogA_Task-2,left,Fz,revision_v2,164.0625,-0.0068285532243368054
VisualCogA_Task-2,left,Fz,revision_v2,171.875,-0.0052371929687565835
VisualCogA_Task-2,left,Fz,revision_v2,179.6875,-0.003900406495903521
VisualCogA_Task-2,left,Fz,revision_v2,187.5,-0.0027937750083274595
VisualCogA_Task-2,left,Fz,revision_v2,195.3125,-0.0017567983385653953
VisualCogA_Task-2,left,Fz,revision_v2,203.125,-0.0005924811484046286
VisualCogA_Task-2,left,Fz,revision_v2,210.9375,0.0006063819848278934
VisualCogA_Task-2,left,Fz,revision_v2,218.75,0.0011937911808132065
VisualCogA_Task-2,left,Fz,revision_v2,226.5625,0.00022387711116972678
VisualCogA_Task-2,left,Fz,revision_v2,234.375,-0.002756861056332221
VisualCogA_Task-2,left,Fz,revision_v2,242.1875,-0.007089281055269892
VisualCogA_Task-2,left,Fz,revision_v2,250.0,-0.0112360440768507
VisualCogA_Task-2,left,Fz,revision_v2,257.8125,-0.013712361142243732
VisualCogA_Task-2,left,Fz,revision_v2,265.625,-0.01388871670303553
VisualCogA_Task-2,left,Fz,revision_v2,273.4375,-0.012093703613062608
VisualCogA_Task-2,left,Fz,revision_v2,281.25,-0.009138378599407308
VisualCogA_Task-2,left,Fz,revision_v2,289.0625,-0.005783597258080241
VisualCogA_Task-2,left,Fz,revision_v2,296.875,-0.002490726470224333
VisualCogA_Task-2,left,Fz,revision_v2,304.6875,0.0005427676993752915
VisualCogA_Task-2,left,Fz,revision_v2,312.5,0.003255144697289006
VisualCogA_Task-2,left,Fz,revision_v2,320.3125,0.00562865748639023
VisualCogA_Task-2,left,Fz,revision_v2,328.125,0.007665334598947451
VisualCogA_Task-2,left,Fz,revision_v2,335.9375,0.009384390662171558
VisualCogA_Task-2,left,Fz,revision_v2,343.75,0.01082057986471371
VisualCogA_Task-2,left,Fz,revision_v2,351.5625,0.012011064763637853
VisualCogA_Task-2,left,Fz,revision_v2,359.375,0.012989011387581371
VisualCogA_Task-2,left,Fz,revision_v2,367.1875,0.013779042321251773
VisualCogA_Task-2,left,Fz,revision_v2,375.0,0.014402129199146723
VisualCogA_Task-2,left,Fz,revision_v2,382.8125,0.014875758410090121
VisualCogA_Task-2,left,Fz,revision_v2,390.625,0.015217566791355958
VisualCogA_Task-2,left,Fz,revision_v2,398.4375,0.015442545823930072
VisualCogA_Task-2,left,Fz,revision_v2,406.25,0.015565452462569396
VisualCogA_Task-2,left,Fz,revision_v2,414.0625,0.015598219427212148
VisualCogA_Task-2,left,Fz,revision_v2,421.875,0.015553057852505714
VisualCogA_Task-2,left,Fz,revision_v2,429.6875,0.015439886634550292
VisualCogA_Task-2,left,Fz,revision_v2,437.5,0.015269214343027044
VisualCogA_Task-2,left,Fz,revision_v2,445.3125,0.015049191699613867
VisualCogA_Task-2,left,Fz,revision_v2,453.125,0.014788526100879489
VisualCogA_Task-2,left,Fz,revision_v2,460.9375,0.014493560028000833
VisualCogA_Task-2,left,Fz,revision_v2,468.75,0.014171371480707816
VisualCogA_Task-2,left,Fz,revision_v2,476.5625,0.01382678599101254
VisualCogA_Task-2,left,Fz,revision_v2,484.375,0.013465523453638073
VisualCogA_Task-2,left,Fz,revision_v2,492.1875,0.013091103056859515
VisualCogA_Task-2,left,Fz,revision_v2,500.0,0.012708082320101127
VisualCogA_Task-2,left,Fz,revision_v2,507.8125,0.012318899532723221
VisualCogA_Task-2,left,Fz,revision_v2,515.625,0.011927188009115509
VisualCogA_Task-2,left,Fz,revision_v2,523.4375,0.011534512857243053
VisualCogA_Task-2,left,Fz,revision_v2,531.25,0.011143749733684715
VisualCogA_Task-2,left,Fz,revision_v2,539.0625,0.010755749175863152
VisualCogA_Task-2,left,Fz,revision_v2,546.875,0.01037280396272639
VisualCogA_Task-2,left,Fz,revision_v2,554.6875,0.00999522777732165
VisualCogA_Task-2,left,Fz,revision_v2,562.5,0.009624882072793885
VisualCogA_Task-2,left,Fz,revision_v2,570.3125,0.009261663447937189
VisualCogA_Task-2,left,Fz,revision_v2,578.125,0.008907104586354835
VisualCogA_Task-2,left,Fz,revision_v2,585.9375,0.008560785949195432
VisualCogA_Task-2,left,Fz,revision_v2,593.75,0.008224004707745862
VisualCogA_Task-2,left,Fz,revision_v2,601.5625,0.007896091696662997
VisualCogA_Task-2,left,Fz,revision_v2,609.375,0.007578149794161364
VisualCogA_Task-2,left,Fz,revision_v2,617.1875,0.007269321686022939
VisualCogA_Task-2,left,Fz,revision_v2,625.0,0.006970630205951428
VisualCogA_Task-2,left,Fz,revision_v2,632.8125,0.006681135581079691
VisualCogA_Task-2,left,Fz,revision_v2,640.625,0.00640173850174898
VisualCogA_Task-2,left,Fz,revision_v2,648.4375,0.006131208535398056
VisualCogA_Task-2,left,Fz,revision_v2,656.25,0.0058702410212639645
VisualCogA_Task-2,left,Fz,revision_v2,664.0625,0.005617773728194239
VisualCogA_Task-2,left,Fz,revision_v2,671.875,0.005375164154570247
VisualCogA_Task-2,left,Fz,revision_v2,679.6875,0.005141658501620057
VisualCogA_Task-2,left,Fz,revision_v2,687.5,0.0049174754449663625
VisualCogA_Task-2,left,Fz,revision_v2,695.3125,0.004699438090836498
VisualCogA_Task-2,left,Fz,revision_v2,703.125,0.0044871511351594374
VisualCogA_Task-2,left,Fz,revision_v2,710.9375,0.0042821483850518545
VisualCogA_Task-2,left,Fz,revision_v2,718.75,0.00409197230435228
VisualCogA_Task-2,left,Fz,revision_v2,726.5625,0.003917924883881567
VisualCogA_Task-2,left,Fz,revision_v2,734.375,0.0037487444966563662
VisualCogA_Task-2,left,Fz,revision_v2,742.1875,0.00356045942535355
VisualCogA_Task-2,left,Fz,revision_v2,750.0,0.0033513193501855457
VisualCogA_Task-2,left,Fz,revision_v2,757.8125,0.0031696021674901707
VisualCogA_Task-2,left,Fz,revision_v2,765.625,0.003090085959705343
VisualCogA_Task-2,left,Fz,revision_v2,773.4375,0.0030933854544426334
VisualCogA_Task-2,left,Fz,revision_v2,781.25,0.0029670275653316193
VisualCogA_Task-2,left,Fz,revision_v2,789.0625,0.00240633439827975
VisualCogA_Task-2,left,Fz,revision_v2,796.875,0.0013588848260522649
VisualCogA_Task-2,left,Fz,revision_v3,0.0,0.07578248714098956
VisualCogA_Task-2,left,Fz,revision_v3,7.8125,-0.0378784281781126
VisualCogA_Task-2,left,Fz,revision_v3,15.625,-0.7619528359042858
VisualCogA_Task-2,left,Fz,revision_v3,23.4375,-2.1710237550699802
VisualCogA_Task-2,left,Fz,revision_v3,31.25,-3.827252912793376
VisualCogA_Task-2,left,Fz,revision_v3,39.0625,-5.012539467735797
VisualCogA_Task-2,left,Fz,revision_v3,46.875,-5.222998760976566
VisualCogA_Task-2,left,Fz,revision_v3,54.6875,-4.45119789042138
VisualCogA_Task-2,left,Fz,revision_v3,62.5,-3.067873541954745
VisualCogA_Task-2,left,Fz,revision_v3,70.3125,-1.5088534986842852
VisualCogA_Task-2,left,Fz,revision_v3,78.125,-0.061787352102144144
VisualCogA_Task-2,left,Fz,revision_v3,85.9375,1.162471914481501
VisualCogA_Task-2,left,Fz,revision_v3,93.75,2.1532468491224384
VisualCogA_Task-2,left,Fz,revision_v3,101.5625,2.93273797360252
VisualCogA_Task-2,left,Fz,revision_v3,109.375,3.5266474797761926
VisualCogA_Task-2,left,Fz,revision_v3,117.1875,3.9653093204709307
VisualCogA_Task-2,left,Fz,revision_v3,125.0,4.281404850227777
VisualCogA_Task-2,left,Fz,revision_v3,132.8125,4.508231438816587
VisualCogA_Task-2,left,Fz,revision_v3,140.625,4.671040941489862
VisualCogA_Task-2,left,Fz,revision_v3,148.4375,4.788234936873529
VisualCogA_Task-2,left,Fz,revision_v3,156.25,4.8692676400528905
VisualCogA_Task-2,left,Fz,revision_v3,164.0625,4.921720627131059
VisualCogA_Task-2,left,Fz,revision_v3,171.875,4.9512556496891555
VisualCogA_Task-2,left,Fz,revision_v3,179.6875,4.967532291729928
VisualCogA_Task-2,left,Fz,revision_v3,187.5,4.976726757229857
VisualCogA_Task-2,left,Fz,revision_v3,195.3125,4.978128499406072
VisualCogA_Task-2,left,Fz,revision_v3,203.125,4.956211173999257
VisualCogA_Task-2,left,Fz,revision_v3,210.9375,4.898149541720764
VisualCogA_Task-2,left,Fz,revision_v3,218.75,4.8140096599991775
VisualCogA_Task-2,left,Fz,revision_v3,226.5625,4.752124969153611
VisualCogA_Task-2,left,Fz,revision_v3,234.375,4.768106961691
VisualCogA_Task-2,left,Fz,revision_v3,242.1875,4.888505634037529
VisualCogA_Task-2,left,Fz,revision_v3,250.0,5.087734918122207
VisualCogA_Task-2,left,Fz,revision_v3,257.8125,5.312267313932805
VisualCogA_Task-2,left,Fz,revision_v3,265.625,5.506745693398809
VisualCogA_Task-2,left,Fz,revision_v3,273.4375,5.640213544052282
VisualCogA_Task-2,left,Fz,revision_v3,281.25,5.701353624922584
VisualCogA_Task-2,left,Fz,revision_v3,289.0625,5.696069195865192
VisualCogA_Task-2,left,Fz,revision_v3,296.875,5.632219488105521
VisualCogA_Task-2,left,Fz,revision_v3,304.6875,5.521946438828202
VisualCogA_Task-2,left,Fz,revision_v3,312.5,5.373758529327988
VisualCogA_Task-2,left,Fz,revision_v3,320.3125,5.199419084089996
VisualCogA_Task-2,left,Fz,revision_v3,328.125,5.006542600854384
VisualCogA_Task-2,left,Fz,revision_v3,335.9375,4.805586075747206
VisualCogA_Task-2,left,Fz,revision_v3,343.75,4.602337696617489
VisualCogA_Task-2,left,Fz,revision_v3,351.5625,4.405709405368887
VisualCogA_Task-2,left,Fz,revision_v3,359.375,4.220228925407889
VisualCogA_Task-2,left,Fz,revision_v3,367.1875,4.054049138600486
VisualCogA_Task-2,left,Fz,revision_v3,375.0,3.9108653482388283
VisualCogA_Task-2,left,Fz,revision_v3,382.8125,3.7979530475590324
VisualCogA_Task-2,left,Fz,revision_v3,390.625,3.7176706587901003
VisualCogA_Task-2,left,Fz,revision_v3,398.4375,3.6757910421086373
VisualCogA_Task-2,left,Fz,revision_v3,406.25,3.6727872435773308
VisualCogA_Task-2,left,Fz,revision_v3,414.0625,3.712509282194241
VisualCogA_Task-2,left,Fz,revision_v3,421.875,3.793242576797782
VisualCogA_Task-2,left,Fz,revision_v3,429.6875,3.916753895302416
VisualCogA_Task-2,left,Fz,revision_v3,437.5,4.079216112584347
VisualCogA_Task-2,left,Fz,revision_v3,445.3125,4.280680491646551
VisualCogA_Task-2,left,Fz,revision_v3,453.125,4.5158080298674435
VisualCogA_Task-2,left,Fz,revision_v3,460.9375,4.78361722784744
VisualCogA_Task-2,left,Fz,revision_v3,468.75,5.077917579875143
VisualCogA_Task-2,left,Fz,revision_v3,476.5625,5.3973202070826005
VisualCogA_Task-2,left,Fz,revision_v3,484.375,5.735402334560412
VisualCogA_Task-2,left,Fz,revision_v3,492.1875,6.090955247881576
VisualCogA_Task-2,left,Fz,revision_v3,500.0,6.457812593340689
VisualCogA_Task-2,left,Fz,revision_v3,507.8125,6.83528874608645
VisualCogA_Task-2,left,Fz,revision_v3,515.625,7.217690519949173
VisualCogA_Task-2,left,Fz,revision_v3,523.4375,7.604989681771752
VisualCogA_Task-2,left,Fz,revision_v3,531.25,7.992048706968342
VisualCogA_Task-2,left,Fz,revision_v3,539.0625,8.379524998189227
VisualCogA_Task-2,left,Fz,revision_v3,546.875,8.76280581779546
VisualCogA_Task-2,left,Fz,revision_v3,554.6875,9.1431497979466
VisualCogA_Task-2,left,Fz,revision_v3,562.5,9.516355454433254
VisualCogA_Task-2,left,Fz,revision_v3,570.3125,9.884166268953138
VisualCogA_Task-2,left,Fz,revision_v3,578.125,10.242693479561384
VisualCogA_Task-2,left,Fz,revision_v3,585.9375,10.594073164905451
VisualCogA_Task-2,left,Fz,revision_v3,593.75,10.934599460672006
VisualCogA_Task-2,left,Fz,revision_v3,601.5625,11.26660280488817
VisualCogA_Task-2,left,Fz,revision_v3,609.375,11.586372587037149
VisualCogA_Task-2,left,Fz,revision_v3,617.1875,11.896444463905251
VisualCogA_Task-2,left,Fz,revision_v3,625.0,12.19338407527889
VisualCogA_Task-2,left,Fz,revision_v3,632.8125,12.480122924236483
VisualCogA_Task-2,left,Fz,revision_v3,640.625,12.752947114663609
VisualCogA_Task-2,left,Fz,revision_v3,648.4375,13.013855546785974
VisualCogA_Task-2,left,Fz,revision_v3,656.25,13.258270729079303
VisualCogA_Task-2,left,Fz,revision_v3,664.0625,13.489539173787934
VisualCogA_Task-2,left,Fz,revision_v3,671.875,13.706680271070175
VisualCogA_Task-2,left,Fz,revision_v3,679.6875,13.91513691902973
VisualCogA_Task-2,left,Fz,revision_v3,687.5,14.108107489898275
VisualCogA_Task-2,left,Fz,revision_v3,695.3125,14.27851059472834
VisualCogA_Task-2,left,Fz,revision_v3,703.125,14.415770626324816
VisualCogA_Task-2,left,Fz,revision_v3,710.9375,14.53735941474475
VisualCogA_Task-2,left,Fz,revision_v3,718.75,14.675036529694452
VisualCogA_Task-2,left,Fz,revision_v3,726.5625,14.84743973212954
VisualCogA_Task-2,left,Fz,revision_v3,734.375,14.98891153837992
VisualCogA_Task-2,left,Fz,revision_v3,742.1875,14.982661241906506
VisualCogA_Task-2,left,Fz,revision_v3,750.0,14.805761474997064
VisualCogA_Task-2,left,Fz,revision_v3,757.8125,14.71828650968835
VisualCogA_Task-2,left,Fz,revision_v3,765.625,15.112171369430486
VisualCogA_Task-2,left,Fz,revision_v3,773.4375,15.916844551637228
VisualCogA_Task-2,left,Fz,revision_v3,781.25,16.01784716816177
VisualCogA_Task-2,left,Fz,revision_v3,789.0625,13.787754903531384
VisualCogA_Task-2,left,Fz,revision_v3,796.875,8.850438876322823
VisualCogA_Task-2,left,F4,measured,0.0,2.1470871897537767
VisualCogA_Task-2,left,F4,measured,7.8125,2.5048133219167785
VisualCogA_Task-2,left,F4,measured,15.625,2.876232774514648
VisualCogA_Task-2,left,F4,measured,23.4375,2.9844335067274024
VisualCogA_Task-2,left,F4,measured,31.25,2.993009800319068
VisualCogA_Task-2,left,F4,measured,39.0625,3.372303690372447
VisualCogA_Task-2,left,F4,measured,46.875,4.340458839017195
VisualCogA_Task-2,left,F4,measured,54.6875,5.6704086256337005
VisualCogA_Task-2,left,F4,measured,62.5,7.0344098877912495
VisualCogA_Task-2,left,F4,measured,70.3125,8.317368224146135
VisualCogA_Task-2,left,F4,measured,78.125,9.458777258755887
VisualCogA_Task-2,left,F4,measured,85.9375,10.277462724598063
VisualCogA_Task-2,left,F4,measured,93.75,10.56268289993514
VisualCogA_Task-2,left,F4,measured,101.5625,10.410400015274943
VisualCogA_Task-2,left,F4,measured,109.375,10.223551740619426
VisualCogA_Task-2,left,F4,measured,117.1875,10.36131555867282
VisualCogA_Task-2,left,F4,measured,125.0,10.795698639945204
VisualCogA_Task-2,left,F4,measured,132.8125,11.261307844123275
VisualCogA_Task-2,left,F4,measured,140.625,11.56818540100643
VisualCogA_Task-2,left,F4,measured,148.4375,11.831852244419292
VisualCogA_Task-2,left,F4,measured,156.25,12.243557547016454
VisualCogA_Task-2,left,F4,measured,164.0625,12.792835162253855
VisualCogA_Task-2,left,F4,measured,171.875,13.194706705892138
VisualCogA_Task-2,left,F4,measured,179.6875,13.243259194821762
VisualCogA_Task-2,left,F4,measured,187.5,12.995018209039346
VisualCogA_Task-2,left,F4,measured,195.3125,12.795804255483361
VisualCogA_Task-2,left,F4,measured,203.125,12.952857405550526
VisualCogA_Task-2,left,F4,measured,210.9375,13.502853190458135
VisualCogA_Task-2,left,F4,measured,218.75,14.125380228463978
VisualCogA_Task-2,left,F4,measured,226.5625,14.48806269461407
VisualCogA_Task-2,left,F4,measured,234.375,14.558606902060461
VisualCogA_Task-2,left,F4,measured,242.1875,14.747739653265057
VisualCogA_Task-2,left,F4,measured,250.0,15.429515308316054
VisualCogA_Task-2,left,F4,measured,257.8125,16.681820525899017
VisualCogA_Task-2,left,F4,measured,265.625,18.31973530636921
VisualCogA_Task-2,left,F4,measured,273.4375,20.140030466510026
VisualCogA_Task-2,left,F4,measured,281.25,21.84597571283775
VisualCogA_Task-2,left,F4,measured,289.0625,23.292688535398636
VisualCogA_Task-2,left,F4,measured,296.875,24.525767983303925
VisualCogA_Task-2,left,F4,measured,304.6875,25.675747869387546
VisualCogA_Task-2,left,F4,measured,312.5,26.682391138914717
VisualCogA_Task-2,left,F4,measured,320.3125,27.51948838422776
VisualCogA_Task-2,left,F4,measured,328.125,28.277421567888396
VisualCogA_Task-2,left,F4,measured,335.9375,29.15410811035519
VisualCogA_Task-2,left,F4,measured,343.75,30.078648994315124
VisualCogA_Task-2,left,F4,measured,351.5625,30.811872906610354
VisualCogA_Task-2,left,F4,measured,359.375,31.160503392154755
VisualCogA_Task-2,left,F4,measured,367.1875,31.220056605916263
VisualCogA_Task-2,left,F4,measured,375.0,31.09140435746028
VisualCogA_Task-2,left,F4,measured,382.8125,30.826748137767556
VisualCogA_Task-2,left,F4,measured,390.625,30.388493610291814
VisualCogA_Task-2,left,F4,measured,398.4375,29.983397369612522
VisualCogA_Task-2,left,F4,measured,406.25,29.92215473169535
VisualCogA_Task-2,left,F4,measured,414.0625,30.35824948037907
VisualCogA_Task-2,left,F4,measured,421.875,31.024137126186233
VisualCogA_Task-2,left,F4,measured,429.6875,31.627755167757833
VisualCogA_Task-2,left,F4,measured,437.5,32.03186209317179
VisualCogA_Task-2,left,F4,measured,445.3125,32.44672190861938
VisualCogA_Task-2,left,F4,measured,453.125,33.1802845129205
VisualCogA_Task-2,left,F4,measured,460.9375,34.570326385356495
VisualCogA_Task-2,left,F4,measured,468.75,36.66340316703842
VisualCogA_Task-2,left,F4,measured,476.5625,39.22333124208599
VisualCogA_Task-2,left,F4,measured,484.375,41.753463914155
VisualCogA_Task-2,left,F4,measured,492.1875,44.07848425600862
VisualCogA_Task-2,left,F4,measured,500.0,46.50721835891149
VisualCogA_Task-2,left,F4,measured,507.8125,49.65553332439909
VisualCogA_Task-2,left,F4,measured,515.625,53.66103394998368
VisualCogA_Task-2,left,F4,measured,523.4375,58.18050581844914
VisualCogA_Task-2,left,F4,measured,531.25,62.76596417304648
VisualCogA_Task-2,left,F4,measured,539.0625,67.45822889159275
VisualCogA_Task-2,left,F4,measured,546.875,72.43550519981306
VisualCogA_Task-2,left,F4,measured,554.6875,77.68327250322429
VisualCogA_Task-2,left,F4,measured,562.5,82.79052025968323
VisualCogA_Task-2,left,F4,measured,570.3125,87.57246205624836
VisualCogA_Task-2,left,F4,measured,578.125,92.24521188538999
VisualCogA_Task-2,left,F4,measured,585.9375,97.28530776598257
VisualCogA_Task-2,left,F4,measured,593.75,102.71124763082786
VisualCogA_Task-2,left,F4,measured,601.5625,108.18259877280855
VisualCogA_Task-2,left,F4,measured,609.375,113.28476207399561
VisualCogA_Task-2,left,F4,measured,617.1875,117.88341266592484
VisualCogA_Task-2,left,F4,measured,625.0,121.81467411205577
VisualCogA_Task-2,left,F4,measured,632.8125,125.1182215831648
VisualCogA_Task-2,left,F4,measured,640.625,128.0344048367565
VisualCogA_Task-2,left,F4,measured,648.4375,130.95672019414354
VisualCogA_Task-2,left,F4,measured,656.25,133.86818094794185
VisualCogA_Task-2,left,F4,measured,664.0625,136.5106445473122
VisualCogA_Task-2,left,F4,measured,671.875,138.6241790261406
VisualCogA_Task-2,left,F4,measured,679.6875,140.32601541992844
VisualCogA_Task-2,left,F4,measured,687.5,141.76980205526164
VisualCogA_Task-2,left,F4,measured,695.3125,143.16943254445854
VisualCogA_Task-2,left,F4,measured,703.125,144.47949462181467
VisualCogA_Task-2,left,F4,measured,710.9375,145.49991051813396
VisualCogA_Task-2,left,F4,measured,718.75,145.9877715676984
VisualCogA_Task-2,left,F4,measured,726.5625,146.18358116395078
VisualCogA_Task-2,left,F4,measured,734.375,146.46143072634095
VisualCogA_Task-2,left,F4,measured,742.1875,147.06195329634343
VisualCogA_Task-2,left,F4,measured,750.0,147.6613298481682
VisualCogA_Task-2,left,F4,measured,757.8125,147.7149690327345
VisualCogA_Task-2,left,F4,measured,765.625,146.7875729343946
VisualCogA_Task-2,left,F4,measured,773.4375,145.2592896975058
VisualCogA_Task-2,left,F4,measured,781.25,143.95824046024052
VisualCogA_Task-2,left,F4,measured,789.0625,143.61501611093266
VisualCogA_Task-2,left,F4,measured,796.875,144.07992801748952
VisualCogA_Task-2,left,F4,revision,0.0,-0.03690814282221
VisualCogA_Task-2,left,F4,revision,7.8125,-0.05045689126858033
VisualCogA_Task-2,left,F4,revision,15.625,-0.015176788532162977
VisualCogA_Task-2,left,F4,revision,23.4375,0.13783927685954733
VisualCogA_Task-2,left,F4,revision,31.25,0.4571446395132446
VisualCogA_Task-2,left,F4,revision,39.0625,0.9358974507962952
VisualCogA_Task-2,left,F4,revision,46.875,1.5135973096062612
VisualCogA_Task-2,left,F4,revision,54.6875,2.110864745887098
VisualCogA_Task-2,left,F4,revision,62.5,2.664133460709909
VisualCogA_Task-2,left,F4,revision,70.3125,3.1409255899236994
VisualCogA_Task-2,left,F4,revision,78.125,3.533933676778859
VisualCogA_Task-2,left,F4,revision,85.9375,3.850165885382979
VisualCogA_Task-2,left,F4,revision,93.75,4.100914271679671
VisualCogA_Task-2,left,F4,revision,101.5625,4.298744944906469
VisualCogA_Task-2,left,F4,revision,109.375,4.454663041888931
VisualCogA_Task-2,left,F4,revision,117.1875,4.578692605028052
VisualCogA_Task-2,left,F4,revision,125.0,4.677933676095353
VisualCogA_Task-2,left,F4,revision,132.8125,4.7582513747387996
VisualCogA_Task-2,left,F4,revision,140.625,4.82307139032139
VisualCogA_Task-2,left,F4,revision,148.4375,4.8755147939558166
VisualCogA_Task-2,left,F4,revision,156.25,4.916478424455771
VisualCogA_Task-2,left,F4,revision,164.0625,4.94677280847239
VisualCogA_Task-2,left,F4,revision,171.875,4.966198226728822
VisualCogA_Task-2,left,F4,revision,179.6875,4.977529095897631
VisualCogA_Task-2,left,F4,revision,187.5,4.98427428481353
VisualCogA_Task-2,left,F4,revision,195.3125,4.988885437460254
VisualCogA_Task-2,left,F4,revision,203.125,4.984075331783459
VisualCogA_Task-2,left,F4,revision,210.9375,4.955253457833622
VisualCogA_Task-2,left,F4,revision,218.75,4.889917260159296
VisualCogA_Task-2,left,F4,revision,226.5625,4.796317343246584
VisualCogA_Task-2,left,F4,revision,234.375,4.701873945038457
VisualCogA_Task-2,left,F4,revision,242.1875,4.637663814878396
VisualCogA_Task-2,left,F4,revision,250.0,4.615309597510096
VisualCogA_Task-2,left,F4,revision,257.8125,4.626423390479908
VisualCogA_Task-2,left,F4,revision,265.625,4.650676759107641
VisualCogA_Task-2,left,F4,revision,273.4375,4.671758293842198
VisualCogA_Task-2,left,F4,revision,281.25,4.679402137774416
VisualCogA_Task-2,left,F4,revision,289.0625,4.671571296567991
VisualCogA_Task-2,left,F4,revision,296.875,4.6477355383815455
VisualCogA_Task-2,left,F4,revision,304.6875,4.61037165820298
VisualCogA_Task-2,left,F4,revision,312.5,4.560556114913492
VisualCogA_Task-2,left,F4,revision,320.3125,4.501511678931978
VisualCogA_Task-2,left,F4,revision,328.125,4.4344931604476505
VisualCogA_Task-2,left,F4,revision,335.9375,4.3624250146684
VisualCogA_Task-2,left,F4,revision,343.75,4.285754345385806
VisualCogA_Task-2,left,F4,revision,351.5625,4.206586742357014
VisualCogA_Task-2,left,F4,revision,359.375,4.124645439317507
VisualCogA_Task-2,left,F4,revision,367.1875,4.041624963766831
VisualCogA_Task-2,left,F4,revision,375.0,3.956922411366577
VisualCogA_Task-2,left,F4,revision,382.8125,3.8720656643153903
VisualCogA_Task-2,left,F4,revision,390.625,3.7862522314024067
VisualCogA_Task-2,left,F4,revision,398.4375,3.7009246089189123
VisualCogA_Task-2,left,F4,revision,406.25,3.6151540551412387
VisualCogA_Task-2,left,F4,revision,414.0625,3.5303580928234144
VisualCogA_Task-2,left,F4,revision,421.875,3.4455208748451147
VisualCogA_Task-2,left,F4,revision,429.6875,3.36205177632249
VisualCogA_Task-2,left,F4,revision,437.5,3.278854814620048
VisualCogA_Task-2,left,F4,revision,445.3125,3.197336938679113
VisualCogA_Task-2,left,F4,revision,453.125,3.116331310712887
VisualCogA_Task-2,left,F4,revision,460.9375,3.0372502805415227
VisualCogA_Task-2,left,F4,revision,468.75,2.9588611608013915
VisualCogA_Task-2,left,F4,revision,476.5625,2.8825837075561838
VisualCogA_Task-2,left,F4,revision,484.375,2.807123684032936
VisualCogA_Task-2,left,F4,revision,492.1875,2.733913982109047
VisualCogA_Task-2,left,F4,revision,500.0,2.6616044750043493
VisualCogA_Task-2,left,F4,revision,507.8125,2.59164288162705
VisualCogA_Task-2,left,F4,revision,515.625,2.5226241274648897
VisualCogA_Task-2,left,F4,revision,523.4375,2.456013559941992
VisualCogA_Task-2,left,F4,revision,531.25,2.3903583899207472
VisualCogA_Task-2,left,F4,revision,539.0625,2.327147892333845
VisualCogA_Task-2,left,F4,revision,546.875,2.2648835840806125
VisualCogA_Task-2,left,F4,revision,554.6875,2.2050757902303646
VisualCogA_Task-2,left,F4,revision,562.5,2.14617942173508
VisualCogA_Task-2,left,F4,revision,570.3125,2.089729905311902
VisualCogA_Task-2,left,F4,revision,578.125,2.0341440367258254
VisualCogA_Task-2,left,F4,revision,585.9375,1.9809879442992115
VisualCogA_Task-2,left,F4,revision,593.75,1.928638963511184
VisualCogA_Task-2,left,F4,revision,601.5625,1.8786855869796315
VisualCogA_Task-2,left,F4,revision,609.375,1.8294609952532686
VisualCogA_Task-2,left,F4,revision,617.1875,1.7825869825030494
VisualCogA_Task-2,left,F4,revision,625.0,1.7363805208050296
VisualCogA_Task-2,left,F4,revision,632.8125,1.6925125157027057
VisualCogA_Task-2,left,F4,revision,640.625,1.6492461177228765
VisualCogA_Task-2,left,F4,revision,648.4375,1.6082140783806618
VisualCogA_Task-2,left,F4,revision,656.25,1.5675939331868158
VisualCogA_Task-2,left,F4,revision,664.0625,1.529138419986133
VisualCogA_Task-2,left,F4,revision,671.875,1.4912337536298654
VisualCogA_Task-2,left,F4,revision,679.6875,1.455791207364899
VisualCogA_Task-2,left,F4,revision,687.5,1.4207753779926886
VisualCogA_Task-2,left,F4,revision,695.3125,1.3873007223688592
VisualCogA_Task-2,left,F4,revision,703.125,1.3530719204039485
VisualCogA_Task-2,left,F4,revision,710.9375,1.3208615113657962
VisualCogA_Task-2,left,F4,revision,718.75,1.2911065199488423
VisualCogA_Task-2,left,F4,revision,726.5625,1.2666056892082367
VisualCogA_Task-2,left,F4,revision,734.375,1.2412993657394422
VisualCogA_Task-2,left,F4,revision,742.1875,1.2091864715680902
VisualCogA_Task-2,left,F4,revision,750.0,1.1672245086460147
VisualCogA_Task-2,left,F4,revision,757.8125,1.1343397980072074
VisualCogA_Task-2,left,F4,revision,765.625,1.1343364278285555
VisualCogA_Task-2,left,F4,revision,773.4375,1.16357262352936
VisualCogA_Task-2,left,F4,revision,781.25,1.146554594038839
VisualCogA_Task-2,left,F4,revision,789.0625,0.9791070496390266
VisualCogA_Task-2,left,F4,revision,796.875,0.6377109019390825
VisualCogA_Task-2,left,F4,revision_v2,0.0,-0.004556514028272118
VisualCogA_Task-2,left,F4,revision_v2,7.8125,-0.0026956462759951116
VisualCogA_Task-2,left,F4,revision_v2,15.625,-0.0034128946066270816
VisualCogA_Task-2,left,F4,revision_v2,23.4375,-0.011366409151813556
VisualCogA_Task-2,left,F4,revision_v2,31.25,-0.02553184973826328
VisualCogA_Task-2,left,F4,revision_v2,39.0625,-0.03298469137141802
VisualCogA_Task-2,left,F4,revision_v2,46.875,-0.011979080327924219
VisualCogA_Task-2,left,F4,revision_v2,54.6875,0.05429976825315992
VisualCogA_Task-2,left,F4,revision_v2,62.5,0.16392982628019326
VisualCogA_Task-2,left,F4,revision_v2,70.3125,0.2958138005846248
VisualCogA_Task-2,left,F4,revision_v2,78.125,0.42234567292776926
VisualCogA_Task-2,left,F4,revision_v2,85.9375,0.5239330180225812
VisualCogA_Task-2,left,F4,revision_v2,93.75,0.5945458848914884
VisualCogA_Task-2,left,F4,revision_v2,101.5625,0.638478155593073
VisualCogA_Task-2,left,F4,revision_v2,109.375,0.6635791311234804
VisualCogA_Task-2,left,F4,revision_v2,117.1875,0.6769535078492801
VisualCogA_Task-2,left,F4,revision_v2,125.0,0.6834392821213999
VisualCogA_Task-2,left,F4,revision_v2,132.8125,0.6862973603549012
VisualCogA_Task-2,left,F4,revision_v2,140.625,0.6875819312586577
VisualCogA_Task-2,left,F4,revision_v2,148.4375,0.6887120898026973
VisualCogA_Task-2,left,F4,revision_v2,156.25,0.690297178118702
VisualCogA_Task-2,left,F4,revision_v2,164.0625,0.6925561882027651
VisualCogA_Task-2,left,F4,revision_v2,171.875,0.6951404604005247
VisualCogA_Task-2,left,F4,revision_v2,179.6875,0.6976776028588978
VisualCogA_Task-2,left,F4,revision_v2,187.5,0.699772046863159
VisualCogA_Task-2,left,F4,revision_v2,195.3125,0.7017191644103642
VisualCogA_Task-2,left,F4,revision_v2,203.125,0.7039881146528828
VisualCogA_Task-2,left,F4,revision_v2,210.9375,0.7066430545080764
VisualCogA_Task-2,left,F4,revision_v2,218.75,0.7078655293346678
VisualCogA_Task-2,left,F4,revision_v2,226.5625,0.7050374485449833
VisualCogA_Task-2,left,F4,revision_v2,234.375,0.6976464760102301
VisualCogA_Task-2,left,F4,revision_v2,242.1875,0.6913182381213292
VisualCogA_Task-2,left,F4,revision_v2,250.0,0.6964005598567213
VisualCogA_Task-2,left,F4,revision_v2,257.8125,0.7214939926948949
VisualCogA_Task-2,left,F4,revision_v2,265.625,0.7656523751658921
VisualCogA_Task-2,left,F4,revision_v2,273.4375,0.8183881247471745
VisualCogA_Task-2,left,F4,revision_v2,281.25,0.8657553198825052
VisualCogA_Task-2,left,F4,revision_v2,289.0625,0.8983052595551662
VisualCogA_Task-2,left,F4,revision_v2,296.875,0.9133979377823844
VisualCogA_Task-2,left,F4,revision_v2,304.6875,0.9138621065597137
VisualCogA_Task-2,left,F4,revision_v2,312.5,0.9039834077234998
VisualCogA_Task-2,left,F4,revision_v2,320.3125,0.8877825158005583
VisualCogA_Task-2,left,F4,revision_v2,328.125,0.8678138260162611
VisualCogA_Task-2,left,F4,revision_v2,335.9375,0.8460336644522384
VisualCogA_Task-2,left,F4,revision_v2,343.75,0.823509178087481
VisualCogA_Task-2,left,F4,revision_v2,351.5625,0.801180282039887
VisualCogA_Task-2,left,F4,revision_v2,359.375,0.7792755807568137
VisualCogA_Task-2,left,F4,revision_v2,367.1875,0.7580611770136887
VisualCogA_Task-2,left,F4,revision_v2,375.0,0.7373102565165031
VisualCogA_Task-2,left,F4,revision_v2,382.8125,0.7170894690429022
VisualCogA_Task-2,left,F4,revision_v2,390.625,0.6971266971417465
VisualCogA_Task-2,left,F4,revision_v2,398.4375,0.6775243332180629
VisualCogA_Task-2,left,F4,revision_v2,406.25,0.6580466036068633
VisualCogA_Task-2,left,F4,revision_v2,414.0625,0.638841148787179
VisualCogA_Task-2,left,F4,revision_v2,421.875,0.6197047298947269
VisualCogA_Task-2,left,F4,revision_v2,429.6875,0.600827462744733
VisualCogA_Task-2,left,F4,revision_v2,437.5,0.5820314503232391
VisualCogA_Task-2,left,F4,revision_v2,445.3125,0.563534444163712
VisualCogA_Task-2,left,F4,revision_v2,453.125,0.5451659490531016
VisualCogA_Task-2,left,F4,revision_v2,460.9375,0.5271554457730212
VisualCogA_Task-2,left,F4,revision_v2,468.75,0.5093284096039215
VisualCogA_Task-2,left,F4,revision_v2,476.5625,0.49191832829485543
VisualCogA_Task-2,left,F4,revision_v2,484.375,0.4747417610447697
VisualCogA_Task-2,left,F4,revision_v2,492.1875,0.4580330263450422
VisualCogA_Task-2,left,F4,revision_v2,500.0,0.44159775978465726
VisualCogA_Task-2,left,F4,revision_v2,507.8125,0.42566945479554363
VisualCogA_Task-2,left,F4,revision_v2,515.625,0.41004175395739895
VisualCogA_Task-2,left,F4,revision_v2,523.4375,0.39494711041930075
VisualCogA_Task-2,left,F4,revision_v2,531.25,0.38016819905306476
VisualCogA_Task-2,left,F4,revision_v2,539.0625,0.3659378118435601
VisualCogA_Task-2,left,F4,revision_v2,546.875,0.35202864838715714
VisualCogA_Task-2,left,F4,revision_v2,554.6875,0.3386740384517639
VisualCogA_Task-2,left,F4,revision_v2,562.5,0.3256370584425735
VisualCogA_Task-2,left,F4,revision_v2,570.3125,0.31315267392881574
VisualCogA_Task-2,left,F4,revision_v2,578.125,0.3009761873192242
VisualCogA_Task-2,left,F4,revision_v2,585.9375,0.2893455970142737
VisualCogA_Task-2,left,F4,revision_v2,593.75,0.2780087456042678
VisualCogA_Task-2,left,F4,revision_v2,601.5625,0.2672060265239026
VisualCogA_Task-2,left,F4,revision_v2,609.375,0.2566778184771934
VisualCogA_Task-2,left,F4,revision_v2,617.1875,0.2466687748357869
VisualCogA_Task-2,left,F4,revision_v2,625.0,0.23691528664484204
VisualCogA_Task-2,left,F4,revision_v2,632.8125,0.22766801948262816
VisualCogA_Task-2,left,F4,revision_v2,640.625,0.2186556755443301
VisualCogA_Task-2,left,F4,revision_v2,648.4375,0.21012673456386738
VisualCogA_Task-2,left,F4,revision_v2,656.25,0.20179988014031564
VisualCogA_Task-2,left,F4,revision_v2,664.0625,0.1939371404024375
VisualCogA_Task-2,left,F4,revision_v2,671.875,0.18627512319749692
VisualCogA_Task-2,left,F4,revision_v2,679.6875,0.17909222939833538
VisualCogA_Task-2,left,F4,revision_v2,687.5,0.17208265285151528
VisualCogA_Task-2,left,F4,revision_v2,695.3125,0.16545169996574885
VisualCogA_Task-2,left,F4,revision_v2,703.125,0.158869211020287
VisualCogA_Task-2,left,F4,revision_v2,710.9375,0.15270133438280853
VisualCogA_Task-2,left,F4,revision_v2,718.75,0.14687310603861636
VisualCogA_Task-2,left,F4,revision_v2,726.5625,0.1417488569244231
VisualCogA_Task-2,left,F4,revision_v2,734.375,0.13663276558152043
VisualCogA_Task-2,left,F4,revision_v2,742.1875,0.1310672839608911
VisualCogA_Task-2,left,F4,revision_v2,750.0,0.1246629405303068
VisualCogA_Task-2,left,F4,revision_v2,757.8125,0.1193335072766933
VisualCogA_Task-2,left,F4,revision_v2,765.625,0.11719040155790217
VisualCogA_Task-2,left,F4,revision_v2,773.4375,0.11793796735962507
VisualCogA_Task-2,left,F4,revision_v2,781.25,0.11427735133263695
VisualCogA_Task-2,left,F4,revision_v2,789.0625,0.09657638052527273
VisualCogA_Task-2,left,F4,revision_v2,796.875,0.06277024521242341
VisualCogA_Task-2,left,F4,revision_v3,0.0,-0.034395270232507436
VisualCogA_Task-2,left,F4,revision_v3,7.8125,-0.14157745751313833
VisualCogA_Task-2,left,F4,revision_v3,15.625,-0.7783045996927251
VisualCogA_Task-2,left,F4,revision_v3,23.4375,-2.018015444027027
VisualCogA_Task-2,left,F4,revision_v3,31.25,-3.500123982969714
VisualCogA_Task-2,left,F4,revision_v3,39.0625,-4.6115958830399615
VisualCogA_Task-2,left,F4,revision_v3,46.875,-4.877026047013321
VisualCogA_Task-2,left,F4,revision_v3,54.6875,-4.180917071296418
VisualCogA_Task-2,left,F4,revision_v3,62.5,-2.708633453497055
VisualCogA_Task-2,left,F4,revision_v3,70.3125,-0.7599454058998782
VisualCogA_Task-2,left,F4,revision_v3,78.125,1.3799727238428767
VisualCogA_Task-2,left,F4,revision_v3,85.9375,3.491893227868339
VisualCogA_Task-2,left,F4,revision_v3,93.75,5.424808105512637
VisualCogA_Task-2,left,F4,revision_v3,101.5625,7.096889375598031
VisualCogA_Task-2,left,F4,revision_v3,109.375,8.480714326963627
VisualCogA_Task-2,left,F4,revision_v3,117.1875,9.591074601656025
VisualCogA_Task-2,left,F4,revision_v3,125.0,10.459484650327047
VisualCogA_Task-2,left,F4,revision_v3,132.8125,11.125601428179689
VisualCogA_Task-2,left,F4,revision_v3,140.625,11.623428931829629
VisualCogA_Task-2,left,F4,revision_v3,148.4375,11.98585673794815
VisualCogA_Task-2,left,F4,revision_v3,156.25,12.23706504296473
VisualCogA_Task-2,left,F4,revision_v3,164.0625,12.401016389913693
VisualCogA_Task-2,left,F4,revision_v3,171.875,12.49543952247901
VisualCogA_Task-2,left,F4,revision_v3,179.6875,12.541579886730144
VisualCogA_Task-2,left,F4,revision_v3,187.5,12.552963112761276
VisualCogA_Task-2,left,F4,revision_v3,195.3125,12.538181403526046
VisualCogA_Task-2,left,F4,revision_v3,203.125,12.488870812878593
VisualCogA_Task-2,left,F4,revision_v3,210.9375,12.400739272379518
VisualCogA_Task-2,left,F4,revision_v3,218.75,12.285029269106026
VisualCogA_Task-2,left,F4,revision_v3,226.5625,12.18793764986124
VisualCogA_Task-2,left,F4,revision_v3,234.375,12.158231939069609
VisualCogA_Task-2,left,F4,revision_v3,242.1875,12.223851058180369
VisualCogA_Task-2,left,F4,revision_v3,250.0,12.365738380774365
VisualCogA_Task-2,left,F4,revision_v3,257.8125,12.543273265723649
VisualCogA_Task-2,left,F4,revision_v3,265.625,12.706035398583985
VisualCogA_Task-2,left,F4,revision_v3,273.4375,12.823156582294825
VisualCogA_Task-2,left,F4,revision_v3,281.25,12.87523281445527
VisualCogA_Task-2,left,F4,revision_v3,289.0625,12.864064738879936
VisualCogA_Task-2,left,F4,revision_v3,296.875,12.792991960032502
VisualCogA_Task-2,left,F4,revision_v3,304.6875,12.675731625505207
VisualCogA_Task-2,left,F4,revision_v3,312.5,12.51947791471364
VisualCogA_Task-2,left,F4,revision_v3,320.3125,12.338371985235806
VisualCogA_Task-2,left,F4,revision_v3,328.125,12.13845311307254
VisualCogA_Task-2,left,F4,revision_v3,335.9375,11.932705848952214
VisualCogA_Task-2,left,F4,revision_v3,343.75,11.725601964516294
VisualCogA_Task-2,left,F4,revision_v3,351.5625,11.52883501905298
VisualCogA_Task-2,left,F4,revision_v3,359.375,11.345337976312539
VisualCogA_Task-2,left,F4,revision_v3,367.1875,11.185663530695503
VisualCogA_Task-2,left,F4,revision_v3,375.0,11.051324881327496
VisualCogA_Task-2,left,F4,revision_v3,382.8125,10.951633884400163
VisualCogA_Task-2,left,F4,revision_v3,390.625,10.886337099818498
VisualCogA_Task-2,left,F4,revision_v3,398.4375,10.863042189798186
VisualCogA_Task-2,left,F4,revision_v3,406.25,10.879336950137688
VisualCogA_Task-2,left,F4,revision_v3,414.0625,10.940874823797198
VisualCogA_Task-2,left,F4,revision_v3,421.875,11.042967118041808
VisualCogA_Task-2,left,F4,revision_v3,429.6875,11.189322051994466
VisualCogA_Task-2,left,F4,revision_v3,437.5,11.373186031630429
VisualCogA_Task-2,left,F4,revision_v3,445.3125,11.59678236520864
VisualCogA_Task-2,left,F4,revision_v3,453.125,11.85194588813154
VisualCogA_Task-2,left,F4,revision_v3,460.9375,12.140112129083127
VisualCogA_Task-2,left,F4,revision_v3,468.75,12.45235301678532
VisualCogA_Task-2,left,F4,revision_v3,476.5625,12.789909550002228
VisualCogA_Task-2,left,F4,revision_v3,484.375,13.143666279741495
VisualCogA_Task-2,left,F4,revision_v3,492.1875,13.515204113134981
VisualCogA_Task-2,left,F4,revision_v3,500.0,13.895656141991168
VisualCogA_Task-2,left,F4,revision_v3,507.8125,14.287236651856375
VisualCogA_Task-2,left,F4,revision_v3,515.625,14.681503225633481
VisualCogA_Task-2,left,F4,revision_v3,523.4375,15.081403284986834
VisualCogA_Task-2,left,F4,revision_v3,531.25,15.478975328294467
VisualCogA_Task-2,left,F4,revision_v3,539.0625,15.877906668094187
VisualCogA_Task-2,left,F4,revision_v3,546.875,16.270669157830213
VisualCogA_Task-2,left,F4,revision_v3,554.6875,16.66159059663299
VisualCogA_Task-2,left,F4,revision_v3,562.5,17.043454524952075
VisualCogA_Task-2,left,F4,revision_v3,570.3125,17.4211145030017
VisualCogA_Task-2,left,F4,revision_v3,578.125,17.787582423823704
VisualCogA_Task-2,left,F4,revision_v3,585.9375,18.148160928707096
VisualCogA_Task-2,left,F4,revision_v3,593.75,18.495952443436785
VisualCogA_Task-2,left,F4,revision_v3,601.5625,18.836463135356354
VisualCogA_Task-2,left,F4,revision_v3,609.375,19.16265700849751
VisualCogA_Task-2,left,F4,revision_v3,617.1875,19.480312356322084
VisualCogA_Task-2,left,F4,revision_v3,625.0,19.782719746502544
VisualCogA_Task-2,left,F4,revision_v3,632.8125,20.076240789121577
VisualCogA_Task-2,left,F4,revision_v3,640.625,20.353675109428078
VisualCogA_Task-2,left,F4,revision_v3,648.4375,20.61999638454539
VisualCogA_Task-2,left,F4,revision_v3,656.25,20.86665885487206
VisualCogA_Task-2,left,F4,revision_v3,664.0625,21.100656437190107
VisualCogA_Task-2,left,F4,revision_v3,671.875,21.318732908083852
VisualCogA_Task-2,left,F4,revision_v3,679.6875,21.530990187116085
VisualCogA_Task-2,left,F4,revision_v3,687.5,21.72541760151368
VisualCogA_Task-2,left,F4,revision_v3,695.3125,21.893462116971232
VisualCogA_Task-2,left,F4,revision_v3,703.125,22.01742291758399
VisualCogA_Task-2,left,F4,revision_v3,710.9375,22.12526778061
VisualCogA_Task-2,left,F4,revision_v3,718.75,22.26215959531459
VisualCogA_Task-2,left,F4,revision_v3,726.5625,22.4576815480106
VisualCogA_Task-2,left,F4,revision_v3,734.375,22.611872622147477
VisualCogA_Task-2,left,F4,revision_v3,742.1875,22.55284344219793
VisualCogA_Task-2,left,F4,revision_v3,750.0,22.244343630451013
VisualCogA_Task-2,left,F4,revision_v3,757.8125,22.075334440840823
VisualCogA_Task-2,left,F4,revision_v3,765.625,22.62638693133131
VisualCogA_Task-2,left,F4,revision_v3,773.4375,23.79363999426076
VisualCogA_Task-2,left,F4,revision_v3,781.25,23.91592973270519
VisualCogA_Task-2,left,F4,revision_v3,789.0625,20.574603014005486
VisualCogA_Task-2,left,F4,revision_v3,796.875,13.210348320148807
VisualCogA_Task-2,right,F3,measured,0.0,8.529362873590772
VisualCogA_Task-2,right,F3,measured,7.8125,8.181634512066537
VisualCogA_Task-2,right,F3,measured,15.625,7.812683313807047
VisualCogA_Task-2,right,F3,measured,23.4375,8.047655207308475
VisualCogA_Task-2,right,F3,measured,31.25,9.086827810630178
VisualCogA_Task-2,right,F3,measured,39.0625,10.325970553365467
VisualCogA_Task-2,right,F3,measured,46.875,10.830826988203054
VisualCogA_Task-2,right,F3,measured,54.6875,10.222275580312747
VisualCogA_Task-2,right,F3,measured,62.5,9.002150187510864
VisualCogA_Task-2,right,F3,measured,70.3125,8.076567143668294
VisualCogA_Task-2,right,F3,measured,78.125,8.10574389275054
VisualCogA_Task-2,right,F3,measured,85.9375,9.118535521008367
VisualCogA_Task-2,right,F3,measured,93.75,10.661818873314063
VisualCogA_Task-2,right,F3,measured,101.5625,12.310106801518995
VisualCogA_Task-2,right,F3,measured,109.375,14.025957561448886
VisualCogA_Task-2,right,F3,measured,117.1875,15.968789237639887
VisualCogA_Task-2,right,F3,measured,125.0,18.114577805382606
VisualCogA_Task-2,right,F3,measured,132.8125,20.152073107591825
VisualCogA_Task-2,right,F3,measured,140.625,21.725057727690924
VisualCogA_Task-2,right,F3,measured,148.4375,22.661595487750404
VisualCogA_Task-2,right,F3,measured,156.25,23.049954424533656
VisualCogA_Task-2,right,F3,measured,164.0625,23.251413268580166
VisualCogA_Task-2,right,F3,measured,171.875,23.671786769515265
VisualCogA_Task-2,right,F3,measured,179.6875,24.389491256493258
VisualCogA_Task-2,right,F3,measured,187.5,25.143778310797984
VisualCogA_Task-2,right,F3,measured,195.3125,25.648170181937434
VisualCogA_Task-2,right,F3,measured,203.125,25.816050661886155
VisualCogA_Task-2,right,F3,measured,210.9375,25.884317561469913
VisualCogA_Task-2,right,F3,measured,218.75,26.267005780582004
VisualCogA_Task-2,right,F3,measured,226.5625,27.164098421131797
VisualCogA_Task-2,right,F3,measured,234.375,28.409477511323505
VisualCogA_Task-2,right,F3,measured,242.1875,29.68562212996628
VisualCogA_Task-2,right,F3,measured,250.0,30.74311663140305
VisualCogA_Task-2,right,F3,measured,257.8125,31.537880511747407
VisualCogA_Task-2,right,F3,measured,265.625,32.204297477743175
VisualCogA_Task-2,right,F3,measured,273.4375,32.96112404997714
VisualCogA_Task-2,right,F3,measured,281.25,33.896032065956014
VisualCogA_Task-2,right,F3,measured,289.0625,34.95085160368962
VisualCogA_Task-2,right,F3,measured,296.875,36.08556096505256
VisualCogA_Task-2,right,F3,measured,304.6875,37.296030911958646
VisualCogA_Task-2,right,F3,measured,312.5,38.47063336808828
VisualCogA_Task-2,right,F3,measured,320.3125,39.47620277407819
VisualCogA_Task-2,right,F3,measured,328.125,40.281576000316825
VisualCogA_Task-2,right,F3,measured,335.9375,41.00626164343708
VisualCogA_Task-2,right,F3,measured,343.75,41.777233303104225
VisualCogA_Task-2,right,F3,measured,351.5625,42.632842891915864
VisualCogA_Task-2,right,F3,measured,359.375,43.45547773881381
VisualCogA_Task-2,right,F3,measured,367.1875,43.98495334333547
VisualCogA_Task-2,right,F3,measured,375.0,43.942097577188896
VisualCogA_Task-2,right,F3,measured,382.8125,43.404709969545834
VisualCogA_Task-2,right,F3,measured,390.625,42.869531881140155
VisualCogA_Task-2,right,F3,measured,398.4375,42.90848236619817
VisualCogA_Task-2,right,F3,measured,406.25,43.61725399734347
VisualCogA_Task-2,right,F3,measured,414.0625,44.54882912126582
VisualCogA_Task-2,right,F3,measured,421.875,45.150213964801154
VisualCogA_Task-2,right,F3,measured,429.6875,45.26074949407696
VisualCogA_Task-2,right,F3,measured,437.5,45.180599278873906
VisualCogA_Task-2,right,F3,measured,445.3125,45.52434183296604
VisualCogA_Task-2,right,F3,measured,453.125,46.72466078668576
VisualCogA_Task-2,right,F3,measured,460.9375,48.65863090989135
VisualCogA_Task-2,right,F3,measured,468.75,50.78489955301821
VisualCogA_Task-2,right,F3,measured,476.5625,52.71873097149277
VisualCogA_Task-2,right,F3,measured,484.375,54.3964676736764
VisualCogA_Task-2,right,F3,measured,492.1875,55.98325965022909
VisualCogA_Task-2,right,F3,measured,500.0,57.77658695499225
VisualCogA_Task-2,right,F3,measured,507.8125,60.07797839503658
VisualCogA_Task-2,right,F3,measured,515.625,62.799965208580836
VisualCogA_Task-2,right,F3,measured,523.4375,65.60625488237412
VisualCogA_Task-2,right,F3,measured,531.25,68.43440452643193
VisualCogA_Task-2,right,F3,measured,539.0625,71.75775564260938
VisualCogA_Task-2,right,F3,measured,546.875,76.09315230899385
VisualCogA_Task-2,right,F3,measured,554.6875,81.50222244095156
VisualCogA_Task-2,right,F3,measured,562.5,87.46255392321012
VisualCogA_Task-2,right,F3,measured,570.3125,93.28341013803004
VisualCogA_Task-2,right,F3,measured,578.125,98.39228533102887
VisualCogA_Task-2,right,F3,measured,585.9375,102.50559650823033
VisualCogA_Task-2,right,F3,measured,593.75,105.66609263550089
VisualCogA_Task-2,right,F3,measured,601.5625,108.19374775923399
VisualCogA_Task-2,right,F3,measured,609.375,110.2158320596278
VisualCogA_Task-2,right,F3,measured,617.1875,111.5981019995392
VisualCogA_Task-2,right,F3,measured,625.0,112.33477240768228
VisualCogA_Task-2,right,F3,measured,632.8125,112.82986931395214
VisualCogA_Task-2,right,F3,measured,640.625,113.46849460512185
VisualCogA_Task-2,right,F3,measured,648.4375,114.3269598996421
VisualCogA_Task-2,right,F3,measured,656.25,115.22153641156117
VisualCogA_Task-2,right,F3,measured,664.0625,115.95437523007969
VisualCogA_Task-2,right,F3,measured,671.875,116.27016601726349
VisualCogA_Task-2,right,F3,measured,679.6875,116.08706369889798
VisualCogA_Task-2,right,F3,measured,687.5,115.57312171113519
VisualCogA_Task-2,right,F3,measured,695.3125,114.98252880271795
VisualCogA_Task-2,right,F3,measured,703.125,114.32253499459853
VisualCogA_Task-2,right,F3,measured,710.9375,113.50509526071247
VisualCogA_Task-2,right,F3,measured,718.75,112.5628054536943
VisualCogA_Task-2,right,F3,measured,726.5625,111.74626671598004
VisualCogA_Task-2,right,F3,measured,734.375,111.18607601533373
VisualCogA_Task-2,right,F3,measured,742.1875,110.79568850299194
VisualCogA_Task-2,right,F3,measured,750.0,110.36549151432399
VisualCogA_Task-2,right,F3,measured,757.8125,109.83009457995466
VisualCogA_Task-2,right,F3,measured,765.625,109.26170391736223
VisualCogA_Task-2,right,F3,measured,773.4375,108.87675566883087
VisualCogA_Task-2,right,F3,measured,781.25,108.82594908328507
VisualCogA_Task-2,right,F3,measured,789.0625,109.18117232084944
VisualCogA_Task-2,right,F3,measured,796.875,109.77642585215806
VisualCogA_Task-2,right,F3,revision,0.0,-0.046812232202783965
VisualCogA_Task-2,right,F3,revision,7.8125,-0.06038465277316418
VisualCogA_Task-2,right,F3,revision,15.625,-0.025562322247599356
VisualCogA_Task-2,right,F3,revision,23.4375,0.12561719495771695
VisualCogA_Task-2,right,F3,revision,31.25,0.44261300895369193
VisualCogA_Task-2,right,F3,revision,39.0625,0.923307100335178
VisualCogA_Task-2,right,F3,revision,46.875,1.51468579888713
VisualCogA_Task-2,right,F3,revision,54.6875,2.143279728171807
VisualCogA_Task-2,right,F3,revision,62.5,2.745199671561238
VisualCogA_Task-2,right,F3,revision,70.3125,3.2812621905309567
VisualCogA_Task-2,right,F3,revision,78.125,3.73492525693453
VisualCogA_Task-2,right,F3,revision,85.9375,4.10635768349209
VisualCogA_Task-2,right,F3,revision,93.75,4.404181930412154
VisualCogA_Task-2,right,F3,revision,101.5625,4.641808603753257
VisualCogA_Task-2,right,F3,revision,109.375,4.832276023510551
VisualCogA_Task-2,right,F3,revision,117.1875,4.9876827812595
VisualCogA_Task-2,right,F3,revision,125.0,5.116427532185257
VisualCogA_Task-2,right,F3,revision,132.8125,5.225348628968045
VisualCogA_Task-2,right,F3,revision,140.625,5.318299530470329
VisualCogA_Task-2,right,F3,revision,148.4375,5.398780361483995
VisualCogA_Task-2,right,F3,revision,156.25,5.467639994016668
VisualCogA_Task-2,right,F3,revision,164.0625,5.525742712544501
VisualCogA_Task-2,right,F3,revision,171.875,5.572628054030194
VisualCogA_Task-2,right,F3,revision,179.6875,5.611006921545576
VisualCogA_Task-2,right,F3,revision,187.5,5.64400333644748
VisualCogA_Task-2,right,F3,revision,195.3125,5.673998715556217
VisualCogA_Task-2,right,F3,revision,203.125,5.693570699687976
VisualCogA_Task-2,right,F3,revision,210.9375,5.688565800781385
VisualCogA_Task-2,right,F3,revision,218.75,5.646503507555018
VisualCogA_Task-2,right,F3,revision,226.5625,5.575171660983595
VisualCogA_Task-2,right,F3,revision,234.375,5.500197529558208
VisualCogA_Task-2,right,F3,revision,242.1875,5.451323612598444
VisualCogA_Task-2,right,F3,revision,250.0,5.440447973215587
VisualCogA_Task-2,right,F3,revision,257.8125,5.462273730513303
VisualCogA_Task-2,right,F3,revision,265.625,5.499766799377873
VisualCogA_Task-2,right,F3,revision,273.4375,5.538333633323443
VisualCogA_Task-2,right,F3,revision,281.25,5.566334846778073
VisualCogA_Task-2,right,F3,revision,289.0625,5.5793824714273805
VisualCogA_Task-2,right,F3,revision,296.875,5.574597229262423
VisualCogA_Task-2,right,F3,revision,304.6875,5.553761363673885
VisualCogA_Task-2,right,F3,revision,312.5,5.517821144544936
VisualCogA_Task-2,right,F3,revision,320.3125,5.470677289740534
VisualCogA_Task-2,right,F3,revision,328.125,5.41377866886794
VisualCogA_Task-2,right,F3,revision,335.9375,5.350569399287386
VisualCogA_Task-2,right,F3,revision,343.75,5.281475361864236
VisualCogA_Task-2,right,F3,revision,351.5625,5.209018422258511
VisualCogA_Task-2,right,F3,revision,359.375,5.132815741238787
VisualCogA_Task-2,right,F3,revision,367.1875,5.054895475803155
VisualCogA_Task-2,right,F3,revision,375.0,4.974442858108786
VisualCogA_Task-2,right,F3,revision,382.8125,4.893258994774563
VisualCogA_Task-2,right,F3,revision,390.625,4.810290441169776
VisualCogA_Task-2,right,F3,revision,398.4375,4.7272571882561465
VisualCogA_Task-2,right,F3,revision,406.25,4.64297431504444
VisualCogA_Task-2,right,F3,revision,414.0625,4.559148712307508
VisualCogA_Task-2,right,F3,revision,421.875,4.474502998173824
VisualCogA_Task-2,right,F3,revision,429.6875,4.390749435664291
VisualCogA_Task-2,right,F3,revision,437.5,4.3065280561906745
VisualCogA_Task-2,right,F3,revision,445.3125,4.223562253921047
VisualCogA_Task-2,right,F3,revision,453.125,4.140415804708833
VisualCogA_Task-2,right,F3,revision,460.9375,4.058827130777771
VisualCogA_Task-2,right,F3,revision,468.75,3.9772864130580956
VisualCogA_Task-2,right,F3,revision,476.5625,3.8975480143578443
VisualCogA_Task-2,right,F3,revision,484.375,3.8180320736584177
VisualCogA_Task-2,right,F3,revision,492.1875,3.740513482776283
VisualCogA_Task-2,right,F3,revision,500.0,3.6633475812025393
VisualCogA_Task-2,right,F3,revision,507.8125,3.588331592237685
VisualCogA_Task-2,right,F3,revision,515.625,3.5137569191138214
VisualCogA_Task-2,right,F3,revision,523.4375,3.4414446673164685
VisualCogA_Task-2,right,F3,revision,531.25,3.3696281921592703
VisualCogA_Task-2,right,F3,revision,539.0625,3.3001583361312177
VisualCogA_Task-2,right,F3,revision,546.875,3.231213269317
VisualCogA_Task-2,right,F3,revision,554.6875,3.1646711791408055
VisualCogA_Task-2,right,F3,revision,562.5,3.09865360871175
VisualCogA_Task-2,right,F3,revision,570.3125,3.035069437713958
VisualCogA_Task-2,right,F3,revision,578.125,2.971993186264367
VisualCogA_Task-2,right,F3,revision,585.9375,2.911372030320461
VisualCogA_Task-2,right,F3,revision,593.75,2.851231739771791
VisualCogA_Task-2,right,F3,revision,601.5625,2.793544464103907
VisualCogA_Task-2,right,F3,revision,609.375,2.7362779297764437
VisualCogA_Task-2,right,F3,revision,617.1875,2.6814457574497306
VisualCogA_Task-2,right,F3,revision,625.0,2.6270038668219673
VisualCogA_Task-2,right,F3,revision,632.8125,2.5750349345988757
VisualCogA_Task-2,right,F3,revision,640.625,2.5234197313895637
VisualCogA_Task-2,right,F3,revision,648.4375,2.4741605760361844
VisualCogA_Task-2,right,F3,revision,656.25,2.4250061299412087
VisualCogA_Task-2,right,F3,revision,664.0625,2.3781462611992543
VisualCogA_Task-2,right,F3,revision,671.875,2.3317012557835186
VisualCogA_Task-2,right,F3,revision,679.6875,2.288118654492436
VisualCogA_Task-2,right,F3,revision,687.5,2.2448145719915784
VisualCogA_Task-2,right,F3,revision,695.3125,2.202854324758957
VisualCogA_Task-2,right,F3,revision,703.125,2.1592143623901645
VisualCogA_Task-2,right,F3,revision,710.9375,2.1177746383960154
VisualCogA_Task-2,right,F3,revision,718.75,2.0802129229085415
VisualCogA_Task-2,right,F3,revision,726.5625,2.0504667962903564
VisualCogA_Task-2,right,F3,revision,734.375,2.0191222032283176
VisualCogA_Task-2,right,F3,revision,742.1875,1.9749905200414897
VisualCogA_Task-2,right,F3,revision,750.0,1.9137386302859785
VisualCogA_Task-2,right,F3,revision,757.8125,1.8668082141746014
VisualCogA_Task-2,right,F3,revision,765.625,1.8760311147650826
VisualCogA_Task-2,right,F3,revision,773.4375,1.9345224360626914
VisualCogA_Task-2,right,F3,revision,781.25,1.9141154245201286
VisualCogA_Task-2,right,F3,revision,789.0625,1.6349366329213786
VisualCogA_Task-2,right,F3,revision,796.875,1.0564182295858449
VisualCogA_Task-2,right,F3,revision_v2,0.0,-0.0045563660875291845
VisualCogA_Task-2,right,F3,revision_v2,7.8125,-0.0026954636673711674
VisualCogA_Task-2,right,F3,revision_v2,15.625,-0.003412714667070965
VisualCogA_Task-2,right,F3,revision_v2,23.4375,-0.011366241427223256
VisualCogA_Task-2,right,F3,revision_v2,31.25,-0.025531677423868526
VisualCogA_Task-2,right,F3,revision_v2,39.0625,-0.032984506675788394
VisualCogA_Task-2,right,F3,revision_v2,46.875,-0.011978897998747629
VisualCogA_Task-2,right,F3,revision_v2,54.6875,0.05429993679459039
VisualCogA_Task-2,right,F3,revision_v2,62.5,0.1639299939824884
VisualCogA_Task-2,right,F3,revision_v2,70.3125,0.2958139933347346
VisualCogA_Task-2,right,F3,revision_v2,78.125,0.42234590099950664
VisualCogA_Task-2,right,F3,revision_v2,85.9375,0.5239332649712636
VisualCogA_Task-2,right,F3,revision_v2,93.75,0.5945461165739383
VisualCogA_Task-2,right,F3,revision_v2,101.5625,0.6384783435847368
VisualCogA_Task-2,right,F3,revision_v2,109.375,0.6635792668836537
VisualCogA_Task-2,right,F3,revision_v2,117.1875,0.6769535991337546
VisualCogA_Task-2,right,F3,revision_v2,125.0,0.683439332186106
VisualCogA_Task-2,right,F3,revision_v2,132.8125,0.6862973583650082
VisualCogA_Task-2,right,F3,revision_v2,140.625,0.6875818595855522
VisualCogA_Task-2,right,F3,revision_v2,148.4375,0.6887119424859652
VisualCogA_Task-2,right,F3,revision_v2,156.25,0.6902969703464296
VisualCogA_Task-2,right,F3,revision_v2,164.0625,0.6925559638157593
VisualCogA_Task-2,right,F3,revision_v2,171.875,0.695140280874325
VisualCogA_Task-2,right,F3,revision_v2,179.6875,0.6976775166061056
VisualCogA_Task-2,right,F3,revision_v2,187.5,0.6997720502180657
VisualCogA_Task-2,right,F3,revision_v2,195.3125,0.7017192110099204
VisualCogA_Task-2,right,F3,revision_v2,203.125,0.7039881592708083
VisualCogA_Task-2,right,F3,revision_v2,210.9375,0.7066430883811167
VisualCogA_Task-2,right,F3,revision_v2,218.75,0.7078655690523289
VisualCogA_Task-2,right,F3,revision_v2,226.5625,0.7050375185239188
VisualCogA_Task-2,right,F3,revision_v2,234.375,0.6976466002223547
VisualCogA_Task-2,right,F3,revision_v2,242.1875,0.6913184396319473
VisualCogA_Task-2,right,F3,revision_v2,250.0,0.6964008409744812
VisualCogA_Task-2,right,F3,revision_v2,257.8125,0.7214943236276742
VisualCogA_Task-2,right,F3,revision_v2,265.625,0.7656527023235179
VisualCogA_Task-2,right,F3,revision_v2,273.4375,0.8183884056897409
VisualCogA_Task-2,right,F3,revision_v2,281.25,0.8657555479670439
VisualCogA_Task-2,right,F3,revision_v2,289.0625,0.8983054703177796
VisualCogA_Task-2,right,F3,revision_v2,296.875,0.913398165069103
VisualCogA_Task-2,right,F3,revision_v2,304.6875,0.913862345313626
VisualCogA_Task-2,right,F3,revision_v2,312.5,0.9039836308173853
VisualCogA_Task-2,right,F3,revision_v2,320.3125,0.8877827305484606
VisualCogA_Task-2,right,F3,revision_v2,328.125,0.8678140767127577
VisualCogA_Task-2,right,F3,revision_v2,335.9375,0.8460339900193524
VisualCogA_Task-2,right,F3,revision_v2,343.75,0.8235095668055473
VisualCogA_Task-2,right,F3,revision_v2,351.5625,0.8011806893598598
VisualCogA_Task-2,right,F3,revision_v2,359.375,0.7792759736080154
VisualCogA_Task-2,right,F3,revision_v2,367.1875,0.7580615673082501
VisualCogA_Task-2,right,F3,revision_v2,375.0,0.7373106830277062
VisualCogA_Task-2,right,F3,revision_v2,382.8125,0.7170899542388471
VisualCogA_Task-2,right,F3,revision_v2,390.625,0.6971272097661628
VisualCogA_Task-2,right,F3,revision_v2,398.4375,0.6775248150701979
VisualCogA_Task-2,right,F3,revision_v2,406.25,0.6580470119671875
VisualCogA_Task-2,right,F3,revision_v2,414.0625,0.6388414878328625
VisualCogA_Task-2,right,F3,revision_v2,421.875,0.619705037254476
VisualCogA_Task-2,right,F3,revision_v2,429.6875,0.6008277860882948
VisualCogA_Task-2,right,F3,revision_v2,437.5,0.5820318140362355
VisualCogA_Task-2,right,F3,revision_v2,445.3125,0.5635348434917157
VisualCogA_Task-2,right,F3,revision_v2,453.125,0.545166361254842
VisualCogA_Task-2,right,F3,revision_v2,460.9375,0.5271558691214119
VisualCogA_Task-2,right,F3,revision_v2,468.75,0.5093288696868975
VisualCogA_Task-2,right,F3,revision_v2,476.5625,0.4919188476698446
VisualCogA_Task-2,right,F3,revision_v2,484.375,0.4747423086559657
VisualCogA_Task-2,right,F3,revision_v2,492.1875,0.4580335383187182
VisualCogA_Task-2,right,F3,revision_v2,500.0,0.441598203169412
VisualCogA_Task-2,right,F3,revision_v2,507.8125,0.4256698684990532
VisualCogA_Task-2,right,F3,revision_v2,515.625,0.41004220008919756
VisualCogA_Task-2,right,F3,revision_v2,523.4375,0.3949476203612876
VisualCogA_Task-2,right,F3,revision_v2,531.25,0.3801687527651908
VisualCogA_Task-2,right,F3,revision_v2,539.0625,0.3659383725006127
VisualCogA_Task-2,right,F3,revision_v2,546.875,0.35202918896429575
VisualCogA_Task-2,right,F3,revision_v2,554.6875,0.338674554683945
VisualCogA_Task-2,right,F3,revision_v2,562.5,0.32563754975947495
VisualCogA_Task-2,right,F3,revision_v2,570.3125,0.31315314804902206
VisualCogA_Task-2,right,F3,revision_v2,578.125,0.30097666475806273
VisualCogA_Task-2,right,F3,revision_v2,585.9375,0.28934611005004984
VisualCogA_Task-2,right,F3,revision_v2,593.75,0.27800930222853454
VisualCogA_Task-2,right,F3,revision_v2,601.5625,0.26720660953410613
VisualCogA_Task-2,right,F3,revision_v2,609.375,0.25667840632887595
VisualCogA_Task-2,right,F3,revision_v2,617.1875,0.24666936643674786
VisualCogA_Task-2,right,F3,revision_v2,625.0,0.2369158774856685
VisualCogA_Task-2,right,F3,revision_v2,632.8125,0.22766859517499544
VisualCogA_Task-2,right,F3,revision_v2,640.625,0.21865622187353456
VisualCogA_Task-2,right,F3,revision_v2,648.4375,0.21012726192859754
VisualCogA_Task-2,right,F3,revision_v2,656.25,0.20180040662816992
VisualCogA_Task-2,right,F3,revision_v2,664.0625,0.1939376794081374
VisualCogA_Task-2,right,F3,revision_v2,671.875,0.18627566963068015
VisualCogA_Task-2,right,F3,revision_v2,679.6875,0.1790927741338594
VisualCogA_Task-2,right,F3,revision_v2,687.5,0.17208318880206014
VisualCogA_Task-2,right,F3,revision_v2,695.3125,0.1654522399125628
VisualCogA_Task-2,right,F3,revision_v2,703.125,0.15886977395324273
VisualCogA_Task-2,right,F3,revision_v2,710.9375,0.15270193502991578
VisualCogA_Task-2,right,F3,revision_v2,718.75,0.14687373881285487
VisualCogA_Task-2,right,F3,revision_v2,726.5625,0.14174951182347312
VisualCogA_Task-2,right,F3,revision_v2,734.375,0.13663342838022233
VisualCogA_Task-2,right,F3,revision_v2,742.1875,0.13106794507658764
VisualCogA_Task-2,right,F3,revision_v2,750.0,0.12466359248073904
VisualCogA_Task-2,right,F3,revision_v2,757.8125,0.11933416331714103
VisualCogA_Task-2,right,F3,revision_v2,765.625,0.11719108041147361
VisualCogA_Task-2,right,F3,revision_v2,773.4375,0.11793867328358063
VisualCogA_Task-2,right,F3,revision_v2,781.25,0.11427805543256282
VisualCogA_Task-2,right,F3,revision_v2,789.0625,0.09657705365863245
VisualCogA_Task-2,right,F3,revision_v2,796.875,0.06277087625336297
VisualCogA_Task-2,right,F3,revision_v3,0.0,-0.03439745151200757
VisualCogA_Task-2,right,F3,revision_v3,7.8125,-0.14157924186600912
VisualCogA_Task-2,right,F3,revision_v3,15.625,-0.77830609446056
VisualCogA_Task-2,right,F3,revision_v3,23.4375,-2.018016907194501
VisualCogA_Task-2,right,F3,revision_v3,31.25,-3.5001256472788214
VisualCogA_Task-2,right,F3,revision_v3,39.0625,-4.611597815525873
VisualCogA_Task-2,right,F3,revision_v3,46.875,-4.877028067098503
VisualCogA_Task-2,right,F3,revision_v3,54.6875,-4.180918878158496
VisualCogA_Task-2,right,F3,revision_v3,62.5,-2.7086348490091288
VisualCogA_Task-2,right,F3,revision_v3,70.3125,-0.7599465080120096
VisualCogA_Task-2,right,F3,revision_v3,78.125,1.3799715541873665
VisualCogA_Task-2,right,F3,revision_v3,85.9375,3.4918916510477844
VisualCogA_Task-2,right,F3,revision_v3,93.75,5.424805993843817
VisualCogA_Task-2,right,F3,revision_v3,101.5625,7.096886544817522
VisualCogA_Task-2,right,F3,revision_v3,109.375,8.480710454192408
VisualCogA_Task-2,right,F3,revision_v3,117.1875,9.591069612190566
VisualCogA_Task-2,right,F3,revision_v3,125.0,10.459479190427366
VisualCogA_Task-2,right,F3,revision_v3,132.8125,11.125596614416477
VisualCogA_Task-2,right,F3,revision_v3,140.625,11.62342560752413
VisualCogA_Task-2,right,F3,revision_v3,148.4375,11.985854754748821
VisualCogA_Task-2,right,F3,revision_v3,156.25,12.23706349778433
VisualCogA_Task-2,right,F3,revision_v3,164.0625,12.401014418345191
VisualCogA_Task-2,right,F3,revision_v3,171.875,12.495436889130481
VisualCogA_Task-2,right,F3,revision_v3,179.6875,12.541576728033927
VisualCogA_Task-2,right,F3,revision_v3,187.5,12.55295954778514
VisualCogA_Task-2,right,F3,revision_v3,195.3125,12.538177325634596
VisualCogA_Task-2,right,F3,revision_v3,203.125,12.488866155288397
VisualCogA_Task-2,right,F3,revision_v3,210.9375,12.400734072555522
VisualCogA_Task-2,right,F3,revision_v3,218.75,12.285023588885139
VisualCogA_Task-2,right,F3,revision_v3,226.5625,12.1879313853393
VisualCogA_Task-2,right,F3,revision_v3,234.375,12.158225023075712
VisualCogA_Task-2,right,F3,revision_v3,242.1875,12.22384362196128
VisualCogA_Task-2,right,F3,revision_v3,250.0,12.365730943834489
VisualCogA_Task-2,right,F3,revision_v3,257.8125,12.543266343977823
VisualCogA_Task-2,right,F3,revision_v3,265.625,12.706028982307277
VisualCogA_Task-2,right,F3,revision_v3,273.4375,12.823149898938642
VisualCogA_Task-2,right,F3,revision_v3,281.25,12.875225123404672
VisualCogA_Task-2,right,F3,revision_v3,289.0625,12.864056156370356
VisualCogA_Task-2,right,F3,revision_v3,296.875,12.792983480108859
VisualCogA_Task-2,right,F3,revision_v3,304.6875,12.675723802179391
VisualCogA_Task-2,right,F3,revision_v3,312.5,12.519470234324402
VisualCogA_Task-2,right,F3,revision_v3,320.3125,12.338363534793299
VisualCogA_Task-2,right,F3,revision_v3,328.125,12.13844377808951
VisualCogA_Task-2,right,F3,revision_v3,335.9375,11.932696157693425
VisualCogA_Task-2,right,F3,revision_v3,343.75,11.725592259035915
VisualCogA_Task-2,right,F3,revision_v3,351.5625,11.528824956086755
VisualCogA_Task-2,right,F3,revision_v3,359.375,11.345327302333668
VisualCogA_Task-2,right,F3,revision_v3,367.1875,11.185652829776476
VisualCogA_Task-2,right,F3,revision_v3,375.0,11.051315494981676
VisualCogA_Task-2,right,F3,revision_v3,382.8125,10.951626417469218
VisualCogA_Task-2,right,F3,revision_v3,390.625,10.886330730124243
VisualCogA_Task-2,right,F3,revision_v3,398.4375,10.863035404683615
VisualCogA_Task-2,right,F3,revision_v3,406.25,10.879329021620041
VisualCogA_Task-2,right,F3,revision_v3,414.0625,10.940866075831284
VisualCogA_Task-2,right,F3,revision_v3,421.875,11.042958301149863
VisualCogA_Task-2,right,F3,revision_v3,429.6875,11.189313392879193
VisualCogA_Task-2,right,F3,revision_v3,437.5,11.373177356020854
VisualCogA_Task-2,right,F3,revision_v3,445.3125,11.596773406605331
VisualCogA_Task-2,right,F3,revision_v3,453.125,11.851936612292427
VisualCogA_Task-2,right,F3,revision_v3,460.9375,12.140102620399656
VisualCogA_Task-2,right,F3,revision_v3,468.75,12.452343659056373
VisualCogA_Task-2,right,F3,revision_v3,476.5625,12.789900697052634
VisualCogA_Task-2,right,F3,revision_v3,484.375,13.143657999316595
VisualCogA_Task-2,right,F3,revision_v3,492.1875,13.515195967487074
VisualCogA_Task-2,right,F3,revision_v3,500.0,13.895647765157584
VisualCogA_Task-2,right,F3,revision_v3,507.8125,14.287227967153331
VisualCogA_Task-2,right,F3,revision_v3,515.625,14.681494495214924
VisualCogA_Task-2,right,F3,revision_v3,523.4375,15.081394624162122
VisualCogA_Task-2,right,F3,revision_v3,531.25,15.478966555224623
VisualCogA_Task-2,right,F3,revision_v3,539.0625,15.877897072402991
VisualCogA_Task-2,right,F3,revision_v3,546.875,16.27065816207594
VisualCogA_Task-2,right,F3,revision_v3,554.6875,16.661578514961498
VisualCogA_Task-2,right,F3,revision_v3,562.5,17.04344277475839
VisualCogA_Task-2,right,F3,revision_v3,570.3125,17.421104216648565
VisualCogA_Task-2,right,F3,revision_v3,578.125,17.78757355556617
VisualCogA_Task-2,right,F3,revision_v3,585.9375,18.148152349580574
VisualCogA_Task-2,right,F3,revision_v3,593.75,18.495943283976636
VisualCogA_Task-2,right,F3,revision_v3,601.5625,18.836453521773464
VisualCogA_Task-2,right,F3,revision_v3,609.375,19.162647883251168
VisualCogA_Task-2,right,F3,revision_v3,617.1875,19.480304036402238
VisualCogA_Task-2,right,F3,revision_v3,625.0,19.782711427197107
VisualCogA_Task-2,right,F3,revision_v3,632.8125,20.0762312136603
VisualCogA_Task-2,right,F3,revision_v3,640.625,20.353663946800637
VisualCogA_Task-2,right,F3,revision_v3,648.4375,20.619983922453223
VisualCogA_Task-2,right,F3,revision_v3,656.25,20.866645345850014
VisualCogA_Task-2,right,F3,revision_v3,664.0625,21.100641768810945
VisualCogA_Task-2,right,F3,revision_v3,671.875,21.31871715706686
VisualCogA_Task-2,right,F3,revision_v3,679.6875,21.530973758867592
VisualCogA_Task-2,right,F3,revision_v3,687.5,21.725401533581493
VisualCogA_Task-2,right,F3,revision_v3,695.3125,21.893447538291397
VisualCogA_Task-2,right,F3,revision_v3,703.125,22.017410265655872
VisualCogA_Task-2,right,F3,revision_v3,710.9375,22.125256137568602
VisualCogA_Task-2,right,F3,revision_v3,718.75,22.26214794330068
VisualCogA_Task-2,right,F3,revision_v3,726.5625,22.457669723094046
VisualCogA_Task-2,right,F3,revision_v3,734.375,22.611861246198988
VisualCogA_Task-2,right,F3,revision_v3,742.1875,22.55283281593299
VisualCogA_Task-2,right,F3,revision_v3,750.0,22.244333466887785
VisualCogA_Task-2,right,F3,revision_v3,757.8125,22.075323941562498
VisualCogA_Task-2,right,F3,revision_v3,765.625,22.626375710082446
VisualCogA_Task-2,right,F3,revision_v3,773.4375,23.79362820873722
VisualCogA_Task-2,right,F3,revision_v3,781.25,23.915917936152134
VisualCogA_Task-2,right,F3,revision_v3,789.0625,20.57459135580157
VisualCogA_Task-2,right,F3,revision_v3,796.875,13.210336508745634
VisualCogA_Task-2,right,Fz,measured,0.0,5.589262357731344
VisualCogA_Task-2,right,Fz,measured,7.8125,4.590477582629168
VisualCogA_Task-2,right,Fz,measured,15.625,3.5681185878174198
VisualCogA_Task-2,right,Fz,measured,23.4375,3.2380269474441095
VisualCogA_Task-2,right,Fz,measured,31.25,3.7561199838325496
VisualCogA_Task-2,right,Fz,measured,39.0625,4.506914910589912
VisualCogA_Task-2,right,Fz,measured,46.875,4.648663401245041
VisualCogA_Task-2,right,Fz,measured,54.6875,3.935051929360798
VisualCogA_Task-2,right,Fz,measured,62.5,2.8677887909418343
VisualCogA_Task-2,right,Fz,measured,70.3125,2.143599512589633
VisualCogA_Task-2,right,Fz,measured,78.125,2.102888069525459
VisualCogA_Task-2,right,Fz,measured,85.9375,2.5877848996694484
VisualCogA_Task-2,right,Fz,measured,93.75,3.2757372822306636
VisualCogA_Task-2,right,Fz,measured,101.5625,4.084426379463655
VisualCogA_Task-2,right,Fz,measured,109.375,5.216052805669857
VisualCogA_Task-2,right,Fz,measured,117.1875,6.760507916783691
VisualCogA_Task-2,right,Fz,measured,125.0,8.363946404765176
VisualCogA_Task-2,right,Fz,measured,132.8125,9.443657973037812
VisualCogA_Task-2,right,Fz,measured,140.625,9.798860601346517
VisualCogA_Task-2,right,Fz,measured,148.4375,9.768312732309852
VisualCogA_Task-2,right,Fz,measured,156.25,9.79571528971924
VisualCogA_Task-2,right,Fz,measured,164.0625,10.061428729884526
VisualCogA_Task-2,right,Fz,measured,171.875,10.516225718561703
VisualCogA_Task-2,right,Fz,measured,179.6875,10.964023467338993
VisualCogA_Task-2,right,Fz,measured,187.5,11.192712986659178
VisualCogA_Task-2,right,Fz,measured,195.3125,11.090462842181728
VisualCogA_Task-2,right,Fz,measured,203.125,10.69722464454707
VisualCogA_Task-2,right,Fz,measured,210.9375,10.233223082740786
VisualCogA_Task-2,right,Fz,measured,218.75,10.112259204042703
VisualCogA_Task-2,right,Fz,measured,226.5625,10.652692864382116
VisualCogA_Task-2,right,Fz,measured,234.375,11.803470096935996
VisualCogA_Task-2,right,Fz,measured,242.1875,13.18889736469652
VisualCogA_Task-2,right,Fz,measured,250.0,14.414162161185894
VisualCogA_Task-2,right,Fz,measured,257.8125,15.256254875321938
VisualCogA_Task-2,right,Fz,measured,265.625,15.762826190229703
VisualCogA_Task-2,right,Fz,measured,273.4375,16.181549980402394
VisualCogA_Task-2,right,Fz,measured,281.25,16.760971854607924
VisualCogA_Task-2,right,Fz,measured,289.0625,17.616079037828307
VisualCogA_Task-2,right,Fz,measured,296.875,18.801284016961585
VisualCogA_Task-2,right,Fz,measured,304.6875,20.239882861017037
VisualCogA_Task-2,right,Fz,measured,312.5,21.67385672488871
VisualCogA_Task-2,right,Fz,measured,320.3125,22.824456082874928
VisualCogA_Task-2,right,Fz,measured,328.125,23.632464945401804
VisualCogA_Task-2,right,Fz,measured,335.9375,24.22264544629324
VisualCogA_Task-2,right,Fz,measured,343.75,24.677002235411912
VisualCogA_Task-2,right,Fz,measured,351.5625,24.86253723929334
VisualCogA_Task-2,right,Fz,measured,359.375,24.618513586836787
VisualCogA_Task-2,right,Fz,measured,367.1875,23.954898632072254
VisualCogA_Task-2,right,Fz,measured,375.0,23.02776501830595
VisualCogA_Task-2,right,Fz,measured,382.8125,21.996805711709815
VisualCogA_Task-2,right,Fz,measured,390.625,21.07337738339901
VisualCogA_Task-2,right,Fz,measured,398.4375,20.52230464416472
VisualCogA_Task-2,right,Fz,measured,406.25,20.482917887986172
VisualCogA_Task-2,right,Fz,measured,414.0625,20.726465862666966
VisualCogA_Task-2,right,Fz,measured,421.875,20.818545763192216
VisualCogA_Task-2,right,Fz,measured,429.6875,20.55392900084518
VisualCogA_Task-2,right,Fz,measured,437.5,20.32638939396472
VisualCogA_Task-2,right,Fz,measured,445.3125,20.82905059631827
VisualCogA_Task-2,right,Fz,measured,453.125,22.28139256791154
VisualCogA_Task-2,right,Fz,measured,460.9375,24.060114145257955
VisualCogA_Task-2,right,Fz,measured,468.75,25.408709555114633
VisualCogA_Task-2,right,Fz,measured,476.5625,26.205212569447227
VisualCogA_Task-2,right,Fz,measured,484.375,26.890096802587653
VisualCogA_Task-2,right,Fz,measured,492.1875,27.872604688008487
VisualCogA_Task-2,right,Fz,measured,500.0,29.3848074714327
VisualCogA_Task-2,right,Fz,measured,507.8125,31.530176152938168
VisualCogA_Task-2,right,Fz,measured,515.625,34.207457727760136
VisualCogA_Task-2,right,Fz,measured,523.4375,37.11137331382346
VisualCogA_Task-2,right,Fz,measured,531.25,40.161459033626606
VisualCogA_Task-2,right,Fz,measured,539.0625,43.73426518524217
VisualCogA_Task-2,right,Fz,measured,546.875,48.31150177245267
VisualCogA_Task-2,right,Fz,measured,554.6875,53.85564029171352
VisualCogA_Task-2,right,Fz,measured,562.5,59.79082680695866
VisualCogA_Task-2,right,Fz,measured,570.3125,65.49573130013553
VisualCogA_Task-2,right,Fz,measured,578.125,70.66868831059557
VisualCogA_Task-2,right,Fz,measured,585.9375,75.15209047204286
VisualCogA_Task-2,right,Fz,measured,593.75,78.83557470670023
VisualCogA_Task-2,right,Fz,measured,601.5625,81.72274773276342
VisualCogA_Task-2,right,Fz,measured,609.375,83.94261941886009
VisualCogA_Task-2,right,Fz,measured,617.1875,85.66947847166063
VisualCogA_Task-2,right,Fz,measured,625.0,87.24507897226819
VisualCogA_Task-2,right,Fz,measured,632.8125,89.05098249188126
VisualCogA_Task-2,right,Fz,measured,640.625,91.21425583578021
VisualCogA_Task-2,right,Fz,measured,648.4375,93.56709548706417
VisualCogA_Task-2,right,Fz,measured,656.25,95.9460720329558
VisualCogA_Task-2,right,Fz,measured,664.0625,98.16447792008165
VisualCogA_Task-2,right,Fz,measured,671.875,99.92142878495933
VisualCogA_Task-2,right,Fz,measured,679.6875,100.99996922485633
VisualCogA_Task-2,right,Fz,measured,687.5,101.54438668193987
VisualCogA_Task-2,right,Fz,measured,695.3125,101.84570588094815
VisualCogA_Task-2,right,Fz,measured,703.125,102.0736400996157
VisualCogA_Task-2,right,Fz,measured,710.9375,102.19255229905218
VisualCogA_Task-2,right,Fz,measured,718.75,102.16932189400244
VisualCogA_Task-2,right,Fz,measured,726.5625,102.0628665727797
VisualCogA_Task-2,right,Fz,measured,734.375,101.95054993442733
VisualCogA_Task-2,right,Fz,measured,742.1875,101.80259584163792
VisualCogA_Task-2,right,Fz,measured,750.0,101.65389783219747
VisualCogA_Task-2,right,Fz,measured,757.8125,101.700907059095
VisualCogA_Task-2,right,Fz,measured,765.625,102.26346230692992
VisualCogA_Task-2,right,Fz,measured,773.4375,103.48000132004222
VisualCogA_Task-2,right,Fz,measured,781.25,105.13574580562849
VisualCogA_Task-2,right,Fz,measured,789.0625,106.83563874541446
VisualCogA_Task-2,right,Fz,measured,796.875,108.31736890768411
VisualCogA_Task-2,right,Fz,revision,0.0,-0.04423329003514431
VisualCogA_Task-2,right,Fz,revision,7.8125,-0.05719121135050442
VisualCogA_Task-2,right,Fz,revision,15.625,-0.02391673562621932
VisualCogA_Task-2,right,Fz,revision,23.4375,0.1205295077658084
VisualCogA_Task-2,right,Fz,revision,31.25,0.4233322074424406
VisualCogA_Task-2,right,Fz,revision,39.0625,0.8822498639538763
VisualCogA_Task-2,right,Fz,revision,46.875,1.4463155428187364
VisualCogA_Task-2,right,Fz,revision,54.6875,2.0451034018122405
VisualCogA_Task-2,right,Fz,revision,62.5,2.617622437128979
VisualCogA_Task-2,right,Fz,revision,70.3125,3.126763310903546
VisualCogA_Task-2,right,Fz,revision,78.125,3.5571482751466657
VisualCogA_Task-2,right,Fz,revision,85.9375,3.909242507991962
VisualCogA_Task-2,right,Fz,revision,93.75,4.191392142551944
VisualCogA_Task-2,right,Fz,revision,101.5625,4.416357682017969
VisualCogA_Task-2,right,Fz,revision,109.375,4.596495595005454
VisualCogA_Task-2,right,Fz,revision,117.1875,4.743267923229299
VisualCogA_Task-2,right,Fz,revision,125.0,4.86464271708469
VisualCogA_Task-2,right,Fz,revision,132.8125,4.967113644815772
VisualCogA_Task-2,right,Fz,revision,140.625,5.054349118761708
VisualCogA_Task-2,right,Fz,revision,148.4375,5.129680931281351
VisualCogA_Task-2,right,Fz,revision,156.25,5.193928002315663
VisualCogA_Task-2,right,Fz,revision,164.0625,5.247917424972096
VisualCogA_Task-2,right,Fz,revision,171.875,5.291224610285379
VisualCogA_Task-2,right,Fz,revision,179.6875,5.3264423512150625
VisualCogA_Task-2,right,Fz,revision,187.5,5.356572775325288
VisualCogA_Task-2,right,Fz,revision,195.3125,5.383894618758843
VisualCogA_Task-2,right,Fz,revision,203.125,5.40132902967988
VisualCogA_Task-2,right,Fz,revision,210.9375,5.395340693972351
VisualCogA_Task-2,right,Fz,revision,218.75,5.354006648187397
VisualCogA_Task-2,right,Fz,revision,226.5625,5.284776083114657
VisualCogA_Task-2,right,Fz,revision,234.375,5.212196718969572
VisualCogA_Task-2,right,Fz,revision,242.1875,5.16473099344992
VisualCogA_Task-2,right,Fz,revision,250.0,5.153734871337884
VisualCogA_Task-2,right,Fz,revision,257.8125,5.174017019044243
VisualCogA_Task-2,right,Fz,revision,265.625,5.209167503718666
VisualCogA_Task-2,right,Fz,revision,273.4375,5.245174005388153
VisualCogA_Task-2,right,Fz,revision,281.25,5.270983266559998
VisualCogA_Task-2,right,Fz,revision,289.0625,5.282507638508466
VisualCogA_Task-2,right,Fz,revision,296.875,5.277100322886666
VisualCogA_Task-2,right,Fz,revision,304.6875,5.256490253482541
VisualCogA_Task-2,right,Fz,revision,312.5,5.221584872662824
VisualCogA_Task-2,right,Fz,revision,320.3125,5.176076351401612
VisualCogA_Task-2,right,Fz,revision,328.125,5.121339533628387
VisualCogA_Task-2,right,Fz,revision,335.9375,5.06063907585631
VisualCogA_Task-2,right,Fz,revision,343.75,4.994383414447965
VisualCogA_Task-2,right,Fz,revision,351.5625,4.924961310674403
VisualCogA_Task-2,right,Fz,revision,359.375,4.852012520891067
VisualCogA_Task-2,right,Fz,revision,367.1875,4.777457740178937
VisualCogA_Task-2,right,Fz,revision,375.0,4.7005289345902215
VisualCogA_Task-2,right,Fz,revision,382.8125,4.622932559453684
VisualCogA_Task-2,right,Fz,revision,390.625,4.543674112575719
VisualCogA_Task-2,right,Fz,revision,398.4375,4.464381963265401
VisualCogA_Task-2,right,Fz,revision,406.25,4.38393612365692
VisualCogA_Task-2,right,Fz,revision,414.0625,4.303951924299945
VisualCogA_Task-2,right,Fz,revision,421.875,4.223221465524263
VisualCogA_Task-2,right,Fz,revision,429.6875,4.143364731062139
VisualCogA_Task-2,right,Fz,revision,437.5,4.063095296244528
VisualCogA_Task-2,right,Fz,revision,445.3125,3.9840432964104444
VisualCogA_Task-2,right,Fz,revision,453.125,3.904849791630468
VisualCogA_Task-2,right,Fz,revision,460.9375,3.82715879002814
VisualCogA_Task-2,right,Fz,revision,468.75,3.7495414862815073
VisualCogA_Task-2,right,Fz,revision,476.5625,3.6736567978207657
VisualCogA_Task-2,right,Fz,revision,484.375,3.5980095497075637
VisualCogA_Task-2,right,Fz,revision,492.1875,3.524278047878373
VisualCogA_Task-2,right,Fz,revision,500.0,3.450905858471186
VisualCogA_Task-2,right,Fz,revision,507.8125,3.3795924188187696
VisualCogA_Task-2,right,Fz,revision,515.625,3.3087207140531514
VisualCogA_Task-2,right,Fz,revision,523.4375,3.2400126039340056
VisualCogA_Task-2,right,Fz,revision,531.25,3.171796028117954
VisualCogA_Task-2,right,Fz,revision,539.0625,3.1058209433208006
VisualCogA_Task-2,right,Fz,revision,546.875,3.040363187235318
VisualCogA_Task-2,right,Fz,revision,554.6875,2.9771987558854835
VisualCogA_Task-2,right,Fz,revision,562.5,2.9145500120798418
VisualCogA_Task-2,right,Fz,revision,570.3125,2.8542219162997657
VisualCogA_Task-2,right,Fz,revision,578.125,2.7943922313187373
VisualCogA_Task-2,right,Fz,revision,585.9375,2.736902126878117
VisualCogA_Task-2,right,Fz,revision,593.75,2.679883401495573
VisualCogA_Task-2,right,Fz,revision,601.5625,2.625201100623618
VisualCogA_Task-2,right,Fz,revision,609.375,2.570932313518943
VisualCogA_Task-2,right,Fz,revision,617.1875,2.518981232987301
VisualCogA_Task-2,right,Fz,revision,625.0,2.467413352267235
VisualCogA_Task-2,right,Fz,revision,632.8125,2.418197781418617
VisualCogA_Task-2,right,Fz,revision,640.625,2.369329251882127
VisualCogA_Task-2,right,Fz,revision,648.4375,2.3227020993724787
VisualCogA_Task-2,right,Fz,revision,656.25,2.276187064401247
VisualCogA_Task-2,right,Fz,revision,664.0625,2.2318544816458212
VisualCogA_Task-2,right,Fz,revision,671.875,2.1879225713312724
VisualCogA_Task-2,right,Fz,revision,679.6875,2.1467032289997796
VisualCogA_Task-2,right,Fz,revision,687.5,2.1057551719504106
VisualCogA_Task-2,right,Fz,revision,695.3125,2.0660970467749005
VisualCogA_Task-2,right,Fz,revision,703.125,2.024875916668533
VisualCogA_Task-2,right,Fz,revision,710.9375,1.9857453509974081
VisualCogA_Task-2,right,Fz,revision,718.75,1.9502518864099208
VisualCogA_Task-2,right,Fz,revision,726.5625,1.9221026718322163
VisualCogA_Task-2,right,Fz,revision,734.375,1.8924623941545842
VisualCogA_Task-2,right,Fz,revision,742.1875,1.8508828829529687
VisualCogA_Task-2,right,Fz,revision,750.0,1.7932863620586448
VisualCogA_Task-2,right,Fz,revision,757.8125,1.7491242968653746
VisualCogA_Task-2,right,Fz,revision,765.625,1.757520245317508
VisualCogA_Task-2,right,Fz,revision,773.4375,1.8120471050192173
VisualCogA_Task-2,right,Fz,revision,781.25,1.7927237156605338
VisualCogA_Task-2,right,Fz,revision,789.0625,1.5312424956515853
VisualCogA_Task-2,right,Fz,revision,796.875,0.9896433875292131
VisualCogA_Task-2,right,Fz,revision_v2,0.0,0.0002212544212133765
VisualCogA_Task-2,right,Fz,revision_v2,7.8125,0.0006618872894541948
VisualCogA_Task-2,right,Fz,revision_v2,15.625,-0.000494302722280032
VisualCogA_Task-2,right,Fz,revision_v2,23.4375,-0.005185591177472797
VisualCogA_Task-2,right,Fz,revision_v2,31.25,-0.014122946132987552
VisualCogA_Task-2,right,Fz,revision_v2,39.0625,-0.02573116938542401
VisualCogA_Task-2,right,Fz,revision_v2,46.875,-0.03681101324338661
VisualCogA_Task-2,right,Fz,revision_v2,54.6875,-0.0444215317985091
VisualCogA_Task-2,right,Fz,revision_v2,62.5,-0.04737503331522366
VisualCogA_Task-2,right,Fz,revision_v2,70.3125,-0.046333814572759036
VisualCogA_Task-2,right,Fz,revision_v2,78.125,-0.04285146385142603
VisualCogA_Task-2,right,Fz,revision_v2,85.9375,-0.03835850498249328
VisualCogA_Task-2,right,Fz,revision_v2,93.75,-0.03371642953432903
VisualCogA_Task-2,right,Fz,revision_v2,101.5625,-0.02929628302192968
VisualCogA_Task-2,right,Fz,revision_v2,109.375,-0.025224126066813346
VisualCogA_Task-2,right,Fz,revision_v2,117.1875,-0.021546419125329064
VisualCogA_Task-2,right,Fz,revision_v2,125.0,-0.01827783815813562
VisualCogA_Task-2,right,Fz,revision_v2,132.8125,-0.01540278056861246
VisualCogA_Task-2,right,Fz,revision_v2,140.625,-0.012876990110840512
VisualCogA_Task-2,right,Fz,revision_v2,148.4375,-0.01064059018649572
VisualCogA_Task-2,right,Fz,revision_v2,156.25,-0.008634825228983217
VisualCogA_Task-2,right,Fz,revision_v2,164.0625,-0.0068285321717493006
VisualCogA_Task-2,right,Fz,revision_v2,171.875,-0.005237148458348464
VisualCogA_Task-2,right,Fz,revision_v2,179.6875,-0.003900338328591069
VisualCogA_Task-2,right,Fz,revision_v2,187.5,-0.002793693165970182
VisualCogA_Task-2,right,Fz,revision_v2,195.3125,-0.0017567178718628854
VisualCogA_Task-2,right,Fz,revision_v2,203.125,-0.0005924152370789798
VisualCogA_Task-2,right,Fz,revision_v2,210.9375,0.0006064277144724918
VisualCogA_Task-2,right,Fz,revision_v2,218.75,0.0011938215129086267
VisualCogA_Task-2,right,Fz,revision_v2,226.5625,0.00022390504446485762
VisualCogA_Task-2,right,Fz,revision_v2,234.375,-0.0027568224576882882
VisualCogA_Task-2,right,Fz,revision_v2,242.1875,-0.0070892274909921
VisualCogA_Task-2,right,Fz,revision_v2,250.0,-0.011235982040047957
VisualCogA_Task-2,right,Fz,revision_v2,257.8125,-0.013712300967193662
VisualCogA_Task-2,right,Fz,revision_v2,265.625,-0.013888663794101584
VisualCogA_Task-2,right,Fz,revision_v2,273.4375,-0.012093657064735096
VisualCogA_Task-2,right,Fz,revision_v2,281.25,-0.009138337357970474
VisualCogA_Task-2,right,Fz,revision_v2,289.0625,-0.005783564312454598
VisualCogA_Task-2,right,Fz,revision_v2,296.875,-0.0024907061183231764
VisualCogA_Task-2,right,Fz,revision_v2,304.6875,0.0005427741213451867
VisualCogA_Task-2,right,Fz,revision_v2,312.5,0.0032551386566987512
VisualCogA_Task-2,right,Fz,revision_v2,320.3125,0.0056286411434028055
VisualCogA_Task-2,right,Fz,revision_v2,328.125,0.007665310981879372
VisualCogA_Task-2,right,Fz,revision_v2,335.9375,0.009384364937178933
VisualCogA_Task-2,right,Fz,revision_v2,343.75,0.010820557653637337
VisualCogA_Task-2,right,Fz,revision_v2,351.5625,0.012011048654858112
VisualCogA_Task-2,right,Fz,revision_v2,359.375,0.012988999803829431
VisualCogA_Task-2,right,Fz,revision_v2,367.1875,0.013779032159077512
VisualCogA_Task-2,right,Fz,revision_v2,375.0,0.01440211888215279
VisualCogA_Task-2,right,Fz,revision_v2,382.8125,0.014875748619900308
VisualCogA_Task-2,right,Fz,revision_v2,390.625,0.015217558943420549
VisualCogA_Task-2,right,Fz,revision_v2,398.4375,0.015442540344378763
VisualCogA_Task-2,right,Fz,revision_v2,406.25,0.015565448407453383
VisualCogA_Task-2,right,Fz,revision_v2,414.0625,0.015598215869961685
VisualCogA_Task-2,right,Fz,revision_v2,421.875,0.01555305493332631
VisualCogA_Task-2,right,Fz,revision_v2,429.6875,0.015439884985451503
VisualCogA_Task-2,right,Fz,revision_v2,437.5,0.01526921387804768
VisualCogA_Task-2,right,Fz,revision_v2,445.3125,0.015049191851093102
VisualCogA_Task-2,right,Fz,revision_v2,453.125,0.014788526743028376
VisualCogA_Task-2,right,Fz,revision_v2,460.9375,0.014493561515539984
VisualCogA_Task-2,right,Fz,revision_v2,468.75,0.014171373763815834
VisualCogA_Task-2,right,Fz,revision_v2,476.5625,0.013826788629063452
VisualCogA_Task-2,right,Fz,revision_v2,484.375,0.013465526306567527
VisualCogA_Task-2,right,Fz,revision_v2,492.1875,0.013091106535143244
VisualCogA_Task-2,right,Fz,revision_v2,500.0,0.012708086392409685
VisualCogA_Task-2,right,Fz,revision_v2,507.8125,0.012318903201568173
VisualCogA_Task-2,right,Fz,revision_v2,515.625,0.011927190349608721
VisualCogA_Task-2,right,Fz,revision_v2,523.4375,0.011534514383015476
VisualCogA_Task-2,right,Fz,revision_v2,531.25,0.011143751806051712
VisualCogA_Task-2,right,Fz,revision_v2,539.0625,0.010755752467961538
VisualCogA_Task-2,right,Fz,revision_v2,546.875,0.010372807870661353
VisualCogA_Task-2,right,Fz,revision_v2,554.6875,0.00999523128105535
VisualCogA_Task-2,right,Fz,revision_v2,562.5,0.009624884712559689
VisualCogA_Task-2,right,Fz,revision_v2,570.3125,0.009261665908694643
VisualCogA_Task-2,right,Fz,revision_v2,578.125,0.008907108212236042
VisualCogA_Task-2,right,Fz,revision_v2,585.9375,0.008560791523792282
VisualCogA_Task-2,right,Fz,revision_v2,593.75,0.008224011301536872
VisualCogA_Task-2,right,Fz,revision_v2,601.5625,0.007896097363602451
VisualCogA_Task-2,right,Fz,revision_v2,609.375,0.007578153412426953
VisualCogA_Task-2,right,Fz,revision_v2,617.1875,0.007269323913306223
VisualCogA_Task-2,right,Fz,revision_v2,625.0,0.006970632311800205
VisualCogA_Task-2,right,Fz,revision_v2,632.8125,0.006681138109160343
VisualCogA_Task-2,right,Fz,revision_v2,640.625,0.0064017412451280896
VisualCogA_Task-2,right,Fz,revision_v2,648.4375,0.006131211519443668
VisualCogA_Task-2,right,Fz,revision_v2,656.25,0.00587024461219898
VisualCogA_Task-2,right,Fz,revision_v2,664.0625,0.005617778241832661
VisualCogA_Task-2,right,Fz,revision_v2,671.875,0.005375169559562446
VisualCogA_Task-2,right,Fz,revision_v2,679.6875,0.005141664604167456
VisualCogA_Task-2,right,Fz,revision_v2,687.5,0.0049174818024818046
VisualCogA_Task-2,right,Fz,revision_v2,695.3125,0.0046994440707486184
VisualCogA_Task-2,right,Fz,revision_v2,703.125,0.004487156233956017
VisualCogA_Task-2,right,Fz,revision_v2,710.9375,0.004282152871580357
VisualCogA_Task-2,right,Fz,revision_v2,718.75,0.00409197705470335
VisualCogA_Task-2,right,Fz,revision_v2,726.5625,0.00391793062655963
VisualCogA_Task-2,right,Fz,revision_v2,734.375,0.003748751014435027
VisualCogA_Task-2,right,Fz,revision_v2,742.1875,0.0035604659132720613
VisualCogA_Task-2,right,Fz,revision_v2,750.0,0.003351325359505309
VisualCogA_Task-2,right,Fz,revision_v2,757.8125,0.003169608075949058
VisualCogA_Task-2,right,Fz,revision_v2,765.625,0.003090092137327172
VisualCogA_Task-2,right,Fz,revision_v2,773.4375,0.0030933918375558155
VisualCogA_Task-2,right,Fz,revision_v2,781.25,0.0029670341506628974
VisualCogA_Task-2,right,Fz,revision_v2,789.0625,0.002406341812517313
VisualCogA_Task-2,right,Fz,revision_v2,796.875,0.0013588936957280946
VisualCogA_Task-2,right,Fz,revision_v3,0.0,0.07578491604343585
VisualCogA_Task-2,right,Fz,revision_v3,7.8125,-0.037875542073122936
VisualCogA_Task-2,right,Fz,revision_v3,15.625,-0.7619495636233062
VisualCogA_Task-2,right,Fz,revision_v3,23.4375,-2.17102025895531
VisualCogA_Task-2,right,Fz,revision_v3,31.25,-3.827249319711161
VisualCogA_Task-2,right,Fz,revision_v3,39.0625,-5.012535780071672
VisualCogA_Task-2,right,Fz,revision_v3,46.875,-5.222994845015114
VisualCogA_Task-2,right,Fz,revision_v3,54.6875,-4.451193511865015
VisualCogA_Task-2,right,Fz,revision_v3,62.5,-3.067868537824044
VisualCogA_Task-2,right,Fz,revision_v3,70.3125,-1.50884792831771
VisualCogA_Task-2,right,Fz,revision_v3,78.125,-0.06178150263428428
VisualCogA_Task-2,right,Fz,revision_v3,85.9375,1.1624777593841584
VisualCogA_Task-2,right,Fz,revision_v3,93.75,2.1532525282365884
VisualCogA_Task-2,right,Fz,revision_v3,101.5625,2.9327433485801206
VisualCogA_Task-2,right,Fz,revision_v3,109.375,3.52665235996309
VisualCogA_Task-2,right,Fz,revision_v3,117.1875,3.965313767442862
VisualCogA_Task-2,right,Fz,revision_v3,125.0,4.281409326145477
VisualCogA_Task-2,right,Fz,revision_v3,132.8125,4.508236599952291
VisualCogA_Task-2,right,Fz,revision_v3,140.625,4.671047177229104
VisualCogA_Task-2,right,Fz,revision_v3,148.4375,4.788242194663679
VisualCogA_Task-2,right,Fz,revision_v3,156.25,4.8692755700134125
VisualCogA_Task-2,right,Fz,revision_v3,164.0625,4.921728936194266
VisualCogA_Task-2,right,Fz,revision_v3,171.875,4.951264091844479
VisualCogA_Task-2,right,Fz,revision_v3,179.6875,4.967540604080758
VisualCogA_Task-2,right,Fz,revision_v3,187.5,4.976734657295427
VisualCogA_Task-2,right,Fz,revision_v3,195.3125,4.978135920141536
VisualCogA_Task-2,right,Fz,revision_v3,203.125,4.95621834838637
VisualCogA_Task-2,right,Fz,revision_v3,210.9375,4.898156899513026
VisualCogA_Task-2,right,Fz,revision_v3,218.75,4.814017360588182
VisualCogA_Task-2,right,Fz,revision_v3,226.5625,4.752132782423762
VisualCogA_Task-2,right,Fz,revision_v3,234.375,4.7681145440775055
VisualCogA_Task-2,right,Fz,revision_v3,242.1875,4.888513038672495
VisualCogA_Task-2,right,Fz,revision_v3,250.0,5.087742526827498
VisualCogA_Task-2,right,Fz,revision_v3,257.8125,5.312275421610662
VisualCogA_Task-2,right,Fz,revision_v3,265.625,5.506754085151902
VisualCogA_Task-2,right,Fz,revision_v3,273.4375,5.640221771676998
VisualCogA_Task-2,right,Fz,revision_v3,281.25,5.701361460991586
VisualCogA_Task-2,right,Fz,revision_v3,289.0625,5.696076994526955
VisualCogA_Task-2,right,Fz,revision_v3,296.875,5.632227796975242
VisualCogA_Task-2,right,Fz,revision_v3,304.6875,5.5219554058535305
VisualCogA_Task-2,right,Fz,revision_v3,312.5,5.373767637047292
VisualCogA_Task-2,right,Fz,revision_v3,320.3125,5.199427818968653
VisualCogA_Task-2,right,Fz,revision_v3,328.125,5.006551002679644
VisualCogA_Task-2,right,Fz,revision_v3,335.9375,4.805594682194833
VisualCogA_Task-2,right,Fz,revision_v3,343.75,4.602346752697044
VisualCogA_Task-2,right,Fz,revision_v3,351.5625,4.40571861632874
VisualCogA_Task-2,right,Fz,revision_v3,359.375,4.220237806579762
VisualCogA_Task-2,right,Fz,revision_v3,367.1875,4.054057781553636
VisualCogA_Task-2,right,Fz,revision_v3,375.0,3.9108743900216227
VisualCogA_Task-2,right,Fz,revision_v3,382.8125,3.797963003325327
VisualCogA_Task-2,right,Fz,revision_v3,390.625,3.717681273785293
VisualCogA_Task-2,right,Fz,revision_v3,398.4375,3.675801730650671
VisualCogA_Task-2,right,Fz,revision_v3,406.25,3.6727976127771624
VisualCogA_Task-2,right,Fz,revision_v3,414.0625,3.7125194458913953
VisualCogA_Task-2,right,Fz,revision_v3,421.875,3.793252784752903
VisualCogA_Task-2,right,Fz,revision_v3,429.6875,3.916764272853214
VisualCogA_Task-2,right,Fz,revision_v3,437.5,4.079226528576493
VisualCogA_Task-2,right,Fz,revision_v3,445.3125,4.280690862424377
VisualCogA_Task-2,right,Fz,revision_v3,453.125,4.5158182848549515
VisualCogA_Task-2,right,Fz,revision_v3,460.9375,4.783627398605805
VisualCogA_Task-2,right,Fz,revision_v3,468.75,5.077927750820086
VisualCogA_Task-2,right,Fz,revision_v3,476.5625,5.397330638859874
VisualCogA_Task-2,right,Fz,revision_v3,484.375,5.735413188447588
VisualCogA_Task-2,right,Fz,revision_v3,492.1875,6.090966526994123
VisualCogA_Task-2,right,Fz,revision_v3,500.0,6.457824073858872
VisualCogA_Task-2,right,Fz,revision_v3,507.8125,6.835300262136258
VisualCogA_Task-2,right,Fz,revision_v3,515.625,7.2177019295465055
VisualCogA_Task-2,right,Fz,revision_v3,523.4375,7.605000993209647
VisualCogA_Task-2,right,Fz,revision_v3,531.25,7.992059877796508
VisualCogA_Task-2,right,Fz,revision_v3,539.0625,8.379535877846553
VisualCogA_Task-2,right,Fz,revision_v3,546.875,8.762816093022597
VisualCogA_Task-2,right,Fz,revision_v3,554.6875,9.143159622049135
VisualCogA_Task-2,right,Fz,revision_v3,562.5,9.516365525518605
VisualCogA_Task-2,right,Fz,revision_v3,570.3125,9.884177325430986
VisualCogA_Task-2,right,Fz,revision_v3,578.125,10.242705405468957
VisualCogA_Task-2,right,Fz,revision_v3,585.9375,10.594085196740778
VisualCogA_Task-2,right,Fz,revision_v3,593.75,10.934610943005271
VisualCogA_Task-2,right,Fz,revision_v3,601.5625,11.266613971987965
VisualCogA_Task-2,right,Fz,revision_v3,609.375,11.586384073686702
VisualCogA_Task-2,right,Fz,revision_v3,617.1875,11.896456578557917
VisualCogA_Task-2,right,Fz,revision_v3,625.0,12.193396369529086
VisualCogA_Task-2,right,Fz,revision_v3,632.8125,12.480134900231988
VisualCogA_Task-2,right,Fz,revision_v3,640.625,12.752958673330365
VisualCogA_Task-2,right,Fz,revision_v3,648.4375,13.013866914019925
VisualCogA_Task-2,right,Fz,revision_v3,656.25,13.25828182774455
VisualCogA_Task-2,right,Fz,revision_v3,664.0625,13.489549779477954
VisualCogA_Task-2,right,Fz,revision_v3,671.875,13.706690184897788
VisualCogA_Task-2,right,Fz,revision_v3,679.6875,13.915146349160153
VisualCogA_Task-2,right,Fz,revision_v3,687.5,14.108116894065347
VisualCogA_Task-2,right,Fz,revision_v3,695.3125,14.278520552634312
VisualCogA_Task-2,right,Fz,revision_v3,703.125,14.415781249829607
VisualCogA_Task-2,right,Fz,revision_v3,710.9375,14.537370412880524
VisualCogA_Task-2,right,Fz,revision_v3,718.75,14.67504757534088
VisualCogA_Task-2,right,Fz,revision_v3,726.5625,14.847450983079845
VisualCogA_Task-2,right,Fz,revision_v3,734.375,14.988923188595784
VisualCogA_Task-2,right,Fz,revision_v3,742.1875,14.98267330153621
VisualCogA_Task-2,right,Fz,revision_v3,750.0,14.805773609661156
VisualCogA_Task-2,right,Fz,revision_v3,757.8125,14.718298452976452
VisualCogA_Task-2,right,Fz,revision_v3,765.625,15.112182999864856
VisualCogA_Task-2,right,Fz,revision_v3,773.4375,15.916856044964426
VisualCogA_Task-2,right,Fz,revision_v3,781.25,16.01785863937034
VisualCogA_Task-2,right,Fz,revision_v3,789.0625,13.787766440142999
VisualCogA_Task-2,right,Fz,revision_v3,796.875,8.85045035569972
VisualCogA_Task-2,right,F4,measured,0.0,7.632198744363783
VisualCogA_Task-2,right,F4,measured,7.8125,6.909791091455921
VisualCogA_Task-2,right,F4,measured,15.625,6.277520051852532
VisualCogA_Task-2,right,F4,measured,23.4375,6.309539754174646
VisualCogA_Task-2,right,F4,measured,31.25,6.980714787742238
VisualCogA_Task-2,right,F4,measured,39.0625,7.623001233352915
VisualCogA_Task-2,right,F4,measured,46.875,7.556495122472801
VisualCogA_Task-2,right,F4,measured,54.6875,6.788369628407287
VisualCogA_Task-2,right,F4,measured,62.5,5.962384351682559
VisualCogA_Task-2,right,F4,measured,70.3125,5.708771512732561
VisualCogA_Task-2,right,F4,measured,78.125,6.153819223646492
VisualCogA_Task-2,right,F4,measured,85.9375,6.983069440967646
VisualCogA_Task-2,right,F4,measured,93.75,7.853738102340664
VisualCogA_Task-2,right,F4,measured,101.5625,8.731127983547772
VisualCogA_Task-2,right,F4,measured,109.375,9.855732064066114
VisualCogA_Task-2,right,F4,measured,117.1875,11.385183978874075
VisualCogA_Task-2,right,F4,measured,125.0,13.050821628328888
VisualCogA_Task-2,right,F4,measured,132.8125,14.307647241544299
VisualCogA_Task-2,right,F4,measured,140.625,14.872015828789339
VisualCogA_Task-2,right,F4,measured,148.4375,14.968201479926647
VisualCogA_Task-2,right,F4,measured,156.25,15.004208887121806
VisualCogA_Task-2,right,F4,measured,164.0625,15.277180206121733
VisualCogA_Task-2,right,F4,measured,171.875,15.937962866458117
VisualCogA_Task-2,right,F4,measured,179.6875,16.946764087026775
VisualCogA_Task-2,right,F4,measured,187.5,18.017062035564077
VisualCogA_Task-2,right,F4,measured,195.3125,18.783782912063973
VisualCogA_Task-2,right,F4,measured,203.125,19.079781064241484
VisualCogA_Task-2,right,F4,measured,210.9375,19.105843855825288
VisualCogA_Task-2,right,F4,measured,218.75,19.31691096188208
VisualCogA_Task-2,right,F4,measured,226.5625,20.057437147206894
VisualCogA_Task-2,right,F4,measured,234.375,21.25811845129617
VisualCogA_Task-2,right,F4,measured,242.1875,22.55369815146577
VisualCogA_Task-2,right,F4,measured,250.0,23.596000682522778
VisualCogA_Task-2,right,F4,measured,257.8125,24.257281367118875
VisualCogA_Task-2,right,F4,measured,265.625,24.679132648963563
VisualCogA_Task-2,right,F4,measured,273.4375,25.220273045544406
VisualCogA_Task-2,right,F4,measured,281.25,26.179133960515895
VisualCogA_Task-2,right,F4,measured,289.0625,27.61712007615885
VisualCogA_Task-2,right,F4,measured,296.875,29.41336464762884
VisualCogA_Task-2,right,F4,measured,304.6875,31.370500224775334
VisualCogA_Task-2,right,F4,measured,312.5,33.24438325703689
VisualCogA_Task-2,right,F4,measured,320.3125,34.84739568403738
VisualCogA_Task-2,right,F4,measured,328.125,36.09533622337767
VisualCogA_Task-2,right,F4,measured,335.9375,36.99165595545785
VisualCogA_Task-2,right,F4,measured,343.75,37.49563931020891
VisualCogA_Task-2,right,F4,measured,351.5625,37.50262451512306
VisualCogA_Task-2,right,F4,measured,359.375,36.99784172063369
VisualCogA_Task-2,right,F4,measured,367.1875,36.25346703072225
VisualCogA_Task-2,right,F4,measured,375.0,35.65366285067957
VisualCogA_Task-2,right,F4,measured,382.8125,35.35387623162107
VisualCogA_Task-2,right,F4,measured,390.625,35.18461848343162
VisualCogA_Task-2,right,F4,measured,398.4375,34.989834015674006
VisualCogA_Task-2,right,F4,measured,406.25,34.82632621096959
VisualCogA_Task-2,right,F4,measured,414.0625,34.78290248965836
VisualCogA_Task-2,right,F4,measured,421.875,34.7540995122877
VisualCogA_Task-2,right,F4,measured,429.6875,34.6454147164689
VisualCogA_Task-2,right,F4,measured,437.5,34.71938001840093
VisualCogA_Task-2,right,F4,measured,445.3125,35.47589676275704
VisualCogA_Task-2,right,F4,measured,453.125,36.96500368219001
VisualCogA_Task-2,right,F4,measured,460.9375,38.57602776159622
VisualCogA_Task-2,right,F4,measured,468.75,39.685364281812205
VisualCogA_Task-2,right,F4,measured,476.5625,40.29858221047139
VisualCogA_Task-2,right,F4,measured,484.375,40.85822198906225
VisualCogA_Task-2,right,F4,measured,492.1875,41.8259517443341
VisualCogA_Task-2,right,F4,measured,500.0,43.52169749436888
VisualCogA_Task-2,right,F4,measured,507.8125,46.07945871186427
VisualCogA_Task-2,right,F4,measured,515.625,49.31338241583879
VisualCogA_Task-2,right,F4,measured,523.4375,52.89119503369534
VisualCogA_Task-2,right,F4,measured,531.25,56.721140816714346
VisualCogA_Task-2,right,F4,measured,539.0625,61.16148435421433
VisualCogA_Task-2,right,F4,measured,546.875,66.61102397823971
VisualCogA_Task-2,right,F4,measured,554.6875,72.99891956999818
VisualCogA_Task-2,right,F4,measured,562.5,79.7231174526619
VisualCogA_Task-2,right,F4,measured,570.3125,86.17267484169089
VisualCogA_Task-2,right,F4,measured,578.125,92.09797509942634
VisualCogA_Task-2,right,F4,measured,585.9375,97.49345115460385
VisualCogA_Task-2,right,F4,measured,593.75,102.28293042594514
VisualCogA_Task-2,right,F4,measured,601.5625,106.34996040801174
VisualCogA_Task-2,right,F4,measured,609.375,109.65786230761353
VisualCogA_Task-2,right,F4,measured,617.1875,112.41926797848691
VisualCogA_Task-2,right,F4,measured,625.0,115.0878094514781
VisualCogA_Task-2,right,F4,measured,632.8125,118.03786130550834
VisualCogA_Task-2,right,F4,measured,640.625,121.14531623151605
VisualCogA_Task-2,right,F4,measured,648.4375,124.04724230305011
VisualCogA_Task-2,right,F4,measured,656.25,126.6676122724097
VisualCogA_Task-2,right,F4,measured,664.0625,129.20015313370817
VisualCogA_Task-2,right,F4,measured,671.875,131.59628206356942
VisualCogA_Task-2,right,F4,measured,679.6875,133.55628432714462
VisualCogA_Task-2,right,F4,measured,687.5,134.88109526204343
VisualCogA_Task-2,right,F4,measured,695.3125,135.70068055106893
VisualCogA_Task-2,right,F4,measured,703.125,136.32763088741672
VisualCogA_Task-2,right,F4,measured,710.9375,137.00625660552055
VisualCogA_Task-2,right,F4,measured,718.75,137.6674545208254
VisualCogA_Task-2,right,F4,measured,726.5625,138.0532446629602
VisualCogA_Task-2,right,F4,measured,734.375,137.99661856806426
VisualCogA_Task-2,right,F4,measured,742.1875,137.6768204449334
VisualCogA_Task-2,right,F4,measured,750.0,137.57754610871478
VisualCogA_Task-2,right,F4,measured,757.8125,138.27455388875043
VisualCogA_Task-2,right,F4,measured,765.625,140.02751242028555
VisualCogA_Task-2,right,F4,measured,773.4375,142.52861434254106
VisualCogA_Task-2,right,F4,measured,781.25,145.0357777801033
VisualCogA_Task-2,right,F4,measured,789.0625,147.01348450696395
VisualCogA_Task-2,right,F4,measured,796.875,148.37995469341215
VisualCogA_Task-2,right,F4,revision,0.0,-0.04165410047972862
VisualCogA_Task-2,right,F4,revision,7.8125,-0.0539974995897059
VisualCogA_Task-2,right,F4,revision,15.625,-0.022270852320024348
VisualCogA_Task-2,right,F4,revision,23.4375,0.11544215565965898
VisualCogA_Task-2,right,F4,revision,31.25,0.40405179053311535
VisualCogA_Task-2,right,F4,revision,39.0625,0.8411930514753437
VisualCogA_Task-2,right,F4,revision,46.875,1.377945713232952
VisualCogA_Task-2,right,F4,revision,54.6875,1.9469274694192296
VisualCogA_Task-2,right,F4,revision,62.5,2.4900455755155777
VisualCogA_Task-2,right,F4,revision,70.3125,2.9722648506632696
VisualCogA_Task-2,right,F4,revision,78.125,3.3793718399734027
VisualCogA_Task-2,right,F4,revision,85.9375,3.7121280301333517
VisualCogA_Task-2,right,F4,revision,93.75,3.9786031479720148
VisualCogA_Task-2,right,F4,revision,101.5625,4.190907566300111
VisualCogA_Task-2,right,F4,revision,109.375,4.360715936547433
VisualCogA_Task-2,right,F4,revision,117.1875,4.498853791921048
VisualCogA_Task-2,right,F4,revision,125.0,4.612858611411702
VisualCogA_Task-2,right,F4,revision,132.8125,4.7088794034156525
VisualCogA_Task-2,right,F4,revision,140.625,4.790399514298119
VisualCogA_Task-2,right,F4,revision,148.4375,4.860582329175415
VisualCogA_Task-2,right,F4,revision,156.25,4.920216778975656
VisualCogA_Task-2,right,F4,revision,164.0625,4.9700928383268845
VisualCogA_Task-2,right,F4,revision,171.875,5.0098219013938765
VisualCogA_Task-2,right,F4,revision,179.6875,5.0418786326391585
VisualCogA_Task-2,right,F4,revision,187.5,5.06914313391476
VisualCogA_Task-2,right,F4,revision,195.3125,5.0937914035641185
VisualCogA_Task-2,right,F4,revision,203.125,5.109088219133948
VisualCogA_Task-2,right,F4,revision,210.9375,5.102116610949008
VisualCogA_Task-2,right,F4,revision,218.75,5.061511131473258
VisualCogA_Task-2,right,F4,revision,226.5625,4.9943820159508485
VisualCogA_Task-2,right,F4,revision,234.375,4.924197191884298
VisualCogA_Task-2,right,F4,revision,242.1875,4.878139188770238
VisualCogA_Task-2,right,F4,revision,250.0,4.867022310912846
VisualCogA_Task-2,right,F4,revision,257.8125,4.88576103842144
VisualCogA_Task-2,right,F4,revision,265.625,4.918569421994714
VisualCogA_Task-2,right,F4,revision,273.4375,4.952015970226322
VisualCogA_Task-2,right,F4,revision,281.25,4.975633339599627
VisualCogA_Task-2,right,F4,revision,289.0625,4.985634303737066
VisualCogA_Task-2,right,F4,revision,296.875,4.979604797226774
VisualCogA_Task-2,right,F4,revision,304.6875,4.959220588459662
VisualCogA_Task-2,right,F4,revision,312.5,4.925350211942037
VisualCogA_Task-2,right,F4,revision,320.3125,4.881477134267428
VisualCogA_Task-2,right,F4,revision,328.125,4.82890214470993
VisualCogA_Task-2,right,F4,revision,335.9375,4.770710490636973
VisualCogA_Task-2,right,F4,revision,343.75,4.707293202326531
VisualCogA_Task-2,right,F4,revision,351.5625,4.640905990305478
VisualCogA_Task-2,right,F4,revision,359.375,4.571211283289369
VisualCogA_Task-2,right,F4,revision,367.1875,4.500022281865029
VisualCogA_Task-2,right,F4,revision,375.0,4.426617523257479
VisualCogA_Task-2,right,F4,revision,382.8125,4.352608690144096
VisualCogA_Task-2,right,F4,revision,390.625,4.27706028779262
VisualCogA_Task-2,right,F4,revision,398.4375,4.201509211767763
VisualCogA_Task-2,right,F4,revision,406.25,4.124900465204831
VisualCogA_Task-2,right,F4,revision,414.0625,4.04875776921061
VisualCogA_Task-2,right,F4,revision,421.875,3.9719426689165775
VisualCogA_Task-2,right,F4,revision,429.6875,3.8959828488231505
VisualCogA_Task-2,right,F4,revision,437.5,3.8196653879957463
VisualCogA_Task-2,right,F4,revision,445.3125,3.744527125902108
VisualCogA_Task-2,right,F4,revision,453.125,3.6692864390595368
VisualCogA_Task-2,right,F4,revision,460.9375,3.595492993699181
VisualCogA_Task-2,right,F4,revision,468.75,3.5217990658662943
VisualCogA_Task-2,right,F4,revision,476.5625,3.449768165795671
VisualCogA_Task-2,right,F4,revision,484.375,3.3779898014572636
VisualCogA_Task-2,right,F4,revision,492.1875,3.3080456107695655
VisualCogA_Task-2,right,F4,revision,500.0,3.238467262287389
VisualCogA_Task-2,right,F4,revision,507.8125,3.1708563262501333
VisualCogA_Task-2,right,F4,revision,515.625,3.1036874140068487
VisualCogA_Task-2,right,F4,revision,523.4375,3.03858326665008
VisualCogA_Task-2,right,F4,revision,531.25,2.9739665310255385
VisualCogA_Task-2,right,F4,revision,539.0625,2.9114863201610577
VisualCogA_Task-2,right,F4,revision,546.875,2.849516080132598
VisualCogA_Task-2,right,F4,revision,554.6875,2.789729487997879
VisualCogA_Task-2,right,F4,revision,562.5,2.7304496511351424
VisualCogA_Task-2,right,F4,revision,570.3125,2.6733776350230993
VisualCogA_Task-2,right,F4,revision,578.125,2.616794524978502
VisualCogA_Task-2,right,F4,revision,585.9375,2.562435518007394
VisualCogA_Task-2,right,F4,revision,593.75,2.508538399221618
VisualCogA_Task-2,right,F4,revision,601.5625,2.4568610361733425
VisualCogA_Task-2,right,F4,revision,609.375,2.4055898733553365
VisualCogA_Task-2,right,F4,revision,617.1875,2.356519762007696
VisualCogA_Task-2,right,F4,revision,625.0,2.3078258862112113
VisualCogA_Task-2,right,F4,revision,632.8125,2.2613637872780954
VisualCogA_Task-2,right,F4,revision,640.625,2.2152420377170943
VisualCogA_Task-2,right,F4,revision,648.4375,2.171246904976357
VisualCogA_Task-2,right,F4,revision,656.25,2.127371259736096
VisualCogA_Task-2,right,F4,revision,664.0625,2.085565995142792
VisualCogA_Task-2,right,F4,revision,671.875,2.044147286486521
VisualCogA_Task-2,right,F4,revision,679.6875,2.005291309790334
VisualCogA_Task-2,right,F4,revision,687.5,1.9666993342245442
VisualCogA_Task-2,right,F4,revision,695.3125,1.9293433594142604
VisualCogA_Task-2,right,F4,revision,703.125,1.8905411029110781
VisualCogA_Task-2,right,F4,revision,710.9375,1.8537197369773533
VisualCogA_Task-2,right,F4,revision,718.75,1.8202945343795471
VisualCogA_Task-2,right,F4,revision,726.5625,1.793742196381815
VisualCogA_Task-2,right,F4,revision,734.375,1.7658061767552393
VisualCogA_Task-2,right,F4,revision,742.1875,1.726778795611764
VisualCogA_Task-2,right,F4,revision,750.0,1.6728376404427447
VisualCogA_Task-2,right,F4,revision,757.8125,1.6314439508732366
VisualCogA_Task-2,right,F4,revision,765.625,1.6390129900398382
VisualCogA_Task-2,right,F4,revision,773.4375,1.6895754302611072
VisualCogA_Task-2,right,F4,revision,781.25,1.6713356850853103
VisualCogA_Task-2,right,F4,revision,789.0625,1.4275520347375315
VisualCogA_Task-2,right,F4,revision,796.875,0.922872226279353
VisualCogA_Task-2,right,F4,revision_v2,0.0,0.005432694334643884
VisualCogA_Task-2,right,F4,revision_v2,7.8125,0.0043312181616466106
VisualCogA_Task-2,right,F4,revision_v2,15.625,0.0027164268781517953
VisualCogA_Task-2,right,F4,revision_v2,23.4375,0.001594711890042566
VisualCogA_Task-2,right,F4,revision_v2,31.25,-0.0016737283667622727
VisualCogA_Task-2,right,F4,revision_v2,39.0625,-0.017891734788356817
VisualCogA_Task-2,right,F4,revision_v2,46.875,-0.06399752007046075
VisualCogA_Task-2,right,F4,revision_v2,54.6875,-0.15202255568088496
VisualCogA_Task-2,right,F4,revision_v2,62.5,-0.27727501138437455
VisualCogA_Task-2,right,F4,revision_v2,70.3125,-0.41817034240567313
VisualCogA_Task-2,right,F4,revision_v2,78.125,-0.5480276743319374
VisualCogA_Task-2,right,F4,revision_v2,85.9375,-0.6486713294088664
VisualCogA_Task-2,right,F4,revision_v2,93.75,-0.7154440868450911
VisualCogA_Task-2,right,F4,revision_v2,101.5625,-0.7538182717912452
VisualCogA_Task-2,right,F4,revision_v2,109.375,-0.7725726262364299
VisualCogA_Task-2,right,F4,revision_v2,117.1875,-0.7795010445106465
VisualCogA_Task-2,right,F4,revision_v2,125.0,-0.7798757893931718
VisualCogA_Task-2,right,F4,revision_v2,132.8125,-0.7772000817959921
VisualCogA_Task-2,right,F4,revision_v2,140.625,-0.7736054439847784
VisualCogA_Task-2,right,F4,revision_v2,148.4375,-0.7704977416467151
VisualCogA_Task-2,right,F4,revision_v2,156.25,-0.7684023725352762
VisualCogA_Task-2,right,F4,revision_v2,164.0625,-0.7674793547098695
VisualCogA_Task-2,right,F4,revision_v2,171.875,-0.7673702722795905
VisualCogA_Task-2,right,F4,revision_v2,179.6875,-0.7677438356625783
VisualCogA_Task-2,right,F4,revision_v2,187.5,-0.7681098495411922
VisualCogA_Task-2,right,F4,revision_v2,195.3125,-0.7684467106888699
VisualCogA_Task-2,right,F4,revision_v2,203.125,-0.7688472256960894
VisualCogA_Task-2,right,F4,revision_v2,210.9375,-0.7695740763785435
VisualCogA_Task-2,right,F4,revision_v2,218.75,-0.7700005243544599
VisualCogA_Task-2,right,F4,revision_v2,226.5625,-0.7692535330717045
VisualCogA_Task-2,right,F4,revision_v2,234.375,-0.7677073632865894
VisualCogA_Task-2,right,F4,revision_v2,242.1875,-0.7700726093005827
VisualCogA_Task-2,right,F4,revision_v2,250.0,-0.7843582015340496
VisualCogA_Task-2,right,F4,revision_v2,257.8125,-0.8168044937322203
VisualCogA_Task-2,right,F4,revision_v2,265.625,-0.8650902283845248
VisualCogA_Task-2,right,F4,revision_v2,273.4375,-0.918547043357683
VisualCogA_Task-2,right,F4,revision_v2,281.25,-0.9637548179037856
VisualCogA_Task-2,right,F4,revision_v2,289.0625,-0.9920600337637233
VisualCogA_Task-2,right,F4,revision_v2,296.875,-1.001560998461472
VisualCogA_Task-2,right,F4,revision_v2,304.6875,-0.9957367698634068
VisualCogA_Task-2,right,F4,revision_v2,312.5,-0.9793634010489118
VisualCogA_Task-2,right,F4,revision_v2,320.3125,-0.9568425170332162
VisualCogA_Task-2,right,F4,revision_v2,328.125,-0.9309433370455333
VisualCogA_Task-2,right,F4,revision_v2,335.9375,-0.9037513402351576
VisualCogA_Task-2,right,F4,revision_v2,343.75,-0.8763506338114706
VisualCogA_Task-2,right,F4,revision_v2,351.5625,-0.8496819446625268
VisualCogA_Task-2,right,F4,revision_v2,359.375,-0.823919157062565
VisualCogA_Task-2,right,F4,revision_v2,367.1875,-0.7992961480348237
VisualCogA_Task-2,right,F4,revision_v2,375.0,-0.7755176312807432
VisualCogA_Task-2,right,F4,revision_v2,382.8125,-0.7526165776149811
VisualCogA_Task-2,right,F4,revision_v2,390.625,-0.7302567127414383
VisualCogA_Task-2,right,F4,revision_v2,398.4375,-0.708516744729464
VisualCogA_Task-2,right,F4,revision_v2,406.25,-0.6871077529981284
VisualCogA_Task-2,right,F4,revision_v2,414.0625,-0.6661658328222378
VisualCogA_Task-2,right,F4,revision_v2,421.875,-0.6454442206907858
VisualCogA_Task-2,right,F4,revision_v2,429.6875,-0.625130543232495
VisualCogA_Task-2,right,F4,revision_v2,437.5,-0.6050099076779303
VisualCogA_Task-2,right,F4,revision_v2,445.3125,-0.5853042247628977
VisualCogA_Task-2,right,F4,revision_v2,453.125,-0.5658107372760164
VisualCogA_Task-2,right,F4,revision_v2,460.9375,-0.5467681254720775
VisualCogA_Task-2,right,F4,revision_v2,468.75,-0.5279726948479707
VisualCogA_Task-2,right,F4,revision_v2,476.5625,-0.5096705448274743
VisualCogA_Task-2,right,F4,revision_v2,484.375,-0.49165085367455624
VisualCogA_Task-2,right,F4,revision_v2,492.1875,-0.47416314953465283
VisualCogA_Task-2,right,F4,revision_v2,500.0,-0.45698700257582114
VisualCogA_Task-2,right,F4,revision_v2,507.8125,-0.4403731720171636
VisualCogA_Task-2,right,F4,revision_v2,515.625,-0.42408982351601715
VisualCogA_Task-2,right,F4,revision_v2,523.4375,-0.40838807330561977
VisualCogA_Task-2,right,F4,revision_v2,531.25,-0.39302541423591497
VisualCogA_Task-2,right,F4,revision_v2,539.0625,-0.3782546350852953
VisualCogA_Task-2,right,F4,revision_v2,546.875,-0.3638234355747775
VisualCogA_Task-2,right,F4,revision_v2,554.6875,-0.3499861923747676
VisualCogA_Task-2,right,F4,revision_v2,562.5,-0.3364808675089288
VisualCogA_Task-2,right,F4,revision_v2,570.3125,-0.32356436415098905
VisualCogA_Task-2,right,F4,revision_v2,578.125,-0.3109667537509642
VisualCogA_Task-2,right,F4,revision_v2,585.9375,-0.2989488140915232
VisualCogA_Task-2,right,F4,revision_v2,593.75,-0.2872328274215736
VisualCogA_Task-2,right,F4,revision_v2,601.5625,-0.27608255650098174
VisualCogA_Task-2,right,F4,revision_v2,609.375,-0.26521246664105247
VisualCogA_Task-2,right,F4,revision_v2,617.1875,-0.2548913499358613
VisualCogA_Task-2,right,F4,revision_v2,625.0,-0.2448294740766943
VisualCogA_Task-2,right,F4,revision_v2,632.8125,-0.23530233411588303
VisualCogA_Task-2,right,F4,revision_v2,640.625,-0.2260120501347618
VisualCogA_Task-2,right,F4,revision_v2,648.4375,-0.21723232918687815
VisualCogA_Task-2,right,F4,revision_v2,656.25,-0.20865474814897178
VisualCogA_Task-2,right,F4,revision_v2,664.0625,-0.200567402401033
VisualCogA_Task-2,right,F4,revision_v2,671.875,-0.19268004589201462
VisualCogA_Task-2,right,F4,revision_v2,679.6875,-0.1852980053687727
VisualCogA_Task-2,right,F4,revision_v2,687.5,-0.17808703985100394
VisualCogA_Task-2,right,F4,revision_v2,695.3125,-0.17127757849290914
VisualCogA_Task-2,right,F4,revision_v2,703.125,-0.16451004983156053
VisualCogA_Task-2,right,F4,revision_v2,710.9375,-0.1581810296191952
VisualCogA_Task-2,right,F4,revision_v2,718.75,-0.15219362952667576
VisualCogA_Task-2,right,F4,revision_v2,726.5625,-0.14694287352727428
VisualCogA_Task-2,right,F4,revision_v2,734.375,-0.14169165396683675
VisualCogA_Task-2,right,F4,revision_v2,742.1875,-0.1359882597188743
VisualCogA_Task-2,right,F4,revision_v2,750.0,-0.1294110698600394
VisualCogA_Task-2,right,F4,revision_v2,757.8125,-0.12395286754680115
VisualCogA_Task-2,right,F4,revision_v2,765.625,-0.1217693746537649
VisualCogA_Task-2,right,F4,revision_v2,773.4375,-0.12257640339431505
VisualCogA_Task-2,right,F4,revision_v2,781.25,-0.11883021337855859
VisualCogA_Task-2,right,F4,revision_v2,789.0625,-0.1006239591843036
VisualCogA_Task-2,right,F4,revision_v2,796.875,-0.06580849278271261
VisualCogA_Task-2,right,F4,revision_v3,0.0,0.039473785198933076
VisualCogA_Task-2,right,F4,revision_v3,7.8125,-0.05394084399902921
VisualCogA_Task-2,right,F4,revision_v3,15.625,-0.725758049928316
VisualCogA_Task-2,right,F4,revision_v3,23.4375,-2.0356433120704858
VisualCogA_Task-2,right,F4,revision_v3,31.25,-3.50215215116233
VisualCogA_Task-2,right,F4,revision_v3,39.0625,-4.33585514059593
VisualCogA_Task-2,right,F4,revision_v3,46.875,-4.011141523167989
VisualCogA_Task-2,right,F4,revision_v3,54.6875,-2.642230913257339
VisualCogA_Task-2,right,F4,revision_v3,62.5,-0.8424664677766898
VisualCogA_Task-2,right,F4,revision_v3,70.3125,0.737715516531529
VisualCogA_Task-2,right,F4,revision_v3,78.125,1.7557750362021045
VisualCogA_Task-2,right,F4,revision_v3,85.9375,2.2096862549621203
VisualCogA_Task-2,right,F4,revision_v3,93.75,2.266715600237381
VisualCogA_Task-2,right,F4,revision_v3,101.5625,2.1020764288684974
VisualCogA_Task-2,right,F4,revision_v3,109.375,1.8327140104109132
VisualCogA_Task-2,right,F4,revision_v3,117.1875,1.5301970442178807
VisualCogA_Task-2,right,F4,revision_v3,125.0,1.2417830336404814
VisualCogA_Task-2,right,F4,revision_v3,132.8125,1.0028941708187085
VisualCogA_Task-2,right,F4,revision_v3,140.625,0.8318811246381741
VisualCogA_Task-2,right,F4,revision_v3,148.4375,0.7328585804689394
VisualCogA_Task-2,right,F4,revision_v3,156.25,0.6961868273421019
VisualCogA_Task-2,right,F4,revision_v3,164.0625,0.7096437640760156
VisualCogA_Task-2,right,F4,revision_v3,171.875,0.7605234342390732
VisualCogA_Task-2,right,F4,revision_v3,179.6875,0.843032658269296
VisualCogA_Task-2,right,F4,revision_v3,187.5,0.9507196522094121
VisualCogA_Task-2,right,F4,revision_v3,195.3125,1.0734797865951433
VisualCogA_Task-2,right,F4,revision_v3,203.125,1.1882178235297272
VisualCogA_Task-2,right,F4,revision_v3,210.9375,1.2751752519104964
VisualCogA_Task-2,right,F4,revision_v3,218.75,1.337080331891496
VisualCogA_Task-2,right,F4,revision_v3,226.5625,1.4174942624641385
VisualCogA_Task-2,right,F4,revision_v3,234.375,1.5720884951291008
VisualCogA_Task-2,right,F4,revision_v3,242.1875,1.8299420169517249
VisualCogA_Task-2,right,F4,revision_v3,250.0,2.1615900076177357
VisualCogA_Task-2,right,F4,revision_v3,257.8125,2.500640207108509
VisualCogA_Task-2,right,F4,revision_v3,265.625,2.777278254481784
VisualCogA_Task-2,right,F4,revision_v3,273.4375,2.955940879480608
VisualCogA_Task-2,right,F4,revision_v3,281.25,3.0326176758679195
VisualCogA_Task-2,right,F4,revision_v3,289.0625,3.027290779045363
VisualCogA_Task-2,right,F4,revision_v3,296.875,2.960762563309964
VisualCogA_Task-2,right,F4,revision_v3,304.6875,2.8543069699462085
VisualCogA_Task-2,right,F4,revision_v3,312.5,2.72147720006731
VisualCogA_Task-2,right,F4,revision_v3,320.3125,2.5773503276914997
VisualCogA_Task-2,right,F4,revision_v3,328.125,2.4313762376187613
VisualCogA_Task-2,right,F4,revision_v3,335.9375,2.2953710281300803
VisualCogA_Task-2,right,F4,revision_v3,343.75,2.1753067102302905
VisualCogA_Task-2,right,F4,revision_v3,351.5625,2.0801684982429602
VisualCogA_Task-2,right,F4,revision_v3,359.375,2.0140216347286293
VisualCogA_Task-2,right,F4,revision_v3,367.1875,1.9851215068128587
VisualCogA_Task-2,right,F4,revision_v3,375.0,1.9970641664509579
VisualCogA_Task-2,right,F4,revision_v3,382.8125,2.057602053816685
VisualCogA_Task-2,right,F4,revision_v3,390.625,2.1691497298870908
VisualCogA_Task-2,right,F4,revision_v3,398.4375,2.3378804085971745
VisualCogA_Task-2,right,F4,revision_v3,406.25,2.564002332103497
VisualCogA_Task-2,right,F4,revision_v3,414.0625,2.851245726375456
VisualCogA_Task-2,right,F4,revision_v3,421.875,3.1969022000653164
VisualCogA_Task-2,right,F4,revision_v3,429.6875,3.601767495494129
VisualCogA_Task-2,right,F4,revision_v3,437.5,4.060116107723311
VisualCogA_Task-2,right,F4,revision_v3,445.3125,4.570205242930109
VisualCogA_Task-2,right,F4,revision_v3,453.125,5.124099620578361
VisualCogA_Task-2,right,F4,revision_v3,460.9375,5.718513359168053
VisualCogA_Task-2,right,F4,revision_v3,468.75,6.344320539495278
VisualCogA_Task-2,right,F4,revision_v3,476.5625,6.997694334733307
VisualCogA_Task-2,right,F4,revision_v3,484.375,7.669313825738005
VisualCogA_Task-2,right,F4,revision_v3,492.1875,8.355745867016967
VisualCogA_Task-2,right,F4,revision_v3,500.0,9.048253361275115
VisualCogA_Task-2,right,F4,revision_v3,507.8125,9.744363660828261
VisualCogA_Task-2,right,F4,revision_v3,515.625,10.436300116242768
VisualCogA_Task-2,right,F4,revision_v3,523.4375,11.122777917357322
VisualCogA_Task-2,right,F4,revision_v3,531.25,11.797089295175978
VisualCogA_Task-2,right,F4,revision_v3,539.0625,12.4591426779386
VisualCogA_Task-2,right,F4,revision_v3,546.875,13.10322558446165
VisualCogA_Task-2,right,F4,revision_v3,554.6875,13.730304973024278
VisualCogA_Task-2,right,F4,revision_v3,562.5,14.335479667428142
VisualCogA_Task-2,right,F4,revision_v3,570.3125,14.920557865850558
VisualCogA_Task-2,right,F4,revision_v3,578.125,15.481238354369335
VisualCogA_Task-2,right,F4,revision_v3,585.9375,16.01998285256377
VisualCogA_Task-2,right,F4,revision_v3,593.75,16.532880292855918
VisualCogA_Task-2,right,F4,revision_v3,601.5625,17.022753435992243
VisualCogA_Task-2,right,F4,revision_v3,609.375,17.48578765605579
VisualCogA_Task-2,right,F4,revision_v3,617.1875,17.925132994557824
VisualCogA_Task-2,right,F4,revision_v3,625.0,18.337422526905154
VisualCogA_Task-2,right,F4,revision_v3,632.8125,18.72638407175449
VisualCogA_Task-2,right,F4,revision_v3,640.625,19.088318256535167
VisualCogA_Task-2,right,F4,revision_v3,648.4375,19.425661292241855
VisualCogA_Task-2,right,F4,revision_v3,656.25,19.73354429230136
VisualCogA_Task-2,right,F4,revision_v3,664.0625,20.016296626541596
VisualCogA_Task-2,right,F4,revision_v3,671.875,20.2741331610518
VisualCogA_Task-2,right,F4,revision_v3,679.6875,20.5143132609076
VisualCogA_Task-2,right,F4,revision_v3,687.5,20.728885616935848
VisualCogA_Task-2,right,F4,revision_v3,695.3125,20.907504407870416
VisualCogA_Task-2,right,F4,revision_v3,703.125,21.03698079214491
VisualCogA_Task-2,right,F4,revision_v3,710.9375,21.141502876163674
VisualCogA_Task-2,right,F4,revision_v3,718.75,21.267338936031308
VisualCogA_Task-2,right,F4,revision_v3,726.5625,21.440095449495484
VisualCogA_Task-2,right,F4,revision_v3,734.375,21.568979930946558
VisualCogA_Task-2,right,F4,revision_v3,742.1875,21.489456103917277
VisualCogA_Task-2,right,F4,revision_v3,750.0,21.17142043286292
VisualCogA_Task-2,right,F4,revision_v3,757.8125,20.980248568592565
VisualCogA_Task-2,right,F4,revision_v3,765.625,21.467735773504167
VisualCogA_Task-2,right,F4,revision_v3,773.4375,22.53217210416313
VisualCogA_Task-2,right,F4,revision_v3,781.25,22.6076875511515
VisualCogA_Task-2,right,F4,revision_v3,789.0625,19.409532747262986
VisualCogA_Task-2,right,F4,revision_v3,796.875,12.418929517047008
VisualCogB_Task-1,left,F3,measured,0.0,-3.0706334546994745
VisualCogB_Task-1,left,F3,measured,7.8125,-2.9752172769142358
VisualCogB_Task-1,left,F3,measured,15.625,-2.882338789997122
VisualCogB_Task-1,left,F3,measured,23.4375,-2.7549240936281083
VisualCogB_Task-1,left,F3,measured,31.25,-2.578969220360069
VisualCogB_Task-1,left,F3,measured,39.0625,-2.404302154386864
VisualCogB_Task-1,left,F3,measured,46.875,-2.4321673761216465
VisualCogB_Task-1,left,F3,measured,54.6875,-2.869295403828004
VisualCogB_Task-1,left,F3,measured,62.5,-3.6549675098938064
VisualCogB_Task-1,left,F3,measured,70.3125,-4.408323008500227
VisualCogB_Task-1,left,F3,measured,78.125,-4.892706730167104
VisualCogB_Task-1,left,F3,measured,85.9375,-5.192711864244745
VisualCogB_Task-1,left,F3,measured,93.75,-5.397235015552044
VisualCogB_Task-1,left,F3,measured,101.5625,-5.339071893206164
VisualCogB_Task-1,left,F3,measured,109.375,-5.074991912671248
VisualCogB_Task-1,left,F3,measured,117.1875,-5.06601135116235
VisualCogB_Task-1,left,F3,measured,125.0,-5.665765001183776
VisualCogB_Task-1,left,F3,measured,132.8125,-6.62323832939503
VisualCogB_Task-1,left,F3,measured,140.625,-7.386057329596922
VisualCogB_Task-1,left,F3,measured,148.4375,-7.561582106240594
VisualCogB_Task-1,left,F3,measured,156.25,-7.206783404676875
VisualCogB_Task-1,left,F3,measured,164.0625,-6.6818519581540325
VisualCogB_Task-1,left,F3,measured,171.875,-6.419860168512711
VisualCogB_Task-1,left,F3,measured,179.6875,-6.726592957241424
VisualCogB_Task-1,left,F3,measured,187.5,-7.656555458210374
VisualCogB_Task-1,left,F3,measured,195.3125,-8.801429678169482
VisualCogB_Task-1,left,F3,measured,203.125,-9.606489585111996
VisualCogB_Task-1,left,F3,measured,210.9375,-9.795768328933733
VisualCogB_Task-1,left,F3,measured,218.75,-9.510569703012656
VisualCogB_Task-1,left,F3,measured,226.5625,-9.029711389285918
VisualCogB_Task-1,left,F3,measured,234.375,-8.616318781306958
VisualCogB_Task-1,left,F3,measured,242.1875,-8.47560269954627
VisualCogB_Task-1,left,F3,measured,250.0,-8.700390262118693
VisualCogB_Task-1,left,F3,measured,257.8125,-8.968977710301527
VisualCogB_Task-1,left,F3,measured,265.625,-8.7723959236228
VisualCogB_Task-1,left,F3,measured,273.4375,-7.9244264231647765
VisualCogB_Task-1,left,F3,measured,281.25,-6.701772969694303
VisualCogB_Task-1,left,F3,measured,289.0625,-5.44930845724448
VisualCogB_Task-1,left,F3,measured,296.875,-4.393295678493133
VisualCogB_Task-1,left,F3,measured,304.6875,-3.595115755403159
VisualCogB_Task-1,left,F3,measured,312.5,-3.0861935343502487
VisualCogB_Task-1,left,F3,measured,320.3125,-2.789066852175827
VisualCogB_Task-1,left,F3,measured,328.125,-2.447871729613576
VisualCogB_Task-1,left,F3,measured,335.9375,-1.755289648895208
VisualCogB_Task-1,left,F3,measured,343.75,-0.7733968676569066
VisualCogB_Task-1,left,F3,measured,351.5625,0.12971023430941378
VisualCogB_Task-1,left,F3,measured,359.375,0.5710902562021545
VisualCogB_Task-1,left,F3,measured,367.1875,0.4547803774511957
VisualCogB_Task-1,left,F3,measured,375.0,-0.09491993156724064
VisualCogB_Task-1,left,F3,measured,382.8125,-0.9096587073848991
VisualCogB_Task-1,left,F3,measured,390.625,-1.9198618836618353
VisualCogB_Task-1,left,F3,measured,398.4375,-2.9256298163628696
VisualCogB_Task-1,left,F3,measured,406.25,-3.6918207150999613
VisualCogB_Task-1,left,F3,measured,414.0625,-4.186891007745436
VisualCogB_Task-1,left,F3,measured,421.875,-4.658991261056346
VisualCogB_Task-1,left,F3,measured,429.6875,-5.242072634666834
VisualCogB_Task-1,left,F3,measured,437.5,-5.732125017334816
VisualCogB_Task-1,left,F3,measured,445.3125,-5.745849990442794
VisualCogB_Task-1,left,F3,measured,453.125,-5.21946990673535
VisualCogB_Task-1,left,F3,measured,460.9375,-4.430884877652858
VisualCogB_Task-1,left,F3,measured,468.75,-3.693649963390223
VisualCogB_Task-1,left,F3,measured,476.5625,-2.9589851378133774
VisualCogB_Task-1,left,F3,measured,484.375,-2.021341851153207
VisualCogB_Task-1,left,F3,measured,492.1875,-0.8160619818793328
VisualCogB_Task-1,left,F3,measured,500.0,0.5800337522022417
VisualCogB_Task-1,left,F3,measured,507.8125,2.294980122201648
VisualCogB_Task-1,left,F3,measured,515.625,4.481222059301861
VisualCogB_Task-1,left,F3,measured,523.4375,6.839048656856883
VisualCogB_Task-1,left,F3,measured,531.25,8.604276212940636
VisualCogB_Task-1,left,F3,measured,539.0625,9.375197881806791
VisualCogB_Task-1,left,F3,measured,546.875,9.494786256125387
VisualCogB_Task-1,left,F3,measured,554.6875,9.747747559718817
VisualCogB_Task-1,left,F3,measured,562.5,10.616361603354333
VisualCogB_Task-1,left,F3,measured,570.3125,12.103661091833224
VisualCogB_Task-1,left,F3,measured,578.125,14.024558822547023
VisualCogB_Task-1,left,F3,measured,585.9375,16.221830559835727
VisualCogB_Task-1,left,F3,measured,593.75,18.338225208477063
VisualCogB_Task-1,left,F3,measured,601.5625,20.08492504164528
VisualCogB_Task-1,left,F3,measured,609.375,21.498722286687048
VisualCogB_Task-1,left,F3,measured,617.1875,22.904936470751906
VisualCogB_Task-1,left,F3,measured,625.0,24.633346025276037
VisualCogB_Task-1,left,F3,measured,632.8125,26.95203603097349
VisualCogB_Task-1,left,F3,measured,640.625,29.88021595519984
VisualCogB_Task-1,left,F3,measured,648.4375,33.10389106852582
VisualCogB_Task-1,left,F3,measured,656.25,35.99091599771849
VisualCogB_Task-1,left,F3,measured,664.0625,38.10215381452638
VisualCogB_Task-1,left,F3,measured,671.875,39.50535684757958
VisualCogB_Task-1,left,F3,measured,679.6875,40.549624438014405
VisualCogB_Task-1,left,F3,measured,687.5,41.209440944841205
VisualCogB_Task-1,left,F3,measured,695.3125,41.21240216029827
VisualCogB_Task-1,left,F3,measured,703.125,40.56197659686595
VisualCogB_Task-1,left,F3,measured,710.9375,39.804596605135075
VisualCogB_Task-1,left,F3,measured,718.75,39.65526449332183
VisualCogB_Task-1,left,F3,measured,726.5625,40.48933275006853
VisualCogB_Task-1,left,F3,measured,734.375,41.75396662419875
VisualCogB_Task-1,left,F3,measured,742.1875,42.325552067609614
VisualCogB_Task-1,left,F3,measured,750.0,41.48399290062749
VisualCogB_Task-1,left,F3,measured,757.8125,39.528705648316205
VisualCogB_Task-1,left,F3,measured,765.625,37.391476535623106
VisualCogB_Task-1,left,F3,measured,773.4375,36.08797718872162
VisualCogB_Task-1,left,F3,measured,781.25,36.1280701597407
VisualCogB_Task-1,left,F3,measured,789.0625,37.333785887881454
VisualCogB_Task-1,left,F3,measured,796.875,38.88639587824816
VisualCogB_Task-1,left,F3,revision,0.0,-0.12930726265041237
VisualCogB_Task-1,left,F3,revision,7.8125,-0.17689608866009277
VisualCogB_Task-1,left,F3,revision,15.625,-0.052937991573494436
VisualCogB_Task-1,left,F3,revision,23.4375,0.48465216871823946
VisualCogB_Task-1,left,F3,revision,31.25,1.606396404994208
VisualCogB_Task-1,left,F3,revision,39.0625,3.2881001734758186
VisualCogB_Task-1,left,F3,revision,46.875,5.316990586826668
VisualCogB_Task-1,left,F3,revision,54.6875,7.414024450834331
VisualCogB_Task-1,left,F3,revision,62.5,9.355896047754774
VisualCogB_Task-1,left,F3,revision,70.3125,11.02868893468051
VisualCogB_Task-1,left,F3,revision,78.125,12.406965867202297
VisualCogB_Task-1,left,F3,revision,85.9375,13.515493584909205
VisualCogB_Task-1,left,F3,revision,93.75,14.393972446515768
VisualCogB_Task-1,left,F3,revision,101.5625,15.086499530432407
VisualCogB_Task-1,left,F3,revision,109.375,15.63169142381117
VisualCogB_Task-1,left,F3,revision,117.1875,16.064745896877636
VisualCogB_Task-1,left,F3,revision,125.0,16.410631631280758
VisualCogB_Task-1,left,F3,revision,132.8125,16.689989566656653
VisualCogB_Task-1,left,F3,revision,140.625,16.91490424287247
VisualCogB_Task-1,left,F3,revision,148.4375,17.096379753223772
VisualCogB_Task-1,left,F3,revision,156.25,17.237612867447865
VisualCogB_Task-1,left,F3,revision,164.0625,17.341480598091632
VisualCogB_Task-1,left,F3,revision,171.875,17.40731126060943
VisualCogB_Task-1,left,F3,revision,179.6875,17.444860587988863
VisualCogB_Task-1,left,F3,revision,187.5,17.466473647165618
VisualCogB_Task-1,left,F3,revision,195.3125,17.48077422533842
VisualCogB_Task-1,left,F3,revision,203.125,17.462184389574478
VisualCogB_Task-1,left,F3,revision,210.9375,17.359433724609985
VisualCogB_Task-1,left,F3,revision,218.75,17.12856506018876
VisualCogB_Task-1,left,F3,revision,226.5625,16.798507525029805
VisualCogB_Task-1,left,F3,revision,234.375,16.465594272123827
VisualCogB_Task-1,left,F3,revision,242.1875,16.239041995764453
VisualCogB_Task-1,left,F3,revision,250.0,16.15973059992653
VisualCogB_Task-1,left,F3,revision,257.8125,16.198162741746806
VisualCogB_Task-1,left,F3,revision,265.625,16.282867426488483
VisualCogB_Task-1,left,F3,revision,273.4375,16.35649156624353
VisualCogB_Task-1,left,F3,revision,281.25,16.382989671036423
VisualCogB_Task-1,left,F3,revision,289.0625,16.355235176191968
VisualCogB_Task-1,left,F3,revision,296.875,16.27140127328402
VisualCogB_Task-1,left,F3,revision,304.6875,16.140179428121755
VisualCogB_Task-1,left,F3,revision,312.5,15.965342187366026
VisualCogB_Task-1,left,F3,revision,320.3125,15.758181173952767
VisualCogB_Task-1,left,F3,revision,328.125,15.523100362646458
VisualCogB_Task-1,left,F3,revision,335.9375,15.270356020727231
VisualCogB_Task-1,left,F3,revision,343.75,15.001525096119206
VisualCogB_Task-1,left,F3,revision,351.5625,14.723991387966615
VisualCogB_Task-1,left,F3,revision,359.375,14.436790168328702
VisualCogB_Task-1,left,F3,revision,367.1875,14.145860062348358
VisualCogB_Task-1,left,F3,revision,375.0,13.84909010688281
VisualCogB_Task-1,left,F3,revision,382.8125,13.551832208141391
VisualCogB_Task-1,left,F3,revision,390.625,13.251272688081764
VisualCogB_Task-1,left,F3,revision,398.4375,12.952459649924084
VisualCogB_Task-1,left,F3,revision,406.25,12.652132944893976
VisualCogB_Task-1,left,F3,revision,414.0625,12.355251968493194
VisualCogB_Task-1,left,F3,revision,421.875,12.05825384975359
VisualCogB_Task-1,left,F3,revision,429.6875,11.766073451607841
VisualCogB_Task-1,left,F3,revision,437.5,11.47486981138531
VisualCogB_Task-1,left,F3,revision,445.3125,11.189569162716944
VisualCogB_Task-1,left,F3,revision,453.125,10.90608061894325
VisualCogB_Task-1,left,F3,revision,460.9375,10.629348362032243
VisualCogB_Task-1,left,F3,revision,468.75,10.355051422252389
VisualCogB_Task-1,left,F3,revision,476.5625,10.088160532227837
VisualCogB_Task-1,left,F3,revision,484.375,9.824138384741527
VisualCogB_Task-1,left,F3,revision,492.1875,9.568000681193725
VisualCogB_Task-1,left,F3,revision,500.0,9.31501495876508
VisualCogB_Task-1,left,F3,revision,507.8125,9.070251596712042
VisualCogB_Task-1,left,F3,revision,515.625,8.828788617945914
VisualCogB_Task-1,left,F3,revision,523.4375,8.595759090342009
VisualCogB_Task-1,left,F3,revision,531.25,8.366072696320947
VisualCogB_Task-1,left,F3,revision,539.0625,8.144945174655398
VisualCogB_Task-1,left,F3,revision,546.875,7.9271266818989226
VisualCogB_Task-1,left,F3,revision,554.6875,7.717908021787409
VisualCogB_Task-1,left,F3,revision,562.5,7.511876253161633
VisualCogB_Task-1,left,F3,revision,570.3125,7.314408996590874
VisualCogB_Task-1,left,F3,revision,578.125,7.119959098667616
VisualCogB_Task-1,left,F3,revision,585.9375,6.9340123603496
VisualCogB_Task-1,left,F3,revision,593.75,6.750884415404167
VisualCogB_Task-1,left,F3,revision,601.5625,6.5761398946332505
VisualCogB_Task-1,left,F3,revision,609.375,6.403940145730475
VisualCogB_Task-1,left,F3,revision,617.1875,6.239967467886104
VisualCogB_Task-1,left,F3,revision,625.0,6.078327305646411
VisualCogB_Task-1,left,F3,revision,632.8125,5.924873062576019
VisualCogB_Task-1,left,F3,revision,640.625,5.7735190542728265
VisualCogB_Task-1,left,F3,revision,648.4375,5.629983325225289
VisualCogB_Task-1,left,F3,revision,656.25,5.487881126701396
VisualCogB_Task-1,left,F3,revision,664.0625,5.353353017921024
VisualCogB_Task-1,left,F3,revision,671.875,5.220746792985951
VisualCogB_Task-1,left,F3,revision,679.6875,5.096758806806328
VisualCogB_Task-1,left,F3,revision,687.5,4.974260090260627
VisualCogB_Task-1,left,F3,revision,695.3125,4.857156021072597
VisualCogB_Task-1,left,F3,revision,703.125,4.73740657295049
VisualCogB_Task-1,left,F3,revision,710.9375,4.624722734282983
VisualCogB_Task-1,left,F3,revision,718.75,4.520632162103164
VisualCogB_Task-1,left,F3,revision,726.5625,4.434937627637103
VisualCogB_Task-1,left,F3,revision,734.375,4.346417113182433
VisualCogB_Task-1,left,F3,revision,742.1875,4.234058924363983
VisualCogB_Task-1,left,F3,revision,750.0,4.0872070441006265
VisualCogB_Task-1,left,F3,revision,757.8125,3.972141131530562
VisualCogB_Task-1,left,F3,revision,765.625,3.972217670612285
VisualCogB_Task-1,left,F3,revision,773.4375,4.074687947882972
VisualCogB_Task-1,left,F3,revision,781.25,4.015182669060551
VisualCogB_Task-1,left,F3,revision,789.0625,3.428893476368147
VisualCogB_Task-1,left,F3,revision,796.875,2.23344587281831
VisualCogB_Task-1,left,F3,revision_v2,0.0,0.0007354048376088523
VisualCogB_Task-1,left,F3,revision_v2,7.8125,0.0004527503338024874
VisualCogB_Task-1,left,F3,revision_v2,15.625,8.359628558355855e-05
VisualCogB_Task-1,left,F3,revision_v2,23.4375,-0.0001419129113670245
VisualCogB_Task-1,left,F3,revision_v2,31.25,-0.0008339318351704497
VisualCogB_Task-1,left,F3,revision_v2,39.0625,-0.0043820022685692114
VisualCogB_Task-1,left,F3,revision_v2,46.875,-0.014375500924722168
VisualCogB_Task-1,left,F3,revision_v2,54.6875,-0.03306735771003135
VisualCogB_Task-1,left,F3,revision_v2,62.5,-0.0588945153451733
VisualCogB_Task-1,left,F3,revision_v2,70.3125,-0.08673648002873288
VisualCogB_Task-1,left,F3,revision_v2,78.125,-0.1107709367941881
VisualCogB_Task-1,left,F3,revision_v2,85.9375,-0.1274411542048552
VisualCogB_Task-1,left,F3,revision_v2,93.75,-0.13633967696683535
VisualCogB_Task-1,left,F3,revision_v2,101.5625,-0.13919736876665323
VisualCogB_Task-1,left,F3,revision_v2,109.375,-0.13827830743929487
VisualCogB_Task-1,left,F3,revision_v2,117.1875,-0.13543289780205614
VisualCogB_Task-1,left,F3,revision_v2,125.0,-0.13184901022441176
VisualCogB_Task-1,left,F3,revision_v2,132.8125,-0.12825713597244368
VisualCogB_Task-1,left,F3,revision_v2,140.625,-0.12506950526431856
VisualCogB_Task-1,left,F3,revision_v2,148.4375,-0.12251295454822321
VisualCogB_Task-1,left,F3,revision_v2,156.25,-0.12062725523868369
VisualCogB_Task-1,left,F3,revision_v2,164.0625,-0.11936119929951698
VisualCogB_Task-1,left,F3,revision_v2,171.875,-0.11857134084819855
VisualCogB_Task-1,left,F3,revision_v2,179.6875,-0.11811971553338256
VisualCogB_Task-1,left,F3,revision_v2,187.5,-0.11786435024065373
VisualCogB_Task-1,left,F3,revision_v2,195.3125,-0.11776379014393527
VisualCogB_Task-1,left,F3,revision_v2,203.125,-0.1178172456702843
VisualCogB_Task-1,left,F3,revision_v2,210.9375,-0.11803391088119149
VisualCogB_Task-1,left,F3,revision_v2,218.75,-0.11824738089828703
VisualCogB_Task-1,left,F3,revision_v2,226.5625,-0.11826742032397457
VisualCogB_Task-1,left,F3,revision_v2,234.375,-0.11826663103445914
VisualCogB_Task-1,left,F3,revision_v2,242.1875,-0.11933640444006467
VisualCogB_Task-1,left,F3,revision_v2,250.0,-0.12310912369802761
VisualCogB_Task-1,left,F3,revision_v2,257.8125,-0.13051158513339955
VisualCogB_Task-1,left,F3,revision_v2,265.625,-0.14049278649134317
VisualCogB_Task-1,left,F3,revision_v2,273.4375,-0.1503774527650258
VisualCogB_Task-1,left,F3,revision_v2,281.25,-0.15734463644864027
VisualCogB_Task-1,left,F3,revision_v2,289.0625,-0.1599499326045492
VisualCogB_Task-1,left,F3,revision_v2,296.875,-0.15834627102388654
VisualCogB_Task-1,left,F3,revision_v2,304.6875,-0.15371989770282946
VisualCogB_Task-1,left,F3,revision_v2,312.5,-0.147367706744224
VisualCogB_Task-1,left,F3,revision_v2,320.3125,-0.14032288390463
VisualCogB_Task-1,left,F3,revision_v2,328.125,-0.13319496937447578
VisualCogB_Task-1,left,F3,revision_v2,335.9375,-0.12637581780458126
VisualCogB_Task-1,left,F3,revision_v2,343.75,-0.12004114849751292
VisualCogB_Task-1,left,F3,revision_v2,351.5625,-0.11429880082819009
VisualCogB_Task-1,left,F3,revision_v2,359.375,-0.10911381761710717
VisualCogB_Task-1,left,F3,revision_v2,367.1875,-0.10444577620710198
VisualCogB_Task-1,left,F3,revision_v2,375.0,-0.10017805371824579
VisualCogB_Task-1,left,F3,revision_v2,382.8125,-0.09625147972879382
VisualCogB_Task-1,left,F3,revision_v2,390.625,-0.09256520144418831
VisualCogB_Task-1,left,F3,revision_v2,398.4375,-0.08908996651642352
VisualCogB_Task-1,left,F3,revision_v2,406.25,-0.08575248314412781
VisualCogB_Task-1,left,F3,revision_v2,414.0625,-0.08254936627256627
VisualCogB_Task-1,left,F3,revision_v2,421.875,-0.07942811380672452
VisualCogB_Task-1,left,F3,revision_v2,429.6875,-0.07640470529524414
VisualCogB_Task-1,left,F3,revision_v2,437.5,-0.07344035066376337
VisualCogB_Task-1,left,F3,revision_v2,445.3125,-0.07056254419259844
VisualCogB_Task-1,left,F3,revision_v2,453.125,-0.06773872211779321
VisualCogB_Task-1,left,F3,revision_v2,460.9375,-0.0650017557527379
VisualCogB_Task-1,left,F3,revision_v2,468.75,-0.06232079931580756
VisualCogB_Task-1,left,F3,revision_v2,476.5625,-0.059730897969491006
VisualCogB_Task-1,left,F3,revision_v2,484.375,-0.05720073675224417
VisualCogB_Task-1,left,F3,revision_v2,492.1875,-0.05476607214887129
VisualCogB_Task-1,left,F3,revision_v2,500.0,-0.052394164507803556
VisualCogB_Task-1,left,F3,revision_v2,507.8125,-0.05012078225701913
VisualCogB_Task-1,left,F3,revision_v2,515.625,-0.047911302123167084
VisualCogB_Task-1,left,F3,revision_v2,523.4375,-0.04580132746725644
VisualCogB_Task-1,left,F3,revision_v2,531.25,-0.043754503701427944
VisualCogB_Task-1,left,F3,revision_v2,539.0625,-0.04180654184660639
VisualCogB_Task-1,left,F3,revision_v2,546.875,-0.039919555114022044
VisualCogB_Task-1,left,F3,revision_v2,554.6875,-0.03812940420328215
VisualCogB_Task-1,left,F3,revision_v2,562.5,-0.036396741837621316
VisualCogB_Task-1,left,F3,revision_v2,570.3125,-0.034757800551185776
VisualCogB_Task-1,left,F3,revision_v2,578.125,-0.033172126103066746
VisualCogB_Task-1,left,F3,revision_v2,585.9375,-0.03167657835854771
VisualCogB_Task-1,left,F3,revision_v2,593.75,-0.030229659572539095
VisualCogB_Task-1,left,F3,revision_v2,601.5625,-0.028868793393169438
VisualCogB_Task-1,left,F3,revision_v2,609.375,-0.02755149357256994
VisualCogB_Task-1,left,F3,revision_v2,617.1875,-0.026316017398335573
VisualCogB_Task-1,left,F3,revision_v2,625.0,-0.025119284394269796
VisualCogB_Task-1,left,F3,revision_v2,632.8125,-0.02400054966607799
VisualCogB_Task-1,left,F3,revision_v2,640.625,-0.022915781687994095
VisualCogB_Task-1,left,F3,revision_v2,648.4375,-0.021904486293574263
VisualCogB_Task-1,left,F3,revision_v2,656.25,-0.020921506499405624
VisualCogB_Task-1,left,F3,revision_v2,664.0625,-0.020008057922189897
VisualCogB_Task-1,left,F3,revision_v2,671.875,-0.01912038861502066
VisualCogB_Task-1,left,F3,revision_v2,679.6875,-0.01830163465255277
VisualCogB_Task-1,left,F3,revision_v2,687.5,-0.017503956133791587
VisualCogB_Task-1,left,F3,revision_v2,695.3125,-0.016764338173233848
VisualCogB_Task-1,left,F3,revision_v2,703.125,-0.016032565239772176
VisualCogB_Task-1,left,F3,revision_v2,710.9375,-0.015360666590240685
VisualCogB_Task-1,left,F3,revision_v2,718.75,-0.014721222343105638
VisualCogB_Task-1,left,F3,revision_v2,726.5625,-0.014166335499833425
VisualCogB_Task-1,left,F3,revision_v2,734.375,-0.013612032584483555
VisualCogB_Task-1,left,F3,revision_v2,742.1875,-0.013036731859161634
VisualCogB_Task-1,left,F3,revision_v2,750.0,-0.012384595501561515
VisualCogB_Task-1,left,F3,revision_v2,757.8125,-0.011849315653596603
VisualCogB_Task-1,left,F3,revision_v2,765.625,-0.011599935066860374
VisualCogB_Task-1,left,F3,revision_v2,773.4375,-0.011628357661704726
VisualCogB_Task-1,left,F3,revision_v2,781.25,-0.011251548949774594
VisualCogB_Task-1,left,F3,revision_v2,789.0625,-0.009622250724073186
VisualCogB_Task-1,left,F3,revision_v2,796.875,-0.00654014555289751
VisualCogB_Task-1,left,F3,revision_v3,0.0,0.044761626344451244
VisualCogB_Task-1,left,F3,revision_v3,7.8125,-0.16287816916830344
VisualCogB_Task-1,left,F3,revision_v3,15.625,-1.6383756659665618
VisualCogB_Task-1,left,F3,revision_v3,23.4375,-4.512614872803336
VisualCogB_Task-1,left,F3,revision_v3,31.25,-7.730574924840948
VisualCogB_Task-1,left,F3,revision_v3,39.0625,-9.562030644742872
VisualCogB_Task-1,left,F3,revision_v3,46.875,-8.85479221955468
VisualCogB_Task-1,left,F3,revision_v3,54.6875,-5.858041330581678
VisualCogB_Task-1,left,F3,revision_v3,62.5,-1.9144374143384084
VisualCogB_Task-1,left,F3,revision_v3,70.3125,1.5521567197847457
VisualCogB_Task-1,left,F3,revision_v3,78.125,3.7910259360338032
VisualCogB_Task-1,left,F3,revision_v3,85.9375,4.796290503570723
VisualCogB_Task-1,left,F3,revision_v3,93.75,4.93151265861548
VisualCogB_Task-1,left,F3,revision_v3,101.5625,4.578060201303899
VisualCogB_Task-1,left,F3,revision_v3,109.375,3.9900269892839146
VisualCogB_Task-1,left,F3,revision_v3,117.1875,3.3237947956465055
VisualCogB_Task-1,left,F3,revision_v3,125.0,2.683003280914291
VisualCogB_Task-1,left,F3,revision_v3,132.8125,2.1465111101427645
VisualCogB_Task-1,left,F3,revision_v3,140.625,1.7551789039149357
VisualCogB_Task-1,left,F3,revision_v3,148.4375,1.519120805057689
VisualCogB_Task-1,left,F3,revision_v3,156.25,1.4180391808744224
VisualCogB_Task-1,left,F3,revision_v3,164.0625,1.4280968893714183
VisualCogB_Task-1,left,F3,revision_v3,171.875,1.524862232564887
VisualCogB_Task-1,left,F3,revision_v3,179.6875,1.6981926484235208
VisualCogB_Task-1,left,F3,revision_v3,187.5,1.9304815160153463
VisualCogB_Task-1,left,F3,revision_v3,195.3125,2.1934157161561654
VisualCogB_Task-1,left,F3,revision_v3,203.125,2.436824418629069
VisualCogB_Task-1,left,F3,revision_v3,210.9375,2.638920947526578
VisualCogB_Task-1,left,F3,revision_v3,218.75,2.8420302669740645
VisualCogB_Task-1,left,F3,revision_v3,226.5625,3.165429377958604
VisualCogB_Task-1,left,F3,revision_v3,234.375,3.7104304538673936
VisualCogB_Task-1,left,F3,revision_v3,242.1875,4.481065499273166
VisualCogB_Task-1,left,F3,revision_v3,250.0,5.349183295639063
VisualCogB_Task-1,left,F3,revision_v3,257.8125,6.1400491527314855
VisualCogB_Task-1,left,F3,revision_v3,265.625,6.709385540785847
VisualCogB_Task-1,left,F3,revision_v3,273.4375,7.00798383483279
VisualCogB_Task-1,left,F3,revision_v3,281.25,7.05142472041285
VisualCogB_Task-1,left,F3,revision_v3,289.0625,6.897855945487022
VisualCogB_Task-1,left,F3,revision_v3,296.875,6.598813634556897
VisualCogB_Task-1,left,F3,revision_v3,304.6875,6.207528394548149
VisualCogB_Task-1,left,F3,revision_v3,312.5,5.761573939762564
VisualCogB_Task-1,left,F3,revision_v3,320.3125,5.30556876421442
VisualCogB_Task-1,left,F3,revision_v3,328.125,4.871699213007228
VisualCogB_Task-1,left,F3,revision_v3,335.9375,4.499223485387301
VisualCogB_Task-1,left,F3,revision_v3,343.75,4.213204704997201
VisualCogB_Task-1,left,F3,revision_v3,351.5625,4.046020416622313
VisualCogB_Task-1,left,F3,revision_v3,359.375,4.015974574063192
VisualCogB_Task-1,left,F3,revision_v3,367.1875,4.149000843078853
VisualCogB_Task-1,left,F3,revision_v3,375.0,4.455261364455967
VisualCogB_Task-1,left,F3,revision_v3,382.8125,4.950941417755637
VisualCogB_Task-1,left,F3,revision_v3,390.625,5.6342603450484745
VisualCogB_Task-1,left,F3,revision_v3,398.4375,6.5090157959187325
VisualCogB_Task-1,left,F3,revision_v3,406.25,7.5609033930347955
VisualCogB_Task-1,left,F3,revision_v3,414.0625,8.782678705871836
VisualCogB_Task-1,left,F3,revision_v3,421.875,10.150214421446233
VisualCogB_Task-1,left,F3,revision_v3,429.6875,11.648859333507554
VisualCogB_Task-1,left,F3,revision_v3,437.5,13.249086057776378
VisualCogB_Task-1,left,F3,revision_v3,445.3125,14.933785054531658
VisualCogB_Task-1,left,F3,revision_v3,453.125,16.67294426157818
VisualCogB_Task-1,left,F3,revision_v3,460.9375,18.451241396522057
VisualCogB_Task-1,left,F3,revision_v3,468.75,20.24145659804261
VisualCogB_Task-1,left,F3,revision_v3,476.5625,22.03240876480334
VisualCogB_Task-1,left,F3,revision_v3,484.375,23.801268660581638
VisualCogB_Task-1,left,F3,revision_v3,492.1875,25.54191357992516
VisualCogB_Task-1,left,F3,revision_v3,500.0,27.236199463677693
VisualCogB_Task-1,left,F3,revision_v3,507.8125,28.88285569301404
VisualCogB_Task-1,left,F3,revision_v3,515.625,30.46788380175487
VisualCogB_Task-1,left,F3,revision_v3,523.4375,31.994073501900136
VisualCogB_Task-1,left,F3,revision_v3,531.25,33.45058320430732
VisualCogB_Task-1,left,F3,revision_v3,539.0625,34.843189153095466
VisualCogB_Task-1,left,F3,revision_v3,546.875,36.16320788519598
VisualCogB_Task-1,left,F3,revision_v3,554.6875,37.41853232278033
VisualCogB_Task-1,left,F3,revision_v3,562.5,38.60183306022467
VisualCogB_Task-1,left,F3,revision_v3,570.3125,39.72232029038692
VisualCogB_Task-1,left,F3,revision_v3,578.125,40.77330096063791
VisualCogB_Task-1,left,F3,revision_v3,585.9375,41.764749486523456
VisualCogB_Task-1,left,F3,revision_v3,593.75,42.69011692710944
VisualCogB_Task-1,left,F3,revision_v3,601.5625,43.55951010211166
VisualCogB_Task-1,left,F3,revision_v3,609.375,44.36590260289198
VisualCogB_Task-1,left,F3,revision_v3,617.1875,45.11954750857065
VisualCogB_Task-1,left,F3,revision_v3,625.0,45.813892853503916
VisualCogB_Task-1,left,F3,revision_v3,632.8125,46.46005248063085
VisualCogB_Task-1,left,F3,revision_v3,640.625,47.05021644573691
VisualCogB_Task-1,left,F3,revision_v3,648.4375,47.59206413255268
VisualCogB_Task-1,left,F3,revision_v3,656.25,48.07466920042991
VisualCogB_Task-1,left,F3,revision_v3,664.0625,48.509838433769374
VisualCogB_Task-1,left,F3,revision_v3,671.875,48.89824600734633
VisualCogB_Task-1,left,F3,revision_v3,679.6875,49.25830807018569
VisualCogB_Task-1,left,F3,revision_v3,687.5,49.57134627029251
VisualCogB_Task-1,left,F3,revision_v3,695.3125,49.814382914641385
VisualCogB_Task-1,left,F3,revision_v3,703.125,49.956254626189164
VisualCogB_Task-1,left,F3,revision_v3,710.9375,50.05456772112137
VisualCogB_Task-1,left,F3,revision_v3,718.75,50.2170636696667
VisualCogB_Task-1,left,F3,revision_v3,726.5625,50.50457138491261
VisualCogB_Task-1,left,F3,revision_v3,734.375,50.704072897358614
VisualCogB_Task-1,left,F3,revision_v3,742.1875,50.43132137661172
VisualCogB_Task-1,left,F3,revision_v3,750.0,49.61478844786697
VisualCogB_Task-1,left,F3,revision_v3,757.8125,49.10955760751969
VisualCogB_Task-1,left,F3,revision_v3,765.625,50.20568181751416
VisualCogB_Task-1,left,F3,revision_v3,773.4375,52.66647885632773
VisualCogB_Task-1,left,F3,revision_v3,781.25,52.82809206611738
VisualCogB_Task-1,left,F3,revision_v3,789.0625,45.34428681812442
VisualCogB_Task-1,left,F3,revision_v3,796.875,28.995511503628816
VisualCogB_Task-1,left,Fz,measured,0.0,-2.363185571284601
VisualCogB_Task-1,left,Fz,measured,7.8125,-1.9226257391249775
VisualCogB_Task-1,left,Fz,measured,15.625,-1.0000075034873779
VisualCogB_Task-1,left,Fz,measured,23.4375,0.09336409185181534
VisualCogB_Task-1,left,Fz,measured,31.25,0.9092501781235687
VisualCogB_Task-1,left,Fz,measured,39.0625,1.2137299998411128
VisualCogB_Task-1,left,Fz,measured,46.875,0.979793115387237
VisualCogB_Task-1,left,Fz,measured,54.6875,0.3119454278923986
VisualCogB_Task-1,left,Fz,measured,62.5,-0.5247376752185942
VisualCogB_Task-1,left,Fz,measured,70.3125,-1.1952428620883262
VisualCogB_Task-1,left,Fz,measured,78.125,-1.6931733189541944
VisualCogB_Task-1,left,Fz,measured,85.9375,-2.2022485643434444
VisualCogB_Task-1,left,Fz,measured,93.75,-2.6418815986703956
VisualCogB_Task-1,left,Fz,measured,101.5625,-2.636756559676312
VisualCogB_Task-1,left,Fz,measured,109.375,-2.192884508544949
VisualCogB_Task-1,left,Fz,measured,117.1875,-1.8277524124219766
VisualCogB_Task-1,left,Fz,measured,125.0,-1.9830644186695443
VisualCogB_Task-1,left,Fz,measured,132.8125,-2.4676760484662505
VisualCogB_Task-1,left,Fz,measured,140.625,-2.8383349337136656
VisualCogB_Task-1,left,Fz,measured,148.4375,-2.8412586890552665
VisualCogB_Task-1,left,Fz,measured,156.25,-2.514500815590986
VisualCogB_Task-1,left,Fz,measured,164.0625,-1.9608200124095487
VisualCogB_Task-1,left,Fz,measured,171.875,-1.3625537009129896
VisualCogB_Task-1,left,Fz,measured,179.6875,-0.9953109373608271
VisualCogB_Task-1,left,Fz,measured,187.5,-1.1525951749313126
VisualCogB_Task-1,left,Fz,measured,195.3125,-1.7031497168289815
VisualCogB_Task-1,left,Fz,measured,203.125,-2.16966915452281
VisualCogB_Task-1,left,Fz,measured,210.9375,-2.1528172419788194
VisualCogB_Task-1,left,Fz,measured,218.75,-1.7538772963945384
VisualCogB_Task-1,left,Fz,measured,226.5625,-1.3327709011114202
VisualCogB_Task-1,left,Fz,measured,234.375,-1.150875890916852
VisualCogB_Task-1,left,Fz,measured,242.1875,-1.1630969604223391
VisualCogB_Task-1,left,Fz,measured,250.0,-1.2518421304968397
VisualCogB_Task-1,left,Fz,measured,257.8125,-1.1834904059444176
VisualCogB_Task-1,left,Fz,measured,265.625,-0.7270306698275311
VisualCogB_Task-1,left,Fz,measured,273.4375,0.19544201302668657
VisualCogB_Task-1,left,Fz,measured,281.25,1.3917258516563502
VisualCogB_Task-1,left,Fz,measured,289.0625,2.727595482776649
VisualCogB_Task-1,left,Fz,measured,296.875,4.1242022754061445
VisualCogB_Task-1,left,Fz,measured,304.6875,5.434393623107047
VisualCogB_Task-1,left,Fz,measured,312.5,6.307724298271363
VisualCogB_Task-1,left,Fz,measured,320.3125,6.618435181465561
VisualCogB_Task-1,left,Fz,measured,328.125,6.664161835650436
VisualCogB_Task-1,left,Fz,measured,335.9375,6.992924710824528
VisualCogB_Task-1,left,Fz,measured,343.75,7.676841359993032
VisualCogB_Task-1,left,Fz,measured,351.5625,8.266812936823703
VisualCogB_Task-1,left,Fz,measured,359.375,8.215689185703605
VisualCogB_Task-1,left,Fz,measured,367.1875,7.4299499503939215
VisualCogB_Task-1,left,Fz,measured,375.0,6.120822797908476
VisualCogB_Task-1,left,Fz,measured,382.8125,4.61591897442657
VisualCogB_Task-1,left,Fz,measured,390.625,3.157413684597229
VisualCogB_Task-1,left,Fz,measured,398.4375,2.0538869754661917
VisualCogB_Task-1,left,Fz,measured,406.25,1.3793831594694577
VisualCogB_Task-1,left,Fz,measured,414.0625,0.8919650634668717
VisualCogB_Task-1,left,Fz,measured,421.875,0.1504264429993765
VisualCogB_Task-1,left,Fz,measured,429.6875,-0.951980443795552
VisualCogB_Task-1,left,Fz,measured,437.5,-2.063880301552644
VisualCogB_Task-1,left,Fz,measured,445.3125,-2.564703604365807
VisualCogB_Task-1,left,Fz,measured,453.125,-2.280322938175421
VisualCogB_Task-1,left,Fz,measured,460.9375,-1.5980300563096121
VisualCogB_Task-1,left,Fz,measured,468.75,-1.1479637574524695
VisualCogB_Task-1,left,Fz,measured,476.5625,-0.9875336449213927
VisualCogB_Task-1,left,Fz,measured,484.375,-0.6230948450169291
VisualCogB_Task-1,left,Fz,measured,492.1875,0.41384055876882847
VisualCogB_Task-1,left,Fz,measured,500.0,2.0073158398116626
VisualCogB_Task-1,left,Fz,measured,507.8125,3.8883321151789887
VisualCogB_Task-1,left,Fz,measured,515.625,5.791422868044519
VisualCogB_Task-1,left,Fz,measured,523.4375,7.388822789030891
VisualCogB_Task-1,left,Fz,measured,531.25,8.235312745715492
VisualCogB_Task-1,left,Fz,measured,539.0625,8.34393344554856
VisualCogB_Task-1,left,Fz,measured,546.875,8.16826519620438
VisualCogB_Task-1,left,Fz,measured,554.6875,8.31109340183257
VisualCogB_Task-1,left,Fz,measured,562.5,8.870922591532103
VisualCogB_Task-1,left,Fz,measured,570.3125,9.5888607430508
VisualCogB_Task-1,left,Fz,measured,578.125,10.269614895462302
VisualCogB_Task-1,left,Fz,measured,585.9375,11.07590653742522
VisualCogB_Task-1,left,Fz,measured,593.75,12.030799332381205
VisualCogB_Task-1,left,Fz,measured,601.5625,13.027404380058545
VisualCogB_Task-1,left,Fz,measured,609.375,13.863641914317055
VisualCogB_Task-1,left,Fz,measured,617.1875,14.553356064276976
VisualCogB_Task-1,left,Fz,measured,625.0,15.32208753145202
VisualCogB_Task-1,left,Fz,measured,632.8125,16.677658806077417
VisualCogB_Task-1,left,Fz,measured,640.625,18.87420811630891
VisualCogB_Task-1,left,Fz,measured,648.4375,21.581266052552163
VisualCogB_Task-1,left,Fz,measured,656.25,23.781711218499456
VisualCogB_Task-1,left,Fz,measured,664.0625,24.748833951616017
VisualCogB_Task-1,left,Fz,measured,671.875,24.702809153519112
VisualCogB_Task-1,left,Fz,measured,679.6875,24.566844664537037
VisualCogB_Task-1,left,Fz,measured,687.5,24.64366340444579
VisualCogB_Task-1,left,Fz,measured,695.3125,24.368685625413335
VisualCogB_Task-1,left,Fz,measured,703.125,22.95749585079042
VisualCogB_Task-1,left,Fz,measured,710.9375,20.519644489504586
VisualCogB_Task-1,left,Fz,measured,718.75,18.054791104686444
VisualCogB_Task-1,left,Fz,measured,726.5625,16.656426349746933
VisualCogB_Task-1,left,Fz,measured,734.375,16.185932057488365
VisualCogB_Task-1,left,Fz,measured,742.1875,15.534149954869804
VisualCogB_Task-1,left,Fz,measured,750.0,13.771148818873499
VisualCogB_Task-1,left,Fz,measured,757.8125,11.033360691691335
VisualCogB_Task-1,left,Fz,measured,765.625,7.996821778303836
VisualCogB_Task-1,left,Fz,measured,773.4375,5.460595899684224
VisualCogB_Task-1,left,Fz,measured,781.25,3.853482493104144
VisualCogB_Task-1,left,Fz,measured,789.0625,3.175195987800266
VisualCogB_Task-1,left,Fz,measured,796.875,2.7748282673678313
VisualCogB_Task-1,left,Fz,revision,0.0,-0.13586628632036124
VisualCogB_Task-1,left,Fz,revision,7.8125,-0.18582011429570988
VisualCogB_Task-1,left,Fz,revision,15.625,-0.05572809541977497
VisualCogB_Task-1,left,Fz,revision,23.4375,0.5084921715071458
VisualCogB_Task-1,left,Fz,revision,31.25,1.6858324226967567
VisualCogB_Task-1,left,Fz,revision,39.0625,3.450950105656364
VisualCogB_Task-1,left,Fz,revision,46.875,5.580596685680825
VisualCogB_Task-1,left,Fz,revision,54.6875,7.781949671404702
VisualCogB_Task-1,left,Fz,revision,62.5,9.820629750288298
VisualCogB_Task-1,left,Fz,revision,70.3125,11.577021379089993
VisualCogB_Task-1,left,Fz,revision,78.125,13.024365539041003
VisualCogB_Task-1,left,Fz,revision,85.9375,14.188629916366235
VisualCogB_Task-1,left,Fz,revision,93.75,15.111491371425206
VisualCogB_Task-1,left,Fz,revision,101.5625,15.839260082711128
VisualCogB_Task-1,left,Fz,revision,109.375,16.41248314603126
VisualCogB_Task-1,left,Fz,revision,117.1875,16.86810345311416
VisualCogB_Task-1,left,Fz,revision,125.0,17.23230865832614
VisualCogB_Task-1,left,Fz,revision,132.8125,17.526739603387178
VisualCogB_Task-1,left,Fz,revision,140.625,17.76405129302783
VisualCogB_Task-1,left,Fz,revision,148.4375,17.955769615844858
VisualCogB_Task-1,left,Fz,revision,156.25,18.105224551310524
VisualCogB_Task-1,left,Fz,revision,164.0625,18.215418715769793
VisualCogB_Task-1,left,Fz,revision,171.875,18.285631548945332
VisualCogB_Task-1,left,Fz,revision,179.6875,18.32609666984722
VisualCogB_Task-1,left,Fz,revision,187.5,18.349761830361228
VisualCogB_Task-1,left,Fz,revision,195.3125,18.36567101273091
VisualCogB_Task-1,left,Fz,revision,203.125,18.346965572845225
VisualCogB_Task-1,left,Fz,revision,210.9375,18.23983732469286
VisualCogB_Task-1,left,Fz,revision,218.75,17.99816838777748
VisualCogB_Task-1,left,Fz,revision,226.5625,17.65235484645839
VisualCogB_Task-1,left,Fz,revision,234.375,17.303514468577227
VisualCogB_Task-1,left,Fz,revision,242.1875,17.0662643433297
VisualCogB_Task-1,left,Fz,revision,250.0,16.9834813039378
VisualCogB_Task-1,left,Fz,revision,257.8125,17.024197607028466
VisualCogB_Task-1,left,Fz,revision,265.625,17.11340156258891
VisualCogB_Task-1,left,Fz,revision,273.4375,17.19090822201806
VisualCogB_Task-1,left,Fz,revision,281.25,17.218882422905622
VisualCogB_Task-1,left,Fz,revision,289.0625,17.18984536785615
VisualCogB_Task-1,left,Fz,revision,296.875,17.101877862077846
VisualCogB_Task-1,left,Fz,revision,304.6875,16.964114317242874
VisualCogB_Task-1,left,Fz,revision,312.5,16.78052125097079
VisualCogB_Task-1,left,Fz,revision,320.3125,16.562962653401026
VisualCogB_Task-1,left,Fz,revision,328.125,16.316061674732186
VisualCogB_Task-1,left,Fz,revision,335.9375,16.0505892435614
VisualCogB_Task-1,left,Fz,revision,343.75,15.7681972944646
VisualCogB_Task-1,left,Fz,revision,351.5625,15.476640986863933
VisualCogB_Task-1,left,Fz,revision,359.375,15.174904963780314
VisualCogB_Task-1,left,Fz,revision,367.1875,14.869228590186514
VisualCogB_Task-1,left,Fz,revision,375.0,14.557393780795675
VisualCogB_Task-1,left,Fz,revision,382.8125,14.2450244523328
VisualCogB_Task-1,left,Fz,revision,390.625,13.929165142411026
VisualCogB_Task-1,left,Fz,revision,398.4375,13.615121874705423
VisualCogB_Task-1,left,Fz,revision,406.25,13.299471554076534
VisualCogB_Task-1,left,Fz,revision,414.0625,12.987427906213824
VisualCogB_Task-1,left,Fz,revision,421.875,12.675249560008307
VisualCogB_Task-1,left,Fz,revision,429.6875,12.368123604772137
VisualCogB_Task-1,left,Fz,revision,437.5,12.06201583951119
VisualCogB_Task-1,left,Fz,revision,445.3125,11.762104232722606
VisualCogB_Task-1,left,Fz,revision,453.125,11.464092052393575
VisualCogB_Task-1,left,Fz,revision,460.9375,11.173175815807959
VisualCogB_Task-1,left,Fz,revision,468.75,10.884816507915781
VisualCogB_Task-1,left,Fz,revision,476.5625,10.604238337271472
VisualCogB_Task-1,left,Fz,revision,484.375,10.326675052349712
VisualCogB_Task-1,left,Fz,revision,492.1875,10.057397952506633
VisualCogB_Task-1,left,Fz,revision,500.0,9.791435131518814
VisualCogB_Task-1,left,Fz,revision,507.8125,9.534114626907805
VisualCogB_Task-1,left,Fz,revision,515.625,9.28026500943929
VisualCogB_Task-1,left,Fz,revision,523.4375,9.035280331366597
VisualCogB_Task-1,left,Fz,revision,531.25,8.793812780874552
VisualCogB_Task-1,left,Fz,revision,539.0625,8.561343588420561
VisualCogB_Task-1,left,Fz,revision,546.875,8.332356952519628
VisualCogB_Task-1,left,Fz,revision,554.6875,8.112412095582943
VisualCogB_Task-1,left,Fz,revision,562.5,7.895821216358586
VisualCogB_Task-1,left,Fz,revision,570.3125,7.688234853393553
VisualCogB_Task-1,left,Fz,revision,578.125,7.4838246319081385
VisualCogB_Task-1,left,Fz,revision,585.9375,7.288354898943357
VisualCogB_Task-1,left,Fz,revision,593.75,7.0958527001411955
VisualCogB_Task-1,left,Fz,revision,601.5625,6.912164562722323
VisualCogB_Task-1,left,Fz,revision,609.375,6.731154958738159
VisualCogB_Task-1,left,Fz,revision,617.1875,6.5587940580147155
VisualCogB_Task-1,left,Fz,revision,625.0,6.388888069723203
VisualCogB_Task-1,left,Fz,revision,632.8125,6.227587637749789
VisualCogB_Task-1,left,Fz,revision,640.625,6.0684985305745
VisualCogB_Task-1,left,Fz,revision,648.4375,5.91762887739106
VisualCogB_Task-1,left,Fz,revision,656.25,5.7682695525980066
VisualCogB_Task-1,left,Fz,revision,664.0625,5.6268723906795
VisualCogB_Task-1,left,Fz,revision,671.875,5.487498402600182
VisualCogB_Task-1,left,Fz,revision,679.6875,5.357183815327909
VisualCogB_Task-1,left,Fz,revision,687.5,5.228437356280412
VisualCogB_Task-1,left,Fz,revision,695.3125,5.105361255773197
VisualCogB_Task-1,left,Fz,revision,703.125,4.979506606319144
VisualCogB_Task-1,left,Fz,revision,710.9375,4.861078566224405
VisualCogB_Task-1,left,Fz,revision,718.75,4.751685942928729
VisualCogB_Task-1,left,Fz,revision,726.5625,4.66163033062967
VisualCogB_Task-1,left,Fz,revision,734.375,4.568605817427329
VisualCogB_Task-1,left,Fz,revision,742.1875,4.450521157971574
VisualCogB_Task-1,left,Fz,revision,750.0,4.2961773708962525
VisualCogB_Task-1,left,Fz,revision,757.8125,4.175245404618821
VisualCogB_Task-1,left,Fz,revision,765.625,4.175354867182995
VisualCogB_Task-1,left,Fz,revision,773.4375,4.283101948153557
VisualCogB_Task-1,left,Fz,revision,781.25,4.220580394839191
VisualCogB_Task-1,left,Fz,revision,789.0625,3.6042909646437313
VisualCogB_Task-1,left,Fz,revision,796.875,2.3476377528364
VisualCogB_Task-1,left,Fz,revision_v2,0.0,6.065883797078372e-05
VisualCogB_Task-1,left,Fz,revision_v2,7.8125,0.00015103273769861422
VisualCogB_Task-1,left,Fz,revision_v2,15.625,-0.00012248793402221808
VisualCogB_Task-1,left,Fz,revision_v2,23.4375,-0.0011589827414300845
VisualCogB_Task-1,left,Fz,revision_v2,31.25,-0.0030559866380895904
VisualCogB_Task-1,left,Fz,revision_v2,39.0625,-0.005405310844170887
VisualCogB_Task-1,left,Fz,revision_v2,46.875,-0.007481760016681196
VisualCogB_Task-1,left,Fz,revision_v2,54.6875,-0.00867830714291663
VisualCogB_Task-1,left,Fz,revision_v2,62.5,-0.008816912663498742
VisualCogB_Task-1,left,Fz,revision_v2,70.3125,-0.00812937472959517
VisualCogB_Task-1,left,Fz,revision_v2,78.125,-0.007014216761491004
VisualCogB_Task-1,left,Fz,revision_v2,85.9375,-0.005805327026211388
VisualCogB_Task-1,left,Fz,revision_v2,93.75,-0.004684438106384726
VisualCogB_Task-1,left,Fz,revision_v2,101.5625,-0.0037132903808856374
VisualCogB_Task-1,left,Fz,revision_v2,109.375,-0.0028976710949947843
VisualCogB_Task-1,left,Fz,revision_v2,117.1875,-0.0022275485280774158
VisualCogB_Task-1,left,Fz,revision_v2,125.0,-0.001688347022454137
VisualCogB_Task-1,left,Fz,revision_v2,132.8125,-0.0012611864082919808
VisualCogB_Task-1,left,Fz,revision_v2,140.625,-0.0009235184787559145
VisualCogB_Task-1,left,Fz,revision_v2,148.4375,-0.0006522419569550641
VisualCogB_Task-1,left,Fz,revision_v2,156.25,-0.00042788995145084344
VisualCogB_Task-1,left,Fz,revision_v2,164.0625,-0.000240163557050275
VisualCogB_Task-1,left,Fz,revision_v2,171.875,-9.059359754367775e-05
VisualCogB_Task-1,left,Fz,revision_v2,179.6875,1.5396631292068333e-05
VisualCogB_Task-1,left,Fz,revision_v2,187.5,8.888502657728183e-05
VisualCogB_Task-1,left,Fz,revision_v2,195.3125,0.0001688917318241171
VisualCogB_Task-1,left,Fz,revision_v2,203.125,0.0002916710205906669
VisualCogB_Task-1,left,Fz,revision_v2,210.9375,0.00041742700231404235
VisualCogB_Task-1,left,Fz,revision_v2,218.75,0.000389148780699469
VisualCogB_Task-1,left,Fz,revision_v2,226.5625,1.625786050289233e-05
VisualCogB_Task-1,left,Fz,revision_v2,234.375,-0.0007432778721488107
VisualCogB_Task-1,left,Fz,revision_v2,242.1875,-0.0016776453036275716
VisualCogB_Task-1,left,Fz,revision_v2,250.0,-0.0024213212194843067
VisualCogB_Task-1,left,Fz,revision_v2,257.8125,-0.002682176356223299
VisualCogB_Task-1,left,Fz,revision_v2,265.625,-0.0023979000762108468
VisualCogB_Task-1,left,Fz,revision_v2,273.4375,-0.001716986047967321
VisualCogB_Task-1,left,Fz,revision_v2,281.25,-0.0008646134420529769
VisualCogB_Task-1,left,Fz,revision_v2,289.0625,-2.092255942491195e-05
VisualCogB_Task-1,left,Fz,revision_v2,296.875,0.0007213854590084072
VisualCogB_Task-1,left,Fz,revision_v2,304.6875,0.0013356659698589215
VisualCogB_Task-1,left,Fz,revision_v2,312.5,0.0018253445486352254
VisualCogB_Task-1,left,Fz,revision_v2,320.3125,0.002201943459342517
VisualCogB_Task-1,left,Fz,revision_v2,328.125,0.0024794633170887787
VisualCogB_Task-1,left,Fz,revision_v2,335.9375,0.002673864190733788
VisualCogB_Task-1,left,Fz,revision_v2,343.75,0.0028020288058251013
VisualCogB_Task-1,left,Fz,revision_v2,351.5625,0.002879007009262144
VisualCogB_Task-1,left,Fz,revision_v2,359.375,0.002916701185986827
VisualCogB_Task-1,left,Fz,revision_v2,367.1875,0.002923685213214054
VisualCogB_Task-1,left,Fz,revision_v2,375.0,0.002906480649245018
VisualCogB_Task-1,left,Fz,revision_v2,382.8125,0.0028701486108128494
VisualCogB_Task-1,left,Fz,revision_v2,390.625,0.00281898814014335
VisualCogB_Task-1,left,Fz,revision_v2,398.4375,0.0027563540575027616
VisualCogB_Task-1,left,Fz,revision_v2,406.25,0.0026850522288604274
VisualCogB_Task-1,left,Fz,revision_v2,414.0625,0.002607184637388288
VisualCogB_Task-1,left,Fz,revision_v2,421.875,0.0025246199253275486
VisualCogB_Task-1,left,Fz,revision_v2,429.6875,0.002438777510974556
VisualCogB_Task-1,left,Fz,revision_v2,437.5,0.0023509973829739677
VisualCogB_Task-1,left,Fz,revision_v2,445.3125,0.002262239207441992
VisualCogB_Task-1,left,Fz,revision_v2,453.125,0.002173443390125614
VisualCogB_Task-1,left,Fz,revision_v2,460.9375,0.002085222709553312
VisualCogB_Task-1,left,Fz,revision_v2,468.75,0.0019982261706558446
VisualCogB_Task-1,left,Fz,revision_v2,476.5625,0.0019128083951904485
VisualCogB_Task-1,left,Fz,revision_v2,484.375,0.0018293966291287541
VisualCogB_Task-1,left,Fz,revision_v2,492.1875,0.0017481527318717327
VisualCogB_Task-1,left,Fz,revision_v2,500.0,0.0016693523478656812
VisualCogB_Task-1,left,Fz,revision_v2,507.8125,0.001593035138141322
VisualCogB_Task-1,left,Fz,revision_v2,515.625,0.0015193840785615311
VisualCogB_Task-1,left,Fz,revision_v2,523.4375,0.0014483559155850539
VisualCogB_Task-1,left,Fz,revision_v2,531.25,0.0013800646860911518
VisualCogB_Task-1,left,Fz,revision_v2,539.0625,0.0013144054941971702
VisualCogB_Task-1,left,Fz,revision_v2,546.875,0.001251449505171904
VisualCogB_Task-1,left,Fz,revision_v2,554.6875,0.0011910553841623034
VisualCogB_Task-1,left,Fz,revision_v2,562.5,0.001133267276723511
VisualCogB_Task-1,left,Fz,revision_v2,570.3125,0.0010779161978978697
VisualCogB_Task-1,left,Fz,revision_v2,578.125,0.0010250301085141615
VisualCogB_Task-1,left,Fz,revision_v2,585.9375,0.0009744275050340815
VisualCogB_Task-1,left,Fz,revision_v2,593.75,0.000926131463718379
VisualCogB_Task-1,left,Fz,revision_v2,601.5625,0.00087995017646773
VisualCogB_Task-1,left,Fz,revision_v2,609.375,0.000835902218608547
VisualCogB_Task-1,left,Fz,revision_v2,617.1875,0.0007937954047545873
VisualCogB_Task-1,left,Fz,revision_v2,625.0,0.0007536615874047575
VisualCogB_Task-1,left,Fz,revision_v2,632.8125,0.0007153170834492362
VisualCogB_Task-1,left,Fz,revision_v2,640.625,0.000678792708326917
VisualCogB_Task-1,left,Fz,revision_v2,648.4375,0.0006438857357540965
VisualCogB_Task-1,left,Fz,revision_v2,656.25,0.000610620751580163
VisualCogB_Task-1,left,Fz,revision_v2,664.0625,0.0005788258552989207
VisualCogB_Task-1,left,Fz,revision_v2,671.875,0.0005486001669725166
VisualCogB_Task-1,left,Fz,revision_v2,679.6875,0.0005198045493503138
VisualCogB_Task-1,left,Fz,revision_v2,687.5,0.0004924305163190075
VisualCogB_Task-1,left,Fz,revision_v2,695.3125,0.000466113847322301
VisualCogB_Task-1,left,Fz,revision_v2,703.125,0.0004408007462177468
VisualCogB_Task-1,left,Fz,revision_v2,710.9375,0.0004165835453101497
VisualCogB_Task-1,left,Fz,revision_v2,718.75,0.00039416035287152503
VisualCogB_Task-1,left,Fz,revision_v2,726.5625,0.0003736001175539638
VisualCogB_Task-1,left,Fz,revision_v2,734.375,0.00035384295951621924
VisualCogB_Task-1,left,Fz,revision_v2,742.1875,0.0003326100862051047
VisualCogB_Task-1,left,Fz,revision_v2,750.0,0.00030975598592522015
VisualCogB_Task-1,left,Fz,revision_v2,757.8125,0.00028975612907676334
VisualCogB_Task-1,left,Fz,revision_v2,765.625,0.00027956878246826944
VisualCogB_Task-1,left,Fz,revision_v2,773.4375,0.0002772791742033634
VisualCogB_Task-1,left,Fz,revision_v2,781.25,0.00026302652818010986
VisualCogB_Task-1,left,Fz,revision_v2,789.0625,0.0002084409821668134
VisualCogB_Task-1,left,Fz,revision_v2,796.875,0.0001089085672021177
VisualCogB_Task-1,left,Fz,revision_v3,0.0,0.14266240072546754
VisualCogB_Task-1,left,Fz,revision_v3,7.8125,-0.10820631644220668
VisualCogB_Task-1,left,Fz,revision_v3,15.625,-1.6970984839834458
VisualCogB_Task-1,left,Fz,revision_v3,23.4375,-4.787478427502078
VisualCogB_Task-1,left,Fz,revision_v3,31.25,-8.41997050362617
VisualCogB_Task-1,left,Fz,revision_v3,39.0625,-11.021200560520805
VisualCogB_Task-1,left,Fz,revision_v3,46.875,-11.486958321085487
VisualCogB_Task-1,left,Fz,revision_v3,54.6875,-9.799148013227454
VisualCogB_Task-1,left,Fz,revision_v3,62.5,-6.766330335558807
VisualCogB_Task-1,left,Fz,revision_v3,70.3125,-3.3391851059884683
VisualCogB_Task-1,left,Fz,revision_v3,78.125,-0.14657061483787626
VisualCogB_Task-1,left,Fz,revision_v3,85.9375,2.5657865652229193
VisualCogB_Task-1,left,Fz,revision_v3,93.75,4.767977954055157
VisualCogB_Task-1,left,Fz,revision_v3,101.5625,6.50153817358444
VisualCogB_Task-1,left,Fz,revision_v3,109.375,7.817015951009682
VisualCogB_Task-1,left,Fz,revision_v3,117.1875,8.778026014494426
VisualCogB_Task-1,left,Fz,revision_v3,125.0,9.455542075252742
VisualCogB_Task-1,left,Fz,revision_v3,132.8125,9.923852058196262
VisualCogB_Task-1,left,Fz,revision_v3,140.625,10.24002073955932
VisualCogB_Task-1,left,Fz,revision_v3,148.4375,10.446665982337848
VisualCogB_Task-1,left,Fz,revision_v3,156.25,10.567081173290275
VisualCogB_Task-1,left,Fz,revision_v3,164.0625,10.622319601087353
VisualCogB_Task-1,left,Fz,revision_v3,171.875,10.629933042716017
VisualCogB_Task-1,left,Fz,revision_v3,179.6875,10.61463078920708
VisualCogB_Task-1,left,Fz,revision_v3,187.5,10.587342991749873
VisualCogB_Task-1,left,Fz,revision_v3,195.3125,10.54059475744279
VisualCogB_Task-1,left,Fz,revision_v3,203.125,10.442016368363127
VisualCogB_Task-1,left,Fz,revision_v3,210.9375,10.286920336122863
VisualCogB_Task-1,left,Fz,revision_v3,218.75,10.136841399729676
VisualCogB_Task-1,left,Fz,revision_v3,226.5625,10.124280806079836
VisualCogB_Task-1,left,Fz,revision_v3,234.375,10.354475614212497
VisualCogB_Task-1,left,Fz,revision_v3,242.1875,10.831493626096435
VisualCogB_Task-1,left,Fz,revision_v3,250.0,11.441255238129045
VisualCogB_Task-1,left,Fz,revision_v3,257.8125,12.03588104356296
VisualCogB_Task-1,left,Fz,revision_v3,265.625,12.493475603977746
VisualCogB_Task-1,left,Fz,revision_v3,273.4375,12.761401027974426
VisualCogB_Task-1,left,Fz,revision_v3,281.25,12.829135539720586
VisualCogB_Task-1,left,Fz,revision_v3,289.0625,12.718758602792013
VisualCogB_Task-1,left,Fz,revision_v3,296.875,12.452614864607845
VisualCogB_Task-1,left,Fz,revision_v3,304.6875,12.063541831719995
VisualCogB_Task-1,left,Fz,revision_v3,312.5,11.57786816294571
VisualCogB_Task-1,left,Fz,revision_v3,320.3125,11.03161411475719
VisualCogB_Task-1,left,Fz,revision_v3,328.125,10.452097161174844
VisualCogB_Task-1,left,Fz,revision_v3,335.9375,9.874087520719726
VisualCogB_Task-1,left,Fz,revision_v3,343.75,9.321349517551877
VisualCogB_Task-1,left,Fz,revision_v3,351.5625,8.824455120084412
VisualCogB_Task-1,left,Fz,revision_v3,359.375,8.401910720501586
VisualCogB_Task-1,left,Fz,revision_v3,367.1875,8.078401131954251
VisualCogB_Task-1,left,Fz,revision_v3,375.0,7.864908813199849
VisualCogB_Task-1,left,Fz,revision_v3,382.8125,7.777662498080606
VisualCogB_Task-1,left,Fz,revision_v3,390.625,7.817984549770879
VisualCogB_Task-1,left,Fz,revision_v3,398.4375,7.992614988281401
VisualCogB_Task-1,left,Fz,revision_v3,406.25,8.293571459341162
VisualCogB_Task-1,left,Fz,revision_v3,414.0625,8.719621477232947
VisualCogB_Task-1,left,Fz,revision_v3,421.875,9.255728927949335
VisualCogB_Task-1,left,Fz,revision_v3,429.6875,9.895379442546837
VisualCogB_Task-1,left,Fz,revision_v3,437.5,10.619540788503517
VisualCogB_Task-1,left,Fz,revision_v3,445.3125,11.419717666389563
VisualCogB_Task-1,left,Fz,revision_v3,453.125,12.276100369581195
VisualCogB_Task-1,left,Fz,revision_v3,460.9375,13.180941345994881
VisualCogB_Task-1,left,Fz,revision_v3,468.75,14.115711648294612
VisualCogB_Task-1,left,Fz,revision_v3,476.5625,15.074873212935982
VisualCogB_Task-1,left,Fz,revision_v3,484.375,16.042210737977896
VisualCogB_Task-1,left,Fz,revision_v3,492.1875,17.01505901298391
VisualCogB_Task-1,left,Fz,revision_v3,500.0,17.979804468436072
VisualCogB_Task-1,left,Fz,revision_v3,507.8125,18.93659477392518
VisualCogB_Task-1,left,Fz,revision_v3,515.625,19.874122572620188
VisualCogB_Task-1,left,Fz,revision_v3,523.4375,20.79491519273987
VisualCogB_Task-1,left,Fz,revision_v3,531.25,21.689461574736058
VisualCogB_Task-1,left,Fz,revision_v3,539.0625,22.56211586670839
VisualCogB_Task-1,left,Fz,revision_v3,546.875,23.40461885523326
VisualCogB_Task-1,left,Fz,revision_v3,554.6875,24.22264061722248
VisualCogB_Task-1,left,Fz,revision_v3,562.5,25.008695069368088
VisualCogB_Task-1,left,Fz,revision_v3,570.3125,25.76931573087151
VisualCogB_Task-1,left,Fz,revision_v3,578.125,26.497406390590676
VisualCogB_Task-1,left,Fz,revision_v3,585.9375,27.20006336610804
VisualCogB_Task-1,left,Fz,revision_v3,593.75,27.870270391952275
VisualCogB_Task-1,left,Fz,revision_v3,601.5625,28.515252103734078
VisualCogB_Task-1,left,Fz,revision_v3,609.375,29.127657933983244
VisualCogB_Task-1,left,Fz,revision_v3,617.1875,29.714892846355554
VisualCogB_Task-1,left,Fz,revision_v3,625.0,30.26997886328784
VisualCogB_Task-1,left,Fz,revision_v3,632.8125,30.801011479578996
VisualCogB_Task-1,left,Fz,revision_v3,640.625,31.30014467362067
VisualCogB_Task-1,left,Fz,revision_v3,648.4375,31.773111174712646
VisualCogB_Task-1,left,Fz,revision_v3,656.25,32.209880710361865
VisualCogB_Task-1,left,Fz,revision_v3,664.0625,32.619183450673944
VisualCogB_Task-1,left,Fz,revision_v3,671.875,32.99923592113535
VisualCogB_Task-1,left,Fz,revision_v3,679.6875,33.36354068099546
VisualCogB_Task-1,left,Fz,revision_v3,687.5,33.69665610087561
VisualCogB_Task-1,left,Fz,revision_v3,695.3125,33.982836026087035
VisualCogB_Task-1,left,Fz,revision_v3,703.125,34.19776319902621
VisualCogB_Task-1,left,Fz,revision_v3,710.9375,34.38278063371772
VisualCogB_Task-1,left,Fz,revision_v3,718.75,34.61205893061493
VisualCogB_Task-1,left,Fz,revision_v3,726.5625,34.92958381141549
VisualCogB_Task-1,left,Fz,revision_v3,734.375,35.18262366237978
VisualCogB_Task-1,left,Fz,revision_v3,742.1875,35.09974801387802
VisualCogB_Task-1,left,Fz,revision_v3,750.0,34.62759723370285
VisualCogB_Task-1,left,Fz,revision_v3,757.8125,34.37210782991299
VisualCogB_Task-1,left,Fz,revision_v3,765.625,35.245798345421896
VisualCogB_Task-1,left,Fz,revision_v3,773.4375,37.084717834064854
VisualCogB_Task-1,left,Fz,revision_v3,781.25,37.29382263502857
VisualCogB_Task-1,left,Fz,revision_v3,789.0625,32.083779991018794
VisualCogB_Task-1,left,Fz,revision_v3,796.875,20.577693993844626
VisualCogB_Task-1,left,F4,measured,0.0,0.3220967431296745
VisualCogB_Task-1,left,F4,measured,7.8125,0.5059058169864858
VisualCogB_Task-1,left,F4,measured,15.625,1.4098411868312495
VisualCogB_Task-1,left,F4,measured,23.4375,2.7729153247475224
VisualCogB_Task-1,left,F4,measured,31.25,3.9792322239848907
VisualCogB_Task-1,left,F4,measured,39.0625,4.604400531266865
VisualCogB_Task-1,left,F4,measured,46.875,4.605948973524727
VisualCogB_Task-1,left,F4,measured,54.6875,4.227933556150758
VisualCogB_Task-1,left,F4,measured,62.5,3.857471385164902
VisualCogB_Task-1,left,F4,measured,70.3125,3.7660326531798702
VisualCogB_Task-1,left,F4,measured,78.125,3.7500253838608173
VisualCogB_Task-1,left,F4,measured,85.9375,3.4564842234904325
VisualCogB_Task-1,left,F4,measured,93.75,3.0456689184602794
VisualCogB_Task-1,left,F4,measured,101.5625,3.0909599701409305
VisualCogB_Task-1,left,F4,measured,109.375,3.7123735833645957
VisualCogB_Task-1,left,F4,measured,117.1875,4.370381877205204
VisualCogB_Task-1,left,F4,measured,125.0,4.564020789460328
VisualCogB_Task-1,left,F4,measured,132.8125,4.427390418359023
VisualCogB_Task-1,left,F4,measured,140.625,4.371570128997071
VisualCogB_Task-1,left,F4,measured,148.4375,4.6069652472997875
VisualCogB_Task-1,left,F4,measured,156.25,5.1166837063562145
VisualCogB_Task-1,left,F4,measured,164.0625,5.847943986751263
VisualCogB_Task-1,left,F4,measured,171.875,6.680471679004733
VisualCogB_Task-1,left,F4,measured,179.6875,7.359221903506355
VisualCogB_Task-1,left,F4,measured,187.5,7.613774502743734
VisualCogB_Task-1,left,F4,measured,195.3125,7.494572202216408
VisualCogB_Task-1,left,F4,measured,203.125,7.330236307491693
VisualCogB_Task-1,left,F4,measured,210.9375,7.39464261962436
VisualCogB_Task-1,left,F4,measured,218.75,7.64161069154495
VisualCogB_Task-1,left,F4,measured,226.5625,7.856269881157541
VisualCogB_Task-1,left,F4,measured,234.375,7.94811893680586
VisualCogB_Task-1,left,F4,measured,242.1875,8.027899449831937
VisualCogB_Task-1,left,F4,measured,250.0,8.226263124009613
VisualCogB_Task-1,left,F4,measured,257.8125,8.697691794433805
VisualCogB_Task-1,left,F4,measured,265.625,9.542809106528816
VisualCogB_Task-1,left,F4,measured,273.4375,10.665849808287096
VisualCogB_Task-1,left,F4,measured,281.25,11.825181161822382
VisualCogB_Task-1,left,F4,measured,289.0625,12.952475210804995
VisualCogB_Task-1,left,F4,measured,296.875,14.144507734538053
VisualCogB_Task-1,left,F4,measured,304.6875,15.341806523137997
VisualCogB_Task-1,left,F4,measured,312.5,16.213792020395047
VisualCogB_Task-1,left,F4,measured,320.3125,16.580329421810674
VisualCogB_Task-1,left,F4,measured,328.125,16.674849048853492
VisualCogB_Task-1,left,F4,measured,335.9375,16.90728380854749
VisualCogB_Task-1,left,F4,measured,343.75,17.328746102782713
VisualCogB_Task-1,left,F4,measured,351.5625,17.618637191797138
VisualCogB_Task-1,left,F4,measured,359.375,17.48691046619356
VisualCogB_Task-1,left,F4,measured,367.1875,16.936050485052455
VisualCogB_Task-1,left,F4,measured,375.0,16.094781547824393
VisualCogB_Task-1,left,F4,measured,382.8125,15.099587779701551
VisualCogB_Task-1,left,F4,measured,390.625,14.14899774096126
VisualCogB_Task-1,left,F4,measured,398.4375,13.573115503366413
VisualCogB_Task-1,left,F4,measured,406.25,13.491597289199015
VisualCogB_Task-1,left,F4,measured,414.0625,13.635756884094699
VisualCogB_Task-1,left,F4,measured,421.875,13.548947218595004
VisualCogB_Task-1,left,F4,measured,429.6875,12.985642379022773
VisualCogB_Task-1,left,F4,measured,437.5,12.138893373839018
VisualCogB_Task-1,left,F4,measured,445.3125,11.548819692665157
VisualCogB_Task-1,left,F4,measured,453.125,11.569296165917319
VisualCogB_Task-1,left,F4,measured,460.9375,12.029780152358176
VisualCogB_Task-1,left,F4,measured,468.75,12.482180488863726
VisualCogB_Task-1,left,F4,measured,476.5625,12.83956820468038
VisualCogB_Task-1,left,F4,measured,484.375,13.431339081277294
VisualCogB_Task-1,left,F4,measured,492.1875,14.54126030043746
VisualCogB_Task-1,left,F4,measured,500.0,16.181723782727353
VisualCogB_Task-1,left,F4,measured,507.8125,18.362185085977778
VisualCogB_Task-1,left,F4,measured,515.625,21.011338804744145
VisualCogB_Task-1,left,F4,measured,523.4375,23.63157391549056
VisualCogB_Task-1,left,F4,measured,531.25,25.50222014710978
VisualCogB_Task-1,left,F4,measured,539.0625,26.44445509666101
VisualCogB_Task-1,left,F4,measured,546.875,26.992969138281428
VisualCogB_Task-1,left,F4,measured,554.6875,27.850435701912097
VisualCogB_Task-1,left,F4,measured,562.5,29.15958010348751
VisualCogB_Task-1,left,F4,measured,570.3125,30.577968456145143
VisualCogB_Task-1,left,F4,measured,578.125,31.918739109066458
VisualCogB_Task-1,left,F4,measured,585.9375,33.37785610437584
VisualCogB_Task-1,left,F4,measured,593.75,35.10407768699989
VisualCogB_Task-1,left,F4,measured,601.5625,37.03177676469112
VisualCogB_Task-1,left,F4,measured,609.375,38.94011814589223
VisualCogB_Task-1,left,F4,measured,617.1875,40.675825861519215
VisualCogB_Task-1,left,F4,measured,625.0,42.38272198580742
VisualCogB_Task-1,left,F4,measured,632.8125,44.56720574937339
VisualCogB_Task-1,left,F4,measured,640.625,47.62978716075726
VisualCogB_Task-1,left,F4,measured,648.4375,51.24921694203292
VisualCogB_Task-1,left,F4,measured,656.25,54.314054678762105
VisualCogB_Task-1,left,F4,measured,664.0625,55.95160383259737
VisualCogB_Task-1,left,F4,measured,671.875,56.49123626114549
VisualCogB_Task-1,left,F4,measured,679.6875,57.043037258996456
VisualCogB_Task-1,left,F4,measured,687.5,58.03900951089827
VisualCogB_Task-1,left,F4,measured,695.3125,58.73368480926159
VisualCogB_Task-1,left,F4,measured,703.125,58.122766077987286
VisualCogB_Task-1,left,F4,measured,710.9375,56.18958023451428
VisualCogB_Task-1,left,F4,measured,718.75,54.005636890670566
VisualCogB_Task-1,left,F4,measured,726.5625,52.64957952059663
VisualCogB_Task-1,left,F4,measured,734.375,52.06655170300272
VisualCogB_Task-1,left,F4,measured,742.1875,51.37472504734954
VisualCogB_Task-1,left,F4,measured,750.0,50.02740462267054
VisualCogB_Task-1,left,F4,measured,757.8125,48.271997983468225
VisualCogB_Task-1,left,F4,measured,765.625,46.615853282958305
VisualCogB_Task-1,left,F4,measured,773.4375,45.46276770904971
VisualCogB_Task-1,left,F4,measured,781.25,44.99567498084564
VisualCogB_Task-1,left,F4,measured,789.0625,45.03879509587662
VisualCogB_Task-1,left,F4,measured,796.875,44.965769022790674
VisualCogB_Task-1,left,F4,revision,0.0,-0.14242613499689805
VisualCogB_Task-1,left,F4,revision,7.8125,-0.19474505723086244
VisualCogB_Task-1,left,F4,revision,15.625,-0.05851921882345357
VisualCogB_Task-1,left,F4,revision,23.4375,0.5323310694840004
VisualCogB_Task-1,left,F4,revision,31.25,1.7652672975764014
VisualCogB_Task-1,left,F4,revision,39.0625,3.613798895985411
VisualCogB_Task-1,left,F4,revision,46.875,5.8442016060233115
VisualCogB_Task-1,left,F4,revision,54.6875,8.149873550196098
VisualCogB_Task-1,left,F4,revision,62.5,10.285361826942323
VisualCogB_Task-1,left,F4,revision,70.3125,12.12535190688662
VisualCogB_Task-1,left,F4,revision,78.125,13.641763106236267
VisualCogB_Task-1,left,F4,revision,85.9375,14.861764107542662
VisualCogB_Task-1,left,F4,revision,93.75,15.829008256025718
VisualCogB_Task-1,left,F4,revision,101.5625,16.592018777123496
VisualCogB_Task-1,left,F4,revision,109.375,17.19327321967961
VisualCogB_Task-1,left,F4,revision,117.1875,17.67145953924849
VisualCogB_Task-1,left,F4,revision,125.0,18.053984261253376
VisualCogB_Task-1,left,F4,revision,132.8125,18.363488040650402
VisualCogB_Task-1,left,F4,revision,140.625,18.613196368580276
VisualCogB_Task-1,left,F4,revision,148.4375,18.815157082458896
VisualCogB_Task-1,left,F4,revision,156.25,18.972833492615912
VisualCogB_Task-1,left,F4,revision,164.0625,19.08935381246705
VisualCogB_Task-1,left,F4,revision,171.875,19.163948519064988
VisualCogB_Task-1,left,F4,revision,179.6875,19.207329115366605
VisualCogB_Task-1,left,F4,revision,187.5,19.233046179386285
VisualCogB_Task-1,left,F4,revision,195.3125,19.25056397432815
VisualCogB_Task-1,left,F4,revision,203.125,19.23174296582118
VisualCogB_Task-1,left,F4,revision,210.9375,19.120236924565738
VisualCogB_Task-1,left,F4,revision,218.75,18.867767358990356
VisualCogB_Task-1,left,F4,revision,226.5625,18.506197879716012
VisualCogB_Task-1,left,F4,revision,234.375,18.141431078887486
VisualCogB_Task-1,left,F4,revision,242.1875,17.89348378747858
VisualCogB_Task-1,left,F4,revision,250.0,17.807229047227814
VisualCogB_Task-1,left,F4,revision,257.8125,17.850228803100954
VisualCogB_Task-1,left,F4,revision,265.625,17.943931283638346
VisualCogB_Task-1,left,F4,revision,273.4375,18.025320165381515
VisualCogB_Task-1,left,F4,revision,281.25,18.054770646089963
VisualCogB_Task-1,left,F4,revision,289.0625,18.024451341938384
VisualCogB_Task-1,left,F4,revision,296.875,17.932350288489012
VisualCogB_Task-1,left,F4,revision,304.6875,17.788044793490926
VisualCogB_Task-1,left,F4,revision,312.5,17.595695546519124
VisualCogB_Task-1,left,F4,revision,320.3125,17.367739053784266
VisualCogB_Task-1,left,F4,revision,328.125,17.109017576790507
VisualCogB_Task-1,left,F4,revision,335.9375,16.83081670757572
VisualCogB_Task-1,left,F4,revision,343.75,16.534863583580833
VisualCogB_Task-1,left,F4,revision,351.5625,16.229284846934977
VisualCogB_Task-1,left,F4,revision,359.375,15.913014257682056
VisualCogB_Task-1,left,F4,revision,367.1875,15.59259159030398
VisualCogB_Task-1,left,F4,revision,375.0,15.265691558614526
VisualCogB_Task-1,left,F4,revision,382.8125,14.938210311301457
VisualCogB_Task-1,left,F4,revision,390.625,14.607050905159527
VisualCogB_Task-1,left,F4,revision,398.4375,14.277777364621707
VisualCogB_Task-1,left,F4,revision,406.25,13.946803392050631
VisualCogB_Task-1,left,F4,revision,414.0625,13.619596839636044
VisualCogB_Task-1,left,F4,revision,421.875,13.29223798117126
VisualCogB_Task-1,left,F4,revision,429.6875,12.970166425162168
VisualCogB_Task-1,left,F4,revision,437.5,12.649154730047371
VisualCogB_Task-1,left,F4,revision,445.3125,12.334632260012842
VisualCogB_Task-1,left,F4,revision,453.125,12.022096117103372
VisualCogB_Task-1,left,F4,revision,460.9375,11.71699528815708
VisualCogB_Task-1,left,F4,revision,468.75,11.414573168076602
VisualCogB_Task-1,left,F4,revision,476.5625,11.12030770856846
VisualCogB_Task-1,left,F4,revision,484.375,10.829203507975775
VisualCogB_Task-1,left,F4,revision,492.1875,10.546787076553573
VisualCogB_Task-1,left,F4,revision,500.0,10.267846856836167
VisualCogB_Task-1,left,F4,revision,507.8125,9.997968703260629
VisualCogB_Task-1,left,F4,revision,515.625,9.731732103362665
VisualCogB_Task-1,left,F4,revision,523.4375,9.474792345952407
VisualCogB_Task-1,left,F4,revision,531.25,9.221543956198353
VisualCogB_Task-1,left,F4,revision,539.0625,8.97773327360043
VisualCogB_Task-1,left,F4,revision,546.875,8.737578366495233
VisualCogB_Task-1,left,F4,revision,554.6875,8.506907048477403
VisualCogB_Task-1,left,F4,revision,562.5,8.279756868452376
VisualCogB_Task-1,left,F4,revision,570.3125,8.062051357993939
VisualCogB_Task-1,left,F4,revision,578.125,7.84768082125267
VisualCogB_Task-1,left,F4,revision,585.9375,7.642687997049721
VisualCogB_Task-1,left,F4,revision,593.75,7.440811271345519
VisualCogB_Task-1,left,F4,revision,601.5625,7.248179211227969
VisualCogB_Task-1,left,F4,revision,609.375,7.058359609970871
VisualCogB_Task-1,left,F4,revision,617.1875,6.877610559919857
VisualCogB_Task-1,left,F4,revision,625.0,6.6994388578855295
VisualCogB_Task-1,left,F4,revision,632.8125,6.530292170889128
VisualCogB_Task-1,left,F4,revision,640.625,6.363467672046513
VisualCogB_Task-1,left,F4,revision,648.4375,6.205263798472116
VisualCogB_Task-1,left,F4,revision,656.25,6.048647267251214
VisualCogB_Task-1,left,F4,revision,664.0625,5.9003811685531975
VisualCogB_Task-1,left,F4,revision,671.875,5.7542394864042565
VisualCogB_Task-1,left,F4,revision,679.6875,5.617598173491331
VisualCogB_Task-1,left,F4,revision,687.5,5.482603738142184
VisualCogB_Task-1,left,F4,revision,695.3125,5.35355545112172
VisualCogB_Task-1,left,F4,revision,703.125,5.221595541521384
VisualCogB_Task-1,left,F4,revision,710.9375,5.097423250086891
VisualCogB_Task-1,left,F4,revision,718.75,4.982728512713965
VisualCogB_Task-1,left,F4,revision,726.5625,4.88831184420673
VisualCogB_Task-1,left,F4,revision,734.375,4.790783445046063
VisualCogB_Task-1,left,F4,revision,742.1875,4.666972410609555
VisualCogB_Task-1,left,F4,revision,750.0,4.505136674261415
VisualCogB_Task-1,left,F4,revision,757.8125,4.378338510404271
VisualCogB_Task-1,left,F4,revision,765.625,4.378480760087462
VisualCogB_Task-1,left,F4,revision,773.4375,4.491504574203313
VisualCogB_Task-1,left,F4,revision,781.25,4.4259666839293486
VisualCogB_Task-1,left,F4,revision,789.0625,3.7796769363447393
VisualCogB_Task-1,left,F4,revision,796.875,2.4618180357925143
VisualCogB_Task-1,left,F4,revision_v2,0.0,-0.0005553441797730221
VisualCogB_Task-1,left,F4,revision_v2,7.8125,-0.00012173157250119915
VisualCogB_Task-1,left,F4,revision_v2,15.625,-0.0003041574128506627
VisualCogB_Task-1,left,F4,revision_v2,23.4375,-0.0020820807909795493
VisualCogB_Task-1,left,F4,revision_v2,31.25,-0.005089174530647153
VisualCogB_Task-1,left,F4,revision_v2,39.0625,-0.0063532424089245
VisualCogB_Task-1,left,F4,revision_v2,46.875,-0.001181093934191725
VisualCogB_Task-1,left,F4,revision_v2,54.6875,0.01367806813639634
VisualCogB_Task-1,left,F4,revision_v2,62.5,0.03714568568510759
VisualCogB_Task-1,left,F4,revision_v2,70.3125,0.06407282630607308
VisualCogB_Task-1,left,F4,revision_v2,78.125,0.08832964278616515
VisualCogB_Task-1,left,F4,revision_v2,85.9375,0.10598880138663536
VisualCogB_Task-1,left,F4,revision_v2,93.75,0.1163179484324608
VisualCogB_Task-1,left,F4,revision_v2,101.5625,0.12079052890245731
VisualCogB_Task-1,left,F4,revision_v2,109.375,0.12148191274479617
VisualCogB_Task-1,left,F4,revision_v2,117.1875,0.12011598383913905
VisualCogB_Task-1,left,F4,revision_v2,125.0,0.1178134592390094
VisualCogB_Task-1,left,F4,revision_v2,132.8125,0.11528138775751318
VisualCogB_Task-1,left,F4,revision_v2,140.625,0.11294197217508298
VisualCogB_Task-1,left,F4,revision_v2,148.4375,0.11104903196627319
VisualCogB_Task-1,left,F4,revision_v2,156.25,0.10967831162043648
VisualCogB_Task-1,left,F4,revision_v2,164.0625,0.10880427270523019
VisualCogB_Task-1,left,F4,revision_v2,171.875,0.10829391157290127
VisualCogB_Task-1,left,F4,revision_v2,179.6875,0.10801149132242688
VisualCogB_Task-1,left,F4,revision_v2,187.5,0.10784935513623331
VisualCogB_Task-1,left,F4,revision_v2,195.3125,0.10784537824885318
VisualCogB_Task-1,left,F4,revision_v2,203.125,0.10806906929935892
VisualCogB_Task-1,left,F4,revision_v2,210.9375,0.10845227430281845
VisualCogB_Task-1,left,F4,revision_v2,218.75,0.10854077331762665
VisualCogB_Task-1,left,F4,revision_v2,226.5625,0.10779510191311281
VisualCogB_Task-1,left,F4,revision_v2,234.375,0.10629622993066357
VisualCogB_Task-1,left,F4,revision_v2,242.1875,0.1054563837655382
VisualCogB_Task-1,left,F4,revision_v2,250.0,0.10747734821352414
VisualCogB_Task-1,left,F4,revision_v2,257.8125,0.11376753870750944
VisualCogB_Task-1,left,F4,revision_v2,265.625,0.12347528113396725
VisualCogB_Task-1,left,F4,revision_v2,273.4375,0.13385318464719997
VisualCogB_Task-1,left,F4,revision_v2,281.25,0.14187703500676177
VisualCogB_Task-1,left,F4,revision_v2,289.0625,0.1458771681066618
VisualCogB_Task-1,left,F4,revision_v2,296.875,0.14582070791586246
VisualCogB_Task-1,left,F4,revision_v2,304.6875,0.1427490619819788
VisualCogB_Task-1,left,F4,revision_v2,312.5,0.13786054395821143
VisualCogB_Task-1,left,F4,revision_v2,320.3125,0.1321243032355853
VisualCogB_Task-1,left,F4,revision_v2,328.125,0.12612460092479763
VisualCogB_Task-1,left,F4,revision_v2,335.9375,0.12024960342348176
VisualCogB_Task-1,left,F4,revision_v2,343.75,0.11469190035872937
VisualCogB_Task-1,left,F4,revision_v2,351.5625,0.10957875146907523
VisualCogB_Task-1,left,F4,revision_v2,359.375,0.10490110891947238
VisualCogB_Task-1,left,F4,revision_v2,367.1875,0.10063854524187368
VisualCogB_Task-1,left,F4,revision_v2,375.0,0.09669717966871891
VisualCogB_Task-1,left,F4,revision_v2,382.8125,0.09303279854591542
VisualCogB_Task-1,left,F4,revision_v2,390.625,0.08956169473388861
VisualCogB_Task-1,left,F4,revision_v2,398.4375,0.08626364686836135
VisualCogB_Task-1,left,F4,revision_v2,406.25,0.08307711920546343
VisualCogB_Task-1,left,F4,revision_v2,414.0625,0.08000294987480283
VisualCogB_Task-1,left,F4,revision_v2,421.875,0.07699665220207845
VisualCogB_Task-1,left,F4,revision_v2,429.6875,0.07407533448394932
VisualCogB_Task-1,left,F4,revision_v2,437.5,0.07120594513675174
VisualCogB_Task-1,left,F4,revision_v2,445.3125,0.06841517611002634
VisualCogB_Task-1,left,F4,revision_v2,453.125,0.06567487157727173
VisualCogB_Task-1,left,F4,revision_v2,460.9375,0.06301597109517909
VisualCogB_Task-1,left,F4,revision_v2,468.75,0.06041135456506868
VisualCogB_Task-1,left,F4,revision_v2,476.5625,0.05789348680201616
VisualCogB_Task-1,left,F4,revision_v2,484.375,0.05543443406625886
VisualCogB_Task-1,left,F4,revision_v2,492.1875,0.05306698447944332
VisualCogB_Task-1,left,F4,revision_v2,500.0,0.050761661321737386
VisualCogB_Task-1,left,F4,revision_v2,507.8125,0.048551075260325066
VisualCogB_Task-1,left,F4,revision_v2,515.625,0.04640389079307286
VisualCogB_Task-1,left,F4,revision_v2,523.4375,0.04435243840057397
VisualCogB_Task-1,left,F4,revision_v2,531.25,0.04236369502913261
VisualCogB_Task-1,left,F4,revision_v2,539.0625,0.04046999382722003
VisualCogB_Task-1,left,F4,revision_v2,546.875,0.03863685364977301
VisualCogB_Task-1,left,F4,revision_v2,554.6875,0.03689669701869964
VisualCogB_Task-1,left,F4,revision_v2,562.5,0.0352136799703966
VisualCogB_Task-1,left,F4,revision_v2,570.3125,0.03362053057194084
VisualCogB_Task-1,left,F4,revision_v2,578.125,0.03208037951811399
VisualCogB_Task-1,left,F4,revision_v2,585.9375,0.03062651535248897
VisualCogB_Task-1,left,F4,revision_v2,593.75,0.02922111501101885
VisualCogB_Task-1,left,F4,revision_v2,601.5625,0.027897966660693153
VisualCogB_Task-1,left,F4,revision_v2,609.375,0.02661834049943581
VisualCogB_Task-1,left,F4,revision_v2,617.1875,0.025416788188410776
VisualCogB_Task-1,left,F4,revision_v2,625.0,0.0242540648134736
VisualCogB_Task-1,left,F4,revision_v2,632.8125,0.02316564940996287
VisualCogB_Task-1,left,F4,revision_v2,640.625,0.022111429342687713
VisualCogB_Task-1,left,F4,revision_v2,648.4375,0.021127080176572038
VisualCogB_Task-1,left,F4,revision_v2,656.25,0.020171452664072668
VisualCogB_Task-1,left,F4,revision_v2,664.0625,0.019281837959932185
VisualCogB_Task-1,left,F4,revision_v2,671.875,0.018418502996216425
VisualCogB_Task-1,left,F4,revision_v2,679.6875,0.017620550753743247
VisualCogB_Task-1,left,F4,revision_v2,687.5,0.016844328122932736
VisualCogB_Task-1,left,F4,revision_v2,695.3125,0.016122927456073202
VisualCogB_Task-1,left,F4,revision_v2,703.125,0.015410450937563743
VisualCogB_Task-1,left,F4,revision_v2,710.9375,0.014754530589492675
VisualCogB_Task-1,left,F4,revision_v2,718.75,0.014131401789398187
VisualCogB_Task-1,left,F4,revision_v2,726.5625,0.013588715583936713
VisualCogB_Task-1,left,F4,revision_v2,734.375,0.013047975009658503
VisualCogB_Task-1,left,F4,revision_v2,742.1875,0.012485422555720032
VisualCogB_Task-1,left,F4,revision_v2,750.0,0.011849862485674392
VisualCogB_Task-1,left,F4,revision_v2,757.8125,0.011325978771761329
VisualCogB_Task-1,left,F4,revision_v2,765.625,0.011080405552573287
VisualCogB_Task-1,left,F4,revision_v2,773.4375,0.011102342391328374
VisualCogB_Task-1,left,F4,revision_v2,781.25,0.010733244630023987
VisualCogB_Task-1,left,F4,revision_v2,789.0625,0.009149556807060068
VisualCogB_Task-1,left,F4,revision_v2,796.875,0.006160296581562377
VisualCogB_Task-1,left,F4,revision_v3,0.0,-0.10474613364620566
VisualCogB_Task-1,left,F4,revision_v3,7.8125,-0.3419772801499299
VisualCogB_Task-1,left,F4,revision_v3,15.625,-1.7397447753778579
VisualCogB_Task-1,left,F4,revision_v3,23.4375,-4.458859437564348
VisualCogB_Task-1,left,F4,revision_v3,31.25,-7.709712852114208
VisualCogB_Task-1,left,F4,revision_v3,39.0625,-10.150067576976465
VisualCogB_Task-1,left,F4,revision_v3,46.875,-10.738068150504706
VisualCogB_Task-1,left,F4,revision_v3,54.6875,-9.215714435525879
VisualCogB_Task-1,left,F4,revision_v3,62.5,-5.978816785657994
VisualCogB_Task-1,left,F4,revision_v3,70.3125,-1.6723659670908795
VisualCogB_Task-1,left,F4,revision_v3,78.125,3.084446273814562
VisualCogB_Task-1,left,F4,revision_v3,85.9375,7.80688964226948
VisualCogB_Task-1,left,F4,revision_v3,93.75,12.150864945318757
VisualCogB_Task-1,left,F4,revision_v3,101.5625,15.92127319153741
VisualCogB_Task-1,left,F4,revision_v3,109.375,19.04435054591425
VisualCogB_Task-1,left,F4,revision_v3,117.1875,21.544226687446198
VisualCogB_Task-1,left,F4,revision_v3,125.0,23.48629322176782
VisualCogB_Task-1,left,F4,revision_v3,132.8125,24.95789975295732
VisualCogB_Task-1,left,F4,revision_v3,140.625,26.035792167210666
VisualCogB_Task-1,left,F4,revision_v3,148.4375,26.79597885777238
VisualCogB_Task-1,left,F4,revision_v3,156.25,27.296029254549488
VisualCogB_Task-1,left,F4,revision_v3,164.0625,27.595056768359992
VisualCogB_Task-1,left,F4,revision_v3,171.875,27.73886535246448
VisualCogB_Task-1,left,F4,revision_v3,179.6875,27.779521629457413
VisualCogB_Task-1,left,F4,revision_v3,187.5,27.746182198164075
VisualCogB_Task-1,left,F4,revision_v3,195.3125,27.653978946979663
VisualCogB_Task-1,left,F4,revision_v3,203.125,27.48674778308163
VisualCogB_Task-1,left,F4,revision_v3,210.9375,27.256324802463627
VisualCogB_Task-1,left,F4,revision_v3,218.75,27.02273774393767
VisualCogB_Task-1,left,F4,revision_v3,226.5625,26.9122084529919
VisualCogB_Task-1,left,F4,revision_v3,234.375,27.01859392381114
VisualCogB_Task-1,left,F4,revision_v3,242.1875,27.356349353478368
VisualCogB_Task-1,left,F4,revision_v3,250.0,27.830644872801674
VisualCogB_Task-1,left,F4,revision_v3,257.8125,28.32110579031602
VisualCogB_Task-1,left,F4,revision_v3,265.625,28.71159061310598
VisualCogB_Task-1,left,F4,revision_v3,273.4375,28.945593078125174
VisualCogB_Task-1,left,F4,revision_v3,281.25,28.993968059371532
VisualCogB_Task-1,left,F4,revision_v3,289.0625,28.87149998315032
VisualCogB_Task-1,left,F4,revision_v3,296.875,28.5921081685357
VisualCogB_Task-1,left,F4,revision_v3,304.6875,28.19267107267902
VisualCogB_Task-1,left,F4,revision_v3,312.5,27.696111857055367
VisualCogB_Task-1,left,F4,revision_v3,320.3125,27.143308501354916
VisualCogB_Task-1,left,F4,revision_v3,328.125,26.557792855778683
VisualCogB_Task-1,left,F4,revision_v3,335.9375,25.98002103092442
VisualCogB_Task-1,left,F4,revision_v3,343.75,25.430680483754994
VisualCogB_Task-1,left,F4,revision_v3,351.5625,24.946314482326564
VisualCogB_Task-1,left,F4,revision_v3,359.375,24.541276630044514
VisualCogB_Task-1,left,F4,revision_v3,367.1875,24.244985751160556
VisualCogB_Task-1,left,F4,revision_v3,375.0,24.062743964941966
VisualCogB_Task-1,left,F4,revision_v3,382.8125,24.014692232721845
VisualCogB_Task-1,left,F4,revision_v3,390.625,24.09570039965341
VisualCogB_Task-1,left,F4,revision_v3,398.4375,24.3163390949227
VisualCogB_Task-1,left,F4,revision_v3,406.25,24.662039849411848
VisualCogB_Task-1,left,F4,revision_v3,414.0625,25.135838022584768
VisualCogB_Task-1,left,F4,revision_v3,421.875,25.716363399092934
VisualCogB_Task-1,left,F4,revision_v3,429.6875,26.402027144650674
VisualCogB_Task-1,left,F4,revision_v3,437.5,27.167782421785457
VisualCogB_Task-1,left,F4,revision_v3,445.3125,28.010656383464475
VisualCogB_Task-1,left,F4,revision_v3,453.125,28.905010075828134
VisualCogB_Task-1,left,F4,revision_v3,460.9375,29.849045269392807
VisualCogB_Task-1,left,F4,revision_v3,468.75,30.818421137997806
VisualCogB_Task-1,left,F4,revision_v3,476.5625,31.813817242045904
VisualCogB_Task-1,left,F4,revision_v3,484.375,32.81308827595478
VisualCogB_Task-1,left,F4,revision_v3,492.1875,33.81994179135516
VisualCogB_Task-1,left,F4,revision_v3,500.0,34.81463585824878
VisualCogB_Task-1,left,F4,revision_v3,507.8125,35.80378926553715
VisualCogB_Task-1,left,F4,revision_v3,515.625,36.76973476883286
VisualCogB_Task-1,left,F4,revision_v3,523.4375,37.72155035019945
VisualCogB_Task-1,left,F4,revision_v3,531.25,38.643132778928674
VisualCogB_Task-1,left,F4,revision_v3,539.0625,39.54547266158589
VisualCogB_Task-1,left,F4,revision_v3,546.875,40.413499013337756
VisualCogB_Task-1,left,F4,revision_v3,554.6875,41.25961445472872
VisualCogB_Task-1,left,F4,revision_v3,562.5,42.06931551380239
VisualCogB_Task-1,left,F4,revision_v3,570.3125,42.85598514543706
VisualCogB_Task-1,left,F4,revision_v3,578.125,43.60534640457436
VisualCogB_Task-1,left,F4,revision_v3,585.9375,44.331506024966856
VisualCogB_Task-1,left,F4,revision_v3,593.75,45.02009835145542
VisualCogB_Task-1,left,F4,revision_v3,601.5625,45.68542335981968
VisualCogB_Task-1,left,F4,revision_v3,609.375,46.31252129338718
VisualCogB_Task-1,left,F4,revision_v3,617.1875,46.916061171406426
VisualCogB_Task-1,left,F4,revision_v3,625.0,47.4816029927661
VisualCogB_Task-1,left,F4,revision_v3,632.8125,48.02496462918023
VisualCogB_Task-1,left,F4,revision_v3,640.625,48.53040148958017
VisualCogB_Task-1,left,F4,revision_v3,648.4375,49.01038781281548
VisualCogB_Task-1,left,F4,revision_v3,656.25,49.44595014423081
VisualCogB_Task-1,left,F4,revision_v3,664.0625,49.85410690887143
VisualCogB_Task-1,left,F4,revision_v3,671.875,50.22796591969093
VisualCogB_Task-1,left,F4,revision_v3,679.6875,50.59162875187519
VisualCogB_Task-1,left,F4,revision_v3,687.5,50.918001402565736
VisualCogB_Task-1,left,F4,revision_v3,695.3125,51.18821807792435
VisualCogB_Task-1,left,F4,revision_v3,703.125,51.36204613954473
VisualCogB_Task-1,left,F4,revision_v3,710.9375,51.50461565133121
VisualCogB_Task-1,left,F4,revision_v3,718.75,51.72031213664127
VisualCogB_Task-1,left,F4,revision_v3,726.5625,52.0779728253804
VisualCogB_Task-1,left,F4,revision_v3,734.375,52.348031101722114
VisualCogB_Task-1,left,F4,revision_v3,742.1875,52.13566906721793
VisualCogB_Task-1,left,F4,revision_v3,750.0,51.3577812817375
VisualCogB_Task-1,left,F4,revision_v3,757.8125,50.90993794197007
VisualCogB_Task-1,left,F4,revision_v3,765.625,52.12833553932421
VisualCogB_Task-1,left,F4,revision_v3,773.4375,54.77469665451537
VisualCogB_Task-1,left,F4,revision_v3,781.25,55.02692346082944
VisualCogB_Task-1,left,F4,revision_v3,789.0625,47.31959137952437
VisualCogB_Task-1,left,F4,revision_v3,796.875,30.364171617567923
VisualCogB_Task-1,right,F3,measured,0.0,-2.0483533423914864
VisualCogB_Task-1,right,F3,measured,7.8125,-1.822597539018931
VisualCogB_Task-1,right,F3,measured,15.625,-1.68681465195713
VisualCogB_Task-1,right,F3,measured,23.4375,-1.782456319339249
VisualCogB_Task-1,right,F3,measured,31.25,-2.1878236627350454
VisualCogB_Task-1,right,F3,measured,39.0625,-2.6709774631238217
VisualCogB_Task-1,right,F3,measured,46.875,-2.8879785399568214
VisualCogB_Task-1,right,F3,measured,54.6875,-2.908996072026755
VisualCogB_Task-1,right,F3,measured,62.5,-3.095920453644786
VisualCogB_Task-1,right,F3,measured,70.3125,-3.5618794228676713
VisualCogB_Task-1,right,F3,measured,78.125,-3.9970959136460933
VisualCogB_Task-1,right,F3,measured,85.9375,-4.0624556666834
VisualCogB_Task-1,right,F3,measured,93.75,-3.728363995202753
VisualCogB_Task-1,right,F3,measured,101.5625,-3.2641600839408653
VisualCogB_Task-1,right,F3,measured,109.375,-2.9865450584928603
VisualCogB_Task-1,right,F3,measured,117.1875,-3.0841187991562995
VisualCogB_Task-1,right,F3,measured,125.0,-3.4281937867
VisualCogB_Task-1,right,F3,measured,132.8125,-3.7570535907388387
VisualCogB_Task-1,right,F3,measured,140.625,-4.033572644815424
VisualCogB_Task-1,right,F3,measured,148.4375,-4.542602630812972
VisualCogB_Task-1,right,F3,measured,156.25,-5.423727844974922
VisualCogB_Task-1,right,F3,measured,164.0625,-6.409926885230083
VisualCogB_Task-1,right,F3,measured,171.875,-6.966334122880157
VisualCogB_Task-1,right,F3,measured,179.6875,-6.883346553370664
VisualCogB_Task-1,right,F3,measured,187.5,-6.5419227570692335
VisualCogB_Task-1,right,F3,measured,195.3125,-6.5442624094256825
VisualCogB_Task-1,right,F3,measured,203.125,-6.980359916374528
VisualCogB_Task-1,right,F3,measured,210.9375,-7.409156860495299
VisualCogB_Task-1,right,F3,measured,218.75,-7.4047974109438535
VisualCogB_Task-1,right,F3,measured,226.5625,-7.0574458247410385
VisualCogB_Task-1,right,F3,measured,234.375,-6.74744083547921
VisualCogB_Task-1,right,F3,measured,242.1875,-6.799514244155427
VisualCogB_Task-1,right,F3,measured,250.0,-7.130481404662649
VisualCogB_Task-1,right,F3,measured,257.8125,-7.246441794158061
VisualCogB_Task-1,right,F3,measured,265.625,-6.636993606610864
VisualCogB_Task-1,right,F3,measured,273.4375,-5.537139305333763
VisualCogB_Task-1,right,F3,measured,281.25,-4.727530018257151
VisualCogB_Task-1,right,F3,measured,289.0625,-4.6417571640276485
VisualCogB_Task-1,right,F3,measured,296.875,-4.847612152298334
VisualCogB_Task-1,right,F3,measured,304.6875,-4.680188776945299
VisualCogB_Task-1,right,F3,measured,312.5,-3.931067061711908
VisualCogB_Task-1,right,F3,measured,320.3125,-3.1062951536791985
VisualCogB_Task-1,right,F3,measured,328.125,-2.814423536842272
VisualCogB_Task-1,right,F3,measured,335.9375,-3.0944011050106845
VisualCogB_Task-1,right,F3,measured,343.75,-3.31345850301179
VisualCogB_Task-1,right,F3,measured,351.5625,-3.020992628496334
VisualCogB_Task-1,right,F3,measured,359.375,-2.440287029433788
VisualCogB_Task-1,right,F3,measured,367.1875,-2.35496207259664
VisualCogB_Task-1,right,F3,measured,375.0,-3.194050570855114
VisualCogB_Task-1,right,F3,measured,382.8125,-4.597054942828666
VisualCogB_Task-1,right,F3,measured,390.625,-5.68904966699553
VisualCogB_Task-1,right,F3,measured,398.4375,-5.985224135346351
VisualCogB_Task-1,right,F3,measured,406.25,-5.8137398499697355
VisualCogB_Task-1,right,F3,measured,414.0625,-6.065373570010839
VisualCogB_Task-1,right,F3,measured,421.875,-7.179592444286227
VisualCogB_Task-1,right,F3,measured,429.6875,-8.723499719060705
VisualCogB_Task-1,right,F3,measured,437.5,-9.68260412439821
VisualCogB_Task-1,right,F3,measured,445.3125,-9.490951964075949
VisualCogB_Task-1,right,F3,measured,453.125,-8.469971995959042
VisualCogB_Task-1,right,F3,measured,460.9375,-7.5310090461856944
VisualCogB_Task-1,right,F3,measured,468.75,-7.19742720916381
VisualCogB_Task-1,right,F3,measured,476.5625,-7.321272441246002
VisualCogB_Task-1,right,F3,measured,484.375,-7.414569786857209
VisualCogB_Task-1,right,F3,measured,492.1875,-7.315445857033881
VisualCogB_Task-1,right,F3,measured,500.0,-7.161342872046121
VisualCogB_Task-1,right,F3,measured,507.8125,-7.188480449421185
VisualCogB_Task-1,right,F3,measured,515.625,-7.336523235425654
VisualCogB_Task-1,right,F3,measured,523.4375,-7.41668585011344
VisualCogB_Task-1,right,F3,measured,531.25,-7.266836746936636
VisualCogB_Task-1,right,F3,measured,539.0625,-6.8768088252618815
VisualCogB_Task-1,right,F3,measured,546.875,-6.032136657825981
VisualCogB_Task-1,right,F3,measured,554.6875,-4.547471295244579
VisualCogB_Task-1,right,F3,measured,562.5,-2.5746476253889288
VisualCogB_Task-1,right,F3,measured,570.3125,-0.6627773585242793
VisualCogB_Task-1,right,F3,measured,578.125,0.9381476379673986
VisualCogB_Task-1,right,F3,measured,585.9375,2.3859242944084467
VisualCogB_Task-1,right,F3,measured,593.75,4.133308451100409
VisualCogB_Task-1,right,F3,measured,601.5625,6.516805861671444
VisualCogB_Task-1,right,F3,measured,609.375,9.573530410746251
VisualCogB_Task-1,right,F3,measured,617.1875,12.781787720189868
VisualCogB_Task-1,right,F3,measured,625.0,15.589712295872827
VisualCogB_Task-1,right,F3,measured,632.8125,17.717468005054577
VisualCogB_Task-1,right,F3,measured,640.625,19.238577364212567
VisualCogB_Task-1,right,F3,measured,648.4375,20.23990024923303
VisualCogB_Task-1,right,F3,measured,656.25,20.968796740795614
VisualCogB_Task-1,right,F3,measured,664.0625,21.70532175314952
VisualCogB_Task-1,right,F3,measured,671.875,22.666837254952014
VisualCogB_Task-1,right,F3,measured,679.6875,23.600693087328114
VisualCogB_Task-1,right,F3,measured,687.5,24.05159395702637
VisualCogB_Task-1,right,F3,measured,695.3125,23.773531372164776
VisualCogB_Task-1,right,F3,measured,703.125,23.20473883608386
VisualCogB_Task-1,right,F3,measured,710.9375,22.939014556071356
VisualCogB_Task-1,right,F3,measured,718.75,23.237353770011403
VisualCogB_Task-1,right,F3,measured,726.5625,23.791005473088884
VisualCogB_Task-1,right,F3,measured,734.375,24.203209009796222
VisualCogB_Task-1,right,F3,measured,742.1875,24.11375920409085
VisualCogB_Task-1,right,F3,measured,750.0,23.42609592616511
VisualCogB_Task-1,right,F3,measured,757.8125,22.284436865176495
VisualCogB_Task-1,right,F3,measured,765.625,21.354931034989132
VisualCogB_Task-1,right,F3,measured,773.4375,21.27638761363635
VisualCogB_Task-1,right,F3,measured,781.25,22.0535233963793
VisualCogB_Task-1,right,F3,measured,789.0625,22.894710840613147
VisualCogB_Task-1,right,F3,measured,796.875,23.239117550564263
VisualCogB_Task-1,right,F3,revision,0.0,-0.18057243709910065
VisualCogB_Task-1,right,F3,revision,7.8125,-0.23298819714284225
VisualCogB_Task-1,right,F3,revision,15.625,-0.0985278742140725
VisualCogB_Task-1,right,F3,revision,23.4375,0.48525798949644017
VisualCogB_Task-1,right,F3,revision,31.25,1.7093128456805786
VisualCogB_Task-1,right,F3,revision,39.0625,3.565301922943212
VisualCogB_Task-1,right,F3,revision,46.875,5.848272807458658
VisualCogB_Task-1,right,F3,revision,54.6875,8.27433221753932
VisualCogB_Task-1,right,F3,revision,62.5,10.596775886754596
VisualCogB_Task-1,right,F3,revision,70.3125,12.664506478433207
VisualCogB_Task-1,right,F3,revision,78.125,14.413942712526232
VisualCogB_Task-1,right,F3,revision,85.9375,15.845965515335454
VisualCogB_Task-1,right,F3,revision,93.75,16.993973712784125
VisualCogB_Task-1,right,F3,revision,101.5625,17.90974927114849
VisualCogB_Task-1,right,F3,revision,109.375,18.643598457661298
VisualCogB_Task-1,right,F3,revision,117.1875,19.242196710456597
VisualCogB_Task-1,right,F3,revision,125.0,19.7379521966936
VisualCogB_Task-1,right,F3,revision,132.8125,20.157255633746463
VisualCogB_Task-1,right,F3,revision,140.625,20.51498307985452
VisualCogB_Task-1,right,F3,revision,148.4375,20.824644526995243
VisualCogB_Task-1,right,F3,revision,156.25,21.0895195817003
VisualCogB_Task-1,right,F3,revision,164.0625,21.31294233286794
VisualCogB_Task-1,right,F3,revision,171.875,21.493137461537636
VisualCogB_Task-1,right,F3,revision,179.6875,21.64056970329947
VisualCogB_Task-1,right,F3,revision,187.5,21.767305956557152
VisualCogB_Task-1,right,F3,revision,195.3125,21.8825378001904
VisualCogB_Task-1,right,F3,revision,203.125,21.95760191451185
VisualCogB_Task-1,right,F3,revision,210.9375,21.937828812053425
VisualCogB_Task-1,right,F3,revision,218.75,21.77501945702543
VisualCogB_Task-1,right,F3,revision,226.5625,21.49925603999654
VisualCogB_Task-1,right,F3,revision,234.375,21.20954709057552
VisualCogB_Task-1,right,F3,revision,242.1875,21.02078252800576
VisualCogB_Task-1,right,F3,revision,250.0,20.978893504489136
VisualCogB_Task-1,right,F3,revision,257.8125,21.06332288777587
VisualCogB_Task-1,right,F3,revision,265.625,21.208177602186872
VisualCogB_Task-1,right,F3,revision,273.4375,21.357041905429398
VisualCogB_Task-1,right,F3,revision,281.25,21.465007071141386
VisualCogB_Task-1,right,F3,revision,289.0625,21.515203839515593
VisualCogB_Task-1,right,F3,revision,296.875,21.496587942532827
VisualCogB_Task-1,right,F3,revision,304.6875,21.41606640452302
VisualCogB_Task-1,right,F3,revision,312.5,21.277297438683064
VisualCogB_Task-1,right,F3,revision,320.3125,21.095326067142437
VisualCogB_Task-1,right,F3,revision,328.125,20.87574211636566
VisualCogB_Task-1,right,F3,revision,335.9375,20.631832104549158
VisualCogB_Task-1,right,F3,revision,343.75,20.36524017635949
VisualCogB_Task-1,right,F3,revision,351.5625,20.085693300225618
VisualCogB_Task-1,right,F3,revision,359.375,19.79171595081144
VisualCogB_Task-1,right,F3,revision,367.1875,19.49113280127809
VisualCogB_Task-1,right,F3,revision,375.0,19.180803518770656
VisualCogB_Task-1,right,F3,revision,382.8125,18.867675269470944
VisualCogB_Task-1,right,F3,revision,390.625,18.54768399835699
VisualCogB_Task-1,right,F3,revision,398.4375,18.227462546776128
VisualCogB_Task-1,right,F3,revision,406.25,17.902440629748167
VisualCogB_Task-1,right,F3,revision,414.0625,17.579201550139363
VisualCogB_Task-1,right,F3,revision,421.875,17.252818008989543
VisualCogB_Task-1,right,F3,revision,429.6875,16.929892936053687
VisualCogB_Task-1,right,F3,revision,437.5,16.60517930969523
VisualCogB_Task-1,right,F3,revision,445.3125,16.285321415309685
VisualCogB_Task-1,right,F3,revision,453.125,15.964777142855063
VisualCogB_Task-1,right,F3,revision,460.9375,15.650250072709273
VisualCogB_Task-1,right,F3,revision,468.75,15.335917563657851
VisualCogB_Task-1,right,F3,revision,476.5625,15.028547645040245
VisualCogB_Task-1,right,F3,revision,484.375,14.72204810231629
VisualCogB_Task-1,right,F3,revision,492.1875,14.423264175585128
VisualCogB_Task-1,right,F3,revision,500.0,14.125850765796017
VisualCogB_Task-1,right,F3,revision,507.8125,13.836737327607427
VisualCogB_Task-1,right,F3,revision,515.625,13.549332629861784
VisualCogB_Task-1,right,F3,revision,523.4375,13.27066026165015
VisualCogB_Task-1,right,F3,revision,531.25,12.993905971138716
VisualCogB_Task-1,right,F3,revision,539.0625,12.726206642040811
VisualCogB_Task-1,right,F3,revision,546.875,12.460533779661262
VisualCogB_Task-1,right,F3,revision,554.6875,12.204130698156929
VisualCogB_Task-1,right,F3,revision,562.5,11.949753220587485
VisualCogB_Task-1,right,F3,revision,570.3125,11.704764948917166
VisualCogB_Task-1,right,F3,revision,578.125,11.461739684003913
VisualCogB_Task-1,right,F3,revision,585.9375,11.22818621973353
VisualCogB_Task-1,right,F3,revision,593.75,10.996488495718022
VisualCogB_Task-1,right,F3,revision,601.5625,10.774252342657217
VisualCogB_Task-1,right,F3,revision,609.375,10.553640098220447
VisualCogB_Task-1,right,F3,revision,617.1875,10.34241825943704
VisualCogB_Task-1,right,F3,revision,625.0,10.132701671786057
VisualCogB_Task-1,right,F3,revision,632.8125,9.932521402015066
VisualCogB_Task-1,right,F3,revision,640.625,9.73370337041596
VisualCogB_Task-1,right,F3,revision,648.4375,9.543970835954662
VisualCogB_Task-1,right,F3,revision,656.25,9.354640954522111
VisualCogB_Task-1,right,F3,revision,664.0625,9.174159782848477
VisualCogB_Task-1,right,F3,revision,671.875,8.995277463940173
VisualCogB_Task-1,right,F3,revision,679.6875,8.827433788131797
VisualCogB_Task-1,right,F3,revision,687.5,8.660661277109362
VisualCogB_Task-1,right,F3,revision,695.3125,8.499065240109383
VisualCogB_Task-1,right,F3,revision,703.125,8.330982594136325
VisualCogB_Task-1,right,F3,revision,710.9375,8.171384641522755
VisualCogB_Task-1,right,F3,revision,718.75,8.026756679874019
VisualCogB_Task-1,right,F3,revision,726.5625,7.912291534156964
VisualCogB_Task-1,right,F3,revision,734.375,7.791655885735213
VisualCogB_Task-1,right,F3,revision,742.1875,7.621648580691637
VisualCogB_Task-1,right,F3,revision,750.0,7.385546744728287
VisualCogB_Task-1,right,F3,revision,757.8125,7.204714023737221
VisualCogB_Task-1,right,F3,revision,765.625,7.240646154290985
VisualCogB_Task-1,right,F3,revision,773.4375,7.46676716120755
VisualCogB_Task-1,right,F3,revision,781.25,7.388324768066815
VisualCogB_Task-1,right,F3,revision,789.0625,6.310919377502157
VisualCogB_Task-1,right,F3,revision,796.875,4.077904639220978
VisualCogB_Task-1,right,F3,revision_v2,0.0,-0.0005553599800720323
VisualCogB_Task-1,right,F3,revision_v2,7.8125,-0.00012175315584238636
VisualCogB_Task-1,right,F3,revision_v2,15.625,-0.0003041816870100536
VisualCogB_Task-1,right,F3,revision_v2,23.4375,-0.00208210296339318
VisualCogB_Task-1,right,F3,revision_v2,31.25,-0.005089191715552346
VisualCogB_Task-1,right,F3,revision_v2,39.0625,-0.00635325569583476
VisualCogB_Task-1,right,F3,revision_v2,46.875,-0.0011811071672436328
VisualCogB_Task-1,right,F3,revision_v2,54.6875,0.013678051831615478
VisualCogB_Task-1,right,F3,revision_v2,62.5,0.03714566682765913
VisualCogB_Task-1,right,F3,revision_v2,70.3125,0.06407280821111536
VisualCogB_Task-1,right,F3,revision_v2,78.125,0.08832962801647148
VisualCogB_Task-1,right,F3,revision_v2,85.9375,0.10598878864822497
VisualCogB_Task-1,right,F3,revision_v2,93.75,0.11631793342838243
VisualCogB_Task-1,right,F3,revision_v2,101.5625,0.12079050904933633
VisualCogB_Task-1,right,F3,revision_v2,109.375,0.12148189311275745
VisualCogB_Task-1,right,F3,revision_v2,117.1875,0.12011597630808235
VisualCogB_Task-1,right,F3,revision_v2,125.0,0.11781347140284928
VisualCogB_Task-1,right,F3,revision_v2,132.8125,0.11528141132808192
VisualCogB_Task-1,right,F3,revision_v2,140.625,0.11294198836489669
VisualCogB_Task-1,right,F3,revision_v2,148.4375,0.11104902889565074
VisualCogB_Task-1,right,F3,revision_v2,156.25,0.10967829376091867
VisualCogB_Task-1,right,F3,revision_v2,164.0625,0.10880425302122387
VisualCogB_Task-1,right,F3,revision_v2,171.875,0.10829389868071218
VisualCogB_Task-1,right,F3,revision_v2,179.6875,0.1080114838216972
VisualCogB_Task-1,right,F3,revision_v2,187.5,0.10784934607407412
VisualCogB_Task-1,right,F3,revision_v2,195.3125,0.10784536143094456
VisualCogB_Task-1,right,F3,revision_v2,203.125,0.10806904300461975
VisualCogB_Task-1,right,F3,revision_v2,210.9375,0.10845224052218436
VisualCogB_Task-1,right,F3,revision_v2,218.75,0.10854073547736798
VisualCogB_Task-1,right,F3,revision_v2,226.5625,0.10779506138233516
VisualCogB_Task-1,right,F3,revision_v2,234.375,0.10629618475113956
VisualCogB_Task-1,right,F3,revision_v2,242.1875,0.10545633004934199
VisualCogB_Task-1,right,F3,revision_v2,250.0,0.1074772857199355
VisualCogB_Task-1,right,F3,revision_v2,257.8125,0.11376747328963657
VisualCogB_Task-1,right,F3,revision_v2,265.625,0.1234752211337973
VisualCogB_Task-1,right,F3,revision_v2,273.4375,0.13385313374560673
VisualCogB_Task-1,right,F3,revision_v2,281.25,0.1418769905791956
VisualCogB_Task-1,right,F3,revision_v2,289.0625,0.14587712559340674
VisualCogB_Task-1,right,F3,revision_v2,296.875,0.1458206668572005
VisualCogB_Task-1,right,F3,revision_v2,304.6875,0.1427490234208769
VisualCogB_Task-1,right,F3,revision_v2,312.5,0.13786050667166286
VisualCogB_Task-1,right,F3,revision_v2,320.3125,0.13212426645241218
VisualCogB_Task-1,right,F3,revision_v2,328.125,0.12612456806620634
VisualCogB_Task-1,right,F3,revision_v2,335.9375,0.12024957703354255
VisualCogB_Task-1,right,F3,revision_v2,343.75,0.1146918771870952
VisualCogB_Task-1,right,F3,revision_v2,351.5625,0.10957872296678267
VisualCogB_Task-1,right,F3,revision_v2,359.375,0.10490106874788868
VisualCogB_Task-1,right,F3,revision_v2,367.1875,0.10063849419413828
VisualCogB_Task-1,right,F3,revision_v2,375.0,0.09669712413095771
VisualCogB_Task-1,right,F3,revision_v2,382.8125,0.09303274370328304
VisualCogB_Task-1,right,F3,revision_v2,390.625,0.08956164180350687
VisualCogB_Task-1,right,F3,revision_v2,398.4375,0.08626359326547481
VisualCogB_Task-1,right,F3,revision_v2,406.25,0.08307706164276787
VisualCogB_Task-1,right,F3,revision_v2,414.0625,0.08000288581128545
VisualCogB_Task-1,right,F3,revision_v2,421.875,0.07699658195800613
VisualCogB_Task-1,right,F3,revision_v2,429.6875,0.07407526109110288
VisualCogB_Task-1,right,F3,revision_v2,437.5,0.07120587348347923
VisualCogB_Task-1,right,F3,revision_v2,445.3125,0.06841510982640484
VisualCogB_Task-1,right,F3,revision_v2,453.125,0.06567481138794057
VisualCogB_Task-1,right,F3,revision_v2,460.9375,0.06301591322642922
VisualCogB_Task-1,right,F3,revision_v2,468.75,0.06041129459473336
VisualCogB_Task-1,right,F3,revision_v2,476.5625,0.05789342330324565
VisualCogB_Task-1,right,F3,revision_v2,484.375,0.05543436953426325
VisualCogB_Task-1,right,F3,revision_v2,492.1875,0.05306692161797111
VisualCogB_Task-1,right,F3,revision_v2,500.0,0.05076160130810574
VisualCogB_Task-1,right,F3,revision_v2,507.8125,0.048551016473588844
VisualCogB_Task-1,right,F3,revision_v2,515.625,0.046403830584576346
VisualCogB_Task-1,right,F3,revision_v2,523.4375,0.04435237459609232
VisualCogB_Task-1,right,F3,revision_v2,531.25,0.042363629280299984
VisualCogB_Task-1,right,F3,revision_v2,539.0625,0.040469930256655295
VisualCogB_Task-1,right,F3,revision_v2,546.875,0.03863679499871992
VisualCogB_Task-1,right,F3,revision_v2,554.6875,0.03689664068525868
VisualCogB_Task-1,right,F3,revision_v2,562.5,0.035213621541939286
VisualCogB_Task-1,right,F3,revision_v2,570.3125,0.03362046793971786
VisualCogB_Task-1,right,F3,revision_v2,578.125,0.03208031481647668
VisualCogB_Task-1,right,F3,revision_v2,585.9375,0.03062645108094346
VisualCogB_Task-1,right,F3,revision_v2,593.75,0.029221051767015976
VisualCogB_Task-1,right,F3,revision_v2,601.5625,0.027897901730547126
VisualCogB_Task-1,right,F3,revision_v2,609.375,0.026618270772448147
VisualCogB_Task-1,right,F3,revision_v2,617.1875,0.025416712111738703
VisualCogB_Task-1,right,F3,revision_v2,625.0,0.02425398481288213
VisualCogB_Task-1,right,F3,revision_v2,632.8125,0.023165569276421032
VisualCogB_Task-1,right,F3,revision_v2,640.625,0.02211135122591959
VisualCogB_Task-1,right,F3,revision_v2,648.4375,0.02112700240965841
VisualCogB_Task-1,right,F3,revision_v2,656.25,0.02017137360567743
VisualCogB_Task-1,right,F3,revision_v2,664.0625,0.0192817578809768
VisualCogB_Task-1,right,F3,revision_v2,671.875,0.018418424011939348
VisualCogB_Task-1,right,F3,revision_v2,679.6875,0.017620473311109525
VisualCogB_Task-1,right,F3,revision_v2,687.5,0.016844251561157063
VisualCogB_Task-1,right,F3,revision_v2,695.3125,0.016122850593078324
VisualCogB_Task-1,right,F3,revision_v2,703.125,0.015410373826626063
VisualCogB_Task-1,right,F3,revision_v2,710.9375,0.014754452621745318
VisualCogB_Task-1,right,F3,revision_v2,718.75,0.014131321551066498
VisualCogB_Task-1,right,F3,revision_v2,726.5625,0.013588630498586378
VisualCogB_Task-1,right,F3,revision_v2,734.375,0.013047884728269343
VisualCogB_Task-1,right,F3,revision_v2,742.1875,0.012485329180953193
VisualCogB_Task-1,right,F3,revision_v2,750.0,0.011849769167843908
VisualCogB_Task-1,right,F3,revision_v2,757.8125,0.011325885159185988
VisualCogB_Task-1,right,F3,revision_v2,765.625,0.011080309529001773
VisualCogB_Task-1,right,F3,revision_v2,773.4375,0.011102243439769458
VisualCogB_Task-1,right,F3,revision_v2,781.25,0.010733146211762263
VisualCogB_Task-1,right,F3,revision_v2,789.0625,0.009149461488292186
VisualCogB_Task-1,right,F3,revision_v2,796.875,0.0061602040266878835
VisualCogB_Task-1,right,F3,revision_v3,0.0,-0.10474243745000145
VisualCogB_Task-1,right,F3,revision_v3,7.8125,-0.34197253132823313
VisualCogB_Task-1,right,F3,revision_v3,15.625,-1.7397399132144624
VisualCogB_Task-1,right,F3,revision_v3,23.4375,-4.458855117186658
VisualCogB_Task-1,right,F3,revision_v3,31.25,-7.709708829627539
VisualCogB_Task-1,right,F3,revision_v3,39.0625,-10.15006311200253
VisualCogB_Task-1,right,F3,revision_v3,46.875,-10.738062963786794
VisualCogB_Task-1,right,F3,revision_v3,54.6875,-9.215709137629746
VisualCogB_Task-1,right,F3,revision_v3,62.5,-5.97881219781455
VisualCogB_Task-1,right,F3,revision_v3,70.3125,-1.6723620907936674
VisualCogB_Task-1,right,F3,revision_v3,78.125,3.0844502509336955
VisualCogB_Task-1,right,F3,revision_v3,85.9375,7.8068942842909435
VisualCogB_Task-1,right,F3,revision_v3,93.75,12.15087007317917
VisualCogB_Task-1,right,F3,revision_v3,101.5625,15.92127851388804
VisualCogB_Task-1,right,F3,revision_v3,109.375,19.044356422133355
VisualCogB_Task-1,right,F3,revision_v3,117.1875,21.544233880368715
VisualCogB_Task-1,right,F3,revision_v3,125.0,23.486301884864396
VisualCogB_Task-1,right,F3,revision_v3,132.8125,24.957909173082793
VisualCogB_Task-1,right,F3,revision_v3,140.625,26.035801451126673
VisualCogB_Task-1,right,F3,revision_v3,148.4375,26.7959873222104
VisualCogB_Task-1,right,F3,revision_v3,156.25,27.29603655544681
VisualCogB_Task-1,right,F3,revision_v3,164.0625,27.595063191118953
VisualCogB_Task-1,right,F3,revision_v3,171.875,27.738871700348454
VisualCogB_Task-1,right,F3,revision_v3,179.6875,27.779528579137278
VisualCogB_Task-1,right,F3,revision_v3,187.5,27.74618984780424
VisualCogB_Task-1,right,F3,revision_v3,195.3125,27.65398678153759
VisualCogB_Task-1,right,F3,revision_v3,203.125,27.48675517752138
VisualCogB_Task-1,right,F3,revision_v3,210.9375,27.256332062161327
VisualCogB_Task-1,right,F3,revision_v3,218.75,27.022746597762165
VisualCogB_Task-1,right,F3,revision_v3,226.5625,26.91222064408715
VisualCogB_Task-1,right,F3,revision_v3,234.375,27.018609223735318
VisualCogB_Task-1,right,F3,revision_v3,242.1875,27.35636507241093
VisualCogB_Task-1,right,F3,revision_v3,250.0,27.830657403965482
VisualCogB_Task-1,right,F3,revision_v3,257.8125,28.32111321541931
VisualCogB_Task-1,right,F3,revision_v3,265.625,28.711594255931153
VisualCogB_Task-1,right,F3,revision_v3,273.4375,28.945596663672937
VisualCogB_Task-1,right,F3,revision_v3,281.25,28.993975164199057
VisualCogB_Task-1,right,F3,revision_v3,289.0625,28.871511399718756
VisualCogB_Task-1,right,F3,revision_v3,296.875,28.592121449109676
VisualCogB_Task-1,right,F3,revision_v3,304.6875,28.192682859700795
VisualCogB_Task-1,right,F3,revision_v3,312.5,27.696120662304423
VisualCogB_Task-1,right,F3,revision_v3,320.3125,27.143315449685637
VisualCogB_Task-1,right,F3,revision_v3,328.125,26.557800436802523
VisualCogB_Task-1,right,F3,revision_v3,335.9375,25.980030869507104
VisualCogB_Task-1,right,F3,revision_v3,343.75,25.43069203823191
VisualCogB_Task-1,right,F3,revision_v3,351.5625,24.946326335038677
VisualCogB_Task-1,right,F3,revision_v3,359.375,24.54128867841461
VisualCogB_Task-1,right,F3,revision_v3,367.1875,24.24499887927712
VisualCogB_Task-1,right,F3,revision_v3,375.0,24.06275766307214
VisualCogB_Task-1,right,F3,revision_v3,382.8125,24.014704025747402
VisualCogB_Task-1,right,F3,revision_v3,390.625,24.095708583421185
VisualCogB_Task-1,right,F3,revision_v3,398.4375,24.316345176199277
VisualCogB_Task-1,right,F3,revision_v3,406.25,24.66204720026945
VisualCogB_Task-1,right,F3,revision_v3,414.0625,25.135848290170394
VisualCogB_Task-1,right,F3,revision_v3,421.875,25.71637520328443
VisualCogB_Task-1,right,F3,revision_v3,429.6875,26.40203832151471
VisualCogB_Task-1,right,F3,revision_v3,437.5,27.16779271133737
VisualCogB_Task-1,right,F3,revision_v3,445.3125,28.010667337248044
VisualCogB_Task-1,right,F3,revision_v3,453.125,28.90502295823729
VisualCogB_Task-1,right,F3,revision_v3,460.9375,29.8490595705045
VisualCogB_Task-1,right,F3,revision_v3,468.75,30.818435096835955
VisualCogB_Task-1,right,F3,revision_v3,476.5625,31.81382968002992
VisualCogB_Task-1,right,F3,revision_v3,484.375,32.81309971717337
VisualCogB_Task-1,right,F3,revision_v3,492.1875,33.8199536397597
VisualCogB_Task-1,right,F3,revision_v3,500.0,34.81464881013491
VisualCogB_Task-1,right,F3,revision_v3,507.8125,35.80380288805168
VisualCogB_Task-1,right,F3,revision_v3,515.625,36.76974831925978
VisualCogB_Task-1,right,F3,revision_v3,523.4375,37.72156309725158
VisualCogB_Task-1,right,F3,revision_v3,531.25,38.64314424712526
VisualCogB_Task-1,right,F3,revision_v3,539.0625,39.54548356074774
VisualCogB_Task-1,right,F3,revision_v3,546.875,40.41351147934969
VisualCogB_Task-1,right,F3,revision_v3,554.6875,41.25963011849502
VisualCogB_Task-1,right,F3,revision_v3,562.5,42.069333643807276
VisualCogB_Task-1,right,F3,revision_v3,570.3125,42.8560036663823
VisualCogB_Task-1,right,F3,revision_v3,578.125,43.60536451664035
VisualCogB_Task-1,right,F3,revision_v3,585.9375,44.33152448870302
VisualCogB_Task-1,right,F3,revision_v3,593.75,45.02011732346784
VisualCogB_Task-1,right,F3,revision_v3,601.5625,45.68544160900912
VisualCogB_Task-1,right,F3,revision_v3,609.375,46.3125382340554
VisualCogB_Task-1,right,F3,revision_v3,617.1875,46.916078194298386
VisualCogB_Task-1,right,F3,revision_v3,625.0,47.481621482855275
VisualCogB_Task-1,right,F3,revision_v3,632.8125,48.02498368946072
VisualCogB_Task-1,right,F3,revision_v3,640.625,48.53041941089837
VisualCogB_Task-1,right,F3,revision_v3,648.4375,49.010404727621506
VisualCogB_Task-1,right,F3,revision_v3,656.25,49.445967739260524
VisualCogB_Task-1,right,F3,revision_v3,664.0625,49.85412596727107
VisualCogB_Task-1,right,F3,revision_v3,671.875,50.227985463903465
VisualCogB_Task-1,right,F3,revision_v3,679.6875,50.591647371394735
VisualCogB_Task-1,right,F3,revision_v3,687.5,50.91801853082941
VisualCogB_Task-1,right,F3,revision_v3,695.3125,51.188233947278036
VisualCogB_Task-1,right,F3,revision_v3,703.125,51.36206122440716
VisualCogB_Task-1,right,F3,revision_v3,710.9375,51.50463040965769
VisualCogB_Task-1,right,F3,revision_v3,718.75,51.72032703093182
VisualCogB_Task-1,right,F3,revision_v3,726.5625,52.077988276052594
VisualCogB_Task-1,right,F3,revision_v3,734.375,52.348047599669364
VisualCogB_Task-1,right,F3,revision_v3,742.1875,52.1356868868895
VisualCogB_Task-1,right,F3,revision_v3,750.0,51.35779963029767
VisualCogB_Task-1,right,F3,revision_v3,757.8125,50.909954801287526
VisualCogB_Task-1,right,F3,revision_v3,765.625,52.12834941456783
VisualCogB_Task-1,right,F3,revision_v3,773.4375,54.77470841280658
VisualCogB_Task-1,right,F3,revision_v3,781.25,55.02693589515757
VisualCogB_Task-1,right,F3,revision_v3,789.0625,47.31960664919891
VisualCogB_Task-1,right,F3,revision_v3,796.875,30.364189531603486
VisualCogB_Task-1,right,Fz,measured,0.0,-0.11859297098379759
VisualCogB_Task-1,right,Fz,measured,7.8125,0.22229992918936495
VisualCogB_Task-1,right,Fz,measured,15.625,0.594366015116626
VisualCogB_Task-1,right,Fz,measured,23.4375,0.9621688105156178
VisualCogB_Task-1,right,Fz,measured,31.25,1.169337472508747
VisualCogB_Task-1,right,Fz,measured,39.0625,1.253216292399312
VisualCogB_Task-1,right,Fz,measured,46.875,1.3791521013950563
VisualCogB_Task-1,right,Fz,measured,54.6875,1.4948064529542266
VisualCogB_Task-1,right,Fz,measured,62.5,1.3391594491688303
VisualCogB_Task-1,right,Fz,measured,70.3125,0.9072906277168924
VisualCogB_Task-1,right,Fz,measured,78.125,0.5340498769136026
VisualCogB_Task-1,right,Fz,measured,85.9375,0.5618090335232152
VisualCogB_Task-1,right,Fz,measured,93.75,0.9703949842902327
VisualCogB_Task-1,right,Fz,measured,101.5625,1.4748742752827735
VisualCogB_Task-1,right,Fz,measured,109.375,1.7936558063174513
VisualCogB_Task-1,right,Fz,measured,117.1875,1.9518040164155528
VisualCogB_Task-1,right,Fz,measured,125.0,2.1794987017151124
VisualCogB_Task-1,right,Fz,measured,132.8125,2.5265303343764125
VisualCogB_Task-1,right,Fz,measured,140.625,2.574992218479019
VisualCogB_Task-1,right,Fz,measured,148.4375,1.9047162278338272
VisualCogB_Task-1,right,Fz,measured,156.25,0.679562815330441
VisualCogB_Task-1,right,Fz,measured,164.0625,-0.3711529230882506
VisualCogB_Task-1,right,Fz,measured,171.875,-0.6070606289823084
VisualCogB_Task-1,right,Fz,measured,179.6875,0.0545820469426833
VisualCogB_Task-1,right,Fz,measured,187.5,1.0354353448460454
VisualCogB_Task-1,right,Fz,measured,195.3125,1.7061190496546148
VisualCogB_Task-1,right,Fz,measured,203.125,1.951843810015983
VisualCogB_Task-1,right,Fz,measured,210.9375,2.140404723102388
VisualCogB_Task-1,right,Fz,measured,218.75,2.4830878669924212
VisualCogB_Task-1,right,Fz,measured,226.5625,2.869479692570717
VisualCogB_Task-1,right,Fz,measured,234.375,3.092667909690762
VisualCogB_Task-1,right,Fz,measured,242.1875,3.1233879618190166
VisualCogB_Task-1,right,Fz,measured,250.0,3.0548304291757553
VisualCogB_Task-1,right,Fz,measured,257.8125,3.1880985927462473
VisualCogB_Task-1,right,Fz,measured,265.625,3.821397968176971
VisualCogB_Task-1,right,Fz,measured,273.4375,4.8815225632862695
VisualCogB_Task-1,right,Fz,measured,281.25,5.837793285603466
VisualCogB_Task-1,right,Fz,measured,289.0625,6.4086742451861065
VisualCogB_Task-1,right,Fz,measured,296.875,6.908595315005582
VisualCogB_Task-1,right,Fz,measured,304.6875,7.888530231560804
VisualCogB_Task-1,right,Fz,measured,312.5,9.359401738401528
VisualCogB_Task-1,right,Fz,measured,320.3125,10.700568252093936
VisualCogB_Task-1,right,Fz,measured,328.125,11.171372554340389
VisualCogB_Task-1,right,Fz,measured,335.9375,10.714025393402467
VisualCogB_Task-1,right,Fz,measured,343.75,9.959930316568448
VisualCogB_Task-1,right,Fz,measured,351.5625,9.597260052555677
VisualCogB_Task-1,right,Fz,measured,359.375,9.56143526726305
VisualCogB_Task-1,right,Fz,measured,367.1875,9.120629761459085
VisualCogB_Task-1,right,Fz,measured,375.0,7.705561073162468
VisualCogB_Task-1,right,Fz,measured,382.8125,5.733458835503733
VisualCogB_Task-1,right,Fz,measured,390.625,4.189305288545961
VisualCogB_Task-1,right,Fz,measured,398.4375,3.6966060886355288
VisualCogB_Task-1,right,Fz,measured,406.25,3.861112361736524
VisualCogB_Task-1,right,Fz,measured,414.0625,3.7862433220991325
VisualCogB_Task-1,right,Fz,measured,421.875,2.957790341821813
VisualCogB_Task-1,right,Fz,measured,429.6875,1.7874475993462227
VisualCogB_Task-1,right,Fz,measured,437.5,1.0818058840364888
VisualCogB_Task-1,right,Fz,measured,445.3125,1.1893495134320935
VisualCogB_Task-1,right,Fz,measured,453.125,1.498353170342777
VisualCogB_Task-1,right,Fz,measured,460.9375,1.1633412709342625
VisualCogB_Task-1,right,Fz,measured,468.75,0.04119943684676234
VisualCogB_Task-1,right,Fz,measured,476.5625,-1.0303175359161945
VisualCogB_Task-1,right,Fz,measured,484.375,-1.1731143495430663
VisualCogB_Task-1,right,Fz,measured,492.1875,-0.30209610777705603
VisualCogB_Task-1,right,Fz,measured,500.0,0.7545224465734653
VisualCogB_Task-1,right,Fz,measured,507.8125,1.228378891481984
VisualCogB_Task-1,right,Fz,measured,515.625,1.0620996881963118
VisualCogB_Task-1,right,Fz,measured,523.4375,0.793101254776443
VisualCogB_Task-1,right,Fz,measured,531.25,0.8205142620311886
VisualCogB_Task-1,right,Fz,measured,539.0625,1.339145351896612
VisualCogB_Task-1,right,Fz,measured,546.875,2.4305101235501274
VisualCogB_Task-1,right,Fz,measured,554.6875,4.021487225494851
VisualCogB_Task-1,right,Fz,measured,562.5,5.624639312789431
VisualCogB_Task-1,right,Fz,measured,570.3125,6.799876347117799
VisualCogB_Task-1,right,Fz,measured,578.125,7.5711930980332856
VisualCogB_Task-1,right,Fz,measured,585.9375,8.4878575081981
VisualCogB_Task-1,right,Fz,measured,593.75,10.080576612405903
VisualCogB_Task-1,right,Fz,measured,601.5625,12.59886075407525
VisualCogB_Task-1,right,Fz,measured,609.375,15.764154337297725
VisualCogB_Task-1,right,Fz,measured,617.1875,19.022347368907656
VisualCogB_Task-1,right,Fz,measured,625.0,21.896655813513668
VisualCogB_Task-1,right,Fz,measured,632.8125,24.315414718921193
VisualCogB_Task-1,right,Fz,measured,640.625,26.326284483153366
VisualCogB_Task-1,right,Fz,measured,648.4375,28.01754716401956
VisualCogB_Task-1,right,Fz,measured,656.25,29.386236470574687
VisualCogB_Task-1,right,Fz,measured,664.0625,30.39670963347883
VisualCogB_Task-1,right,Fz,measured,671.875,30.893519714900787
VisualCogB_Task-1,right,Fz,measured,679.6875,30.789381461361142
VisualCogB_Task-1,right,Fz,measured,687.5,30.055540303828902
VisualCogB_Task-1,right,Fz,measured,695.3125,28.942526180815374
VisualCogB_Task-1,right,Fz,measured,703.125,27.84585733492441
VisualCogB_Task-1,right,Fz,measured,710.9375,27.1456730039644
VisualCogB_Task-1,right,Fz,measured,718.75,26.86556093048614
VisualCogB_Task-1,right,Fz,measured,726.5625,26.84100716725032
VisualCogB_Task-1,right,Fz,measured,734.375,26.718564910344803
VisualCogB_Task-1,right,Fz,measured,742.1875,26.187546840116813
VisualCogB_Task-1,right,Fz,measured,750.0,25.066987353695573
VisualCogB_Task-1,right,Fz,measured,757.8125,23.553987906615074
VisualCogB_Task-1,right,Fz,measured,765.625,22.10546325668991
VisualCogB_Task-1,right,Fz,measured,773.4375,21.258624103600056
VisualCogB_Task-1,right,Fz,measured,781.25,21.040214148159585
VisualCogB_Task-1,right,Fz,measured,789.0625,21.02072495998619
VisualCogB_Task-1,right,Fz,measured,796.875,20.70195690219401
VisualCogB_Task-1,right,Fz,revision,0.0,-0.17062769772242348
VisualCogB_Task-1,right,Fz,revision,7.8125,-0.22067013151266401
VisualCogB_Task-1,right,Fz,revision,15.625,-0.09218672140236084
VisualCogB_Task-1,right,Fz,revision,23.4375,0.46559705507838434
VisualCogB_Task-1,right,Fz,revision,31.25,1.6348445850407796
VisualCogB_Task-1,right,Fz,revision,39.0625,3.406755174024574
VisualCogB_Task-1,right,Fz,revision,46.875,5.584297091453982
VisualCogB_Task-1,right,Fz,revision,54.6875,7.89534363317519
VisualCogB_Task-1,right,Fz,revision,62.5,10.104382128883346
VisualCogB_Task-1,right,Fz,revision,70.3125,12.068309728895539
VisualCogB_Task-1,right,Fz,revision,78.125,13.728020065001262
VisualCogB_Task-1,right,Fz,revision,85.9375,15.085522172160923
VisualCogB_Task-1,right,Fz,revision,93.75,16.17314071636929
VisualCogB_Task-1,right,Fz,revision,101.5625,17.040147993022387
VisualCogB_Task-1,right,Fz,revision,109.375,17.734220659569836
VisualCogB_Task-1,right,Fz,revision,117.1875,18.299579000018063
VisualCogB_Task-1,right,Fz,revision,125.0,18.766969495682673
VisualCogB_Task-1,right,Fz,revision,132.8125,19.161452741020547
VisualCogB_Task-1,right,Fz,revision,140.625,19.49719103119289
VisualCogB_Task-1,right,Fz,revision,148.4375,19.78704524585913
VisualCogB_Task-1,right,Fz,revision,156.25,20.034179176781024
VisualCogB_Task-1,right,Fz,revision,164.0625,20.241782968673817
VisualCogB_Task-1,right,Fz,revision,171.875,20.408219209857915
VisualCogB_Task-1,right,Fz,revision,179.6875,20.543496741941816
VisualCogB_Task-1,right,Fz,revision,187.5,20.659211862495624
VisualCogB_Task-1,right,Fz,revision,195.3125,20.764160230467972
VisualCogB_Task-1,right,Fz,revision,203.125,20.83100527276133
VisualCogB_Task-1,right,Fz,revision,210.9375,20.807465552852534
VisualCogB_Task-1,right,Fz,revision,218.75,20.647495091479037
VisualCogB_Task-1,right,Fz,revision,226.5625,20.379867229502075
VisualCogB_Task-1,right,Fz,revision,234.375,20.09941833786369
VisualCogB_Task-1,right,Fz,revision,242.1875,19.916093258090783
VisualCogB_Task-1,right,Fz,revision,250.0,19.87373177582516
VisualCogB_Task-1,right,Fz,revision,257.8125,19.95219169581597
VisualCogB_Task-1,right,Fz,revision,265.625,20.087997366345917
VisualCogB_Task-1,right,Fz,revision,273.4375,20.22698081054866
VisualCogB_Task-1,right,Fz,revision,281.25,20.32649392898538
VisualCogB_Task-1,right,Fz,revision,289.0625,20.370822338889134
VisualCogB_Task-1,right,Fz,revision,296.875,20.34981484840511
VisualCogB_Task-1,right,Fz,revision,304.6875,20.27017094204598
VisualCogB_Task-1,right,Fz,revision,312.5,20.135398373933846
VisualCogB_Task-1,right,Fz,revision,320.3125,19.959737707234847
VisualCogB_Task-1,right,Fz,revision,328.125,19.74849328646053
VisualCogB_Task-1,right,Fz,revision,335.9375,19.514259788674273
VisualCogB_Task-1,right,Fz,revision,343.75,19.258614361103866
VisualCogB_Task-1,right,Fz,revision,351.5625,18.99077070388375
VisualCogB_Task-1,right,Fz,revision,359.375,18.709340136422036
VisualCogB_Task-1,right,Fz,revision,367.1875,18.421732487019902
VisualCogB_Task-1,right,Fz,revision,375.0,18.124987380096414
VisualCogB_Task-1,right,Fz,revision,382.8125,17.825687180510663
VisualCogB_Task-1,right,Fz,revision,390.625,17.519995650298917
VisualCogB_Task-1,right,Fz,revision,398.4375,17.21419256960901
VisualCogB_Task-1,right,Fz,revision,406.25,16.903957899922503
VisualCogB_Task-1,right,Fz,revision,414.0625,16.595521700451734
VisualCogB_Task-1,right,Fz,revision,421.875,16.284224706989477
VisualCogB_Task-1,right,Fz,revision,429.6875,15.976314082317918
VisualCogB_Task-1,right,Fz,revision,437.5,15.666826393851625
VisualCogB_Task-1,right,Fz,revision,445.3125,15.362046397835863
VisualCogB_Task-1,right,Fz,revision,453.125,15.056730363822815
VisualCogB_Task-1,right,Fz,revision,460.9375,14.757218119000324
VisualCogB_Task-1,right,Fz,revision,468.75,14.457999519739776
VisualCogB_Task-1,right,Fz,revision,476.5625,14.165474395512463
VisualCogB_Task-1,right,Fz,revision,484.375,13.873876913417403
VisualCogB_Task-1,right,Fz,revision,492.1875,13.58967961359866
VisualCogB_Task-1,right,Fz,revision,500.0,13.306877486084366
VisualCogB_Task-1,right,Fz,revision,507.8125,13.032023086702823
VisualCogB_Task-1,right,Fz,revision,515.625,12.7588788087311
VisualCogB_Task-1,right,Fz,revision,523.4375,12.49408580591918
VisualCogB_Task-1,right,Fz,revision,531.25,12.231194548402053
VisualCogB_Task-1,right,Fz,revision,539.0625,11.976952737374791
VisualCogB_Task-1,right,Fz,revision,546.875,11.724708390426105
VisualCogB_Task-1,right,Fz,revision,554.6875,11.481310617929212
VisualCogB_Task-1,right,Fz,revision,562.5,11.23990401441232
VisualCogB_Task-1,right,Fz,revision,570.3125,11.007451592603365
VisualCogB_Task-1,right,Fz,revision,578.125,10.776925557186718
VisualCogB_Task-1,right,Fz,revision,585.9375,10.555426076340915
VisualCogB_Task-1,right,Fz,revision,593.75,10.335745906852775
VisualCogB_Task-1,right,Fz,revision,601.5625,10.12507763461588
VisualCogB_Task-1,right,Fz,revision,609.375,9.91600521266984
VisualCogB_Task-1,right,Fz,revision,617.1875,9.715873295126233
VisualCogB_Task-1,right,Fz,revision,625.0,9.517219546895666
VisualCogB_Task-1,right,Fz,revision,632.8125,9.327637116419748
VisualCogB_Task-1,right,Fz,revision,640.625,9.139391199266655
VisualCogB_Task-1,right,Fz,revision,648.4375,8.959788558696392
VisualCogB_Task-1,right,Fz,revision,656.25,8.78061730569377
VisualCogB_Task-1,right,Fz,revision,664.0625,8.60986275064057
VisualCogB_Task-1,right,Fz,revision,671.875,8.440652722902632
VisualCogB_Task-1,right,Fz,revision,679.6875,8.281903755221451
VisualCogB_Task-1,right,Fz,revision,687.5,8.124198213554491
VisualCogB_Task-1,right,Fz,revision,695.3125,7.971461623339522
VisualCogB_Task-1,right,Fz,revision,703.125,7.812689048535731
VisualCogB_Task-1,right,Fz,revision,710.9375,7.661978417052491
VisualCogB_Task-1,right,Fz,revision,718.75,7.525307930519544
VisualCogB_Task-1,right,Fz,revision,726.5625,7.416981298632222
VisualCogB_Task-1,right,Fz,revision,734.375,7.302898806187778
VisualCogB_Task-1,right,Fz,revision,742.1875,7.142718358449813
VisualCogB_Task-1,right,Fz,revision,750.0,6.92070265997684
VisualCogB_Task-1,right,Fz,revision,757.8125,6.750533417186995
VisualCogB_Task-1,right,Fz,revision,765.625,6.7832509450005976
VisualCogB_Task-1,right,Fz,revision,773.4375,6.9940460407445055
VisualCogB_Task-1,right,Fz,revision,781.25,6.919763521172131
VisualCogB_Task-1,right,Fz,revision,789.0625,5.910652390464515
VisualCogB_Task-1,right,Fz,revision,796.875,3.8201359157393875
VisualCogB_Task-1,right,Fz,revision_v2,0.0,6.065933238656673e-05
VisualCogB_Task-1,right,Fz,revision_v2,7.8125,0.00015103345858285725
VisualCogB_Task-1,right,Fz,revision_v2,15.625,-0.0001224871582671783
VisualCogB_Task-1,right,Fz,revision_v2,23.4375,-0.0011589820928548048
VisualCogB_Task-1,right,Fz,revision_v2,31.25,-0.0030559861298387054
VisualCogB_Task-1,right,Fz,revision_v2,39.0625,-0.005405310279417276
VisualCogB_Task-1,right,Fz,revision_v2,46.875,-0.007481759117397846
VisualCogB_Task-1,right,Fz,revision_v2,54.6875,-0.008678305691807634
VisualCogB_Task-1,right,Fz,revision_v2,62.5,-0.008816910559216799
VisualCogB_Task-1,right,Fz,revision_v2,70.3125,-0.008129371992177496
VisualCogB_Task-1,right,Fz,revision_v2,78.125,-0.007014213612879269
VisualCogB_Task-1,right,Fz,revision_v2,85.9375,-0.005805323948889606
VisualCogB_Task-1,right,Fz,revision_v2,93.75,-0.004684435533706936
VisualCogB_Task-1,right,Fz,revision_v2,101.5625,-0.003713288106735588
VisualCogB_Task-1,right,Fz,revision_v2,109.375,-0.002897668123974627
VisualCogB_Task-1,right,Fz,revision_v2,117.1875,-0.0022275437813369255
VisualCogB_Task-1,right,Fz,revision_v2,125.0,-0.0016883404577850206
VisualCogB_Task-1,right,Fz,revision_v2,132.8125,-0.0012611794610734224
VisualCogB_Task-1,right,Fz,revision_v2,140.625,-0.0009235132762426774
VisualCogB_Task-1,right,Fz,revision_v2,148.4375,-0.0006522400482482686
VisualCogB_Task-1,right,Fz,revision_v2,156.25,-0.0004278916407886978
VisualCogB_Task-1,right,Fz,revision_v2,164.0625,-0.00024016805550904606
VisualCogB_Task-1,right,Fz,revision_v2,171.875,-9.059973794247255e-05
VisualCogB_Task-1,right,Fz,revision_v2,179.6875,1.5389618274305255e-05
VisualCogB_Task-1,right,Fz,revision_v2,187.5,8.887717897261738e-05
VisualCogB_Task-1,right,Fz,revision_v2,195.3125,0.00016888268268659522
VisualCogB_Task-1,right,Fz,revision_v2,203.125,0.00029166057592520657
VisualCogB_Task-1,right,Fz,revision_v2,210.9375,0.0004174154746328268
VisualCogB_Task-1,right,Fz,revision_v2,218.75,0.0003891369188798135
VisualCogB_Task-1,right,Fz,revision_v2,226.5625,1.6246650836458752e-05
VisualCogB_Task-1,right,Fz,revision_v2,234.375,-0.0007432875122519132
VisualCogB_Task-1,right,Fz,revision_v2,242.1875,-0.0016776531301098
VisualCogB_Task-1,right,Fz,revision_v2,250.0,-0.0024213282766624754
VisualCogB_Task-1,right,Fz,revision_v2,257.8125,-0.0026821846338491973
VisualCogB_Task-1,right,Fz,revision_v2,265.625,-0.0023979111859347307
VisualCogB_Task-1,right,Fz,revision_v2,273.4375,-0.0017170002461676247
VisualCogB_Task-1,right,Fz,revision_v2,281.25,-0.0008646300331739834
VisualCogB_Task-1,right,Fz,revision_v2,289.0625,-2.0940933698732957e-05
VisualCogB_Task-1,right,Fz,revision_v2,296.875,0.0007213653406243978
VisualCogB_Task-1,right,Fz,revision_v2,304.6875,0.0013356438545422456
VisualCogB_Task-1,right,Fz,revision_v2,312.5,0.0018253202117706042
VisualCogB_Task-1,right,Fz,revision_v2,320.3125,0.0022019167529971156
VisualCogB_Task-1,right,Fz,revision_v2,328.125,0.0024794342753233284
VisualCogB_Task-1,right,Fz,revision_v2,335.9375,0.00267383351452816
VisualCogB_Task-1,right,Fz,revision_v2,343.75,0.002801998213842992
VisualCogB_Task-1,right,Fz,revision_v2,351.5625,0.002878978900710073
VisualCogB_Task-1,right,Fz,revision_v2,359.375,0.002916677713327822
VisualCogB_Task-1,right,Fz,revision_v2,367.1875,0.0029236675111690377
VisualCogB_Task-1,right,Fz,revision_v2,375.0,0.0029064685807620593
VisualCogB_Task-1,right,Fz,revision_v2,382.8125,0.002870141006703814
VisualCogB_Task-1,right,Fz,revision_v2,390.625,0.0028189832968449637
VisualCogB_Task-1,right,Fz,revision_v2,398.4375,0.0027563503900370745
VisualCogB_Task-1,right,Fz,revision_v2,406.25,0.0026850487363657568
VisualCogB_Task-1,right,Fz,revision_v2,414.0625,0.0026071810269571046
VisualCogB_Task-1,right,Fz,revision_v2,421.875,0.0025246163897097674
VisualCogB_Task-1,right,Fz,revision_v2,429.6875,0.0024387743662847524
VisualCogB_Task-1,right,Fz,revision_v2,437.5,0.0023509947179053492
VisualCogB_Task-1,right,Fz,revision_v2,445.3125,0.002262236755358039
VisualCogB_Task-1,right,Fz,revision_v2,453.125,0.002173440638320746
VisualCogB_Task-1,right,Fz,revision_v2,460.9375,0.0020852192253537944
VisualCogB_Task-1,right,Fz,revision_v2,468.75,0.001998221826592012
VisualCogB_Task-1,right,Fz,revision_v2,476.5625,0.0019128033775847393
VisualCogB_Task-1,right,Fz,revision_v2,484.375,0.0018293912926041372
VisualCogB_Task-1,right,Fz,revision_v2,492.1875,0.0017481475062354895
VisualCogB_Task-1,right,Fz,revision_v2,500.0,0.0016693475560275988
VisualCogB_Task-1,right,Fz,revision_v2,507.8125,0.001593030870572689
VisualCogB_Task-1,right,Fz,revision_v2,515.625,0.001519380245904262
VisualCogB_Task-1,right,Fz,revision_v2,523.4375,0.001448352417102097
VisualCogB_Task-1,right,Fz,revision_v2,531.25,0.0013800614176052845
VisualCogB_Task-1,right,Fz,revision_v2,539.0625,0.0013144023648699753
VisualCogB_Task-1,right,Fz,revision_v2,546.875,0.0012514465223705579
VisualCogB_Task-1,right,Fz,revision_v2,554.6875,0.0011910527083399494
VisualCogB_Task-1,right,Fz,revision_v2,562.5,0.0011332650560566574
VisualCogB_Task-1,right,Fz,revision_v2,570.3125,0.0010779144195991646
VisualCogB_Task-1,right,Fz,revision_v2,578.125,0.0010250285980757526
VisualCogB_Task-1,right,Fz,revision_v2,585.9375,0.0009744261254389985
VisualCogB_Task-1,right,Fz,revision_v2,593.75,0.0009261301811637503
VisualCogB_Task-1,right,Fz,revision_v2,601.5625,0.0008799490050261343
VisualCogB_Task-1,right,Fz,revision_v2,609.375,0.0008359012347692519
VisualCogB_Task-1,right,Fz,revision_v2,617.1875,0.0007937948463012806
VisualCogB_Task-1,right,Fz,revision_v2,625.0,0.0007536616329671144
VisualCogB_Task-1,right,Fz,revision_v2,632.8125,0.0007153175730588114
VisualCogB_Task-1,right,Fz,revision_v2,640.625,0.0006787932147144089
VisualCogB_Task-1,right,Fz,revision_v2,648.4375,0.0006438859711579707
VisualCogB_Task-1,right,Fz,revision_v2,656.25,0.0006106207180054781
VisualCogB_Task-1,right,Fz,revision_v2,664.0625,0.0005788257239371605
VisualCogB_Task-1,right,Fz,revision_v2,671.875,0.0005486001259995743
VisualCogB_Task-1,right,Fz,revision_v2,679.6875,0.0005198048063884338
VisualCogB_Task-1,right,Fz,revision_v2,687.5,0.0004924312246769052
VisualCogB_Task-1,right,Fz,revision_v2,695.3125,0.0004661150299572245
VisualCogB_Task-1,right,Fz,revision_v2,703.125,0.00044080226824168544
VisualCogB_Task-1,right,Fz,revision_v2,710.9375,0.00041658526280980633
VisualCogB_Task-1,right,Fz,revision_v2,718.75,0.00039416220479188287
VisualCogB_Task-1,right,Fz,revision_v2,726.5625,0.0003736021268096546
VisualCogB_Task-1,right,Fz,revision_v2,734.375,0.00035384510196481673
VisualCogB_Task-1,right,Fz,revision_v2,742.1875,0.0003326122680576211
VisualCogB_Task-1,right,Fz,revision_v2,750.0,0.00030975812441752515
VisualCogB_Task-1,right,Fz,revision_v2,757.8125,0.00028975827017943697
VisualCogB_Task-1,right,Fz,revision_v2,765.625,0.00027957100094013626
VisualCogB_Task-1,right,Fz,revision_v2,773.4375,0.00027728144922137515
VisualCogB_Task-1,right,Fz,revision_v2,781.25,0.00026302870393164236
VisualCogB_Task-1,right,Fz,revision_v2,789.0625,0.0002084429290987966
VisualCogB_Task-1,right,Fz,revision_v2,796.875,0.00010891028927044275
VisualCogB_Task-1,right,Fz,revision_v3,0.0,0.1426643726740302
VisualCogB_Task-1,right,Fz,revision_v3,7.8125,-0.10820365237101548
VisualCogB_Task-1,right,Fz,revision_v3,15.625,-1.6970957183815436
VisualCogB_Task-1,right,Fz,revision_v3,23.4375,-4.78747599068687
VisualCogB_Task-1,right,Fz,revision_v3,31.25,-8.419968274347278
VisualCogB_Task-1,right,Fz,revision_v3,39.0625,-11.021198142961515
VisualCogB_Task-1,right,Fz,revision_v3,46.875,-11.486955702754022
VisualCogB_Task-1,right,Fz,revision_v3,54.6875,-9.799145753604952
VisualCogB_Task-1,right,Fz,revision_v3,62.5,-6.766328979649709
VisualCogB_Task-1,right,Fz,revision_v3,70.3125,-3.339184389710427
VisualCogB_Task-1,right,Fz,revision_v3,78.125,-0.14656966203032784
VisualCogB_Task-1,right,Fz,revision_v3,85.9375,2.5657882500356344
VisualCogB_Task-1,right,Fz,revision_v3,93.75,4.7679800698573445
VisualCogB_Task-1,right,Fz,revision_v3,101.5625,6.501540329162265
VisualCogB_Task-1,right,Fz,revision_v3,109.375,7.817018244755417
VisualCogB_Task-1,right,Fz,revision_v3,117.1875,8.778028886262522
VisualCogB_Task-1,right,Fz,revision_v3,125.0,9.455545703600048
VisualCogB_Task-1,right,Fz,revision_v3,132.8125,9.923856251426118
VisualCogB_Task-1,right,Fz,revision_v3,140.625,10.240025123365086
VisualCogB_Task-1,right,Fz,revision_v3,148.4375,10.44667006487089
VisualCogB_Task-1,right,Fz,revision_v3,156.25,10.567084314331336
VisualCogB_Task-1,right,Fz,revision_v3,164.0625,10.622321588713955
VisualCogB_Task-1,right,Fz,revision_v3,171.875,10.629934427348218
VisualCogB_Task-1,right,Fz,revision_v3,179.6875,10.6146325456848
VisualCogB_Task-1,right,Fz,revision_v3,187.5,10.587345689080117
VisualCogB_Task-1,right,Fz,revision_v3,195.3125,10.540598201581888
VisualCogB_Task-1,right,Fz,revision_v3,203.125,10.442019852937916
VisualCogB_Task-1,right,Fz,revision_v3,210.9375,10.2869235970837
VisualCogB_Task-1,right,Fz,revision_v3,218.75,10.136845091807979
VisualCogB_Task-1,right,Fz,revision_v3,226.5625,10.124285854729589
VisualCogB_Task-1,right,Fz,revision_v3,234.375,10.354481928172238
VisualCogB_Task-1,right,Fz,revision_v3,242.1875,10.831499927492265
VisualCogB_Task-1,right,Fz,revision_v3,250.0,11.441259860153826
VisualCogB_Task-1,right,Fz,revision_v3,257.8125,12.035883164736958
VisualCogB_Task-1,right,Fz,revision_v3,265.625,12.493475741979895
VisualCogB_Task-1,right,Fz,revision_v3,273.4375,12.761400941464142
VisualCogB_Task-1,right,Fz,revision_v3,281.25,12.829137227904265
VisualCogB_Task-1,right,Fz,revision_v3,289.0625,12.718762861945262
VisualCogB_Task-1,right,Fz,revision_v3,296.875,12.452620374342711
VisualCogB_Task-1,right,Fz,revision_v3,304.6875,12.063546412417164
VisualCogB_Task-1,right,Fz,revision_v3,312.5,11.577870694952466
VisualCogB_Task-1,right,Fz,revision_v3,320.3125,11.031615320766896
VisualCogB_Task-1,right,Fz,revision_v3,328.125,10.452098496490782
VisualCogB_Task-1,right,Fz,revision_v3,335.9375,9.874089772631574
VisualCogB_Task-1,right,Fz,revision_v3,343.75,9.321352162293685
VisualCogB_Task-1,right,Fz,revision_v3,351.5625,8.824457459629485
VisualCogB_Task-1,right,Fz,revision_v3,359.375,8.401912997063047
VisualCogB_Task-1,right,Fz,revision_v3,367.1875,8.078404207084283
VisualCogB_Task-1,right,Fz,revision_v3,375.0,7.864912498574487
VisualCogB_Task-1,right,Fz,revision_v3,382.8125,7.777665349731369
VisualCogB_Task-1,right,Fz,revision_v3,390.625,7.817985405857851
VisualCogB_Task-1,right,Fz,revision_v3,398.4375,7.992614589251053
VisualCogB_Task-1,right,Fz,revision_v3,406.25,8.29357160235213
VisualCogB_Task-1,right,Fz,revision_v3,414.0625,8.71962315118656
VisualCogB_Task-1,right,Fz,revision_v3,421.875,9.255731535981331
VisualCogB_Task-1,right,Fz,revision_v3,429.6875,9.895382141657022
VisualCogB_Task-1,right,Fz,revision_v3,437.5,10.619543541662484
VisualCogB_Task-1,right,Fz,revision_v3,445.3125,11.419721069052239
VisualCogB_Task-1,right,Fz,revision_v3,453.125,12.27610452093447
VisualCogB_Task-1,right,Fz,revision_v3,460.9375,13.180945635091387
VisualCogB_Task-1,right,Fz,revision_v3,468.75,14.115715076636844
VisualCogB_Task-1,right,Fz,revision_v3,476.5625,15.074875321335396
VisualCogB_Task-1,right,Fz,revision_v3,484.375,16.042211912681246
VisualCogB_Task-1,right,Fz,revision_v3,492.1875,17.015060266858725
VisualCogB_Task-1,right,Fz,revision_v3,500.0,17.979806386182624
VisualCogB_Task-1,right,Fz,revision_v3,507.8125,18.936597184539316
VisualCogB_Task-1,right,Fz,revision_v3,515.625,19.87412485000639
VisualCogB_Task-1,right,Fz,revision_v3,523.4375,20.794917013070016
VisualCogB_Task-1,right,Fz,revision_v3,531.25,21.68946312160324
VisualCogB_Task-1,right,Fz,revision_v3,539.0625,22.562118014325833
VisualCogB_Task-1,right,Fz,revision_v3,546.875,23.404622509871103
VisualCogB_Task-1,right,Fz,revision_v3,554.6875,24.22264606844592
VisualCogB_Task-1,right,Fz,revision_v3,562.5,25.008701608053087
VisualCogB_Task-1,right,Fz,revision_v3,570.3125,25.76932245701512
VisualCogB_Task-1,right,Fz,revision_v3,578.125,26.49741287387559
VisualCogB_Task-1,right,Fz,revision_v3,585.9375,27.2000698426547
VisualCogB_Task-1,right,Fz,revision_v3,593.75,27.87027679242088
VisualCogB_Task-1,right,Fz,revision_v3,601.5625,28.51525788721125
VisualCogB_Task-1,right,Fz,revision_v3,609.375,29.12766271406874
VisualCogB_Task-1,right,Fz,revision_v3,617.1875,29.714897186620163
VisualCogB_Task-1,right,Fz,revision_v3,625.0,30.269983372220167
VisualCogB_Task-1,right,Fz,revision_v3,632.8125,30.80101610829618
VisualCogB_Task-1,right,Fz,revision_v3,640.625,31.300149062732217
VisualCogB_Task-1,right,Fz,revision_v3,648.4375,31.773115620859876
VisualCogB_Task-1,right,Fz,revision_v3,656.25,32.20988565108626
VisualCogB_Task-1,right,Fz,revision_v3,664.0625,32.6191888308196
VisualCogB_Task-1,right,Fz,revision_v3,671.875,32.99924106488833
VisualCogB_Task-1,right,Fz,revision_v3,679.6875,33.36354524855349
VisualCogB_Task-1,right,Fz,revision_v3,687.5,33.696660336487234
VisualCogB_Task-1,right,Fz,revision_v3,695.3125,33.98284056469186
VisualCogB_Task-1,right,Fz,revision_v3,703.125,34.197768110185734
VisualCogB_Task-1,right,Fz,revision_v3,710.9375,34.38278544041509
VisualCogB_Task-1,right,Fz,revision_v3,718.75,34.6120632004223
VisualCogB_Task-1,right,Fz,revision_v3,726.5625,34.92958800857327
VisualCogB_Task-1,right,Fz,revision_v3,734.375,35.18262852424889
VisualCogB_Task-1,right,Fz,revision_v3,742.1875,35.09975375394535
VisualCogB_Task-1,right,Fz,revision_v3,750.0,34.62760293728792
VisualCogB_Task-1,right,Fz,revision_v3,757.8125,34.37211227035129
VisualCogB_Task-1,right,Fz,revision_v3,765.625,35.24580085666951
VisualCogB_Task-1,right,Fz,revision_v3,773.4375,37.08471907691666
VisualCogB_Task-1,right,Fz,revision_v3,781.25,37.29382404656356
VisualCogB_Task-1,right,Fz,revision_v3,789.0625,32.083782909368956
VisualCogB_Task-1,right,Fz,revision_v3,796.875,20.577698513042336
VisualCogB_Task-1,right,F4,measured,0.0,-3.7197509125615134
VisualCogB_Task-1,right,F4,measured,7.8125,-3.6254263103155893
VisualCogB_Task-1,right,F4,measured,15.625,-3.4280937916583967
VisualCogB_Task-1,right,F4,measured,23.4375,-3.2831660719126563
VisualCogB_Task-1,right,F4,measured,31.25,-3.3476593385977376
VisualCogB_Task-1,right,F4,measured,39.0625,-3.471883253302398
VisualCogB_Task-1,right,F4,measured,46.875,-3.4419047003717327
VisualCogB_Task-1,right,F4,measured,54.6875,-3.4348957858240716
VisualCogB_Task-1,right,F4,measured,62.5,-3.83502705680841
VisualCogB_Task-1,right,F4,measured,70.3125,-4.641228523176584
VisualCogB_Task-1,right,F4,measured,78.125,-5.436596039807729
VisualCogB_Task-1,right,F4,measured,85.9375,-5.850829915285167
VisualCogB_Task-1,right,F4,measured,93.75,-5.885936194229503
VisualCogB_Task-1,right,F4,measured,101.5625,-5.8005633162387245
VisualCogB_Task-1,right,F4,measured,109.375,-5.81393625845499
VisualCogB_Task-1,right,F4,measured,117.1875,-5.899539024737116
VisualCogB_Task-1,right,F4,measured,125.0,-5.924175258662801
VisualCogB_Task-1,right,F4,measured,132.8125,-5.960516338589771
VisualCogB_Task-1,right,F4,measured,140.625,-6.359592583756691
VisualCogB_Task-1,right,F4,measured,148.4375,-7.366839811279257
VisualCogB_Task-1,right,F4,measured,156.25,-8.701399702850047
VisualCogB_Task-1,right,F4,measured,164.0625,-9.730907954347302
VisualCogB_Task-1,right,F4,measured,171.875,-9.992547042629827
VisualCogB_Task-1,right,F4,measured,179.6875,-9.542962253328325
VisualCogB_Task-1,right,F4,measured,187.5,-8.912482114123216
VisualCogB_Task-1,right,F4,measured,195.3125,-8.592334384867483
VisualCogB_Task-1,right,F4,measured,203.125,-8.568782403418952
VisualCogB_Task-1,right,F4,measured,210.9375,-8.540451366529563
VisualCogB_Task-1,right,F4,measured,218.75,-8.455229525523333
VisualCogB_Task-1,right,F4,measured,226.5625,-8.522442312669549
VisualCogB_Task-1,right,F4,measured,234.375,-8.751221002862122
VisualCogB_Task-1,right,F4,measured,242.1875,-8.887453303019582
VisualCogB_Task-1,right,F4,measured,250.0,-8.774417401409169
VisualCogB_Task-1,right,F4,measured,257.8125,-8.426224028789532
VisualCogB_Task-1,right,F4,measured,265.625,-7.8245036978337446
VisualCogB_Task-1,right,F4,measured,273.4375,-7.061664501494929
VisualCogB_Task-1,right,F4,measured,281.25,-6.421744809582693
VisualCogB_Task-1,right,F4,measured,289.0625,-6.0189089026095175
VisualCogB_Task-1,right,F4,measured,296.875,-5.542325573289671
VisualCogB_Task-1,right,F4,measured,304.6875,-4.630963223422751
VisualCogB_Task-1,right,F4,measured,312.5,-3.3504071879615123
VisualCogB_Task-1,right,F4,measured,320.3125,-2.2215844378989296
VisualCogB_Task-1,right,F4,measured,328.125,-1.7416118615865614
VisualCogB_Task-1,right,F4,measured,335.9375,-1.9576130997549397
VisualCogB_Task-1,right,F4,measured,343.75,-2.4468085713162977
VisualCogB_Task-1,right,F4,measured,351.5625,-2.787974349866091
VisualCogB_Task-1,right,F4,measured,359.375,-3.025439016288605
VisualCogB_Task-1,right,F4,measured,367.1875,-3.6963345107179397
VisualCogB_Task-1,right,F4,measured,375.0,-5.137558968395015
VisualCogB_Task-1,right,F4,measured,382.8125,-6.94085330532668
VisualCogB_Task-1,right,F4,measured,390.625,-8.237807213310342
VisualCogB_Task-1,right,F4,measured,398.4375,-8.578565498060577
VisualCogB_Task-1,right,F4,measured,406.25,-8.385825538474394
VisualCogB_Task-1,right,F4,measured,414.0625,-8.539434952076798
VisualCogB_Task-1,right,F4,measured,421.875,-9.45072488816127
VisualCogB_Task-1,right,F4,measured,429.6875,-10.72244474841882
VisualCogB_Task-1,right,F4,measured,437.5,-11.595922447811628
VisualCogB_Task-1,right,F4,measured,445.3125,-11.804444152368346
VisualCogB_Task-1,right,F4,measured,453.125,-11.839340762756162
VisualCogB_Task-1,right,F4,measured,460.9375,-12.416901085531592
VisualCogB_Task-1,right,F4,measured,468.75,-13.575879620983963
VisualCogB_Task-1,right,F4,measured,476.5625,-14.505881335972834
VisualCogB_Task-1,right,F4,measured,484.375,-14.316833360498695
VisualCogB_Task-1,right,F4,measured,492.1875,-13.018854139470626
VisualCogB_Task-1,right,F4,measured,500.0,-11.487859766611766
VisualCogB_Task-1,right,F4,measured,507.8125,-10.542006937764304
VisualCogB_Task-1,right,F4,measured,515.625,-10.2138008634249
VisualCogB_Task-1,right,F4,measured,523.4375,-10.091781241385934
VisualCogB_Task-1,right,F4,measured,531.25,-9.882349533616512
VisualCogB_Task-1,right,F4,measured,539.0625,-9.4385279039271
VisualCogB_Task-1,right,F4,measured,546.875,-8.493869277225594
VisualCogB_Task-1,right,F4,measured,554.6875,-7.001656475702298
VisualCogB_Task-1,right,F4,measured,562.5,-5.370928022290225
VisualCogB_Task-1,right,F4,measured,570.3125,-4.073768827977228
VisualCogB_Task-1,right,F4,measured,578.125,-3.029151309178096
VisualCogB_Task-1,right,F4,measured,585.9375,-1.6991935494390955
VisualCogB_Task-1,right,F4,measured,593.75,0.49050472699573516
VisualCogB_Task-1,right,F4,measured,601.5625,3.7599625864825805
VisualCogB_Task-1,right,F4,measured,609.375,7.879082085823647
VisualCogB_Task-1,right,F4,measured,617.1875,12.262273543303726
VisualCogB_Task-1,right,F4,measured,625.0,16.43724368015821
VisualCogB_Task-1,right,F4,measured,632.8125,20.212614814977076
VisualCogB_Task-1,right,F4,measured,640.625,23.569091997727565
VisualCogB_Task-1,right,F4,measured,648.4375,26.43333447568593
VisualCogB_Task-1,right,F4,measured,656.25,28.690713718845668
VisualCogB_Task-1,right,F4,measured,664.0625,30.195880560122717
VisualCogB_Task-1,right,F4,measured,671.875,30.934819728645714
VisualCogB_Task-1,right,F4,measured,679.6875,30.94310617586762
VisualCogB_Task-1,right,F4,measured,687.5,30.29355637711056
VisualCogB_Task-1,right,F4,measured,695.3125,29.147669131624475
VisualCogB_Task-1,right,F4,measured,703.125,27.909410029085073
VisualCogB_Task-1,right,F4,measured,710.9375,26.993935930348304
VisualCogB_Task-1,right,F4,measured,718.75,26.567513443510443
VisualCogB_Task-1,right,F4,measured,726.5625,26.4281349627198
VisualCogB_Task-1,right,F4,measured,734.375,26.19628760061682
VisualCogB_Task-1,right,F4,measured,742.1875,25.502807284611922
VisualCogB_Task-1,right,F4,measured,750.0,24.279283159563438
VisualCogB_Task-1,right,F4,measured,757.8125,22.742616432152772
VisualCogB_Task-1,right,F4,measured,765.625,21.37591022346566
VisualCogB_Task-1,right,F4,measured,773.4375,20.59418944632734
VisualCogB_Task-1,right,F4,measured,781.25,20.419709332144024
VisualCogB_Task-1,right,F4,measured,789.0625,20.40872568984376
VisualCogB_Task-1,right,F4,measured,796.875,20.14436210073142
VisualCogB_Task-1,right,F4,revision,0.0,-0.1606829955143878
VisualCogB_Task-1,right,F4,revision,7.8125,-0.20835208552416962
VisualCogB_Task-1,right,F4,revision,15.625,-0.08584559680722048
VisualCogB_Task-1,right,F4,revision,23.4375,0.44593612855160014
VisualCogB_Task-1,right,F4,revision,31.25,1.5603765112161794
VisualCogB_Task-1,right,F4,revision,39.0625,3.248208914852493
VisualCogB_Task-1,right,F4,revision,46.875,5.320322082911554
VisualCogB_Task-1,right,F4,revision,54.6875,7.516355636416106
VisualCogB_Task-1,right,F4,revision,62.5,9.611988524584888
VisualCogB_Task-1,right,F4,revision,70.3125,11.472112754669748
VisualCogB_Task-1,right,F4,revision,78.125,13.04209731560341
VisualCogB_Task-1,right,F4,revision,85.9375,14.325079456387833
VisualCogB_Task-1,right,F4,revision,93.75,15.352309252296521
VisualCogB_Task-1,right,F4,revision,101.5625,16.170548621809054
VisualCogB_Task-1,right,F4,revision,109.375,16.824844315941505
VisualCogB_Task-1,right,F4,revision,117.1875,17.356961995121562
VisualCogB_Task-1,right,F4,revision,125.0,17.795987415624552
VisualCogB_Task-1,right,F4,revision,132.8125,18.165651302908795
VisualCogB_Task-1,right,F4,revision,140.625,18.479401359852776
VisualCogB_Task-1,right,F4,revision,148.4375,18.749448459076874
VisualCogB_Task-1,right,F4,revision,156.25,18.978840663686196
VisualCogB_Task-1,right,F4,revision,164.0625,19.17062499155622
VisualCogB_Task-1,right,F4,revision,171.875,19.323302491540815
VisualCogB_Task-1,right,F4,revision,179.6875,19.44642581755377
VisualCogB_Task-1,right,F4,revision,187.5,19.55112005986101
VisualCogB_Task-1,right,F4,revision,195.3125,19.645784788213444
VisualCogB_Task-1,right,F4,revision,203.125,19.70441055402262
VisualCogB_Task-1,right,F4,revision,210.9375,19.677104437380777
VisualCogB_Task-1,right,F4,revision,218.75,19.51997374357516
VisualCogB_Task-1,right,F4,revision,226.5625,19.26048282352413
VisualCogB_Task-1,right,F4,revision,234.375,18.989295456171476
VisualCogB_Task-1,right,F4,revision,242.1875,18.811410731245523
VisualCogB_Task-1,right,F4,revision,250.0,18.768576590853954
VisualCogB_Task-1,right,F4,revision,257.8125,18.841066036665477
VisualCogB_Task-1,right,F4,revision,265.625,18.96782161001324
VisualCogB_Task-1,right,F4,revision,273.4375,19.096923508139717
VisualCogB_Task-1,right,F4,revision,281.25,19.187984212446107
VisualCogB_Task-1,right,F4,revision,289.0625,19.226444134038132
VisualCogB_Task-1,right,F4,revision,296.875,19.2030451406201
VisualCogB_Task-1,right,F4,revision,304.6875,19.12427903332787
VisualCogB_Task-1,right,F4,revision,312.5,18.993503077237133
VisualCogB_Task-1,right,F4,revision,320.3125,18.82415361596053
VisualCogB_Task-1,right,F4,revision,328.125,18.62124969733853
VisualCogB_Task-1,right,F4,revision,335.9375,18.396693769444894
VisualCogB_Task-1,right,F4,revision,343.75,18.151995409103016
VisualCogB_Task-1,right,F4,revision,351.5625,17.89585501933951
VisualCogB_Task-1,right,F4,revision,359.375,17.626971287108162
VisualCogB_Task-1,right,F4,revision,367.1875,17.3523395355194
VisualCogB_Task-1,right,F4,revision,375.0,17.069179202763856
VisualCogB_Task-1,right,F4,revision,382.8125,16.783707472270997
VisualCogB_Task-1,right,F4,revision,390.625,16.492315827775705
VisualCogB_Task-1,right,F4,revision,398.4375,16.2009312049826
VisualCogB_Task-1,right,F4,revision,406.25,15.905483978859277
VisualCogB_Task-1,right,F4,revision,414.0625,15.611850851493685
VisualCogB_Task-1,right,F4,revision,421.875,15.315640562640198
VisualCogB_Task-1,right,F4,revision,429.6875,15.02274464533711
VisualCogB_Task-1,right,F4,revision,437.5,14.728483307286663
VisualCogB_Task-1,right,F4,revision,445.3125,14.438781588985115
VisualCogB_Task-1,right,F4,revision,453.125,14.148694048886721
VisualCogB_Task-1,right,F4,revision,460.9375,13.864196875431457
VisualCogB_Task-1,right,F4,revision,468.75,13.580092589676163
VisualCogB_Task-1,right,F4,revision,476.5625,13.302412722862972
VisualCogB_Task-1,right,F4,revision,484.375,13.025717602449777
VisualCogB_Task-1,right,F4,revision,492.1875,12.756107056343104
VisualCogB_Task-1,right,F4,revision,500.0,12.487916436711316
VisualCogB_Task-1,right,F4,revision,507.8125,12.227321435191392
VisualCogB_Task-1,right,F4,revision,515.625,11.968437796561293
VisualCogB_Task-1,right,F4,revision,523.4375,11.717524141799139
VisualCogB_Task-1,right,F4,revision,531.25,11.468496067559801
VisualCogB_Task-1,right,F4,revision,539.0625,11.227712454611432
VisualCogB_Task-1,right,F4,revision,546.875,10.988897690263265
VisualCogB_Task-1,right,F4,revision,554.6875,10.758506131864891
VisualCogB_Task-1,right,F4,revision,562.5,10.530070801336727
VisualCogB_Task-1,right,F4,revision,570.3125,10.310154161009367
VisualCogB_Task-1,right,F4,revision,578.125,10.092127136403699
VisualCogB_Task-1,right,F4,revision,585.9375,9.882681596237418
VisualCogB_Task-1,right,F4,revision,593.75,9.675019314798874
VisualCogB_Task-1,right,F4,revision,601.5625,9.475919498926434
VisualCogB_Task-1,right,F4,revision,609.375,9.278387378476861
VisualCogB_Task-1,right,F4,revision,617.1875,9.089345500232914
VisualCogB_Task-1,right,F4,revision,625.0,8.901754561488616
VisualCogB_Task-1,right,F4,revision,632.8125,8.722770223052073
VisualCogB_Task-1,right,F4,revision,640.625,8.54509708378302
VisualCogB_Task-1,right,F4,revision,648.4375,8.3756250541272
VisualCogB_Task-1,right,F4,revision,656.25,8.206612888088026
VisualCogB_Task-1,right,F4,revision,664.0625,8.045585150399692
VisualCogB_Task-1,right,F4,revision,671.875,7.886047576517361
VisualCogB_Task-1,right,F4,revision,679.6875,7.736393571843674
VisualCogB_Task-1,right,F4,revision,687.5,7.587755452147648
VisualCogB_Task-1,right,F4,revision,695.3125,7.443878946319832
VisualCogB_Task-1,right,F4,revision,703.125,7.294417070296623
VisualCogB_Task-1,right,F4,revision,710.9375,7.152594082768768
VisualCogB_Task-1,right,F4,revision,718.75,7.023881129049145
VisualCogB_Task-1,right,F4,revision,726.5625,6.921693090714648
VisualCogB_Task-1,right,F4,revision,734.375,6.814164075803141
VisualCogB_Task-1,right,F4,revision,742.1875,6.663810952768528
VisualCogB_Task-1,right,F4,revision,750.0,6.455881841000629
VisualCogB_Task-1,right,F4,revision,757.8125,6.296376412000597
VisualCogB_Task-1,right,F4,revision,765.625,6.325879610478245
VisualCogB_Task-1,right,F4,revision,773.4375,6.521349039811404
VisualCogB_Task-1,right,F4,revision,781.25,6.451226696686985
VisualCogB_Task-1,right,F4,revision,789.0625,5.5104102346045725
VisualCogB_Task-1,right,F4,revision,796.875,3.5623925133781085
VisualCogB_Task-1,right,F4,revision_v2,0.0,0.0007354119160119729
VisualCogB_Task-1,right,F4,revision_v2,7.8125,0.00045276246434175493
VisualCogB_Task-1,right,F4,revision_v2,15.625,8.361040764131439e-05
VisualCogB_Task-1,right,F4,revision_v2,23.4375,-0.00014190146419999078
VisualCogB_Task-1,right,F4,revision_v2,31.25,-0.0008339257417727744
VisualCogB_Task-1,right,F4,revision_v2,39.0625,-0.004382000361488232
VisualCogB_Task-1,right,F4,revision_v2,46.875,-0.01437549968229096
VisualCogB_Task-1,right,F4,revision_v2,54.6875,-0.033067354879841804
VisualCogB_Task-1,right,F4,revision_v2,62.5,-0.05889451222918737
VisualCogB_Task-1,right,F4,revision_v2,70.3125,-0.08673647958519069
VisualCogB_Task-1,right,F4,revision_v2,78.125,-0.11077093934901534
VisualCogB_Task-1,right,F4,revision_v2,85.9375,-0.1274411558830016
VisualCogB_Task-1,right,F4,revision_v2,93.75,-0.13633967369499791
VisualCogB_Task-1,right,F4,revision_v2,101.5625,-0.13919736214357853
VisualCogB_Task-1,right,F4,revision_v2,109.375,-0.13827830663532864
VisualCogB_Task-1,right,F4,revision_v2,117.1875,-0.1354329144472704
VisualCogB_Task-1,right,F4,revision_v2,125.0,-0.13184904781874268
VisualCogB_Task-1,right,F4,revision_v2,132.8125,-0.12825718273283965
VisualCogB_Task-1,right,F4,revision_v2,140.625,-0.12506954169522438
VisualCogB_Task-1,right,F4,revision_v2,148.4375,-0.12251296987163264
VisualCogB_Task-1,right,F4,revision_v2,156.25,-0.12062725518676774
VisualCogB_Task-1,right,F4,revision_v2,164.0625,-0.11936119816098902
VisualCogB_Task-1,right,F4,revision_v2,171.875,-0.1185713476871109
VisualCogB_Task-1,right,F4,revision_v2,179.6875,-0.11811972731182846
VisualCogB_Task-1,right,F4,revision_v2,187.5,-0.11786435637616134
VisualCogB_Task-1,right,F4,revision_v2,195.3125,-0.11776378219099834
VisualCogB_Task-1,right,F4,revision_v2,203.125,-0.11781722363361119
VisualCogB_Task-1,right,F4,revision_v2,210.9375,-0.11803388179468964
VisualCogB_Task-1,right,F4,revision_v2,218.75,-0.11824735237239527
VisualCogB_Task-1,right,F4,revision_v2,226.5625,-0.11826739450268396
VisualCogB_Task-1,right,F4,revision_v2,234.375,-0.1182666035609911
VisualCogB_Task-1,right,F4,revision_v2,242.1875,-0.11933636865777034
VisualCogB_Task-1,right,F4,revision_v2,250.0,-0.12310907800903019
VisualCogB_Task-1,right,F4,revision_v2,257.8125,-0.13051153598152687
VisualCogB_Task-1,right,F4,revision_v2,265.625,-0.140492743498824
VisualCogB_Task-1,right,F4,revision_v2,273.4375,-0.15037742078008165
VisualCogB_Task-1,right,F4,revision_v2,281.25,-0.1573446119218786
VisualCogB_Task-1,right,F4,revision_v2,289.0625,-0.15994990753774813
VisualCogB_Task-1,right,F4,revision_v2,296.875,-0.15834624096618483
VisualCogB_Task-1,right,F4,revision_v2,304.6875,-0.15371986304827323
VisualCogB_Task-1,right,F4,revision_v2,312.5,-0.14736766920686212
VisualCogB_Task-1,right,F4,revision_v2,320.3125,-0.14032284638916126
VisualCogB_Task-1,right,F4,revision_v2,328.125,-0.133194936308207
VisualCogB_Task-1,right,F4,revision_v2,335.9375,-0.12637579104395713
VisualCogB_Task-1,right,F4,revision_v2,343.75,-0.12004112476081
VisualCogB_Task-1,right,F4,revision_v2,351.5625,-0.11429877390531462
VisualCogB_Task-1,right,F4,revision_v2,359.375,-0.1091137841178288
VisualCogB_Task-1,right,F4,revision_v2,367.1875,-0.10444573888962934
VisualCogB_Task-1,right,F4,revision_v2,375.0,-0.10017801867347921
VisualCogB_Task-1,right,F4,revision_v2,382.8125,-0.09625145033933528
VisualCogB_Task-1,right,F4,revision_v2,390.625,-0.09256517638858554
VisualCogB_Task-1,right,F4,revision_v2,398.4375,-0.08908994176731345
VisualCogB_Task-1,right,F4,revision_v2,406.25,-0.08575245505789744
VisualCogB_Task-1,right,F4,revision_v2,414.0625,-0.08254933272257253
VisualCogB_Task-1,right,F4,revision_v2,421.875,-0.07942807497733964
VisualCogB_Task-1,right,F4,revision_v2,429.6875,-0.07640466394105946
VisualCogB_Task-1,right,F4,revision_v2,437.5,-0.07344031124569567
VisualCogB_Task-1,right,F4,revision_v2,445.3125,-0.07056251066553189
VisualCogB_Task-1,right,F4,revision_v2,453.125,-0.06773869540762519
VisualCogB_Task-1,right,F4,revision_v2,460.9375,-0.06500173167156734
VisualCogB_Task-1,right,F4,revision_v2,468.75,-0.062320771992719896
VisualCogB_Task-1,right,F4,revision_v2,476.5625,-0.05973086565906041
VisualCogB_Task-1,right,F4,revision_v2,484.375,-0.05720070302457768
VisualCogB_Task-1,right,F4,revision_v2,492.1875,-0.05476604134121851
VisualCogB_Task-1,right,F4,revision_v2,500.0,-0.052394137845459626
VisualCogB_Task-1,right,F4,revision_v2,507.8125,-0.0501207572143888
VisualCogB_Task-1,right,F4,revision_v2,515.625,-0.04791127511821183
VisualCogB_Task-1,right,F4,revision_v2,523.4375,-0.04580129694166495
VisualCogB_Task-1,right,F4,revision_v2,531.25,-0.04375447217671345
VisualCogB_Task-1,right,F4,revision_v2,539.0625,-0.04180651378586847
VisualCogB_Task-1,right,F4,revision_v2,546.875,-0.039919532431778884
VisualCogB_Task-1,right,F4,revision_v2,554.6875,-0.038129383975234216
VisualCogB_Task-1,right,F4,revision_v2,562.5,-0.03639671982084863
VisualCogB_Task-1,right,F4,revision_v2,570.3125,-0.03475777526272822
VisualCogB_Task-1,right,F4,revision_v2,578.125,-0.03317209934858616
VisualCogB_Task-1,right,F4,revision_v2,585.9375,-0.03167655211231465
VisualCogB_Task-1,right,F4,revision_v2,593.75,-0.030229633893964294
VisualCogB_Task-1,right,F4,revision_v2,601.5625,-0.028868765957122802
VisualCogB_Task-1,right,F4,revision_v2,609.375,-0.02755146152968566
VisualCogB_Task-1,right,F4,revision_v2,617.1875,-0.02631597955713289
VisualCogB_Task-1,right,F4,revision_v2,625.0,-0.025119242974201265
VisualCogB_Task-1,right,F4,revision_v2,632.8125,-0.024000508483700604
VisualCogB_Task-1,right,F4,revision_v2,640.625,-0.02291574259055702
VisualCogB_Task-1,right,F4,revision_v2,648.4375,-0.02190444773119162
VisualCogB_Task-1,right,F4,revision_v2,656.25,-0.020921466841336365
VisualCogB_Task-1,right,F4,revision_v2,664.0625,-0.020008017960041098
VisualCogB_Task-1,right,F4,revision_v2,671.875,-0.019120350443793684
VisualCogB_Task-1,right,F4,revision_v2,679.6875,-0.018301598642187528
VisualCogB_Task-1,right,F4,revision_v2,687.5,-0.017503921103854195
VisualCogB_Task-1,right,F4,revision_v2,695.3125,-0.01676430306617967
VisualCogB_Task-1,right,F4,revision_v2,703.125,-0.01603253014907488
VisualCogB_Task-1,right,F4,revision_v2,710.9375,-0.015360631266704011
VisualCogB_Task-1,right,F4,revision_v2,718.75,-0.014721185117908962
VisualCogB_Task-1,right,F4,revision_v2,726.5625,-0.01416629369203762
VisualCogB_Task-1,right,F4,revision_v2,734.375,-0.013611985340366166
VisualCogB_Task-1,right,F4,revision_v2,742.1875,-0.013036681201444768
VisualCogB_Task-1,right,F4,revision_v2,750.0,-0.012384544208621466
VisualCogB_Task-1,right,F4,revision_v2,757.8125,-0.011849263567368935
VisualCogB_Task-1,right,F4,revision_v2,765.625,-0.011599880156073276
VisualCogB_Task-1,right,F4,revision_v2,773.4375,-0.011628299967851984
VisualCogB_Task-1,right,F4,revision_v2,781.25,-0.011251491924503976
VisualCogB_Task-1,right,F4,revision_v2,789.0625,-0.009622197056016156
VisualCogB_Task-1,right,F4,revision_v2,796.875,-0.0065400944891083335
VisualCogB_Task-1,right,F4,revision_v3,0.0,0.04475813263766781
VisualCogB_Task-1,right,F4,revision_v3,7.8125,-0.162881550143263
VisualCogB_Task-1,right,F4,revision_v3,15.625,-1.6383792164218498
VisualCogB_Task-1,right,F4,revision_v3,23.4375,-4.512618846139102
VisualCogB_Task-1,right,F4,revision_v3,31.25,-7.730579298414696
VisualCogB_Task-1,right,F4,revision_v3,39.0625,-9.562035244629097
VisualCogB_Task-1,right,F4,revision_v3,46.875,-8.854797114070045
VisualCogB_Task-1,right,F4,revision_v3,54.6875,-5.8580470529463415
VisualCogB_Task-1,right,F4,revision_v3,62.5,-1.9144444733245187
VisualCogB_Task-1,right,F4,revision_v3,70.3125,1.5521484953173363
VisualCogB_Task-1,right,F4,revision_v3,78.125,3.7910172930739607
VisualCogB_Task-1,right,F4,revision_v3,85.9375,4.796281852253858
VisualCogB_Task-1,right,F4,revision_v3,93.75,4.931503815837695
VisualCogB_Task-1,right,F4,revision_v3,101.5625,4.578051000115808
VisualCogB_Task-1,right,F4,revision_v3,109.375,3.990017758253601
VisualCogB_Task-1,right,F4,revision_v3,117.1875,3.3237858796208637
VisualCogB_Task-1,right,F4,revision_v3,125.0,2.6829945724683375
VisualCogB_Task-1,right,F4,revision_v3,132.8125,2.1465021510873052
VisualCogB_Task-1,right,F4,revision_v3,140.625,1.7551693743449412
VisualCogB_Task-1,right,F4,revision_v3,148.4375,1.519110454358806
VisualCogB_Task-1,right,F4,revision_v3,156.25,1.418027822696338
VisualCogB_Task-1,right,F4,revision_v3,164.0625,1.4280846679024064
VisualCogB_Task-1,right,F4,revision_v3,171.875,1.524849749215309
VisualCogB_Task-1,right,F4,revision_v3,179.6875,1.69818040209511
VisualCogB_Task-1,right,F4,revision_v3,187.5,1.9304696973072488
VisualCogB_Task-1,right,F4,revision_v3,195.3125,2.1934042214249434
VisualCogB_Task-1,right,F4,revision_v3,203.125,2.4368129962566325
VisualCogB_Task-1,right,F4,revision_v3,210.9375,2.638909261011218
VisualCogB_Task-1,right,F4,revision_v3,218.75,2.8420184789250182
VisualCogB_Task-1,right,F4,revision_v3,226.5625,3.1654180435629984
VisualCogB_Task-1,right,F4,revision_v3,234.375,3.710419720655067
VisualCogB_Task-1,right,F4,revision_v3,242.1875,4.481054442387258
VisualCogB_Task-1,right,F4,revision_v3,250.0,5.349170609158653
VisualCogB_Task-1,right,F4,revision_v3,257.8125,6.1400340825546245
VisualCogB_Task-1,right,F4,revision_v3,265.625,6.709368542584658
VisualCogB_Task-1,right,F4,revision_v3,273.4375,7.007966362188862
VisualCogB_Task-1,right,F4,revision_v3,281.25,7.051408585729751
VisualCogB_Task-1,right,F4,revision_v3,289.0625,6.897841819057751
VisualCogB_Task-1,right,F4,revision_v3,296.875,6.598800379556943
VisualCogB_Task-1,right,F4,revision_v3,304.6875,6.20751395140965
VisualCogB_Task-1,right,F4,revision_v3,312.5,5.761557284777824
VisualCogB_Task-1,right,F4,revision_v3,320.3125,5.305550452274587
VisualCogB_Task-1,right,F4,revision_v3,328.125,4.871680537544371
VisualCogB_Task-1,right,F4,revision_v3,335.9375,4.4992049605792115
VisualCogB_Task-1,right,F4,revision_v3,343.75,4.213185880784722
VisualCogB_Task-1,right,F4,revision_v3,351.5625,4.046000720277349
VisualCogB_Task-1,right,F4,revision_v3,359.375,4.01595442211446
VisualCogB_Task-1,right,F4,revision_v3,367.1875,4.1489810254983395
VisualCogB_Task-1,right,F4,revision_v3,375.0,4.455241833627605
VisualCogB_Task-1,right,F4,revision_v3,382.8125,4.95092094600193
VisualCogB_Task-1,right,F4,revision_v3,390.625,5.634238136932202
VisualCogB_Task-1,right,F4,revision_v3,398.4375,6.508992466002693
VisualCogB_Task-1,right,F4,revision_v3,406.25,7.560880429459218
VisualCogB_Task-1,right,F4,revision_v3,414.0625,8.78265684730275
VisualCogB_Task-1,right,F4,revision_v3,421.875,10.150193396640207
VisualCogB_Task-1,right,F4,revision_v3,429.6875,11.648838403052967
VisualCogB_Task-1,right,F4,revision_v3,437.5,13.24906489584392
VisualCogB_Task-1,right,F4,revision_v3,445.3125,14.93376364582091
VisualCogB_Task-1,right,F4,revision_v3,453.125,16.672922789227783
VisualCogB_Task-1,right,F4,revision_v3,460.9375,18.451219825308357
VisualCogB_Task-1,right,F4,revision_v3,468.75,20.24143462910615
VisualCogB_Task-1,right,F4,revision_v3,476.5625,22.032385662495372
VisualCogB_Task-1,right,F4,revision_v3,484.375,23.80124398923502
VisualCogB_Task-1,right,F4,revision_v3,492.1875,25.5418877915497
VisualCogB_Task-1,right,F4,revision_v3,500.0,27.236174015982563
VisualCogB_Task-1,right,F4,revision_v3,507.8125,28.8828316637042
VisualCogB_Task-1,right,F4,revision_v3,515.625,30.467861196517298
VisualCogB_Task-1,right,F4,revision_v3,523.4375,31.9940514709102
VisualCogB_Task-1,right,F4,revision_v3,531.25,33.45056113274488
VisualCogB_Task-1,right,F4,revision_v3,539.0625,34.84316681581414
VisualCogB_Task-1,right,F4,revision_v3,546.875,36.16318558167
VisualCogB_Task-1,right,F4,revision_v3,554.6875,37.418510415942045
VisualCogB_Task-1,right,F4,revision_v3,562.5,38.6018116969312
VisualCogB_Task-1,right,F4,revision_v3,570.3125,39.72229903236923
VisualCogB_Task-1,right,F4,revision_v3,578.125,40.77327942874256
VisualCogB_Task-1,right,F4,revision_v3,585.9375,41.764727412328156
VisualCogB_Task-1,right,F4,revision_v3,593.75,42.69009426064461
VisualCogB_Task-1,right,F4,revision_v3,601.5625,43.55948687693414
VisualCogB_Task-1,right,F4,revision_v3,609.375,44.3658792920627
VisualCogB_Task-1,right,F4,revision_v3,617.1875,45.119524395209346
VisualCogB_Task-1,right,F4,revision_v3,625.0,45.81386961701397
VisualCogB_Task-1,right,F4,revision_v3,632.8125,46.46002832210693
VisualCogB_Task-1,right,F4,revision_v3,640.625,47.050191497727916
VisualCogB_Task-1,right,F4,revision_v3,648.4375,47.59203935253119
VisualCogB_Task-1,right,F4,revision_v3,656.25,48.07464531136952
VisualCogB_Task-1,right,F4,revision_v3,664.0625,48.50981477305229
VisualCogB_Task-1,right,F4,revision_v3,671.875,48.898221456024736
VisualCogB_Task-1,right,F4,revision_v3,679.6875,49.258282083683945
VisualCogB_Task-1,right,F4,revision_v3,687.5,49.571319470034105
VisualCogB_Task-1,right,F4,revision_v3,695.3125,49.81435615659001
VisualCogB_Task-1,right,F4,revision_v3,703.125,49.95622841232028
VisualCogB_Task-1,right,F4,revision_v3,710.9375,50.05454178852971
VisualCogB_Task-1,right,F4,revision_v3,718.75,50.21703766165631
VisualCogB_Task-1,right,F4,revision_v3,726.5625,50.504544962796636
VisualCogB_Task-1,right,F4,revision_v3,734.375,50.704046095309444
VisualCogB_Task-1,right,F4,revision_v3,742.1875,50.43129416053059
VisualCogB_Task-1,right,F4,revision_v3,750.0,49.614760646021566
VisualCogB_Task-1,right,F4,revision_v3,757.8125,49.10952866342532
VisualCogB_Task-1,right,F4,revision_v3,765.625,50.20565160078085
VisualCogB_Task-1,right,F4,revision_v3,773.4375,52.66644791161118
VisualCogB_Task-1,right,F4,revision_v3,781.25,52.828061604346004
VisualCogB_Task-1,right,F4,revision_v3,789.0625,45.34425752488594
VisualCogB_Task-1,right,F4,revision_v3,796.875,28.995483253962497
VisualCogB_Task-2,left,F3,measured,0.0,-1.1568788031260557
VisualCogB_Task-2,left,F3,measured,7.8125,-2.1624245364733663
VisualCogB_Task-2,left,F3,measured,15.625,-3.012734756182805
VisualCogB_Task-2,left,F3,measured,23.4375,-3.74318802439414
VisualCogB_Task-2,left,F3,measured,31.25,-4.402697107946732
VisualCogB_Task-2,left,F3,measured,39.0625,-5.030853327617517
VisualCogB_Task-2,left,F3,measured,46.875,-5.671458601785311
VisualCogB_Task-2,left,F3,measured,54.6875,-6.250474082579912
VisualCogB_Task-2,left,F3,measured,62.5,-6.676546105939534
VisualCogB_Task-2,left,F3,measured,70.3125,-6.855741754947154
VisualCogB_Task-2,left,F3,measured,78.125,-6.874427461077418
VisualCogB_Task-2,left,F3,measured,85.9375,-6.964971538847798
VisualCogB_Task-2,left,F3,measured,93.75,-7.4262361637945835
VisualCogB_Task-2,left,F3,measured,101.5625,-8.23499495381595
VisualCogB_Task-2,left,F3,measured,109.375,-9.203643746797004
VisualCogB_Task-2,left,F3,measured,117.1875,-10.12184420165046
VisualCogB_Task-2,left,F3,measured,125.0,-10.962482478072314
VisualCogB_Task-2,left,F3,measured,132.8125,-11.65178069984465
VisualCogB_Task-2,left,F3,measured,140.625,-12.187519871644103
VisualCogB_Task-2,left,F3,measured,148.4375,-12.586308444260807
VisualCogB_Task-2,left,F3,measured,156.25,-13.131327490255668
VisualCogB_Task-2,left,F3,measured,164.0625,-14.034287355698535
VisualCogB_Task-2,left,F3,measured,171.875,-15.321800374838796
VisualCogB_Task-2,left,F3,measured,179.6875,-16.641875342004777
VisualCogB_Task-2,left,F3,measured,187.5,-17.80583191267069
VisualCogB_Task-2,left,F3,measured,195.3125,-18.87244094949963
VisualCogB_Task-2,left,F3,measured,203.125,-20.255595166493077
VisualCogB_Task-2,left,F3,measured,210.9375,-22.095103703774402
VisualCogB_Task-2,left,F3,measured,218.75,-24.057341188082717
VisualCogB_Task-2,left,F3,measured,226.5625,-25.235459536980283
VisualCogB_Task-2,left,F3,measured,234.375,-25.140392327151993
VisualCogB_Task-2,left,F3,measured,242.1875,-24.02398009918788
VisualCogB_Task-2,left,F3,measured,250.0,-22.798406300936353
VisualCogB_Task-2,left,F3,measured,257.8125,-22.021937172610176
VisualCogB_Task-2,left,F3,measured,265.625,-21.852442671383386
VisualCogB_Task-2,left,F3,measured,273.4375,-22.013832723031317
VisualCogB_Task-2,left,F3,measured,281.25,-22.332304566591528
VisualCogB_Task-2,left,F3,measured,289.0625,-22.58856369602427
VisualCogB_Task-2,left,F3,measured,296.875,-22.974663301061142
VisualCogB_Task-2,left,F3,measured,304.6875,-23.770221029824633
VisualCogB_Task-2,left,F3,measured,312.5,-25.18983134066052
VisualCogB_Task-2,left,F3,measured,320.3125,-26.716962244464707
VisualCogB_Task-2,left,F3,measured,328.125,-27.796482275312318
VisualCogB_Task-2,left,F3,measured,335.9375,-28.272652546336836
VisualCogB_Task-2,left,F3,measured,343.75,-28.78500275241951
VisualCogB_Task-2,left,F3,measured,351.5625,-29.697526769047652
VisualCogB_Task-2,left,F3,measured,359.375,-30.858820883595214
VisualCogB_Task-2,left,F3,measured,367.1875,-31.643771049249573
VisualCogB_Task-2,left,F3,measured,375.0,-32.15510536167968
VisualCogB_Task-2,left,F3,measured,382.8125,-33.036175568200974
VisualCogB_Task-2,left,F3,measured,390.625,-35.09534596578608
VisualCogB_Task-2,left,F3,measured,398.4375,-38.07524500124506
VisualCogB_Task-2,left,F3,measured,406.25,-41.08763496654323
VisualCogB_Task-2,left,F3,measured,414.0625,-43.1812546464698
VisualCogB_Task-2,left,F3,measured,421.875,-44.30689781354607
VisualCogB_Task-2,left,F3,measured,429.6875,-44.68284897840051
VisualCogB_Task-2,left,F3,measured,437.5,-44.73222065837946
VisualCogB_Task-2,left,F3,measured,445.3125,-44.54501591714659
VisualCogB_Task-2,left,F3,measured,453.125,-44.3076023685227
VisualCogB_Task-2,left,F3,measured,460.9375,-43.7804407288986
VisualCogB_Task-2,left,F3,measured,468.75,-42.70968453398914
VisualCogB_Task-2,left,F3,measured,476.5625,-40.75681273813926
VisualCogB_Task-2,left,F3,measured,484.375,-38.32132426744431
VisualCogB_Task-2,left,F3,measured,492.1875,-35.95519405174425
VisualCogB_Task-2,left,F3,measured,500.0,-34.243272709058054
VisualCogB_Task-2,left,F3,measured,507.8125,-33.07132695263667
VisualCogB_Task-2,left,F3,measured,515.625,-32.2186875686127
VisualCogB_Task-2,left,F3,measured,523.4375,-31.257855254779752
VisualCogB_Task-2,left,F3,measured,531.25,-30.254230614767106
VisualCogB_Task-2,left,F3,measured,539.0625,-29.10887105130204
VisualCogB_Task-2,left,F3,measured,546.875,-27.675164151163344
VisualCogB_Task-2,left,F3,measured,554.6875,-25.381259958998122
VisualCogB_Task-2,left,F3,measured,562.5,-22.267201197934526
VisualCogB_Task-2,left,F3,measured,570.3125,-18.737394095633533
VisualCogB_Task-2,left,F3,measured,578.125,-15.517733672158744
VisualCogB_Task-2,left,F3,measured,585.9375,-12.542513954389046
VisualCogB_Task-2,left,F3,measured,593.75,-9.617275405787785
VisualCogB_Task-2,left,F3,measured,601.5625,-6.636633872594999
VisualCogB_Task-2,left,F3,measured,609.375,-4.361228926353647
VisualCogB_Task-2,left,F3,measured,617.1875,-3.176450577591029
VisualCogB_Task-2,left,F3,measured,625.0,-2.835206206636244
VisualCogB_Task-2,left,F3,measured,632.8125,-2.2986608372024815
VisualCogB_Task-2,left,F3,measured,640.625,-1.3031851432560664
VisualCogB_Task-2,left,F3,measured,648.4375,-0.20547461923565738
VisualCogB_Task-2,left,F3,measured,656.25,-0.013922695699083316
VisualCogB_Task-2,left,F3,measured,664.0625,-1.1015139629176975
VisualCogB_Task-2,left,F3,measured,671.875,-3.458452091893318
VisualCogB_Task-2,left,F3,measured,679.6875,-6.419211762749441
VisualCogB_Task-2,left,F3,measured,687.5,-9.62677578201836
VisualCogB_Task-2,left,F3,measured,695.3125,-12.521206531967508
VisualCogB_Task-2,left,F3,measured,703.125,-14.892700111727098
VisualCogB_Task-2,left,F3,measured,710.9375,-16.567272419450237
VisualCogB_Task-2,left,F3,measured,718.75,-17.983151224431737
VisualCogB_Task-2,left,F3,measured,726.5625,-19.126206379215073
VisualCogB_Task-2,left,F3,measured,734.375,-20.081103130319715
VisualCogB_Task-2,left,F3,measured,742.1875,-20.903414137782345
VisualCogB_Task-2,left,F3,measured,750.0,-22.18114884632779
VisualCogB_Task-2,left,F3,measured,757.8125,-23.980601852977152
VisualCogB_Task-2,left,F3,measured,765.625,-26.306227669832555
VisualCogB_Task-2,left,F3,measured,773.4375,-28.632920530684437
VisualCogB_Task-2,left,F3,measured,781.25,-30.7750318766034
VisualCogB_Task-2,left,F3,measured,789.0625,-32.448423954689865
VisualCogB_Task-2,left,F3,measured,796.875,-33.96176717725913
VisualCogB_Task-2,left,F3,revision,0.0,-0.10132939568747856
VisualCogB_Task-2,left,F3,revision,7.8125,-0.13883678765021168
VisualCogB_Task-2,left,F3,revision,15.625,-0.041193148349075503
VisualCogB_Task-2,left,F3,revision,23.4375,0.3823619979210444
VisualCogB_Task-2,left,F3,revision,31.25,1.266059475164908
VisualCogB_Task-2,left,F3,revision,39.0625,2.590414637272288
VisualCogB_Task-2,left,F3,revision,46.875,4.187136962612771
VisualCogB_Task-2,left,F3,revision,54.6875,5.835847007559746
VisualCogB_Task-2,left,F3,revision,62.5,7.360602644248862
VisualCogB_Task-2,left,F3,revision,70.3125,8.67220772613395
VisualCogB_Task-2,left,F3,revision,78.125,9.751424778903987
VisualCogB_Task-2,left,F3,revision,85.9375,10.618402643128784
VisualCogB_Task-2,left,F3,revision,93.75,11.304719921138116
VisualCogB_Task-2,left,F3,revision,101.5625,11.845126952153253
VisualCogB_Task-2,left,F3,revision,109.375,12.269947236038684
VisualCogB_Task-2,left,F3,revision,117.1875,12.606798945457545
VisualCogB_Task-2,left,F3,revision,125.0,12.875292691048823
VisualCogB_Task-2,left,F3,revision,132.8125,13.09164683982741
VisualCogB_Task-2,left,F3,revision,140.625,13.265369302016476
VisualCogB_Task-2,left,F3,revision,148.4375,13.4051117985871
VisualCogB_Task-2,left,F3,revision,156.25,13.513398093611253
VisualCogB_Task-2,left,F3,revision,164.0625,13.592486391308851
VisualCogB_Task-2,left,F3,revision,171.875,13.641856169267198
VisualCogB_Task-2,left,F3,revision,179.6875,13.669184454992294
VisualCogB_Task-2,left,F3,revision,187.5,13.684210370900674
VisualCogB_Task-2,left,F3,revision,195.3125,13.693720292067761
VisualCogB_Task-2,left,F3,revision,203.125,13.6775600933885
VisualCogB_Task-2,left,F3,revision,210.9375,13.595289958087907
VisualCogB_Task-2,left,F3,revision,218.75,13.412258239788683
VisualCogB_Task-2,left,F3,revision,226.5625,13.151279059376956
VisualCogB_Task-2,left,F3,revision,234.375,12.888387722719976
VisualCogB_Task-2,left,F3,revision,242.1875,12.709749956289189
VisualCogB_Task-2,left,F3,revision,250.0,12.647548451379821
VisualCogB_Task-2,left,F3,revision,257.8125,12.678257578019165
VisualCogB_Task-2,left,F3,revision,265.625,12.74523364474272
VisualCogB_Task-2,left,F3,revision,273.4375,12.803096592872235
VisualCogB_Task-2,left,F3,revision,281.25,12.823538430351748
VisualCogB_Task-2,left,F3,revision,289.0625,12.801151793029012
VisualCogB_Task-2,left,F3,revision,296.875,12.73471088306314
VisualCogB_Task-2,left,F3,revision,304.6875,12.631139206219407
VisualCogB_Task-2,left,F3,revision,312.5,12.493424893808214
VisualCogB_Task-2,left,F3,revision,320.3125,12.330414172872063
VisualCogB_Task-2,left,F3,revision,328.125,12.145561793731522
VisualCogB_Task-2,left,F3,revision,335.9375,11.94691193461046
VisualCogB_Task-2,left,F3,revision,343.75,11.73570945635303
VisualCogB_Task-2,left,F3,revision,351.5625,11.517741981081086
VisualCogB_Task-2,left,F3,revision,359.375,11.292256349683734
VisualCogB_Task-2,left,F3,revision,367.1875,11.063906433944558
VisualCogB_Task-2,left,F3,revision,375.0,10.831042527166653
VisualCogB_Task-2,left,F3,revision,382.8125,10.59785921122833
VisualCogB_Task-2,left,F3,revision,390.625,10.36215481384087
VisualCogB_Task-2,left,F3,revision,398.4375,10.127883973962879
VisualCogB_Task-2,left,F3,revision,406.25,9.892493922047342
VisualCogB_Task-2,left,F3,revision,414.0625,9.659868232715032
VisualCogB_Task-2,left,F3,revision,421.875,9.427214233604879
VisualCogB_Task-2,left,F3,revision,429.6875,9.198393091588583
VisualCogB_Task-2,left,F3,revision,437.5,8.970393020421112
VisualCogB_Task-2,left,F3,revision,445.3125,8.74706955766889
VisualCogB_Task-2,left,F3,revision,453.125,8.525216741469372
VisualCogB_Task-2,left,F3,revision,460.9375,8.308704269358726
VisualCogB_Task-2,left,F3,revision,468.75,8.094144923597542
VisualCogB_Task-2,left,F3,revision,476.5625,7.885428345493118
VisualCogB_Task-2,left,F3,revision,484.375,7.678997920878219
VisualCogB_Task-2,left,F3,revision,492.1875,7.478779277676042
VisualCogB_Task-2,left,F3,revision,500.0,7.281063886301851
VisualCogB_Task-2,left,F3,revision,507.8125,7.089820527666962
VisualCogB_Task-2,left,F3,revision,515.625,6.901191821340253
VisualCogB_Task-2,left,F3,revision,523.4375,6.719195270017176
VisualCogB_Task-2,left,F3,revision,531.25,6.53984194300926
VisualCogB_Task-2,left,F3,revision,539.0625,6.367214463547999
VisualCogB_Task-2,left,F3,revision,546.875,6.197198714619853
VisualCogB_Task-2,left,F3,revision,554.6875,6.0339358042503495
VisualCogB_Task-2,left,F3,revision,562.5,5.8731845598068695
VisualCogB_Task-2,left,F3,revision,570.3125,5.719155608391709
VisualCogB_Task-2,left,F3,revision,578.125,5.567503833053646
VisualCogB_Task-2,left,F3,revision,585.9375,5.422524708409954
VisualCogB_Task-2,left,F3,revision,593.75,5.2797651161134525
VisualCogB_Task-2,left,F3,revision,601.5625,5.1435817100127705
VisualCogB_Task-2,left,F3,revision,609.375,5.009400230642557
VisualCogB_Task-2,left,F3,revision,617.1875,4.881669299735761
VisualCogB_Task-2,left,F3,revision,625.0,4.755770700238264
VisualCogB_Task-2,left,F3,revision,632.8125,4.636287348446685
VisualCogB_Task-2,left,F3,revision,640.625,4.51845232319514
VisualCogB_Task-2,left,F3,revision,648.4375,4.406743433412675
VisualCogB_Task-2,left,F3,revision,656.25,4.296159658805157
VisualCogB_Task-2,left,F3,revision,664.0625,4.191509758324186
VisualCogB_Task-2,left,F3,revision,671.875,4.088367306156793
VisualCogB_Task-2,left,F3,revision,679.6875,3.9919766577161733
VisualCogB_Task-2,left,F3,revision,687.5,3.896750982684671
VisualCogB_Task-2,left,F3,revision,695.3125,3.8057409344027118
VisualCogB_Task-2,left,F3,revision,703.125,3.7126441157045926
VisualCogB_Task-2,left,F3,revision,710.9375,3.62507507354978
VisualCogB_Task-2,left,F3,revision,718.75,3.5442547099612645
VisualCogB_Task-2,left,F3,revision,726.5625,3.4778722873711443
VisualCogB_Task-2,left,F3,revision,734.375,3.4092656761681894
VisualCogB_Task-2,left,F3,revision,742.1875,3.3218937743082226
VisualCogB_Task-2,left,F3,revision,750.0,3.2073903654526568
VisualCogB_Task-2,left,F3,revision,757.8125,3.117834659350035
VisualCogB_Task-2,left,F3,revision,765.625,3.1187889142632486
VisualCogB_Task-2,left,F3,revision,773.4375,3.2002402943424095
VisualCogB_Task-2,left,F3,revision,781.25,3.1543894776911547
VisualCogB_Task-2,left,F3,revision,789.0625,2.694363412839736
VisualCogB_Task-2,left,F3,revision,796.875,1.7552844006792312
VisualCogB_Task-2,left,F3,revision_v2,0.0,0.011469000940988572
VisualCogB_Task-2,left,F3,revision_v2,7.8125,0.010657940963872736
VisualCogB_Task-2,left,F3,revision_v2,15.625,0.010086987477799847
VisualCogB_Task-2,left,F3,revision_v2,23.4375,0.011789184165512168
VisualCogB_Task-2,left,F3,revision_v2,31.25,0.013942888828219535
VisualCogB_Task-2,left,F3,revision_v2,39.0625,0.005617236661565106
VisualCogB_Task-2,left,F3,revision_v2,46.875,-0.031807252682081955
VisualCogB_Task-2,left,F3,revision_v2,54.6875,-0.11404657988505007
VisualCogB_Task-2,left,F3,revision_v2,62.5,-0.2414023349258474
VisualCogB_Task-2,left,F3,revision_v2,70.3125,-0.39683048486635814
VisualCogB_Task-2,left,F3,revision_v2,78.125,-0.5554677579326461
VisualCogB_Task-2,left,F3,revision_v2,85.9375,-0.6975020511600963
VisualCogB_Task-2,left,F3,revision_v2,93.75,-0.8139533321496655
VisualCogB_Task-2,left,F3,revision_v2,101.5625,-0.9053294617738835
VisualCogB_Task-2,left,F3,revision_v2,109.375,-0.9761860934605573
VisualCogB_Task-2,left,F3,revision_v2,117.1875,-1.0316891177911707
VisualCogB_Task-2,left,F3,revision_v2,125.0,-1.0757438578751493
VisualCogB_Task-2,left,F3,revision_v2,132.8125,-1.1115729332173712
VisualCogB_Task-2,left,F3,revision_v2,140.625,-1.1414924502210573
VisualCogB_Task-2,left,F3,revision_v2,148.4375,-1.1675681185771378
VisualCogB_Task-2,left,F3,revision_v2,156.25,-1.1909993273617103
VisualCogB_Task-2,left,F3,revision_v2,164.0625,-1.2127742008589393
VisualCogB_Task-2,left,F3,revision_v2,171.875,-1.2331033023868123
VisualCogB_Task-2,left,F3,revision_v2,179.6875,-1.2522707605372116
VisualCogB_Task-2,left,F3,revision_v2,187.5,-1.2701856707489254
VisualCogB_Task-2,left,F3,revision_v2,195.3125,-1.28741076455433
VisualCogB_Task-2,left,F3,revision_v2,203.125,-1.3043251305355592
VisualCogB_Task-2,left,F3,revision_v2,210.9375,-1.3212777841640873
VisualCogB_Task-2,left,F3,revision_v2,218.75,-1.3370436265823948
VisualCogB_Task-2,left,F3,revision_v2,226.5625,-1.3503518204601077
VisualCogB_Task-2,left,F3,revision_v2,234.375,-1.3618027198370388
VisualCogB_Task-2,left,F3,revision_v2,242.1875,-1.3775973625865952
VisualCogB_Task-2,left,F3,revision_v2,250.0,-1.406999049231362
VisualCogB_Task-2,left,F3,revision_v2,257.8125,-1.4562784534583662
VisualCogB_Task-2,left,F3,revision_v2,265.625,-1.5212285207269582
VisualCogB_Task-2,left,F3,revision_v2,273.4375,-1.5891093459618655
VisualCogB_Task-2,left,F3,revision_v2,281.25,-1.6451209009787195
VisualCogB_Task-2,left,F3,revision_v2,289.0625,-1.6807468229751579
VisualCogB_Task-2,left,F3,revision_v2,296.875,-1.6946196342776325
VisualCogB_Task-2,left,F3,revision_v2,304.6875,-1.6909939269815348
VisualCogB_Task-2,left,F3,revision_v2,312.5,-1.6748743755024669
VisualCogB_Task-2,left,F3,revision_v2,320.3125,-1.6510222849991991
VisualCogB_Task-2,left,F3,revision_v2,328.125,-1.622310342301672
VisualCogB_Task-2,left,F3,revision_v2,335.9375,-1.5913044192819736
VisualCogB_Task-2,left,F3,revision_v2,343.75,-1.5593033333051194
VisualCogB_Task-2,left,F3,revision_v2,351.5625,-1.5277321286726897
VisualCogB_Task-2,left,F3,revision_v2,359.375,-1.4968741366085743
VisualCogB_Task-2,left,F3,revision_v2,367.1875,-1.4673247399611329
VisualCogB_Task-2,left,F3,revision_v2,375.0,-1.4387747061884073
VisualCogB_Task-2,left,F3,revision_v2,382.8125,-1.411521698179369
VisualCogB_Task-2,left,F3,revision_v2,390.625,-1.3851161476272313
VisualCogB_Task-2,left,F3,revision_v2,398.4375,-1.3598225101132813
VisualCogB_Task-2,left,F3,revision_v2,406.25,-1.3351632776138598
VisualCogB_Task-2,left,F3,revision_v2,414.0625,-1.3114146403999096
VisualCogB_Task-2,left,F3,revision_v2,421.875,-1.2881015854887359
VisualCogB_Task-2,left,F3,revision_v2,429.6875,-1.265536195903859
VisualCogB_Task-2,left,F3,revision_v2,437.5,-1.2432581962826132
VisualCogB_Task-2,left,F3,revision_v2,445.3125,-1.221614879820637
VisualCogB_Task-2,left,F3,revision_v2,453.125,-1.2001536935189994
VisualCogB_Task-2,left,F3,revision_v2,460.9375,-1.1792489041003313
VisualCogB_Task-2,left,F3,revision_v2,468.75,-1.1584490499957298
VisualCogB_Task-2,left,F3,revision_v2,476.5625,-1.1381500563745393
VisualCogB_Task-2,left,F3,revision_v2,484.375,-1.1178978425059558
VisualCogB_Task-2,left,F3,revision_v2,492.1875,-1.0981070081493916
VisualCogB_Task-2,left,F3,revision_v2,500.0,-1.0783185070328396
VisualCogB_Task-2,left,F3,revision_v2,507.8125,-1.0589630637170493
VisualCogB_Task-2,left,F3,revision_v2,515.625,-1.039574537296222
VisualCogB_Task-2,left,F3,revision_v2,523.4375,-1.0205980988636
VisualCogB_Task-2,left,F3,revision_v2,531.25,-1.0015599322349589
VisualCogB_Task-2,left,F3,revision_v2,539.0625,-0.9829192834733519
VisualCogB_Task-2,left,F3,revision_v2,546.875,-0.9641941989369608
VisualCogB_Task-2,left,F3,revision_v2,554.6875,-0.9458568746021272
VisualCogB_Task-2,left,F3,revision_v2,562.5,-0.927416416755006
VisualCogB_Task-2,left,F3,revision_v2,570.3125,-0.9093578528168432
VisualCogB_Task-2,left,F3,revision_v2,578.125,-0.8911823637977646
VisualCogB_Task-2,left,F3,revision_v2,585.9375,-0.8733885211498355
VisualCogB_Task-2,left,F3,revision_v2,593.75,-0.8554685566616419
VisualCogB_Task-2,left,F3,revision_v2,601.5625,-0.8379309968507572
VisualCogB_Task-2,left,F3,revision_v2,609.375,-0.8202564640454979
VisualCogB_Task-2,left,F3,revision_v2,617.1875,-0.8029670234754283
VisualCogB_Task-2,left,F3,revision_v2,625.0,-0.7855426872532794
VisualCogB_Task-2,left,F3,revision_v2,632.8125,-0.7685255309879053
VisualCogB_Task-2,left,F3,revision_v2,640.625,-0.7513786548707446
VisualCogB_Task-2,left,F3,revision_v2,648.4375,-0.7346260543780576
VisualCogB_Task-2,left,F3,revision_v2,656.25,-0.7176993362014513
VisualCogB_Task-2,left,F3,revision_v2,664.0625,-0.7011725818745566
VisualCogB_Task-2,left,F3,revision_v2,671.875,-0.6845736133919634
VisualCogB_Task-2,left,F3,revision_v2,679.6875,-0.6685422500887606
VisualCogB_Task-2,left,F3,revision_v2,687.5,-0.6524252942338249
VisualCogB_Task-2,left,F3,revision_v2,695.3125,-0.6365105750193685
VisualCogB_Task-2,left,F3,revision_v2,703.125,-0.6200386778435788
VisualCogB_Task-2,left,F3,revision_v2,710.9375,-0.6040246205078252
VisualCogB_Task-2,left,F3,revision_v2,718.75,-0.5889082399871994
VisualCogB_Task-2,left,F3,revision_v2,726.5625,-0.5756992111487076
VisualCogB_Task-2,left,F3,revision_v2,734.375,-0.561980897485277
VisualCogB_Task-2,left,F3,revision_v2,742.1875,-0.5449151638782535
VisualCogB_Task-2,left,F3,revision_v2,750.0,-0.5234594253494702
VisualCogB_Task-2,left,F3,revision_v2,757.8125,-0.5057320703389757
VisualCogB_Task-2,left,F3,revision_v2,765.625,-0.5023952470331532
VisualCogB_Task-2,left,F3,revision_v2,773.4375,-0.5114989335450524
VisualCogB_Task-2,left,F3,revision_v2,781.25,-0.5001058969885209
VisualCogB_Task-2,left,F3,revision_v2,789.0625,-0.4225136999622548
VisualCogB_Task-2,left,F3,revision_v2,796.875,-0.26927755263330244
VisualCogB_Task-2,left,F3,revision_v3,0.0,0.034879175036437005
VisualCogB_Task-2,left,F3,revision_v3,7.8125,-0.1295743598726098
VisualCogB_Task-2,left,F3,revision_v3,15.625,-1.2976721646473148
VisualCogB_Task-2,left,F3,revision_v3,23.4375,-3.572972761417132
VisualCogB_Task-2,left,F3,revision_v3,31.25,-6.1203093188780695
VisualCogB_Task-2,left,F3,revision_v3,39.0625,-7.570090404903263
VisualCogB_Task-2,left,F3,revision_v3,46.875,-7.010277559129323
VisualCogB_Task-2,left,F3,revision_v3,54.6875,-4.637974956673933
VisualCogB_Task-2,left,F3,revision_v3,62.5,-1.5156481222639746
VisualCogB_Task-2,left,F3,revision_v3,70.3125,1.2300359013073976
VisualCogB_Task-2,left,F3,revision_v3,78.125,3.005075117868478
VisualCogB_Task-2,left,F3,revision_v3,85.9375,3.8047164560034856
VisualCogB_Task-2,left,F3,revision_v3,93.75,3.916339755534438
VisualCogB_Task-2,left,F3,revision_v3,101.5625,3.6412997186360814
VisualCogB_Task-2,left,F3,revision_v3,109.375,3.180258502856299
VisualCogB_Task-2,left,F3,revision_v3,117.1875,2.6566828643148446
VisualCogB_Task-2,left,F3,revision_v3,125.0,2.152441928640366
VisualCogB_Task-2,left,F3,revision_v3,132.8125,1.7299146380839776
VisualCogB_Task-2,left,F3,revision_v3,140.625,1.4214773250823303
VisualCogB_Task-2,left,F3,revision_v3,148.4375,1.235212831864568
VisualCogB_Task-2,left,F3,revision_v3,156.25,1.1551436279293705
VisualCogB_Task-2,left,F3,revision_v3,164.0625,1.1625195299803996
VisualCogB_Task-2,left,F3,revision_v3,171.875,1.2381662910679125
VisualCogB_Task-2,left,F3,revision_v3,179.6875,1.3742595938664168
VisualCogB_Task-2,left,F3,revision_v3,187.5,1.556974736890269
VisualCogB_Task-2,left,F3,revision_v3,195.3125,1.7637793164612607
VisualCogB_Task-2,left,F3,revision_v3,203.125,1.9546502963052186
VisualCogB_Task-2,left,F3,revision_v3,210.9375,2.112259559028927
VisualCogB_Task-2,left,F3,revision_v3,218.75,2.2706626445781093
VisualCogB_Task-2,left,F3,revision_v3,226.5625,2.525269590185491
VisualCogB_Task-2,left,F3,revision_v3,234.375,2.956859552063149
VisualCogB_Task-2,left,F3,revision_v3,242.1875,3.5682530313809466
VisualCogB_Task-2,left,F3,revision_v3,250.0,4.257014092133041
VisualCogB_Task-2,left,F3,revision_v3,257.8125,4.883998372026927
VisualCogB_Task-2,left,F3,revision_v3,265.625,5.334743457907446
VisualCogB_Task-2,left,F3,revision_v3,273.4375,5.5704893792775465
VisualCogB_Task-2,left,F3,revision_v3,281.25,5.603839898318189
VisualCogB_Task-2,left,F3,revision_v3,289.0625,5.480974202864325
VisualCogB_Task-2,left,F3,revision_v3,296.875,5.242701672848869
VisualCogB_Task-2,left,F3,revision_v3,304.6875,4.931138528102161
VisualCogB_Task-2,left,F3,revision_v3,312.5,4.576010949463068
VisualCogB_Task-2,left,F3,revision_v3,320.3125,4.212641514692068
VisualCogB_Task-2,left,F3,revision_v3,328.125,3.8664954048922775
VisualCogB_Task-2,left,F3,revision_v3,335.9375,3.5686312742971635
VisualCogB_Task-2,left,F3,revision_v3,343.75,3.3388569170431355
VisualCogB_Task-2,left,F3,revision_v3,351.5625,3.2027835890879803
VisualCogB_Task-2,left,F3,revision_v3,359.375,3.1748825259966074
VisualCogB_Task-2,left,F3,revision_v3,367.1875,3.275685252514598
VisualCogB_Task-2,left,F3,revision_v3,375.0,3.5132392079422488
VisualCogB_Task-2,left,F3,revision_v3,382.8125,3.90037911840699
VisualCogB_Task-2,left,F3,revision_v3,390.625,4.4357174565072865
VisualCogB_Task-2,left,F3,revision_v3,398.4375,5.12230034056998
VisualCogB_Task-2,left,F3,revision_v3,406.25,5.948838377511155
VisualCogB_Task-2,left,F3,revision_v3,414.0625,6.909641714719372
VisualCogB_Task-2,left,F3,revision_v3,421.875,7.9856433869953936
VisualCogB_Task-2,left,F3,revision_v3,429.6875,9.165287226106479
VisualCogB_Task-2,left,F3,revision_v3,437.5,10.425230265561781
VisualCogB_Task-2,left,F3,revision_v3,445.3125,11.751969836817299
VisualCogB_Task-2,left,F3,revision_v3,453.125,13.121773859662902
VisualCogB_Task-2,left,F3,revision_v3,460.9375,14.522546034624662
VisualCogB_Task-2,left,F3,revision_v3,468.75,15.93276246606814
VisualCogB_Task-2,left,F3,revision_v3,476.5625,17.34361432901509
VisualCogB_Task-2,left,F3,revision_v3,484.375,18.73706455376609
VisualCogB_Task-2,left,F3,revision_v3,492.1875,20.10831474587917
VisualCogB_Task-2,left,F3,revision_v3,500.0,21.44304051321665
VisualCogB_Task-2,left,F3,revision_v3,507.8125,22.740292521729693
VisualCogB_Task-2,left,F3,revision_v3,515.625,23.98904067952902
VisualCogB_Task-2,left,F3,revision_v3,523.4375,25.191567716143545
VisualCogB_Task-2,left,F3,revision_v3,531.25,26.33936565589112
VisualCogB_Task-2,left,F3,revision_v3,539.0625,27.437108249448258
VisualCogB_Task-2,left,F3,revision_v3,546.875,28.478020409826136
VisualCogB_Task-2,left,F3,revision_v3,554.6875,29.468471677599545
VisualCogB_Task-2,left,F3,revision_v3,562.5,30.402777975722614
VisualCogB_Task-2,left,F3,revision_v3,570.3125,31.288377039992035
VisualCogB_Task-2,left,F3,revision_v3,578.125,32.12011929901487
VisualCogB_Task-2,left,F3,revision_v3,585.9375,32.9060757357286
VisualCogB_Task-2,left,F3,revision_v3,593.75,33.6412280442107
VisualCogB_Task-2,left,F3,revision_v3,601.5625,34.33376192525058
VisualCogB_Task-2,left,F3,revision_v3,609.375,34.978291960184094
VisualCogB_Task-2,left,F3,revision_v3,617.1875,35.58313475948386
VisualCogB_Task-2,left,F3,revision_v3,625.0,36.14329312917312
VisualCogB_Task-2,left,F3,revision_v3,632.8125,36.667766085026265
VisualCogB_Task-2,left,F3,revision_v3,640.625,37.15052855747301
VisualCogB_Task-2,left,F3,revision_v3,648.4375,37.59778343845926
VisualCogB_Task-2,left,F3,revision_v3,656.25,38.00095758529848
VisualCogB_Task-2,left,F3,revision_v3,664.0625,38.36953117444477
VisualCogB_Task-2,left,F3,revision_v3,671.875,38.70423168755387
VisualCogB_Task-2,left,F3,revision_v3,679.6875,39.01980170518104
VisualCogB_Task-2,left,F3,revision_v3,687.5,39.3012808532504
VisualCogB_Task-2,left,F3,revision_v3,695.3125,39.52990859391443
VisualCogB_Task-2,left,F3,revision_v3,703.125,39.6805087661732
VisualCogB_Task-2,left,F3,revision_v3,710.9375,39.79919144813092
VisualCogB_Task-2,left,F3,revision_v3,718.75,39.97281237994752
VisualCogB_Task-2,left,F3,revision_v3,726.5625,40.25017610242896
VisualCogB_Task-2,left,F3,revision_v3,734.375,40.459395052747716
VisualCogB_Task-2,left,F3,revision_v3,742.1875,40.28983892409367
VisualCogB_Task-2,left,F3,revision_v3,750.0,39.683038676597285
VisualCogB_Task-2,left,F3,revision_v3,757.8125,39.327921792435596
VisualCogB_Task-2,left,F3,revision_v3,765.625,40.26572849661728
VisualCogB_Task-2,left,F3,revision_v3,773.4375,42.30687767263254
VisualCogB_Task-2,left,F3,revision_v3,781.25,42.49609520533542
VisualCogB_Task-2,left,F3,revision_v3,789.0625,36.51589219385511
VisualCogB_Task-2,left,F3,revision_v3,796.875,23.37320873283184
VisualCogB_Task-2,left,Fz,measured,0.0,3.0971302204755657
VisualCogB_Task-2,left,Fz,measured,7.8125,2.3226164522603123
VisualCogB_Task-2,left,Fz,measured,15.625,1.9119715784741662
VisualCogB_Task-2,left,Fz,measured,23.4375,1.789235505566064
VisualCogB_Task-2,left,Fz,measured,31.25,1.8144638576392784
VisualCogB_Task-2,left,Fz,measured,39.0625,1.9319703717065984
VisualCogB_Task-2,left,Fz,measured,46.875,2.163161122676394
VisualCogB_Task-2,left,Fz,measured,54.6875,2.579348500373626
VisualCogB_Task-2,left,Fz,measured,62.5,3.1259926522745953
VisualCogB_Task-2,left,Fz,measured,70.3125,3.7162747258864877
VisualCogB_Task-2,left,Fz,measured,78.125,4.20074368987631
VisualCogB_Task-2,left,Fz,measured,85.9375,4.4108137650109525
VisualCogB_Task-2,left,Fz,measured,93.75,4.184958879573409
VisualCogB_Task-2,left,Fz,measured,101.5625,3.639233997453924
VisualCogB_Task-2,left,Fz,measured,109.375,2.988818692666843
VisualCogB_Task-2,left,Fz,measured,117.1875,2.459971833505895
VisualCogB_Task-2,left,Fz,measured,125.0,2.1079687028871135
VisualCogB_Task-2,left,Fz,measured,132.8125,1.9455034559139552
VisualCogB_Task-2,left,Fz,measured,140.625,1.918119464694322
VisualCogB_Task-2,left,Fz,measured,148.4375,2.1314512814089923
VisualCogB_Task-2,left,Fz,measured,156.25,2.5541393787585323
VisualCogB_Task-2,left,Fz,measured,164.0625,2.9797279425654595
VisualCogB_Task-2,left,Fz,measured,171.875,3.05647010966465
VisualCogB_Task-2,left,Fz,measured,179.6875,2.8004965638309542
VisualCogB_Task-2,left,Fz,measured,187.5,2.4108822916355237
VisualCogB_Task-2,left,Fz,measured,195.3125,2.0514541142640654
VisualCogB_Task-2,left,Fz,measured,203.125,1.4396723709834005
VisualCogB_Task-2,left,Fz,measured,210.9375,0.3582169278408818
VisualCogB_Task-2,left,Fz,measured,218.75,-0.9379657400244299
VisualCogB_Task-2,left,Fz,measured,226.5625,-1.5468630522965987
VisualCogB_Task-2,left,Fz,measured,234.375,-0.9408277670573542
VisualCogB_Task-2,left,Fz,measured,242.1875,0.6345419108867484
VisualCogB_Task-2,left,Fz,measured,250.0,2.312226293527679
VisualCogB_Task-2,left,Fz,measured,257.8125,3.591674899271312
VisualCogB_Task-2,left,Fz,measured,265.625,4.3871089015545035
VisualCogB_Task-2,left,Fz,measured,273.4375,4.998424516466772
VisualCogB_Task-2,left,Fz,measured,281.25,5.561427021610032
VisualCogB_Task-2,left,Fz,measured,289.0625,6.142811471644118
VisualCogB_Task-2,left,Fz,measured,296.875,6.446203499856213
VisualCogB_Task-2,left,Fz,measured,304.6875,6.244420932871532
VisualCogB_Task-2,left,Fz,measured,312.5,5.566152240355631
VisualCogB_Task-2,left,Fz,measured,320.3125,5.11394499745415
VisualCogB_Task-2,left,Fz,measured,328.125,5.358517421159955
VisualCogB_Task-2,left,Fz,measured,335.9375,6.041351783216461
VisualCogB_Task-2,left,Fz,measured,343.75,6.135955972324616
VisualCogB_Task-2,left,Fz,measured,351.5625,5.237841787885324
VisualCogB_Task-2,left,Fz,measured,359.375,3.896780579725968
VisualCogB_Task-2,left,Fz,measured,367.1875,3.2167882817008286
VisualCogB_Task-2,left,Fz,measured,375.0,3.3770209157313427
VisualCogB_Task-2,left,Fz,measured,382.8125,3.688099012365116
VisualCogB_Task-2,left,Fz,measured,390.625,3.0757359731487854
VisualCogB_Task-2,left,Fz,measured,398.4375,1.331823897645522
VisualCogB_Task-2,left,Fz,measured,406.25,-1.0075771583645938
VisualCogB_Task-2,left,Fz,measured,414.0625,-2.9249218053789328
VisualCogB_Task-2,left,Fz,measured,421.875,-3.8837707560354064
VisualCogB_Task-2,left,Fz,measured,429.6875,-3.713886972780958
VisualCogB_Task-2,left,Fz,measured,437.5,-2.840855370757437
VisualCogB_Task-2,left,Fz,measured,445.3125,-1.7043397567438812
VisualCogB_Task-2,left,Fz,measured,453.125,-0.8161655760852067
VisualCogB_Task-2,left,Fz,measured,460.9375,-0.05821611708355315
VisualCogB_Task-2,left,Fz,measured,468.75,1.0792750396686164
VisualCogB_Task-2,left,Fz,measured,476.5625,3.323615748592251
VisualCogB_Task-2,left,Fz,measured,484.375,6.447919339297035
VisualCogB_Task-2,left,Fz,measured,492.1875,9.681488487198152
VisualCogB_Task-2,left,Fz,measured,500.0,12.220879104145371
VisualCogB_Task-2,left,Fz,measured,507.8125,14.220316788925599
VisualCogB_Task-2,left,Fz,measured,515.625,16.165662230148246
VisualCogB_Task-2,left,Fz,measured,523.4375,18.630236009647668
VisualCogB_Task-2,left,Fz,measured,531.25,21.546371323673373
VisualCogB_Task-2,left,Fz,measured,539.0625,24.80699056255517
VisualCogB_Task-2,left,Fz,measured,546.875,28.246023392139488
VisualCogB_Task-2,left,Fz,measured,554.6875,32.17361615356462
VisualCogB_Task-2,left,Fz,measured,562.5,36.65685114923542
VisualCogB_Task-2,left,Fz,measured,570.3125,41.61044384298377
VisualCogB_Task-2,left,Fz,measured,578.125,46.50824253824465
VisualCogB_Task-2,left,Fz,measured,585.9375,51.18646445013113
VisualCogB_Task-2,left,Fz,measured,593.75,55.493339649168284
VisualCogB_Task-2,left,Fz,measured,601.5625,59.42417185424852
VisualCogB_Task-2,left,Fz,measured,609.375,62.52198601214184
VisualCogB_Task-2,left,Fz,measured,617.1875,64.75477394876215
VisualCogB_Task-2,left,Fz,measured,625.0,66.51908163547743
VisualCogB_Task-2,left,Fz,measured,632.8125,68.72829674774316
VisualCogB_Task-2,left,Fz,measured,640.625,71.530800940237
VisualCogB_Task-2,left,Fz,measured,648.4375,74.49867156486576
VisualCogB_Task-2,left,Fz,measured,656.25,76.6086396986142
VisualCogB_Task-2,left,Fz,measured,664.0625,77.33228561704858
VisualCogB_Task-2,left,Fz,measured,671.875,76.51044098041434
VisualCogB_Task-2,left,Fz,measured,679.6875,74.71937051258969
VisualCogB_Task-2,left,Fz,measured,687.5,72.38829790415059
VisualCogB_Task-2,left,Fz,measured,695.3125,70.110482962576
VisualCogB_Task-2,left,Fz,measured,703.125,68.15187101667446
VisualCogB_Task-2,left,Fz,measured,710.9375,66.7794097869179
VisualCogB_Task-2,left,Fz,measured,718.75,65.79397520058626
VisualCogB_Task-2,left,Fz,measured,726.5625,65.39504952489429
VisualCogB_Task-2,left,Fz,measured,734.375,65.5357862905501
VisualCogB_Task-2,left,Fz,measured,742.1875,65.85633652708817
VisualCogB_Task-2,left,Fz,measured,750.0,65.35058736816946
VisualCogB_Task-2,left,Fz,measured,757.8125,63.75872204438107
VisualCogB_Task-2,left,Fz,measured,765.625,61.4047933145473
VisualCogB_Task-2,left,Fz,measured,773.4375,59.24933648932601
VisualCogB_Task-2,left,Fz,measured,781.25,57.657846124172885
VisualCogB_Task-2,left,Fz,measured,789.0625,56.69279518951252
VisualCogB_Task-2,left,Fz,measured,796.875,55.73033416806535
VisualCogB_Task-2,left,Fz,revision,0.0,-0.10646626394417114
VisualCogB_Task-2,left,Fz,revision,7.8125,-0.1458376040131939
VisualCogB_Task-2,left,Fz,revision,15.625,-0.04336197406905251
VisualCogB_Task-2,left,Fz,revision,23.4375,0.40117514157845946
VisualCogB_Task-2,left,Fz,revision,31.25,1.328671369049762
VisualCogB_Task-2,left,Fz,revision,39.0625,2.718714935333198
VisualCogB_Task-2,left,Fz,revision,46.875,4.394726887244082
VisualCogB_Task-2,left,Fz,revision,54.6875,6.125443381587761
VisualCogB_Task-2,left,Fz,revision,62.5,7.72619793669455
VisualCogB_Task-2,left,Fz,revision,70.3125,9.103334585861441
VisualCogB_Task-2,left,Fz,revision,78.125,10.23661769705366
VisualCogB_Task-2,left,Fz,revision,85.9375,11.14717598675342
VisualCogB_Task-2,left,Fz,revision,93.75,11.868160538152482
VisualCogB_Task-2,left,Fz,revision,101.5625,12.436064972899683
VisualCogB_Task-2,left,Fz,revision,109.375,12.882727876317844
VisualCogB_Task-2,left,Fz,revision,117.1875,13.23713616855085
VisualCogB_Task-2,left,Fz,revision,125.0,13.51985744220504
VisualCogB_Task-2,left,Fz,revision,132.8125,13.747895394864985
VisualCogB_Task-2,left,Fz,revision,140.625,13.931206577585426
VisualCogB_Task-2,left,Fz,revision,148.4375,14.078852920158065
VisualCogB_Task-2,left,Fz,revision,156.25,14.193463463404706
VisualCogB_Task-2,left,Fz,revision,164.0625,14.277394997597941
VisualCogB_Task-2,left,Fz,revision,171.875,14.330088899136218
VisualCogB_Task-2,left,Fz,revision,179.6875,14.359598229561277
VisualCogB_Task-2,left,Fz,revision,187.5,14.376137623711111
VisualCogB_Task-2,left,Fz,revision,195.3125,14.386824087874212
VisualCogB_Task-2,left,Fz,revision,203.125,14.37049417372558
VisualCogB_Task-2,left,Fz,revision,210.9375,14.284706231756823
VisualCogB_Task-2,left,Fz,revision,218.75,14.093105505089774
VisualCogB_Task-2,left,Fz,revision,226.5625,13.819663516649557
VisualCogB_Task-2,left,Fz,revision,234.375,13.544192487812392
VisualCogB_Task-2,left,Fz,revision,242.1875,13.357118674248666
VisualCogB_Task-2,left,Fz,revision,250.0,13.292196189110289
VisualCogB_Task-2,left,Fz,revision,257.8125,13.324725842579683
VisualCogB_Task-2,left,Fz,revision,265.625,13.395257022986009
VisualCogB_Task-2,left,Fz,revision,273.4375,13.456168917727624
VisualCogB_Task-2,left,Fz,revision,281.25,13.47774882943167
VisualCogB_Task-2,left,Fz,revision,289.0625,13.45432318521006
VisualCogB_Task-2,left,Fz,revision,296.875,13.384604491380125
VisualCogB_Task-2,left,Fz,revision,304.6875,13.27586884925131
VisualCogB_Task-2,left,Fz,revision,312.5,13.131257575753805
VisualCogB_Task-2,left,Fz,revision,320.3125,12.960065089945429
VisualCogB_Task-2,left,Fz,revision,328.125,12.765918069907242
VisualCogB_Task-2,left,Fz,revision,335.9375,12.557264540527092
VisualCogB_Task-2,left,Fz,revision,343.75,12.335408705852268
VisualCogB_Task-2,left,Fz,revision,351.5625,12.10642922477493
VisualCogB_Task-2,left,Fz,revision,359.375,11.869533196492148
VisualCogB_Task-2,left,Fz,revision,367.1875,11.629610154702108
VisualCogB_Task-2,left,Fz,revision,375.0,11.384926712216922
VisualCogB_Task-2,left,Fz,revision,382.8125,11.139890640644547
VisualCogB_Task-2,left,Fz,revision,390.625,10.892189257774524
VisualCogB_Task-2,left,Fz,revision,398.4375,10.645979254958165
VisualCogB_Task-2,left,Fz,revision,406.25,10.398580161354975
VisualCogB_Task-2,left,Fz,revision,414.0625,10.154074620496285
VisualCogB_Task-2,left,Fz,revision,421.875,9.909530029207522
VisualCogB_Task-2,left,Fz,revision,429.6875,9.66900512586078
VisualCogB_Task-2,left,Fz,revision,437.5,9.429336779795776
VisualCogB_Task-2,left,Fz,revision,445.3125,9.194577541594606
VisualCogB_Task-2,left,Fz,revision,453.125,8.961359847240836
VisualCogB_Task-2,left,Fz,revision,460.9375,8.733750712235443
VisualCogB_Task-2,left,Fz,revision,468.75,8.508191986145597
VisualCogB_Task-2,left,Fz,revision,476.5625,8.288771878782963
VisualCogB_Task-2,left,Fz,revision,484.375,8.071754486214155
VisualCogB_Task-2,left,Fz,revision,492.1875,7.86126561470307
VisualCogB_Task-2,left,Fz,revision,500.0,7.653409024808244
VisualCogB_Task-2,left,Fz,revision,507.8125,7.452355125412561
VisualCogB_Task-2,left,Fz,revision,515.625,7.254051042517423
VisualCogB_Task-2,left,Fz,revision,523.4375,7.062718626214959
VisualCogB_Task-2,left,Fz,revision,531.25,6.8741670055362825
VisualCogB_Task-2,left,Fz,revision,539.0625,6.69268643315551
VisualCogB_Task-2,left,Fz,revision,546.875,6.513954333580446
VisualCogB_Task-2,left,Fz,revision,554.6875,6.342322210789497
VisualCogB_Task-2,left,Fz,revision,562.5,6.173333782599825
VisualCogB_Task-2,left,Fz,revision,570.3125,6.011413405796041
VisualCogB_Task-2,left,Fz,revision,578.125,5.8519953388479635
VisualCogB_Task-2,left,Fz,revision,585.9375,5.699592805425642
VisualCogB_Task-2,left,Fz,revision,593.75,5.549526408260142
VisualCogB_Task-2,left,Fz,revision,601.5625,5.40637368167817
VisualCogB_Task-2,left,Fz,revision,609.375,5.26532800457454
VisualCogB_Task-2,left,Fz,revision,617.1875,5.131063579826323
VisualCogB_Task-2,left,Fz,revision,625.0,4.998727774807106
VisualCogB_Task-2,left,Fz,revision,632.8125,4.873136236621056
VisualCogB_Task-2,left,Fz,revision,640.625,4.74928022884548
VisualCogB_Task-2,left,Fz,revision,648.4375,4.631864681916741
VisualCogB_Task-2,left,Fz,revision,656.25,4.51563446806356
VisualCogB_Task-2,left,Fz,revision,664.0625,4.405642213550654
VisualCogB_Task-2,left,Fz,revision,671.875,4.29723690238419
VisualCogB_Task-2,left,Fz,revision,679.6875,4.195929075311702
VisualCogB_Task-2,left,Fz,revision,687.5,4.09584789308601
VisualCogB_Task-2,left,Fz,revision,695.3125,4.000197783642553
VisualCogB_Task-2,left,Fz,revision,703.125,3.9023557616986864
VisualCogB_Task-2,left,Fz,revision,710.9375,3.8103238691378434
VisualCogB_Task-2,left,Fz,revision,718.75,3.7253877625891674
VisualCogB_Task-2,left,Fz,revision,726.5625,3.655628050448841
VisualCogB_Task-2,left,Fz,revision,734.375,3.5835316880639807
VisualCogB_Task-2,left,Fz,revision,742.1875,3.4917079841406213
VisualCogB_Task-2,left,Fz,revision,750.0,3.3713644091374153
VisualCogB_Task-2,left,Fz,revision,757.8125,3.2772444709317137
VisualCogB_Task-2,left,Fz,revision,765.625,3.2782706534900385
VisualCogB_Task-2,left,Fz,revision,773.4375,3.3639158048027626
VisualCogB_Task-2,left,Fz,revision,781.25,3.315742023490215
VisualCogB_Task-2,left,Fz,revision,789.0625,2.832180934646868
VisualCogB_Task-2,left,Fz,revision,796.875,1.845030483819028
VisualCogB_Task-2,left,Fz,revision_v2,0.0,5.78034929674936e-05
VisualCogB_Task-2,left,Fz,revision_v2,7.8125,0.00027092815809790513
VisualCogB_Task-2,left,Fz,revision_v2,15.625,-0.00011552229443382665
VisualCogB_Task-2,left,Fz,revision_v2,23.4375,-0.001959984415337297
VisualCogB_Task-2,left,Fz,revision_v2,31.25,-0.00566154652114586
VisualCogB_Task-2,left,Fz,revision_v2,39.0625,-0.010607161198358117
VisualCogB_Task-2,left,Fz,revision_v2,46.875,-0.015360798736792847
VisualCogB_Task-2,left,Fz,revision_v2,54.6875,-0.018514644867169784
VisualCogB_Task-2,left,Fz,revision_v2,62.5,-0.019477862336237987
VisualCogB_Task-2,left,Fz,revision_v2,70.3125,-0.018601317473250743
VisualCogB_Task-2,left,Fz,revision_v2,78.125,-0.016708453089587558
VisualCogB_Task-2,left,Fz,revision_v2,85.9375,-0.014543239063493106
VisualCogB_Task-2,left,Fz,revision_v2,93.75,-0.012514980531187804
VisualCogB_Task-2,left,Fz,revision_v2,101.5625,-0.010747917253183798
VisualCogB_Task-2,left,Fz,revision_v2,109.375,-0.00923672258012025
VisualCogB_Task-2,left,Fz,revision_v2,117.1875,-0.007952526085161633
VisualCogB_Task-2,left,Fz,revision_v2,125.0,-0.006870965144914471
VisualCogB_Task-2,left,Fz,revision_v2,132.8125,-0.00596568871448699
VisualCogB_Task-2,left,Fz,revision_v2,140.625,-0.005202802749385493
VisualCogB_Task-2,left,Fz,revision_v2,148.4375,-0.004544874322242576
VisualCogB_Task-2,left,Fz,revision_v2,156.25,-0.003959068740323875
VisualCogB_Task-2,left,Fz,revision_v2,164.0625,-0.003428182777261056
VisualCogB_Task-2,left,Fz,revision_v2,171.875,-0.0029576776685577687
VisualCogB_Task-2,left,Fz,revision_v2,179.6875,-0.0025646127300770127
VisualCogB_Task-2,left,Fz,revision_v2,187.5,-0.002239687713646495
VisualCogB_Task-2,left,Fz,revision_v2,195.3125,-0.0019164179232963679
VisualCogB_Task-2,left,Fz,revision_v2,203.125,-0.0015141363249128734
VisualCogB_Task-2,left,Fz,revision_v2,210.9375,-0.0010774070221304926
VisualCogB_Task-2,left,Fz,revision_v2,218.75,-0.0008895552270533175
VisualCogB_Task-2,left,Fz,revision_v2,226.5625,-0.0013624903225606892
VisualCogB_Task-2,left,Fz,revision_v2,234.375,-0.002685354765970317
VisualCogB_Task-2,left,Fz,revision_v2,242.1875,-0.004535322455029215
VisualCogB_Task-2,left,Fz,revision_v2,250.0,-0.006177101366752303
VisualCogB_Task-2,left,Fz,revision_v2,257.8125,-0.006912272184846907
VisualCogB_Task-2,left,Fz,revision_v2,265.625,-0.006488031999783617
VisualCogB_Task-2,left,Fz,revision_v2,273.4375,-0.00514722097885275
VisualCogB_Task-2,left,Fz,revision_v2,281.25,-0.003364225167045742
VisualCogB_Task-2,left,Fz,revision_v2,289.0625,-0.0015485757762923793
VisualCogB_Task-2,left,Fz,revision_v2,296.875,8.451196556525653e-05
VisualCogB_Task-2,left,Fz,revision_v2,304.6875,0.0014780711932097638
VisualCogB_Task-2,left,Fz,revision_v2,312.5,0.002645219807086355
VisualCogB_Task-2,left,Fz,revision_v2,320.3125,0.0036107830272326955
VisualCogB_Task-2,left,Fz,revision_v2,328.125,0.004397465323356791
VisualCogB_Task-2,left,Fz,revision_v2,335.9375,0.005029056008040322
VisualCogB_Task-2,left,Fz,revision_v2,343.75,0.005532345733277751
VisualCogB_Task-2,left,Fz,revision_v2,351.5625,0.00593240891191554
VisualCogB_Task-2,left,Fz,revision_v2,359.375,0.006249206462010907
VisualCogB_Task-2,left,Fz,revision_v2,367.1875,0.006496475072835305
VisualCogB_Task-2,left,Fz,revision_v2,375.0,0.006684368787472167
VisualCogB_Task-2,left,Fz,revision_v2,382.8125,0.006820829657244941
VisualCogB_Task-2,left,Fz,revision_v2,390.625,0.006913121378482826
VisualCogB_Task-2,left,Fz,revision_v2,398.4375,0.006967207062342405
VisualCogB_Task-2,left,Fz,revision_v2,406.25,0.006988387532557398
VisualCogB_Task-2,left,Fz,revision_v2,414.0625,0.006980770676610703
VisualCogB_Task-2,left,Fz,revision_v2,421.875,0.006948247332381649
VisualCogB_Task-2,left,Fz,revision_v2,429.6875,0.006893960716515251
VisualCogB_Task-2,left,Fz,revision_v2,437.5,0.006821094239020718
VisualCogB_Task-2,left,Fz,revision_v2,445.3125,0.006732128321458028
VisualCogB_Task-2,left,Fz,revision_v2,453.125,0.006629601688806162
VisualCogB_Task-2,left,Fz,revision_v2,460.9375,0.006515393942578234
VisualCogB_Task-2,left,Fz,revision_v2,468.75,0.006391550896625258
VisualCogB_Task-2,left,Fz,revision_v2,476.5625,0.006259534197817402
VisualCogB_Task-2,left,Fz,revision_v2,484.375,0.006121024480746105
VisualCogB_Task-2,left,Fz,revision_v2,492.1875,0.005977124239512054
VisualCogB_Task-2,left,Fz,revision_v2,500.0,0.005829189184670727
VisualCogB_Task-2,left,Fz,revision_v2,507.8125,0.0056780271477664904
VisualCogB_Task-2,left,Fz,revision_v2,515.625,0.005524752050830124
VisualCogB_Task-2,left,Fz,revision_v2,523.4375,0.005369949704308366
VisualCogB_Task-2,left,Fz,revision_v2,531.25,0.005214538829449438
VisualCogB_Task-2,left,Fz,revision_v2,539.0625,0.00505891336223588
VisualCogB_Task-2,left,Fz,revision_v2,546.875,0.00490382977909723
VisualCogB_Task-2,left,Fz,revision_v2,554.6875,0.004749536947045854
VisualCogB_Task-2,left,Fz,revision_v2,562.5,0.004596681647090326
VisualCogB_Task-2,left,Fz,revision_v2,570.3125,0.00444540499804147
VisualCogB_Task-2,left,Fz,revision_v2,578.125,0.004296251934874064
VisualCogB_Task-2,left,Fz,revision_v2,585.9375,0.004149247691673711
VisualCogB_Task-2,left,Fz,revision_v2,593.75,0.004004842195102973
VisualCogB_Task-2,left,Fz,revision_v2,601.5625,0.0038629801586625785
VisualCogB_Task-2,left,Fz,revision_v2,609.375,0.003724062300098952
VisualCogB_Task-2,left,Fz,revision_v2,617.1875,0.003587990504782389
VisualCogB_Task-2,left,Fz,revision_v2,625.0,0.003455143363753542
VisualCogB_Task-2,left,Fz,revision_v2,632.8125,0.00332538229209802
VisualCogB_Task-2,left,Fz,revision_v2,640.625,0.0031990041001265894
VisualCogB_Task-2,left,Fz,revision_v2,648.4375,0.0030757208301045724
VisualCogB_Task-2,left,Fz,revision_v2,656.25,0.0029557311613646587
VisualCogB_Task-2,left,Fz,revision_v2,664.0625,0.0028388577469285236
VisualCogB_Task-2,left,Fz,revision_v2,671.875,0.002725644968400182
VisualCogB_Task-2,left,Fz,revision_v2,679.6875,0.0026160698303424154
VisualCogB_Task-2,left,Fz,revision_v2,687.5,0.002510061335972265
VisualCogB_Task-2,left,Fz,revision_v2,695.3125,0.0024063279940114914
VisualCogB_Task-2,left,Fz,revision_v2,703.125,0.0023044646554058615
VisualCogB_Task-2,left,Fz,revision_v2,710.9375,0.002205613334578654
VisualCogB_Task-2,left,Fz,revision_v2,718.75,0.0021134624913634807
VisualCogB_Task-2,left,Fz,revision_v2,726.5625,0.002029042588744614
VisualCogB_Task-2,left,Fz,revision_v2,734.375,0.0019463407694402237
VisualCogB_Task-2,left,Fz,revision_v2,742.1875,0.0018533540903020503
VisualCogB_Task-2,left,Fz,revision_v2,750.0,0.001748944073305622
VisualCogB_Task-2,left,Fz,revision_v2,757.8125,0.0016583122978212515
VisualCogB_Task-2,left,Fz,revision_v2,765.625,0.0016197329066418732
VisualCogB_Task-2,left,Fz,revision_v2,773.4375,0.0016235781443618205
VisualCogB_Task-2,left,Fz,revision_v2,781.25,0.0015601773837803621
VisualCogB_Task-2,left,Fz,revision_v2,789.0625,0.0012729340583581355
VisualCogB_Task-2,left,Fz,revision_v2,796.875,0.0007345383923042695
VisualCogB_Task-2,left,Fz,revision_v3,0.0,0.11344912801492768
VisualCogB_Task-2,left,Fz,revision_v3,7.8125,-0.08516085203547785
VisualCogB_Task-2,left,Fz,revision_v3,15.625,-1.3429546127669116
VisualCogB_Task-2,left,Fz,revision_v3,23.4375,-3.7892691012630113
VisualCogB_Task-2,left,Fz,revision_v3,31.25,-6.664662179318828
VisualCogB_Task-2,left,Fz,revision_v3,39.0625,-8.723743284757797
VisualCogB_Task-2,left,Fz,revision_v3,46.875,-9.092442250852626
VisualCogB_Task-2,left,Fz,revision_v3,54.6875,-7.7561249933178935
VisualCogB_Task-2,left,Fz,revision_v3,62.5,-5.354124119327034
VisualCogB_Task-2,left,Fz,revision_v3,70.3125,-2.6381585776143375
VisualCogB_Task-2,left,Fz,revision_v3,78.125,-0.1055615695805372
VisualCogB_Task-2,left,Fz,revision_v3,85.9375,2.04894956589226
VisualCogB_Task-2,left,Fz,revision_v3,93.75,3.8009289777570006
VisualCogB_Task-2,left,Fz,revision_v3,101.5625,5.182256969830159
VisualCogB_Task-2,left,Fz,revision_v3,109.375,6.232065405264734
VisualCogB_Task-2,left,Fz,revision_v3,117.1875,7.000102703424984
VisualCogB_Task-2,left,Fz,revision_v3,125.0,7.5422356422307635
VisualCogB_Task-2,left,Fz,revision_v3,132.8125,7.917174776720597
VisualCogB_Task-2,left,Fz,revision_v3,140.625,8.170154238912142
VisualCogB_Task-2,left,Fz,revision_v3,148.4375,8.335052783211244
VisualCogB_Task-2,left,Fz,revision_v3,156.25,8.430501112633486
VisualCogB_Task-2,left,Fz,revision_v3,164.0625,8.47338800936474
VisualCogB_Task-2,left,Fz,revision_v3,171.875,8.477895931608687
VisualCogB_Task-2,left,Fz,revision_v3,179.6875,8.463895711850292
VisualCogB_Task-2,left,Fz,revision_v3,187.5,8.440241106805143
VisualCogB_Task-2,left,Fz,revision_v3,195.3125,8.400915608283299
VisualCogB_Task-2,left,Fz,revision_v3,203.125,8.319983148284944
VisualCogB_Task-2,left,Fz,revision_v3,210.9375,8.193668736904224
VisualCogB_Task-2,left,Fz,revision_v3,218.75,8.071366317970124
VisualCogB_Task-2,left,Fz,revision_v3,226.5625,8.05912061638399
VisualCogB_Task-2,left,Fz,revision_v3,234.375,8.240907383246629
VisualCogB_Task-2,left,Fz,revision_v3,242.1875,8.619495435338324
VisualCogB_Task-2,left,Fz,revision_v3,250.0,9.10346247942492
VisualCogB_Task-2,left,Fz,revision_v3,257.8125,9.574832784132074
VisualCogB_Task-2,left,Fz,revision_v3,265.625,9.936859665451985
VisualCogB_Task-2,left,Fz,revision_v3,273.4375,10.148069524281988
VisualCogB_Task-2,left,Fz,revision_v3,281.25,10.200404630253091
VisualCogB_Task-2,left,Fz,revision_v3,289.0625,10.111455932967473
VisualCogB_Task-2,left,Fz,revision_v3,296.875,9.898906346689222
VisualCogB_Task-2,left,Fz,revision_v3,304.6875,9.588701075230805
VisualCogB_Task-2,left,Fz,revision_v3,312.5,9.201665949627436
VisualCogB_Task-2,left,Fz,revision_v3,320.3125,8.766300218453113
VisualCogB_Task-2,left,Fz,revision_v3,328.125,8.304218591485707
VisualCogB_Task-2,left,Fz,revision_v3,335.9375,7.8429094601500955
VisualCogB_Task-2,left,Fz,revision_v3,343.75,7.401159309036333
VisualCogB_Task-2,left,Fz,revision_v3,351.5625,7.003138732610504
VisualCogB_Task-2,left,Fz,revision_v3,359.375,6.663494777840404
VisualCogB_Task-2,left,Fz,revision_v3,367.1875,6.401765030802262
VisualCogB_Task-2,left,Fz,revision_v3,375.0,6.226665373241669
VisualCogB_Task-2,left,Fz,revision_v3,382.8125,6.151058998505828
VisualCogB_Task-2,left,Fz,revision_v3,390.625,6.176031297586281
VisualCogB_Task-2,left,Fz,revision_v3,398.4375,6.306946820644049
VisualCogB_Task-2,left,Fz,revision_v3,406.25,6.537533343226158
VisualCogB_Task-2,left,Fz,revision_v3,414.0625,6.866845239088444
VisualCogB_Task-2,left,Fz,revision_v3,421.875,7.283021810311072
VisualCogB_Task-2,left,Fz,revision_v3,429.6875,7.7809286887259805
VisualCogB_Task-2,left,Fz,revision_v3,437.5,8.345536290179968
VisualCogB_Task-2,left,Fz,revision_v3,445.3125,8.970137540153239
VisualCogB_Task-2,left,Fz,revision_v3,453.125,9.639080836096216
VisualCogB_Task-2,left,Fz,revision_v3,460.9375,10.34624174836598
VisualCogB_Task-2,left,Fz,revision_v3,468.75,11.076978636035099
VisualCogB_Task-2,left,Fz,revision_v3,476.5625,11.8269209429621
VisualCogB_Task-2,left,Fz,revision_v3,484.375,12.583267098087573
VisualCogB_Task-2,left,Fz,revision_v3,492.1875,13.343924769290206
VisualCogB_Task-2,left,Fz,revision_v3,500.0,14.098153612573444
VisualCogB_Task-2,left,Fz,revision_v3,507.8125,14.84609340173666
VisualCogB_Task-2,left,Fz,revision_v3,515.625,15.578842481503335
VisualCogB_Task-2,left,Fz,revision_v3,523.4375,16.29844163123734
VisualCogB_Task-2,left,Fz,revision_v3,531.25,16.997430780688603
VisualCogB_Task-2,left,Fz,revision_v3,539.0625,17.679317720900457
VisualCogB_Task-2,left,Fz,revision_v3,546.875,18.337655293277408
VisualCogB_Task-2,left,Fz,revision_v3,554.6875,18.977013348348244
VisualCogB_Task-2,left,Fz,revision_v3,562.5,19.591577670017514
VisualCogB_Task-2,left,Fz,revision_v3,570.3125,20.18662629632628
VisualCogB_Task-2,left,Fz,revision_v3,578.125,20.75668304648626
VisualCogB_Task-2,left,Fz,revision_v3,585.9375,21.30749923965977
VisualCogB_Task-2,left,Fz,revision_v3,593.75,21.833683239391704
VisualCogB_Task-2,left,Fz,revision_v3,601.5625,22.341103546119633
VisualCogB_Task-2,left,Fz,revision_v3,609.375,22.824121082873823
VisualCogB_Task-2,left,Fz,revision_v3,617.1875,23.28876698851883
VisualCogB_Task-2,left,Fz,revision_v3,625.0,23.729714672537
VisualCogB_Task-2,left,Fz,revision_v3,632.8125,24.15354799067184
VisualCogB_Task-2,left,Fz,revision_v3,640.625,24.554237858880228
VisualCogB_Task-2,left,Fz,revision_v3,648.4375,24.936455494474018
VisualCogB_Task-2,left,Fz,revision_v3,656.25,25.29239645867959
VisualCogB_Task-2,left,Fz,revision_v3,664.0625,25.629100699699926
VisualCogB_Task-2,left,Fz,revision_v3,671.875,25.94534009888754
VisualCogB_Task-2,left,Fz,revision_v3,679.6875,26.251933274830485
VisualCogB_Task-2,left,Fz,revision_v3,687.5,26.536632774777587
VisualCogB_Task-2,left,Fz,revision_v3,695.3125,26.786695843810342
VisualCogB_Task-2,left,Fz,revision_v3,703.125,26.982633990528477
VisualCogB_Task-2,left,Fz,revision_v3,710.9375,27.157406006675515
VisualCogB_Task-2,left,Fz,revision_v3,718.75,27.37053715482272
VisualCogB_Task-2,left,Fz,revision_v3,726.5625,27.657174578891677
VisualCogB_Task-2,left,Fz,revision_v3,734.375,27.894748478024248
VisualCogB_Task-2,left,Fz,revision_v3,742.1875,27.864947243911864
VisualCogB_Task-2,left,Fz,revision_v3,750.0,27.524351380141425
VisualCogB_Task-2,left,Fz,revision_v3,757.8125,27.35856590726295
VisualCogB_Task-2,left,Fz,revision_v3,765.625,28.100347778398273
VisualCogB_Task-2,left,Fz,revision_v3,773.4375,29.61921045865192
VisualCogB_Task-2,left,Fz,revision_v3,781.25,29.832841816098586
VisualCogB_Task-2,left,Fz,revision_v3,789.0625,25.696448947836778
VisualCogB_Task-2,left,Fz,revision_v3,796.875,16.49882731301623
VisualCogB_Task-2,left,F4,measured,0.0,-1.1814943995495242
VisualCogB_Task-2,left,F4,measured,7.8125,-1.3749632206906917
VisualCogB_Task-2,left,F4,measured,15.625,-1.4816419909691132
VisualCogB_Task-2,left,F4,measured,23.4375,-1.8739484790965386
VisualCogB_Task-2,left,F4,measured,31.25,-2.468226901612103
VisualCogB_Task-2,left,F4,measured,39.0625,-2.833696439028115
VisualCogB_Task-2,left,F4,measured,46.875,-2.753405690990719
VisualCogB_Task-2,left,F4,measured,54.6875,-2.4117987643403356
VisualCogB_Task-2,left,F4,measured,62.5,-2.268604869562229
VisualCogB_Task-2,left,F4,measured,70.3125,-2.454232371484298
VisualCogB_Task-2,left,F4,measured,78.125,-2.77973260196734
VisualCogB_Task-2,left,F4,measured,85.9375,-3.0932426458607667
VisualCogB_Task-2,left,F4,measured,93.75,-3.630036767238184
VisualCogB_Task-2,left,F4,measured,101.5625,-4.51978402963486
VisualCogB_Task-2,left,F4,measured,109.375,-5.620554981384704
VisualCogB_Task-2,left,F4,measured,117.1875,-6.427989414102003
VisualCogB_Task-2,left,F4,measured,125.0,-6.669119981301082
VisualCogB_Task-2,left,F4,measured,132.8125,-6.490419789746672
VisualCogB_Task-2,left,F4,measured,140.625,-6.428688018215825
VisualCogB_Task-2,left,F4,measured,148.4375,-6.6267108040137535
VisualCogB_Task-2,left,F4,measured,156.25,-6.938508181559379
VisualCogB_Task-2,left,F4,measured,164.0625,-7.127222551432538
VisualCogB_Task-2,left,F4,measured,171.875,-7.337243978182941
VisualCogB_Task-2,left,F4,measured,179.6875,-7.678650792908289
VisualCogB_Task-2,left,F4,measured,187.5,-8.318692031182119
VisualCogB_Task-2,left,F4,measured,195.3125,-9.249055538086914
VisualCogB_Task-2,left,F4,measured,203.125,-10.586920661858922
VisualCogB_Task-2,left,F4,measured,210.9375,-12.158226931878714
VisualCogB_Task-2,left,F4,measured,218.75,-13.608612914687603
VisualCogB_Task-2,left,F4,measured,226.5625,-14.288967942712036
VisualCogB_Task-2,left,F4,measured,234.375,-14.086369491925488
VisualCogB_Task-2,left,F4,measured,242.1875,-13.317818947006984
VisualCogB_Task-2,left,F4,measured,250.0,-12.620054434597145
VisualCogB_Task-2,left,F4,measured,257.8125,-12.110742342429502
VisualCogB_Task-2,left,F4,measured,265.625,-11.760986492752915
VisualCogB_Task-2,left,F4,measured,273.4375,-11.372974074316959
VisualCogB_Task-2,left,F4,measured,281.25,-11.080276720574549
VisualCogB_Task-2,left,F4,measured,289.0625,-10.921726009460494
VisualCogB_Task-2,left,F4,measured,296.875,-11.212525507519473
VisualCogB_Task-2,left,F4,measured,304.6875,-12.01128609736633
VisualCogB_Task-2,left,F4,measured,312.5,-13.131779772251889
VisualCogB_Task-2,left,F4,measured,320.3125,-13.795863295805212
VisualCogB_Task-2,left,F4,measured,328.125,-13.832368874559089
VisualCogB_Task-2,left,F4,measured,335.9375,-13.767318894056643
VisualCogB_Task-2,left,F4,measured,343.75,-14.616305704397252
VisualCogB_Task-2,left,F4,measured,351.5625,-16.41301263010302
VisualCogB_Task-2,left,F4,measured,359.375,-18.44666830590153
VisualCogB_Task-2,left,F4,measured,367.1875,-19.68657242106477
VisualCogB_Task-2,left,F4,measured,375.0,-20.215544596545154
VisualCogB_Task-2,left,F4,measured,382.8125,-20.72614416320751
VisualCogB_Task-2,left,F4,measured,390.625,-22.116705663594246
VisualCogB_Task-2,left,F4,measured,398.4375,-24.310412424375485
VisualCogB_Task-2,left,F4,measured,406.25,-26.841586244802567
VisualCogB_Task-2,left,F4,measured,414.0625,-28.921197311451756
VisualCogB_Task-2,left,F4,measured,421.875,-30.301399308003315
VisualCogB_Task-2,left,F4,measured,429.6875,-30.76567534641548
VisualCogB_Task-2,left,F4,measured,437.5,-30.55178320861455
VisualCogB_Task-2,left,F4,measured,445.3125,-29.80557690873585
VisualCogB_Task-2,left,F4,measured,453.125,-29.03645789693321
VisualCogB_Task-2,left,F4,measured,460.9375,-28.238931086664472
VisualCogB_Task-2,left,F4,measured,468.75,-27.16906062039926
VisualCogB_Task-2,left,F4,measured,476.5625,-25.190976329239174
VisualCogB_Task-2,left,F4,measured,484.375,-22.586027952991742
VisualCogB_Task-2,left,F4,measured,492.1875,-19.927501868679748
VisualCogB_Task-2,left,F4,measured,500.0,-17.80737861032248
VisualCogB_Task-2,left,F4,measured,507.8125,-15.783433900603864
VisualCogB_Task-2,left,F4,measured,515.625,-13.361702498939765
VisualCogB_Task-2,left,F4,measured,523.4375,-10.061689405567734
VisualCogB_Task-2,left,F4,measured,531.25,-6.265236103112104
VisualCogB_Task-2,left,F4,measured,539.0625,-2.30232363309418
VisualCogB_Task-2,left,F4,measured,546.875,1.4516271816355748
VisualCogB_Task-2,left,F4,measured,554.6875,5.482763749391142
VisualCogB_Task-2,left,F4,measured,562.5,10.135384228493155
VisualCogB_Task-2,left,F4,measured,570.3125,15.619544952705345
VisualCogB_Task-2,left,F4,measured,578.125,21.30070456421582
VisualCogB_Task-2,left,F4,measured,585.9375,26.823876754241052
VisualCogB_Task-2,left,F4,measured,593.75,31.77703519767075
VisualCogB_Task-2,left,F4,measured,601.5625,36.200144487561744
VisualCogB_Task-2,left,F4,measured,609.375,39.726122954094684
VisualCogB_Task-2,left,F4,measured,617.1875,42.528537358023144
VisualCogB_Task-2,left,F4,measured,625.0,44.91049142243903
VisualCogB_Task-2,left,F4,measured,632.8125,47.68749618763537
VisualCogB_Task-2,left,F4,measured,640.625,50.9101847021926
VisualCogB_Task-2,left,F4,measured,648.4375,54.33407084870917
VisualCogB_Task-2,left,F4,measured,656.25,56.94813049839774
VisualCogB_Task-2,left,F4,measured,664.0625,58.20098621638772
VisualCogB_Task-2,left,F4,measured,671.875,57.717603187695424
VisualCogB_Task-2,left,F4,measured,679.6875,56.05351395599914
VisualCogB_Task-2,left,F4,measured,687.5,53.60455253533795
VisualCogB_Task-2,left,F4,measured,695.3125,51.116484386753484
VisualCogB_Task-2,left,F4,measured,703.125,48.809142046329704
VisualCogB_Task-2,left,F4,measured,710.9375,46.93052325844112
VisualCogB_Task-2,left,F4,measured,718.75,45.14124623371183
VisualCogB_Task-2,left,F4,measured,726.5625,43.78157717519082
VisualCogB_Task-2,left,F4,measured,734.375,42.980112163502376
VisualCogB_Task-2,left,F4,measured,742.1875,42.69867917218382
VisualCogB_Task-2,left,F4,measured,750.0,41.91559156861076
VisualCogB_Task-2,left,F4,measured,757.8125,40.297794629239284
VisualCogB_Task-2,left,F4,measured,765.625,37.89939655373751
VisualCogB_Task-2,left,F4,measured,773.4375,35.57493264525244
VisualCogB_Task-2,left,F4,measured,781.25,33.5717254285345
VisualCogB_Task-2,left,F4,measured,789.0625,32.175945992171535
VisualCogB_Task-2,left,F4,measured,796.875,30.92671280054582
VisualCogB_Task-2,left,F4,revision,0.0,-0.11160586413978013
VisualCogB_Task-2,left,F4,revision,7.8125,-0.15284138646912027
VisualCogB_Task-2,left,F4,revision,15.625,-0.045533990053630014
VisualCogB_Task-2,left,F4,revision,23.4375,0.4199848837972562
VisualCogB_Task-2,left,F4,revision,31.25,1.391279646928709
VisualCogB_Task-2,left,F4,revision,39.0625,2.847011361538679
VisualCogB_Task-2,left,F4,revision,46.875,4.602312643871287
VisualCogB_Task-2,left,F4,revision,54.6875,6.415035327491803
VisualCogB_Task-2,left,F4,revision,62.5,8.091788711857603
VisualCogB_Task-2,left,F4,revision,70.3125,9.534457025013634
VisualCogB_Task-2,left,F4,revision,78.125,10.72180627721329
VisualCogB_Task-2,left,F4,revision,85.9375,11.675944740324084
VisualCogB_Task-2,left,F4,revision,93.75,12.431595908986438
VisualCogB_Task-2,left,F4,revision,101.5625,13.026996935396951
VisualCogB_Task-2,left,F4,revision,109.375,13.495501807326612
VisualCogB_Task-2,left,F4,revision,117.1875,13.867466289646508
VisualCogB_Task-2,left,F4,revision,125.0,14.164414938990397
VisualCogB_Task-2,left,F4,revision,132.8125,14.404136679575387
VisualCogB_Task-2,left,F4,revision,140.625,14.597036542899815
VisualCogB_Task-2,left,F4,revision,148.4375,14.752586450638788
VisualCogB_Task-2,left,F4,revision,156.25,14.873520695010225
VisualCogB_Task-2,left,F4,revision,164.0625,14.962294847882468
VisualCogB_Task-2,left,F4,revision,171.875,15.01831254040643
VisualCogB_Task-2,left,F4,revision,179.6875,15.050002979687694
VisualCogB_Task-2,left,F4,revision,187.5,15.06805609637734
VisualCogB_Task-2,left,F4,revision,195.3125,15.079919138549055
VisualCogB_Task-2,left,F4,revision,203.125,15.063419194413878
VisualCogB_Task-2,left,F4,revision,210.9375,14.974112924353378
VisualCogB_Task-2,left,F4,revision,218.75,14.773942818301737
VisualCogB_Task-2,left,F4,revision,226.5625,14.48803797984251
VisualCogB_Task-2,left,F4,revision,234.375,14.199987463281893
VisualCogB_Task-2,left,F4,revision,242.1875,14.004477685263314
VisualCogB_Task-2,left,F4,revision,250.0,13.936833901708482
VisualCogB_Task-2,left,F4,revision,257.8125,13.97118335640112
VisualCogB_Task-2,left,F4,revision,265.625,14.045268904748724
VisualCogB_Task-2,left,F4,revision,273.4375,14.109229279603468
VisualCogB_Task-2,left,F4,revision,281.25,14.131947076985139
VisualCogB_Task-2,left,F4,revision,289.0625,14.107482224513117
VisualCogB_Task-2,left,F4,revision,296.875,14.034485436736798
VisualCogB_Task-2,left,F4,revision,304.6875,13.9205854875487
VisualCogB_Task-2,left,F4,revision,312.5,13.769077069449207
VisualCogB_Task-2,left,F4,revision,320.3125,13.589702804365817
VisualCogB_Task-2,left,F4,revision,328.125,13.386261229937908
VisualCogB_Task-2,left,F4,revision,335.9375,13.167603992786312
VisualCogB_Task-2,left,F4,revision,343.75,12.935094587762318
VisualCogB_Task-2,left,F4,revision,351.5625,12.695102832056392
VisualCogB_Task-2,left,F4,revision,359.375,12.446796309801506
VisualCogB_Task-2,left,F4,revision,367.1875,12.195300071544825
VisualCogB_Task-2,left,F4,revision,375.0,11.938796834072601
VisualCogB_Task-2,left,F4,revision,382.8125,11.681907512200269
VisualCogB_Task-2,left,F4,revision,390.625,11.422208709925446
VisualCogB_Task-2,left,F4,revision,398.4375,11.16405934701756
VisualCogB_Task-2,left,F4,revision,406.25,10.904651231210284
VisualCogB_Task-2,left,F4,revision,414.0625,10.64826579656836
VisualCogB_Task-2,left,F4,revision,421.875,10.391830437962817
VisualCogB_Task-2,left,F4,revision,429.6875,10.139601476563527
VisualCogB_Task-2,left,F4,revision,437.5,9.88826448943605
VisualCogB_Task-2,left,F4,revision,445.3125,9.642068923630934
VisualCogB_Task-2,left,F4,revision,453.125,9.397485701427723
VisualCogB_Task-2,left,F4,revision,460.9375,9.158779360355942
VisualCogB_Task-2,left,F4,revision,468.75,8.922221082862325
VisualCogB_Task-2,left,F4,revision,476.5625,8.692097517694172
VisualCogB_Task-2,left,F4,revision,484.375,8.464493188953934
VisualCogB_Task-2,left,F4,revision,492.1875,8.24373375722477
VisualCogB_Task-2,left,F4,revision,500.0,8.025735411147554
VisualCogB_Task-2,left,F4,revision,507.8125,7.814870511510521
VisualCogB_Task-2,left,F4,revision,515.625,7.60689093017267
VisualCogB_Task-2,left,F4,revision,523.4375,7.406222643087651
VisualCogB_Task-2,left,F4,revision,531.25,7.208472644751986
VisualCogB_Task-2,left,F4,revision,539.0625,7.018138707997631
VisualCogB_Task-2,left,F4,revision,546.875,6.830689972027435
VisualCogB_Task-2,left,F4,revision,554.6875,6.6506884091054275
VisualCogB_Task-2,left,F4,revision,562.5,6.4734626665266095
VisualCogB_Task-2,left,F4,revision,570.3125,6.303650658197158
VisualCogB_Task-2,left,F4,revision,578.125,6.1364660121129155
VisualCogB_Task-2,left,F4,revision,585.9375,5.9766397312325985
VisualCogB_Task-2,left,F4,revision,593.75,5.819266318031653
VisualCogB_Task-2,left,F4,revision,601.5625,5.669144149323058
VisualCogB_Task-2,left,F4,revision,609.375,5.521234238103449
VisualCogB_Task-2,left,F4,revision,617.1875,5.3804362600033215
VisualCogB_Task-2,left,F4,revision,625.0,5.241663173179766
VisualCogB_Task-2,left,F4,revision,632.8125,5.109963221139364
VisualCogB_Task-2,left,F4,revision,640.625,4.980085910702361
VisualCogB_Task-2,left,F4,revision,648.4375,4.856963371574389
VisualCogB_Task-2,left,F4,revision,656.25,4.735086563057237
VisualCogB_Task-2,left,F4,revision,664.0625,4.619751875186182
VisualCogB_Task-2,left,F4,revision,671.875,4.506083613754296
VisualCogB_Task-2,left,F4,revision,679.6875,4.399858386534377
VisualCogB_Task-2,left,F4,revision,687.5,4.294921484451686
VisualCogB_Task-2,left,F4,revision,695.3125,4.1946311314837015
VisualCogB_Task-2,left,F4,revision,703.125,4.092043808060951
VisualCogB_Task-2,left,F4,revision,710.9375,3.995548922394785
VisualCogB_Task-2,left,F4,revision,718.75,3.9064969485563985
VisualCogB_Task-2,left,F4,revision,726.5625,3.8333598383418748
VisualCogB_Task-2,left,F4,revision,734.375,3.7577737200550514
VisualCogB_Task-2,left,F4,revision,742.1875,3.6614981869484406
VisualCogB_Task-2,left,F4,revision,750.0,3.5353143905443747
VisualCogB_Task-2,left,F4,revision,757.8125,3.436630049626999
VisualCogB_Task-2,left,F4,revision,765.625,3.4377279697680394
VisualCogB_Task-2,left,F4,revision,773.4375,3.5275666530449694
VisualCogB_Task-2,left,F4,revision,781.25,3.4770697344222286
VisualCogB_Task-2,left,F4,revision,789.0625,2.969973494630099
VisualCogB_Task-2,left,F4,revision,796.875,1.9347515920325624
VisualCogB_Task-2,left,F4,revision_v2,0.0,-0.010960833535671621
VisualCogB_Task-2,left,F4,revision_v2,7.8125,-0.009839094361186962
VisualCogB_Task-2,left,F4,revision_v2,15.625,-0.010067086016016191
VisualCogB_Task-2,left,F4,revision_v2,23.4375,-0.015179900890349207
VisualCogB_Task-2,left,F4,revision_v2,31.25,-0.02432212012664897
VisualCogB_Task-2,left,F4,revision_v2,39.0625,-0.02629688776463307
VisualCogB_Task-2,left,F4,revision_v2,46.875,-0.0011454136437542561
VisualCogB_Task-2,left,F4,revision_v2,54.6875,0.06851964582181369
VisualCogB_Task-2,left,F4,revision_v2,62.5,0.1843841406449202
VisualCogB_Task-2,left,F4,revision_v2,70.3125,0.3302519626130114
VisualCogB_Task-2,left,F4,revision_v2,78.125,0.48160910217461983
VisualCogB_Task-2,left,F4,revision_v2,85.9375,0.6185941202672409
VisualCogB_Task-2,left,F4,revision_v2,93.75,0.7319266857459971
VisualCogB_Task-2,left,F4,revision_v2,101.5625,0.8216835089686646
VisualCogB_Task-2,left,F4,revision_v2,109.375,0.891994672515602
VisualCogB_Task-2,left,F4,revision_v2,117.1875,0.9476594129362006
VisualCogB_Task-2,left,F4,revision_v2,125.0,0.9923182683555103
VisualCogB_Task-2,left,F4,revision_v2,132.8125,1.0289988656237241
VisualCogB_Task-2,left,F4,revision_v2,140.625,1.059899258909656
VisualCogB_Task-2,left,F4,revision_v2,148.4375,1.0870055585586147
VisualCogB_Task-2,left,F4,revision_v2,156.25,1.1114868152444484
VisualCogB_Task-2,left,F4,revision_v2,164.0625,1.1342965362680715
VisualCogB_Task-2,left,F4,revision_v2,171.875,1.1556127382738424
VisualCogB_Task-2,left,F4,revision_v2,179.6875,1.1756687675440438
VisualCogB_Task-2,left,F4,revision_v2,187.5,1.194391603282266
VisualCogB_Task-2,left,F4,revision_v2,195.3125,1.2124376155827508
VisualCogB_Task-2,left,F4,revision_v2,203.125,1.230307688433934
VisualCogB_Task-2,left,F4,revision_v2,210.9375,1.2482392826692235
VisualCogB_Task-2,left,F4,revision_v2,218.75,1.2645322928467226
VisualCogB_Task-2,left,F4,revision_v2,226.5625,1.2772169784058183
VisualCogB_Task-2,left,F4,revision_v2,234.375,1.2865008324005147
VisualCogB_Task-2,left,F4,revision_v2,242.1875,1.2988084526104935
VisualCogB_Task-2,left,F4,revision_v2,250.0,1.3241683793417023
VisualCogB_Task-2,left,F4,revision_v2,257.8125,1.3697107094619572
VisualCogB_Task-2,left,F4,revision_v2,265.625,1.4319058325030138
VisualCogB_Task-2,left,F4,revision_v2,273.4375,1.498361163904123
VisualCogB_Task-2,left,F4,revision_v2,281.25,1.55437459597995
VisualCogB_Task-2,left,F4,revision_v2,289.0625,1.5913011595035853
VisualCogB_Task-2,left,F4,revision_v2,296.875,1.60754346785942
VisualCogB_Task-2,left,F4,revision_v2,304.6875,1.6070493249272866
VisualCogB_Task-2,left,F4,revision_v2,312.5,1.594555612219444
VisualCogB_Task-2,left,F4,revision_v2,320.3125,1.5745803931878612
VisualCogB_Task-2,left,F4,revision_v2,328.125,1.5498423769634522
VisualCogB_Task-2,left,F4,revision_v2,335.9375,1.5227793616971426
VisualCogB_Task-2,left,F4,revision_v2,343.75,1.494630897743688
VisualCogB_Task-2,left,F4,revision_v2,351.5625,1.4667621681551852
VisualCogB_Task-2,left,F4,revision_v2,359.375,1.4394463635684882
VisualCogB_Task-2,left,F4,revision_v2,367.1875,1.4132523233771688
VisualCogB_Task-2,left,F4,revision_v2,375.0,1.3878839730581856
VisualCogB_Task-2,left,F4,revision_v2,382.8125,1.3636261583244114
VisualCogB_Task-2,left,F4,revision_v2,390.625,1.3400512616147433
VisualCogB_Task-2,left,F4,revision_v2,398.4375,1.317414743088443
VisualCogB_Task-2,left,F4,revision_v2,406.25,1.2952636097238688
VisualCogB_Task-2,left,F4,revision_v2,414.0625,1.2738652702242654
VisualCogB_Task-2,left,F4,revision_v2,421.875,1.252769873691732
VisualCogB_Task-2,left,F4,revision_v2,429.6875,1.2322800301553867
VisualCogB_Task-2,left,F4,revision_v2,437.5,1.2119607638864531
VisualCogB_Task-2,left,F4,revision_v2,445.3125,1.1921487488159332
VisualCogB_Task-2,left,F4,revision_v2,453.125,1.1724164440911835
VisualCogB_Task-2,left,F4,revision_v2,460.9375,1.1531261913101165
VisualCogB_Task-2,left,F4,revision_v2,468.75,1.1338514022268424
VisualCogB_Task-2,left,F4,revision_v2,476.5625,1.1149750250445971
VisualCogB_Task-2,left,F4,revision_v2,484.375,1.096067763376647
VisualCogB_Task-2,left,F4,revision_v2,492.1875,1.0775300372734482
VisualCogB_Task-2,left,F4,revision_v2,500.0,1.0589273576236284
VisualCogB_Task-2,left,F4,revision_v2,507.8125,1.0406751532336527
VisualCogB_Task-2,left,F4,revision_v2,515.625,1.0223318500611152
VisualCogB_Task-2,left,F4,revision_v2,523.4375,1.0043263915328562
VisualCogB_Task-2,left,F4,revision_v2,531.25,0.986209511110413
VisualCogB_Task-2,left,F4,revision_v2,539.0625,0.9684231785880688
VisualCogB_Task-2,left,F4,revision_v2,546.875,0.950509948724281
VisualCogB_Task-2,left,F4,revision_v2,554.6875,0.932923843702445
VisualCogB_Task-2,left,F4,revision_v2,562.5,0.9151986181779541
VisualCogB_Task-2,left,F4,revision_v2,570.3125,0.8978002995841239
VisualCogB_Task-2,left,F4,revision_v2,578.125,0.8802547986702971
VisualCogB_Task-2,left,F4,revision_v2,585.9375,0.8630408312470137
VisualCogB_Task-2,left,F4,revision_v2,593.75,0.8456755145229222
VisualCogB_Task-2,left,F4,revision_v2,601.5625,0.8286467961943795
VisualCogB_Task-2,left,F4,revision_v2,609.375,0.8114603997882793
VisualCogB_Task-2,left,F4,revision_v2,617.1875,0.7946170553257164
VisualCogB_Task-2,left,F4,revision_v2,625.0,0.777622017331582
VisualCogB_Task-2,left,F4,revision_v2,632.8125,0.7609952865048684
VisualCogB_Task-2,left,F4,revision_v2,640.625,0.7442255160018101
VisualCogB_Task-2,left,F4,revision_v2,648.4375,0.7278141371370294
VisualCogB_Task-2,left,F4,revision_v2,656.25,0.7112186703169501
VisualCogB_Task-2,left,F4,revision_v2,664.0625,0.6949897648502908
VisualCogB_Task-2,left,F4,revision_v2,671.875,0.6786808891855471
VisualCogB_Task-2,left,F4,revision_v2,679.6875,0.6629075701540443
VisualCogB_Task-2,left,F4,revision_v2,687.5,0.6470434888064047
VisualCogB_Task-2,left,F4,revision_v2,695.3125,0.6313534743846507
VisualCogB_Task-2,left,F4,revision_v2,703.125,0.6151057467277175
VisualCogB_Task-2,left,F4,revision_v2,710.9375,0.5992879786491634
VisualCogB_Task-2,left,F4,revision_v2,718.75,0.5843617615845081
VisualCogB_Task-2,left,F4,revision_v2,726.5625,0.5713091635056933
VisualCogB_Task-2,left,F4,revision_v2,734.375,0.5577505537873105
VisualCogB_Task-2,left,F4,revision_v2,742.1875,0.5408394197114603
VisualCogB_Task-2,left,F4,revision_v2,750.0,0.5195627186943786
VisualCogB_Task-2,left,F4,revision_v2,757.8125,0.5019728512514283
VisualCogB_Task-2,left,F4,revision_v2,765.625,0.4987021198685512
VisualCogB_Task-2,left,F4,revision_v2,773.4375,0.5077883634220115
VisualCogB_Task-2,left,F4,revision_v2,781.25,0.4964913850933448
VisualCogB_Task-2,left,F4,revision_v2,789.0625,0.41931848983674225
VisualCogB_Task-2,left,F4,revision_v2,796.875,0.2668919192584767
VisualCogB_Task-2,left,F4,revision_v3,0.0,-0.08334020944324472
VisualCogB_Task-2,left,F4,revision_v3,7.8125,-0.2712314762099499
VisualCogB_Task-2,left,F4,revision_v3,15.625,-1.3777772642283868
VisualCogB_Task-2,left,F4,revision_v3,23.4375,-3.5302063185446553
VisualCogB_Task-2,left,F4,revision_v3,31.25,-6.103525157952065
VisualCogB_Task-2,left,F4,revision_v3,39.0625,-8.035404439912787
VisualCogB_Task-2,left,F4,revision_v3,46.875,-8.5010968336517
VisualCogB_Task-2,left,F4,revision_v3,54.6875,-7.295656787721777
VisualCogB_Task-2,left,F4,revision_v3,62.5,-4.73088890518895
VisualCogB_Task-2,left,F4,revision_v3,70.3125,-1.3156409753679288
VisualCogB_Task-2,left,F4,revision_v3,78.125,2.4608789619230196
VisualCogB_Task-2,left,F4,revision_v3,85.9375,6.214540180141221
VisualCogB_Task-2,left,F4,revision_v3,93.75,9.671356783253518
VisualCogB_Task-2,left,F4,revision_v3,101.5625,12.674839902107555
VisualCogB_Task-2,left,F4,revision_v3,109.375,15.164770460474895
VisualCogB_Task-2,left,F4,revision_v3,117.1875,17.159000798616248
VisualCogB_Task-2,left,F4,revision_v3,125.0,18.70862558228132
VisualCogB_Task-2,left,F4,revision_v3,132.8125,19.882591429841824
VisualCogB_Task-2,left,F4,revision_v3,140.625,20.741758638992934
VisualCogB_Task-2,left,F4,revision_v3,148.4375,21.34661403658182
VisualCogB_Task-2,left,F4,revision_v3,156.25,21.743145736744985
VisualCogB_Task-2,left,F4,revision_v3,164.0625,21.978635552397733
VisualCogB_Task-2,left,F4,revision_v3,171.875,22.08986070459516
VisualCogB_Task-2,left,F4,revision_v3,179.6875,22.118565996518896
VisualCogB_Task-2,left,F4,revision_v3,187.5,22.08820033923901
VisualCogB_Task-2,left,F4,revision_v3,195.3125,22.010815603032253
VisualCogB_Task-2,left,F4,revision_v3,203.125,21.873436961416424
VisualCogB_Task-2,left,F4,revision_v3,210.9375,21.68547901990695
VisualCogB_Task-2,left,F4,revision_v3,218.75,21.495146125140955
VisualCogB_Task-2,left,F4,revision_v3,226.5625,21.40347682657044
VisualCogB_Task-2,left,F4,revision_v3,234.375,21.485388912243216
VisualCogB_Task-2,left,F4,revision_v3,242.1875,21.75192331755315
VisualCogB_Task-2,left,F4,revision_v3,250.0,22.126971106414413
VisualCogB_Task-2,left,F4,revision_v3,257.8125,22.514421326526687
VisualCogB_Task-2,left,F4,revision_v3,265.625,22.8220918222597
VisualCogB_Task-2,left,F4,revision_v3,273.4375,23.005444936770253
VisualCogB_Task-2,left,F4,revision_v3,281.25,23.04163744497748
VisualCogB_Task-2,left,F4,revision_v3,289.0625,22.942480069479053
VisualCogB_Task-2,left,F4,revision_v3,296.875,22.7189519565407
VisualCogB_Task-2,left,F4,revision_v3,304.6875,22.400193951829884
VisualCogB_Task-2,left,F4,revision_v3,312.5,22.004295176152045
VisualCogB_Task-2,left,F4,revision_v3,320.3125,21.563593895083145
VisualCogB_Task-2,left,F4,revision_v3,328.125,21.096670176102755
VisualCogB_Task-2,left,F4,revision_v3,335.9375,20.635517152100213
VisualCogB_Task-2,left,F4,revision_v3,343.75,20.196456957905795
VisualCogB_Task-2,left,F4,revision_v3,351.5625,19.808400478872926
VisualCogB_Task-2,left,F4,revision_v3,359.375,19.482686780630615
VisualCogB_Task-2,left,F4,revision_v3,367.1875,19.24262348495013
VisualCogB_Task-2,left,F4,revision_v3,375.0,19.092415060913936
VisualCogB_Task-2,left,F4,revision_v3,382.8125,19.04804815470562
VisualCogB_Task-2,left,F4,revision_v3,390.625,19.105484711432453
VisualCogB_Task-2,left,F4,revision_v3,398.4375,19.27314668272122
VisualCogB_Task-2,left,F4,revision_v3,406.25,19.53952914076477
VisualCogB_Task-2,left,F4,revision_v3,414.0625,19.907087736328123
VisualCogB_Task-2,left,F4,revision_v3,421.875,20.358924728266928
VisualCogB_Task-2,left,F4,revision_v3,429.6875,20.893825145020216
VisualCogB_Task-2,left,F4,revision_v3,437.5,21.49197211869675
VisualCogB_Task-2,left,F4,revision_v3,445.3125,22.15104980224079
VisualCogB_Task-2,left,F4,revision_v3,453.125,22.850764295435418
VisualCogB_Task-2,left,F4,revision_v3,460.9375,23.589719722149976
VisualCogB_Task-2,left,F4,revision_v3,468.75,24.348644935803456
VisualCogB_Task-2,left,F4,revision_v3,476.5625,25.12811353139014
VisualCogB_Task-2,left,F4,revision_v3,484.375,25.910604860201722
VisualCogB_Task-2,left,F4,revision_v3,492.1875,26.699096571997586
VisualCogB_Task-2,left,F4,revision_v3,500.0,27.477970400873453
VisualCogB_Task-2,left,F4,revision_v3,507.8125,28.252514738121285
VisualCogB_Task-2,left,F4,revision_v3,515.625,29.008770196320725
VisualCogB_Task-2,left,F4,revision_v3,523.4375,29.753993661869636
VisualCogB_Task-2,left,F4,revision_v3,531.25,30.47548289774143
VisualCogB_Task-2,left,F4,revision_v3,539.0625,31.182029698829403
VisualCogB_Task-2,left,F4,revision_v3,546.875,31.861772559192687
VisualCogB_Task-2,left,F4,revision_v3,554.6875,32.52464523496567
VisualCogB_Task-2,left,F4,revision_v3,562.5,33.159256146644104
VisualCogB_Task-2,left,F4,revision_v3,570.3125,33.776339175407394
VisualCogB_Task-2,left,F4,revision_v3,578.125,34.36471155596573
VisualCogB_Task-2,left,F4,revision_v3,585.9375,34.93571121975504
VisualCogB_Task-2,left,F4,revision_v3,593.75,35.478107616317075
VisualCogB_Task-2,left,F4,revision_v3,601.5625,36.00340791991385
VisualCogB_Task-2,left,F4,revision_v3,609.375,36.4999287011326
VisualCogB_Task-2,left,F4,revision_v3,617.1875,36.97949496270622
VisualCogB_Task-2,left,F4,revision_v3,625.0,37.430861369026566
VisualCogB_Task-2,left,F4,revision_v3,632.8125,37.86677830464062
VisualCogB_Task-2,left,F4,revision_v3,640.625,38.27495294777238
VisualCogB_Task-2,left,F4,revision_v3,648.4375,38.665438771049
VisualCogB_Task-2,left,F4,revision_v3,656.25,39.0233353795454
VisualCogB_Task-2,left,F4,revision_v3,664.0625,39.36231487505595
VisualCogB_Task-2,left,F4,revision_v3,671.875,39.67714782491223
VisualCogB_Task-2,left,F4,revision_v3,679.6875,39.98715346131478
VisualCogB_Task-2,left,F4,revision_v3,687.5,40.27082648015616
VisualCogB_Task-2,left,F4,revision_v3,695.3125,40.51288180035477
VisualCogB_Task-2,left,F4,revision_v3,703.125,40.681132937668934
VisualCogB_Task-2,left,F4,revision_v3,710.9375,40.82764383835063
VisualCogB_Task-2,left,F4,revision_v3,718.75,41.03638789664982
VisualCogB_Task-2,left,F4,revision_v3,726.5625,41.3625091336897
VisualCogB_Task-2,left,F4,revision_v3,734.375,41.62172456295446
VisualCogB_Task-2,left,F4,revision_v3,742.1875,41.496293143126714
VisualCogB_Task-2,left,F4,revision_v3,750.0,40.91880263224729
VisualCogB_Task-2,left,F4,revision_v3,757.8125,40.607833750004
VisualCogB_Task-2,left,F4,revision_v3,765.625,41.63745169127039
VisualCogB_Task-2,left,F4,revision_v3,773.4375,43.817682371328786
VisualCogB_Task-2,left,F4,revision_v3,781.25,44.07863344454507
VisualCogB_Task-2,left,F4,revision_v3,789.0625,37.9446086787927
VisualCogB_Task-2,left,F4,revision_v3,796.875,24.37079948249749
VisualCogB_Task-2,right,F3,measured,0.0,5.301956631847797
VisualCogB_Task-2,right,F3,measured,7.8125,6.062817836400335
VisualCogB_Task-2,right,F3,measured,15.625,6.517554727366427
VisualCogB_Task-2,right,F3,measured,23.4375,5.880563958129178
VisualCogB_Task-2,right,F3,measured,31.25,4.362248455147626
VisualCogB_Task-2,right,F3,measured,39.0625,2.9901455918274213
VisualCogB_Task-2,right,F3,measured,46.875,2.419745621018975
VisualCogB_Task-2,right,F3,measured,54.6875,2.5371294991850153
VisualCogB_Task-2,right,F3,measured,62.5,2.8607773897931503
VisualCogB_Task-2,right,F3,measured,70.3125,3.101206631297125
VisualCogB_Task-2,right,F3,measured,78.125,3.131233378295387
VisualCogB_Task-2,right,F3,measured,85.9375,3.0531594061421474
VisualCogB_Task-2,right,F3,measured,93.75,2.991904149842706
VisualCogB_Task-2,right,F3,measured,101.5625,3.001887898175825
VisualCogB_Task-2,right,F3,measured,109.375,2.9182983572343946
VisualCogB_Task-2,right,F3,measured,117.1875,2.6937072766611796
VisualCogB_Task-2,right,F3,measured,125.0,2.2935322980244033
VisualCogB_Task-2,right,F3,measured,132.8125,1.7625603728769523
VisualCogB_Task-2,right,F3,measured,140.625,1.09126549690998
VisualCogB_Task-2,right,F3,measured,148.4375,0.5014842793727841
VisualCogB_Task-2,right,F3,measured,156.25,0.2663734714077946
VisualCogB_Task-2,right,F3,measured,164.0625,0.6245689739938066
VisualCogB_Task-2,right,F3,measured,171.875,1.3346066080330425
VisualCogB_Task-2,right,F3,measured,179.6875,1.9881034286705475
VisualCogB_Task-2,right,F3,measured,187.5,2.229523245909026
VisualCogB_Task-2,right,F3,measured,195.3125,2.249954939523405
VisualCogB_Task-2,right,F3,measured,203.125,2.4246436247089758
VisualCogB_Task-2,right,F3,measured,210.9375,3.068097106862091
VisualCogB_Task-2,right,F3,measured,218.75,3.898823998012608
VisualCogB_Task-2,right,F3,measured,226.5625,4.494464677521429
VisualCogB_Task-2,right,F3,measured,234.375,4.599877084295659
VisualCogB_Task-2,right,F3,measured,242.1875,4.560357144111521
VisualCogB_Task-2,right,F3,measured,250.0,4.63265150540567
VisualCogB_Task-2,right,F3,measured,257.8125,4.904779501315133
VisualCogB_Task-2,right,F3,measured,265.625,5.214079150483419
VisualCogB_Task-2,right,F3,measured,273.4375,5.705225109868909
VisualCogB_Task-2,right,F3,measured,281.25,6.486856187375964
VisualCogB_Task-2,right,F3,measured,289.0625,7.626481082532117
VisualCogB_Task-2,right,F3,measured,296.875,8.718179860779374
VisualCogB_Task-2,right,F3,measured,304.6875,9.451168853884592
VisualCogB_Task-2,right,F3,measured,312.5,9.779097672179171
VisualCogB_Task-2,right,F3,measured,320.3125,10.197162689135371
VisualCogB_Task-2,right,F3,measured,328.125,10.805349579323629
VisualCogB_Task-2,right,F3,measured,335.9375,11.473771433292121
VisualCogB_Task-2,right,F3,measured,343.75,11.983388318764367
VisualCogB_Task-2,right,F3,measured,351.5625,12.530954741727447
VisualCogB_Task-2,right,F3,measured,359.375,12.977722667764294
VisualCogB_Task-2,right,F3,measured,367.1875,13.083563515658193
VisualCogB_Task-2,right,F3,measured,375.0,12.53965212495032
VisualCogB_Task-2,right,F3,measured,382.8125,11.602283793581217
VisualCogB_Task-2,right,F3,measured,390.625,10.605315988829284
VisualCogB_Task-2,right,F3,measured,398.4375,10.027334643267661
VisualCogB_Task-2,right,F3,measured,406.25,9.793885312730547
VisualCogB_Task-2,right,F3,measured,414.0625,9.668846393708616
VisualCogB_Task-2,right,F3,measured,421.875,9.32938787332945
VisualCogB_Task-2,right,F3,measured,429.6875,9.163434573834028
VisualCogB_Task-2,right,F3,measured,437.5,9.62508588114885
VisualCogB_Task-2,right,F3,measured,445.3125,10.972482856586684
VisualCogB_Task-2,right,F3,measured,453.125,12.581701116066016
VisualCogB_Task-2,right,F3,measured,460.9375,13.8883607462624
VisualCogB_Task-2,right,F3,measured,468.75,14.59094224726503
VisualCogB_Task-2,right,F3,measured,476.5625,15.161921163223058
VisualCogB_Task-2,right,F3,measured,484.375,16.062001661097028
VisualCogB_Task-2,right,F3,measured,492.1875,17.677104865220567
VisualCogB_Task-2,right,F3,measured,500.0,19.66897527010402
VisualCogB_Task-2,right,F3,measured,507.8125,21.904263678739838
VisualCogB_Task-2,right,F3,measured,515.625,24.462709270679692
VisualCogB_Task-2,right,F3,measured,523.4375,27.8012730924977
VisualCogB_Task-2,right,F3,measured,531.25,31.780563394720385
VisualCogB_Task-2,right,F3,measured,539.0625,36.197412369355604
VisualCogB_Task-2,right,F3,measured,546.875,40.638449001208166
VisualCogB_Task-2,right,F3,measured,554.6875,45.07696023055963
VisualCogB_Task-2,right,F3,measured,562.5,49.31185430641146
VisualCogB_Task-2,right,F3,measured,570.3125,53.454232576561765
VisualCogB_Task-2,right,F3,measured,578.125,57.41595650388026
VisualCogB_Task-2,right,F3,measured,585.9375,61.251623425220124
VisualCogB_Task-2,right,F3,measured,593.75,64.6264590524067
VisualCogB_Task-2,right,F3,measured,601.5625,67.68204359871193
VisualCogB_Task-2,right,F3,measured,609.375,70.66961863126717
VisualCogB_Task-2,right,F3,measured,617.1875,74.03817208597813
VisualCogB_Task-2,right,F3,measured,625.0,77.46387397087491
VisualCogB_Task-2,right,F3,measured,632.8125,80.5973909140906
VisualCogB_Task-2,right,F3,measured,640.625,83.05897345421498
VisualCogB_Task-2,right,F3,measured,648.4375,85.0973003793786
VisualCogB_Task-2,right,F3,measured,656.25,86.7021021875702
VisualCogB_Task-2,right,F3,measured,664.0625,87.99053117834102
VisualCogB_Task-2,right,F3,measured,671.875,88.7674278567337
VisualCogB_Task-2,right,F3,measured,679.6875,89.20343538238772
VisualCogB_Task-2,right,F3,measured,687.5,89.29280419832381
VisualCogB_Task-2,right,F3,measured,695.3125,89.37958429161473
VisualCogB_Task-2,right,F3,measured,703.125,89.44568107333389
VisualCogB_Task-2,right,F3,measured,710.9375,89.68094395992604
VisualCogB_Task-2,right,F3,measured,718.75,89.98526286707485
VisualCogB_Task-2,right,F3,measured,726.5625,90.38988874822336
VisualCogB_Task-2,right,F3,measured,734.375,90.23387784962259
VisualCogB_Task-2,right,F3,measured,742.1875,89.10205279447096
VisualCogB_Task-2,right,F3,measured,750.0,86.8251624799878
VisualCogB_Task-2,right,F3,measured,757.8125,84.1419575008742
VisualCogB_Task-2,right,F3,measured,765.625,81.61376273974322
VisualCogB_Task-2,right,F3,measured,773.4375,79.76964890088061
VisualCogB_Task-2,right,F3,measured,781.25,78.22890630140691
VisualCogB_Task-2,right,F3,measured,789.0625,76.5257017612427
VisualCogB_Task-2,right,F3,measured,796.875,74.13335142040715
VisualCogB_Task-2,right,F3,revision,0.0,-0.14103430246762683
VisualCogB_Task-2,right,F3,revision,7.8125,-0.18238006880047175
VisualCogB_Task-2,right,F3,revision,15.625,-0.076448844178727
VisualCogB_Task-2,right,F3,revision,23.4375,0.3836786495548248
VisualCogB_Task-2,right,F3,revision,31.25,1.348208100736413
VisualCogB_Task-2,right,F3,revision,39.0625,2.8095588513073007
VisualCogB_Task-2,right,F3,revision,46.875,4.604649047123226
VisualCogB_Task-2,right,F3,revision,54.6875,6.508498277383877
VisualCogB_Task-2,right,F3,revision,62.5,8.326701278086743
VisualCogB_Task-2,right,F3,revision,70.3125,9.941536707841232
VisualCogB_Task-2,right,F3,revision,78.125,11.304819136238395
VisualCogB_Task-2,right,F3,revision,85.9375,12.41873220716072
VisualCogB_Task-2,right,F3,revision,93.75,13.310265371255142
VisualCogB_Task-2,right,F3,revision,101.5625,14.020201152174629
VisualCogB_Task-2,right,F3,revision,109.375,14.587912993453614
VisualCogB_Task-2,right,F3,revision,117.1875,15.049901084470418
VisualCogB_Task-2,right,F3,revision,125.0,15.431553250868562
VisualCogB_Task-2,right,F3,revision,132.8125,15.753562453772071
VisualCogB_Task-2,right,F3,revision,140.625,16.027621795156456
VisualCogB_Task-2,right,F3,revision,148.4375,16.264338724252134
VisualCogB_Task-2,right,F3,revision,156.25,16.466313323104412
VisualCogB_Task-2,right,F3,revision,164.0625,16.636157796360514
VisualCogB_Task-2,right,F3,revision,171.875,16.772496124575266
VisualCogB_Task-2,right,F3,revision,179.6875,16.883555714334292
VisualCogB_Task-2,right,F3,revision,187.5,16.97887541473223
VisualCogB_Task-2,right,F3,revision,195.3125,17.06567790368012
VisualCogB_Task-2,right,F3,revision,203.125,17.121365892165954
VisualCogB_Task-2,right,F3,revision,210.9375,17.102750208251706
VisualCogB_Task-2,right,F3,revision,218.75,16.971807308769783
VisualCogB_Task-2,right,F3,revision,226.5625,16.75230305621318
VisualCogB_Task-2,right,F3,revision,234.375,16.522581885378184
VisualCogB_Task-2,right,F3,revision,242.1875,16.373442514568055
VisualCogB_Task-2,right,F3,revision,250.0,16.341002241368006
VisualCogB_Task-2,right,F3,revision,257.8125,16.40839368845456
VisualCogB_Task-2,right,F3,revision,265.625,16.522934987048952
VisualCogB_Task-2,right,F3,revision,273.4375,16.639752903920865
VisualCogB_Task-2,right,F3,revision,281.25,16.72369223100873
VisualCogB_Task-2,right,F3,revision,289.0625,16.761944791487466
VisualCogB_Task-2,right,F3,revision,296.875,16.74629095468504
VisualCogB_Task-2,right,F3,revision,304.6875,16.682335356461703
VisualCogB_Task-2,right,F3,revision,312.5,16.572986256304706
VisualCogB_Task-2,right,F3,revision,320.3125,16.429979020190522
VisualCogB_Task-2,right,F3,revision,328.125,16.257682990087588
VisualCogB_Task-2,right,F3,revision,335.9375,16.06648716132463
VisualCogB_Task-2,right,F3,revision,343.75,15.857695700495102
VisualCogB_Task-2,right,F3,revision,351.5625,15.638907282277449
VisualCogB_Task-2,right,F3,revision,359.375,15.408974501718154
VisualCogB_Task-2,right,F3,revision,367.1875,15.174005261690459
VisualCogB_Task-2,right,F3,revision,375.0,14.931555692838542
VisualCogB_Task-2,right,F3,revision,382.8125,14.68705155579402
VisualCogB_Task-2,right,F3,revision,390.625,14.437325838095953
VisualCogB_Task-2,right,F3,revision,398.4375,14.187552537640636
VisualCogB_Task-2,right,F3,revision,406.25,13.934162882596778
VisualCogB_Task-2,right,F3,revision,414.0625,13.68228800701913
VisualCogB_Task-2,right,F3,revision,421.875,13.428079170913728
VisualCogB_Task-2,right,F3,revision,429.6875,13.176682156345032
VisualCogB_Task-2,right,F3,revision,437.5,12.923997738358699
VisualCogB_Task-2,right,F3,revision,445.3125,12.675203154364171
VisualCogB_Task-2,right,F3,revision,453.125,12.425968634200954
VisualCogB_Task-2,right,F3,revision,460.9375,12.181516818877268
VisualCogB_Task-2,right,F3,revision,468.75,11.937297600324486
VisualCogB_Task-2,right,F3,revision,476.5625,11.698583338924152
VisualCogB_Task-2,right,F3,revision,484.375,11.46061530929282
VisualCogB_Task-2,right,F3,revision,492.1875,11.228728994103077
VisualCogB_Task-2,right,F3,revision,500.0,10.997969957643082
VisualCogB_Task-2,right,F3,revision,507.8125,10.773738649675677
VisualCogB_Task-2,right,F3,revision,515.625,10.550887123981335
VisualCogB_Task-2,right,F3,revision,523.4375,10.334889287451592
VisualCogB_Task-2,right,F3,revision,531.25,10.120425612772076
VisualCogB_Task-2,right,F3,revision,539.0625,9.913061604920227
VisualCogB_Task-2,right,F3,revision,546.875,9.70731164091185
VisualCogB_Task-2,right,F3,revision,554.6875,9.508821932986216
VisualCogB_Task-2,right,F3,revision,562.5,9.311935383172864
VisualCogB_Task-2,right,F3,revision,570.3125,9.1223915987435
VisualCogB_Task-2,right,F3,revision,578.125,8.934394521366732
VisualCogB_Task-2,right,F3,revision,585.9375,8.753800671102706
VisualCogB_Task-2,right,F3,revision,593.75,8.574666965982347
VisualCogB_Task-2,right,F3,revision,601.5625,8.402923908536577
VisualCogB_Task-2,right,F3,revision,609.375,8.232453374289934
VisualCogB_Task-2,right,F3,revision,617.1875,8.069311289943002
VisualCogB_Task-2,right,F3,revision,625.0,7.907345304298495
VisualCogB_Task-2,right,F3,revision,632.8125,7.752820640330233
VisualCogB_Task-2,right,F3,revision,640.625,7.599358875905715
VisualCogB_Task-2,right,F3,revision,648.4375,7.452980501772151
VisualCogB_Task-2,right,F3,revision,656.25,7.306906510216448
VisualCogB_Task-2,right,F3,revision,664.0625,7.167725118568123
VisualCogB_Task-2,right,F3,revision,671.875,7.029786647000046
VisualCogB_Task-2,right,F3,revision,679.6875,6.900461619207162
VisualCogB_Task-2,right,F3,revision,687.5,6.771966607974585
VisualCogB_Task-2,right,F3,revision,695.3125,6.647478474858104
VisualCogB_Task-2,right,F3,revision,703.125,6.5178789827690995
VisualCogB_Task-2,right,F3,revision,710.9375,6.394878400441703
VisualCogB_Task-2,right,F3,revision,718.75,6.283620118601501
VisualCogB_Task-2,right,F3,revision,726.5625,6.195996133722941
VisualCogB_Task-2,right,F3,revision,734.375,6.103516167890344
VisualCogB_Task-2,right,F3,revision,742.1875,5.972184470470713
VisualCogB_Task-2,right,F3,revision,750.0,5.78889417128332
VisualCogB_Task-2,right,F3,revision,757.8125,5.648930062370591
VisualCogB_Task-2,right,F3,revision,765.625,5.679248577929208
VisualCogB_Task-2,right,F3,revision,773.4375,5.85898714241479
VisualCogB_Task-2,right,F3,revision,781.25,5.799524291250884
VisualCogB_Task-2,right,F3,revision,789.0625,4.955111942585386
VisualCogB_Task-2,right,F3,revision,796.875,3.2024064793207048
VisualCogB_Task-2,right,F3,revision_v2,0.0,-0.010960922264737938
VisualCogB_Task-2,right,F3,revision_v2,7.8125,-0.009839204646692967
VisualCogB_Task-2,right,F3,revision_v2,15.625,-0.010067204150221942
VisualCogB_Task-2,right,F3,revision_v2,23.4375,-0.015180027734623569
VisualCogB_Task-2,right,F3,revision_v2,31.25,-0.02432227206555887
VisualCogB_Task-2,right,F3,revision_v2,39.0625,-0.02629708111998169
VisualCogB_Task-2,right,F3,revision_v2,46.875,-0.0011456484860258298
VisualCogB_Task-2,right,F3,revision_v2,54.6875,0.06851939064722307
VisualCogB_Task-2,right,F3,revision_v2,62.5,0.18438389511166514
VisualCogB_Task-2,right,F3,revision_v2,70.3125,0.3302517382417436
VisualCogB_Task-2,right,F3,revision_v2,78.125,0.4816088818014256
VisualCogB_Task-2,right,F3,revision_v2,85.9375,0.6185938807195632
VisualCogB_Task-2,right,F3,revision_v2,93.75,0.7319264295037831
VisualCogB_Task-2,right,F3,revision_v2,101.5625,0.8216832657994586
VisualCogB_Task-2,right,F3,revision_v2,109.375,0.8919944747547952
VisualCogB_Task-2,right,F3,revision_v2,117.1875,0.9476592633921119
VisualCogB_Task-2,right,F3,revision_v2,125.0,0.9923181299359694
VisualCogB_Task-2,right,F3,revision_v2,132.8125,1.0289986939343378
VisualCogB_Task-2,right,F3,revision_v2,140.625,1.0598990565417996
VisualCogB_Task-2,right,F3,revision_v2,148.4375,1.087005386400556
VisualCogB_Task-2,right,F3,revision_v2,156.25,1.1114867529506471
VisualCogB_Task-2,right,F3,revision_v2,164.0625,1.1342966252932563
VisualCogB_Task-2,right,F3,revision_v2,171.875,1.1556129573027387
VisualCogB_Task-2,right,F3,revision_v2,179.6875,1.1756690557972798
VisualCogB_Task-2,right,F3,revision_v2,187.5,1.1943918941844525
VisualCogB_Task-2,right,F3,revision_v2,195.3125,1.2124378440953334
VisualCogB_Task-2,right,F3,revision_v2,203.125,1.2303077974771461
VisualCogB_Task-2,right,F3,revision_v2,210.9375,1.2482392423014177
VisualCogB_Task-2,right,F3,revision_v2,218.75,1.2645321270726273
VisualCogB_Task-2,right,F3,revision_v2,226.5625,1.2772167498585651
VisualCogB_Task-2,right,F3,revision_v2,234.375,1.2865005924620543
VisualCogB_Task-2,right,F3,revision_v2,242.1875,1.2988082109401984
VisualCogB_Task-2,right,F3,revision_v2,250.0,1.3241681299495651
VisualCogB_Task-2,right,F3,revision_v2,257.8125,1.3697104590505087
VisualCogB_Task-2,right,F3,revision_v2,265.625,1.4319055974992916
VisualCogB_Task-2,right,F3,revision_v2,273.4375,1.4983609453183997
VisualCogB_Task-2,right,F3,revision_v2,281.25,1.5543743755572255
VisualCogB_Task-2,right,F3,revision_v2,289.0625,1.5913009187100422
VisualCogB_Task-2,right,F3,revision_v2,296.875,1.607543211249935
VisualCogB_Task-2,right,F3,revision_v2,304.6875,1.607049074359774
VisualCogB_Task-2,right,F3,revision_v2,312.5,1.5945553899946667
VisualCogB_Task-2,right,F3,revision_v2,320.3125,1.5745802061431544
VisualCogB_Task-2,right,F3,revision_v2,328.125,1.5498422153707803
VisualCogB_Task-2,right,F3,revision_v2,335.9375,1.5227791989830903
VisualCogB_Task-2,right,F3,revision_v2,343.75,1.4946307028253425
VisualCogB_Task-2,right,F3,revision_v2,351.5625,1.4667619234359228
VisualCogB_Task-2,right,F3,revision_v2,359.375,1.4394460915889238
VisualCogB_Task-2,right,F3,revision_v2,367.1875,1.4132520740028536
VisualCogB_Task-2,right,F3,revision_v2,375.0,1.387883769042841
VisualCogB_Task-2,right,F3,revision_v2,382.8125,1.363625966580892
VisualCogB_Task-2,right,F3,revision_v2,390.625,1.3400510447881375
VisualCogB_Task-2,right,F3,revision_v2,398.4375,1.317414500164303
VisualCogB_Task-2,right,F3,revision_v2,406.25,1.2952633593950957
VisualCogB_Task-2,right,F3,revision_v2,414.0625,1.2738650158357367
VisualCogB_Task-2,right,F3,revision_v2,421.875,1.2527696053376396
VisualCogB_Task-2,right,F3,revision_v2,429.6875,1.2322797328683712
VisualCogB_Task-2,right,F3,revision_v2,437.5,1.2119604236236134
VisualCogB_Task-2,right,F3,revision_v2,445.3125,1.1921483543954359
VisualCogB_Task-2,right,F3,revision_v2,453.125,1.1724160038270834
VisualCogB_Task-2,right,F3,revision_v2,460.9375,1.1531257348363664
VisualCogB_Task-2,right,F3,revision_v2,468.75,1.1338509652709234
VisualCogB_Task-2,right,F3,revision_v2,476.5625,1.1149746201298547
VisualCogB_Task-2,right,F3,revision_v2,484.375,1.0960673787150905
VisualCogB_Task-2,right,F3,revision_v2,492.1875,1.0775296545367221
VisualCogB_Task-2,right,F3,revision_v2,500.0,1.0589269715398766
VisualCogB_Task-2,right,F3,revision_v2,507.8125,1.0406747623419692
VisualCogB_Task-2,right,F3,revision_v2,515.625,1.0223314431386301
VisualCogB_Task-2,right,F3,revision_v2,523.4375,1.0043259369758286
VisualCogB_Task-2,right,F3,revision_v2,531.25,0.9862089858394212
VisualCogB_Task-2,right,F3,revision_v2,539.0625,0.9684226053176872
VisualCogB_Task-2,right,F3,revision_v2,546.875,0.9505093963815803
VisualCogB_Task-2,right,F3,revision_v2,554.6875,0.9329233580960785
VisualCogB_Task-2,right,F3,revision_v2,562.5,0.9151981748167917
VisualCogB_Task-2,right,F3,revision_v2,570.3125,0.8977998353461596
VisualCogB_Task-2,right,F3,revision_v2,578.125,0.8802542807610674
VisualCogB_Task-2,right,F3,revision_v2,585.9375,0.8630402657298326
VisualCogB_Task-2,right,F3,revision_v2,593.75,0.8456749320961816
VisualCogB_Task-2,right,F3,revision_v2,601.5625,0.8286462351514814
VisualCogB_Task-2,right,F3,revision_v2,609.375,0.8114598888020044
VisualCogB_Task-2,right,F3,revision_v2,617.1875,0.7946165941261913
VisualCogB_Task-2,right,F3,revision_v2,625.0,0.7776215933873606
VisualCogB_Task-2,right,F3,revision_v2,632.8125,0.760994891286908
VisualCogB_Task-2,right,F3,revision_v2,640.625,0.7442251487200322
VisualCogB_Task-2,right,F3,revision_v2,648.4375,0.7278137865713503
VisualCogB_Task-2,right,F3,revision_v2,656.25,0.7112183138760264
VisualCogB_Task-2,right,F3,revision_v2,664.0625,0.6949893773602815
VisualCogB_Task-2,right,F3,revision_v2,671.875,0.6786804652682505
VisualCogB_Task-2,right,F3,revision_v2,679.6875,0.6629071257783816
VisualCogB_Task-2,right,F3,revision_v2,687.5,0.6470430557233238
VisualCogB_Task-2,right,F3,revision_v2,695.3125,0.6313530784921708
VisualCogB_Task-2,right,F3,revision_v2,703.125,0.6151053942194231
VisualCogB_Task-2,right,F3,revision_v2,710.9375,0.599287642120367
VisualCogB_Task-2,right,F3,revision_v2,718.75,0.5843614022818687
VisualCogB_Task-2,right,F3,revision_v2,726.5625,0.5713087632684541
VisualCogB_Task-2,right,F3,revision_v2,734.375,0.5577501379546708
VisualCogB_Task-2,right,F3,revision_v2,742.1875,0.5408390296726315
VisualCogB_Task-2,right,F3,revision_v2,750.0,0.5195623716620372
VisualCogB_Task-2,right,F3,revision_v2,757.8125,0.5019725165999482
VisualCogB_Task-2,right,F3,revision_v2,765.625,0.498701753948969
VisualCogB_Task-2,right,F3,revision_v2,773.4375,0.5077879458405657
VisualCogB_Task-2,right,F3,revision_v2,781.25,0.49649092927882443
VisualCogB_Task-2,right,F3,revision_v2,789.0625,0.4193180182212323
VisualCogB_Task-2,right,F3,revision_v2,796.875,0.26689145263400266
VisualCogB_Task-2,right,F3,revision_v3,0.0,-0.08334559964347044
VisualCogB_Task-2,right,F3,revision_v3,7.8125,-0.271238564048927
VisualCogB_Task-2,right,F3,revision_v3,15.625,-1.3777850296162661
VisualCogB_Task-2,right,F3,revision_v3,23.4375,-3.5302135462035213
VisualCogB_Task-2,right,F3,revision_v3,31.25,-6.103531026182061
VisualCogB_Task-2,right,F3,revision_v3,39.0625,-8.035408868401047
VisualCogB_Task-2,right,F3,revision_v3,46.875,-8.50110074623395
VisualCogB_Task-2,right,F3,revision_v3,54.6875,-7.2956616536356425
VisualCogB_Task-2,right,F3,revision_v3,62.5,-4.73089542786405
VisualCogB_Task-2,right,F3,revision_v3,70.3125,-1.3156484844552185
VisualCogB_Task-2,right,F3,revision_v3,78.125,2.460871557592755
VisualCogB_Task-2,right,F3,revision_v3,85.9375,6.214533169860225
VisualCogB_Task-2,right,F3,revision_v3,93.75,9.671349831193588
VisualCogB_Task-2,right,F3,revision_v3,101.5625,12.67483295357454
VisualCogB_Task-2,right,F3,revision_v3,109.375,15.164763675739941
VisualCogB_Task-2,right,F3,revision_v3,117.1875,17.15899370873285
VisualCogB_Task-2,right,F3,revision_v3,125.0,18.708617390210208
VisualCogB_Task-2,right,F3,revision_v3,132.8125,19.882582258743703
VisualCogB_Task-2,right,F3,revision_v3,140.625,20.74174966447709
VisualCogB_Task-2,right,F3,revision_v3,148.4375,21.346606041612844
VisualCogB_Task-2,right,F3,revision_v3,156.25,21.74313811363799
VisualCogB_Task-2,right,F3,revision_v3,164.0625,21.978626959366963
VisualCogB_Task-2,right,F3,revision_v3,171.875,22.089850563911575
VisualCogB_Task-2,right,F3,revision_v3,179.6875,22.118555051578028
VisualCogB_Task-2,right,F3,revision_v3,187.5,22.088189777850683
VisualCogB_Task-2,right,F3,revision_v3,195.3125,22.010805970177046
VisualCogB_Task-2,right,F3,revision_v3,203.125,21.873428127790774
VisualCogB_Task-2,right,F3,revision_v3,210.9375,21.68547035273854
VisualCogB_Task-2,right,F3,revision_v3,218.75,21.495136465116772
VisualCogB_Task-2,right,F3,revision_v3,226.5625,21.40346501914627
VisualCogB_Task-2,right,F3,revision_v3,234.375,21.485374901554806
VisualCogB_Task-2,right,F3,revision_v3,242.1875,21.75190833709724
VisualCogB_Task-2,right,F3,revision_v3,250.0,22.12695664236262
VisualCogB_Task-2,right,F3,revision_v3,257.8125,22.514408173907587
VisualCogB_Task-2,right,F3,revision_v3,265.625,22.822080020951375
VisualCogB_Task-2,right,F3,revision_v3,273.4375,23.00543346382016
VisualCogB_Task-2,right,F3,revision_v3,281.25,23.041624274325983
VisualCogB_Task-2,right,F3,revision_v3,289.0625,22.942463726621753
VisualCogB_Task-2,right,F3,revision_v3,296.875,22.718933317800662
VisualCogB_Task-2,right,F3,revision_v3,304.6875,22.400175435702604
VisualCogB_Task-2,right,F3,revision_v3,312.5,22.004278245150292
VisualCogB_Task-2,right,F3,revision_v3,320.3125,21.563578115110545
VisualCogB_Task-2,right,F3,revision_v3,328.125,21.09665470639535
VisualCogB_Task-2,right,F3,revision_v3,335.9375,20.63550210237419
VisualCogB_Task-2,right,F3,revision_v3,343.75,20.196443011889713
VisualCogB_Task-2,right,F3,revision_v3,351.5625,19.808387401186607
VisualCogB_Task-2,right,F3,revision_v3,359.375,19.48267273188234
VisualCogB_Task-2,right,F3,revision_v3,367.1875,19.242605962711217
VisualCogB_Task-2,right,F3,revision_v3,375.0,19.092393099759384
VisualCogB_Task-2,right,F3,revision_v3,382.8125,19.04802348829532
VisualCogB_Task-2,right,F3,revision_v3,390.625,19.105460427813625
VisualCogB_Task-2,right,F3,revision_v3,398.4375,19.27312477857572
VisualCogB_Task-2,right,F3,revision_v3,406.25,19.53950961167351
VisualCogB_Task-2,right,F3,revision_v3,414.0625,19.907069250771578
VisualCogB_Task-2,right,F3,revision_v3,421.875,20.358905923256096
VisualCogB_Task-2,right,F3,revision_v3,429.6875,20.893805241397487
VisualCogB_Task-2,right,F3,revision_v3,437.5,21.491950984586083
VisualCogB_Task-2,right,F3,revision_v3,445.3125,22.15102794568029
VisualCogB_Task-2,right,F3,revision_v3,453.125,22.850742899485233
VisualCogB_Task-2,right,F3,revision_v3,460.9375,23.589699848514666
VisualCogB_Task-2,right,F3,revision_v3,468.75,24.348626477967677
VisualCogB_Task-2,right,F3,revision_v3,476.5625,25.128094839855628
VisualCogB_Task-2,right,F3,revision_v3,484.375,25.910583835161596
VisualCogB_Task-2,right,F3,revision_v3,492.1875,26.699072443900263
VisualCogB_Task-2,right,F3,revision_v3,500.0,27.477944721144382
VisualCogB_Task-2,right,F3,revision_v3,507.8125,28.252490014939944
VisualCogB_Task-2,right,F3,revision_v3,515.625,29.00874778954688
VisualCogB_Task-2,right,F3,revision_v3,523.4375,29.753973268655926
VisualCogB_Task-2,right,F3,revision_v3,531.25,30.475463614703393
VisualCogB_Task-2,right,F3,revision_v3,539.0625,31.182010827337088
VisualCogB_Task-2,right,F3,revision_v3,546.875,31.86175405056909
VisualCogB_Task-2,right,F3,revision_v3,554.6875,32.52462758819173
VisualCogB_Task-2,right,F3,revision_v3,562.5,33.15923987879965
VisualCogB_Task-2,right,F3,revision_v3,570.3125,33.77632406969404
VisualCogB_Task-2,right,F3,revision_v3,578.125,34.364696615911996
VisualCogB_Task-2,right,F3,revision_v3,585.9375,34.93569508217326
VisualCogB_Task-2,right,F3,revision_v3,593.75,35.47808910041419
VisualCogB_Task-2,right,F3,revision_v3,601.5625,36.003386394676916
VisualCogB_Task-2,right,F3,revision_v3,609.375,36.49990484477803
VisualCogB_Task-2,right,F3,revision_v3,617.1875,36.97947094744303
VisualCogB_Task-2,right,F3,revision_v3,625.0,37.430839561259205
VisualCogB_Task-2,right,F3,revision_v3,632.8125,37.86675914735042
VisualCogB_Task-2,right,F3,revision_v3,640.625,38.27493504229674
VisualCogB_Task-2,right,F3,revision_v3,648.4375,38.66542075805619
VisualCogB_Task-2,right,F3,revision_v3,656.25,39.02331674540312
VisualCogB_Task-2,right,F3,revision_v3,664.0625,39.36229498535475
VisualCogB_Task-2,right,F3,revision_v3,671.875,39.677125673375386
VisualCogB_Task-2,right,F3,revision_v3,679.6875,39.98712841103707
VisualCogB_Task-2,right,F3,revision_v3,687.5,40.27079899960715
VisualCogB_Task-2,right,F3,revision_v3,695.3125,40.5128533906413
VisualCogB_Task-2,right,F3,revision_v3,703.125,40.68110562847977
VisualCogB_Task-2,right,F3,revision_v3,710.9375,40.82761909131573
VisualCogB_Task-2,right,F3,revision_v3,718.75,41.03636620614574
VisualCogB_Task-2,right,F3,revision_v3,726.5625,41.362490217182604
VisualCogB_Task-2,right,F3,revision_v3,734.375,41.6217075401746
VisualCogB_Task-2,right,F3,revision_v3,742.1875,41.49627648083357
VisualCogB_Task-2,right,F3,revision_v3,750.0,40.91878452778813
VisualCogB_Task-2,right,F3,revision_v3,757.8125,40.60781292612705
VisualCogB_Task-2,right,F3,revision_v3,765.625,41.63742860473258
VisualCogB_Task-2,right,F3,revision_v3,773.4375,43.81765898370293
VisualCogB_Task-2,right,F3,revision_v3,781.25,44.07861160283315
VisualCogB_Task-2,right,F3,revision_v3,789.0625,37.94458882975959
VisualCogB_Task-2,right,F3,revision_v3,796.875,24.370781221875845
VisualCogB_Task-2,right,Fz,measured,0.0,4.941556370165228
VisualCogB_Task-2,right,Fz,measured,7.8125,6.29601461787741
VisualCogB_Task-2,right,Fz,measured,15.625,7.466275396900844
VisualCogB_Task-2,right,Fz,measured,23.4375,7.434721192571752
VisualCogB_Task-2,right,Fz,measured,31.25,6.183152096315363
VisualCogB_Task-2,right,Fz,measured,39.0625,4.672967360368527
VisualCogB_Task-2,right,Fz,measured,46.875,3.7696034027291265
VisualCogB_Task-2,right,Fz,measured,54.6875,3.628996842884989
VisualCogB_Task-2,right,Fz,measured,62.5,3.8455596238628926
VisualCogB_Task-2,right,Fz,measured,70.3125,3.993918835629461
VisualCogB_Task-2,right,Fz,measured,78.125,3.8329477264162124
VisualCogB_Task-2,right,Fz,measured,85.9375,3.436033062658044
VisualCogB_Task-2,right,Fz,measured,93.75,2.9936812091822316
VisualCogB_Task-2,right,Fz,measured,101.5625,2.6832335425725384
VisualCogB_Task-2,right,Fz,measured,109.375,2.5028209266674795
VisualCogB_Task-2,right,Fz,measured,117.1875,2.418826185080755
VisualCogB_Task-2,right,Fz,measured,125.0,2.2631089642850086
VisualCogB_Task-2,right,Fz,measured,132.8125,1.8762213122545812
VisualCogB_Task-2,right,Fz,measured,140.625,1.1692205554523905
VisualCogB_Task-2,right,Fz,measured,148.4375,0.40773309574543687
VisualCogB_Task-2,right,Fz,measured,156.25,0.023096050294700715
VisualCogB_Task-2,right,Fz,measured,164.0625,0.36549084579839025
VisualCogB_Task-2,right,Fz,measured,171.875,1.2457560790141264
VisualCogB_Task-2,right,Fz,measured,179.6875,2.1541566479421417
VisualCogB_Task-2,right,Fz,measured,187.5,2.5829666497631556
VisualCogB_Task-2,right,Fz,measured,195.3125,2.599552091892075
VisualCogB_Task-2,right,Fz,measured,203.125,2.664908785911756
VisualCogB_Task-2,right,Fz,measured,210.9375,3.21780956364178
VisualCogB_Task-2,right,Fz,measured,218.75,4.0586764120380385
VisualCogB_Task-2,right,Fz,measured,226.5625,4.775936764090691
VisualCogB_Task-2,right,Fz,measured,234.375,5.2448249650970205
VisualCogB_Task-2,right,Fz,measured,242.1875,5.848478331302893
VisualCogB_Task-2,right,Fz,measured,250.0,6.623166365249771
VisualCogB_Task-2,right,Fz,measured,257.8125,7.182461551841461
VisualCogB_Task-2,right,Fz,measured,265.625,7.1909121725029514
VisualCogB_Task-2,right,Fz,measured,273.4375,7.108175925497765
VisualCogB_Task-2,right,Fz,measured,281.25,7.626408011890928
VisualCogB_Task-2,right,Fz,measured,289.0625,9.027421151637885
VisualCogB_Task-2,right,Fz,measured,296.875,10.676433813517145
VisualCogB_Task-2,right,Fz,measured,304.6875,11.798682149061337
VisualCogB_Task-2,right,Fz,measured,312.5,12.119906570766688
VisualCogB_Task-2,right,Fz,measured,320.3125,12.208552073397312
VisualCogB_Task-2,right,Fz,measured,328.125,12.507350455170268
VisualCogB_Task-2,right,Fz,measured,335.9375,13.079598169762258
VisualCogB_Task-2,right,Fz,measured,343.75,13.721364613349
VisualCogB_Task-2,right,Fz,measured,351.5625,14.477627909243731
VisualCogB_Task-2,right,Fz,measured,359.375,15.132610577164028
VisualCogB_Task-2,right,Fz,measured,367.1875,15.345232364784813
VisualCogB_Task-2,right,Fz,measured,375.0,14.824984660788953
VisualCogB_Task-2,right,Fz,measured,382.8125,13.875874788831885
VisualCogB_Task-2,right,Fz,measured,390.625,12.90559180899488
VisualCogB_Task-2,right,Fz,measured,398.4375,12.25793484769531
VisualCogB_Task-2,right,Fz,measured,406.25,11.792332497668196
VisualCogB_Task-2,right,Fz,measured,414.0625,11.380463799160037
VisualCogB_Task-2,right,Fz,measured,421.875,11.03592707331789
VisualCogB_Task-2,right,Fz,measured,429.6875,11.2432578084881
VisualCogB_Task-2,right,Fz,measured,437.5,12.23679101841888
VisualCogB_Task-2,right,Fz,measured,445.3125,13.826103709417122
VisualCogB_Task-2,right,Fz,measured,453.125,15.267491884488972
VisualCogB_Task-2,right,Fz,measured,460.9375,16.168247099479885
VisualCogB_Task-2,right,Fz,measured,468.75,16.5679515391369
VisualCogB_Task-2,right,Fz,measured,476.5625,17.062231021393707
VisualCogB_Task-2,right,Fz,measured,484.375,18.104697423257992
VisualCogB_Task-2,right,Fz,measured,492.1875,19.89839448089126
VisualCogB_Task-2,right,Fz,measured,500.0,22.045409393935223
VisualCogB_Task-2,right,Fz,measured,507.8125,24.37510432627457
VisualCogB_Task-2,right,Fz,measured,515.625,27.072907524224544
VisualCogB_Task-2,right,Fz,measured,523.4375,30.682785501695967
VisualCogB_Task-2,right,Fz,measured,531.25,35.199870455447986
VisualCogB_Task-2,right,Fz,measured,539.0625,40.32421856543586
VisualCogB_Task-2,right,Fz,measured,546.875,45.54527351157515
VisualCogB_Task-2,right,Fz,measured,554.6875,50.773584245577894
VisualCogB_Task-2,right,Fz,measured,562.5,55.910903679074266
VisualCogB_Task-2,right,Fz,measured,570.3125,60.965091473653594
VisualCogB_Task-2,right,Fz,measured,578.125,65.70106844548067
VisualCogB_Task-2,right,Fz,measured,585.9375,70.0651148586323
VisualCogB_Task-2,right,Fz,measured,593.75,73.9452861544448
VisualCogB_Task-2,right,Fz,measured,601.5625,77.71784043995332
VisualCogB_Task-2,right,Fz,measured,609.375,81.76803163284384
VisualCogB_Task-2,right,Fz,measured,617.1875,86.30378250366549
VisualCogB_Task-2,right,Fz,measured,625.0,90.81437850159122
VisualCogB_Task-2,right,Fz,measured,632.8125,94.9306274844533
VisualCogB_Task-2,right,Fz,measured,640.625,98.49727889170238
VisualCogB_Task-2,right,Fz,measured,648.4375,101.76390034751034
VisualCogB_Task-2,right,Fz,measured,656.25,104.58701415416843
VisualCogB_Task-2,right,Fz,measured,664.0625,106.75751428040503
VisualCogB_Task-2,right,Fz,measured,671.875,107.95254505351578
VisualCogB_Task-2,right,Fz,measured,679.6875,108.36242640774934
VisualCogB_Task-2,right,Fz,measured,687.5,108.28013083034502
VisualCogB_Task-2,right,Fz,measured,695.3125,108.27427695542438
VisualCogB_Task-2,right,Fz,measured,703.125,108.52701362040807
VisualCogB_Task-2,right,Fz,measured,710.9375,109.16907546081978
VisualCogB_Task-2,right,Fz,measured,718.75,110.05425782864162
VisualCogB_Task-2,right,Fz,measured,726.5625,111.14199832971467
VisualCogB_Task-2,right,Fz,measured,734.375,111.8849469494609
VisualCogB_Task-2,right,Fz,measured,742.1875,111.72776988412784
VisualCogB_Task-2,right,Fz,measured,750.0,110.19478714212303
VisualCogB_Task-2,right,Fz,measured,757.8125,107.65390354821982
VisualCogB_Task-2,right,Fz,measured,765.625,104.74093732733867
VisualCogB_Task-2,right,Fz,measured,773.4375,102.25660891104087
VisualCogB_Task-2,right,Fz,measured,781.25,100.27528966281001
VisualCogB_Task-2,right,Fz,measured,789.0625,98.58453234879639
VisualCogB_Task-2,right,Fz,measured,796.875,96.76626119556119
VisualCogB_Task-2,right,Fz,revision,0.0,-0.13328261959991572
VisualCogB_Task-2,right,Fz,revision,7.8125,-0.17275458514436437
VisualCogB_Task-2,right,Fz,revision,15.625,-0.07153272797930033
VisualCogB_Task-2,right,Fz,revision,23.4375,0.3680923200406543
VisualCogB_Task-2,right,Fz,revision,31.25,1.289424098867343
VisualCogB_Task-2,right,Fz,revision,39.0625,2.6845861298662785
VisualCogB_Task-2,right,Fz,revision,46.875,4.3968504004851745
VisualCogB_Task-2,right,Fz,revision,54.6875,6.21059915322955
VisualCogB_Task-2,right,Fz,revision,62.5,7.940246621386498
VisualCogB_Task-2,right,Fz,revision,70.3125,9.474276711322144
VisualCogB_Task-2,right,Fz,revision,78.125,10.7678960779112
VisualCogB_Task-2,right,Fz,revision,85.9375,11.824073857759224
VisualCogB_Task-2,right,Fz,revision,93.75,12.668907386007849
VisualCogB_Task-2,right,Fz,revision,101.5625,13.341204252614144
VisualCogB_Task-2,right,Fz,revision,109.375,13.878285465930754
VisualCogB_Task-2,right,Fz,revision,117.1875,14.314736805010542
VisualCogB_Task-2,right,Fz,revision,125.0,14.674647480243381
VisualCogB_Task-2,right,Fz,revision,132.8125,14.977669141920956
VisualCogB_Task-2,right,Fz,revision,140.625,15.234933752268256
VisualCogB_Task-2,right,Fz,revision,148.4375,15.456539287052626
VisualCogB_Task-2,right,Fz,revision,156.25,15.644993334609431
VisualCogB_Task-2,right,Fz,revision,164.0625,15.80279596637731
VisualCogB_Task-2,right,Fz,revision,171.875,15.928678639394066
VisualCogB_Task-2,right,Fz,revision,179.6875,16.030510746646904
VisualCogB_Task-2,right,Fz,revision,187.5,16.117457707113278
VisualCogB_Task-2,right,Fz,revision,195.3125,16.19643113262064
VisualCogB_Task-2,right,Fz,revision,203.125,16.245880185934368
VisualCogB_Task-2,right,Fz,revision,210.9375,16.224505885503568
VisualCogB_Task-2,right,Fz,revision,218.75,16.095984931253163
VisualCogB_Task-2,right,Fz,revision,226.5625,15.883047218735639
VisualCogB_Task-2,right,Fz,revision,234.375,15.660725956263251
VisualCogB_Task-2,right,Fz,revision,242.1875,15.515903977113174
VisualCogB_Task-2,right,Fz,revision,250.0,15.483055970837336
VisualCogB_Task-2,right,Fz,revision,257.8125,15.545688264693096
VisualCogB_Task-2,right,Fz,revision,265.625,15.6530765309087
VisualCogB_Task-2,right,Fz,revision,273.4375,15.762147002814048
VisualCogB_Task-2,right,Fz,revision,281.25,15.839508950626628
VisualCogB_Task-2,right,Fz,revision,289.0625,15.873230455690376
VisualCogB_Task-2,right,Fz,revision,296.875,15.855762710895194
VisualCogB_Task-2,right,Fz,revision,304.6875,15.79253620229653
VisualCogB_Task-2,right,Fz,revision,312.5,15.686339283988689
VisualCogB_Task-2,right,Fz,revision,320.3125,15.54828184849571
VisualCogB_Task-2,right,Fz,revision,328.125,15.382510767526638
VisualCogB_Task-2,right,Fz,revision,335.9375,15.198875178748011
VisualCogB_Task-2,right,Fz,revision,343.75,14.998625628138983
VisualCogB_Task-2,right,Fz,revision,351.5625,14.78896095546253
VisualCogB_Task-2,right,Fz,revision,359.375,14.568801532709875
VisualCogB_Task-2,right,Fz,revision,367.1875,14.343932466537373
VisualCogB_Task-2,right,Fz,revision,375.0,14.112049254674456
VisualCogB_Task-2,right,Fz,revision,382.8125,13.878292976241584
VisualCogB_Task-2,right,Fz,revision,390.625,13.639673536183977
VisualCogB_Task-2,right,Fz,revision,398.4375,13.401090584031875
VisualCogB_Task-2,right,Fz,revision,406.25,13.159170676160942
VisualCogB_Task-2,right,Fz,revision,414.0625,12.918770526554644
VisualCogB_Task-2,right,Fz,revision,421.875,12.676250133169042
VisualCogB_Task-2,right,Fz,revision,429.6875,12.436478694499334
VisualCogB_Task-2,right,Fz,revision,437.5,12.195578010206008
VisualCogB_Task-2,right,Fz,revision,445.3125,11.958445997007335
VisualCogB_Task-2,right,Fz,revision,453.125,11.720985441162338
VisualCogB_Task-2,right,Fz,revision,460.9375,11.4881364021793
VisualCogB_Task-2,right,Fz,revision,468.75,11.255592440044442
VisualCogB_Task-2,right,Fz,revision,476.5625,11.028339971555608
VisualCogB_Task-2,right,Fz,revision,484.375,10.801874635859509
VisualCogB_Task-2,right,Fz,revision,492.1875,10.581242279497399
VisualCogB_Task-2,right,Fz,revision,500.0,10.36175343211304
VisualCogB_Task-2,right,Fz,revision,507.8125,10.148515559119716
VisualCogB_Task-2,right,Fz,revision,515.625,9.93665602171855
VisualCogB_Task-2,right,Fz,revision,523.4375,9.73135144715227
VisualCogB_Task-2,right,Fz,revision,531.25,9.52756653457561
VisualCogB_Task-2,right,Fz,revision,539.0625,9.330564366225465
VisualCogB_Task-2,right,Fz,revision,546.875,9.135152464563255
VisualCogB_Task-2,right,Fz,revision,554.6875,8.946670467713774
VisualCogB_Task-2,right,Fz,revision,562.5,8.759763935895446
VisualCogB_Task-2,right,Fz,revision,570.3125,8.579860911722655
VisualCogB_Task-2,right,Fz,revision,578.125,8.40147538895208
VisualCogB_Task-2,right,Fz,revision,585.9375,8.230146108730416
VisualCogB_Task-2,right,Fz,revision,593.75,8.060248337100147
VisualCogB_Task-2,right,Fz,revision,601.5625,7.897391295846946
VisualCogB_Task-2,right,Fz,revision,609.375,7.735785109174303
VisualCogB_Task-2,right,Fz,revision,617.1875,7.581157629601345
VisualCogB_Task-2,right,Fz,revision,625.0,7.4276855446965415
VisualCogB_Task-2,right,Fz,revision,632.8125,7.281293356483139
VisualCogB_Task-2,right,Fz,revision,640.625,7.135944484530782
VisualCogB_Task-2,right,Fz,revision,648.4375,6.997335542637043
VisualCogB_Task-2,right,Fz,revision,656.25,6.859054184870001
VisualCogB_Task-2,right,Fz,revision,664.0625,6.7273301017775555
VisualCogB_Task-2,right,Fz,revision,671.875,6.596807030559343
VisualCogB_Task-2,right,Fz,revision,679.6875,6.474448031366486
VisualCogB_Task-2,right,Fz,revision,687.5,6.35289834692956
VisualCogB_Task-2,right,Fz,revision,695.3125,6.235197181547901
VisualCogB_Task-2,right,Fz,revision,703.125,6.11273982396455
VisualCogB_Task-2,right,Fz,revision,710.9375,5.9965541173010655
VisualCogB_Task-2,right,Fz,revision,718.75,5.8913817073911074
VisualCogB_Task-2,right,Fz,revision,726.5625,5.8084195764636215
VisualCogB_Task-2,right,Fz,revision,734.375,5.720927796863841
VisualCogB_Task-2,right,Fz,revision,742.1875,5.597159886668175
VisualCogB_Task-2,right,Fz,revision,750.0,5.42478060997613
VisualCogB_Task-2,right,Fz,revision,757.8125,5.2930460181573284
VisualCogB_Task-2,right,Fz,revision,765.625,5.320695564199571
VisualCogB_Task-2,right,Fz,revision,773.4375,5.488253323212551
VisualCogB_Task-2,right,Fz,revision,781.25,5.431908261772291
VisualCogB_Task-2,right,Fz,revision,789.0625,4.640992428164006
VisualCogB_Task-2,right,Fz,revision,796.875,3.0000895712438074
VisualCogB_Task-2,right,Fz,revision_v2,0.0,5.780216536394778e-05
VisualCogB_Task-2,right,Fz,revision_v2,7.8125,0.00027092643189413553
VisualCogB_Task-2,right,Fz,revision_v2,15.625,-0.00011552406732446504
VisualCogB_Task-2,right,Fz,revision_v2,23.4375,-0.001959986722096946
VisualCogB_Task-2,right,Fz,revision_v2,31.25,-0.005661550751279298
VisualCogB_Task-2,right,Fz,revision_v2,39.0625,-0.010607169132245964
VisualCogB_Task-2,right,Fz,revision_v2,46.875,-0.015360811956746821
VisualCogB_Task-2,right,Fz,revision_v2,54.6875,-0.01851466423018916
VisualCogB_Task-2,right,Fz,revision_v2,62.5,-0.01947788738478417
VisualCogB_Task-2,right,Fz,revision_v2,70.3125,-0.018601345779498686
VisualCogB_Task-2,right,Fz,revision_v2,78.125,-0.016708480203255962
VisualCogB_Task-2,right,Fz,revision_v2,85.9375,-0.014543259786700725
VisualCogB_Task-2,right,Fz,revision_v2,93.75,-0.012514991537313358
VisualCogB_Task-2,right,Fz,revision_v2,101.5625,-0.01074791935219112
VisualCogB_Task-2,right,Fz,revision_v2,109.375,-0.009236720950573348
VisualCogB_Task-2,right,Fz,revision_v2,117.1875,-0.00795252773372481
VisualCogB_Task-2,right,Fz,revision_v2,125.0,-0.006870974481653545
VisualCogB_Task-2,right,Fz,revision_v2,132.8125,-0.005965704258469792
VisualCogB_Task-2,right,Fz,revision_v2,140.625,-0.005202818626498329
VisualCogB_Task-2,right,Fz,revision_v2,148.4375,-0.00454488544026107
VisualCogB_Task-2,right,Fz,revision_v2,156.25,-0.003959074795581378
VisualCogB_Task-2,right,Fz,revision_v2,164.0625,-0.0034281873522760964
VisualCogB_Task-2,right,Fz,revision_v2,171.875,-0.0029576839660954107
VisualCogB_Task-2,right,Fz,revision_v2,179.6875,-0.0025646204755830344
VisualCogB_Task-2,right,Fz,revision_v2,187.5,-0.0022396941898367886
VisualCogB_Task-2,right,Fz,revision_v2,195.3125,-0.001916420960849772
VisualCogB_Task-2,right,Fz,revision_v2,203.125,-0.0015141358906228335
VisualCogB_Task-2,right,Fz,revision_v2,210.9375,-0.001077404647254264
VisualCogB_Task-2,right,Fz,revision_v2,218.75,-0.0008895528393778208
VisualCogB_Task-2,right,Fz,revision_v2,226.5625,-0.0013624889516939693
VisualCogB_Task-2,right,Fz,revision_v2,234.375,-0.0026853540821797765
VisualCogB_Task-2,right,Fz,revision_v2,242.1875,-0.004535321287291006
VisualCogB_Task-2,right,Fz,revision_v2,250.0,-0.006177098658531399
VisualCogB_Task-2,right,Fz,revision_v2,257.8125,-0.006912267371934354
VisualCogB_Task-2,right,Fz,revision_v2,265.625,-0.0064880249888067615
VisualCogB_Task-2,right,Fz,revision_v2,273.4375,-0.005147211258055594
VisualCogB_Task-2,right,Fz,revision_v2,281.25,-0.0033642106741378114
VisualCogB_Task-2,right,Fz,revision_v2,289.0625,-0.0015485533358558772
VisualCogB_Task-2,right,Fz,revision_v2,296.875,8.454354642813987e-05
VisualCogB_Task-2,right,Fz,revision_v2,304.6875,0.0014781089222949894
VisualCogB_Task-2,right,Fz,revision_v2,312.5,0.002645258181435631
VisualCogB_Task-2,right,Fz,revision_v2,320.3125,0.0036108186912278926
VisualCogB_Task-2,right,Fz,revision_v2,328.125,0.00439749959042925
VisualCogB_Task-2,right,Fz,revision_v2,335.9375,0.005029092710086798
VisualCogB_Task-2,right,Fz,revision_v2,343.75,0.0055323867113056405
VisualCogB_Task-2,right,Fz,revision_v2,351.5625,0.005932451998733432
VisualCogB_Task-2,right,Fz,revision_v2,359.375,0.006249247551906262
VisualCogB_Task-2,right,Fz,revision_v2,367.1875,0.006496511944966123
VisualCogB_Task-2,right,Fz,revision_v2,375.0,0.0066844017598071785
VisualCogB_Task-2,right,Fz,revision_v2,382.8125,0.006820859259600134
VisualCogB_Task-2,right,Fz,revision_v2,390.625,0.006913146816688503
VisualCogB_Task-2,right,Fz,revision_v2,398.4375,0.006967227399276333
VisualCogB_Task-2,right,Fz,revision_v2,406.25,0.0069884027071180155
VisualCogB_Task-2,right,Fz,revision_v2,414.0625,0.006980781429835214
VisualCogB_Task-2,right,Fz,revision_v2,421.875,0.006948254689754943
VisualCogB_Task-2,right,Fz,revision_v2,429.6875,0.006893965897198561
VisualCogB_Task-2,right,Fz,revision_v2,437.5,0.006821098302398667
VisualCogB_Task-2,right,Fz,revision_v2,445.3125,0.0067321323971741625
VisualCogB_Task-2,right,Fz,revision_v2,453.125,0.0066296075794054585
VisualCogB_Task-2,right,Fz,revision_v2,460.9375,0.006515404039574274
VisualCogB_Task-2,right,Fz,revision_v2,468.75,0.006391566484495068
VisualCogB_Task-2,right,Fz,revision_v2,476.5625,0.006259554752031707
VisualCogB_Task-2,right,Fz,revision_v2,484.375,0.0061210486466555716
VisualCogB_Task-2,right,Fz,revision_v2,492.1875,0.0059771511538081685
VisualCogB_Task-2,right,Fz,revision_v2,500.0,0.0058292182834091604
VisualCogB_Task-2,right,Fz,revision_v2,507.8125,0.005678057731358551
VisualCogB_Task-2,right,Fz,revision_v2,515.625,0.005524783151047118
VisualCogB_Task-2,right,Fz,revision_v2,523.4375,0.005369980405186282
VisualCogB_Task-2,right,Fz,revision_v2,531.25,0.0052145679147282764
VisualCogB_Task-2,right,Fz,revision_v2,539.0625,0.00505893913913611
VisualCogB_Task-2,right,Fz,revision_v2,546.875,0.00490385041715812
VisualCogB_Task-2,right,Fz,revision_v2,554.6875,0.0047495516282564714
VisualCogB_Task-2,right,Fz,revision_v2,562.5,0.004596690854553654
VisualCogB_Task-2,right,Fz,revision_v2,570.3125,0.004445410093655697
VisualCogB_Task-2,right,Fz,revision_v2,578.125,0.004296254479016079
VisualCogB_Task-2,right,Fz,revision_v2,585.9375,0.004149249312965273
VisualCogB_Task-2,right,Fz,revision_v2,593.75,0.004004843928213449
VisualCogB_Task-2,right,Fz,revision_v2,601.5625,0.0038629820741056084
VisualCogB_Task-2,right,Fz,revision_v2,609.375,0.003724063738619749
VisualCogB_Task-2,right,Fz,revision_v2,617.1875,0.003587991145713104
VisualCogB_Task-2,right,Fz,revision_v2,625.0,0.0034551434544913356
VisualCogB_Task-2,right,Fz,revision_v2,632.8125,0.003325382387612021
VisualCogB_Task-2,right,Fz,revision_v2,640.625,0.003199004352171037
VisualCogB_Task-2,right,Fz,revision_v2,648.4375,0.0030757210353425995
VisualCogB_Task-2,right,Fz,revision_v2,656.25,0.0029557311145568857
VisualCogB_Task-2,right,Fz,revision_v2,664.0625,0.0028388576926960778
VisualCogB_Task-2,right,Fz,revision_v2,671.875,0.002725645112660577
VisualCogB_Task-2,right,Fz,revision_v2,679.6875,0.002616070022220979
VisualCogB_Task-2,right,Fz,revision_v2,687.5,0.0025100611021413237
VisualCogB_Task-2,right,Fz,revision_v2,695.3125,0.002406327423602616
VisualCogB_Task-2,right,Fz,revision_v2,703.125,0.0023044645238496273
VisualCogB_Task-2,right,Fz,revision_v2,710.9375,0.0022056144404857866
VisualCogB_Task-2,right,Fz,revision_v2,718.75,0.002113464535105503
VisualCogB_Task-2,right,Fz,revision_v2,726.5625,0.0020290446227338665
VisualCogB_Task-2,right,Fz,revision_v2,734.375,0.0019463422723676339
VisualCogB_Task-2,right,Fz,revision_v2,742.1875,0.0018533554704317971
VisualCogB_Task-2,right,Fz,revision_v2,750.0,0.0017489457016631879
VisualCogB_Task-2,right,Fz,revision_v2,757.8125,0.0016583141462728195
VisualCogB_Task-2,right,Fz,revision_v2,765.625,0.0016197347351247122
VisualCogB_Task-2,right,Fz,revision_v2,773.4375,0.0016235800264730559
VisualCogB_Task-2,right,Fz,revision_v2,781.25,0.0015601794140409117
VisualCogB_Task-2,right,Fz,revision_v2,789.0625,0.0012729363366876555
VisualCogB_Task-2,right,Fz,revision_v2,796.875,0.0007345408471499039
VisualCogB_Task-2,right,Fz,revision_v3,0.0,0.11344823560709472
VisualCogB_Task-2,right,Fz,revision_v3,7.8125,-0.08516252170781513
VisualCogB_Task-2,right,Fz,revision_v3,15.625,-1.3429565197129918
VisualCogB_Task-2,right,Fz,revision_v3,23.4375,-3.7892705494836285
VisualCogB_Task-2,right,Fz,revision_v3,31.25,-6.6646626536559594
VisualCogB_Task-2,right,Fz,revision_v3,39.0625,-8.723742764453222
VisualCogB_Task-2,right,Fz,revision_v3,46.875,-9.092441427826566
VisualCogB_Task-2,right,Fz,revision_v3,54.6875,-7.756124839238238
VisualCogB_Task-2,right,Fz,revision_v3,62.5,-5.35412491676496
VisualCogB_Task-2,right,Fz,revision_v3,70.3125,-2.6381596203051707
VisualCogB_Task-2,right,Fz,revision_v3,78.125,-0.1055620336324532
VisualCogB_Task-2,right,Fz,revision_v3,85.9375,2.048949716492076
VisualCogB_Task-2,right,Fz,revision_v3,93.75,3.80092920269622
VisualCogB_Task-2,right,Fz,revision_v3,101.5625,5.182256995887348
VisualCogB_Task-2,right,Fz,revision_v3,109.375,6.232065355775806
VisualCogB_Task-2,right,Fz,revision_v3,117.1875,7.0001025480287735
VisualCogB_Task-2,right,Fz,revision_v3,125.0,7.542235202185674
VisualCogB_Task-2,right,Fz,revision_v3,132.8125,7.917174352101622
VisualCogB_Task-2,right,Fz,revision_v3,140.625,8.170154518558235
VisualCogB_Task-2,right,Fz,revision_v3,148.4375,8.335053887713974
VisualCogB_Task-2,right,Fz,revision_v3,156.25,8.430502157841765
VisualCogB_Task-2,right,Fz,revision_v3,164.0625,8.473387995076472
VisualCogB_Task-2,right,Fz,revision_v3,171.875,8.477894918735483
VisualCogB_Task-2,right,Fz,revision_v3,179.6875,8.463894880120826
VisualCogB_Task-2,right,Fz,revision_v3,187.5,8.44024152391977
VisualCogB_Task-2,right,Fz,revision_v3,195.3125,8.400917189851748
VisualCogB_Task-2,right,Fz,revision_v3,203.125,8.319985030377099
VisualCogB_Task-2,right,Fz,revision_v3,210.9375,8.193670234673755
VisualCogB_Task-2,right,Fz,revision_v3,218.75,8.071367130784683
VisualCogB_Task-2,right,Fz,revision_v3,226.5625,8.05912061759733
VisualCogB_Task-2,right,Fz,revision_v3,234.375,8.240906647274123
VisualCogB_Task-2,right,Fz,revision_v3,242.1875,8.619494346485208
VisualCogB_Task-2,right,Fz,revision_v3,250.0,9.103461479414124
VisualCogB_Task-2,right,Fz,revision_v3,257.8125,9.574832249352681
VisualCogB_Task-2,right,Fz,revision_v3,265.625,9.93686001170476
VisualCogB_Task-2,right,Fz,revision_v3,273.4375,10.148070778117004
VisualCogB_Task-2,right,Fz,revision_v3,281.25,10.200405826171643
VisualCogB_Task-2,right,Fz,revision_v3,289.0625,10.111455728577766
VisualCogB_Task-2,right,Fz,revision_v3,296.875,9.89890444831742
VisualCogB_Task-2,right,Fz,revision_v3,304.6875,9.588698481496076
VisualCogB_Task-2,right,Fz,revision_v3,312.5,9.201663657235864
VisualCogB_Task-2,right,Fz,revision_v3,320.3125,8.766298390156066
VisualCogB_Task-2,right,Fz,revision_v3,328.125,8.304217024489159
VisualCogB_Task-2,right,Fz,revision_v3,335.9375,7.842908309970416
VisualCogB_Task-2,right,Fz,revision_v3,343.75,7.401158955920942
VisualCogB_Task-2,right,Fz,revision_v3,351.5625,7.003139038235321
VisualCogB_Task-2,right,Fz,revision_v3,359.375,6.6634946649532765
VisualCogB_Task-2,right,Fz,revision_v3,367.1875,6.401763080139093
VisualCogB_Task-2,right,Fz,revision_v3,375.0,6.226660977064855
VisualCogB_Task-2,right,Fz,revision_v3,382.8125,6.151053002849176
VisualCogB_Task-2,right,Fz,revision_v3,390.625,6.176025293153802
VisualCogB_Task-2,right,Fz,revision_v3,398.4375,6.306941927092734
VisualCogB_Task-2,right,Fz,revision_v3,406.25,6.537529655506383
VisualCogB_Task-2,right,Fz,revision_v3,414.0625,6.866842098736544
VisualCogB_Task-2,right,Fz,revision_v3,421.875,7.283018420187986
VisualCogB_Task-2,right,Fz,revision_v3,429.6875,7.780924729285851
VisualCogB_Task-2,right,Fz,revision_v3,437.5,8.34553209039505
VisualCogB_Task-2,right,Fz,revision_v3,445.3125,8.970133715297024
VisualCogB_Task-2,right,Fz,revision_v3,453.125,9.639077692854423
VisualCogB_Task-2,right,Fz,revision_v3,460.9375,10.346239020120398
VisualCogB_Task-2,right,Fz,revision_v3,468.75,11.076975680292941
VisualCogB_Task-2,right,Fz,revision_v3,476.5625,11.826917210861629
VisualCogB_Task-2,right,Fz,revision_v3,484.375,12.58326237308567
VisualCogB_Task-2,right,Fz,revision_v3,492.1875,13.343919161600239
VisualCogB_Task-2,right,Fz,revision_v3,500.0,14.098147626272844
VisualCogB_Task-2,right,Fz,revision_v3,507.8125,14.84608785422144
VisualCogB_Task-2,right,Fz,revision_v3,515.625,15.578837992076716
VisualCogB_Task-2,right,Fz,revision_v3,523.4375,16.298438447316926
VisualCogB_Task-2,right,Fz,revision_v3,531.25,16.997428823911363
VisualCogB_Task-2,right,Fz,revision_v3,539.0625,17.679316601453046
VisualCogB_Task-2,right,Fz,revision_v3,546.875,18.337654529308438
VisualCogB_Task-2,right,Fz,revision_v3,554.6875,18.97701273588413
VisualCogB_Task-2,right,Fz,revision_v3,562.5,19.59157725430363
VisualCogB_Task-2,right,Fz,revision_v3,570.3125,20.186626149227713
VisualCogB_Task-2,right,Fz,revision_v3,578.125,20.75668311603426
VisualCogB_Task-2,right,Fz,revision_v3,585.9375,21.307499282726475
VisualCogB_Task-2,right,Fz,revision_v3,593.75,21.83368269187035
VisualCogB_Task-2,right,Fz,revision_v3,601.5625,22.34110176823507
VisualCogB_Task-2,right,Fz,revision_v3,609.375,22.82411800028821
VisualCogB_Task-2,right,Fz,revision_v3,617.1875,23.28876353246021
VisualCogB_Task-2,right,Fz,revision_v3,625.0,23.729712175856328
VisualCogB_Task-2,right,Fz,revision_v3,632.8125,24.153546943265518
VisualCogB_Task-2,right,Fz,revision_v3,640.625,24.554237556261214
VisualCogB_Task-2,right,Fz,revision_v3,648.4375,24.93645507882492
VisualCogB_Task-2,right,Fz,revision_v3,656.25,25.292395521487634
VisualCogB_Task-2,right,Fz,revision_v3,664.0625,25.62909894258039
VisualCogB_Task-2,right,Fz,revision_v3,671.875,25.9453371067928
VisualCogB_Task-2,right,Fz,revision_v3,679.6875,26.251928809255446
VisualCogB_Task-2,right,Fz,revision_v3,687.5,26.53662698293244
VisualCogB_Task-2,right,Fz,revision_v3,695.3125,26.78668945057361
VisualCogB_Task-2,right,Fz,revision_v3,703.125,26.982628197451355
VisualCogB_Task-2,right,Fz,revision_v3,710.9375,27.157401793090784
VisualCogB_Task-2,right,Fz,revision_v3,718.75,27.3705345982762
VisualCogB_Task-2,right,Fz,revision_v3,726.5625,27.657173009891856
VisualCogB_Task-2,right,Fz,revision_v3,734.375,27.894746987405647
VisualCogB_Task-2,right,Fz,revision_v3,742.1875,27.864945121355035
VisualCogB_Task-2,right,Fz,revision_v3,750.0,27.52434824709983
VisualCogB_Task-2,right,Fz,revision_v3,757.8125,27.358561827439992
VisualCogB_Task-2,right,Fz,revision_v3,765.625,28.100343303715498
VisualCogB_Task-2,right,Fz,revision_v3,773.4375,29.61920634334654
VisualCogB_Task-2,right,Fz,revision_v3,781.25,29.832838466358396
VisualCogB_Task-2,right,Fz,revision_v3,789.0625,25.696446375231154
VisualCogB_Task-2,right,Fz,revision_v3,796.875,16.498825410179144
VisualCogB_Task-2,right,F4,measured,0.0,3.942899090937533
VisualCogB_Task-2,right,F4,measured,7.8125,5.3205734119105506
VisualCogB_Task-2,right,F4,measured,15.625,6.412312478593075
VisualCogB_Task-2,right,F4,measured,23.4375,6.535151945287207
VisualCogB_Task-2,right,F4,measured,31.25,5.842593566902452
VisualCogB_Task-2,right,F4,measured,39.0625,5.091708566614511
VisualCogB_Task-2,right,F4,measured,46.875,4.783249910908783
VisualCogB_Task-2,right,F4,measured,54.6875,4.863511502312203
VisualCogB_Task-2,right,F4,measured,62.5,4.946389169797541
VisualCogB_Task-2,right,F4,measured,70.3125,4.7985053386799095
VisualCogB_Task-2,right,F4,measured,78.125,4.377164596142389
VisualCogB_Task-2,right,F4,measured,85.9375,3.8092319053094887
VisualCogB_Task-2,right,F4,measured,93.75,3.189894646509623
VisualCogB_Task-2,right,F4,measured,101.5625,2.6905659850663075
VisualCogB_Task-2,right,F4,measured,109.375,2.475928100825449
VisualCogB_Task-2,right,F4,measured,117.1875,2.7116756818466667
VisualCogB_Task-2,right,F4,measured,125.0,3.219942706054239
VisualCogB_Task-2,right,F4,measured,132.8125,3.614685876448539
VisualCogB_Task-2,right,F4,measured,140.625,3.516770000220747
VisualCogB_Task-2,right,F4,measured,148.4375,3.074159407910996
VisualCogB_Task-2,right,F4,measured,156.25,2.7994934019876045
VisualCogB_Task-2,right,F4,measured,164.0625,3.2383907914688272
VisualCogB_Task-2,right,F4,measured,171.875,4.264306998234142
VisualCogB_Task-2,right,F4,measured,179.6875,5.263779913520366
VisualCogB_Task-2,right,F4,measured,187.5,5.632530049819284
VisualCogB_Task-2,right,F4,measured,195.3125,5.574635192192515
VisualCogB_Task-2,right,F4,measured,203.125,5.7326612572297515
VisualCogB_Task-2,right,F4,measured,210.9375,6.499735755288905
VisualCogB_Task-2,right,F4,measured,218.75,7.400318049614403
VisualCogB_Task-2,right,F4,measured,226.5625,7.926535613743292
VisualCogB_Task-2,right,F4,measured,234.375,8.164099691321974
VisualCogB_Task-2,right,F4,measured,242.1875,8.815886234301804
VisualCogB_Task-2,right,F4,measured,250.0,10.003217782796353
VisualCogB_Task-2,right,F4,measured,257.8125,11.20584913445979
VisualCogB_Task-2,right,F4,measured,265.625,11.850938008515634
VisualCogB_Task-2,right,F4,measured,273.4375,12.251071480043635
VisualCogB_Task-2,right,F4,measured,281.25,13.068296986419417
VisualCogB_Task-2,right,F4,measured,289.0625,14.689527042301826
VisualCogB_Task-2,right,F4,measured,296.875,16.547356710094377
VisualCogB_Task-2,right,F4,measured,304.6875,17.884351206093616
VisualCogB_Task-2,right,F4,measured,312.5,18.374584062774243
VisualCogB_Task-2,right,F4,measured,320.3125,18.57633121232293
VisualCogB_Task-2,right,F4,measured,328.125,18.950179016128406
VisualCogB_Task-2,right,F4,measured,335.9375,19.632128202490925
VisualCogB_Task-2,right,F4,measured,343.75,20.403791105581835
VisualCogB_Task-2,right,F4,measured,351.5625,21.252022962418657
VisualCogB_Task-2,right,F4,measured,359.375,21.907454403942985
VisualCogB_Task-2,right,F4,measured,367.1875,22.118725111431022
VisualCogB_Task-2,right,F4,measured,375.0,21.72520640962391
VisualCogB_Task-2,right,F4,measured,382.8125,21.169817472655044
VisualCogB_Task-2,right,F4,measured,390.625,20.841183748435856
VisualCogB_Task-2,right,F4,measured,398.4375,20.90577285239613
VisualCogB_Task-2,right,F4,measured,406.25,20.93198896691692
VisualCogB_Task-2,right,F4,measured,414.0625,20.721432518338013
VisualCogB_Task-2,right,F4,measured,421.875,20.46953205514241
VisualCogB_Task-2,right,F4,measured,429.6875,20.875088386393465
VisualCogB_Task-2,right,F4,measured,437.5,22.1000685116111
VisualCogB_Task-2,right,F4,measured,445.3125,23.838683149731292
VisualCogB_Task-2,right,F4,measured,453.125,25.367049077686143
VisualCogB_Task-2,right,F4,measured,460.9375,26.46440740330684
VisualCogB_Task-2,right,F4,measured,468.75,27.247279846257207
VisualCogB_Task-2,right,F4,measured,476.5625,28.31652450644048
VisualCogB_Task-2,right,F4,measured,484.375,30.012071984730646
VisualCogB_Task-2,right,F4,measured,492.1875,32.453795535283355
VisualCogB_Task-2,right,F4,measured,500.0,35.234800964164855
VisualCogB_Task-2,right,F4,measured,507.8125,38.356400158619245
VisualCogB_Task-2,right,F4,measured,515.625,42.134044167623316
VisualCogB_Task-2,right,F4,measured,523.4375,47.11663530569495
VisualCogB_Task-2,right,F4,measured,531.25,53.105570367317725
VisualCogB_Task-2,right,F4,measured,539.0625,59.61431812121966
VisualCogB_Task-2,right,F4,measured,546.875,66.00983491918167
VisualCogB_Task-2,right,F4,measured,554.6875,72.31295727789613
VisualCogB_Task-2,right,F4,measured,562.5,78.61573410103595
VisualCogB_Task-2,right,F4,measured,570.3125,85.05276068586802
VisualCogB_Task-2,right,F4,measured,578.125,91.27452020781897
VisualCogB_Task-2,right,F4,measured,585.9375,97.15667803843782
VisualCogB_Task-2,right,F4,measured,593.75,102.57017343225198
VisualCogB_Task-2,right,F4,measured,601.5625,107.82914270155608
VisualCogB_Task-2,right,F4,measured,609.375,113.08504172684648
VisualCogB_Task-2,right,F4,measured,617.1875,118.50120252937788
VisualCogB_Task-2,right,F4,measured,625.0,123.76581544102623
VisualCogB_Task-2,right,F4,measured,632.8125,128.7996730296023
VisualCogB_Task-2,right,F4,measured,640.625,133.44709602352557
VisualCogB_Task-2,right,F4,measured,648.4375,137.80126634956508
VisualCogB_Task-2,right,F4,measured,656.25,141.55330928970648
VisualCogB_Task-2,right,F4,measured,664.0625,144.54525896849444
VisualCogB_Task-2,right,F4,measured,671.875,146.56890790368985
VisualCogB_Task-2,right,F4,measured,679.6875,147.91366336074702
VisualCogB_Task-2,right,F4,measured,687.5,148.68469933822314
VisualCogB_Task-2,right,F4,measured,695.3125,149.13093082234658
VisualCogB_Task-2,right,F4,measured,703.125,149.21543526005044
VisualCogB_Task-2,right,F4,measured,710.9375,149.30227124175403
VisualCogB_Task-2,right,F4,measured,718.75,149.70784517244783
VisualCogB_Task-2,right,F4,measured,726.5625,150.80159077538622
VisualCogB_Task-2,right,F4,measured,734.375,151.9842668469142
VisualCogB_Task-2,right,F4,measured,742.1875,152.35159456969157
VisualCogB_Task-2,right,F4,measured,750.0,151.07224919021044
VisualCogB_Task-2,right,F4,measured,757.8125,148.52284519408164
VisualCogB_Task-2,right,F4,measured,765.625,145.45496795337033
VisualCogB_Task-2,right,F4,measured,773.4375,142.75884198616606
VisualCogB_Task-2,right,F4,measured,781.25,140.49999618322255
VisualCogB_Task-2,right,F4,measured,789.0625,138.64022682276968
VisualCogB_Task-2,right,F4,measured,796.875,136.95137683294956
VisualCogB_Task-2,right,F4,revision,0.0,-0.12553109750780456
VisualCogB_Task-2,right,F4,revision,7.8125,-0.16312932145491166
VisualCogB_Task-2,right,F4,revision,15.625,-0.06661692945952158
VisualCogB_Task-2,right,F4,revision,23.4375,0.3525055235589072
VisualCogB_Task-2,right,F4,revision,31.25,1.2306394696197147
VisualCogB_Task-2,right,F4,revision,39.0625,2.5596127038268386
VisualCogB_Task-2,right,F4,revision,46.875,4.1890510745750476
VisualCogB_Task-2,right,F4,revision,54.6875,5.912699364519315
VisualCogB_Task-2,right,F4,revision,62.5,7.5537911297935585
VisualCogB_Task-2,right,F4,revision,70.3125,9.007015485523475
VisualCogB_Task-2,right,F4,revision,78.125,10.230971282425735
VisualCogB_Task-2,right,F4,revision,85.9375,11.229413387929238
VisualCogB_Task-2,right,F4,revision,93.75,12.02754721782273
VisualCogB_Task-2,right,F4,revision,101.5625,12.662205432813588
VisualCogB_Task-2,right,F4,revision,109.375,13.16865632090567
VisualCogB_Task-2,right,F4,revision,117.1875,13.579570961620368
VisualCogB_Task-2,right,F4,revision,125.0,13.91773986199827
VisualCogB_Task-2,right,F4,revision,132.8125,14.201773508453451
VisualCogB_Task-2,right,F4,revision,140.625,14.442242877402006
VisualCogB_Task-2,right,F4,revision,148.4375,14.648736730538978
VisualCogB_Task-2,right,F4,revision,156.25,14.823670422081202
VisualCogB_Task-2,right,F4,revision,164.0625,14.969431785725854
VisualCogB_Task-2,right,F4,revision,171.875,15.084859087081673
VisualCogB_Task-2,right,F4,revision,179.6875,15.177463223017323
VisualCogB_Task-2,right,F4,revision,187.5,15.256036428235369
VisualCogB_Task-2,right,F4,revision,195.3125,15.327180067005528
VisualCogB_Task-2,right,F4,revision,203.125,15.370390224659634
VisualCogB_Task-2,right,F4,revision,210.9375,15.34625783125804
VisualCogB_Task-2,right,F4,revision,218.75,15.220159079816533
VisualCogB_Task-2,right,F4,revision,226.5625,15.013787522756504
VisualCogB_Task-2,right,F4,revision,234.375,14.798865304139786
VisualCogB_Task-2,right,F4,revision,242.1875,14.658359895806212
VisualCogB_Task-2,right,F4,revision,250.0,14.625103783755764
VisualCogB_Task-2,right,F4,revision,257.8125,14.682977107170396
VisualCogB_Task-2,right,F4,revision,265.625,14.783212720507061
VisualCogB_Task-2,right,F4,revision,273.4375,14.884535900693278
VisualCogB_Task-2,right,F4,revision,281.25,14.955320150431094
VisualCogB_Task-2,right,F4,revision,289.0625,14.98450996440308
VisualCogB_Task-2,right,F4,revision,296.875,14.965227657896323
VisualCogB_Task-2,right,F4,revision,304.6875,14.902729873737849
VisualCogB_Task-2,right,F4,revision,312.5,14.799685019061565
VisualCogB_Task-2,right,F4,revision,320.3125,14.66657733614264
VisualCogB_Task-2,right,F4,revision,328.125,14.50733104654129
VisualCogB_Task-2,right,F4,revision,335.9375,14.331255472963376
VisualCogB_Task-2,right,F4,revision,343.75,14.13954751960336
VisualCogB_Task-2,right,F4,revision,351.5625,13.939006122694378
VisualCogB_Task-2,right,F4,revision,359.375,13.728619308622767
VisualCogB_Task-2,right,F4,revision,367.1875,13.513849607045094
VisualCogB_Task-2,right,F4,revision,375.0,13.29253222823109
VisualCogB_Task-2,right,F4,revision,382.8125,13.069523792495236
VisualCogB_Task-2,right,F4,revision,390.625,12.842010846622761
VisualCogB_Task-2,right,F4,revision,398.4375,12.614618339546409
VisualCogB_Task-2,right,F4,revision,406.25,12.384167912573316
VisualCogB_Task-2,right,F4,revision,414.0625,12.155241974569885
VisualCogB_Task-2,right,F4,revision,421.875,11.924409451168147
VisualCogB_Task-2,right,F4,revision,429.6875,11.696263188781401
VisualCogB_Task-2,right,F4,revision,437.5,11.467145992646985
VisualCogB_Task-2,right,F4,revision,445.3125,11.241676396432629
VisualCogB_Task-2,right,F4,revision,453.125,11.01598956814654
VisualCogB_Task-2,right,F4,revision,460.9375,10.794742986935423
VisualCogB_Task-2,right,F4,revision,468.75,10.573873906981492
VisualCogB_Task-2,right,F4,revision,476.5625,10.358082967943044
VisualCogB_Task-2,right,F4,revision,484.375,10.143120196065922
VisualCogB_Task-2,right,F4,revision,492.1875,9.933741755958112
VisualCogB_Task-2,right,F4,revision,500.0,9.7255228846406
VisualCogB_Task-2,right,F4,revision,507.8125,9.523278028171294
VisualCogB_Task-2,right,F4,revision,515.625,9.322409943058636
VisualCogB_Task-2,right,F4,revision,523.4375,9.127798181445963
VisualCogB_Task-2,right,F4,revision,531.25,8.934691644203205
VisualCogB_Task-2,right,F4,revision,539.0625,8.748051046390778
VisualCogB_Task-2,right,F4,revision,546.875,8.562976996994621
VisualCogB_Task-2,right,F4,revision,554.6875,8.384502459272818
VisualCogB_Task-2,right,F4,revision,562.5,8.20757543364839
VisualCogB_Task-2,right,F4,revision,570.3125,8.037312569103216
VisualCogB_Task-2,right,F4,revision,578.125,7.86853817648467
VisualCogB_Task-2,right,F4,revision,585.9375,7.706473377354456
VisualCogB_Task-2,right,F4,revision,593.75,7.545811520450815
VisualCogB_Task-2,right,F4,revision,601.5625,7.391840388129257
VisualCogB_Task-2,right,F4,revision,609.375,7.239098252139646
VisualCogB_Task-2,right,F4,revision,617.1875,7.092985009534211
VisualCogB_Task-2,right,F4,revision,625.0,6.948006422475048
VisualCogB_Task-2,right,F4,revision,632.8125,6.8097463842094355
VisualCogB_Task-2,right,F4,revision,640.625,6.672510083486051
VisualCogB_Task-2,right,F4,revision,648.4375,6.541670300819058
VisualCogB_Task-2,right,F4,revision,656.25,6.411181330899608
VisualCogB_Task-2,right,F4,revision,664.0625,6.2869144300776405
VisualCogB_Task-2,right,F4,revision,671.875,6.163806628199278
VisualCogB_Task-2,right,F4,revision,679.6875,6.048413454899174
VisualCogB_Task-2,right,F4,revision,687.5,5.933808718371756
VisualCogB_Task-2,right,F4,revision,695.3125,5.822894147598481
VisualCogB_Task-2,right,F4,revision,703.125,5.707578635353939
VisualCogB_Task-2,right,F4,revision,710.9375,5.598207645117856
VisualCogB_Task-2,right,F4,revision,718.75,5.499120886796235
VisualCogB_Task-2,right,F4,revision,726.5625,5.420820330499983
VisualCogB_Task-2,right,F4,revision,734.375,5.338316396025491
VisualCogB_Task-2,right,F4,revision,742.1875,5.222112049425034
VisualCogB_Task-2,right,F4,revision,750.0,5.060643668138784
VisualCogB_Task-2,right,F4,revision,757.8125,4.937138532848679
VisualCogB_Task-2,right,F4,revision,765.625,4.962118916816005
VisualCogB_Task-2,right,F4,revision,773.4375,5.117495601791811
VisualCogB_Task-2,right,F4,revision,781.25,5.064268008949198
VisualCogB_Task-2,right,F4,revision,789.0625,4.326848455245302
VisualCogB_Task-2,right,F4,revision,796.875,2.797747981001194
VisualCogB_Task-2,right,F4,revision_v2,0.0,0.011469179802417406
VisualCogB_Task-2,right,F4,revision_v2,7.8125,0.010658148700195047
VisualCogB_Task-2,right,F4,revision_v2,15.625,0.010087207665302245
VisualCogB_Task-2,right,F4,revision_v2,23.4375,0.01178941495528918
VisualCogB_Task-2,right,F4,revision_v2,31.25,0.013943145553041547
VisualCogB_Task-2,right,F4,revision_v2,39.0625,0.0056175363773869336
VisualCogB_Task-2,right,F4,revision_v2,46.875,-0.03180690916118062
VisualCogB_Task-2,right,F4,revision_v2,54.6875,-0.11404621361875888
VisualCogB_Task-2,right,F4,revision_v2,62.5,-0.24140197403202018
VisualCogB_Task-2,right,F4,revision_v2,70.3125,-0.39683013590173494
VisualCogB_Task-2,right,F4,revision_v2,78.125,-0.555467400254948
VisualCogB_Task-2,right,F4,revision_v2,85.9375,-0.6975016642921275
VisualCogB_Task-2,right,F4,revision_v2,93.75,-0.8139529238454601
VisualCogB_Task-2,right,F4,revision_v2,101.5625,-0.9053290633721417
VisualCogB_Task-2,right,F4,revision_v2,109.375,-0.9761857372947974
VisualCogB_Task-2,right,F4,revision_v2,117.1875,-1.031688809205411
VisualCogB_Task-2,right,F4,revision_v2,125.0,-1.0757435615963389
VisualCogB_Task-2,right,F4,revision_v2,132.8125,-1.1115726013543628
VisualCogB_Task-2,right,F4,revision_v2,140.625,-1.141492079268652
VisualCogB_Task-2,right,F4,revision_v2,148.4375,-1.1675677664855382
VisualCogB_Task-2,right,F4,revision_v2,156.25,-1.190999075272141
VisualCogB_Task-2,right,F4,revision_v2,164.0625,-1.2127740926041615
VisualCogB_Task-2,right,F4,revision_v2,171.875,-1.2331033151918334
VisualCogB_Task-2,right,F4,revision_v2,179.6875,-1.252270829444536
VisualCogB_Task-2,right,F4,revision_v2,187.5,-1.2701857297508345
VisualCogB_Task-2,right,F4,revision_v2,195.3125,-1.2874107541876056
VisualCogB_Task-2,right,F4,revision_v2,203.125,-1.3043249971582456
VisualCogB_Task-2,right,F4,revision_v2,210.9375,-1.321277497087583
VisualCogB_Task-2,right,F4,revision_v2,218.75,-1.337043209037752
VisualCogB_Task-2,right,F4,revision_v2,226.5625,-1.3503513385439216
VisualCogB_Task-2,right,F4,revision_v2,234.375,-1.361802231854527
VisualCogB_Task-2,right,F4,revision_v2,242.1875,-1.3775968812991746
VisualCogB_Task-2,right,F4,revision_v2,250.0,-1.4069985654656816
VisualCogB_Task-2,right,F4,revision_v2,257.8125,-1.4562779733821638
VisualCogB_Task-2,right,F4,revision_v2,265.625,-1.521228062636693
VisualCogB_Task-2,right,F4,revision_v2,273.4375,-1.5891089025841976
VisualCogB_Task-2,right,F4,revision_v2,281.25,-1.6451204406568265
VisualCogB_Task-2,right,F4,revision_v2,289.0625,-1.6807463261398734
VisualCogB_Task-2,right,F4,revision_v2,296.875,-1.694619117628187
VisualCogB_Task-2,right,F4,revision_v2,304.6875,-1.6909934226714523
VisualCogB_Task-2,right,F4,revision_v2,312.5,-1.6748739074684367
VisualCogB_Task-2,right,F4,revision_v2,320.3125,-1.6510218629502669
VisualCogB_Task-2,right,F4,revision_v2,328.125,-1.622309966629118
VisualCogB_Task-2,right,F4,revision_v2,335.9375,-1.591304068452319
VisualCogB_Task-2,right,F4,revision_v2,343.75,-1.559302966588226
VisualCogB_Task-2,right,F4,revision_v2,351.5625,-1.5277317131100707
VisualCogB_Task-2,right,F4,revision_v2,359.375,-1.496873686775133
VisualCogB_Task-2,right,F4,revision_v2,367.1875,-1.4673243036997774
VisualCogB_Task-2,right,F4,revision_v2,375.0,-1.438774301625593
VisualCogB_Task-2,right,F4,revision_v2,382.8125,-1.4115212841194542
VisualCogB_Task-2,right,F4,revision_v2,390.625,-1.3851156851563111
VisualCogB_Task-2,right,F4,revision_v2,398.4375,-1.3598220094525595
VisualCogB_Task-2,right,F4,revision_v2,406.25,-1.335162772134217
VisualCogB_Task-2,right,F4,revision_v2,414.0625,-1.3114141397594956
VisualCogB_Task-2,right,F4,revision_v2,421.875,-1.2881010778953645
VisualCogB_Task-2,right,F4,revision_v2,429.6875,-1.26553566170251
VisualCogB_Task-2,right,F4,revision_v2,437.5,-1.2432576181990531
VisualCogB_Task-2,right,F4,revision_v2,445.3125,-1.22161424828315
VisualCogB_Task-2,right,F4,revision_v2,453.125,-1.2001530215560465
VisualCogB_Task-2,right,F4,revision_v2,460.9375,-1.1792482221205804
VisualCogB_Task-2,right,F4,revision_v2,468.75,-1.1584483877103646
VisualCogB_Task-2,right,F4,revision_v2,476.5625,-1.13814941822972
VisualCogB_Task-2,right,F4,revision_v2,484.375,-1.1178972129665556
VisualCogB_Task-2,right,F4,revision_v2,492.1875,-1.0981063699929627
VisualCogB_Task-2,right,F4,revision_v2,500.0,-1.0783178583053574
VisualCogB_Task-2,right,F4,revision_v2,507.8125,-1.058962409248851
VisualCogB_Task-2,right,F4,revision_v2,515.625,-1.039573875501385
VisualCogB_Task-2,right,F4,revision_v2,523.4375,-1.0205974052352302
VisualCogB_Task-2,right,F4,revision_v2,531.25,-1.0015591826597965
VisualCogB_Task-2,right,F4,revision_v2,539.0625,-0.9829184921709097
VisualCogB_Task-2,right,F4,revision_v2,546.875,-0.9641934243959288
VisualCogB_Task-2,right,F4,revision_v2,554.6875,-0.9458561577688628
VisualCogB_Task-2,right,F4,revision_v2,562.5,-0.9274157386364187
VisualCogB_Task-2,right,F4,revision_v2,570.3125,-0.9093571603089138
VisualCogB_Task-2,right,F4,revision_v2,578.125,-0.8911816293378148
VisualCogB_Task-2,right,F4,revision_v2,585.9375,-0.8733877491715959
VisualCogB_Task-2,right,F4,revision_v2,593.75,-0.8554677733804374
VisualCogB_Task-2,right,F4,revision_v2,601.5625,-0.8379302362808775
VisualCogB_Task-2,right,F4,revision_v2,609.375,-0.8202557529935859
VisualCogB_Task-2,right,F4,revision_v2,617.1875,-0.8029663627288991
VisualCogB_Task-2,right,F4,revision_v2,625.0,-0.7855420647903195
VisualCogB_Task-2,right,F4,revision_v2,632.8125,-0.7685249359761828
VisualCogB_Task-2,right,F4,revision_v2,640.625,-0.751378087069334
VisualCogB_Task-2,right,F4,revision_v2,648.4375,-0.734625508021218
VisualCogB_Task-2,right,F4,revision_v2,656.25,-0.7176987926658009
VisualCogB_Task-2,right,F4,revision_v2,664.0625,-0.7011720143268894
VisualCogB_Task-2,right,F4,revision_v2,671.875,-0.68457301082563
VisualCogB_Task-2,right,F4,revision_v2,679.6875,-0.6685416223539113
VisualCogB_Task-2,right,F4,revision_v2,687.5,-0.6524246716610534
VisualCogB_Task-2,right,F4,revision_v2,695.3125,-0.6365099904682512
VisualCogB_Task-2,right,F4,revision_v2,703.125,-0.6200381495147331
VisualCogB_Task-2,right,F4,revision_v2,710.9375,-0.604024126588866
VisualCogB_Task-2,right,F4,revision_v2,718.75,-0.5889077365231364
VisualCogB_Task-2,right,F4,revision_v2,726.5625,-0.5756986716835626
VisualCogB_Task-2,right,F4,revision_v2,734.375,-0.5619803409271436
VisualCogB_Task-2,right,F4,revision_v2,742.1875,-0.5449146259917499
VisualCogB_Task-2,right,F4,revision_v2,750.0,-0.5234589228740592
VisualCogB_Task-2,right,F4,revision_v2,757.8125,-0.5057315820584118
VisualCogB_Task-2,right,F4,revision_v2,765.625,-0.5023947420631667
VisualCogB_Task-2,right,F4,revision_v2,773.4375,-0.5114983946148708
VisualCogB_Task-2,right,F4,revision_v2,781.25,-0.5001053294444887
VisualCogB_Task-2,right,F4,revision_v2,789.0625,-0.42251311770430405
VisualCogB_Task-2,right,F4,revision_v2,796.875,-0.2692769766422929
VisualCogB_Task-2,right,F4,revision_v3,0.0,0.034874263101293934
VisualCogB_Task-2,right,F4,revision_v3,7.8125,-0.12958009643743296
VisualCogB_Task-2,right,F4,revision_v3,15.625,-1.2976784927805607
VisualCogB_Task-2,right,F4,revision_v3,23.4375,-3.572979215911676
VisualCogB_Task-2,right,F4,revision_v3,31.25,-6.120315514661366
VisualCogB_Task-2,right,F4,revision_v3,39.0625,-7.570096436081689
VisualCogB_Task-2,right,F4,revision_v3,46.875,-7.0102841229685975
VisualCogB_Task-2,right,F4,revision_v3,54.6875,-4.637982811923825
VisualCogB_Task-2,right,F4,revision_v3,62.5,-1.5156572279144456
VisualCogB_Task-2,right,F4,revision_v3,70.3125,1.230026437546078
VisualCogB_Task-2,right,F4,revision_v3,78.125,3.005066096850391
VisualCogB_Task-2,right,F4,revision_v3,85.9375,3.8047076994388496
VisualCogB_Task-2,right,F4,revision_v3,93.75,3.916330404257975
VisualCogB_Task-2,right,F4,revision_v3,101.5625,3.641289193737592
VisualCogB_Task-2,right,F4,revision_v3,109.375,3.1802469043929804
VisualCogB_Task-2,right,F4,revision_v3,117.1875,2.6566705542066558
VisualCogB_Task-2,right,F4,revision_v3,125.0,2.152429333488514
VisualCogB_Task-2,right,F4,revision_v3,132.8125,1.72990235025173
VisualCogB_Task-2,right,F4,revision_v3,140.625,1.4214658140570053
VisualCogB_Task-2,right,F4,revision_v3,148.4375,1.2352017114965648
VisualCogB_Task-2,right,F4,revision_v3,156.25,1.1551317029859893
VisualCogB_Task-2,right,F4,revision_v3,164.0625,1.1625059104876918
VisualCogB_Task-2,right,F4,revision_v3,171.875,1.238151483243347
VisualCogB_Task-2,right,F4,revision_v3,179.6875,1.3742450881041712
VisualCogB_Task-2,right,F4,revision_v3,187.5,1.5569614512311416
VisualCogB_Task-2,right,F4,revision_v3,195.3125,1.763766488563712
VisualCogB_Task-2,right,F4,revision_v3,203.125,1.9546364392668982
VisualCogB_Task-2,right,F4,revision_v3,210.9375,2.1122440838537986
VisualCogB_Task-2,right,F4,revision_v3,218.75,2.270646115803239
VisualCogB_Task-2,right,F4,revision_v3,226.5625,2.5252526691692956
VisualCogB_Task-2,right,F4,revision_v3,234.375,2.9568423945851263
VisualCogB_Task-2,right,F4,revision_v3,242.1875,3.568235465821494
VisualCogB_Task-2,right,F4,revision_v3,250.0,4.256996085317379
VisualCogB_Task-2,right,F4,revision_v3,257.8125,4.88398018149416
VisualCogB_Task-2,right,F4,revision_v3,265.625,5.33472564235648
VisualCogB_Task-2,right,F4,revision_v3,273.4375,5.57047218753481
VisualCogB_Task-2,right,F4,revision_v3,281.25,5.603822672196849
VisualCogB_Task-2,right,F4,revision_v3,289.0625,5.480955584165561
VisualCogB_Task-2,right,F4,revision_v3,296.875,5.242680852229373
VisualCogB_Task-2,right,F4,revision_v3,304.6875,4.931115772886211
VisualCogB_Task-2,right,F4,revision_v3,312.5,4.575986965620605
VisualCogB_Task-2,right,F4,revision_v3,320.3125,4.212616732945181
VisualCogB_Task-2,right,F4,revision_v3,328.125,3.8664702213751623
VisualCogB_Task-2,right,F4,revision_v3,335.9375,3.5686063208920844
VisualCogB_Task-2,right,F4,revision_v3,343.75,3.3388328463967607
VisualCogB_Task-2,right,F4,revision_v3,351.5625,3.2027602558078234
VisualCogB_Task-2,right,F4,revision_v3,359.375,3.1748588251584406
VisualCogB_Task-2,right,F4,revision_v3,367.1875,3.2756598389707676
VisualCogB_Task-2,right,F4,revision_v3,375.0,3.5132116219068736
VisualCogB_Task-2,right,F4,revision_v3,382.8125,3.9003499906841053
VisualCogB_Task-2,right,F4,revision_v3,390.625,4.435687851598547
VisualCogB_Task-2,right,F4,revision_v3,398.4375,5.122270834658077
VisualCogB_Task-2,right,F4,revision_v3,406.25,5.948808975600803
VisualCogB_Task-2,right,F4,revision_v3,414.0625,6.90961209216374
VisualCogB_Task-2,right,F4,revision_v3,421.875,7.985613252573257
VisualCogB_Task-2,right,F4,revision_v3,429.6875,9.165256524912362
VisualCogB_Task-2,right,F4,revision_v3,437.5,10.42519946867711
VisualCogB_Task-2,right,F4,revision_v3,445.3125,11.751939464731805
VisualCogB_Task-2,right,F4,revision_v3,453.125,13.121743881609408
VisualCogB_Task-2,right,F4,revision_v3,460.9375,14.522515663154518
VisualCogB_Task-2,right,F4,revision_v3,468.75,15.93273092571937
VisualCogB_Task-2,right,F4,revision_v3,476.5625,17.343581624206156
VisualCogB_Task-2,right,F4,revision_v3,484.375,18.737031395178366
VisualCogB_Task-2,right,F4,revision_v3,492.1875,20.108281348354225
VisualCogB_Task-2,right,F4,revision_v3,500.0,21.44300649800737
VisualCogB_Task-2,right,F4,revision_v3,507.8125,22.74025768680451
VisualCogB_Task-2,right,F4,revision_v3,515.625,23.989005470766926
VisualCogB_Task-2,right,F4,revision_v3,523.4375,25.191532831323034
VisualCogB_Task-2,right,F4,revision_v3,531.25,26.339331604427667
VisualCogB_Task-2,right,F4,revision_v3,539.0625,27.437074972117028
VisualCogB_Task-2,right,F4,revision_v3,546.875,28.477987557136867
VisualCogB_Task-2,right,F4,revision_v3,554.6875,29.468438653514355
VisualCogB_Task-2,right,F4,revision_v3,562.5,30.402744071039862
VisualCogB_Task-2,right,F4,revision_v3,570.3125,31.28834174747227
VisualCogB_Task-2,right,F4,revision_v3,578.125,32.12008301838928
VisualCogB_Task-2,right,F4,revision_v3,585.9375,32.90603951595806
VisualCogB_Task-2,right,F4,revision_v3,593.75,33.64119246736945
VisualCogB_Task-2,right,F4,revision_v3,601.5625,34.33372609669647
VisualCogB_Task-2,right,F4,revision_v3,609.375,34.97825449932202
VisualCogB_Task-2,right,F4,revision_v3,617.1875,35.58309565214394
VisualCogB_Task-2,right,F4,revision_v3,625.0,36.14325425263327
VisualCogB_Task-2,right,F4,revision_v3,632.8125,36.66772902770998
VisualCogB_Task-2,right,F4,revision_v3,640.625,37.15049300796572
VisualCogB_Task-2,right,F4,revision_v3,648.4375,37.59774791133576
VisualCogB_Task-2,right,F4,revision_v3,656.25,38.00092123093255
VisualCogB_Task-2,right,F4,revision_v3,664.0625,38.369494054573735
VisualCogB_Task-2,right,F4,revision_v3,671.875,38.704194132455754
VisualCogB_Task-2,right,F4,revision_v3,679.6875,39.019763574658256
VisualCogB_Task-2,right,F4,revision_v3,687.5,39.30124189090316
VisualCogB_Task-2,right,F4,revision_v3,695.3125,39.52986908556507
VisualCogB_Task-2,right,F4,revision_v3,703.125,39.680469724961455
VisualCogB_Task-2,right,F4,revision_v3,710.9375,39.799153486762876
VisualCogB_Task-2,right,F4,revision_v3,718.75,39.97277520595462
VisualCogB_Task-2,right,F4,revision_v3,726.5625,40.25013884279518
VisualCogB_Task-2,right,F4,revision_v3,734.375,40.45935696129912
VisualCogB_Task-2,right,F4,revision_v3,742.1875,40.28979956807612
VisualCogB_Task-2,right,F4,revision_v3,750.0,39.682998337690435
VisualCogB_Task-2,right,F4,revision_v3,757.8125,39.32788130471609
VisualCogB_Task-2,right,F4,revision_v3,765.625,40.265688738619815
VisualCogB_Task-2,right,F4,revision_v3,773.4375,42.30683869182245
VisualCogB_Task-2,right,F4,revision_v3,781.25,42.49605639633566
VisualCogB_Task-2,right,F4,revision_v3,789.0625,36.51585304435598
VisualCogB_Task-2,right,F4,revision_v3,796.875,23.373169397929704
