record,original_trial_index,true_cue_side,predicted_cue_side,score_right,sample,stage,candidate,threshold,held_out_record
VisualCogA_Task-1,0,-1,1,0.5271912147431537,raw_qc_pass,cue_locked,round1::baseline_logistic_l2_1,0.5,VisualCogA_Task-1
VisualCogA_Task-1,1,1,-1,0.46515682373683254,raw_qc_pass,cue_locked,round1::baseline_logistic_l2_1,0.5,VisualCogA_Task-1
VisualCogA_Task-1,2,-1,1,0.5008681778386314,raw_qc_pass,cue_locked,round1::baseline_logistic_l2_1,0.5,VisualCogA_Task-1
VisualCogA_Task-1,3,-1,1,0.5651067382830539,raw_qc_pass,cue_locked,round1::baseline_logistic_l2_1,0.5,VisualCogA_Task-1
VisualCogA_Task-1,4,1,-1,0.487561516646125,raw_qc_pass,cue_locked,round1::baseline_logistic_l2_1,0.5,VisualCogA_Task-1
VisualCogA_Task-1,5,-1,1,0.5312656382504624,raw_qc_pass,cue_locked,round1::baseline_logistic_l2_1,0.5,VisualCogA_Task-1
VisualCogA_Task-1,6,-1,-1,0.45233154583069907,raw_qc_pass,cue_locked,round1::baseline_logistic_l2_1,0.5,VisualCogA_Task-1
VisualCogA_Task-1,7,-1,-1,0.39290524815607974,raw_qc_pass,cue_locked,round1::baseline_logistic_l2_1,0.5,VisualCogA_Task-1
VisualCogA_Task-1,8,1,1,0.5048812267891879,raw_qc_pass,cue_locked,round1::baseline_logistic_l2_1,0.5,VisualCogA_Task-1
VisualCogA_Task-1,9,1,1,0.5825918357414702,raw_qc_pass,cue_locked,round1::baseline_logistic_l2_1,0.5,VisualCogA_Task-1
VisualCogA_Task-1,10,1,-1,0.4282743136720651,raw_qc_pass,cue_locked,round1::baseline_logistic_l2_1,0.5,VisualCogA_Task-1
VisualCogA_Task-1,11,1,-1,0.48256953399293,raw_qc_pass,cue_locked,round1::baseline_logistic_l2_1,0.5,VisualCogA_Task-1
VisualCogA_Task-1,12,-1,-1,0.4450000052998018,raw_qc_pass,cue_locked,round1::baseline_logistic_l2_1,0.5,VisualCogA_Task-1
VisualCogA_Task-1,13,-1,-1,0.00503466524449075,raw_qc_pass,cue_locked,round1::baseline_logistic_l2_1,0.5,VisualCogA_Task-1
VisualCogA_Task-1,14,1,1,0.5345654171635398,raw_qc_pass,cue_locked,round1::baseline_logistic_l2_1,0.5,VisualCogA_Task-1
VisualCogA_Task-1,15,-1,-1,0.47051884111653025,raw_qc_pass,cue_locked,round1::baseline_logistic_l2_1,0.5,VisualCogA_Task-1
VisualCogA_Task-1,16,1,-1,0.383078536684139,raw_qc_pass,cue_locked,round1::baseline_logistic_l2_1,0.5,VisualCogA_Task-1
VisualCogA_Task-1,17,-1,-1,0.4621636488767849,raw_qc_pass,cue_locked,round1::baseline_logistic_l2_1,0.5,VisualCogA_Task-1
VisualCogA_Task-1,18,-1,-1,0.4565890404149008,raw_qc_pass,cue_locked,round1::baseline_logistic_l2_1,0.5,VisualCogA_Task-1
VisualCogA_Task-1,19,1,1,0.6409172945796505,raw_qc_pass,cue_locked,round1::baseline_logistic_l2_1,0.5,VisualCogA_Task-1
VisualCogA_Task-1,20,-1,-1,0.4697572863203695,raw_qc_pass,cue_locked,round1::baseline_logistic_l2_1,0.5,VisualCogA_Task-1
VisualCogA_Task-1,21,-1,1,0.5884560456832512,raw_qc_pass,cue_locked,round1::baseline_logistic_l2_1,0.5,VisualCogA_Task-1
VisualCogA_Task-1,22,1,1,0.5091020551559734,raw_qc_pass,cue_locked,round1::baseline_logistic_l2_1,0.5,VisualCogA_Task-1
VisualCogA_Task-1,23,-1,-1,0.49995917713949506,raw_qc_pass,cue_locked,round1::baseline_logistic_l2_1,0.5,VisualCogA_Task-1
VisualCogA_Task-1,24,-1,1,0.5261673267124074,raw_qc_pass,cue_locked,round1::baseline_logistic_l2_1,0.5,VisualCogA_Task-1
VisualCogA_Task-1,25,1,-1,0.455721310685666,raw_qc_pass,cue_locked,round1::baseline_logistic_l2_1,0.5,VisualCogA_Task-1
VisualCogA_Task-1,26,1,-1,0.46013549167310697,raw_qc_pass,cue_locked,round1::baseline_logistic_l2_1,0.5,VisualCogA_Task-1
VisualCogA_Task-1,27,-1,1,0.5035589860346069,raw_qc_pass,cue_locked,round1::baseline_logistic_l2_1,0.5,VisualCogA_Task-1
VisualCogA_Task-1,28,-1,-1,0.4217149206397327,raw_qc_pass,cue_locked,round1::baseline_logistic_l2_1,0.5,VisualCogA_Task-1
VisualCogA_Task-1,29,-1,-1,0.3686512409399274,raw_qc_pass,cue_locked,round1::baseline_logistic_l2_1,0.5,VisualCogA_Task-1
VisualCogA_Task-1,30,-1,1,0.5102727906375024,raw_qc_pass,cue_locked,round1::baseline_logistic_l2_1,0.5,VisualCogA_Task-1
VisualCogA_Task-1,31,1,1,0.6573433380194048,raw_qc_pass,cue_locked,round1::baseline_logistic_l2_1,0.5,VisualCogA_Task-1
VisualCogA_Task-1,32,1,-1,0.47469806340794835,raw_qc_pass,cue_locked,round1::baseline_logistic_l2_1,0.5,VisualCogA_Task-1
VisualCogA_Task-1,33,-1,-1,0.47448011862103795,raw_qc_pass,cue_locked,round1::baseline_logistic_l2_1,0.5,VisualCogA_Task-1
VisualCogA_Task-1,34,1,1,0.5020207391166348,raw_qc_pass,cue_locked,round1::baseline_logistic_l2_1,0.5,VisualCogA_Task-1
VisualCogA_Task-1,35,-1,-1,0.4535650432073065,raw_qc_pass,cue_locked,round1::baseline_logistic_l2_1,0.5,VisualCogA_Task-1
VisualCogA_Task-1,36,-1,1,0.5631655363996948,raw_qc_pass,cue_locked,round1::baseline_logistic_l2_1,0.5,VisualCogA_Task-1
VisualCogA_Task-1,37,-1,-1,0.4571457741050914,raw_qc_pass,cue_locked,round1::baseline_logistic_l2_1,0.5,VisualCogA_Task-1
VisualCogA_Task-1,38,-1,-1,0.4777328721168361,raw_qc_pass,cue_locked,round1::baseline_logistic_l2_1,0.5,VisualCogA_Task-1
VisualCogA_Task-1,39,-1,1,0.8712960107265822,raw_qc_pass,cue_locked,round1::baseline_logistic_l2_1,0.5,VisualCogA_Task-1
VisualCogA_Task-1,40,-1,-1,0.4724851790257792,raw_qc_pass,cue_locked,round1::baseline_logistic_l2_1,0.5,VisualCogA_Task-1
VisualCogA_Task-1,41,1,-1,0.3925761215531629,raw_qc_pass,cue_locked,round1::baseline_logistic_l2_1,0.5,VisualCogA_Task-1
VisualCogA_Task-1,42,-1,-1,0.49918408756602584,raw_qc_pass,cue_locked,round1::baseline_logistic_l2_1,0.5,VisualCogA_Task-1
VisualCogA_Task-1,43,1,-1,0.4471005020672461,raw_qc_pass,cue_locked,round1::baseline_logistic_l2_1,0.5,VisualCogA_Task-1
VisualCogA_Task-1,44,-1,-1,0.4886749857221568,raw_qc_pass,cue_locked,round1::baseline_logistic_l2_1,0.5,VisualCogA_Task-1
VisualCogA_Task-1,45,-1,-1,0.016250890582101434,raw_qc_pass,cue_locked,round1::baseline_logistic_l2_1,0.5,VisualCogA_Task-1
VisualCogA_Task-1,46,-1,-1,0.44320762354999643,raw_qc_pass,cue_locked,round1::baseline_logistic_l2_1,0.5,VisualCogA_Task-1
VisualCogA_Task-1,47,1,-1,0.40672879071452417,raw_qc_pass,cue_locked,round1::baseline_logistic_l2_1,0.5,VisualCogA_Task-1
VisualCogA_Task-1,48,-1,1,0.517309510081204,raw_qc_pass,cue_locked,round1::baseline_logistic_l2_1,0.5,VisualCogA_Task-1
VisualCogA_Task-1,49,-1,1,0.6542918539271129,raw_qc_pass,cue_locked,round1::baseline_logistic_l2_1,0.5,VisualCogA_Task-1
VisualCogA_Task-1,50,1,1,0.5639345505088939,raw_qc_pass,cue_locked,round1::baseline_logistic_l2_1,0.5,VisualCogA_Task-1
VisualCogA_Task-1,51,1,1,0.5095434074414116,raw_qc_pass,cue_locked,round1::baseline_logistic_l2_1,0.5,VisualCogA_Task-1
VisualCogA_Task-1,52,1,1,0.6807615489688068,raw_qc_pass,cue_locked,round1::baseline_logistic_l2_1,0.5,VisualCogA_Task-1
VisualCogA_Task-1,53,-1,-1,0.39020428466857865,raw_qc_pass,cue_locked,round1::baseline_logistic_l2_1,0.5,VisualCogA_Task-1
VisualCogA_Task-1,54,1,-1,0.3946954931080425,raw_qc_pass,cue_locked,round1::baseline_logistic_l2_1,0.5,VisualCogA_Task-1
VisualCogA_Task-1,55,-1,1,0.6191566930527971,raw_qc_pass,cue_locked,round1::baseline_logistic_l2_1,0.5,VisualCogA_Task-1
VisualCogA_Task-1,56,-1,1,0.5294581280115326,raw_qc_pass,cue_locked,round1::baseline_logistic_l2_1,0.5,VisualCogA_Task-1
VisualCogA_Task-1,57,1,-1,0.48002212598081767,raw_qc_pass,cue_locked,round1::baseline_logistic_l2_1,0.5,VisualCogA_Task-1
VisualCogA_Task-1,58,1,1,0.5616456771093437,raw_qc_pass,cue_locked,round1::baseline_logistic_l2_1,0.5,VisualCogA_Task-1
VisualCogA_Task-1,59,-1,-1,0.35042378517463946,raw_qc_pass,cue_locked,round1::baseline_logistic_l2_1,0.5,VisualCogA_Task-1
VisualCogA_Task-1,60,1,-1,0.4870838062957936,raw_qc_pass,cue_locked,round1::baseline_logistic_l2_1,0.5,VisualCogA_Task-1
VisualCogA_Task-1,61,-1,1,0.6438395159263155,raw_qc_pass,cue_locked,round1::baseline_logistic_l2_1,0.5,VisualCogA_Task-1
VisualCogA_Task-1,62,1,1,0.6001301386542761,raw_qc_pass,cue_locked,round1::baseline_logistic_l2_1,0.5,VisualCogA_Task-1
VisualCogA_Task-1,63,1,-1,0.4603686335019611,raw_qc_pass,cue_locked,round1::baseline_logistic_l2_1,0.5,VisualCogA_Task-1
VisualCogA_Task-1,64,-1,1,0.5011801485512501,raw_qc_pass,cue_locked,round1::baseline_logistic_l2_1,0.5,VisualCogA_Task-1
VisualCogA_Task-1,65,1,1,0.5077912977120307,raw_qc_pass,cue_locked,round1::baseline_logistic_l2_1,0.5,VisualCogA_Task-1
VisualCogA_Task-1,66,-1,-1,0.4132176772814198,raw_qc_pass,cue_locked,round1::baseline_logistic_l2_1,0.5,VisualCogA_Task-1
VisualCogA_Task-1,67,-1,1,0.5295001376856661,raw_qc_pass,cue_locked,round1::baseline_logistic_l2_1,0.5,VisualCogA_Task-1
VisualCogA_Task-1,68,1,-1,0.41632063142968784,raw_qc_pass,cue_locked,round1::baseline_logistic_l2_1,0.5,VisualCogA_Task-1
VisualCogA_Task-1,69,1,1,0.6205191939177388,raw_qc_pass,cue_locked,round1::baseline_logistic_l2_1,0.5,VisualCogA_Task-1
VisualCogA_Task-1,70,-1,1,0.5498920852775708,raw_qc_pass,cue_locked,round1::baseline_logistic_l2_1,0.5,VisualCogA_Task-1
VisualCogA_Task-1,71,1,-1,0.4979333673032304,raw_qc_pass,cue_locked,round1::baseline_logistic_l2_1,0.5,VisualCogA_Task-1
VisualCogA_Task-1,72,-1,-1,0.47944489196515094,raw_qc_pass,cue_locked,round1::baseline_logistic_l2_1,0.5,VisualCogA_Task-1
VisualCogA_Task-1,73,1,1,0.5202200001774928,raw_qc_pass,cue_locked,round1::baseline_logistic_l2_1,0.5,VisualCogA_Task-1
VisualCogA_Task-1,74,-1,1,0.6421688559509309,raw_qc_pass,cue_locked,round1::baseline_logistic_l2_1,0.5,VisualCogA_Task-1
VisualCogA_Task-1,75,1,-1,0.4211788771692161,raw_qc_pass,cue_locked,round1::baseline_logistic_l2_1,0.5,VisualCogA_Task-1
VisualCogA_Task-1,76,-1,1,0.8888622306926092,raw_qc_pass,cue_locked,round1::baseline_logistic_l2_1,0.5,VisualCogA_Task-1
VisualCogA_Task-1,77,-1,-1,0.4037256862138215,raw_qc_pass,cue_locked,round1::baseline_logistic_l2_1,0.5,VisualCogA_Task-1
VisualCogA_Task-1,78,-1,1,0.6533858592796727,raw_qc_pass,cue_locked,round1::baseline_logistic_l2_1,0.5,VisualCogA_Task-1
VisualCogA_Task-1,79,-1,1,0.5643419417404335,raw_qc_pass,cue_locked,round1::baseline_logistic_l2_1,0.5,VisualCogA_Task-1
VisualCogA_Task-1,80,-1,1,0.5806285986030123,raw_qc_pass,cue_locked,round1::baseline_logistic_l2_1,0.5,VisualCogA_Task-1
VisualCogA_Task-1,81,1,-1,0.4906660705862722,raw_qc_pass,cue_locked,round1::baseline_logistic_l2_1,0.5,VisualCogA_Task-1
VisualCogA_Task-1,82,-1,1,0.5084002384856687,raw_qc_pass,cue_locked,round1::baseline_logistic_l2_1,0.5,VisualCogA_Task-1
VisualCogA_Task-1,83,1,-1,0.49843990075490824,raw_qc_pass,cue_locked,round1::baseline_logistic_l2_1,0.5,VisualCogA_Task-1
VisualCogA_Task-1,84,-1,-1,0.45855969299797245,raw_qc_pass,cue_locked,round1::baseline_logistic_l2_1,0.5,VisualCogA_Task-1
VisualCogA_Task-1,85,1,-1,0.4837479684223109,raw_qc_pass,cue_locked,round1::baseline_logistic_l2_1,0.5,VisualCogA_Task-1
VisualCogA_Task-1,86,1,-1,0.494971934221231,raw_qc_pass,cue_locked,round1::baseline_logistic_l2_1,0.5,VisualCogA_Task-1
VisualCogA_Task-1,87,1,1,0.5775601033163431,raw_qc_pass,cue_locked,round1::baseline_logistic_l2_1,0.5,VisualCogA_Task-1
VisualCogA_Task-1,88,1,1,0.5212535811410726,raw_qc_pass,cue_locked,round1::baseline_logistic_l2_1,0.5,VisualCogA_Task-1
VisualCogA_Task-1,89,1,1,0.6347047963172034,raw_qc_pass,cue_locked,round1::baseline_logistic_l2_1,0.5,VisualCogA_Task-1
VisualCogA_Task-1,90,-1,1,0.5334344104224952,raw_qc_pass,cue_locked,round1::baseline_logistic_l2_1,0.5,VisualCogA_Task-1
VisualCogA_Task-1,91,1,1,0.5199269829335433,raw_qc_pass,cue_locked,round1::baseline_logistic_l2_1,0.5,VisualCogA_Task-1
VisualCogA_Task-1,92,1,1,0.5952019230379597,raw_qc_pass,cue_locked,round1::baseline_logistic_l2_1,0.5,VisualCogA_Task-1
VisualCogA_Task-1,93,1,1,0.6828661985296234,raw_qc_pass,cue_locked,round1::baseline_logistic_l2_1,0.5,VisualCogA_Task-1
VisualCogA_Task-1,94,-1,1,0.5956154132708946,raw_qc_pass,cue_locked,round1::baseline_logistic_l2_1,0.5,VisualCogA_Task-1
VisualCogA_Task-1,95,1,1,0.5094698888058964,raw_qc_pass,cue_locked,round1::baseline_logistic_l2_1,0.5,VisualCogA_Task-1
VisualCogA_Task-1,96,1,1,0.5357832972017654,raw_qc_pass,cue_locked,round1::baseline_logistic_l2_1,0.5,VisualCogA_Task-1
VisualCogA_Task-1,97,-1,1,0.5530901975650112,raw_qc_pass,cue_locked,round1::baseline_logistic_l2_1,0.5,VisualCogA_Task-1
VisualCogA_Task-1,98,-1,1,0.5412151252371283,raw_qc_pass,cue_locked,round1::baseline_logistic_l2_1,0.5,VisualCogA_Task-1
VisualCogA_Task-1,99,1,-1,0.46004078698327294,raw_qc_pass,cue_locked,round1::baseline_logistic_l2_1,0.5,VisualCogA_Task-1
VisualCogA_Task-2,0,1,1,0.5025037221714291,raw_qc_pass,cue_locked,round1::baseline_logistic_l2_1,0.5,VisualCogA_Task-2
VisualCogA_Task-2,1,-1,-1,0.49708732857806104,raw_qc_pass,cue_locked,round1::baseline_logistic_l2_1,0.5,VisualCogA_Task-2
VisualCogA_Task-2,2,-1,-1,0.40991831781184446,raw_qc_pass,cue_locked,round1::baseline_logistic_l2_1,0.5,VisualCogA_Task-2
VisualCogA_Task-2,3,-1,1,0.5142120150878603,raw_qc_pass,cue_locked,round1::baseline_logistic_l2_1,0.5,VisualCogA_Task-2
VisualCogA_Task-2,4,1,-1,0.40062470715030346,raw_qc_pass,cue_locked,round1::baseline_logistic_l2_1,0.5,VisualCogA_Task-2
VisualCogA_Task-2,5,-1,1,0.5460351726774073,raw_qc_pass,cue_locked,round1::baseline_logistic_l2_1,0.5,VisualCogA_Task-2
VisualCogA_Task-2,6,1,-1,0.4975809312528973,raw_qc_pass,cue_locked,round1::baseline_logistic_l2_1,0.5,VisualCogA_Task-2
VisualCogA_Task-2,7,1,-1,0.4312028644913461,raw_qc_pass,cue_locked,round1::baseline_logistic_l2_1,0.5,VisualCogA_Task-2
VisualCogA_Task-2,8,-1,-1,0.46278107647447775,raw_qc_pass,cue_locked,round1::baseline_logistic_l2_1,0.5,VisualCogA_Task-2
VisualCogA_Task-2,9,-1,1,0.6385561631475657,raw_qc_pass,cue_locked,round1::baseline_logistic_l2_1,0.5,VisualCogA_Task-2
VisualCogA_Task-2,10,1,-1,0.44493011473130156,raw_qc_pass,cue_locked,round1::baseline_logistic_l2_1,0.5,VisualCogA_Task-2
VisualCogA_Task-2,11,1,1,0.6490512538637582,raw_qc_pass,cue_locked,round1::baseline_logistic_l2_1,0.5,VisualCogA_Task-2
VisualCogA_Task-2,12,1,-1,0.3596597454085868,raw_qc_pass,cue_locked,round1::baseline_logistic_l2_1,0.5,VisualCogA_Task-2
VisualCogA_Task-2,13,-1,-1,0.47684436783406836,raw_qc_pass,cue_locked,round1::baseline_logistic_l2_1,0.5,VisualCogA_Task-2
VisualCogA_Task-2,14,-1,1,0.5025186253884816,raw_qc_pass,cue_locked,round1::baseline_logistic_l2_1,0.5,VisualCogA_Task-2
VisualCogA_Task-2,15,-1,-1,0.41649813872921226,raw_qc_pass,cue_locked,round1::baseline_logistic_l2_1,0.5,VisualCogA_Task-2
VisualCogA_Task-2,16,1,-1,0.33764800457453664,raw_qc_pass,cue_locked,round1::baseline_logistic_l2_1,0.5,VisualCogA_Task-2
VisualCogA_Task-2,17,1,-1,0.3846090631904383,raw_qc_pass,cue_locked,round1::baseline_logistic_l2_1,0.5,VisualCogA_Task-2
VisualCogA_Task-2,18,-1,-1,0.4302497952899358,raw_qc_pass,cue_locked,round1::baseline_logistic_l2_1,0.5,VisualCogA_Task-2
VisualCogA_Task-2,19,-1,1,0.5401946452645804,raw_qc_pass,cue_locked,round1::baseline_logistic_l2_1,0.5,VisualCogA_Task-2
VisualCogA_Task-2,20,1,-1,0.2892204606315203,raw_qc_pass,cue_locked,round1::baseline_logistic_l2_1,0.5,VisualCogA_Task-2
VisualCogA_Task-2,21,-1,-1,0.381458094552548,raw_qc_pass,cue_locked,round1::baseline_logistic_l2_1,0.5,VisualCogA_Task-2
VisualCogA_Task-2,22,1,-1,0.4435047990646272,raw_qc_pass,cue_locked,round1::baseline_logistic_l2_1,0.5,VisualCogA_Task-2
VisualCogA_Task-2,23,1,-1,0.40554125139179004,raw_qc_pass,cue_locked,round1::baseline_logistic_l2_1,0.5,VisualCogA_Task-2
VisualCogA_Task-2,24,-1,-1,0.3266069842614802,raw_qc_pass,cue_locked,round1::baseline_logistic_l2_1,0.5,VisualCogA_Task-2
VisualCogA_Task-2,25,-1,-1,0.48007935214831376,raw_qc_pass,cue_locked,round1::baseline_logistic_l2_1,0.5,VisualCogA_Task-2
VisualCogA_Task-2,26,1,-1,0.4339350254600987,raw_qc_pass,cue_locked,round1::baseline_logistic_l2_1,0.5,VisualCogA_Task-2
VisualCogA_Task-2,27,1,-1,0.47871560613248637,raw_qc_pass,cue_locked,round1::baseline_logistic_l2_1,0.5,VisualCogA_Task-2
VisualCogA_Task-2,28,1,-1,0.4249157630602816,raw_qc_pass,cue_locked,round1::baseline_logistic_l2_1,0.5,VisualCogA_Task-2
VisualCogA_Task-2,30,-1,-1,0.4557838362466081,raw_qc_pass,cue_locked,round1::baseline_logistic_l2_1,0.5,VisualCogA_Task-2
VisualCogA_Task-2,31,-1,-1,0.4548747325315822,raw_qc_pass,cue_locked,round1::baseline_logistic_l2_1,0.5,VisualCogA_Task-2
VisualCogA_Task-2,33,-1,-1,0.43614927931217873,raw_qc_pass,cue_locked,round1::baseline_logistic_l2_1,0.5,VisualCogA_Task-2
VisualCogA_Task-2,34,-1,-1,0.3888487468266075,raw_qc_pass,cue_locked,round1::baseline_logistic_l2_1,0.5,VisualCogA_Task-2
VisualCogA_Task-2,35,1,1,0.5711126871343091,raw_qc_pass,cue_locked,round1::baseline_logistic_l2_1,0.5,VisualCogA_Task-2
VisualCogA_Task-2,36,1,-1,0.4065155757456632,raw_qc_pass,cue_locked,round1::baseline_logistic_l2_1,0.5,VisualCogA_Task-2
VisualCogA_Task-2,37,-1,1,0.6480736316563839,raw_qc_pass,cue_locked,round1::baseline_logistic_l2_1,0.5,VisualCogA_Task-2
VisualCogA_Task-2,38,1,-1,0.40867638636331566,raw_qc_pass,cue_locked,round1::baseline_logistic_l2_1,0.5,VisualCogA_Task-2
VisualCogA_Task-2,39,-1,-1,0.4349371004045354,raw_qc_pass,cue_locked,round1::baseline_logistic_l2_1,0.5,VisualCogA_Task-2
VisualCogA_Task-2,40,-1,-1,0.2997635721628198,raw_qc_pass,cue_locked,round1::baseline_logistic_l2_1,0.5,VisualCogA_Task-2
VisualCogA_Task-2,41,-1,1,0.5403119779738123,raw_qc_pass,cue_locked,round1::baseline_logistic_l2_1,0.5,VisualCogA_Task-2
VisualCogA_Task-2,42,-1,-1,0.43076619235067,raw_qc_pass,cue_locked,round1::baseline_logistic_l2_1,0.5,VisualCogA_Task-2
VisualCogA_Task-2,43,-1,1,0.5404196346428508,raw_qc_pass,cue_locked,round1::baseline_logistic_l2_1,0.5,VisualCogA_Task-2
VisualCogA_Task-2,45,-1,-1,0.4793447403614555,raw_qc_pass,cue_locked,round1::baseline_logistic_l2_1,0.5,VisualCogA_Task-2
VisualCogA_Task-2,46,-1,1,0.5350211955189947,raw_qc_pass,cue_locked,round1::baseline_logistic_l2_1,0.5,VisualCogA_Task-2
VisualCogA_Task-2,47,-1,-1,0.38893771410129674,raw_qc_pass,cue_locked,round1::baseline_logistic_l2_1,0.5,VisualCogA_Task-2
VisualCogA_Task-2,48,1,-1,0.4857411480229047,raw_qc_pass,cue_locked,round1::baseline_logistic_l2_1,0.5,VisualCogA_Task-2
VisualCogA_Task-2,49,1,-1,0.2963935400262305,raw_qc_pass,cue_locked,round1::baseline_logistic_l2_1,0.5,VisualCogA_Task-2
VisualCogA_Task-2,50,-1,-1,0.46205642274101205,raw_qc_pass,cue_locked,round1::baseline_logistic_l2_1,0.5,VisualCogA_Task-2
VisualCogA_Task-2,51,1,-1,0.45857206083450297,raw_qc_pass,cue_locked,round1::baseline_logistic_l2_1,0.5,VisualCogA_Task-2
VisualCogA_Task-2,52,1,-1,0.37347601486420035,raw_qc_pass,cue_locked,round1::baseline_logistic_l2_1,0.5,VisualCogA_Task-2
VisualCogA_Task-2,53,-1,-1,0.4715007167151472,raw_qc_pass,cue_locked,round1::baseline_logistic_l2_1,0.5,VisualCogA_Task-2
VisualCogA_Task-2,54,-1,-1,0.3739482696655563,raw_qc_pass,cue_locked,round1::baseline_logistic_l2_1,0.5,VisualCogA_Task-2
VisualCogA_Task-2,55,1,-1,0.49956106442518144,raw_qc_pass,cue_locked,round1::baseline_logistic_l2_1,0.5,VisualCogA_Task-2
VisualCogA_Task-2,56,1,-1,0.3779588939335994,raw_qc_pass,cue_locked,round1::baseline_logistic_l2_1,0.5,VisualCogA_Task-2
VisualCogA_Task-2,57,1,-1,0.4488152710111757,raw_qc_pass,cue_locked,round1::baseline_logistic_l2_1,0.5,VisualCogA_Task-2
VisualCogA_Task-2,58,1,-1,0.48116271608182504,raw_qc_pass,cue_locked,round1::baseline_logistic_l2_1,0.5,VisualCogA_Task-2
VisualCogA_Task-2,59,1,-1,0.46193208018289794,raw_qc_pass,cue_locked,round1::baseline_logistic_l2_1,0.5,VisualCogA_Task-2
VisualCogA_Task-2,60,-1,-1,0.41324831604728773,raw_qc_pass,cue_locked,round1::baseline_logistic_l2_1,0.5,VisualCogA_Task-2
VisualCogA_Task-2,61,1,-1,0.48926294516316743,raw_qc_pass,cue_locked,round1::baseline_logistic_l2_1,0.5,VisualCogA_Task-2
VisualCogA_Task-2,62,-1,-1,0.4526902951527366,raw_qc_pass,cue_locked,round1::baseline_logistic_l2_1,0.5,VisualCogA_Task-2
VisualCogA_Task-2,63,-1,1,0.5153962663055427,raw_qc_pass,cue_locked,round1::baseline_logistic_l2_1,0.5,VisualCogA_Task-2
VisualCogA_Task-2,64,1,-1,0.44500366667988533,raw_qc_pass,cue_locked,round1::baseline_logistic_l2_1,0.5,VisualCogA_Task-2
VisualCogA_Task-2,65,-1,-1,0.4156193709212305,raw_qc_pass,cue_locked,round1::baseline_logistic_l2_1,0.5,VisualCogA_Task-2
VisualCogA_Task-2,66,1,1,0.5995835535219123,raw_qc_pass,cue_locked,round1::baseline_logistic_l2_1,0.5,VisualCogA_Task-2
VisualCogA_Task-2,67,1,-1,0.48325249211554083,raw_qc_pass,cue_locked,round1::baseline_logistic_l2_1,0.5,VisualCogA_Task-2
VisualCogA_Task-2,68,-1,-1,0.4296715799957128,raw_qc_pass,cue_locked,round1::baseline_logistic_l2_1,0.5,VisualCogA_Task-2
VisualCogA_Task-2,69,-1,-1,0.4252113186624163,raw_qc_pass,cue_locked,round1::baseline_logistic_l2_1,0.5,VisualCogA_Task-2
VisualCogA_Task-2,70,1,-1,0.39251532125745386,raw_qc_pass,cue_locked,round1::baseline_logistic_l2_1,0.5,VisualCogA_Task-2
VisualCogA_Task-2,71,1,-1,0.4424296535759886,raw_qc_pass,cue_locked,round1::baseline_logistic_l2_1,0.5,VisualCogA_Task-2
VisualCogA_Task-2,72,1,-1,0.4073656469928679,raw_qc_pass,cue_locked,round1::baseline_logistic_l2_1,0.5,VisualCogA_Task-2
VisualCogA_Task-2,73,1,1,0.5849085116280858,raw_qc_pass,cue_locked,round1::baseline_logistic_l2_1,0.5,VisualCogA_Task-2
VisualCogA_Task-2,74,-1,-1,0.43865943545621605,raw_qc_pass,cue_locked,round1::baseline_logistic_l2_1,0.5,VisualCogA_Task-2
VisualCogA_Task-2,75,-1,-1,0.4558968762485354,raw_qc_pass,cue_locked,round1::baseline_logistic_l2_1,0.5,VisualCogA_Task-2
VisualCogA_Task-2,76,-1,-1,0.36965594713676037,raw_qc_pass,cue_locked,round1::baseline_logistic_l2_1,0.5,VisualCogA_Task-2
VisualCogA_Task-2,77,1,-1,0.45287603711995095,raw_qc_pass,cue_locked,round1::baseline_logistic_l2_1,0.5,VisualCogA_Task-2
VisualCogA_Task-2,78,-1,1,0.5316967421024209,raw_qc_pass,cue_locked,round1::baseline_logistic_l2_1,0.5,VisualCogA_Task-2
VisualCogA_Task-2,79,1,-1,0.4639017813532816,raw_qc_pass,cue_locked,round1::baseline_logistic_l2_1,0.5,VisualCogA_Task-2
VisualCogA_Task-2,80,-1,-1,0.4618895913694126,raw_qc_pass,cue_locked,round1::baseline_logistic_l2_1,0.5,VisualCogA_Task-2
VisualCogA_Task-2,81,1,-1,0.48354490072980616,raw_qc_pass,cue_locked,round1::baseline_logistic_l2_1,0.5,VisualCogA_Task-2
VisualCogA_Task-2,82,1,-1,0.47902779526274103,raw_qc_pass,cue_locked,round1::baseline_logistic_l2_1,0.5,VisualCogA_Task-2
VisualCogA_Task-2,83,-1,1,0.5225111211269833,raw_qc_pass,cue_locked,round1::baseline_logistic_l2_1,0.5,VisualCogA_Task-2
VisualCogA_Task-2,84,1,1,0.6029107096311853,raw_qc_pass,cue_locked,round1::baseline_logistic_l2_1,0.5,VisualCogA_Task-2
VisualCogA_Task-2,86,-1,-1,0.4883774167782364,raw_qc_pass,cue_locked,round1::baseline_logistic_l2_1,0.5,VisualCogA_Task-2
VisualCogA_Task-2,87,1,1,0.5763150567904727,raw_qc_pass,cue_locked,round1::baseline_logistic_l2_1,0.5,VisualCogA_Task-2
VisualCogA_Task-2,88,-1,-1,0.4026135670614595,raw_qc_pass,cue_locked,round1::baseline_logistic_l2_1,0.5,VisualCogA_Task-2
VisualCogA_Task-2,89,-1,-1,0.49210581226715167,raw_qc_pass,cue_locked,round1::baseline_logistic_l2_1,0.5,VisualCogA_Task-2
VisualCogA_Task-2,90,-1,1,0.544053071592141,raw_qc_pass,cue_locked,round1::baseline_logistic_l2_1,0.5,VisualCogA_Task-2
VisualCogA_Task-2,91,-1,1,0.5087222027342662,raw_qc_pass,cue_locked,round1::baseline_logistic_l2_1,0.5,VisualCogA_Task-2
VisualCogA_Task-2,92,1,-1,0.4856184225229823,raw_qc_pass,cue_locked,round1::baseline_logistic_l2_1,0.5,VisualCogA_Task-2
VisualCogA_Task-2,93,-1,-1,0.4355187435492154,raw_qc_pass,cue_locked,round1::baseline_logistic_l2_1,0.5,VisualCogA_Task-2
VisualCogA_Task-2,94,-1,1,0.5629583434825342,raw_qc_pass,cue_locked,round1::baseline_logistic_l2_1,0.5,VisualCogA_Task-2
VisualCogA_Task-2,95,-1,1,0.534934887163459,raw_qc_pass,cue_locked,round1::baseline_logistic_l2_1,0.5,VisualCogA_Task-2
VisualCogA_Task-2,96,-1,1,0.5833861867890128,raw_qc_pass,cue_locked,round1::baseline_logistic_l2_1,0.5,VisualCogA_Task-2
VisualCogA_Task-2,97,-1,-1,0.4611120983144126,raw_qc_pass,cue_locked,round1::baseline_logistic_l2_1,0.5,VisualCogA_Task-2
VisualCogA_Task-2,98,-1,1,0.5506034311921773,raw_qc_pass,cue_locked,round1::baseline_logistic_l2_1,0.5,VisualCogA_Task-2
VisualCogA_Task-2,99,-1,-1,0.3889651000121337,raw_qc_pass,cue_locked,round1::baseline_logistic_l2_1,0.5,VisualCogA_Task-2
VisualCogB_Task-1,0,-1,-1,0.42479809875785696,raw_qc_pass,cue_locked,round1::baseline_logistic_l2_1,0.5,VisualCogB_Task-1
VisualCogB_Task-1,1,-1,1,0.5849000224588828,raw_qc_pass,cue_locked,round1::baseline_logistic_l2_1,0.5,VisualCogB_Task-1
VisualCogB_Task-1,2,1,-1,0.48185674045269095,raw_qc_pass,cue_locked,round1::baseline_logistic_l2_1,0.5,VisualCogB_Task-1
VisualCogB_Task-1,3,-1,-1,0.48940569347743745,raw_qc_pass,cue_locked,round1::baseline_logistic_l2_1,0.5,VisualCogB_Task-1
VisualCogB_Task-1,4,1,-1,0.4991718395178385,raw_qc_pass,cue_locked,round1::baseline_logistic_l2_1,0.5,VisualCogB_Task-1
VisualCogB_Task-1,5,1,1,0.7420458216513913,raw_qc_pass,cue_locked,round1::baseline_logistic_l2_1,0.5,VisualCogB_Task-1
VisualCogB_Task-1,6,1,1,0.5161325756141535,raw_qc_pass,cue_locked,round1::baseline_logistic_l2_1,0.5,VisualCogB_Task-1
VisualCogB_Task-1,7,-1,-1,0.4939922538383692,raw_qc_pass,cue_locked,round1::baseline_logistic_l2_1,0.5,VisualCogB_Task-1
VisualCogB_Task-1,8,-1,1,0.5140638541508527,raw_qc_pass,cue_locked,round1::baseline_logistic_l2_1,0.5,VisualCogB_Task-1
VisualCogB_Task-1,9,-1,-1,0.4224218640724704,raw_qc_pass,cue_locked,round1::baseline_logistic_l2_1,0.5,VisualCogB_Task-1
VisualCogB_Task-1,10,1,1,0.5771981620647333,raw_qc_pass,cue_locked,round1::baseline_logistic_l2_1,0.5,VisualCogB_Task-1
VisualCogB_Task-1,11,-1,-1,0.3803052627986205,raw_qc_pass,cue_locked,round1::baseline_logistic_l2_1,0.5,VisualCogB_Task-1
VisualCogB_Task-1,12,1,-1,0.4563563508415906,raw_qc_pass,cue_locked,round1::baseline_logistic_l2_1,0.5,VisualCogB_Task-1
VisualCogB_Task-1,13,1,-1,0.41795391119328945,raw_qc_pass,cue_locked,round1::baseline_logistic_l2_1,0.5,VisualCogB_Task-1
VisualCogB_Task-1,14,-1,1,0.5058908213100708,raw_qc_pass,cue_locked,round1::baseline_logistic_l2_1,0.5,VisualCogB_Task-1
VisualCogB_Task-1,15,1,1,0.5213657102764422,raw_qc_pass,cue_locked,round1::baseline_logistic_l2_1,0.5,VisualCogB_Task-1
VisualCogB_Task-1,16,-1,1,0.5679003636099111,raw_qc_pass,cue_locked,round1::baseline_logistic_l2_1,0.5,VisualCogB_Task-1
VisualCogB_Task-1,17,-1,1,0.54030219735919,raw_qc_pass,cue_locked,round1::baseline_logistic_l2_1,0.5,VisualCogB_Task-1
VisualCogB_Task-1,18,1,1,0.5432842892274937,raw_qc_pass,cue_locked,round1::baseline_logistic_l2_1,0.5,VisualCogB_Task-1
VisualCogB_Task-1,19,-1,1,0.5224837009332118,raw_qc_pass,cue_locked,round1::baseline_logistic_l2_1,0.5,VisualCogB_Task-1
VisualCogB_Task-1,20,1,-1,0.4792319001080019,raw_qc_pass,cue_locked,round1::baseline_logistic_l2_1,0.5,VisualCogB_Task-1
VisualCogB_Task-1,21,1,1,0.5171102701534739,raw_qc_pass,cue_locked,round1::baseline_logistic_l2_1,0.5,VisualCogB_Task-1
VisualCogB_Task-1,22,1,1,0.5405660681281527,raw_qc_pass,cue_locked,round1::baseline_logistic_l2_1,0.5,VisualCogB_Task-1
VisualCogB_Task-1,23,1,1,0.5176903233866279,raw_qc_pass,cue_locked,round1::baseline_logistic_l2_1,0.5,VisualCogB_Task-1
VisualCogB_Task-1,24,1,-1,0.29448759825276244,raw_qc_pass,cue_locked,round1::baseline_logistic_l2_1,0.5,VisualCogB_Task-1
VisualCogB_Task-1,25,1,-1,0.4353902990134099,raw_qc_pass,cue_locked,round1::baseline_logistic_l2_1,0.5,VisualCogB_Task-1
VisualCogB_Task-1,26,1,-1,0.48444070155176805,raw_qc_pass,cue_locked,round1::baseline_logistic_l2_1,0.5,VisualCogB_Task-1
VisualCogB_Task-1,27,1,1,0.5740380403489975,raw_qc_pass,cue_locked,round1::baseline_logistic_l2_1,0.5,VisualCogB_Task-1
VisualCogB_Task-1,28,1,-1,0.4125453816504884,raw_qc_pass,cue_locked,round1::baseline_logistic_l2_1,0.5,VisualCogB_Task-1
VisualCogB_Task-1,29,-1,1,0.5486861226952774,raw_qc_pass,cue_locked,round1::baseline_logistic_l2_1,0.5,VisualCogB_Task-1
VisualCogB_Task-1,30,1,-1,0.4551050680482304,raw_qc_pass,cue_locked,round1::baseline_logistic_l2_1,0.5,VisualCogB_Task-1
VisualCogB_Task-1,31,-1,1,0.572435199258153,raw_qc_pass,cue_locked,round1::baseline_logistic_l2_1,0.5,VisualCogB_Task-1
VisualCogB_Task-1,32,-1,1,0.522414492057746,raw_qc_pass,cue_locked,round1::baseline_logistic_l2_1,0.5,VisualCogB_Task-1
VisualCogB_Task-1,33,1,1,0.5301075316979248,raw_qc_pass,cue_locked,round1::baseline_logistic_l2_1,0.5,VisualCogB_Task-1
VisualCogB_Task-1,34,-1,-1,0.4185764515904281,raw_qc_pass,cue_locked,round1::baseline_logistic_l2_1,0.5,VisualCogB_Task-1
VisualCogB_Task-1,36,-1,-1,0.41684490019050513,raw_qc_pass,cue_locked,round1::baseline_logistic_l2_1,0.5,VisualCogB_Task-1
VisualCogB_Task-1,37,-1,1,0.5530409987829819,raw_qc_pass,cue_locked,round1::baseline_logistic_l2_1,0.5,VisualCogB_Task-1
VisualCogB_Task-1,38,1,1,0.514755570307556,raw_qc_pass,cue_locked,round1::baseline_logistic_l2_1,0.5,VisualCogB_Task-1
VisualCogB_Task-1,39,1,1,0.5317376823835579,raw_qc_pass,cue_locked,round1::baseline_logistic_l2_1,0.5,VisualCogB_Task-1
VisualCogB_Task-1,40,-1,1,0.5287908295050073,raw_qc_pass,cue_locked,round1::baseline_logistic_l2_1,0.5,VisualCogB_Task-1
VisualCogB_Task-1,41,1,-1,0.48695552439567147,raw_qc_pass,cue_locked,round1::baseline_logistic_l2_1,0.5,VisualCogB_Task-1
VisualCogB_Task-1,42,1,-1,0.407581179878587,raw_qc_pass,cue_locked,round1::baseline_logistic_l2_1,0.5,VisualCogB_Task-1
VisualCogB_Task-1,43,1,1,0.6032304927249332,raw_qc_pass,cue_locked,round1::baseline_logistic_l2_1,0.5,VisualCogB_Task-1
VisualCogB_Task-1,44,1,-1,0.4834768815105052,raw_qc_pass,cue_locked,round1::baseline_logistic_l2_1,0.5,VisualCogB_Task-1
VisualCogB_Task-1,45,-1,1,0.5840928207885686,raw_qc_pass,cue_locked,round1::baseline_logistic_l2_1,0.5,VisualCogB_Task-1
VisualCogB_Task-1,46,-1,-1,0.46450809884783323,raw_qc_pass,cue_locked,round1::baseline_logistic_l2_1,0.5,VisualCogB_Task-1
VisualCogB_Task-1,47,1,1,0.5387464725060167,raw_qc_pass,cue_locked,round1::baseline_logistic_l2_1,0.5,VisualCogB_Task-1
VisualCogB_Task-1,48,1,-1,0.4800720777785701,raw_qc_pass,cue_locked,round1::baseline_logistic_l2_1,0.5,VisualCogB_Task-1
VisualCogB_Task-1,49,-1,-1,0.23445101505042804,raw_qc_pass,cue_locked,round1::baseline_logistic_l2_1,0.5,VisualCogB_Task-1
VisualCogB_Task-1,50,1,-1,0.4614684575224896,raw_qc_pass,cue_locked,round1::baseline_logistic_l2_1,0.5,VisualCogB_Task-1
VisualCogB_Task-1,51,-1,-1,0.43904027611899227,raw_qc_pass,cue_locked,round1::baseline_logistic_l2_1,0.5,VisualCogB_Task-1
VisualCogB_Task-1,52,1,1,0.5471086384782966,raw_qc_pass,cue_locked,round1::baseline_logistic_l2_1,0.5,VisualCogB_Task-1
VisualCogB_Task-1,54,1,1,0.5862782427519461,raw_qc_pass,cue_locked,round1::baseline_logistic_l2_1,0.5,VisualCogB_Task-1
VisualCogB_Task-1,55,-1,1,0.5441148193133618,raw_qc_pass,cue_locked,round1::baseline_logistic_l2_1,0.5,VisualCogB_Task-1
VisualCogB_Task-1,56,1,1,0.5649342299575906,raw_qc_pass,cue_locked,round1::baseline_logistic_l2_1,0.5,VisualCogB_Task-1
VisualCogB_Task-1,57,1,1,0.6301595745040056,raw_qc_pass,cue_locked,round1::baseline_logistic_l2_1,0.5,VisualCogB_Task-1
VisualCogB_Task-1,58,1,1,0.5531528492728873,raw_qc_pass,cue_locked,round1::baseline_logistic_l2_1,0.5,VisualCogB_Task-1
VisualCogB_Task-1,59,1,1,0.5169597097390105,raw_qc_pass,cue_locked,round1::baseline_logistic_l2_1,0.5,VisualCogB_Task-1
VisualCogB_Task-1,60,-1,1,0.5378671575034786,raw_qc_pass,cue_locked,round1::baseline_logistic_l2_1,0.5,VisualCogB_Task-1
VisualCogB_Task-1,61,-1,-1,0.40856454036223516,raw_qc_pass,cue_locked,round1::baseline_logistic_l2_1,0.5,VisualCogB_Task-1
VisualCogB_Task-1,62,1,1,0.6888509941920887,raw_qc_pass,cue_locked,round1::baseline_logistic_l2_1,0.5,VisualCogB_Task-1
VisualCogB_Task-1,63,-1,-1,0.49329372969108043,raw_qc_pass,cue_locked,round1::baseline_logistic_l2_1,0.5,VisualCogB_Task-1
VisualCogB_Task-1,64,-1,1,0.6100254137868727,raw_qc_pass,cue_locked,round1::baseline_logistic_l2_1,0.5,VisualCogB_Task-1
VisualCogB_Task-1,65,-1,-1,0.3142141587172053,raw_qc_pass,cue_locked,round1::baseline_logistic_l2_1,0.5,VisualCogB_Task-1
VisualCogB_Task-1,66,1,-1,0.4887058756294023,raw_qc_pass,cue_locked,round1::baseline_logistic_l2_1,0.5,VisualCogB_Task-1
VisualCogB_Task-1,67,1,1,0.5684325469178074,raw_qc_pass,cue_locked,round1::baseline_logistic_l2_1,0.5,VisualCogB_Task-1
VisualCogB_Task-1,68,-1,1,0.7028773738412767,raw_qc_pass,cue_locked,round1::baseline_logistic_l2_1,0.5,VisualCogB_Task-1
VisualCogB_Task-1,69,-1,-1,0.3435555581411441,raw_qc_pass,cue_locked,round1::baseline_logistic_l2_1,0.5,VisualCogB_Task-1
VisualCogB_Task-1,70,1,1,0.6445127493084228,raw_qc_pass,cue_locked,round1::baseline_logistic_l2_1,0.5,VisualCogB_Task-1
VisualCogB_Task-1,71,1,-1,0.4523582209273786,raw_qc_pass,cue_locked,round1::baseline_logistic_l2_1,0.5,VisualCogB_Task-1
VisualCogB_Task-1,72,-1,-1,0.4604791708862908,raw_qc_pass,cue_locked,round1::baseline_logistic_l2_1,0.5,VisualCogB_Task-1
VisualCogB_Task-1,73,-1,1,0.5890204234353635,raw_qc_pass,cue_locked,round1::baseline_logistic_l2_1,0.5,VisualCogB_Task-1
VisualCogB_Task-1,74,1,-1,0.3671574015380712,raw_qc_pass,cue_locked,round1::baseline_logistic_l2_1,0.5,VisualCogB_Task-1
VisualCogB_Task-1,75,-1,1,0.5356140690669542,raw_qc_pass,cue_locked,round1::baseline_logistic_l2_1,0.5,VisualCogB_Task-1
VisualCogB_Task-1,76,-1,1,0.6244233468500573,raw_qc_pass,cue_locked,round1::baseline_logistic_l2_1,0.5,VisualCogB_Task-1
VisualCogB_Task-1,77,-1,1,0.5542765185746797,raw_qc_pass,cue_locked,round1::baseline_logistic_l2_1,0.5,VisualCogB_Task-1
VisualCogB_Task-1,78,1,-1,0.45493351482895444,raw_qc_pass,cue_locked,round1::baseline_logistic_l2_1,0.5,VisualCogB_Task-1
VisualCogB_Task-1,79,-1,-1,0.4669212842298945,raw_qc_pass,cue_locked,round1::baseline_logistic_l2_1,0.5,VisualCogB_Task-1
VisualCogB_Task-1,80,-1,1,0.5063401597368402,raw_qc_pass,cue_locked,round1::baseline_logistic_l2_1,0.5,VisualCogB_Task-1
VisualCogB_Task-1,81,1,-1,0.37996787522026737,raw_qc_pass,cue_locked,round1::baseline_logistic_l2_1,0.5,VisualCogB_Task-1
VisualCogB_Task-1,82,-1,-1,0.40224929860280095,raw_qc_pass,cue_locked,round1::baseline_logistic_l2_1,0.5,VisualCogB_Task-1
VisualCogB_Task-1,83,-1,1,0.5531009233773893,raw_qc_pass,cue_locked,round1::baseline_logistic_l2_1,0.5,VisualCogB_Task-1
VisualCogB_Task-1,84,1,-1,0.49164617800281823,raw_qc_pass,cue_locked,round1::baseline_logistic_l2_1,0.5,VisualCogB_Task-1
VisualCogB_Task-1,85,-1,-1,0.4888298128065701,raw_qc_pass,cue_locked,round1::baseline_logistic_l2_1,0.5,VisualCogB_Task-1
VisualCogB_Task-1,86,-1,-1,0.426146999967411,raw_qc_pass,cue_locked,round1::baseline_logistic_l2_1,0.5,VisualCogB_Task-1
VisualCogB_Task-1,87,1,1,0.9061606324643414,raw_qc_pass,cue_locked,round1::baseline_logistic_l2_1,0.5,VisualCogB_Task-1
VisualCogB_Task-1,88,-1,-1,0.44496738973953515,raw_qc_pass,cue_locked,round1::baseline_logistic_l2_1,0.5,VisualCogB_Task-1
VisualCogB_Task-1,89,-1,-1,0.4168215510283501,raw_qc_pass,cue_locked,round1::baseline_logistic_l2_1,0.5,VisualCogB_Task-1
VisualCogB_Task-1,90,1,-1,0.44052827338924233,raw_qc_pass,cue_locked,round1::baseline_logistic_l2_1,0.5,VisualCogB_Task-1
VisualCogB_Task-1,91,1,-1,0.07468357649973391,raw_qc_pass,cue_locked,round1::baseline_logistic_l2_1,0.5,VisualCogB_Task-1
VisualCogB_Task-1,92,-1,-1,0.4815321501433329,raw_qc_pass,cue_locked,round1::baseline_logistic_l2_1,0.5,VisualCogB_Task-1
VisualCogB_Task-1,93,1,-1,0.4974356268101244,raw_qc_pass,cue_locked,round1::baseline_logistic_l2_1,0.5,VisualCogB_Task-1
VisualCogB_Task-1,94,-1,1,0.5866953358695043,raw_qc_pass,cue_locked,round1::baseline_logistic_l2_1,0.5,VisualCogB_Task-1
VisualCogB_Task-1,95,1,-1,0.4930430699362738,raw_qc_pass,cue_locked,round1::baseline_logistic_l2_1,0.5,VisualCogB_Task-1
VisualCogB_Task-1,96,-1,1,0.6574862719295725,raw_qc_pass,cue_locked,round1::baseline_logistic_l2_1,0.5,VisualCogB_Task-1
VisualCogB_Task-1,97,1,1,0.5020591586542335,raw_qc_pass,cue_locked,round1::baseline_logistic_l2_1,0.5,VisualCogB_Task-1
VisualCogB_Task-1,98,1,-1,0.3749677530100937,raw_qc_pass,cue_locked,round1::baseline_logistic_l2_1,0.5,VisualCogB_Task-1
VisualCogB_Task-1,99,1,-1,0.4596968079811249,raw_qc_pass,cue_locked,round1::baseline_logistic_l2_1,0.5,VisualCogB_Task-1
VisualCogB_Task-2,0,-1,-1,0.38818879480575724,raw_qc_pass,cue_locked,round1::baseline_logistic_l2_1,0.5,VisualCogB_Task-2
VisualCogB_Task-2,1,-1,-1,0.4408080416024799,raw_qc_pass,cue_locked,round1::baseline_logistic_l2_1,0.5,VisualCogB_Task-2
VisualCogB_Task-2,2,-1,-1,0.3851381028916991,raw_qc_pass,cue_locked,round1::baseline_logistic_l2_1,0.5,VisualCogB_Task-2
VisualCogB_Task-2,3,1,-1,0.31035311936779153,raw_qc_pass,cue_locked,round1::baseline_logistic_l2_1,0.5,VisualCogB_Task-2
VisualCogB_Task-2,4,-1,1,0.5969515003319984,raw_qc_pass,cue_locked,round1::baseline_logistic_l2_1,0.5,VisualCogB_Task-2
VisualCogB_Task-2,5,1,-1,0.3842255599899593,raw_qc_pass,cue_locked,round1::baseline_logistic_l2_1,0.5,VisualCogB_Task-2
VisualCogB_Task-2,6,1,-1,0.33063332870425177,raw_qc_pass,cue_locked,round1::baseline_logistic_l2_1,0.5,VisualCogB_Task-2
VisualCogB_Task-2,7,1,-1,0.4936551023599071,raw_qc_pass,cue_locked,round1::baseline_logistic_l2_1,0.5,VisualCogB_Task-2
VisualCogB_Task-2,8,1,-1,0.2986304444841537,raw_qc_pass,cue_locked,round1::baseline_logistic_l2_1,0.5,VisualCogB_Task-2
VisualCogB_Task-2,9,-1,-1,0.2347547679583867,raw_qc_pass,cue_locked,round1::baseline_logistic_l2_1,0.5,VisualCogB_Task-2
VisualCogB_Task-2,10,1,-1,0.48106138033197504,raw_qc_pass,cue_locked,round1::baseline_logistic_l2_1,0.5,VisualCogB_Task-2
VisualCogB_Task-2,11,1,-1,0.41682035955609686,raw_qc_pass,cue_locked,round1::baseline_logistic_l2_1,0.5,VisualCogB_Task-2
VisualCogB_Task-2,12,1,1,0.5570210149551702,raw_qc_pass,cue_locked,round1::baseline_logistic_l2_1,0.5,VisualCogB_Task-2
VisualCogB_Task-2,14,1,-1,0.1413046051439802,raw_qc_pass,cue_locked,round1::baseline_logistic_l2_1,0.5,VisualCogB_Task-2
VisualCogB_Task-2,16,-1,1,0.5426036319175245,raw_qc_pass,cue_locked,round1::baseline_logistic_l2_1,0.5,VisualCogB_Task-2
VisualCogB_Task-2,17,1,-1,0.4367775111798321,raw_qc_pass,cue_locked,round1::baseline_logistic_l2_1,0.5,VisualCogB_Task-2
VisualCogB_Task-2,18,1,-1,0.4498829654954752,raw_qc_pass,cue_locked,round1::baseline_logistic_l2_1,0.5,VisualCogB_Task-2
VisualCogB_Task-2,19,-1,-1,0.42425602432998116,raw_qc_pass,cue_locked,round1::baseline_logistic_l2_1,0.5,VisualCogB_Task-2
VisualCogB_Task-2,20,1,1,0.5556533330349125,raw_qc_pass,cue_locked,round1::baseline_logistic_l2_1,0.5,VisualCogB_Task-2
VisualCogB_Task-2,21,1,-1,0.45401560398384644,raw_qc_pass,cue_locked,round1::baseline_logistic_l2_1,0.5,VisualCogB_Task-2
VisualCogB_Task-2,23,-1,1,0.5232043039841753,raw_qc_pass,cue_locked,round1::baseline_logistic_l2_1,0.5,VisualCogB_Task-2
VisualCogB_Task-2,24,-1,-1,0.42949083939368576,raw_qc_pass,cue_locked,round1::baseline_logistic_l2_1,0.5,VisualCogB_Task-2
VisualCogB_Task-2,25,1,1,0.5090132884759156,raw_qc_pass,cue_locked,round1::baseline_logistic_l2_1,0.5,VisualCogB_Task-2
VisualCogB_Task-2,26,-1,-1,0.2912242549278946,raw_qc_pass,cue_locked,round1::baseline_logistic_l2_1,0.5,VisualCogB_Task-2
VisualCogB_Task-2,27,-1,-1,0.4536986413084813,raw_qc_pass,cue_locked,round1::baseline_logistic_l2_1,0.5,VisualCogB_Task-2
VisualCogB_Task-2,28,-1,1,0.5590936190022827,raw_qc_pass,cue_locked,round1::baseline_logistic_l2_1,0.5,VisualCogB_Task-2
VisualCogB_Task-2,29,1,-1,0.39676904773835897,raw_qc_pass,cue_locked,round1::baseline_logistic_l2_1,0.5,VisualCogB_Task-2
VisualCogB_Task-2,30,1,-1,0.4616491385698772,raw_qc_pass,cue_locked,round1::baseline_logistic_l2_1,0.5,VisualCogB_Task-2
VisualCogB_Task-2,31,1,-1,0.47256447360523635,raw_qc_pass,cue_locked,round1::baseline_logistic_l2_1,0.5,VisualCogB_Task-2
VisualCogB_Task-2,32,1,1,0.6176011306412902,raw_qc_pass,cue_locked,round1::baseline_logistic_l2_1,0.5,VisualCogB_Task-2
VisualCogB_Task-2,33,1,-1,0.44571325479883706,raw_qc_pass,cue_locked,round1::baseline_logistic_l2_1,0.5,VisualCogB_Task-2
VisualCogB_Task-2,34,-1,-1,0.4294779322922583,raw_qc_pass,cue_locked,round1::baseline_logistic_l2_1,0.5,VisualCogB_Task-2
VisualCogB_Task-2,35,1,-1,0.440870597989782,raw_qc_pass,cue_locked,round1::baseline_logistic_l2_1,0.5,VisualCogB_Task-2
VisualCogB_Task-2,36,-1,-1,0.3301796457325882,raw_qc_pass,cue_locked,round1::baseline_logistic_l2_1,0.5,VisualCogB_Task-2
VisualCogB_Task-2,37,-1,-1,0.4601679053814331,raw_qc_pass,cue_locked,round1::baseline_logistic_l2_1,0.5,VisualCogB_Task-2
VisualCogB_Task-2,38,1,-1,0.4539086607582969,raw_qc_pass,cue_locked,round1::baseline_logistic_l2_1,0.5,VisualCogB_Task-2
VisualCogB_Task-2,39,1,-1,0.39546705582403135,raw_qc_pass,cue_locked,round1::baseline_logistic_l2_1,0.5,VisualCogB_Task-2
VisualCogB_Task-2,40,1,1,0.507538762416351,raw_qc_pass,cue_locked,round1::baseline_logistic_l2_1,0.5,VisualCogB_Task-2
VisualCogB_Task-2,41,-1,1,0.6400423253152044,raw_qc_pass,cue_locked,round1::baseline_logistic_l2_1,0.5,VisualCogB_Task-2
VisualCogB_Task-2,43,1,-1,0.39112669929383004,raw_qc_pass,cue_locked,round1::baseline_logistic_l2_1,0.5,VisualCogB_Task-2
VisualCogB_Task-2,44,-1,-1,0.33634509433424997,raw_qc_pass,cue_locked,round1::baseline_logistic_l2_1,0.5,VisualCogB_Task-2
VisualCogB_Task-2,45,-1,-1,0.4964318279735737,raw_qc_pass,cue_locked,round1::baseline_logistic_l2_1,0.5,VisualCogB_Task-2
VisualCogB_Task-2,46,1,1,0.5238361091447188,raw_qc_pass,cue_locked,round1::baseline_logistic_l2_1,0.5,VisualCogB_Task-2
VisualCogB_Task-2,47,-1,-1,0.42389614086090405,raw_qc_pass,cue_locked,round1::baseline_logistic_l2_1,0.5,VisualCogB_Task-2
VisualCogB_Task-2,48,1,-1,0.36159319997170053,raw_qc_pass,cue_locked,round1::baseline_logistic_l2_1,0.5,VisualCogB_Task-2
VisualCogB_Task-2,50,-1,-1,0.4655292111236168,raw_qc_pass,cue_locked,round1::baseline_logistic_l2_1,0.5,VisualCogB_Task-2
VisualCogB_Task-2,51,-1,1,0.5105383577683421,raw_qc_pass,cue_locked,round1::baseline_logistic_l2_1,0.5,VisualCogB_Task-2
VisualCogB_Task-2,52,1,-1,0.3493937812458675,raw_qc_pass,cue_locked,round1::baseline_logistic_l2_1,0.5,VisualCogB_Task-2
VisualCogB_Task-2,54,1,1,0.5124565826572284,raw_qc_pass,cue_locked,round1::baseline_logistic_l2_1,0.5,VisualCogB_Task-2
VisualCogB_Task-2,55,-1,-1,0.4978268952632502,raw_qc_pass,cue_locked,round1::baseline_logistic_l2_1,0.5,VisualCogB_Task-2
VisualCogB_Task-2,56,-1,-1,0.4503744106259977,raw_qc_pass,cue_locked,round1::baseline_logistic_l2_1,0.5,VisualCogB_Task-2
VisualCogB_Task-2,57,-1,1,0.5959415371751031,raw_qc_pass,cue_locked,round1::baseline_logistic_l2_1,0.5,VisualCogB_Task-2
VisualCogB_Task-2,58,-1,-1,0.4820473054172989,raw_qc_pass,cue_locked,round1::baseline_logistic_l2_1,0.5,VisualCogB_Task-2
VisualCogB_Task-2,59,-1,-1,0.405771874171676,raw_qc_pass,cue_locked,round1::baseline_logistic_l2_1,0.5,VisualCogB_Task-2
VisualCogB_Task-2,60,-1,1,0.5014031356894223,raw_qc_pass,cue_locked,round1::baseline_logistic_l2_1,0.5,VisualCogB_Task-2
VisualCogB_Task-2,61,1,-1,0.4370411251327908,raw_qc_pass,cue_locked,round1::baseline_logistic_l2_1,0.5,VisualCogB_Task-2
VisualCogB_Task-2,62,-1,-1,0.46595328975847694,raw_qc_pass,cue_locked,round1::baseline_logistic_l2_1,0.5,VisualCogB_Task-2
VisualCogB_Task-2,63,-1,-1,0.30820469197618816,raw_qc_pass,cue_locked,round1::baseline_logistic_l2_1,0.5,VisualCogB_Task-2
VisualCogB_Task-2,64,1,-1,0.4844235364037361,raw_qc_pass,cue_locked,round1::baseline_logistic_l2_1,0.5,VisualCogB_Task-2
VisualCogB_Task-2,65,1,-1,0.4626411734647291,raw_qc_pass,cue_locked,round1::baseline_logistic_l2_1,0.5,VisualCogB_Task-2
VisualCogB_Task-2,66,1,-1,0.4198423709818228,raw_qc_pass,cue_locked,round1::baseline_logistic_l2_1,0.5,VisualCogB_Task-2
VisualCogB_Task-2,67,1,-1,0.39039302968677847,raw_qc_pass,cue_locked,round1::baseline_logistic_l2_1,0.5,VisualCogB_Task-2
VisualCogB_Task-2,68,-1,1,0.5356344507963935,raw_qc_pass,cue_locked,round1::baseline_logistic_l2_1,0.5,VisualCogB_Task-2
VisualCogB_Task-2,69,-1,1,0.6204617192297674,raw_qc_pass,cue_locked,round1::baseline_logistic_l2_1,0.5,VisualCogB_Task-2
VisualCogB_Task-2,70,1,-1,0.4496262542767826,raw_qc_pass,cue_locked,round1::baseline_logistic_l2_1,0.5,VisualCogB_Task-2
VisualCogB_Task-2,71,1,-1,0.42544189788154846,raw_qc_pass,cue_locked,round1::baseline_logistic_l2_1,0.5,VisualCogB_Task-2
VisualCogB_Task-2,72,1,-1,0.33921046020270196,raw_qc_pass,cue_locked,round1::baseline_logistic_l2_1,0.5,VisualCogB_Task-2
VisualCogB_Task-2,73,-1,-1,0.47344305525513547,raw_qc_pass,cue_locked,round1::baseline_logistic_l2_1,0.5,VisualCogB_Task-2
VisualCogB_Task-2,74,-1,-1,0.26405494488314074,raw_qc_pass,cue_locked,round1::baseline_logistic_l2_1,0.5,VisualCogB_Task-2
VisualCogB_Task-2,75,1,1,0.5919822595888922,raw_qc_pass,cue_locked,round1::baseline_logistic_l2_1,0.5,VisualCogB_Task-2
VisualCogB_Task-2,76,1,-1,0.4443306870147537,raw_qc_pass,cue_locked,round1::baseline_logistic_l2_1,0.5,VisualCogB_Task-2
VisualCogB_Task-2,77,-1,-1,0.3736572494600622,raw_qc_pass,cue_locked,round1::baseline_logistic_l2_1,0.5,VisualCogB_Task-2
VisualCogB_Task-2,78,-1,-1,0.39830500959979637,raw_qc_pass,cue_locked,round1::baseline_logistic_l2_1,0.5,VisualCogB_Task-2
VisualCogB_Task-2,79,-1,-1,0.3197846493856332,raw_qc_pass,cue_locked,round1::baseline_logistic_l2_1,0.5,VisualCogB_Task-2
VisualCogB_Task-2,80,1,1,0.5741831658509919,raw_qc_pass,cue_locked,round1::baseline_logistic_l2_1,0.5,VisualCogB_Task-2
VisualCogB_Task-2,82,1,1,0.6134080294572655,raw_qc_pass,cue_locked,round1::baseline_logistic_l2_1,0.5,VisualCogB_Task-2
VisualCogB_Task-2,83,-1,1,0.5419938989207053,raw_qc_pass,cue_locked,round1::baseline_logistic_l2_1,0.5,VisualCogB_Task-2
VisualCogB_Task-2,84,-1,1,0.564669410761784,raw_qc_pass,cue_locked,round1::baseline_logistic_l2_1,0.5,VisualCogB_Task-2
VisualCogB_Task-2,85,1,1,0.5617195266087219,raw_qc_pass,cue_locked,round1::baseline_logistic_l2_1,0.5,VisualCogB_Task-2
VisualCogB_Task-2,86,-1,1,0.5033437008138474,raw_qc_pass,cue_locked,round1::baseline_logistic_l2_1,0.5,VisualCogB_Task-2
VisualCogB_Task-2,87,1,-1,0.4954122306674861,raw_qc_pass,cue_locked,round1::baseline_logistic_l2_1,0.5,VisualCogB_Task-2
VisualCogB_Task-2,88,-1,1,0.5247995835805633,raw_qc_pass,cue_locked,round1::baseline_logistic_l2_1,0.5,VisualCogB_Task-2
VisualCogB_Task-2,89,1,-1,0.4719699165987724,raw_qc_pass,cue_locked,round1::baseline_logistic_l2_1,0.5,VisualCogB_Task-2
VisualCogB_Task-2,90,-1,-1,0.3874607009387445,raw_qc_pass,cue_locked,round1::baseline_logistic_l2_1,0.5,VisualCogB_Task-2
VisualCogB_Task-2,91,-1,-1,0.4474577518844999,raw_qc_pass,cue_locked,round1::baseline_logistic_l2_1,0.5,VisualCogB_Task-2
VisualCogB_Task-2,92,1,-1,0.4460206576312622,raw_qc_pass,cue_locked,round1::baseline_logistic_l2_1,0.5,VisualCogB_Task-2
VisualCogB_Task-2,93,-1,1,0.5746661281320825,raw_qc_pass,cue_locked,round1::baseline_logistic_l2_1,0.5,VisualCogB_Task-2
VisualCogB_Task-2,94,1,1,0.5720206077832898,raw_qc_pass,cue_locked,round1::baseline_logistic_l2_1,0.5,VisualCogB_Task-2
VisualCogB_Task-2,95,1,-1,0.4635812734483842,raw_qc_pass,cue_locked,round1::baseline_logistic_l2_1,0.5,VisualCogB_Task-2
VisualCogB_Task-2,96,-1,-1,0.46349832656453593,raw_qc_pass,cue_locked,round1::baseline_logistic_l2_1,0.5,VisualCogB_Task-2
VisualCogB_Task-2,97,-1,1,0.5302617066019693,raw_qc_pass,cue_locked,round1::baseline_logistic_l2_1,0.5,VisualCogB_Task-2
VisualCogB_Task-2,98,1,1,0.604086344947132,raw_qc_pass,cue_locked,round1::baseline_logistic_l2_1,0.5,VisualCogB_Task-2
VisualCogB_Task-2,99,-1,1,0.5851318430114778,raw_qc_pass,cue_locked,round1::baseline_logistic_l2_1,0.5,VisualCogB_Task-2
VisualCogA_Task-1,0,-1,1,0.525735703812191,q1_quality_matched,cue_locked,round1::baseline_logistic_l2_1,0.5,VisualCogA_Task-1
VisualCogA_Task-1,1,1,-1,0.4385508206355242,q1_quality_matched,cue_locked,round1::baseline_logistic_l2_1,0.5,VisualCogA_Task-1
VisualCogA_Task-1,4,1,-1,0.4802673376065026,q1_quality_matched,cue_locked,round1::baseline_logistic_l2_1,0.5,VisualCogA_Task-1
VisualCogA_Task-1,5,-1,1,0.5423881217061628,q1_quality_matched,cue_locked,round1::baseline_logistic_l2_1,0.5,VisualCogA_Task-1
VisualCogA_Task-1,6,-1,-1,0.46693559824139386,q1_quality_matched,cue_locked,round1::baseline_logistic_l2_1,0.5,VisualCogA_Task-1
VisualCogA_Task-1,7,-1,-1,0.4198456943754771,q1_quality_matched,cue_locked,round1::baseline_logistic_l2_1,0.5,VisualCogA_Task-1
VisualCogA_Task-1,8,1,1,0.5397728261950081,q1_quality_matched,cue_locked,round1::baseline_logistic_l2_1,0.5,VisualCogA_Task-1
VisualCogA_Task-1,9,1,1,0.5622444358910824,q1_quality_matched,cue_locked,round1::baseline_logistic_l2_1,0.5,VisualCogA_Task-1
VisualCogA_Task-1,10,1,-1,0.45852148272079385,q1_quality_matched,cue_locked,round1::baseline_logistic_l2_1,0.5,VisualCogA_Task-1
VisualCogA_Task-1,11,1,-1,0.4773678802163106,q1_quality_matched,cue_locked,round1::baseline_logistic_l2_1,0.5,VisualCogA_Task-1
VisualCogA_Task-1,12,-1,-1,0.4707952189957051,q1_quality_matched,cue_locked,round1::baseline_logistic_l2_1,0.5,VisualCogA_Task-1
VisualCogA_Task-1,15,-1,-1,0.4865067153802099,q1_quality_matched,cue_locked,round1::baseline_logistic_l2_1,0.5,VisualCogA_Task-1
VisualCogA_Task-1,16,1,-1,0.43243221863950415,q1_quality_matched,cue_locked,round1::baseline_logistic_l2_1,0.5,VisualCogA_Task-1
VisualCogA_Task-1,17,-1,-1,0.4787563324106539,q1_quality_matched,cue_locked,round1::baseline_logistic_l2_1,0.5,VisualCogA_Task-1
VisualCogA_Task-1,20,-1,-1,0.45665437148018695,q1_quality_matched,cue_locked,round1::baseline_logistic_l2_1,0.5,VisualCogA_Task-1
VisualCogA_Task-1,23,-1,-1,0.4879829521261639,q1_quality_matched,cue_locked,round1::baseline_logistic_l2_1,0.5,VisualCogA_Task-1
VisualCogA_Task-1,24,-1,1,0.5254344294950933,q1_quality_matched,cue_locked,round1::baseline_logistic_l2_1,0.5,VisualCogA_Task-1
VisualCogA_Task-1,28,-1,-1,0.4646435657469071,q1_quality_matched,cue_locked,round1::baseline_logistic_l2_1,0.5,VisualCogA_Task-1
VisualCogA_Task-1,29,-1,-1,0.4222137291328553,q1_quality_matched,cue_locked,round1::baseline_logistic_l2_1,0.5,VisualCogA_Task-1
VisualCogA_Task-1,30,-1,1,0.5146956661717677,q1_quality_matched,cue_locked,round1::baseline_logistic_l2_1,0.5,VisualCogA_Task-1
VisualCogA_Task-1,31,1,1,0.635143562455612,q1_quality_matched,cue_locked,round1::baseline_logistic_l2_1,0.5,VisualCogA_Task-1
VisualCogA_Task-1,32,1,-1,0.4873590001365272,q1_quality_matched,cue_locked,round1::baseline_logistic_l2_1,0.5,VisualCogA_Task-1
VisualCogA_Task-1,33,-1,-1,0.4752959596763343,q1_quality_matched,cue_locked,round1::baseline_logistic_l2_1,0.5,VisualCogA_Task-1
VisualCogA_Task-1,34,1,1,0.5313658355019187,q1_quality_matched,cue_locked,round1::baseline_logistic_l2_1,0.5,VisualCogA_Task-1
VisualCogA_Task-1,37,-1,-1,0.4473716708425948,q1_quality_matched,cue_locked,round1::baseline_logistic_l2_1,0.5,VisualCogA_Task-1
VisualCogA_Task-1,41,1,-1,0.44840118460980494,q1_quality_matched,cue_locked,round1::baseline_logistic_l2_1,0.5,VisualCogA_Task-1
VisualCogA_Task-1,44,-1,-1,0.48241615106637686,q1_quality_matched,cue_locked,round1::baseline_logistic_l2_1,0.5,VisualCogA_Task-1
VisualCogA_Task-1,46,-1,-1,0.43098245996554274,q1_quality_matched,cue_locked,round1::baseline_logistic_l2_1,0.5,VisualCogA_Task-1
VisualCogA_Task-1,48,-1,-1,0.47878170569946454,q1_quality_matched,cue_locked,round1::baseline_logistic_l2_1,0.5,VisualCogA_Task-1
VisualCogA_Task-1,49,-1,1,0.6328258071877308,q1_quality_matched,cue_locked,round1::baseline_logistic_l2_1,0.5,VisualCogA_Task-1
VisualCogA_Task-1,50,1,1,0.5142491263070282,q1_quality_matched,cue_locked,round1::baseline_logistic_l2_1,0.5,VisualCogA_Task-1
VisualCogA_Task-1,54,1,-1,0.4533063779260465,q1_quality_matched,cue_locked,round1::baseline_logistic_l2_1,0.5,VisualCogA_Task-1
VisualCogA_Task-1,55,-1,1,0.6162293257495008,q1_quality_matched,cue_locked,round1::baseline_logistic_l2_1,0.5,VisualCogA_Task-1
VisualCogA_Task-1,57,1,-1,0.45170468000229685,q1_quality_matched,cue_locked,round1::baseline_logistic_l2_1,0.5,VisualCogA_Task-1
VisualCogA_Task-1,60,1,-1,0.497926606312874,q1_quality_matched,cue_locked,round1::baseline_logistic_l2_1,0.5,VisualCogA_Task-1
VisualCogA_Task-1,64,-1,-1,0.48579278621261757,q1_quality_matched,cue_locked,round1::baseline_logistic_l2_1,0.5,VisualCogA_Task-1
VisualCogA_Task-1,66,-1,-1,0.40952056148103,q1_quality_matched,cue_locked,round1::baseline_logistic_l2_1,0.5,VisualCogA_Task-1
VisualCogA_Task-1,68,1,-1,0.45743237235035056,q1_quality_matched,cue_locked,round1::baseline_logistic_l2_1,0.5,VisualCogA_Task-1
VisualCogA_Task-1,69,1,1,0.6041109631221996,q1_quality_matched,cue_locked,round1::baseline_logistic_l2_1,0.5,VisualCogA_Task-1
VisualCogA_Task-1,71,1,-1,0.49656708263287597,q1_quality_matched,cue_locked,round1::baseline_logistic_l2_1,0.5,VisualCogA_Task-1
VisualCogA_Task-1,72,-1,1,0.5013499553425219,q1_quality_matched,cue_locked,round1::baseline_logistic_l2_1,0.5,VisualCogA_Task-1
VisualCogA_Task-1,73,1,-1,0.49121186185331595,q1_quality_matched,cue_locked,round1::baseline_logistic_l2_1,0.5,VisualCogA_Task-1
VisualCogA_Task-1,74,-1,1,0.5883668965684657,q1_quality_matched,cue_locked,round1::baseline_logistic_l2_1,0.5,VisualCogA_Task-1
VisualCogA_Task-1,75,1,-1,0.421810963256019,q1_quality_matched,cue_locked,round1::baseline_logistic_l2_1,0.5,VisualCogA_Task-1
VisualCogA_Task-1,78,-1,1,0.5622768352416408,q1_quality_matched,cue_locked,round1::baseline_logistic_l2_1,0.5,VisualCogA_Task-1
VisualCogA_Task-1,79,-1,1,0.5240092642704337,q1_quality_matched,cue_locked,round1::baseline_logistic_l2_1,0.5,VisualCogA_Task-1
VisualCogA_Task-1,81,1,1,0.5382547256865181,q1_quality_matched,cue_locked,round1::baseline_logistic_l2_1,0.5,VisualCogA_Task-1
VisualCogA_Task-1,84,-1,-1,0.4740264896364159,q1_quality_matched,cue_locked,round1::baseline_logistic_l2_1,0.5,VisualCogA_Task-1
VisualCogA_Task-1,89,1,1,0.5840043035731034,q1_quality_matched,cue_locked,round1::baseline_logistic_l2_1,0.5,VisualCogA_Task-1
VisualCogA_Task-1,90,-1,1,0.5388456511929182,q1_quality_matched,cue_locked,round1::baseline_logistic_l2_1,0.5,VisualCogA_Task-1
VisualCogA_Task-1,91,1,1,0.5055986606253968,q1_quality_matched,cue_locked,round1::baseline_logistic_l2_1,0.5,VisualCogA_Task-1
VisualCogA_Task-1,93,1,1,0.6219242402046383,q1_quality_matched,cue_locked,round1::baseline_logistic_l2_1,0.5,VisualCogA_Task-1
VisualCogA_Task-1,94,-1,1,0.612654798746981,q1_quality_matched,cue_locked,round1::baseline_logistic_l2_1,0.5,VisualCogA_Task-1
VisualCogA_Task-1,99,1,-1,0.4816926939290489,q1_quality_matched,cue_locked,round1::baseline_logistic_l2_1,0.5,VisualCogA_Task-1
VisualCogA_Task-2,0,1,1,0.5476392308742019,q1_quality_matched,cue_locked,round1::baseline_logistic_l2_1,0.5,VisualCogA_Task-2
VisualCogA_Task-2,1,-1,-1,0.4703321277046965,q1_quality_matched,cue_locked,round1::baseline_logistic_l2_1,0.5,VisualCogA_Task-2
VisualCogA_Task-2,2,-1,-1,0.3408812170670711,q1_quality_matched,cue_locked,round1::baseline_logistic_l2_1,0.5,VisualCogA_Task-2
VisualCogA_Task-2,3,-1,-1,0.47881690502412444,q1_quality_matched,cue_locked,round1::baseline_logistic_l2_1,0.5,VisualCogA_Task-2
VisualCogA_Task-2,4,1,-1,0.47326294075501835,q1_quality_matched,cue_locked,round1::baseline_logistic_l2_1,0.5,VisualCogA_Task-2
VisualCogA_Task-2,5,-1,1,0.5238149272194617,q1_quality_matched,cue_locked,round1::baseline_logistic_l2_1,0.5,VisualCogA_Task-2
VisualCogA_Task-2,6,1,1,0.5002512632322015,q1_quality_matched,cue_locked,round1::baseline_logistic_l2_1,0.5,VisualCogA_Task-2
VisualCogA_Task-2,7,1,1,0.5492993421483364,q1_quality_matched,cue_locked,round1::baseline_logistic_l2_1,0.5,VisualCogA_Task-2
VisualCogA_Task-2,8,-1,1,0.5417295498746597,q1_quality_matched,cue_locked,round1::baseline_logistic_l2_1,0.5,VisualCogA_Task-2
VisualCogA_Task-2,9,-1,1,0.6541890065787477,q1_quality_matched,cue_locked,round1::baseline_logistic_l2_1,0.5,VisualCogA_Task-2
VisualCogA_Task-2,10,1,1,0.5113120347830209,q1_quality_matched,cue_locked,round1::baseline_logistic_l2_1,0.5,VisualCogA_Task-2
VisualCogA_Task-2,11,1,1,0.7077437785675151,q1_quality_matched,cue_locked,round1::baseline_logistic_l2_1,0.5,VisualCogA_Task-2
VisualCogA_Task-2,12,1,-1,0.4078951158398088,q1_quality_matched,cue_locked,round1::baseline_logistic_l2_1,0.5,VisualCogA_Task-2
VisualCogA_Task-2,13,-1,-1,0.4411294770599659,q1_quality_matched,cue_locked,round1::baseline_logistic_l2_1,0.5,VisualCogA_Task-2
VisualCogA_Task-2,14,-1,-1,0.38282023659305725,q1_quality_matched,cue_locked,round1::baseline_logistic_l2_1,0.5,VisualCogA_Task-2
VisualCogA_Task-2,15,-1,-1,0.41046432455106197,q1_quality_matched,cue_locked,round1::baseline_logistic_l2_1,0.5,VisualCogA_Task-2
VisualCogA_Task-2,16,1,-1,0.3781951776196495,q1_quality_matched,cue_locked,round1::baseline_logistic_l2_1,0.5,VisualCogA_Task-2
VisualCogA_Task-2,17,1,-1,0.3453982295003652,q1_quality_matched,cue_locked,round1::baseline_logistic_l2_1,0.5,VisualCogA_Task-2
VisualCogA_Task-2,18,-1,-1,0.4251914829045041,q1_quality_matched,cue_locked,round1::baseline_logistic_l2_1,0.5,VisualCogA_Task-2
VisualCogA_Task-2,19,-1,1,0.5188535909097723,q1_quality_matched,cue_locked,round1::baseline_logistic_l2_1,0.5,VisualCogA_Task-2
VisualCogA_Task-2,20,1,-1,0.317072261204634,q1_quality_matched,cue_locked,round1::baseline_logistic_l2_1,0.5,VisualCogA_Task-2
VisualCogA_Task-2,21,-1,-1,0.33641735497385605,q1_quality_matched,cue_locked,round1::baseline_logistic_l2_1,0.5,VisualCogA_Task-2
VisualCogA_Task-2,23,1,-1,0.3978794217652595,q1_quality_matched,cue_locked,round1::baseline_logistic_l2_1,0.5,VisualCogA_Task-2
VisualCogA_Task-2,24,-1,-1,0.33596025311010136,q1_quality_matched,cue_locked,round1::baseline_logistic_l2_1,0.5,VisualCogA_Task-2
VisualCogA_Task-2,25,-1,1,0.5038473189451737,q1_quality_matched,cue_locked,round1::baseline_logistic_l2_1,0.5,VisualCogA_Task-2
VisualCogA_Task-2,26,1,-1,0.4180723319857183,q1_quality_matched,cue_locked,round1::baseline_logistic_l2_1,0.5,VisualCogA_Task-2
VisualCogA_Task-2,27,1,-1,0.4186477024567054,q1_quality_matched,cue_locked,round1::baseline_logistic_l2_1,0.5,VisualCogA_Task-2
VisualCogA_Task-2,28,1,1,0.5553706888476071,q1_quality_matched,cue_locked,round1::baseline_logistic_l2_1,0.5,VisualCogA_Task-2
VisualCogA_Task-2,31,-1,-1,0.4283637807605222,q1_quality_matched,cue_locked,round1::baseline_logistic_l2_1,0.5,VisualCogA_Task-2
VisualCogA_Task-2,35,1,-1,0.41208188250698413,q1_quality_matched,cue_locked,round1::baseline_logistic_l2_1,0.5,VisualCogA_Task-2
VisualCogA_Task-2,36,1,1,0.555863220595501,q1_quality_matched,cue_locked,round1::baseline_logistic_l2_1,0.5,VisualCogA_Task-2
VisualCogA_Task-2,37,-1,1,0.6456981049327257,q1_quality_matched,cue_locked,round1::baseline_logistic_l2_1,0.5,VisualCogA_Task-2
VisualCogA_Task-2,39,-1,1,0.5257371309713309,q1_quality_matched,cue_locked,round1::baseline_logistic_l2_1,0.5,VisualCogA_Task-2
VisualCogA_Task-2,41,-1,1,0.5201145749476539,q1_quality_matched,cue_locked,round1::baseline_logistic_l2_1,0.5,VisualCogA_Task-2
VisualCogA_Task-2,43,-1,-1,0.48144989994795284,q1_quality_matched,cue_locked,round1::baseline_logistic_l2_1,0.5,VisualCogA_Task-2
VisualCogA_Task-2,45,-1,-1,0.49033801236911156,q1_quality_matched,cue_locked,round1::baseline_logistic_l2_1,0.5,VisualCogA_Task-2
VisualCogA_Task-2,46,-1,1,0.5367823298543426,q1_quality_matched,cue_locked,round1::baseline_logistic_l2_1,0.5,VisualCogA_Task-2
VisualCogA_Task-2,47,-1,-1,0.3116866750077831,q1_quality_matched,cue_locked,round1::baseline_logistic_l2_1,0.5,VisualCogA_Task-2
VisualCogA_Task-2,48,1,-1,0.4602358521758117,q1_quality_matched,cue_locked,round1::baseline_logistic_l2_1,0.5,VisualCogA_Task-2
VisualCogA_Task-2,49,1,-1,0.35647832734061,q1_quality_matched,cue_locked,round1::baseline_logistic_l2_1,0.5,VisualCogA_Task-2
VisualCogA_Task-2,51,1,-1,0.4898055406504013,q1_quality_matched,cue_locked,round1::baseline_logistic_l2_1,0.5,VisualCogA_Task-2
VisualCogA_Task-2,52,1,-1,0.41891355103602473,q1_quality_matched,cue_locked,round1::baseline_logistic_l2_1,0.5,VisualCogA_Task-2
VisualCogA_Task-2,53,-1,-1,0.4610771571419642,q1_quality_matched,cue_locked,round1::baseline_logistic_l2_1,0.5,VisualCogA_Task-2
VisualCogA_Task-2,54,-1,-1,0.4281542421831253,q1_quality_matched,cue_locked,round1::baseline_logistic_l2_1,0.5,VisualCogA_Task-2
VisualCogA_Task-2,55,1,1,0.5383689982845573,q1_quality_matched,cue_locked,round1::baseline_logistic_l2_1,0.5,VisualCogA_Task-2
VisualCogA_Task-2,56,1,-1,0.4304306095728167,q1_quality_matched,cue_locked,round1::baseline_logistic_l2_1,0.5,VisualCogA_Task-2
VisualCogA_Task-2,57,1,-1,0.44099066542713533,q1_quality_matched,cue_locked,round1::baseline_logistic_l2_1,0.5,VisualCogA_Task-2
VisualCogA_Task-2,58,1,1,0.567671457716131,q1_quality_matched,cue_locked,round1::baseline_logistic_l2_1,0.5,VisualCogA_Task-2
VisualCogA_Task-2,60,-1,-1,0.4275490873769234,q1_quality_matched,cue_locked,round1::baseline_logistic_l2_1,0.5,VisualCogA_Task-2
VisualCogA_Task-2,63,-1,1,0.6032663767748322,q1_quality_matched,cue_locked,round1::baseline_logistic_l2_1,0.5,VisualCogA_Task-2
VisualCogA_Task-2,64,1,-1,0.38196069947178696,q1_quality_matched,cue_locked,round1::baseline_logistic_l2_1,0.5,VisualCogA_Task-2
VisualCogA_Task-2,65,-1,-1,0.41883843812602717,q1_quality_matched,cue_locked,round1::baseline_logistic_l2_1,0.5,VisualCogA_Task-2
VisualCogA_Task-2,66,1,1,0.6319102075666483,q1_quality_matched,cue_locked,round1::baseline_logistic_l2_1,0.5,VisualCogA_Task-2
VisualCogA_Task-2,68,-1,-1,0.41004465649541955,q1_quality_matched,cue_locked,round1::baseline_logistic_l2_1,0.5,VisualCogA_Task-2
VisualCogA_Task-2,69,-1,1,0.5938450745442277,q1_quality_matched,cue_locked,round1::baseline_logistic_l2_1,0.5,VisualCogA_Task-2
VisualCogA_Task-2,70,1,-1,0.36741683564401223,q1_quality_matched,cue_locked,round1::baseline_logistic_l2_1,0.5,VisualCogA_Task-2
VisualCogA_Task-2,71,1,-1,0.38524496288061405,q1_quality_matched,cue_locked,round1::baseline_logistic_l2_1,0.5,VisualCogA_Task-2
VisualCogA_Task-2,72,1,-1,0.3574740569259697,q1_quality_matched,cue_locked,round1::baseline_logistic_l2_1,0.5,VisualCogA_Task-2
VisualCogA_Task-2,73,1,1,0.5559977052557687,q1_quality_matched,cue_locked,round1::baseline_logistic_l2_1,0.5,VisualCogA_Task-2
VisualCogA_Task-2,74,-1,-1,0.45520503895252523,q1_quality_matched,cue_locked,round1::baseline_logistic_l2_1,0.5,VisualCogA_Task-2
VisualCogA_Task-2,75,-1,-1,0.48486926336192143,q1_quality_matched,cue_locked,round1::baseline_logistic_l2_1,0.5,VisualCogA_Task-2
VisualCogA_Task-2,76,-1,-1,0.43016610154826296,q1_quality_matched,cue_locked,round1::baseline_logistic_l2_1,0.5,VisualCogA_Task-2
VisualCogA_Task-2,78,-1,1,0.6018613733539598,q1_quality_matched,cue_locked,round1::baseline_logistic_l2_1,0.5,VisualCogA_Task-2
VisualCogA_Task-2,80,-1,-1,0.46407573329631385,q1_quality_matched,cue_locked,round1::baseline_logistic_l2_1,0.5,VisualCogA_Task-2
VisualCogA_Task-2,81,1,-1,0.4841039852953361,q1_quality_matched,cue_locked,round1::baseline_logistic_l2_1,0.5,VisualCogA_Task-2
VisualCogA_Task-2,82,1,1,0.5264721710261314,q1_quality_matched,cue_locked,round1::baseline_logistic_l2_1,0.5,VisualCogA_Task-2
VisualCogA_Task-2,83,-1,1,0.5461628816895301,q1_quality_matched,cue_locked,round1::baseline_logistic_l2_1,0.5,VisualCogA_Task-2
VisualCogA_Task-2,84,1,1,0.5548397425957678,q1_quality_matched,cue_locked,round1::baseline_logistic_l2_1,0.5,VisualCogA_Task-2
VisualCogA_Task-2,86,-1,1,0.5245952651746161,q1_quality_matched,cue_locked,round1::baseline_logistic_l2_1,0.5,VisualCogA_Task-2
VisualCogA_Task-2,87,1,1,0.7609067381730827,q1_quality_matched,cue_locked,round1::baseline_logistic_l2_1,0.5,VisualCogA_Task-2
VisualCogA_Task-2,88,-1,1,0.6273819848669908,q1_quality_matched,cue_locked,round1::baseline_logistic_l2_1,0.5,VisualCogA_Task-2
VisualCogA_Task-2,89,-1,1,0.542081401174733,q1_quality_matched,cue_locked,round1::baseline_logistic_l2_1,0.5,VisualCogA_Task-2
VisualCogA_Task-2,90,-1,-1,0.46266705522393947,q1_quality_matched,cue_locked,round1::baseline_logistic_l2_1,0.5,VisualCogA_Task-2
VisualCogA_Task-2,91,-1,1,0.5767935103098787,q1_quality_matched,cue_locked,round1::baseline_logistic_l2_1,0.5,VisualCogA_Task-2
VisualCogA_Task-2,92,1,-1,0.4723375911975918,q1_quality_matched,cue_locked,round1::baseline_logistic_l2_1,0.5,VisualCogA_Task-2
VisualCogA_Task-2,94,-1,1,0.5909692547558482,q1_quality_matched,cue_locked,round1::baseline_logistic_l2_1,0.5,VisualCogA_Task-2
VisualCogA_Task-2,95,-1,1,0.5618760892482709,q1_quality_matched,cue_locked,round1::baseline_logistic_l2_1,0.5,VisualCogA_Task-2
VisualCogA_Task-2,96,-1,1,0.5995068594400199,q1_quality_matched,cue_locked,round1::baseline_logistic_l2_1,0.5,VisualCogA_Task-2
VisualCogA_Task-2,97,-1,-1,0.3567338272496773,q1_quality_matched,cue_locked,round1::baseline_logistic_l2_1,0.5,VisualCogA_Task-2
VisualCogA_Task-2,98,-1,-1,0.47305742773968756,q1_quality_matched,cue_locked,round1::baseline_logistic_l2_1,0.5,VisualCogA_Task-2
VisualCogB_Task-1,0,-1,-1,0.3875066186892336,q1_quality_matched,cue_locked,round1::baseline_logistic_l2_1,0.5,VisualCogB_Task-1
VisualCogB_Task-1,1,-1,-1,0.467206163657548,q1_quality_matched,cue_locked,round1::baseline_logistic_l2_1,0.5,VisualCogB_Task-1
VisualCogB_Task-1,2,1,-1,0.4411370801480684,q1_quality_matched,cue_locked,round1::baseline_logistic_l2_1,0.5,VisualCogB_Task-1
VisualCogB_Task-1,3,-1,1,0.5220557538158093,q1_quality_matched,cue_locked,round1::baseline_logistic_l2_1,0.5,VisualCogB_Task-1
VisualCogB_Task-1,4,1,1,0.5325282585261499,q1_quality_matched,cue_locked,round1::baseline_logistic_l2_1,0.5,VisualCogB_Task-1
VisualCogB_Task-1,6,1,1,0.5072429636184206,q1_quality_matched,cue_locked,round1::baseline_logistic_l2_1,0.5,VisualCogB_Task-1
VisualCogB_Task-1,7,-1,-1,0.4130087936344981,q1_quality_matched,cue_locked,round1::baseline_logistic_l2_1,0.5,VisualCogB_Task-1
VisualCogB_Task-1,8,-1,1,0.5346749905418744,q1_quality_matched,cue_locked,round1::baseline_logistic_l2_1,0.5,VisualCogB_Task-1
VisualCogB_Task-1,9,-1,1,0.5167681928692186,q1_quality_matched,cue_locked,round1::baseline_logistic_l2_1,0.5,VisualCogB_Task-1
VisualCogB_Task-1,10,1,1,0.5302492595756754,q1_quality_matched,cue_locked,round1::baseline_logistic_l2_1,0.5,VisualCogB_Task-1
VisualCogB_Task-1,11,-1,-1,0.4244150334131925,q1_quality_matched,cue_locked,round1::baseline_logistic_l2_1,0.5,VisualCogB_Task-1
VisualCogB_Task-1,12,1,-1,0.4208446178515535,q1_quality_matched,cue_locked,round1::baseline_logistic_l2_1,0.5,VisualCogB_Task-1
VisualCogB_Task-1,14,-1,-1,0.47159070635320494,q1_quality_matched,cue_locked,round1::baseline_logistic_l2_1,0.5,VisualCogB_Task-1
VisualCogB_Task-1,15,1,1,0.5810422285045211,q1_quality_matched,cue_locked,round1::baseline_logistic_l2_1,0.5,VisualCogB_Task-1
VisualCogB_Task-1,16,-1,-1,0.4751263199694255,q1_quality_matched,cue_locked,round1::baseline_logistic_l2_1,0.5,VisualCogB_Task-1
VisualCogB_Task-1,17,-1,-1,0.4983989848990094,q1_quality_matched,cue_locked,round1::baseline_logistic_l2_1,0.5,VisualCogB_Task-1
VisualCogB_Task-1,18,1,-1,0.49959712848824545,q1_quality_matched,cue_locked,round1::baseline_logistic_l2_1,0.5,VisualCogB_Task-1
VisualCogB_Task-1,19,-1,-1,0.3594144803617327,q1_quality_matched,cue_locked,round1::baseline_logistic_l2_1,0.5,VisualCogB_Task-1
VisualCogB_Task-1,20,1,-1,0.4585163522030608,q1_quality_matched,cue_locked,round1::baseline_logistic_l2_1,0.5,VisualCogB_Task-1
VisualCogB_Task-1,21,1,-1,0.286837718950332,q1_quality_matched,cue_locked,round1::baseline_logistic_l2_1,0.5,VisualCogB_Task-1
VisualCogB_Task-1,23,1,-1,0.2908942277579284,q1_quality_matched,cue_locked,round1::baseline_logistic_l2_1,0.5,VisualCogB_Task-1
VisualCogB_Task-1,25,1,-1,0.45970677420305583,q1_quality_matched,cue_locked,round1::baseline_logistic_l2_1,0.5,VisualCogB_Task-1
VisualCogB_Task-1,26,1,1,0.5755755075629427,q1_quality_matched,cue_locked,round1::baseline_logistic_l2_1,0.5,VisualCogB_Task-1
VisualCogB_Task-1,27,1,-1,0.43609839354884716,q1_quality_matched,cue_locked,round1::baseline_logistic_l2_1,0.5,VisualCogB_Task-1
VisualCogB_Task-1,28,1,-1,0.44174706999268504,q1_quality_matched,cue_locked,round1::baseline_logistic_l2_1,0.5,VisualCogB_Task-1
VisualCogB_Task-1,29,-1,-1,0.35901031927812815,q1_quality_matched,cue_locked,round1::baseline_logistic_l2_1,0.5,VisualCogB_Task-1
VisualCogB_Task-1,30,1,-1,0.3611432990097004,q1_quality_matched,cue_locked,round1::baseline_logistic_l2_1,0.5,VisualCogB_Task-1
VisualCogB_Task-1,31,-1,1,0.7941792129821866,q1_quality_matched,cue_locked,round1::baseline_logistic_l2_1,0.5,VisualCogB_Task-1
VisualCogB_Task-1,32,-1,-1,0.44731949474974825,q1_quality_matched,cue_locked,round1::baseline_logistic_l2_1,0.5,VisualCogB_Task-1
VisualCogB_Task-1,33,1,1,0.6062433618014754,q1_quality_matched,cue_locked,round1::baseline_logistic_l2_1,0.5,VisualCogB_Task-1
VisualCogB_Task-1,34,-1,-1,0.2715936070086677,q1_quality_matched,cue_locked,round1::baseline_logistic_l2_1,0.5,VisualCogB_Task-1
VisualCogB_Task-1,36,-1,-1,0.40254368523656736,q1_quality_matched,cue_locked,round1::baseline_logistic_l2_1,0.5,VisualCogB_Task-1
VisualCogB_Task-1,37,-1,1,0.6403084101476019,q1_quality_matched,cue_locked,round1::baseline_logistic_l2_1,0.5,VisualCogB_Task-1
VisualCogB_Task-1,38,1,1,0.5685738833238049,q1_quality_matched,cue_locked,round1::baseline_logistic_l2_1,0.5,VisualCogB_Task-1
VisualCogB_Task-1,39,1,1,0.5709703943982736,q1_quality_matched,cue_locked,round1::baseline_logistic_l2_1,0.5,VisualCogB_Task-1
VisualCogB_Task-1,40,-1,1,0.5223380669790316,q1_quality_matched,cue_locked,round1::baseline_logistic_l2_1,0.5,VisualCogB_Task-1
VisualCogB_Task-1,41,1,-1,0.2521587298010261,q1_quality_matched,cue_locked,round1::baseline_logistic_l2_1,0.5,VisualCogB_Task-1
VisualCogB_Task-1,42,1,-1,0.4229520449949452,q1_quality_matched,cue_locked,round1::baseline_logistic_l2_1,0.5,VisualCogB_Task-1
VisualCogB_Task-1,43,1,1,0.6209977759032979,q1_quality_matched,cue_locked,round1::baseline_logistic_l2_1,0.5,VisualCogB_Task-1
VisualCogB_Task-1,44,1,-1,0.4576669546188921,q1_quality_matched,cue_locked,round1::baseline_logistic_l2_1,0.5,VisualCogB_Task-1
VisualCogB_Task-1,47,1,-1,0.3026606546904239,q1_quality_matched,cue_locked,round1::baseline_logistic_l2_1,0.5,VisualCogB_Task-1
VisualCogB_Task-1,48,1,1,0.5268331833282444,q1_quality_matched,cue_locked,round1::baseline_logistic_l2_1,0.5,VisualCogB_Task-1
VisualCogB_Task-1,49,-1,1,0.791754345138654,q1_quality_matched,cue_locked,round1::baseline_logistic_l2_1,0.5,VisualCogB_Task-1
VisualCogB_Task-1,50,1,1,0.5781270307481143,q1_quality_matched,cue_locked,round1::baseline_logistic_l2_1,0.5,VisualCogB_Task-1
VisualCogB_Task-1,51,-1,-1,0.3846892734669112,q1_quality_matched,cue_locked,round1::baseline_logistic_l2_1,0.5,VisualCogB_Task-1
VisualCogB_Task-1,52,1,1,0.5496150507021829,q1_quality_matched,cue_locked,round1::baseline_logistic_l2_1,0.5,VisualCogB_Task-1
VisualCogB_Task-1,54,1,1,0.5484378351023657,q1_quality_matched,cue_locked,round1::baseline_logistic_l2_1,0.5,VisualCogB_Task-1
VisualCogB_Task-1,55,-1,1,0.5070926259326458,q1_quality_matched,cue_locked,round1::baseline_logistic_l2_1,0.5,VisualCogB_Task-1
VisualCogB_Task-1,56,1,1,0.6271743934718871,q1_quality_matched,cue_locked,round1::baseline_logistic_l2_1,0.5,VisualCogB_Task-1
VisualCogB_Task-1,58,1,-1,0.47957899477357624,q1_quality_matched,cue_locked,round1::baseline_logistic_l2_1,0.5,VisualCogB_Task-1
VisualCogB_Task-1,59,1,1,0.5556886009183258,q1_quality_matched,cue_locked,round1::baseline_logistic_l2_1,0.5,VisualCogB_Task-1
VisualCogB_Task-1,60,-1,1,0.5886028786827695,q1_quality_matched,cue_locked,round1::baseline_logistic_l2_1,0.5,VisualCogB_Task-1
VisualCogB_Task-1,61,-1,1,0.6313487307328023,q1_quality_matched,cue_locked,round1::baseline_logistic_l2_1,0.5,VisualCogB_Task-1
VisualCogB_Task-1,63,-1,1,0.5331540497588745,q1_quality_matched,cue_locked,round1::baseline_logistic_l2_1,0.5,VisualCogB_Task-1
VisualCogB_Task-1,64,-1,1,0.5714010455686124,q1_quality_matched,cue_locked,round1::baseline_logistic_l2_1,0.5,VisualCogB_Task-1
VisualCogB_Task-1,66,1,-1,0.44608041765931805,q1_quality_matched,cue_locked,round1::baseline_logistic_l2_1,0.5,VisualCogB_Task-1
VisualCogB_Task-1,67,1,1,0.6199223797019086,q1_quality_matched,cue_locked,round1::baseline_logistic_l2_1,0.5,VisualCogB_Task-1
VisualCogB_Task-1,68,-1,-1,0.49299119820032583,q1_quality_matched,cue_locked,round1::baseline_logistic_l2_1,0.5,VisualCogB_Task-1
VisualCogB_Task-1,69,-1,1,0.5248614158034122,q1_quality_matched,cue_locked,round1::baseline_logistic_l2_1,0.5,VisualCogB_Task-1
VisualCogB_Task-1,71,1,1,0.6639589642241256,q1_quality_matched,cue_locked,round1::baseline_logistic_l2_1,0.5,VisualCogB_Task-1
VisualCogB_Task-1,72,-1,1,0.5404135956894544,q1_quality_matched,cue_locked,round1::baseline_logistic_l2_1,0.5,VisualCogB_Task-1
VisualCogB_Task-1,73,-1,1,0.6383578963102623,q1_quality_matched,cue_locked,round1::baseline_logistic_l2_1,0.5,VisualCogB_Task-1
VisualCogB_Task-1,74,1,-1,0.42890224357067225,q1_quality_matched,cue_locked,round1::baseline_logistic_l2_1,0.5,VisualCogB_Task-1
VisualCogB_Task-1,75,-1,-1,0.27166554342501575,q1_quality_matched,cue_locked,round1::baseline_logistic_l2_1,0.5,VisualCogB_Task-1
VisualCogB_Task-1,76,-1,1,0.6313871066945612,q1_quality_matched,cue_locked,round1::baseline_logistic_l2_1,0.5,VisualCogB_Task-1
VisualCogB_Task-1,78,1,-1,0.44820326226855933,q1_quality_matched,cue_locked,round1::baseline_logistic_l2_1,0.5,VisualCogB_Task-1
VisualCogB_Task-1,79,-1,-1,0.3849730488987877,q1_quality_matched,cue_locked,round1::baseline_logistic_l2_1,0.5,VisualCogB_Task-1
VisualCogB_Task-1,80,-1,-1,0.41926047185396653,q1_quality_matched,cue_locked,round1::baseline_logistic_l2_1,0.5,VisualCogB_Task-1
VisualCogB_Task-1,81,1,-1,0.40648085245631016,q1_quality_matched,cue_locked,round1::baseline_logistic_l2_1,0.5,VisualCogB_Task-1
VisualCogB_Task-1,82,-1,1,0.5690953270348161,q1_quality_matched,cue_locked,round1::baseline_logistic_l2_1,0.5,VisualCogB_Task-1
VisualCogB_Task-1,83,-1,-1,0.48903014556274044,q1_quality_matched,cue_locked,round1::baseline_logistic_l2_1,0.5,VisualCogB_Task-1
VisualCogB_Task-1,85,-1,-1,0.4704066866180665,q1_quality_matched,cue_locked,round1::baseline_logistic_l2_1,0.5,VisualCogB_Task-1
VisualCogB_Task-1,86,-1,1,0.503633661310002,q1_quality_matched,cue_locked,round1::baseline_logistic_l2_1,0.5,VisualCogB_Task-1
VisualCogB_Task-1,88,-1,-1,0.10858745651908859,q1_quality_matched,cue_locked,round1::baseline_logistic_l2_1,0.5,VisualCogB_Task-1
VisualCogB_Task-1,89,-1,-1,0.4974806472915915,q1_quality_matched,cue_locked,round1::baseline_logistic_l2_1,0.5,VisualCogB_Task-1
VisualCogB_Task-1,90,1,-1,0.46999211141832836,q1_quality_matched,cue_locked,round1::baseline_logistic_l2_1,0.5,VisualCogB_Task-1
VisualCogB_Task-1,92,-1,-1,0.49391198322101504,q1_quality_matched,cue_locked,round1::baseline_logistic_l2_1,0.5,VisualCogB_Task-1
VisualCogB_Task-1,93,1,1,0.5522592815682246,q1_quality_matched,cue_locked,round1::baseline_logistic_l2_1,0.5,VisualCogB_Task-1
VisualCogB_Task-1,94,-1,1,0.5714969768556096,q1_quality_matched,cue_locked,round1::baseline_logistic_l2_1,0.5,VisualCogB_Task-1
VisualCogB_Task-1,95,1,-1,0.44965823364201474,q1_quality_matched,cue_locked,round1::baseline_logistic_l2_1,0.5,VisualCogB_Task-1
VisualCogB_Task-1,97,1,1,0.562337989305226,q1_quality_matched,cue_locked,round1::baseline_logistic_l2_1,0.5,VisualCogB_Task-1
VisualCogB_Task-1,98,1,-1,0.30749353560469633,q1_quality_matched,cue_locked,round1::baseline_logistic_l2_1,0.5,VisualCogB_Task-1
VisualCogB_Task-1,99,1,1,0.6536225659815093,q1_quality_matched,cue_locked,round1::baseline_logistic_l2_1,0.5,VisualCogB_Task-1
VisualCogB_Task-2,0,-1,-1,0.45281715183333165,q1_quality_matched,cue_locked,round1::baseline_logistic_l2_1,0.5,VisualCogB_Task-2
VisualCogB_Task-2,2,-1,-1,0.3812449972224702,q1_quality_matched,cue_locked,round1::baseline_logistic_l2_1,0.5,VisualCogB_Task-2
VisualCogB_Task-2,3,1,-1,0.24359638965597438,q1_quality_matched,cue_locked,round1::baseline_logistic_l2_1,0.5,VisualCogB_Task-2
VisualCogB_Task-2,4,-1,-1,0.4371012751203798,q1_quality_matched,cue_locked,round1::baseline_logistic_l2_1,0.5,VisualCogB_Task-2
VisualCogB_Task-2,5,1,-1,0.34939399670163235,q1_quality_matched,cue_locked,round1::baseline_logistic_l2_1,0.5,VisualCogB_Task-2
VisualCogB_Task-2,7,1,-1,0.48964303049343366,q1_quality_matched,cue_locked,round1::baseline_logistic_l2_1,0.5,VisualCogB_Task-2
VisualCogB_Task-2,8,1,-1,0.3298910002718239,q1_quality_matched,cue_locked,round1::baseline_logistic_l2_1,0.5,VisualCogB_Task-2
VisualCogB_Task-2,10,1,-1,0.46634385479137663,q1_quality_matched,cue_locked,round1::baseline_logistic_l2_1,0.5,VisualCogB_Task-2
VisualCogB_Task-2,11,1,-1,0.431000522338866,q1_quality_matched,cue_locked,round1::baseline_logistic_l2_1,0.5,VisualCogB_Task-2
VisualCogB_Task-2,12,1,1,0.5307758315977863,q1_quality_matched,cue_locked,round1::baseline_logistic_l2_1,0.5,VisualCogB_Task-2
VisualCogB_Task-2,16,-1,1,0.6202748779026126,q1_quality_matched,cue_locked,round1::baseline_logistic_l2_1,0.5,VisualCogB_Task-2
VisualCogB_Task-2,17,1,1,0.5105355355057983,q1_quality_matched,cue_locked,round1::baseline_logistic_l2_1,0.5,VisualCogB_Task-2
VisualCogB_Task-2,18,1,-1,0.4737618164426563,q1_quality_matched,cue_locked,round1::baseline_logistic_l2_1,0.5,VisualCogB_Task-2
VisualCogB_Task-2,20,1,1,0.6028664489262539,q1_quality_matched,cue_locked,round1::baseline_logistic_l2_1,0.5,VisualCogB_Task-2
VisualCogB_Task-2,21,1,-1,0.48541644101580894,q1_quality_matched,cue_locked,round1::baseline_logistic_l2_1,0.5,VisualCogB_Task-2
VisualCogB_Task-2,23,-1,1,0.5598845502010831,q1_quality_matched,cue_locked,round1::baseline_logistic_l2_1,0.5,VisualCogB_Task-2
VisualCogB_Task-2,24,-1,-1,0.40479532451794625,q1_quality_matched,cue_locked,round1::baseline_logistic_l2_1,0.5,VisualCogB_Task-2
VisualCogB_Task-2,25,1,1,0.5013204636996801,q1_quality_matched,cue_locked,round1::baseline_logistic_l2_1,0.5,VisualCogB_Task-2
VisualCogB_Task-2,26,-1,-1,0.2595040673032874,q1_quality_matched,cue_locked,round1::baseline_logistic_l2_1,0.5,VisualCogB_Task-2
VisualCogB_Task-2,27,-1,1,0.5082762375185502,q1_quality_matched,cue_locked,round1::baseline_logistic_l2_1,0.5,VisualCogB_Task-2
VisualCogB_Task-2,28,-1,1,0.5374758393261542,q1_quality_matched,cue_locked,round1::baseline_logistic_l2_1,0.5,VisualCogB_Task-2
VisualCogB_Task-2,29,1,-1,0.4101992365034101,q1_quality_matched,cue_locked,round1::baseline_logistic_l2_1,0.5,VisualCogB_Task-2
VisualCogB_Task-2,30,1,-1,0.3868292094179422,q1_quality_matched,cue_locked,round1::baseline_logistic_l2_1,0.5,VisualCogB_Task-2
VisualCogB_Task-2,31,1,-1,0.3765048718083787,q1_quality_matched,cue_locked,round1::baseline_logistic_l2_1,0.5,VisualCogB_Task-2
VisualCogB_Task-2,32,1,1,0.5786309045978041,q1_quality_matched,cue_locked,round1::baseline_logistic_l2_1,0.5,VisualCogB_Task-2
VisualCogB_Task-2,33,1,-1,0.48763453621611885,q1_quality_matched,cue_locked,round1::baseline_logistic_l2_1,0.5,VisualCogB_Task-2
VisualCogB_Task-2,34,-1,-1,0.39267789611628173,q1_quality_matched,cue_locked,round1::baseline_logistic_l2_1,0.5,VisualCogB_Task-2
VisualCogB_Task-2,35,1,1,0.5237758410770982,q1_quality_matched,cue_locked,round1::baseline_logistic_l2_1,0.5,VisualCogB_Task-2
VisualCogB_Task-2,36,-1,-1,0.34230438166487476,q1_quality_matched,cue_locked,round1::baseline_logistic_l2_1,0.5,VisualCogB_Task-2
VisualCogB_Task-2,37,-1,-1,0.4807633005900352,q1_quality_matched,cue_locked,round1::baseline_logistic_l2_1,0.5,VisualCogB_Task-2
VisualCogB_Task-2,38,1,1,0.5160270797874362,q1_quality_matched,cue_locked,round1::baseline_logistic_l2_1,0.5,VisualCogB_Task-2
VisualCogB_Task-2,39,1,-1,0.3377934865592378,q1_quality_matched,cue_locked,round1::baseline_logistic_l2_1,0.5,VisualCogB_Task-2
VisualCogB_Task-2,40,1,-1,0.4129945475227918,q1_quality_matched,cue_locked,round1::baseline_logistic_l2_1,0.5,VisualCogB_Task-2
VisualCogB_Task-2,41,-1,1,0.6311466217191053,q1_quality_matched,cue_locked,round1::baseline_logistic_l2_1,0.5,VisualCogB_Task-2
VisualCogB_Task-2,43,1,-1,0.3926484140262665,q1_quality_matched,cue_locked,round1::baseline_logistic_l2_1,0.5,VisualCogB_Task-2
VisualCogB_Task-2,44,-1,-1,0.3515566821003704,q1_quality_matched,cue_locked,round1::baseline_logistic_l2_1,0.5,VisualCogB_Task-2
VisualCogB_Task-2,45,-1,-1,0.4584102306331071,q1_quality_matched,cue_locked,round1::baseline_logistic_l2_1,0.5,VisualCogB_Task-2
VisualCogB_Task-2,46,1,1,0.5340332451673669,q1_quality_matched,cue_locked,round1::baseline_logistic_l2_1,0.5,VisualCogB_Task-2
VisualCogB_Task-2,47,-1,-1,0.3490622708757443,q1_quality_matched,cue_locked,round1::baseline_logistic_l2_1,0.5,VisualCogB_Task-2
VisualCogB_Task-2,48,1,-1,0.4348701920290466,q1_quality_matched,cue_locked,round1::baseline_logistic_l2_1,0.5,VisualCogB_Task-2
VisualCogB_Task-2,50,-1,1,0.5045973034392859,q1_quality_matched,cue_locked,round1::baseline_logistic_l2_1,0.5,VisualCogB_Task-2
VisualCogB_Task-2,51,-1,1,0.5397742023779231,q1_quality_matched,cue_locked,round1::baseline_logistic_l2_1,0.5,VisualCogB_Task-2
VisualCogB_Task-2,52,1,-1,0.3917094529912478,q1_quality_matched,cue_locked,round1::baseline_logistic_l2_1,0.5,VisualCogB_Task-2
VisualCogB_Task-2,54,1,1,0.5368333516520414,q1_quality_matched,cue_locked,round1::baseline_logistic_l2_1,0.5,VisualCogB_Task-2
VisualCogB_Task-2,57,-1,1,0.563748054630817,q1_quality_matched,cue_locked,round1::baseline_logistic_l2_1,0.5,VisualCogB_Task-2
VisualCogB_Task-2,59,-1,-1,0.36756776999302637,q1_quality_matched,cue_locked,round1::baseline_logistic_l2_1,0.5,VisualCogB_Task-2
VisualCogB_Task-2,60,-1,1,0.5299026702211532,q1_quality_matched,cue_locked,round1::baseline_logistic_l2_1,0.5,VisualCogB_Task-2
VisualCogB_Task-2,61,1,-1,0.4431663382150312,q1_quality_matched,cue_locked,round1::baseline_logistic_l2_1,0.5,VisualCogB_Task-2
VisualCogB_Task-2,62,-1,-1,0.4203054224682801,q1_quality_matched,cue_locked,round1::baseline_logistic_l2_1,0.5,VisualCogB_Task-2
VisualCogB_Task-2,63,-1,-1,0.2786728185004909,q1_quality_matched,cue_locked,round1::baseline_logistic_l2_1,0.5,VisualCogB_Task-2
VisualCogB_Task-2,64,1,1,0.5158107253795904,q1_quality_matched,cue_locked,round1::baseline_logistic_l2_1,0.5,VisualCogB_Task-2
VisualCogB_Task-2,66,1,-1,0.4466881324813021,q1_quality_matched,cue_locked,round1::baseline_logistic_l2_1,0.5,VisualCogB_Task-2
VisualCogB_Task-2,67,1,-1,0.46720945125220575,q1_quality_matched,cue_locked,round1::baseline_logistic_l2_1,0.5,VisualCogB_Task-2
VisualCogB_Task-2,68,-1,-1,0.4781690020469946,q1_quality_matched,cue_locked,round1::baseline_logistic_l2_1,0.5,VisualCogB_Task-2
VisualCogB_Task-2,69,-1,1,0.7414731296465586,q1_quality_matched,cue_locked,round1::baseline_logistic_l2_1,0.5,VisualCogB_Task-2
VisualCogB_Task-2,70,1,-1,0.36915895801231075,q1_quality_matched,cue_locked,round1::baseline_logistic_l2_1,0.5,VisualCogB_Task-2
VisualCogB_Task-2,71,1,-1,0.42372492068128687,q1_quality_matched,cue_locked,round1::baseline_logistic_l2_1,0.5,VisualCogB_Task-2
VisualCogB_Task-2,72,1,-1,0.3211349363280833,q1_quality_matched,cue_locked,round1::baseline_logistic_l2_1,0.5,VisualCogB_Task-2
VisualCogB_Task-2,73,-1,-1,0.42443163828913866,q1_quality_matched,cue_locked,round1::baseline_logistic_l2_1,0.5,VisualCogB_Task-2
VisualCogB_Task-2,74,-1,-1,0.19791354511465062,q1_quality_matched,cue_locked,round1::baseline_logistic_l2_1,0.5,VisualCogB_Task-2
VisualCogB_Task-2,75,1,-1,0.46722173780388526,q1_quality_matched,cue_locked,round1::baseline_logistic_l2_1,0.5,VisualCogB_Task-2
VisualCogB_Task-2,76,1,-1,0.4937989684362027,q1_quality_matched,cue_locked,round1::baseline_logistic_l2_1,0.5,VisualCogB_Task-2
VisualCogB_Task-2,77,-1,-1,0.47867951916668866,q1_quality_matched,cue_locked,round1::baseline_logistic_l2_1,0.5,VisualCogB_Task-2
VisualCogB_Task-2,79,-1,-1,0.32235406469258704,q1_quality_matched,cue_locked,round1::baseline_logistic_l2_1,0.5,VisualCogB_Task-2
VisualCogB_Task-2,82,1,1,0.5886549370133622,q1_quality_matched,cue_locked,round1::baseline_logistic_l2_1,0.5,VisualCogB_Task-2
VisualCogB_Task-2,83,-1,1,0.5383529998801027,q1_quality_matched,cue_locked,round1::baseline_logistic_l2_1,0.5,VisualCogB_Task-2
VisualCogB_Task-2,85,1,1,0.5060032215708313,q1_quality_matched,cue_locked,round1::baseline_logistic_l2_1,0.5,VisualCogB_Task-2
VisualCogB_Task-2,86,-1,-1,0.45083763315096986,q1_quality_matched,cue_locked,round1::baseline_logistic_l2_1,0.5,VisualCogB_Task-2
VisualCogB_Task-2,87,1,1,0.5574072496752325,q1_quality_matched,cue_locked,round1::baseline_logistic_l2_1,0.5,VisualCogB_Task-2
VisualCogB_Task-2,88,-1,-1,0.3931736291344448,q1_quality_matched,cue_locked,round1::baseline_logistic_l2_1,0.5,VisualCogB_Task-2
VisualCogB_Task-2,89,1,1,0.5397380852933527,q1_quality_matched,cue_locked,round1::baseline_logistic_l2_1,0.5,VisualCogB_Task-2
VisualCogB_Task-2,91,-1,1,0.5325234948675085,q1_quality_matched,cue_locked,round1::baseline_logistic_l2_1,0.5,VisualCogB_Task-2
VisualCogB_Task-2,92,1,-1,0.4613448272124653,q1_quality_matched,cue_locked,round1::baseline_logistic_l2_1,0.5,VisualCogB_Task-2
VisualCogB_Task-2,93,-1,1,0.5867672708124754,q1_quality_matched,cue_locked,round1::baseline_logistic_l2_1,0.5,VisualCogB_Task-2
VisualCogB_Task-2,94,1,1,0.5119729451315066,q1_quality_matched,cue_locked,round1::baseline_logistic_l2_1,0.5,VisualCogB_Task-2
VisualCogB_Task-2,95,1,-1,0.3207945231062123,q1_quality_matched,cue_locked,round1::baseline_logistic_l2_1,0.5,VisualCogB_Task-2
VisualCogB_Task-2,96,-1,1,0.5683696297080979,q1_quality_matched,cue_locked,round1::baseline_logistic_l2_1,0.5,VisualCogB_Task-2
VisualCogB_Task-2,97,-1,1,0.5565034015938878,q1_quality_matched,cue_locked,round1::baseline_logistic_l2_1,0.5,VisualCogB_Task-2
VisualCogB_Task-2,98,1,1,0.505984544068269,q1_quality_matched,cue_locked,round1::baseline_logistic_l2_1,0.5,VisualCogB_Task-2
VisualCogB_Task-2,99,-1,1,0.5746638108582662,q1_quality_matched,cue_locked,round1::baseline_logistic_l2_1,0.5,VisualCogB_Task-2
VisualCogA_Task-1,0,-1,1,0.5286832087061369,raw_qc_pass,target_locked,round1::baseline_logistic_l2_1,0.5,VisualCogA_Task-1
VisualCogA_Task-1,1,1,-1,0.3536103493330776,raw_qc_pass,target_locked,round1::baseline_logistic_l2_1,0.5,VisualCogA_Task-1
VisualCogA_Task-1,2,-1,1,0.5816714417917314,raw_qc_pass,target_locked,round1::baseline_logistic_l2_1,0.5,VisualCogA_Task-1
VisualCogA_Task-1,3,-1,-1,0.3418323381978879,raw_qc_pass,target_locked,round1::baseline_logistic_l2_1,0.5,VisualCogA_Task-1
VisualCogA_Task-1,4,1,1,0.8171274504453993,raw_qc_pass,target_locked,round1::baseline_logistic_l2_1,0.5,VisualCogA_Task-1
VisualCogA_Task-1,5,-1,1,0.6877963280997246,raw_qc_pass,target_locked,round1::baseline_logistic_l2_1,0.5,VisualCogA_Task-1
VisualCogA_Task-1,6,-1,-1,0.4467039618974719,raw_qc_pass,target_locked,round1::baseline_logistic_l2_1,0.5,VisualCogA_Task-1
VisualCogA_Task-1,7,-1,-1,0.4947752745317421,raw_qc_pass,target_locked,round1::baseline_logistic_l2_1,0.5,VisualCogA_Task-1
VisualCogA_Task-1,8,1,1,0.5639337283684969,raw_qc_pass,target_locked,round1::baseline_logistic_l2_1,0.5,VisualCogA_Task-1
VisualCogA_Task-1,9,1,-1,0.4407458194562025,raw_qc_pass,target_locked,round1::baseline_logistic_l2_1,0.5,VisualCogA_Task-1
VisualCogA_Task-1,10,1,-1,0.28139207089750334,raw_qc_pass,target_locked,round1::baseline_logistic_l2_1,0.5,VisualCogA_Task-1
VisualCogA_Task-1,11,1,-1,0.27861847520603683,raw_qc_pass,target_locked,round1::baseline_logistic_l2_1,0.5,VisualCogA_Task-1
VisualCogA_Task-1,12,-1,-1,0.4424146096439265,raw_qc_pass,target_locked,round1::baseline_logistic_l2_1,0.5,VisualCogA_Task-1
VisualCogA_Task-1,13,-1,1,0.5338510813743176,raw_qc_pass,target_locked,round1::baseline_logistic_l2_1,0.5,VisualCogA_Task-1
VisualCogA_Task-1,14,1,-1,0.4493807022734542,raw_qc_pass,target_locked,round1::baseline_logistic_l2_1,0.5,VisualCogA_Task-1
VisualCogA_Task-1,15,-1,1,0.7103701661621938,raw_qc_pass,target_locked,round1::baseline_logistic_l2_1,0.5,VisualCogA_Task-1
VisualCogA_Task-1,16,1,-1,0.4779546098274181,raw_qc_pass,target_locked,round1::baseline_logistic_l2_1,0.5,VisualCogA_Task-1
VisualCogA_Task-1,17,-1,1,0.6403684912400627,raw_qc_pass,target_locked,round1::baseline_logistic_l2_1,0.5,VisualCogA_Task-1
VisualCogA_Task-1,18,-1,-1,0.35090911318675444,raw_qc_pass,target_locked,round1::baseline_logistic_l2_1,0.5,VisualCogA_Task-1
VisualCogA_Task-1,19,1,1,0.5012673857128411,raw_qc_pass,target_locked,round1::baseline_logistic_l2_1,0.5,VisualCogA_Task-1
VisualCogA_Task-1,20,-1,1,0.5266902347566529,raw_qc_pass,target_locked,round1::baseline_logistic_l2_1,0.5,VisualCogA_Task-1
VisualCogA_Task-1,21,-1,-1,0.3907160784056427,raw_qc_pass,target_locked,round1::baseline_logistic_l2_1,0.5,VisualCogA_Task-1
VisualCogA_Task-1,22,1,-1,0.3871819122773474,raw_qc_pass,target_locked,round1::baseline_logistic_l2_1,0.5,VisualCogA_Task-1
VisualCogA_Task-1,23,-1,1,0.5488531316352823,raw_qc_pass,target_locked,round1::baseline_logistic_l2_1,0.5,VisualCogA_Task-1
VisualCogA_Task-1,24,-1,1,0.577519500541054,raw_qc_pass,target_locked,round1::baseline_logistic_l2_1,0.5,VisualCogA_Task-1
VisualCogA_Task-1,25,1,1,0.5407218659256646,raw_qc_pass,target_locked,round1::baseline_logistic_l2_1,0.5,VisualCogA_Task-1
VisualCogA_Task-1,26,1,-1,0.3237128850239364,raw_qc_pass,target_locked,round1::baseline_logistic_l2_1,0.5,VisualCogA_Task-1
VisualCogA_Task-1,27,-1,-1,0.28534786017373776,raw_qc_pass,target_locked,round1::baseline_logistic_l2_1,0.5,VisualCogA_Task-1
VisualCogA_Task-1,28,-1,-1,0.32077655844092096,raw_qc_pass,target_locked,round1::baseline_logistic_l2_1,0.5,VisualCogA_Task-1
VisualCogA_Task-1,29,-1,1,0.5902441725002205,raw_qc_pass,target_locked,round1::baseline_logistic_l2_1,0.5,VisualCogA_Task-1
VisualCogA_Task-1,30,-1,-1,0.48048317132128776,raw_qc_pass,target_locked,round1::baseline_logistic_l2_1,0.5,VisualCogA_Task-1
VisualCogA_Task-1,31,1,-1,0.3984357786386896,raw_qc_pass,target_locked,round1::baseline_logistic_l2_1,0.5,VisualCogA_Task-1
VisualCogA_Task-1,32,1,1,0.6116609700360701,raw_qc_pass,target_locked,round1::baseline_logistic_l2_1,0.5,VisualCogA_Task-1
VisualCogA_Task-1,33,-1,-1,0.3028465448878923,raw_qc_pass,target_locked,round1::baseline_logistic_l2_1,0.5,VisualCogA_Task-1
VisualCogA_Task-1,34,1,1,0.5539362255840578,raw_qc_pass,target_locked,round1::baseline_logistic_l2_1,0.5,VisualCogA_Task-1
VisualCogA_Task-1,35,-1,1,0.5268790449133083,raw_qc_pass,target_locked,round1::baseline_logistic_l2_1,0.5,VisualCogA_Task-1
VisualCogA_Task-1,36,-1,-1,0.39637694571911447,raw_qc_pass,target_locked,round1::baseline_logistic_l2_1,0.5,VisualCogA_Task-1
VisualCogA_Task-1,37,-1,-1,0.43478676996140575,raw_qc_pass,target_locked,round1::baseline_logistic_l2_1,0.5,VisualCogA_Task-1
VisualCogA_Task-1,38,-1,-1,0.4512392622040349,raw_qc_pass,target_locked,round1::baseline_logistic_l2_1,0.5,VisualCogA_Task-1
VisualCogA_Task-1,39,-1,-1,0.42894332701316323,raw_qc_pass,target_locked,round1::baseline_logistic_l2_1,0.5,VisualCogA_Task-1
VisualCogA_Task-1,40,-1,1,0.5726673667618957,raw_qc_pass,target_locked,round1::baseline_logistic_l2_1,0.5,VisualCogA_Task-1
VisualCogA_Task-1,41,1,1,0.5909501363391723,raw_qc_pass,target_locked,round1::baseline_logistic_l2_1,0.5,VisualCogA_Task-1
VisualCogA_Task-1,42,-1,1,0.7150615499462117,raw_qc_pass,target_locked,round1::baseline_logistic_l2_1,0.5,VisualCogA_Task-1
VisualCogA_Task-1,43,1,1,0.5730767737223408,raw_qc_pass,target_locked,round1::baseline_logistic_l2_1,0.5,VisualCogA_Task-1
VisualCogA_Task-1,44,-1,1,0.6380475261216131,raw_qc_pass,target_locked,round1::baseline_logistic_l2_1,0.5,VisualCogA_Task-1
VisualCogA_Task-1,45,-1,1,0.6116141661472215,raw_qc_pass,target_locked,round1::baseline_logistic_l2_1,0.5,VisualCogA_Task-1
VisualCogA_Task-1,46,-1,-1,0.3100877885036578,raw_qc_pass,target_locked,round1::baseline_logistic_l2_1,0.5,VisualCogA_Task-1
VisualCogA_Task-1,47,1,-1,0.3579112500749274,raw_qc_pass,target_locked,round1::baseline_logistic_l2_1,0.5,VisualCogA_Task-1
VisualCogA_Task-1,48,-1,1,0.5858771099750351,raw_qc_pass,target_locked,round1::baseline_logistic_l2_1,0.5,VisualCogA_Task-1
VisualCogA_Task-1,49,-1,1,0.5462319111913339,raw_qc_pass,target_locked,round1::baseline_logistic_l2_1,0.5,VisualCogA_Task-1
VisualCogA_Task-1,50,1,1,0.6090949290788145,raw_qc_pass,target_locked,round1::baseline_logistic_l2_1,0.5,VisualCogA_Task-1
VisualCogA_Task-1,51,1,1,0.6003876553800978,raw_qc_pass,target_locked,round1::baseline_logistic_l2_1,0.5,VisualCogA_Task-1
VisualCogA_Task-1,52,1,1,0.56968784665215,raw_qc_pass,target_locked,round1::baseline_logistic_l2_1,0.5,VisualCogA_Task-1
VisualCogA_Task-1,53,-1,-1,0.38232047933036145,raw_qc_pass,target_locked,round1::baseline_logistic_l2_1,0.5,VisualCogA_Task-1
VisualCogA_Task-1,54,1,1,0.5282559003209063,raw_qc_pass,target_locked,round1::baseline_logistic_l2_1,0.5,VisualCogA_Task-1
VisualCogA_Task-1,55,-1,-1,0.39931472571580323,raw_qc_pass,target_locked,round1::baseline_logistic_l2_1,0.5,VisualCogA_Task-1
VisualCogA_Task-1,56,-1,-1,0.44671045106493507,raw_qc_pass,target_locked,round1::baseline_logistic_l2_1,0.5,VisualCogA_Task-1
VisualCogA_Task-1,57,1,1,0.5511860799398915,raw_qc_pass,target_locked,round1::baseline_logistic_l2_1,0.5,VisualCogA_Task-1
VisualCogA_Task-1,58,1,-1,0.4030648803571437,raw_qc_pass,target_locked,round1::baseline_logistic_l2_1,0.5,VisualCogA_Task-1
VisualCogA_Task-1,59,-1,1,0.6859067090290697,raw_qc_pass,target_locked,round1::baseline_logistic_l2_1,0.5,VisualCogA_Task-1
VisualCogA_Task-1,60,1,-1,0.4332451090447313,raw_qc_pass,target_locked,round1::baseline_logistic_l2_1,0.5,VisualCogA_Task-1
VisualCogA_Task-1,61,-1,-1,0.4788500467166146,raw_qc_pass,target_locked,round1::baseline_logistic_l2_1,0.5,VisualCogA_Task-1
VisualCogA_Task-1,62,1,-1,0.34956912399436696,raw_qc_pass,target_locked,round1::baseline_logistic_l2_1,0.5,VisualCogA_Task-1
VisualCogA_Task-1,63,1,-1,0.44501211228584137,raw_qc_pass,target_locked,round1::baseline_logistic_l2_1,0.5,VisualCogA_Task-1
VisualCogA_Task-1,64,-1,1,0.6700772986827569,raw_qc_pass,target_locked,round1::baseline_logistic_l2_1,0.5,VisualCogA_Task-1
VisualCogA_Task-1,65,1,1,0.7130101302518081,raw_qc_pass,target_locked,round1::baseline_logistic_l2_1,0.5,VisualCogA_Task-1
VisualCogA_Task-1,66,-1,1,0.56678435944633,raw_qc_pass,target_locked,round1::baseline_logistic_l2_1,0.5,VisualCogA_Task-1
VisualCogA_Task-1,67,-1,1,0.614452672368255,raw_qc_pass,target_locked,round1::baseline_logistic_l2_1,0.5,VisualCogA_Task-1
VisualCogA_Task-1,68,1,1,0.5575427842163254,raw_qc_pass,target_locked,round1::baseline_logistic_l2_1,0.5,VisualCogA_Task-1
VisualCogA_Task-1,69,1,-1,0.4971765731268242,raw_qc_pass,target_locked,round1::baseline_logistic_l2_1,0.5,VisualCogA_Task-1
VisualCogA_Task-1,70,-1,1,0.6167420405407406,raw_qc_pass,target_locked,round1::baseline_logistic_l2_1,0.5,VisualCogA_Task-1
VisualCogA_Task-1,71,1,-1,0.4085368394699424,raw_qc_pass,target_locked,round1::baseline_logistic_l2_1,0.5,VisualCogA_Task-1
VisualCogA_Task-1,72,-1,-1,0.37019994143251317,raw_qc_pass,target_locked,round1::baseline_logistic_l2_1,0.5,VisualCogA_Task-1
VisualCogA_Task-1,73,1,-1,0.31026120168850285,raw_qc_pass,target_locked,round1::baseline_logistic_l2_1,0.5,VisualCogA_Task-1
VisualCogA_Task-1,74,-1,1,0.5255698525364791,raw_qc_pass,target_locked,round1::baseline_logistic_l2_1,0.5,VisualCogA_Task-1
VisualCogA_Task-1,75,1,-1,0.4164326042303488,raw_qc_pass,target_locked,round1::baseline_logistic_l2_1,0.5,VisualCogA_Task-1
VisualCogA_Task-1,76,-1,1,0.5544482961483327,raw_qc_pass,target_locked,round1::baseline_logistic_l2_1,0.5,VisualCogA_Task-1
VisualCogA_Task-1,77,-1,1,0.5492174493731153,raw_qc_pass,target_locked,round1::baseline_logistic_l2_1,0.5,VisualCogA_Task-1
VisualCogA_Task-1,78,-1,-1,0.36459915492026135,raw_qc_pass,target_locked,round1::baseline_logistic_l2_1,0.5,VisualCogA_Task-1
VisualCogA_Task-1,79,-1,-1,0.3944082116731335,raw_qc_pass,target_locked,round1::baseline_logistic_l2_1,0.5,VisualCogA_Task-1
VisualCogA_Task-1,80,-1,-1,0.4110082742710312,raw_qc_pass,target_locked,round1::baseline_logistic_l2_1,0.5,VisualCogA_Task-1
VisualCogA_Task-1,81,1,1,0.7113160929179427,raw_qc_pass,target_locked,round1::baseline_logistic_l2_1,0.5,VisualCogA_Task-1
VisualCogA_Task-1,82,-1,-1,0.4569902190052406,raw_qc_pass,target_locked,round1::baseline_logistic_l2_1,0.5,VisualCogA_Task-1
VisualCogA_Task-1,83,1,1,0.5701613476898982,raw_qc_pass,target_locked,round1::baseline_logistic_l2_1,0.5,VisualCogA_Task-1
VisualCogA_Task-1,84,-1,-1,0.4276681271758707,raw_qc_pass,target_locked,round1::baseline_logistic_l2_1,0.5,VisualCogA_Task-1
VisualCogA_Task-1,85,1,-1,0.34670249473385845,raw_qc_pass,target_locked,round1::baseline_logistic_l2_1,0.5,VisualCogA_Task-1
VisualCogA_Task-1,86,1,1,0.5445580519621263,raw_qc_pass,target_locked,round1::baseline_logistic_l2_1,0.5,VisualCogA_Task-1
VisualCogA_Task-1,87,1,-1,0.4905512446348362,raw_qc_pass,target_locked,round1::baseline_logistic_l2_1,0.5,VisualCogA_Task-1
VisualCogA_Task-1,88,1,1,0.6196256424935113,raw_qc_pass,target_locked,round1::baseline_logistic_l2_1,0.5,VisualCogA_Task-1
VisualCogA_Task-1,89,1,1,0.6138894026380654,raw_qc_pass,target_locked,round1::baseline_logistic_l2_1,0.5,VisualCogA_Task-1
VisualCogA_Task-1,90,-1,-1,0.39073453894813365,raw_qc_pass,target_locked,round1::baseline_logistic_l2_1,0.5,VisualCogA_Task-1
VisualCogA_Task-1,91,1,-1,0.4453381150803343,raw_qc_pass,target_locked,round1::baseline_logistic_l2_1,0.5,VisualCogA_Task-1
VisualCogA_Task-1,92,1,1,0.7182305504607497,raw_qc_pass,target_locked,round1::baseline_logistic_l2_1,0.5,VisualCogA_Task-1
VisualCogA_Task-1,93,1,1,0.5162703566551613,raw_qc_pass,target_locked,round1::baseline_logistic_l2_1,0.5,VisualCogA_Task-1
VisualCogA_Task-1,94,-1,1,0.571811702372267,raw_qc_pass,target_locked,round1::baseline_logistic_l2_1,0.5,VisualCogA_Task-1
VisualCogA_Task-1,95,1,-1,0.49619159771950133,raw_qc_pass,target_locked,round1::baseline_logistic_l2_1,0.5,VisualCogA_Task-1
VisualCogA_Task-1,96,1,-1,0.46229680805260537,raw_qc_pass,target_locked,round1::baseline_logistic_l2_1,0.5,VisualCogA_Task-1
VisualCogA_Task-1,97,-1,1,0.6431132064865389,raw_qc_pass,target_locked,round1::baseline_logistic_l2_1,0.5,VisualCogA_Task-1
VisualCogA_Task-1,98,-1,-1,0.369971970117645,raw_qc_pass,target_locked,round1::baseline_logistic_l2_1,0.5,VisualCogA_Task-1
VisualCogA_Task-1,99,1,-1,0.45011745248855145,raw_qc_pass,target_locked,round1::baseline_logistic_l2_1,0.5,VisualCogA_Task-1
VisualCogA_Task-2,0,1,-1,0.4303376437973479,raw_qc_pass,target_locked,round1::baseline_logistic_l2_1,0.5,VisualCogA_Task-2
VisualCogA_Task-2,1,-1,-1,0.3555322492301663,raw_qc_pass,target_locked,round1::baseline_logistic_l2_1,0.5,VisualCogA_Task-2
VisualCogA_Task-2,2,-1,-1,0.40251312236881504,raw_qc_pass,target_locked,round1::baseline_logistic_l2_1,0.5,VisualCogA_Task-2
VisualCogA_Task-2,3,-1,-1,0.39727789195676527,raw_qc_pass,target_locked,round1::baseline_logistic_l2_1,0.5,VisualCogA_Task-2
VisualCogA_Task-2,4,1,-1,0.41392125793825907,raw_qc_pass,target_locked,round1::baseline_logistic_l2_1,0.5,VisualCogA_Task-2
VisualCogA_Task-2,5,-1,1,0.5344182288570097,raw_qc_pass,target_locked,round1::baseline_logistic_l2_1,0.5,VisualCogA_Task-2
VisualCogA_Task-2,6,1,1,0.5126576152494109,raw_qc_pass,target_locked,round1::baseline_logistic_l2_1,0.5,VisualCogA_Task-2
VisualCogA_Task-2,7,1,-1,0.3598585258331936,raw_qc_pass,target_locked,round1::baseline_logistic_l2_1,0.5,VisualCogA_Task-2
VisualCogA_Task-2,8,-1,-1,0.3815453991690191,raw_qc_pass,target_locked,round1::baseline_logistic_l2_1,0.5,VisualCogA_Task-2
VisualCogA_Task-2,9,-1,-1,0.19874825894860082,raw_qc_pass,target_locked,round1::baseline_logistic_l2_1,0.5,VisualCogA_Task-2
VisualCogA_Task-2,10,1,-1,0.49924240682482585,raw_qc_pass,target_locked,round1::baseline_logistic_l2_1,0.5,VisualCogA_Task-2
VisualCogA_Task-2,11,1,-1,0.4743525721926097,raw_qc_pass,target_locked,round1::baseline_logistic_l2_1,0.5,VisualCogA_Task-2
VisualCogA_Task-2,12,1,-1,0.31303792015632187,raw_qc_pass,target_locked,round1::baseline_logistic_l2_1,0.5,VisualCogA_Task-2
VisualCogA_Task-2,13,-1,-1,0.46894546923402514,raw_qc_pass,target_locked,round1::baseline_logistic_l2_1,0.5,VisualCogA_Task-2
VisualCogA_Task-2,14,-1,-1,0.3771477793503213,raw_qc_pass,target_locked,round1::baseline_logistic_l2_1,0.5,VisualCogA_Task-2
VisualCogA_Task-2,15,-1,-1,0.21728777518168793,raw_qc_pass,target_locked,round1::baseline_logistic_l2_1,0.5,VisualCogA_Task-2
VisualCogA_Task-2,16,1,1,0.6043551570266475,raw_qc_pass,target_locked,round1::baseline_logistic_l2_1,0.5,VisualCogA_Task-2
VisualCogA_Task-2,17,1,-1,0.40258157386575305,raw_qc_pass,target_locked,round1::baseline_logistic_l2_1,0.5,VisualCogA_Task-2
VisualCogA_Task-2,18,-1,-1,0.3851395927438051,raw_qc_pass,target_locked,round1::baseline_logistic_l2_1,0.5,VisualCogA_Task-2
VisualCogA_Task-2,19,-1,-1,0.3989107210737082,raw_qc_pass,target_locked,round1::baseline_logistic_l2_1,0.5,VisualCogA_Task-2
VisualCogA_Task-2,20,1,-1,0.24809000104627982,raw_qc_pass,target_locked,round1::baseline_logistic_l2_1,0.5,VisualCogA_Task-2
VisualCogA_Task-2,21,-1,1,0.5551770143742707,raw_qc_pass,target_locked,round1::baseline_logistic_l2_1,0.5,VisualCogA_Task-2
VisualCogA_Task-2,22,1,-1,0.40082918098878695,raw_qc_pass,target_locked,round1::baseline_logistic_l2_1,0.5,VisualCogA_Task-2
VisualCogA_Task-2,23,1,1,0.6059562819205431,raw_qc_pass,target_locked,round1::baseline_logistic_l2_1,0.5,VisualCogA_Task-2
VisualCogA_Task-2,24,-1,-1,0.4174510786509808,raw_qc_pass,target_locked,round1::baseline_logistic_l2_1,0.5,VisualCogA_Task-2
VisualCogA_Task-2,25,-1,-1,0.23645540267407356,raw_qc_pass,target_locked,round1::baseline_logistic_l2_1,0.5,VisualCogA_Task-2
VisualCogA_Task-2,26,1,1,0.5014848624348445,raw_qc_pass,target_locked,round1::baseline_logistic_l2_1,0.5,VisualCogA_Task-2
VisualCogA_Task-2,27,1,-1,0.4432955096445532,raw_qc_pass,target_locked,round1::baseline_logistic_l2_1,0.5,VisualCogA_Task-2
VisualCogA_Task-2,28,1,-1,0.4717811866626167,raw_qc_pass,target_locked,round1::baseline_logistic_l2_1,0.5,VisualCogA_Task-2
VisualCogA_Task-2,29,-1,-1,0.36772727545455985,raw_qc_pass,target_locked,round1::baseline_logistic_l2_1,0.5,VisualCogA_Task-2
VisualCogA_Task-2,31,-1,-1,0.26729324173264646,raw_qc_pass,target_locked,round1::baseline_logistic_l2_1,0.5,VisualCogA_Task-2
VisualCogA_Task-2,32,1,-1,0.30136516163378146,raw_qc_pass,target_locked,round1::baseline_logistic_l2_1,0.5,VisualCogA_Task-2
VisualCogA_Task-2,34,-1,1,0.6101328292108915,raw_qc_pass,target_locked,round1::baseline_logistic_l2_1,0.5,VisualCogA_Task-2
VisualCogA_Task-2,35,1,-1,0.4334546039517408,raw_qc_pass,target_locked,round1::baseline_logistic_l2_1,0.5,VisualCogA_Task-2
VisualCogA_Task-2,36,1,-1,0.4754498045651679,raw_qc_pass,target_locked,round1::baseline_logistic_l2_1,0.5,VisualCogA_Task-2
VisualCogA_Task-2,37,-1,-1,0.4887359806411807,raw_qc_pass,target_locked,round1::baseline_logistic_l2_1,0.5,VisualCogA_Task-2
VisualCogA_Task-2,38,1,-1,0.3799757376137896,raw_qc_pass,target_locked,round1::baseline_logistic_l2_1,0.5,VisualCogA_Task-2
VisualCogA_Task-2,39,-1,1,0.5690352306922841,raw_qc_pass,target_locked,round1::baseline_logistic_l2_1,0.5,VisualCogA_Task-2
VisualCogA_Task-2,40,-1,-1,0.41511172536048463,raw_qc_pass,target_locked,round1::baseline_logistic_l2_1,0.5,VisualCogA_Task-2
VisualCogA_Task-2,41,-1,1,0.5172491068826264,raw_qc_pass,target_locked,round1::baseline_logistic_l2_1,0.5,VisualCogA_Task-2
VisualCogA_Task-2,42,-1,1,0.6920182892437702,raw_qc_pass,target_locked,round1::baseline_logistic_l2_1,0.5,VisualCogA_Task-2
VisualCogA_Task-2,43,-1,-1,0.3506010369740799,raw_qc_pass,target_locked,round1::baseline_logistic_l2_1,0.5,VisualCogA_Task-2
VisualCogA_Task-2,44,-1,1,0.5337695287194038,raw_qc_pass,target_locked,round1::baseline_logistic_l2_1,0.5,VisualCogA_Task-2
VisualCogA_Task-2,45,-1,-1,0.2541291119380183,raw_qc_pass,target_locked,round1::baseline_logistic_l2_1,0.5,VisualCogA_Task-2
VisualCogA_Task-2,46,-1,1,0.5943821534222986,raw_qc_pass,target_locked,round1::baseline_logistic_l2_1,0.5,VisualCogA_Task-2
VisualCogA_Task-2,47,-1,-1,0.45068748921783597,raw_qc_pass,target_locked,round1::baseline_logistic_l2_1,0.5,VisualCogA_Task-2
VisualCogA_Task-2,48,1,-1,0.43075237106094555,raw_qc_pass,target_locked,round1::baseline_logistic_l2_1,0.5,VisualCogA_Task-2
VisualCogA_Task-2,49,1,-1,0.4030157757855811,raw_qc_pass,target_locked,round1::baseline_logistic_l2_1,0.5,VisualCogA_Task-2
VisualCogA_Task-2,50,-1,1,0.6559350029362522,raw_qc_pass,target_locked,round1::baseline_logistic_l2_1,0.5,VisualCogA_Task-2
VisualCogA_Task-2,51,1,1,0.5006445038408721,raw_qc_pass,target_locked,round1::baseline_logistic_l2_1,0.5,VisualCogA_Task-2
VisualCogA_Task-2,52,1,-1,0.3716684596259552,raw_qc_pass,target_locked,round1::baseline_logistic_l2_1,0.5,VisualCogA_Task-2
VisualCogA_Task-2,53,-1,-1,0.43519979759568894,raw_qc_pass,target_locked,round1::baseline_logistic_l2_1,0.5,VisualCogA_Task-2
VisualCogA_Task-2,54,-1,1,0.5984994664862537,raw_qc_pass,target_locked,round1::baseline_logistic_l2_1,0.5,VisualCogA_Task-2
VisualCogA_Task-2,55,1,-1,0.3925290280052035,raw_qc_pass,target_locked,round1::baseline_logistic_l2_1,0.5,VisualCogA_Task-2
VisualCogA_Task-2,56,1,1,0.803117031526763,raw_qc_pass,target_locked,round1::baseline_logistic_l2_1,0.5,VisualCogA_Task-2
VisualCogA_Task-2,57,1,-1,0.3071991492488436,raw_qc_pass,target_locked,round1::baseline_logistic_l2_1,0.5,VisualCogA_Task-2
VisualCogA_Task-2,58,1,1,0.6272199160859416,raw_qc_pass,target_locked,round1::baseline_logistic_l2_1,0.5,VisualCogA_Task-2
VisualCogA_Task-2,59,1,-1,0.36357269944011106,raw_qc_pass,target_locked,round1::baseline_logistic_l2_1,0.5,VisualCogA_Task-2
VisualCogA_Task-2,60,-1,1,0.6236663171121697,raw_qc_pass,target_locked,round1::baseline_logistic_l2_1,0.5,VisualCogA_Task-2
VisualCogA_Task-2,61,1,-1,0.3333159514606062,raw_qc_pass,target_locked,round1::baseline_logistic_l2_1,0.5,VisualCogA_Task-2
VisualCogA_Task-2,62,-1,1,0.5720320214258489,raw_qc_pass,target_locked,round1::baseline_logistic_l2_1,0.5,VisualCogA_Task-2
VisualCogA_Task-2,63,-1,1,0.6853973417086708,raw_qc_pass,target_locked,round1::baseline_logistic_l2_1,0.5,VisualCogA_Task-2
VisualCogA_Task-2,64,1,-1,0.20880994158708008,raw_qc_pass,target_locked,round1::baseline_logistic_l2_1,0.5,VisualCogA_Task-2
VisualCogA_Task-2,65,-1,-1,0.37018908770985154,raw_qc_pass,target_locked,round1::baseline_logistic_l2_1,0.5,VisualCogA_Task-2
VisualCogA_Task-2,66,1,1,0.7229971550705337,raw_qc_pass,target_locked,round1::baseline_logistic_l2_1,0.5,VisualCogA_Task-2
VisualCogA_Task-2,67,1,-1,0.14800948504191486,raw_qc_pass,target_locked,round1::baseline_logistic_l2_1,0.5,VisualCogA_Task-2
VisualCogA_Task-2,68,-1,1,0.5071480195701304,raw_qc_pass,target_locked,round1::baseline_logistic_l2_1,0.5,VisualCogA_Task-2
VisualCogA_Task-2,69,-1,-1,0.31945542915489744,raw_qc_pass,target_locked,round1::baseline_logistic_l2_1,0.5,VisualCogA_Task-2
VisualCogA_Task-2,70,1,1,0.5417745453812443,raw_qc_pass,target_locked,round1::baseline_logistic_l2_1,0.5,VisualCogA_Task-2
VisualCogA_Task-2,71,1,1,0.6247227033590426,raw_qc_pass,target_locked,round1::baseline_logistic_l2_1,0.5,VisualCogA_Task-2
VisualCogA_Task-2,72,1,-1,0.26774065245480905,raw_qc_pass,target_locked,round1::baseline_logistic_l2_1,0.5,VisualCogA_Task-2
VisualCogA_Task-2,73,1,-1,0.21889499183450614,raw_qc_pass,target_locked,round1::baseline_logistic_l2_1,0.5,VisualCogA_Task-2
VisualCogA_Task-2,74,-1,-1,0.4659587801551041,raw_qc_pass,target_locked,round1::baseline_logistic_l2_1,0.5,VisualCogA_Task-2
VisualCogA_Task-2,75,-1,1,0.5378309361273608,raw_qc_pass,target_locked,round1::baseline_logistic_l2_1,0.5,VisualCogA_Task-2
VisualCogA_Task-2,76,-1,-1,0.4932659870195942,raw_qc_pass,target_locked,round1::baseline_logistic_l2_1,0.5,VisualCogA_Task-2
VisualCogA_Task-2,77,1,1,0.7183004601635663,raw_qc_pass,target_locked,round1::baseline_logistic_l2_1,0.5,VisualCogA_Task-2
VisualCogA_Task-2,78,-1,-1,0.4883330453483402,raw_qc_pass,target_locked,round1::baseline_logistic_l2_1,0.5,VisualCogA_Task-2
VisualCogA_Task-2,79,1,-1,0.4490719967876167,raw_qc_pass,target_locked,round1::baseline_logistic_l2_1,0.5,VisualCogA_Task-2
VisualCogA_Task-2,80,-1,-1,0.4429736313531568,raw_qc_pass,target_locked,round1::baseline_logistic_l2_1,0.5,VisualCogA_Task-2
VisualCogA_Task-2,81,1,1,0.5472353919453888,raw_qc_pass,target_locked,round1::baseline_logistic_l2_1,0.5,VisualCogA_Task-2
VisualCogA_Task-2,82,1,-1,0.4447007253950067,raw_qc_pass,target_locked,round1::baseline_logistic_l2_1,0.5,VisualCogA_Task-2
VisualCogA_Task-2,83,-1,-1,0.4658498501338255,raw_qc_pass,target_locked,round1::baseline_logistic_l2_1,0.5,VisualCogA_Task-2
VisualCogA_Task-2,84,1,1,0.5007651828257201,raw_qc_pass,target_locked,round1::baseline_logistic_l2_1,0.5,VisualCogA_Task-2
VisualCogA_Task-2,85,-1,-1,0.4893187022197149,raw_qc_pass,target_locked,round1::baseline_logistic_l2_1,0.5,VisualCogA_Task-2
VisualCogA_Task-2,86,-1,-1,0.3864878770667063,raw_qc_pass,target_locked,round1::baseline_logistic_l2_1,0.5,VisualCogA_Task-2
VisualCogA_Task-2,87,1,-1,0.33324215601439167,raw_qc_pass,target_locked,round1::baseline_logistic_l2_1,0.5,VisualCogA_Task-2
VisualCogA_Task-2,88,-1,1,0.5084484047732127,raw_qc_pass,target_locked,round1::baseline_logistic_l2_1,0.5,VisualCogA_Task-2
VisualCogA_Task-2,89,-1,-1,0.4980598551044136,raw_qc_pass,target_locked,round1::baseline_logistic_l2_1,0.5,VisualCogA_Task-2
VisualCogA_Task-2,90,-1,-1,0.27585839676496815,raw_qc_pass,target_locked,round1::baseline_logistic_l2_1,0.5,VisualCogA_Task-2
VisualCogA_Task-2,91,-1,-1,0.4825875935053513,raw_qc_pass,target_locked,round1::baseline_logistic_l2_1,0.5,VisualCogA_Task-2
VisualCogA_Task-2,92,1,-1,0.2470977046272891,raw_qc_pass,target_locked,round1::baseline_logistic_l2_1,0.5,VisualCogA_Task-2
VisualCogA_Task-2,93,-1,-1,0.42775761914851124,raw_qc_pass,target_locked,round1::baseline_logistic_l2_1,0.5,VisualCogA_Task-2
VisualCogA_Task-2,94,-1,1,0.562961335474838,raw_qc_pass,target_locked,round1::baseline_logistic_l2_1,0.5,VisualCogA_Task-2
VisualCogA_Task-2,95,-1,-1,0.3499361544420309,raw_qc_pass,target_locked,round1::baseline_logistic_l2_1,0.5,VisualCogA_Task-2
VisualCogA_Task-2,96,-1,-1,0.424981797978271,raw_qc_pass,target_locked,round1::baseline_logistic_l2_1,0.5,VisualCogA_Task-2
VisualCogA_Task-2,97,-1,-1,0.35877244172706163,raw_qc_pass,target_locked,round1::baseline_logistic_l2_1,0.5,VisualCogA_Task-2
VisualCogA_Task-2,98,-1,1,0.5917566178000139,raw_qc_pass,target_locked,round1::baseline_logistic_l2_1,0.5,VisualCogA_Task-2
VisualCogA_Task-2,99,-1,1,0.5223757756709763,raw_qc_pass,target_locked,round1::baseline_logistic_l2_1,0.5,VisualCogA_Task-2
VisualCogB_Task-1,0,-1,-1,0.4822791077800718,raw_qc_pass,target_locked,round1::baseline_logistic_l2_1,0.5,VisualCogB_Task-1
VisualCogB_Task-1,1,-1,1,0.503173408672644,raw_qc_pass,target_locked,round1::baseline_logistic_l2_1,0.5,VisualCogB_Task-1
VisualCogB_Task-1,2,1,1,0.506783147056224,raw_qc_pass,target_locked,round1::baseline_logistic_l2_1,0.5,VisualCogB_Task-1
VisualCogB_Task-1,3,-1,-1,0.39683254249646366,raw_qc_pass,target_locked,round1::baseline_logistic_l2_1,0.5,VisualCogB_Task-1
VisualCogB_Task-1,4,1,1,0.5113108006863885,raw_qc_pass,target_locked,round1::baseline_logistic_l2_1,0.5,VisualCogB_Task-1
VisualCogB_Task-1,6,1,1,0.5014190222868157,raw_qc_pass,target_locked,round1::baseline_logistic_l2_1,0.5,VisualCogB_Task-1
VisualCogB_Task-1,7,-1,-1,0.49021034671506436,raw_qc_pass,target_locked,round1::baseline_logistic_l2_1,0.5,VisualCogB_Task-1
VisualCogB_Task-1,8,-1,-1,0.2918655250229987,raw_qc_pass,target_locked,round1::baseline_logistic_l2_1,0.5,VisualCogB_Task-1
VisualCogB_Task-1,9,-1,-1,0.38634814658902167,raw_qc_pass,target_locked,round1::baseline_logistic_l2_1,0.5,VisualCogB_Task-1
VisualCogB_Task-1,10,1,1,0.540668788546835,raw_qc_pass,target_locked,round1::baseline_logistic_l2_1,0.5,VisualCogB_Task-1
VisualCogB_Task-1,11,-1,1,0.5423675514913584,raw_qc_pass,target_locked,round1::baseline_logistic_l2_1,0.5,VisualCogB_Task-1
VisualCogB_Task-1,12,1,-1,0.4374094973146309,raw_qc_pass,target_locked,round1::baseline_logistic_l2_1,0.5,VisualCogB_Task-1
VisualCogB_Task-1,13,1,-1,0.4015679709043286,raw_qc_pass,target_locked,round1::baseline_logistic_l2_1,0.5,VisualCogB_Task-1
VisualCogB_Task-1,14,-1,1,0.6017288473453676,raw_qc_pass,target_locked,round1::baseline_logistic_l2_1,0.5,VisualCogB_Task-1
VisualCogB_Task-1,15,1,1,0.6096544287503366,raw_qc_pass,target_locked,round1::baseline_logistic_l2_1,0.5,VisualCogB_Task-1
VisualCogB_Task-1,16,-1,-1,0.4268556236838631,raw_qc_pass,target_locked,round1::baseline_logistic_l2_1,0.5,VisualCogB_Task-1
VisualCogB_Task-1,17,-1,1,0.5711929906609186,raw_qc_pass,target_locked,round1::baseline_logistic_l2_1,0.5,VisualCogB_Task-1
VisualCogB_Task-1,18,1,-1,0.43463639844277263,raw_qc_pass,target_locked,round1::baseline_logistic_l2_1,0.5,VisualCogB_Task-1
VisualCogB_Task-1,19,-1,-1,0.4838997436793545,raw_qc_pass,target_locked,round1::baseline_logistic_l2_1,0.5,VisualCogB_Task-1
VisualCogB_Task-1,20,1,-1,0.45624366376899794,raw_qc_pass,target_locked,round1::baseline_logistic_l2_1,0.5,VisualCogB_Task-1
VisualCogB_Task-1,21,1,1,0.5262014340857344,raw_qc_pass,target_locked,round1::baseline_logistic_l2_1,0.5,VisualCogB_Task-1
VisualCogB_Task-1,22,1,-1,0.47948011641901855,raw_qc_pass,target_locked,round1::baseline_logistic_l2_1,0.5,VisualCogB_Task-1
VisualCogB_Task-1,23,1,1,0.5934398720000275,raw_qc_pass,target_locked,round1::baseline_logistic_l2_1,0.5,VisualCogB_Task-1
VisualCogB_Task-1,24,1,1,0.6868868770060323,raw_qc_pass,target_locked,round1::baseline_logistic_l2_1,0.5,VisualCogB_Task-1
VisualCogB_Task-1,25,1,1,0.5833158883836698,raw_qc_pass,target_locked,round1::baseline_logistic_l2_1,0.5,VisualCogB_Task-1
VisualCogB_Task-1,26,1,1,0.6004585333742353,raw_qc_pass,target_locked,round1::baseline_logistic_l2_1,0.5,VisualCogB_Task-1
VisualCogB_Task-1,27,1,1,0.6222192881082275,raw_qc_pass,target_locked,round1::baseline_logistic_l2_1,0.5,VisualCogB_Task-1
VisualCogB_Task-1,28,1,1,0.5116011755060681,raw_qc_pass,target_locked,round1::baseline_logistic_l2_1,0.5,VisualCogB_Task-1
VisualCogB_Task-1,29,-1,-1,0.4809062369720645,raw_qc_pass,target_locked,round1::baseline_logistic_l2_1,0.5,VisualCogB_Task-1
VisualCogB_Task-1,30,1,-1,0.4607073638343604,raw_qc_pass,target_locked,round1::baseline_logistic_l2_1,0.5,VisualCogB_Task-1
VisualCogB_Task-1,31,-1,-1,0.4785184293047555,raw_qc_pass,target_locked,round1::baseline_logistic_l2_1,0.5,VisualCogB_Task-1
VisualCogB_Task-1,32,-1,-1,0.3936205895111115,raw_qc_pass,target_locked,round1::baseline_logistic_l2_1,0.5,VisualCogB_Task-1
VisualCogB_Task-1,33,1,1,0.7153276062718991,raw_qc_pass,target_locked,round1::baseline_logistic_l2_1,0.5,VisualCogB_Task-1
VisualCogB_Task-1,34,-1,1,0.5136759137062396,raw_qc_pass,target_locked,round1::baseline_logistic_l2_1,0.5,VisualCogB_Task-1
VisualCogB_Task-1,35,-1,-1,0.4333538892011898,raw_qc_pass,target_locked,round1::baseline_logistic_l2_1,0.5,VisualCogB_Task-1
VisualCogB_Task-1,36,-1,-1,0.4968888612084217,raw_qc_pass,target_locked,round1::baseline_logistic_l2_1,0.5,VisualCogB_Task-1
VisualCogB_Task-1,37,-1,-1,0.3772984728619141,raw_qc_pass,target_locked,round1::baseline_logistic_l2_1,0.5,VisualCogB_Task-1
VisualCogB_Task-1,38,1,-1,0.35690656063134,raw_qc_pass,target_locked,round1::baseline_logistic_l2_1,0.5,VisualCogB_Task-1
VisualCogB_Task-1,39,1,1,0.6092466424491019,raw_qc_pass,target_locked,round1::baseline_logistic_l2_1,0.5,VisualCogB_Task-1
VisualCogB_Task-1,40,-1,-1,0.43682970298407187,raw_qc_pass,target_locked,round1::baseline_logistic_l2_1,0.5,VisualCogB_Task-1
VisualCogB_Task-1,41,1,-1,0.4102212593334626,raw_qc_pass,target_locked,round1::baseline_logistic_l2_1,0.5,VisualCogB_Task-1
VisualCogB_Task-1,42,1,1,0.5153410593183181,raw_qc_pass,target_locked,round1::baseline_logistic_l2_1,0.5,VisualCogB_Task-1
VisualCogB_Task-1,43,1,-1,0.42516605177162187,raw_qc_pass,target_locked,round1::baseline_logistic_l2_1,0.5,VisualCogB_Task-1
VisualCogB_Task-1,44,1,1,0.5307563241968625,raw_qc_pass,target_locked,round1::baseline_logistic_l2_1,0.5,VisualCogB_Task-1
VisualCogB_Task-1,45,-1,-1,0.4121655633837434,raw_qc_pass,target_locked,round1::baseline_logistic_l2_1,0.5,VisualCogB_Task-1
VisualCogB_Task-1,46,-1,1,0.6060812284404603,raw_qc_pass,target_locked,round1::baseline_logistic_l2_1,0.5,VisualCogB_Task-1
VisualCogB_Task-1,47,1,1,0.5842841373051038,raw_qc_pass,target_locked,round1::baseline_logistic_l2_1,0.5,VisualCogB_Task-1
VisualCogB_Task-1,48,1,-1,0.4897402234238831,raw_qc_pass,target_locked,round1::baseline_logistic_l2_1,0.5,VisualCogB_Task-1
VisualCogB_Task-1,49,-1,-1,0.3982404723369568,raw_qc_pass,target_locked,round1::baseline_logistic_l2_1,0.5,VisualCogB_Task-1
VisualCogB_Task-1,50,1,1,0.5373707817726584,raw_qc_pass,target_locked,round1::baseline_logistic_l2_1,0.5,VisualCogB_Task-1
VisualCogB_Task-1,51,-1,1,0.5435014721184882,raw_qc_pass,target_locked,round1::baseline_logistic_l2_1,0.5,VisualCogB_Task-1
VisualCogB_Task-1,52,1,1,0.5252205723333399,raw_qc_pass,target_locked,round1::baseline_logistic_l2_1,0.5,VisualCogB_Task-1
VisualCogB_Task-1,53,-1,-1,0.4957539931846964,raw_qc_pass,target_locked,round1::baseline_logistic_l2_1,0.5,VisualCogB_Task-1
VisualCogB_Task-1,54,1,-1,0.41498798038744883,raw_qc_pass,target_locked,round1::baseline_logistic_l2_1,0.5,VisualCogB_Task-1
VisualCogB_Task-1,55,-1,-1,0.40141367594173,raw_qc_pass,target_locked,round1::baseline_logistic_l2_1,0.5,VisualCogB_Task-1
VisualCogB_Task-1,56,1,1,0.6046855340223224,raw_qc_pass,target_locked,round1::baseline_logistic_l2_1,0.5,VisualCogB_Task-1
VisualCogB_Task-1,57,1,1,0.5210690124841668,raw_qc_pass,target_locked,round1::baseline_logistic_l2_1,0.5,VisualCogB_Task-1
VisualCogB_Task-1,58,1,1,0.5315127262643771,raw_qc_pass,target_locked,round1::baseline_logistic_l2_1,0.5,VisualCogB_Task-1
VisualCogB_Task-1,59,1,-1,0.4575687375942319,raw_qc_pass,target_locked,round1::baseline_logistic_l2_1,0.5,VisualCogB_Task-1
VisualCogB_Task-1,60,-1,1,0.55548340551029,raw_qc_pass,target_locked,round1::baseline_logistic_l2_1,0.5,VisualCogB_Task-1
VisualCogB_Task-1,61,-1,1,0.518750934839689,raw_qc_pass,target_locked,round1::baseline_logistic_l2_1,0.5,VisualCogB_Task-1
VisualCogB_Task-1,62,1,-1,0.40319747364565217,raw_qc_pass,target_locked,round1::baseline_logistic_l2_1,0.5,VisualCogB_Task-1
VisualCogB_Task-1,63,-1,-1,0.4538670035322595,raw_qc_pass,target_locked,round1::baseline_logistic_l2_1,0.5,VisualCogB_Task-1
VisualCogB_Task-1,64,-1,-1,0.4635200690770162,raw_qc_pass,target_locked,round1::baseline_logistic_l2_1,0.5,VisualCogB_Task-1
VisualCogB_Task-1,65,-1,-1,0.4724289546872164,raw_qc_pass,target_locked,round1::baseline_logistic_l2_1,0.5,VisualCogB_Task-1
VisualCogB_Task-1,66,1,1,0.5605876817877173,raw_qc_pass,target_locked,round1::baseline_logistic_l2_1,0.5,VisualCogB_Task-1
VisualCogB_Task-1,67,1,1,0.5299778945238871,raw_qc_pass,target_locked,round1::baseline_logistic_l2_1,0.5,VisualCogB_Task-1
VisualCogB_Task-1,68,-1,-1,0.4435606349397766,raw_qc_pass,target_locked,round1::baseline_logistic_l2_1,0.5,VisualCogB_Task-1
VisualCogB_Task-1,69,-1,1,0.5619591226477394,raw_qc_pass,target_locked,round1::baseline_logistic_l2_1,0.5,VisualCogB_Task-1
VisualCogB_Task-1,70,1,1,0.5483075884596975,raw_qc_pass,target_locked,round1::baseline_logistic_l2_1,0.5,VisualCogB_Task-1
VisualCogB_Task-1,71,1,-1,0.489184028032244,raw_qc_pass,target_locked,round1::baseline_logistic_l2_1,0.5,VisualCogB_Task-1
VisualCogB_Task-1,72,-1,-1,0.4239908548895643,raw_qc_pass,target_locked,round1::baseline_logistic_l2_1,0.5,VisualCogB_Task-1
VisualCogB_Task-1,73,-1,1,0.5989920180979352,raw_qc_pass,target_locked,round1::baseline_logistic_l2_1,0.5,VisualCogB_Task-1
VisualCogB_Task-1,74,1,1,0.5051159451178125,raw_qc_pass,target_locked,round1::baseline_logistic_l2_1,0.5,VisualCogB_Task-1
VisualCogB_Task-1,75,-1,1,0.5062473426582066,raw_qc_pass,target_locked,round1::baseline_logistic_l2_1,0.5,VisualCogB_Task-1
VisualCogB_Task-1,76,-1,1,0.6893141302697391,raw_qc_pass,target_locked,round1::baseline_logistic_l2_1,0.5,VisualCogB_Task-1
VisualCogB_Task-1,77,-1,-1,0.4689467022728425,raw_qc_pass,target_locked,round1::baseline_logistic_l2_1,0.5,VisualCogB_Task-1
VisualCogB_Task-1,78,1,1,0.5129042016603971,raw_qc_pass,target_locked,round1::baseline_logistic_l2_1,0.5,VisualCogB_Task-1
VisualCogB_Task-1,79,-1,-1,0.34446978602892847,raw_qc_pass,target_locked,round1::baseline_logistic_l2_1,0.5,VisualCogB_Task-1
VisualCogB_Task-1,80,-1,1,0.5377289977918566,raw_qc_pass,target_locked,round1::baseline_logistic_l2_1,0.5,VisualCogB_Task-1
VisualCogB_Task-1,81,1,1,0.5214552818870818,raw_qc_pass,target_locked,round1::baseline_logistic_l2_1,0.5,VisualCogB_Task-1
VisualCogB_Task-1,82,-1,1,0.5495837114089892,raw_qc_pass,target_locked,round1::baseline_logistic_l2_1,0.5,VisualCogB_Task-1
VisualCogB_Task-1,83,-1,-1,0.42045027717203326,raw_qc_pass,target_locked,round1::baseline_logistic_l2_1,0.5,VisualCogB_Task-1
VisualCogB_Task-1,84,1,-1,0.42595743715395984,raw_qc_pass,target_locked,round1::baseline_logistic_l2_1,0.5,VisualCogB_Task-1
VisualCogB_Task-1,85,-1,-1,0.40803806266131676,raw_qc_pass,target_locked,round1::baseline_logistic_l2_1,0.5,VisualCogB_Task-1
VisualCogB_Task-1,86,-1,1,0.5537625353391862,raw_qc_pass,target_locked,round1::baseline_logistic_l2_1,0.5,VisualCogB_Task-1
VisualCogB_Task-1,87,1,-1,0.4674116436495715,raw_qc_pass,target_locked,round1::baseline_logistic_l2_1,0.5,VisualCogB_Task-1
VisualCogB_Task-1,88,-1,1,0.5349006252591577,raw_qc_pass,target_locked,round1::baseline_logistic_l2_1,0.5,VisualCogB_Task-1
VisualCogB_Task-1,89,-1,-1,0.3547240046935442,raw_qc_pass,target_locked,round1::baseline_logistic_l2_1,0.5,VisualCogB_Task-1
VisualCogB_Task-1,90,1,-1,0.47436286259967947,raw_qc_pass,target_locked,round1::baseline_logistic_l2_1,0.5,VisualCogB_Task-1
VisualCogB_Task-1,91,1,1,0.6163189815392098,raw_qc_pass,target_locked,round1::baseline_logistic_l2_1,0.5,VisualCogB_Task-1
VisualCogB_Task-1,92,-1,-1,0.4048739257090459,raw_qc_pass,target_locked,round1::baseline_logistic_l2_1,0.5,VisualCogB_Task-1
VisualCogB_Task-1,93,1,-1,0.4312603984734911,raw_qc_pass,target_locked,round1::baseline_logistic_l2_1,0.5,VisualCogB_Task-1
VisualCogB_Task-1,94,-1,1,0.521711744752281,raw_qc_pass,target_locked,round1::baseline_logistic_l2_1,0.5,VisualCogB_Task-1
VisualCogB_Task-1,95,1,-1,0.39425818627354836,raw_qc_pass,target_locked,round1::baseline_logistic_l2_1,0.5,VisualCogB_Task-1
VisualCogB_Task-1,97,1,-1,0.4340163286544881,raw_qc_pass,target_locked,round1::baseline_logistic_l2_1,0.5,VisualCogB_Task-1
VisualCogB_Task-1,98,1,1,0.5344336510965881,raw_qc_pass,target_locked,round1::baseline_logistic_l2_1,0.5,VisualCogB_Task-1
VisualCogB_Task-1,99,1,1,0.5414055041528102,raw_qc_pass,target_locked,round1::baseline_logistic_l2_1,0.5,VisualCogB_Task-1
VisualCogB_Task-2,0,-1,-1,0.40063926453933724,raw_qc_pass,target_locked,round1::baseline_logistic_l2_1,0.5,VisualCogB_Task-2
VisualCogB_Task-2,1,-1,1,0.5256553646495737,raw_qc_pass,target_locked,round1::baseline_logistic_l2_1,0.5,VisualCogB_Task-2
VisualCogB_Task-2,2,-1,-1,0.46107812717897473,raw_qc_pass,target_locked,round1::baseline_logistic_l2_1,0.5,VisualCogB_Task-2
VisualCogB_Task-2,3,1,-1,0.3736651143178692,raw_qc_pass,target_locked,round1::baseline_logistic_l2_1,0.5,VisualCogB_Task-2
VisualCogB_Task-2,4,-1,1,0.5488857388545235,raw_qc_pass,target_locked,round1::baseline_logistic_l2_1,0.5,VisualCogB_Task-2
VisualCogB_Task-2,5,1,1,0.6015218422159692,raw_qc_pass,target_locked,round1::baseline_logistic_l2_1,0.5,VisualCogB_Task-2
VisualCogB_Task-2,6,1,-1,0.4312660759446839,raw_qc_pass,target_locked,round1::baseline_logistic_l2_1,0.5,VisualCogB_Task-2
VisualCogB_Task-2,7,1,1,0.5787463912797636,raw_qc_pass,target_locked,round1::baseline_logistic_l2_1,0.5,VisualCogB_Task-2
VisualCogB_Task-2,8,1,-1,0.4503203874383567,raw_qc_pass,target_locked,round1::baseline_logistic_l2_1,0.5,VisualCogB_Task-2
VisualCogB_Task-2,9,-1,-1,0.4402775750541405,raw_qc_pass,target_locked,round1::baseline_logistic_l2_1,0.5,VisualCogB_Task-2
VisualCogB_Task-2,10,1,-1,0.26681899164585954,raw_qc_pass,target_locked,round1::baseline_logistic_l2_1,0.5,VisualCogB_Task-2
VisualCogB_Task-2,11,1,-1,0.46564123068609486,raw_qc_pass,target_locked,round1::baseline_logistic_l2_1,0.5,VisualCogB_Task-2
VisualCogB_Task-2,12,1,1,0.5523151924910852,raw_qc_pass,target_locked,round1::baseline_logistic_l2_1,0.5,VisualCogB_Task-2
VisualCogB_Task-2,13,1,-1,0.39636288320271834,raw_qc_pass,target_locked,round1::baseline_logistic_l2_1,0.5,VisualCogB_Task-2
VisualCogB_Task-2,14,1,-1,0.42881392610680014,raw_qc_pass,target_locked,round1::baseline_logistic_l2_1,0.5,VisualCogB_Task-2
VisualCogB_Task-2,15,1,-1,0.4414845466866345,raw_qc_pass,target_locked,round1::baseline_logistic_l2_1,0.5,VisualCogB_Task-2
VisualCogB_Task-2,16,-1,-1,0.35471766801735327,raw_qc_pass,target_locked,round1::baseline_logistic_l2_1,0.5,VisualCogB_Task-2
VisualCogB_Task-2,17,1,-1,0.3574212420166569,raw_qc_pass,target_locked,round1::baseline_logistic_l2_1,0.5,VisualCogB_Task-2
VisualCogB_Task-2,18,1,-1,0.36262831981558113,raw_qc_pass,target_locked,round1::baseline_logistic_l2_1,0.5,VisualCogB_Task-2
VisualCogB_Task-2,19,-1,-1,0.3610840871214147,raw_qc_pass,target_locked,round1::baseline_logistic_l2_1,0.5,VisualCogB_Task-2
VisualCogB_Task-2,20,1,-1,0.40758570231808317,raw_qc_pass,target_locked,round1::baseline_logistic_l2_1,0.5,VisualCogB_Task-2
VisualCogB_Task-2,21,1,-1,0.3902415603945831,raw_qc_pass,target_locked,round1::baseline_logistic_l2_1,0.5,VisualCogB_Task-2
VisualCogB_Task-2,22,-1,-1,0.24860876518886268,raw_qc_pass,target_locked,round1::baseline_logistic_l2_1,0.5,VisualCogB_Task-2
VisualCogB_Task-2,23,-1,-1,0.4943213537704097,raw_qc_pass,target_locked,round1::baseline_logistic_l2_1,0.5,VisualCogB_Task-2
VisualCogB_Task-2,24,-1,-1,0.4811721383869132,raw_qc_pass,target_locked,round1::baseline_logistic_l2_1,0.5,VisualCogB_Task-2
VisualCogB_Task-2,25,1,-1,0.4194800437300689,raw_qc_pass,target_locked,round1::baseline_logistic_l2_1,0.5,VisualCogB_Task-2
VisualCogB_Task-2,26,-1,-1,0.3634261507587077,raw_qc_pass,target_locked,round1::baseline_logistic_l2_1,0.5,VisualCogB_Task-2
VisualCogB_Task-2,27,-1,-1,0.35405631166135765,raw_qc_pass,target_locked,round1::baseline_logistic_l2_1,0.5,VisualCogB_Task-2
VisualCogB_Task-2,28,-1,-1,0.49294257310074674,raw_qc_pass,target_locked,round1::baseline_logistic_l2_1,0.5,VisualCogB_Task-2
VisualCogB_Task-2,29,1,-1,0.4132648812956407,raw_qc_pass,target_locked,round1::baseline_logistic_l2_1,0.5,VisualCogB_Task-2
VisualCogB_Task-2,30,1,-1,0.31077821234386827,raw_qc_pass,target_locked,round1::baseline_logistic_l2_1,0.5,VisualCogB_Task-2
VisualCogB_Task-2,31,1,1,0.5002151381057691,raw_qc_pass,target_locked,round1::baseline_logistic_l2_1,0.5,VisualCogB_Task-2
VisualCogB_Task-2,32,1,-1,0.30010485933515146,raw_qc_pass,target_locked,round1::baseline_logistic_l2_1,0.5,VisualCogB_Task-2
VisualCogB_Task-2,33,1,1,0.6364277655819491,raw_qc_pass,target_locked,round1::baseline_logistic_l2_1,0.5,VisualCogB_Task-2
VisualCogB_Task-2,34,-1,-1,0.37554016981692445,raw_qc_pass,target_locked,round1::baseline_logistic_l2_1,0.5,VisualCogB_Task-2
VisualCogB_Task-2,35,1,1,0.52431869438833,raw_qc_pass,target_locked,round1::baseline_logistic_l2_1,0.5,VisualCogB_Task-2
VisualCogB_Task-2,36,-1,-1,0.31723286705356846,raw_qc_pass,target_locked,round1::baseline_logistic_l2_1,0.5,VisualCogB_Task-2
VisualCogB_Task-2,37,-1,-1,0.335997074837087,raw_qc_pass,target_locked,round1::baseline_logistic_l2_1,0.5,VisualCogB_Task-2
VisualCogB_Task-2,38,1,1,0.5530253642298791,raw_qc_pass,target_locked,round1::baseline_logistic_l2_1,0.5,VisualCogB_Task-2
VisualCogB_Task-2,39,1,-1,0.35973234036866947,raw_qc_pass,target_locked,round1::baseline_logistic_l2_1,0.5,VisualCogB_Task-2
VisualCogB_Task-2,40,1,-1,0.3834786590071283,raw_qc_pass,target_locked,round1::baseline_logistic_l2_1,0.5,VisualCogB_Task-2
VisualCogB_Task-2,41,-1,1,0.540165024394544,raw_qc_pass,target_locked,round1::baseline_logistic_l2_1,0.5,VisualCogB_Task-2
VisualCogB_Task-2,42,-1,-1,0.38006390624630515,raw_qc_pass,target_locked,round1::baseline_logistic_l2_1,0.5,VisualCogB_Task-2
VisualCogB_Task-2,43,1,1,0.5938192625405969,raw_qc_pass,target_locked,round1::baseline_logistic_l2_1,0.5,VisualCogB_Task-2
VisualCogB_Task-2,44,-1,-1,0.47502211479097495,raw_qc_pass,target_locked,round1::baseline_logistic_l2_1,0.5,VisualCogB_Task-2
VisualCogB_Task-2,45,-1,-1,0.3457390569735026,raw_qc_pass,target_locked,round1::baseline_logistic_l2_1,0.5,VisualCogB_Task-2
VisualCogB_Task-2,46,1,-1,0.3166818778691421,raw_qc_pass,target_locked,round1::baseline_logistic_l2_1,0.5,VisualCogB_Task-2
VisualCogB_Task-2,47,-1,-1,0.2968302281773918,raw_qc_pass,target_locked,round1::baseline_logistic_l2_1,0.5,VisualCogB_Task-2
VisualCogB_Task-2,48,1,-1,0.36105296122168823,raw_qc_pass,target_locked,round1::baseline_logistic_l2_1,0.5,VisualCogB_Task-2
VisualCogB_Task-2,49,-1,-1,0.34699465447832734,raw_qc_pass,target_locked,round1::baseline_logistic_l2_1,0.5,VisualCogB_Task-2
VisualCogB_Task-2,50,-1,-1,0.41913315913528326,raw_qc_pass,target_locked,round1::baseline_logistic_l2_1,0.5,VisualCogB_Task-2
VisualCogB_Task-2,51,-1,-1,0.48861854813267663,raw_qc_pass,target_locked,round1::baseline_logistic_l2_1,0.5,VisualCogB_Task-2
VisualCogB_Task-2,52,1,-1,0.3661468184107201,raw_qc_pass,target_locked,round1::baseline_logistic_l2_1,0.5,VisualCogB_Task-2
VisualCogB_Task-2,53,1,-1,0.4970903770839873,raw_qc_pass,target_locked,round1::baseline_logistic_l2_1,0.5,VisualCogB_Task-2
VisualCogB_Task-2,54,1,-1,0.3584461976728904,raw_qc_pass,target_locked,round1::baseline_logistic_l2_1,0.5,VisualCogB_Task-2
VisualCogB_Task-2,55,-1,-1,0.29162233778156704,raw_qc_pass,target_locked,round1::baseline_logistic_l2_1,0.5,VisualCogB_Task-2
VisualCogB_Task-2,56,-1,1,0.5711813525020767,raw_qc_pass,target_locked,round1::baseline_logistic_l2_1,0.5,VisualCogB_Task-2
VisualCogB_Task-2,57,-1,-1,0.4358181000962982,raw_qc_pass,target_locked,round1::baseline_logistic_l2_1,0.5,VisualCogB_Task-2
VisualCogB_Task-2,58,-1,1,0.5462555666365008,raw_qc_pass,target_locked,round1::baseline_logistic_l2_1,0.5,VisualCogB_Task-2
VisualCogB_Task-2,59,-1,1,0.5506972826991943,raw_qc_pass,target_locked,round1::baseline_logistic_l2_1,0.5,VisualCogB_Task-2
VisualCogB_Task-2,60,-1,-1,0.4201797363000332,raw_qc_pass,target_locked,round1::baseline_logistic_l2_1,0.5,VisualCogB_Task-2
VisualCogB_Task-2,61,1,1,0.562105169827681,raw_qc_pass,target_locked,round1::baseline_logistic_l2_1,0.5,VisualCogB_Task-2
VisualCogB_Task-2,62,-1,-1,0.49659978683282635,raw_qc_pass,target_locked,round1::baseline_logistic_l2_1,0.5,VisualCogB_Task-2
VisualCogB_Task-2,63,-1,-1,0.46338968325641194,raw_qc_pass,target_locked,round1::baseline_logistic_l2_1,0.5,VisualCogB_Task-2
VisualCogB_Task-2,64,1,-1,0.4178642154711179,raw_qc_pass,target_locked,round1::baseline_logistic_l2_1,0.5,VisualCogB_Task-2
VisualCogB_Task-2,65,1,-1,0.3532061418721481,raw_qc_pass,target_locked,round1::baseline_logistic_l2_1,0.5,VisualCogB_Task-2
VisualCogB_Task-2,66,1,-1,0.4726280444409933,raw_qc_pass,target_locked,round1::baseline_logistic_l2_1,0.5,VisualCogB_Task-2
VisualCogB_Task-2,67,1,-1,0.3805456135621063,raw_qc_pass,target_locked,round1::baseline_logistic_l2_1,0.5,VisualCogB_Task-2
VisualCogB_Task-2,68,-1,-1,0.4127412277496219,raw_qc_pass,target_locked,round1::baseline_logistic_l2_1,0.5,VisualCogB_Task-2
VisualCogB_Task-2,69,-1,-1,0.4148182316253782,raw_qc_pass,target_locked,round1::baseline_logistic_l2_1,0.5,VisualCogB_Task-2
VisualCogB_Task-2,70,1,-1,0.4890239047391113,raw_qc_pass,target_locked,round1::baseline_logistic_l2_1,0.5,VisualCogB_Task-2
VisualCogB_Task-2,71,1,-1,0.434193280804992,raw_qc_pass,target_locked,round1::baseline_logistic_l2_1,0.5,VisualCogB_Task-2
VisualCogB_Task-2,72,1,-1,0.3963513899955188,raw_qc_pass,target_locked,round1::baseline_logistic_l2_1,0.5,VisualCogB_Task-2
VisualCogB_Task-2,73,-1,1,0.5837949518927253,raw_qc_pass,target_locked,round1::baseline_logistic_l2_1,0.5,VisualCogB_Task-2
VisualCogB_Task-2,74,-1,-1,0.267799135933514,raw_qc_pass,target_locked,round1::baseline_logistic_l2_1,0.5,VisualCogB_Task-2
VisualCogB_Task-2,75,1,-1,0.3827196821260467,raw_qc_pass,target_locked,round1::baseline_logistic_l2_1,0.5,VisualCogB_Task-2
VisualCogB_Task-2,76,1,-1,0.41993673928005554,raw_qc_pass,target_locked,round1::baseline_logistic_l2_1,0.5,VisualCogB_Task-2
VisualCogB_Task-2,77,-1,-1,0.49753871495338087,raw_qc_pass,target_locked,round1::baseline_logistic_l2_1,0.5,VisualCogB_Task-2
VisualCogB_Task-2,78,-1,-1,0.49712849599310405,raw_qc_pass,target_locked,round1::baseline_logistic_l2_1,0.5,VisualCogB_Task-2
VisualCogB_Task-2,79,-1,-1,0.4691549329892749,raw_qc_pass,target_locked,round1::baseline_logistic_l2_1,0.5,VisualCogB_Task-2
VisualCogB_Task-2,80,1,-1,0.4714224659434554,raw_qc_pass,target_locked,round1::baseline_logistic_l2_1,0.5,VisualCogB_Task-2
VisualCogB_Task-2,81,-1,1,0.5394010922111898,raw_qc_pass,target_locked,round1::baseline_logistic_l2_1,0.5,VisualCogB_Task-2
VisualCogB_Task-2,82,1,-1,0.45743299563063156,raw_qc_pass,target_locked,round1::baseline_logistic_l2_1,0.5,VisualCogB_Task-2
VisualCogB_Task-2,83,-1,-1,0.485634579993264,raw_qc_pass,target_locked,round1::baseline_logistic_l2_1,0.5,VisualCogB_Task-2
VisualCogB_Task-2,84,-1,-1,0.29357053682632206,raw_qc_pass,target_locked,round1::baseline_logistic_l2_1,0.5,VisualCogB_Task-2
VisualCogB_Task-2,85,1,1,0.5674412605259228,raw_qc_pass,target_locked,round1::baseline_logistic_l2_1,0.5,VisualCogB_Task-2
VisualCogB_Task-2,86,-1,-1,0.4836043088026867,raw_qc_pass,target_locked,round1::baseline_logistic_l2_1,0.5,VisualCogB_Task-2
VisualCogB_Task-2,87,1,-1,0.3787179609624899,raw_qc_pass,target_locked,round1::baseline_logistic_l2_1,0.5,VisualCogB_Task-2
VisualCogB_Task-2,88,-1,-1,0.2760285393134357,raw_qc_pass,target_locked,round1::baseline_logistic_l2_1,0.5,VisualCogB_Task-2
VisualCogB_Task-2,89,1,-1,0.4557145305457138,raw_qc_pass,target_locked,round1::baseline_logistic_l2_1,0.5,VisualCogB_Task-2
VisualCogB_Task-2,90,-1,1,0.5828747826272229,raw_qc_pass,target_locked,round1::baseline_logistic_l2_1,0.5,VisualCogB_Task-2
VisualCogB_Task-2,91,-1,-1,0.3265640140599588,raw_qc_pass,target_locked,round1::baseline_logistic_l2_1,0.5,VisualCogB_Task-2
VisualCogB_Task-2,92,1,1,0.6851953682230855,raw_qc_pass,target_locked,round1::baseline_logistic_l2_1,0.5,VisualCogB_Task-2
VisualCogB_Task-2,93,-1,1,0.5495882151475507,raw_qc_pass,target_locked,round1::baseline_logistic_l2_1,0.5,VisualCogB_Task-2
VisualCogB_Task-2,94,1,-1,0.4339027006332492,raw_qc_pass,target_locked,round1::baseline_logistic_l2_1,0.5,VisualCogB_Task-2
VisualCogB_Task-2,95,1,-1,0.49731091878731515,raw_qc_pass,target_locked,round1::baseline_logistic_l2_1,0.5,VisualCogB_Task-2
VisualCogB_Task-2,96,-1,-1,0.41775384265729476,raw_qc_pass,target_locked,round1::baseline_logistic_l2_1,0.5,VisualCogB_Task-2
VisualCogB_Task-2,97,-1,-1,0.3186685807368262,raw_qc_pass,target_locked,round1::baseline_logistic_l2_1,0.5,VisualCogB_Task-2
VisualCogB_Task-2,98,1,-1,0.4765715240812393,raw_qc_pass,target_locked,round1::baseline_logistic_l2_1,0.5,VisualCogB_Task-2
VisualCogB_Task-2,99,-1,-1,0.26364639979706583,raw_qc_pass,target_locked,round1::baseline_logistic_l2_1,0.5,VisualCogB_Task-2
VisualCogA_Task-1,0,-1,1,0.554214924488074,q1_quality_matched,target_locked,round1::baseline_logistic_l2_1,0.5,VisualCogA_Task-1
VisualCogA_Task-1,1,1,-1,0.3890280786202521,q1_quality_matched,target_locked,round1::baseline_logistic_l2_1,0.5,VisualCogA_Task-1
VisualCogA_Task-1,4,1,1,0.8142496147248326,q1_quality_matched,target_locked,round1::baseline_logistic_l2_1,0.5,VisualCogA_Task-1
VisualCogA_Task-1,5,-1,1,0.7446130983523773,q1_quality_matched,target_locked,round1::baseline_logistic_l2_1,0.5,VisualCogA_Task-1
VisualCogA_Task-1,6,-1,-1,0.3889069723731724,q1_quality_matched,target_locked,round1::baseline_logistic_l2_1,0.5,VisualCogA_Task-1
VisualCogA_Task-1,7,-1,-1,0.45399398912267763,q1_quality_matched,target_locked,round1::baseline_logistic_l2_1,0.5,VisualCogA_Task-1
VisualCogA_Task-1,8,1,1,0.7164056689686894,q1_quality_matched,target_locked,round1::baseline_logistic_l2_1,0.5,VisualCogA_Task-1
VisualCogA_Task-1,9,1,-1,0.4278964287540526,q1_quality_matched,target_locked,round1::baseline_logistic_l2_1,0.5,VisualCogA_Task-1
VisualCogA_Task-1,10,1,-1,0.27499560028954917,q1_quality_matched,target_locked,round1::baseline_logistic_l2_1,0.5,VisualCogA_Task-1
VisualCogA_Task-1,11,1,-1,0.38418823632183907,q1_quality_matched,target_locked,round1::baseline_logistic_l2_1,0.5,VisualCogA_Task-1
VisualCogA_Task-1,12,-1,-1,0.4450496414736542,q1_quality_matched,target_locked,round1::baseline_logistic_l2_1,0.5,VisualCogA_Task-1
VisualCogA_Task-1,15,-1,1,0.7909901563146905,q1_quality_matched,target_locked,round1::baseline_logistic_l2_1,0.5,VisualCogA_Task-1
VisualCogA_Task-1,16,1,1,0.5026254625122475,q1_quality_matched,target_locked,round1::baseline_logistic_l2_1,0.5,VisualCogA_Task-1
VisualCogA_Task-1,17,-1,1,0.5613922457530662,q1_quality_matched,target_locked,round1::baseline_logistic_l2_1,0.5,VisualCogA_Task-1
VisualCogA_Task-1,20,-1,1,0.5147216147898668,q1_quality_matched,target_locked,round1::baseline_logistic_l2_1,0.5,VisualCogA_Task-1
VisualCogA_Task-1,23,-1,1,0.6058357310007917,q1_quality_matched,target_locked,round1::baseline_logistic_l2_1,0.5,VisualCogA_Task-1
VisualCogA_Task-1,24,-1,1,0.5640633601918507,q1_quality_matched,target_locked,round1::baseline_logistic_l2_1,0.5,VisualCogA_Task-1
VisualCogA_Task-1,28,-1,-1,0.41749365261341576,q1_quality_matched,target_locked,round1::baseline_logistic_l2_1,0.5,VisualCogA_Task-1
VisualCogA_Task-1,29,-1,1,0.6308452078546659,q1_quality_matched,target_locked,round1::baseline_logistic_l2_1,0.5,VisualCogA_Task-1
VisualCogA_Task-1,30,-1,-1,0.4524375097664861,q1_quality_matched,target_locked,round1::baseline_logistic_l2_1,0.5,VisualCogA_Task-1
VisualCogA_Task-1,31,1,-1,0.49273275028183794,q1_quality_matched,target_locked,round1::baseline_logistic_l2_1,0.5,VisualCogA_Task-1
VisualCogA_Task-1,32,1,1,0.6162135703252529,q1_quality_matched,target_locked,round1::baseline_logistic_l2_1,0.5,VisualCogA_Task-1
VisualCogA_Task-1,33,-1,-1,0.30379143792906615,q1_quality_matched,target_locked,round1::baseline_logistic_l2_1,0.5,VisualCogA_Task-1
VisualCogA_Task-1,34,1,1,0.5090756823125586,q1_quality_matched,target_locked,round1::baseline_logistic_l2_1,0.5,VisualCogA_Task-1
VisualCogA_Task-1,37,-1,-1,0.405179744734067,q1_quality_matched,target_locked,round1::baseline_logistic_l2_1,0.5,VisualCogA_Task-1
VisualCogA_Task-1,41,1,1,0.5456244141535492,q1_quality_matched,target_locked,round1::baseline_logistic_l2_1,0.5,VisualCogA_Task-1
VisualCogA_Task-1,44,-1,1,0.6496878251987457,q1_quality_matched,target_locked,round1::baseline_logistic_l2_1,0.5,VisualCogA_Task-1
VisualCogA_Task-1,46,-1,-1,0.31281760616231374,q1_quality_matched,target_locked,round1::baseline_logistic_l2_1,0.5,VisualCogA_Task-1
VisualCogA_Task-1,48,-1,1,0.6138749036672456,q1_quality_matched,target_locked,round1::baseline_logistic_l2_1,0.5,VisualCogA_Task-1
VisualCogA_Task-1,49,-1,1,0.5819251606484389,q1_quality_matched,target_locked,round1::baseline_logistic_l2_1,0.5,VisualCogA_Task-1
VisualCogA_Task-1,50,1,1,0.8092406769013242,q1_quality_matched,target_locked,round1::baseline_logistic_l2_1,0.5,VisualCogA_Task-1
VisualCogA_Task-1,54,1,-1,0.44125946745098255,q1_quality_matched,target_locked,round1::baseline_logistic_l2_1,0.5,VisualCogA_Task-1
VisualCogA_Task-1,55,-1,-1,0.3847705574241273,q1_quality_matched,target_locked,round1::baseline_logistic_l2_1,0.5,VisualCogA_Task-1
VisualCogA_Task-1,57,1,1,0.558787560062494,q1_quality_matched,target_locked,round1::baseline_logistic_l2_1,0.5,VisualCogA_Task-1
VisualCogA_Task-1,60,1,-1,0.4511758173689632,q1_quality_matched,target_locked,round1::baseline_logistic_l2_1,0.5,VisualCogA_Task-1
VisualCogA_Task-1,64,-1,1,0.677789291409412,q1_quality_matched,target_locked,round1::baseline_logistic_l2_1,0.5,VisualCogA_Task-1
VisualCogA_Task-1,66,-1,1,0.5633089352771795,q1_quality_matched,target_locked,round1::baseline_logistic_l2_1,0.5,VisualCogA_Task-1
VisualCogA_Task-1,68,1,1,0.5676326806987277,q1_quality_matched,target_locked,round1::baseline_logistic_l2_1,0.5,VisualCogA_Task-1
VisualCogA_Task-1,69,1,-1,0.4942666635422786,q1_quality_matched,target_locked,round1::baseline_logistic_l2_1,0.5,VisualCogA_Task-1
VisualCogA_Task-1,71,1,-1,0.40748833457606726,q1_quality_matched,target_locked,round1::baseline_logistic_l2_1,0.5,VisualCogA_Task-1
VisualCogA_Task-1,72,-1,-1,0.39859070603801783,q1_quality_matched,target_locked,round1::baseline_logistic_l2_1,0.5,VisualCogA_Task-1
VisualCogA_Task-1,73,1,-1,0.29037971858000144,q1_quality_matched,target_locked,round1::baseline_logistic_l2_1,0.5,VisualCogA_Task-1
VisualCogA_Task-1,74,-1,-1,0.4907269144180351,q1_quality_matched,target_locked,round1::baseline_logistic_l2_1,0.5,VisualCogA_Task-1
VisualCogA_Task-1,75,1,-1,0.36713040062069036,q1_quality_matched,target_locked,round1::baseline_logistic_l2_1,0.5,VisualCogA_Task-1
VisualCogA_Task-1,78,-1,-1,0.3547314728081769,q1_quality_matched,target_locked,round1::baseline_logistic_l2_1,0.5,VisualCogA_Task-1
VisualCogA_Task-1,79,-1,-1,0.3957242477386392,q1_quality_matched,target_locked,round1::baseline_logistic_l2_1,0.5,VisualCogA_Task-1
VisualCogA_Task-1,81,1,1,0.6775872330594452,q1_quality_matched,target_locked,round1::baseline_logistic_l2_1,0.5,VisualCogA_Task-1
VisualCogA_Task-1,84,-1,-1,0.37553089716795257,q1_quality_matched,target_locked,round1::baseline_logistic_l2_1,0.5,VisualCogA_Task-1
VisualCogA_Task-1,89,1,1,0.6351543761589927,q1_quality_matched,target_locked,round1::baseline_logistic_l2_1,0.5,VisualCogA_Task-1
VisualCogA_Task-1,90,-1,-1,0.33921802492265646,q1_quality_matched,target_locked,round1::baseline_logistic_l2_1,0.5,VisualCogA_Task-1
VisualCogA_Task-1,91,1,-1,0.43814905601196885,q1_quality_matched,target_locked,round1::baseline_logistic_l2_1,0.5,VisualCogA_Task-1
VisualCogA_Task-1,93,1,1,0.5755638772238796,q1_quality_matched,target_locked,round1::baseline_logistic_l2_1,0.5,VisualCogA_Task-1
VisualCogA_Task-1,94,-1,1,0.627722890013083,q1_quality_matched,target_locked,round1::baseline_logistic_l2_1,0.5,VisualCogA_Task-1
VisualCogA_Task-1,99,1,-1,0.4319431067790731,q1_quality_matched,target_locked,round1::baseline_logistic_l2_1,0.5,VisualCogA_Task-1
VisualCogA_Task-2,0,1,-1,0.4541882268931864,q1_quality_matched,target_locked,round1::baseline_logistic_l2_1,0.5,VisualCogA_Task-2
VisualCogA_Task-2,1,-1,-1,0.3850061219690292,q1_quality_matched,target_locked,round1::baseline_logistic_l2_1,0.5,VisualCogA_Task-2
VisualCogA_Task-2,2,-1,-1,0.3686959739819105,q1_quality_matched,target_locked,round1::baseline_logistic_l2_1,0.5,VisualCogA_Task-2
VisualCogA_Task-2,3,-1,-1,0.36965782768545846,q1_quality_matched,target_locked,round1::baseline_logistic_l2_1,0.5,VisualCogA_Task-2
VisualCogA_Task-2,4,1,-1,0.3530572968959173,q1_quality_matched,target_locked,round1::baseline_logistic_l2_1,0.5,VisualCogA_Task-2
VisualCogA_Task-2,5,-1,1,0.626996137498434,q1_quality_matched,target_locked,round1::baseline_logistic_l2_1,0.5,VisualCogA_Task-2
VisualCogA_Task-2,6,1,-1,0.4601970132046891,q1_quality_matched,target_locked,round1::baseline_logistic_l2_1,0.5,VisualCogA_Task-2
VisualCogA_Task-2,7,1,-1,0.3879073981059141,q1_quality_matched,target_locked,round1::baseline_logistic_l2_1,0.5,VisualCogA_Task-2
VisualCogA_Task-2,8,-1,-1,0.41131437742516586,q1_quality_matched,target_locked,round1::baseline_logistic_l2_1,0.5,VisualCogA_Task-2
VisualCogA_Task-2,9,-1,-1,0.20827241953358197,q1_quality_matched,target_locked,round1::baseline_logistic_l2_1,0.5,VisualCogA_Task-2
VisualCogA_Task-2,10,1,-1,0.4578510653220123,q1_quality_matched,target_locked,round1::baseline_logistic_l2_1,0.5,VisualCogA_Task-2
VisualCogA_Task-2,11,1,-1,0.47052076699264134,q1_quality_matched,target_locked,round1::baseline_logistic_l2_1,0.5,VisualCogA_Task-2
VisualCogA_Task-2,12,1,-1,0.35959366911655954,q1_quality_matched,target_locked,round1::baseline_logistic_l2_1,0.5,VisualCogA_Task-2
VisualCogA_Task-2,13,-1,-1,0.44736118693659305,q1_quality_matched,target_locked,round1::baseline_logistic_l2_1,0.5,VisualCogA_Task-2
VisualCogA_Task-2,14,-1,-1,0.35493503133993753,q1_quality_matched,target_locked,round1::baseline_logistic_l2_1,0.5,VisualCogA_Task-2
VisualCogA_Task-2,15,-1,-1,0.27836572043361957,q1_quality_matched,target_locked,round1::baseline_logistic_l2_1,0.5,VisualCogA_Task-2
VisualCogA_Task-2,16,1,1,0.6421325403049482,q1_quality_matched,target_locked,round1::baseline_logistic_l2_1,0.5,VisualCogA_Task-2
VisualCogA_Task-2,17,1,-1,0.3565235689048295,q1_quality_matched,target_locked,round1::baseline_logistic_l2_1,0.5,VisualCogA_Task-2
VisualCogA_Task-2,18,-1,-1,0.31924469997138427,q1_quality_matched,target_locked,round1::baseline_logistic_l2_1,0.5,VisualCogA_Task-2
VisualCogA_Task-2,19,-1,-1,0.41237310893391,q1_quality_matched,target_locked,round1::baseline_logistic_l2_1,0.5,VisualCogA_Task-2
VisualCogA_Task-2,20,1,-1,0.19921489039526596,q1_quality_matched,target_locked,round1::baseline_logistic_l2_1,0.5,VisualCogA_Task-2
VisualCogA_Task-2,21,-1,-1,0.44027119373220014,q1_quality_matched,target_locked,round1::baseline_logistic_l2_1,0.5,VisualCogA_Task-2
VisualCogA_Task-2,23,1,1,0.6134835161946284,q1_quality_matched,target_locked,round1::baseline_logistic_l2_1,0.5,VisualCogA_Task-2
VisualCogA_Task-2,24,-1,-1,0.35850273792964055,q1_quality_matched,target_locked,round1::baseline_logistic_l2_1,0.5,VisualCogA_Task-2
VisualCogA_Task-2,25,-1,-1,0.26340724890910266,q1_quality_matched,target_locked,round1::baseline_logistic_l2_1,0.5,VisualCogA_Task-2
VisualCogA_Task-2,26,1,1,0.5073503552476054,q1_quality_matched,target_locked,round1::baseline_logistic_l2_1,0.5,VisualCogA_Task-2
VisualCogA_Task-2,27,1,-1,0.46180656197927156,q1_quality_matched,target_locked,round1::baseline_logistic_l2_1,0.5,VisualCogA_Task-2
VisualCogA_Task-2,28,1,-1,0.49596392190195676,q1_quality_matched,target_locked,round1::baseline_logistic_l2_1,0.5,VisualCogA_Task-2
VisualCogA_Task-2,31,-1,-1,0.28264535064076785,q1_quality_matched,target_locked,round1::baseline_logistic_l2_1,0.5,VisualCogA_Task-2
VisualCogA_Task-2,35,1,1,0.5061132401893507,q1_quality_matched,target_locked,round1::baseline_logistic_l2_1,0.5,VisualCogA_Task-2
VisualCogA_Task-2,36,1,-1,0.43120474727032604,q1_quality_matched,target_locked,round1::baseline_logistic_l2_1,0.5,VisualCogA_Task-2
VisualCogA_Task-2,37,-1,-1,0.4942190104133524,q1_quality_matched,target_locked,round1::baseline_logistic_l2_1,0.5,VisualCogA_Task-2
VisualCogA_Task-2,39,-1,1,0.5429613503507472,q1_quality_matched,target_locked,round1::baseline_logistic_l2_1,0.5,VisualCogA_Task-2
VisualCogA_Task-2,41,-1,-1,0.48966340957699717,q1_quality_matched,target_locked,round1::baseline_logistic_l2_1,0.5,VisualCogA_Task-2
VisualCogA_Task-2,43,-1,-1,0.3641955734227678,q1_quality_matched,target_locked,round1::baseline_logistic_l2_1,0.5,VisualCogA_Task-2
VisualCogA_Task-2,45,-1,-1,0.20311657760998858,q1_quality_matched,target_locked,round1::baseline_logistic_l2_1,0.5,VisualCogA_Task-2
VisualCogA_Task-2,46,-1,1,0.6059842523958691,q1_quality_matched,target_locked,round1::baseline_logistic_l2_1,0.5,VisualCogA_Task-2
VisualCogA_Task-2,47,-1,1,0.5042642948254183,q1_quality_matched,target_locked,round1::baseline_logistic_l2_1,0.5,VisualCogA_Task-2
VisualCogA_Task-2,48,1,-1,0.45261184643684993,q1_quality_matched,target_locked,round1::baseline_logistic_l2_1,0.5,VisualCogA_Task-2
VisualCogA_Task-2,49,1,-1,0.4550831111286257,q1_quality_matched,target_locked,round1::baseline_logistic_l2_1,0.5,VisualCogA_Task-2
VisualCogA_Task-2,51,1,1,0.5448169655034605,q1_quality_matched,target_locked,round1::baseline_logistic_l2_1,0.5,VisualCogA_Task-2
VisualCogA_Task-2,52,1,-1,0.35613304716778243,q1_quality_matched,target_locked,round1::baseline_logistic_l2_1,0.5,VisualCogA_Task-2
VisualCogA_Task-2,53,-1,1,0.5068675905596682,q1_quality_matched,target_locked,round1::baseline_logistic_l2_1,0.5,VisualCogA_Task-2
VisualCogA_Task-2,54,-1,1,0.6059486728544654,q1_quality_matched,target_locked,round1::baseline_logistic_l2_1,0.5,VisualCogA_Task-2
VisualCogA_Task-2,55,1,-1,0.4199845636005995,q1_quality_matched,target_locked,round1::baseline_logistic_l2_1,0.5,VisualCogA_Task-2
VisualCogA_Task-2,56,1,1,0.8032692256157421,q1_quality_matched,target_locked,round1::baseline_logistic_l2_1,0.5,VisualCogA_Task-2
VisualCogA_Task-2,57,1,-1,0.31015863642204905,q1_quality_matched,target_locked,round1::baseline_logistic_l2_1,0.5,VisualCogA_Task-2
VisualCogA_Task-2,58,1,1,0.6307751977042557,q1_quality_matched,target_locked,round1::baseline_logistic_l2_1,0.5,VisualCogA_Task-2
VisualCogA_Task-2,60,-1,1,0.6643593990011639,q1_quality_matched,target_locked,round1::baseline_logistic_l2_1,0.5,VisualCogA_Task-2
VisualCogA_Task-2,63,-1,1,0.7517143126436951,q1_quality_matched,target_locked,round1::baseline_logistic_l2_1,0.5,VisualCogA_Task-2
VisualCogA_Task-2,64,1,-1,0.15178873809150545,q1_quality_matched,target_locked,round1::baseline_logistic_l2_1,0.5,VisualCogA_Task-2
VisualCogA_Task-2,65,-1,-1,0.37288130431021393,q1_quality_matched,target_locked,round1::baseline_logistic_l2_1,0.5,VisualCogA_Task-2
VisualCogA_Task-2,66,1,-1,0.43876701854095657,q1_quality_matched,target_locked,round1::baseline_logistic_l2_1,0.5,VisualCogA_Task-2
VisualCogA_Task-2,68,-1,1,0.5217763783882071,q1_quality_matched,target_locked,round1::baseline_logistic_l2_1,0.5,VisualCogA_Task-2
VisualCogA_Task-2,69,-1,-1,0.38753834054970426,q1_quality_matched,target_locked,round1::baseline_logistic_l2_1,0.5,VisualCogA_Task-2
VisualCogA_Task-2,70,1,1,0.5512152540606396,q1_quality_matched,target_locked,round1::baseline_logistic_l2_1,0.5,VisualCogA_Task-2
VisualCogA_Task-2,71,1,1,0.6279322031980762,q1_quality_matched,target_locked,round1::baseline_logistic_l2_1,0.5,VisualCogA_Task-2
VisualCogA_Task-2,72,1,-1,0.28312074690406597,q1_quality_matched,target_locked,round1::baseline_logistic_l2_1,0.5,VisualCogA_Task-2
VisualCogA_Task-2,73,1,-1,0.2788941948666032,q1_quality_matched,target_locked,round1::baseline_logistic_l2_1,0.5,VisualCogA_Task-2
VisualCogA_Task-2,74,-1,-1,0.4076311201247601,q1_quality_matched,target_locked,round1::baseline_logistic_l2_1,0.5,VisualCogA_Task-2
VisualCogA_Task-2,75,-1,1,0.5627704612966662,q1_quality_matched,target_locked,round1::baseline_logistic_l2_1,0.5,VisualCogA_Task-2
VisualCogA_Task-2,76,-1,1,0.5716533228546108,q1_quality_matched,target_locked,round1::baseline_logistic_l2_1,0.5,VisualCogA_Task-2
VisualCogA_Task-2,78,-1,-1,0.4981665028879468,q1_quality_matched,target_locked,round1::baseline_logistic_l2_1,0.5,VisualCogA_Task-2
VisualCogA_Task-2,80,-1,-1,0.34306251640584673,q1_quality_matched,target_locked,round1::baseline_logistic_l2_1,0.5,VisualCogA_Task-2
VisualCogA_Task-2,81,1,-1,0.4922891733564851,q1_quality_matched,target_locked,round1::baseline_logistic_l2_1,0.5,VisualCogA_Task-2
VisualCogA_Task-2,82,1,-1,0.4825165298697053,q1_quality_matched,target_locked,round1::baseline_logistic_l2_1,0.5,VisualCogA_Task-2
VisualCogA_Task-2,83,-1,-1,0.45544617679801824,q1_quality_matched,target_locked,round1::baseline_logistic_l2_1,0.5,VisualCogA_Task-2
VisualCogA_Task-2,84,1,1,0.6155588112304746,q1_quality_matched,target_locked,round1::baseline_logistic_l2_1,0.5,VisualCogA_Task-2
VisualCogA_Task-2,86,-1,-1,0.32924385046885646,q1_quality_matched,target_locked,round1::baseline_logistic_l2_1,0.5,VisualCogA_Task-2
VisualCogA_Task-2,87,1,-1,0.41678239330345346,q1_quality_matched,target_locked,round1::baseline_logistic_l2_1,0.5,VisualCogA_Task-2
VisualCogA_Task-2,88,-1,-1,0.4792076792603019,q1_quality_matched,target_locked,round1::baseline_logistic_l2_1,0.5,VisualCogA_Task-2
VisualCogA_Task-2,89,-1,1,0.558051345234881,q1_quality_matched,target_locked,round1::baseline_logistic_l2_1,0.5,VisualCogA_Task-2
VisualCogA_Task-2,90,-1,-1,0.2903266858610707,q1_quality_matched,target_locked,round1::baseline_logistic_l2_1,0.5,VisualCogA_Task-2
VisualCogA_Task-2,91,-1,-1,0.49992064188269736,q1_quality_matched,target_locked,round1::baseline_logistic_l2_1,0.5,VisualCogA_Task-2
VisualCogA_Task-2,92,1,-1,0.2516115138068605,q1_quality_matched,target_locked,round1::baseline_logistic_l2_1,0.5,VisualCogA_Task-2
VisualCogA_Task-2,94,-1,1,0.5321302037592569,q1_quality_matched,target_locked,round1::baseline_logistic_l2_1,0.5,VisualCogA_Task-2
VisualCogA_Task-2,95,-1,-1,0.3145374586809916,q1_quality_matched,target_locked,round1::baseline_logistic_l2_1,0.5,VisualCogA_Task-2
VisualCogA_Task-2,96,-1,1,0.5535610461337217,q1_quality_matched,target_locked,round1::baseline_logistic_l2_1,0.5,VisualCogA_Task-2
VisualCogA_Task-2,97,-1,-1,0.3730183230557496,q1_quality_matched,target_locked,round1::baseline_logistic_l2_1,0.5,VisualCogA_Task-2
VisualCogA_Task-2,98,-1,1,0.5970571936217992,q1_quality_matched,target_locked,round1::baseline_logistic_l2_1,0.5,VisualCogA_Task-2
VisualCogB_Task-1,0,-1,1,0.5067395236083588,q1_quality_matched,target_locked,round1::baseline_logistic_l2_1,0.5,VisualCogB_Task-1
VisualCogB_Task-1,1,-1,-1,0.4054658017815947,q1_quality_matched,target_locked,round1::baseline_logistic_l2_1,0.5,VisualCogB_Task-1
VisualCogB_Task-1,2,1,-1,0.3421035770417226,q1_quality_matched,target_locked,round1::baseline_logistic_l2_1,0.5,VisualCogB_Task-1
VisualCogB_Task-1,3,-1,-1,0.490642035143788,q1_quality_matched,target_locked,round1::baseline_logistic_l2_1,0.5,VisualCogB_Task-1
VisualCogB_Task-1,4,1,1,0.5432073697897492,q1_quality_matched,target_locked,round1::baseline_logistic_l2_1,0.5,VisualCogB_Task-1
VisualCogB_Task-1,6,1,-1,0.48812291088891574,q1_quality_matched,target_locked,round1::baseline_logistic_l2_1,0.5,VisualCogB_Task-1
VisualCogB_Task-1,7,-1,-1,0.48924942432453805,q1_quality_matched,target_locked,round1::baseline_logistic_l2_1,0.5,VisualCogB_Task-1
VisualCogB_Task-1,8,-1,-1,0.27079667425779774,q1_quality_matched,target_locked,round1::baseline_logistic_l2_1,0.5,VisualCogB_Task-1
VisualCogB_Task-1,9,-1,1,0.5359294587439418,q1_quality_matched,target_locked,round1::baseline_logistic_l2_1,0.5,VisualCogB_Task-1
VisualCogB_Task-1,10,1,1,0.5272725764077497,q1_quality_matched,target_locked,round1::baseline_logistic_l2_1,0.5,VisualCogB_Task-1
VisualCogB_Task-1,11,-1,1,0.5541760219218623,q1_quality_matched,target_locked,round1::baseline_logistic_l2_1,0.5,VisualCogB_Task-1
VisualCogB_Task-1,12,1,-1,0.45084165577691176,q1_quality_matched,target_locked,round1::baseline_logistic_l2_1,0.5,VisualCogB_Task-1
VisualCogB_Task-1,14,-1,1,0.6737874745029793,q1_quality_matched,target_locked,round1::baseline_logistic_l2_1,0.5,VisualCogB_Task-1
VisualCogB_Task-1,15,1,1,0.6561761189585732,q1_quality_matched,target_locked,round1::baseline_logistic_l2_1,0.5,VisualCogB_Task-1
VisualCogB_Task-1,16,-1,-1,0.25855354607882725,q1_quality_matched,target_locked,round1::baseline_logistic_l2_1,0.5,VisualCogB_Task-1
VisualCogB_Task-1,17,-1,1,0.5498789704398317,q1_quality_matched,target_locked,round1::baseline_logistic_l2_1,0.5,VisualCogB_Task-1
VisualCogB_Task-1,18,1,-1,0.3916238831950865,q1_quality_matched,target_locked,round1::baseline_logistic_l2_1,0.5,VisualCogB_Task-1
VisualCogB_Task-1,19,-1,1,0.5351865138811652,q1_quality_matched,target_locked,round1::baseline_logistic_l2_1,0.5,VisualCogB_Task-1
VisualCogB_Task-1,20,1,-1,0.4930127598665926,q1_quality_matched,target_locked,round1::baseline_logistic_l2_1,0.5,VisualCogB_Task-1
VisualCogB_Task-1,21,1,1,0.6032079355148978,q1_quality_matched,target_locked,round1::baseline_logistic_l2_1,0.5,VisualCogB_Task-1
VisualCogB_Task-1,23,1,1,0.6303501843125093,q1_quality_matched,target_locked,round1::baseline_logistic_l2_1,0.5,VisualCogB_Task-1
VisualCogB_Task-1,25,1,1,0.6243400128132213,q1_quality_matched,target_locked,round1::baseline_logistic_l2_1,0.5,VisualCogB_Task-1
VisualCogB_Task-1,26,1,1,0.6484661755499981,q1_quality_matched,target_locked,round1::baseline_logistic_l2_1,0.5,VisualCogB_Task-1
VisualCogB_Task-1,27,1,1,0.6913069832960069,q1_quality_matched,target_locked,round1::baseline_logistic_l2_1,0.5,VisualCogB_Task-1
VisualCogB_Task-1,28,1,1,0.5367778479446502,q1_quality_matched,target_locked,round1::baseline_logistic_l2_1,0.5,VisualCogB_Task-1
VisualCogB_Task-1,29,-1,1,0.5355867823667537,q1_quality_matched,target_locked,round1::baseline_logistic_l2_1,0.5,VisualCogB_Task-1
VisualCogB_Task-1,30,1,1,0.5457128828908625,q1_quality_matched,target_locked,round1::baseline_logistic_l2_1,0.5,VisualCogB_Task-1
VisualCogB_Task-1,31,-1,1,0.5049261455857881,q1_quality_matched,target_locked,round1::baseline_logistic_l2_1,0.5,VisualCogB_Task-1
VisualCogB_Task-1,32,-1,-1,0.4601564644995853,q1_quality_matched,target_locked,round1::baseline_logistic_l2_1,0.5,VisualCogB_Task-1
VisualCogB_Task-1,33,1,1,0.7532321533431285,q1_quality_matched,target_locked,round1::baseline_logistic_l2_1,0.5,VisualCogB_Task-1
VisualCogB_Task-1,34,-1,1,0.5670853503780139,q1_quality_matched,target_locked,round1::baseline_logistic_l2_1,0.5,VisualCogB_Task-1
VisualCogB_Task-1,36,-1,-1,0.43108832526782953,q1_quality_matched,target_locked,round1::baseline_logistic_l2_1,0.5,VisualCogB_Task-1
VisualCogB_Task-1,37,-1,-1,0.37460714213365365,q1_quality_matched,target_locked,round1::baseline_logistic_l2_1,0.5,VisualCogB_Task-1
VisualCogB_Task-1,38,1,-1,0.0812072695433007,q1_quality_matched,target_locked,round1::baseline_logistic_l2_1,0.5,VisualCogB_Task-1
VisualCogB_Task-1,39,1,1,0.6416369369052587,q1_quality_matched,target_locked,round1::baseline_logistic_l2_1,0.5,VisualCogB_Task-1
VisualCogB_Task-1,40,-1,-1,0.4536864882765592,q1_quality_matched,target_locked,round1::baseline_logistic_l2_1,0.5,VisualCogB_Task-1
VisualCogB_Task-1,41,1,-1,0.3716825187435658,q1_quality_matched,target_locked,round1::baseline_logistic_l2_1,0.5,VisualCogB_Task-1
VisualCogB_Task-1,42,1,1,0.5580112457871362,q1_quality_matched,target_locked,round1::baseline_logistic_l2_1,0.5,VisualCogB_Task-1
VisualCogB_Task-1,43,1,-1,0.4348490183187739,q1_quality_matched,target_locked,round1::baseline_logistic_l2_1,0.5,VisualCogB_Task-1
VisualCogB_Task-1,44,1,1,0.5734372395633578,q1_quality_matched,target_locked,round1::baseline_logistic_l2_1,0.5,VisualCogB_Task-1
VisualCogB_Task-1,47,1,1,0.9044466118243841,q1_quality_matched,target_locked,round1::baseline_logistic_l2_1,0.5,VisualCogB_Task-1
VisualCogB_Task-1,48,1,1,0.5203122886183912,q1_quality_matched,target_locked,round1::baseline_logistic_l2_1,0.5,VisualCogB_Task-1
VisualCogB_Task-1,49,-1,-1,0.37730209034429,q1_quality_matched,target_locked,round1::baseline_logistic_l2_1,0.5,VisualCogB_Task-1
VisualCogB_Task-1,50,1,1,0.5829188276954073,q1_quality_matched,target_locked,round1::baseline_logistic_l2_1,0.5,VisualCogB_Task-1
VisualCogB_Task-1,51,-1,1,0.660837598131317,q1_quality_matched,target_locked,round1::baseline_logistic_l2_1,0.5,VisualCogB_Task-1
VisualCogB_Task-1,52,1,1,0.5226222621477433,q1_quality_matched,target_locked,round1::baseline_logistic_l2_1,0.5,VisualCogB_Task-1
VisualCogB_Task-1,54,1,-1,0.4901232665453886,q1_quality_matched,target_locked,round1::baseline_logistic_l2_1,0.5,VisualCogB_Task-1
VisualCogB_Task-1,55,-1,-1,0.2847471447019818,q1_quality_matched,target_locked,round1::baseline_logistic_l2_1,0.5,VisualCogB_Task-1
VisualCogB_Task-1,56,1,1,0.6882361504052654,q1_quality_matched,target_locked,round1::baseline_logistic_l2_1,0.5,VisualCogB_Task-1
VisualCogB_Task-1,58,1,1,0.5454835200958004,q1_quality_matched,target_locked,round1::baseline_logistic_l2_1,0.5,VisualCogB_Task-1
VisualCogB_Task-1,59,1,-1,0.4519981093526296,q1_quality_matched,target_locked,round1::baseline_logistic_l2_1,0.5,VisualCogB_Task-1
VisualCogB_Task-1,60,-1,-1,0.41480469161538425,q1_quality_matched,target_locked,round1::baseline_logistic_l2_1,0.5,VisualCogB_Task-1
VisualCogB_Task-1,61,-1,1,0.5468127101325201,q1_quality_matched,target_locked,round1::baseline_logistic_l2_1,0.5,VisualCogB_Task-1
VisualCogB_Task-1,63,-1,-1,0.4596213714444428,q1_quality_matched,target_locked,round1::baseline_logistic_l2_1,0.5,VisualCogB_Task-1
VisualCogB_Task-1,64,-1,1,0.578642266595261,q1_quality_matched,target_locked,round1::baseline_logistic_l2_1,0.5,VisualCogB_Task-1
VisualCogB_Task-1,66,1,1,0.6077441313217008,q1_quality_matched,target_locked,round1::baseline_logistic_l2_1,0.5,VisualCogB_Task-1
VisualCogB_Task-1,67,1,1,0.5167464635789857,q1_quality_matched,target_locked,round1::baseline_logistic_l2_1,0.5,VisualCogB_Task-1
VisualCogB_Task-1,68,-1,-1,0.48129342838215605,q1_quality_matched,target_locked,round1::baseline_logistic_l2_1,0.5,VisualCogB_Task-1
VisualCogB_Task-1,69,-1,1,0.569576026344133,q1_quality_matched,target_locked,round1::baseline_logistic_l2_1,0.5,VisualCogB_Task-1
VisualCogB_Task-1,71,1,-1,0.4923754197273942,q1_quality_matched,target_locked,round1::baseline_logistic_l2_1,0.5,VisualCogB_Task-1
VisualCogB_Task-1,72,-1,-1,0.42809019395322656,q1_quality_matched,target_locked,round1::baseline_logistic_l2_1,0.5,VisualCogB_Task-1
VisualCogB_Task-1,73,-1,1,0.5796505115347071,q1_quality_matched,target_locked,round1::baseline_logistic_l2_1,0.5,VisualCogB_Task-1
VisualCogB_Task-1,74,1,1,0.6618460146333276,q1_quality_matched,target_locked,round1::baseline_logistic_l2_1,0.5,VisualCogB_Task-1
VisualCogB_Task-1,75,-1,1,0.5034365978366839,q1_quality_matched,target_locked,round1::baseline_logistic_l2_1,0.5,VisualCogB_Task-1
VisualCogB_Task-1,76,-1,1,0.7248689704825833,q1_quality_matched,target_locked,round1::baseline_logistic_l2_1,0.5,VisualCogB_Task-1
VisualCogB_Task-1,78,1,1,0.5543947855820895,q1_quality_matched,target_locked,round1::baseline_logistic_l2_1,0.5,VisualCogB_Task-1
VisualCogB_Task-1,79,-1,-1,0.3238751078311808,q1_quality_matched,target_locked,round1::baseline_logistic_l2_1,0.5,VisualCogB_Task-1
VisualCogB_Task-1,80,-1,1,0.5491131334343634,q1_quality_matched,target_locked,round1::baseline_logistic_l2_1,0.5,VisualCogB_Task-1
VisualCogB_Task-1,81,1,1,0.5914161298502496,q1_quality_matched,target_locked,round1::baseline_logistic_l2_1,0.5,VisualCogB_Task-1
VisualCogB_Task-1,82,-1,1,0.6750391772059111,q1_quality_matched,target_locked,round1::baseline_logistic_l2_1,0.5,VisualCogB_Task-1
VisualCogB_Task-1,83,-1,1,0.5086016912939826,q1_quality_matched,target_locked,round1::baseline_logistic_l2_1,0.5,VisualCogB_Task-1
VisualCogB_Task-1,85,-1,-1,0.390613680138161,q1_quality_matched,target_locked,round1::baseline_logistic_l2_1,0.5,VisualCogB_Task-1
VisualCogB_Task-1,86,-1,1,0.6214860795492307,q1_quality_matched,target_locked,round1::baseline_logistic_l2_1,0.5,VisualCogB_Task-1
VisualCogB_Task-1,88,-1,1,0.5107913639108562,q1_quality_matched,target_locked,round1::baseline_logistic_l2_1,0.5,VisualCogB_Task-1
VisualCogB_Task-1,89,-1,-1,0.4049136720130613,q1_quality_matched,target_locked,round1::baseline_logistic_l2_1,0.5,VisualCogB_Task-1
VisualCogB_Task-1,90,1,1,0.5153855865597802,q1_quality_matched,target_locked,round1::baseline_logistic_l2_1,0.5,VisualCogB_Task-1
VisualCogB_Task-1,92,-1,1,0.5053664091877023,q1_quality_matched,target_locked,round1::baseline_logistic_l2_1,0.5,VisualCogB_Task-1
VisualCogB_Task-1,93,1,-1,0.47586727808128143,q1_quality_matched,target_locked,round1::baseline_logistic_l2_1,0.5,VisualCogB_Task-1
VisualCogB_Task-1,94,-1,1,0.5238805983381583,q1_quality_matched,target_locked,round1::baseline_logistic_l2_1,0.5,VisualCogB_Task-1
VisualCogB_Task-1,95,1,-1,0.21207063061611,q1_quality_matched,target_locked,round1::baseline_logistic_l2_1,0.5,VisualCogB_Task-1
VisualCogB_Task-1,97,1,-1,0.4496876765646931,q1_quality_matched,target_locked,round1::baseline_logistic_l2_1,0.5,VisualCogB_Task-1
VisualCogB_Task-1,98,1,1,0.5601472029742343,q1_quality_matched,target_locked,round1::baseline_logistic_l2_1,0.5,VisualCogB_Task-1
VisualCogB_Task-1,99,1,1,0.5632609458682282,q1_quality_matched,target_locked,round1::baseline_logistic_l2_1,0.5,VisualCogB_Task-1
VisualCogB_Task-2,0,-1,-1,0.44656047876337485,q1_quality_matched,target_locked,round1::baseline_logistic_l2_1,0.5,VisualCogB_Task-2
VisualCogB_Task-2,2,-1,-1,0.25610100411195835,q1_quality_matched,target_locked,round1::baseline_logistic_l2_1,0.5,VisualCogB_Task-2
VisualCogB_Task-2,3,1,-1,0.29562028297255327,q1_quality_matched,target_locked,round1::baseline_logistic_l2_1,0.5,VisualCogB_Task-2
VisualCogB_Task-2,4,-1,1,0.657090547197245,q1_quality_matched,target_locked,round1::baseline_logistic_l2_1,0.5,VisualCogB_Task-2
VisualCogB_Task-2,5,1,1,0.5955054908899238,q1_quality_matched,target_locked,round1::baseline_logistic_l2_1,0.5,VisualCogB_Task-2
VisualCogB_Task-2,7,1,-1,0.4751543758206366,q1_quality_matched,target_locked,round1::baseline_logistic_l2_1,0.5,VisualCogB_Task-2
VisualCogB_Task-2,8,1,-1,0.32454237149101933,q1_quality_matched,target_locked,round1::baseline_logistic_l2_1,0.5,VisualCogB_Task-2
VisualCogB_Task-2,10,1,-1,0.23227282693855017,q1_quality_matched,target_locked,round1::baseline_logistic_l2_1,0.5,VisualCogB_Task-2
VisualCogB_Task-2,11,1,-1,0.34685064209169814,q1_quality_matched,target_locked,round1::baseline_logistic_l2_1,0.5,VisualCogB_Task-2
VisualCogB_Task-2,12,1,1,0.657760178133049,q1_quality_matched,target_locked,round1::baseline_logistic_l2_1,0.5,VisualCogB_Task-2
VisualCogB_Task-2,16,-1,-1,0.34023258552882096,q1_quality_matched,target_locked,round1::baseline_logistic_l2_1,0.5,VisualCogB_Task-2
VisualCogB_Task-2,17,1,1,0.7002139464608114,q1_quality_matched,target_locked,round1::baseline_logistic_l2_1,0.5,VisualCogB_Task-2
VisualCogB_Task-2,18,1,-1,0.4600047006942706,q1_quality_matched,target_locked,round1::baseline_logistic_l2_1,0.5,VisualCogB_Task-2
VisualCogB_Task-2,20,1,-1,0.40344871218296,q1_quality_matched,target_locked,round1::baseline_logistic_l2_1,0.5,VisualCogB_Task-2
VisualCogB_Task-2,21,1,-1,0.449244066808018,q1_quality_matched,target_locked,round1::baseline_logistic_l2_1,0.5,VisualCogB_Task-2
VisualCogB_Task-2,23,-1,1,0.5042875514776236,q1_quality_matched,target_locked,round1::baseline_logistic_l2_1,0.5,VisualCogB_Task-2
VisualCogB_Task-2,24,-1,-1,0.44275390803094816,q1_quality_matched,target_locked,round1::baseline_logistic_l2_1,0.5,VisualCogB_Task-2
VisualCogB_Task-2,25,1,-1,0.32631102250212324,q1_quality_matched,target_locked,round1::baseline_logistic_l2_1,0.5,VisualCogB_Task-2
VisualCogB_Task-2,26,-1,-1,0.32450932933544724,q1_quality_matched,target_locked,round1::baseline_logistic_l2_1,0.5,VisualCogB_Task-2
VisualCogB_Task-2,27,-1,-1,0.3543687385329042,q1_quality_matched,target_locked,round1::baseline_logistic_l2_1,0.5,VisualCogB_Task-2
VisualCogB_Task-2,28,-1,-1,0.4502417293463917,q1_quality_matched,target_locked,round1::baseline_logistic_l2_1,0.5,VisualCogB_Task-2
VisualCogB_Task-2,29,1,-1,0.4453780775704569,q1_quality_matched,target_locked,round1::baseline_logistic_l2_1,0.5,VisualCogB_Task-2
VisualCogB_Task-2,30,1,-1,0.30285806172809326,q1_quality_matched,target_locked,round1::baseline_logistic_l2_1,0.5,VisualCogB_Task-2
VisualCogB_Task-2,31,1,1,0.9340852006917385,q1_quality_matched,target_locked,round1::baseline_logistic_l2_1,0.5,VisualCogB_Task-2
VisualCogB_Task-2,32,1,-1,0.2629731571206577,q1_quality_matched,target_locked,round1::baseline_logistic_l2_1,0.5,VisualCogB_Task-2
VisualCogB_Task-2,33,1,1,0.670200443832494,q1_quality_matched,target_locked,round1::baseline_logistic_l2_1,0.5,VisualCogB_Task-2
VisualCogB_Task-2,34,-1,-1,0.3655530673520073,q1_quality_matched,target_locked,round1::baseline_logistic_l2_1,0.5,VisualCogB_Task-2
VisualCogB_Task-2,35,1,-1,0.4744133677686198,q1_quality_matched,target_locked,round1::baseline_logistic_l2_1,0.5,VisualCogB_Task-2
VisualCogB_Task-2,36,-1,1,0.7721494937647473,q1_quality_matched,target_locked,round1::baseline_logistic_l2_1,0.5,VisualCogB_Task-2
VisualCogB_Task-2,37,-1,-1,0.31745013871908356,q1_quality_matched,target_locked,round1::baseline_logistic_l2_1,0.5,VisualCogB_Task-2
VisualCogB_Task-2,38,1,-1,0.2611813784517657,q1_quality_matched,target_locked,round1::baseline_logistic_l2_1,0.5,VisualCogB_Task-2
VisualCogB_Task-2,39,1,-1,0.38072197417280684,q1_quality_matched,target_locked,round1::baseline_logistic_l2_1,0.5,VisualCogB_Task-2
VisualCogB_Task-2,40,1,-1,0.3917343271430285,q1_quality_matched,target_locked,round1::baseline_logistic_l2_1,0.5,VisualCogB_Task-2
VisualCogB_Task-2,41,-1,-1,0.3945570973546177,q1_quality_matched,target_locked,round1::baseline_logistic_l2_1,0.5,VisualCogB_Task-2
VisualCogB_Task-2,43,1,1,0.6080872161477412,q1_quality_matched,target_locked,round1::baseline_logistic_l2_1,0.5,VisualCogB_Task-2
VisualCogB_Task-2,44,-1,-1,0.36608441691090715,q1_quality_matched,target_locked,round1::baseline_logistic_l2_1,0.5,VisualCogB_Task-2
VisualCogB_Task-2,45,-1,-1,0.24205912213319056,q1_quality_matched,target_locked,round1::baseline_logistic_l2_1,0.5,VisualCogB_Task-2
VisualCogB_Task-2,46,1,-1,0.2734250298883258,q1_quality_matched,target_locked,round1::baseline_logistic_l2_1,0.5,VisualCogB_Task-2
VisualCogB_Task-2,47,-1,-1,0.32427089856973856,q1_quality_matched,target_locked,round1::baseline_logistic_l2_1,0.5,VisualCogB_Task-2
VisualCogB_Task-2,48,1,-1,0.3625672731284394,q1_quality_matched,target_locked,round1::baseline_logistic_l2_1,0.5,VisualCogB_Task-2
VisualCogB_Task-2,50,-1,-1,0.441975436799543,q1_quality_matched,target_locked,round1::baseline_logistic_l2_1,0.5,VisualCogB_Task-2
VisualCogB_Task-2,51,-1,-1,0.36045313805933776,q1_quality_matched,target_locked,round1::baseline_logistic_l2_1,0.5,VisualCogB_Task-2
VisualCogB_Task-2,52,1,-1,0.4062826710320527,q1_quality_matched,target_locked,round1::baseline_logistic_l2_1,0.5,VisualCogB_Task-2
VisualCogB_Task-2,54,1,-1,0.25504515838847874,q1_quality_matched,target_locked,round1::baseline_logistic_l2_1,0.5,VisualCogB_Task-2
VisualCogB_Task-2,57,-1,-1,0.4777156332926439,q1_quality_matched,target_locked,round1::baseline_logistic_l2_1,0.5,VisualCogB_Task-2
VisualCogB_Task-2,59,-1,1,0.5560690394544091,q1_quality_matched,target_locked,round1::baseline_logistic_l2_1,0.5,VisualCogB_Task-2
VisualCogB_Task-2,60,-1,1,0.5093186911959042,q1_quality_matched,target_locked,round1::baseline_logistic_l2_1,0.5,VisualCogB_Task-2
VisualCogB_Task-2,61,1,1,0.5680154651269269,q1_quality_matched,target_locked,round1::baseline_logistic_l2_1,0.5,VisualCogB_Task-2
VisualCogB_Task-2,62,-1,-1,0.4878496020867369,q1_quality_matched,target_locked,round1::baseline_logistic_l2_1,0.5,VisualCogB_Task-2
VisualCogB_Task-2,63,-1,-1,0.46338110673539035,q1_quality_matched,target_locked,round1::baseline_logistic_l2_1,0.5,VisualCogB_Task-2
VisualCogB_Task-2,64,1,1,0.6800594448675205,q1_quality_matched,target_locked,round1::baseline_logistic_l2_1,0.5,VisualCogB_Task-2
VisualCogB_Task-2,66,1,-1,0.472978877605208,q1_quality_matched,target_locked,round1::baseline_logistic_l2_1,0.5,VisualCogB_Task-2
VisualCogB_Task-2,67,1,-1,0.33612784293373565,q1_quality_matched,target_locked,round1::baseline_logistic_l2_1,0.5,VisualCogB_Task-2
VisualCogB_Task-2,68,-1,1,0.5782068788438874,q1_quality_matched,target_locked,round1::baseline_logistic_l2_1,0.5,VisualCogB_Task-2
VisualCogB_Task-2,69,-1,-1,0.46726141691166223,q1_quality_matched,target_locked,round1::baseline_logistic_l2_1,0.5,VisualCogB_Task-2
VisualCogB_Task-2,70,1,1,0.5049065760431531,q1_quality_matched,target_locked,round1::baseline_logistic_l2_1,0.5,VisualCogB_Task-2
VisualCogB_Task-2,71,1,-1,0.4561344359957448,q1_quality_matched,target_locked,round1::baseline_logistic_l2_1,0.5,VisualCogB_Task-2
VisualCogB_Task-2,72,1,-1,0.47880201415161583,q1_quality_matched,target_locked,round1::baseline_logistic_l2_1,0.5,VisualCogB_Task-2
VisualCogB_Task-2,73,-1,1,0.5426272415390662,q1_quality_matched,target_locked,round1::baseline_logistic_l2_1,0.5,VisualCogB_Task-2
VisualCogB_Task-2,74,-1,-1,0.41499408467943166,q1_quality_matched,target_locked,round1::baseline_logistic_l2_1,0.5,VisualCogB_Task-2
VisualCogB_Task-2,75,1,-1,0.3271113442054632,q1_quality_matched,target_locked,round1::baseline_logistic_l2_1,0.5,VisualCogB_Task-2
VisualCogB_Task-2,76,1,-1,0.4960423003628278,q1_quality_matched,target_locked,round1::baseline_logistic_l2_1,0.5,VisualCogB_Task-2
VisualCogB_Task-2,77,-1,1,0.530747217750953,q1_quality_matched,target_locked,round1::baseline_logistic_l2_1,0.5,VisualCogB_Task-2
VisualCogB_Task-2,79,-1,-1,0.48642511215986456,q1_quality_matched,target_locked,round1::baseline_logistic_l2_1,0.5,VisualCogB_Task-2
VisualCogB_Task-2,82,1,1,0.5018922413331524,q1_quality_matched,target_locked,round1::baseline_logistic_l2_1,0.5,VisualCogB_Task-2
VisualCogB_Task-2,83,-1,-1,0.3794600737516163,q1_quality_matched,target_locked,round1::baseline_logistic_l2_1,0.5,VisualCogB_Task-2
VisualCogB_Task-2,85,1,1,0.5338084207835608,q1_quality_matched,target_locked,round1::baseline_logistic_l2_1,0.5,VisualCogB_Task-2
VisualCogB_Task-2,86,-1,1,0.5256517815393335,q1_quality_matched,target_locked,round1::baseline_logistic_l2_1,0.5,VisualCogB_Task-2
VisualCogB_Task-2,87,1,-1,0.2750756734353539,q1_quality_matched,target_locked,round1::baseline_logistic_l2_1,0.5,VisualCogB_Task-2
VisualCogB_Task-2,88,-1,-1,0.28257036304673006,q1_quality_matched,target_locked,round1::baseline_logistic_l2_1,0.5,VisualCogB_Task-2
VisualCogB_Task-2,89,1,-1,0.41040604698438,q1_quality_matched,target_locked,round1::baseline_logistic_l2_1,0.5,VisualCogB_Task-2
VisualCogB_Task-2,91,-1,-1,0.3396049009632791,q1_quality_matched,target_locked,round1::baseline_logistic_l2_1,0.5,VisualCogB_Task-2
VisualCogB_Task-2,92,1,1,0.6885053257744824,q1_quality_matched,target_locked,round1::baseline_logistic_l2_1,0.5,VisualCogB_Task-2
VisualCogB_Task-2,93,-1,1,0.6521069828700555,q1_quality_matched,target_locked,round1::baseline_logistic_l2_1,0.5,VisualCogB_Task-2
VisualCogB_Task-2,94,1,-1,0.1928070154498025,q1_quality_matched,target_locked,round1::baseline_logistic_l2_1,0.5,VisualCogB_Task-2
VisualCogB_Task-2,95,1,1,0.5514384527390493,q1_quality_matched,target_locked,round1::baseline_logistic_l2_1,0.5,VisualCogB_Task-2
VisualCogB_Task-2,96,-1,1,0.7343233788954588,q1_quality_matched,target_locked,round1::baseline_logistic_l2_1,0.5,VisualCogB_Task-2
VisualCogB_Task-2,97,-1,-1,0.2832509054839155,q1_quality_matched,target_locked,round1::baseline_logistic_l2_1,0.5,VisualCogB_Task-2
VisualCogB_Task-2,98,1,1,0.7211927459864043,q1_quality_matched,target_locked,round1::baseline_logistic_l2_1,0.5,VisualCogB_Task-2
VisualCogB_Task-2,99,-1,-1,0.30734760636077196,q1_quality_matched,target_locked,round1::baseline_logistic_l2_1,0.5,VisualCogB_Task-2
