record,original_trial_index,true_cue_side,predicted_cue_side,score_right,sample,stage,candidate,threshold,held_out_record
VisualCogA_Task-1,0,-1,1,0.5879802305561821,raw_qc_pass,cue_locked,temporal::logistic_erp_50ms_l2_0.1,0.55,VisualCogA_Task-1
VisualCogA_Task-1,1,1,1,0.5795303232478074,raw_qc_pass,cue_locked,temporal::logistic_erp_50ms_l2_0.1,0.55,VisualCogA_Task-1
VisualCogA_Task-1,2,-1,-1,0.26204690932507196,raw_qc_pass,cue_locked,temporal::logistic_erp_50ms_l2_0.1,0.55,VisualCogA_Task-1
VisualCogA_Task-1,3,-1,-1,0.3874869584718558,raw_qc_pass,cue_locked,temporal::logistic_erp_50ms_l2_0.1,0.55,VisualCogA_Task-1
VisualCogA_Task-1,4,1,1,0.6457277497538492,raw_qc_pass,cue_locked,temporal::logistic_erp_50ms_l2_0.1,0.55,VisualCogA_Task-1
VisualCogA_Task-1,5,-1,-1,0.5363241407044572,raw_qc_pass,cue_locked,temporal::logistic_erp_50ms_l2_0.1,0.55,VisualCogA_Task-1
VisualCogA_Task-1,6,-1,-1,0.4909684831328494,raw_qc_pass,cue_locked,temporal::logistic_erp_50ms_l2_0.1,0.55,VisualCogA_Task-1
VisualCogA_Task-1,7,-1,-1,0.4715749030174654,raw_qc_pass,cue_locked,temporal::logistic_erp_50ms_l2_0.1,0.55,VisualCogA_Task-1
VisualCogA_Task-1,8,1,1,0.6808689047863464,raw_qc_pass,cue_locked,temporal::logistic_erp_50ms_l2_0.1,0.55,VisualCogA_Task-1
VisualCogA_Task-1,9,1,-1,0.424732779185261,raw_qc_pass,cue_locked,temporal::logistic_erp_50ms_l2_0.1,0.55,VisualCogA_Task-1
VisualCogA_Task-1,10,1,1,0.6057479399832465,raw_qc_pass,cue_locked,temporal::logistic_erp_50ms_l2_0.1,0.55,VisualCogA_Task-1
VisualCogA_Task-1,11,1,-1,0.42116999644141684,raw_qc_pass,cue_locked,temporal::logistic_erp_50ms_l2_0.1,0.55,VisualCogA_Task-1
VisualCogA_Task-1,12,-1,1,0.5769584104579423,raw_qc_pass,cue_locked,temporal::logistic_erp_50ms_l2_0.1,0.55,VisualCogA_Task-1
VisualCogA_Task-1,13,-1,-1,0.30722995768297934,raw_qc_pass,cue_locked,temporal::logistic_erp_50ms_l2_0.1,0.55,VisualCogA_Task-1
VisualCogA_Task-1,14,1,1,0.5841274725874277,raw_qc_pass,cue_locked,temporal::logistic_erp_50ms_l2_0.1,0.55,VisualCogA_Task-1
VisualCogA_Task-1,15,-1,-1,0.4034723546990241,raw_qc_pass,cue_locked,temporal::logistic_erp_50ms_l2_0.1,0.55,VisualCogA_Task-1
VisualCogA_Task-1,16,1,-1,0.451581497704222,raw_qc_pass,cue_locked,temporal::logistic_erp_50ms_l2_0.1,0.55,VisualCogA_Task-1
VisualCogA_Task-1,17,-1,1,0.8018624941978603,raw_qc_pass,cue_locked,temporal::logistic_erp_50ms_l2_0.1,0.55,VisualCogA_Task-1
VisualCogA_Task-1,18,-1,-1,0.3893756079800566,raw_qc_pass,cue_locked,temporal::logistic_erp_50ms_l2_0.1,0.55,VisualCogA_Task-1
VisualCogA_Task-1,19,1,-1,0.08464885079723825,raw_qc_pass,cue_locked,temporal::logistic_erp_50ms_l2_0.1,0.55,VisualCogA_Task-1
VisualCogA_Task-1,20,-1,-1,0.49513536481394416,raw_qc_pass,cue_locked,temporal::logistic_erp_50ms_l2_0.1,0.55,VisualCogA_Task-1
VisualCogA_Task-1,21,-1,-1,0.5376477517830157,raw_qc_pass,cue_locked,temporal::logistic_erp_50ms_l2_0.1,0.55,VisualCogA_Task-1
VisualCogA_Task-1,22,1,-1,0.465962225527676,raw_qc_pass,cue_locked,temporal::logistic_erp_50ms_l2_0.1,0.55,VisualCogA_Task-1
VisualCogA_Task-1,23,-1,1,0.9180736571822191,raw_qc_pass,cue_locked,temporal::logistic_erp_50ms_l2_0.1,0.55,VisualCogA_Task-1
VisualCogA_Task-1,24,-1,-1,0.35392843928160045,raw_qc_pass,cue_locked,temporal::logistic_erp_50ms_l2_0.1,0.55,VisualCogA_Task-1
VisualCogA_Task-1,25,1,1,0.956685118049214,raw_qc_pass,cue_locked,temporal::logistic_erp_50ms_l2_0.1,0.55,VisualCogA_Task-1
VisualCogA_Task-1,26,1,-1,0.3230271174297126,raw_qc_pass,cue_locked,temporal::logistic_erp_50ms_l2_0.1,0.55,VisualCogA_Task-1
VisualCogA_Task-1,27,-1,1,0.7547740530729553,raw_qc_pass,cue_locked,temporal::logistic_erp_50ms_l2_0.1,0.55,VisualCogA_Task-1
VisualCogA_Task-1,28,-1,1,0.6156611778152173,raw_qc_pass,cue_locked,temporal::logistic_erp_50ms_l2_0.1,0.55,VisualCogA_Task-1
VisualCogA_Task-1,29,-1,-1,0.20979369758955396,raw_qc_pass,cue_locked,temporal::logistic_erp_50ms_l2_0.1,0.55,VisualCogA_Task-1
VisualCogA_Task-1,30,-1,1,0.6646460011562537,raw_qc_pass,cue_locked,temporal::logistic_erp_50ms_l2_0.1,0.55,VisualCogA_Task-1
VisualCogA_Task-1,31,1,-1,0.37429972474602824,raw_qc_pass,cue_locked,temporal::logistic_erp_50ms_l2_0.1,0.55,VisualCogA_Task-1
VisualCogA_Task-1,32,1,1,0.5928255168086182,raw_qc_pass,cue_locked,temporal::logistic_erp_50ms_l2_0.1,0.55,VisualCogA_Task-1
VisualCogA_Task-1,33,-1,-1,0.4533324908431011,raw_qc_pass,cue_locked,temporal::logistic_erp_50ms_l2_0.1,0.55,VisualCogA_Task-1
VisualCogA_Task-1,34,1,1,0.5557824790586341,raw_qc_pass,cue_locked,temporal::logistic_erp_50ms_l2_0.1,0.55,VisualCogA_Task-1
VisualCogA_Task-1,35,-1,-1,0.2092635670490635,raw_qc_pass,cue_locked,temporal::logistic_erp_50ms_l2_0.1,0.55,VisualCogA_Task-1
VisualCogA_Task-1,36,-1,-1,0.3462176908003274,raw_qc_pass,cue_locked,temporal::logistic_erp_50ms_l2_0.1,0.55,VisualCogA_Task-1
VisualCogA_Task-1,37,-1,-1,0.548816805753894,raw_qc_pass,cue_locked,temporal::logistic_erp_50ms_l2_0.1,0.55,VisualCogA_Task-1
VisualCogA_Task-1,38,-1,-1,0.0044074133245137,raw_qc_pass,cue_locked,temporal::logistic_erp_50ms_l2_0.1,0.55,VisualCogA_Task-1
VisualCogA_Task-1,39,-1,1,0.6824621347920861,raw_qc_pass,cue_locked,temporal::logistic_erp_50ms_l2_0.1,0.55,VisualCogA_Task-1
VisualCogA_Task-1,40,-1,1,0.7179260528393402,raw_qc_pass,cue_locked,temporal::logistic_erp_50ms_l2_0.1,0.55,VisualCogA_Task-1
VisualCogA_Task-1,41,1,-1,0.4491430185679853,raw_qc_pass,cue_locked,temporal::logistic_erp_50ms_l2_0.1,0.55,VisualCogA_Task-1
VisualCogA_Task-1,42,-1,1,0.6044591634348593,raw_qc_pass,cue_locked,temporal::logistic_erp_50ms_l2_0.1,0.55,VisualCogA_Task-1
VisualCogA_Task-1,43,1,-1,0.4965697714337179,raw_qc_pass,cue_locked,temporal::logistic_erp_50ms_l2_0.1,0.55,VisualCogA_Task-1
VisualCogA_Task-1,44,-1,1,0.552831534205742,raw_qc_pass,cue_locked,temporal::logistic_erp_50ms_l2_0.1,0.55,VisualCogA_Task-1
VisualCogA_Task-1,45,-1,-1,0.43622201212079226,raw_qc_pass,cue_locked,temporal::logistic_erp_50ms_l2_0.1,0.55,VisualCogA_Task-1
VisualCogA_Task-1,46,-1,1,0.6192503216271512,raw_qc_pass,cue_locked,temporal::logistic_erp_50ms_l2_0.1,0.55,VisualCogA_Task-1
VisualCogA_Task-1,47,1,-1,0.3819550223246787,raw_qc_pass,cue_locked,temporal::logistic_erp_50ms_l2_0.1,0.55,VisualCogA_Task-1
VisualCogA_Task-1,48,-1,-1,0.5100316407938467,raw_qc_pass,cue_locked,temporal::logistic_erp_50ms_l2_0.1,0.55,VisualCogA_Task-1
VisualCogA_Task-1,49,-1,1,0.7607562445791647,raw_qc_pass,cue_locked,temporal::logistic_erp_50ms_l2_0.1,0.55,VisualCogA_Task-1
VisualCogA_Task-1,50,1,-1,0.3705157951138789,raw_qc_pass,cue_locked,temporal::logistic_erp_50ms_l2_0.1,0.55,VisualCogA_Task-1
VisualCogA_Task-1,51,1,1,0.5823759314782496,raw_qc_pass,cue_locked,temporal::logistic_erp_50ms_l2_0.1,0.55,VisualCogA_Task-1
VisualCogA_Task-1,52,1,1,0.5703274108962573,raw_qc_pass,cue_locked,temporal::logistic_erp_50ms_l2_0.1,0.55,VisualCogA_Task-1
VisualCogA_Task-1,53,-1,-1,0.2980905274002341,raw_qc_pass,cue_locked,temporal::logistic_erp_50ms_l2_0.1,0.55,VisualCogA_Task-1
VisualCogA_Task-1,54,1,-1,0.21016406829876075,raw_qc_pass,cue_locked,temporal::logistic_erp_50ms_l2_0.1,0.55,VisualCogA_Task-1
VisualCogA_Task-1,55,-1,1,0.6173045040789319,raw_qc_pass,cue_locked,temporal::logistic_erp_50ms_l2_0.1,0.55,VisualCogA_Task-1
VisualCogA_Task-1,56,-1,-1,0.49311666082152156,raw_qc_pass,cue_locked,temporal::logistic_erp_50ms_l2_0.1,0.55,VisualCogA_Task-1
VisualCogA_Task-1,57,1,-1,0.4046377769476574,raw_qc_pass,cue_locked,temporal::logistic_erp_50ms_l2_0.1,0.55,VisualCogA_Task-1
VisualCogA_Task-1,58,1,-1,0.3306804686764175,raw_qc_pass,cue_locked,temporal::logistic_erp_50ms_l2_0.1,0.55,VisualCogA_Task-1
VisualCogA_Task-1,59,-1,-1,0.4572276746450738,raw_qc_pass,cue_locked,temporal::logistic_erp_50ms_l2_0.1,0.55,VisualCogA_Task-1
VisualCogA_Task-1,60,1,-1,0.16541605047907865,raw_qc_pass,cue_locked,temporal::logistic_erp_50ms_l2_0.1,0.55,VisualCogA_Task-1
VisualCogA_Task-1,61,-1,-1,0.4621402703271078,raw_qc_pass,cue_locked,temporal::logistic_erp_50ms_l2_0.1,0.55,VisualCogA_Task-1
VisualCogA_Task-1,62,1,1,0.6110023975588609,raw_qc_pass,cue_locked,temporal::logistic_erp_50ms_l2_0.1,0.55,VisualCogA_Task-1
VisualCogA_Task-1,63,1,1,0.6549942009417014,raw_qc_pass,cue_locked,temporal::logistic_erp_50ms_l2_0.1,0.55,VisualCogA_Task-1
VisualCogA_Task-1,64,-1,1,0.5783262650394133,raw_qc_pass,cue_locked,temporal::logistic_erp_50ms_l2_0.1,0.55,VisualCogA_Task-1
VisualCogA_Task-1,65,1,1,0.658345957953749,raw_qc_pass,cue_locked,temporal::logistic_erp_50ms_l2_0.1,0.55,VisualCogA_Task-1
VisualCogA_Task-1,66,-1,1,0.5734809033970557,raw_qc_pass,cue_locked,temporal::logistic_erp_50ms_l2_0.1,0.55,VisualCogA_Task-1
VisualCogA_Task-1,67,-1,-1,0.4475175439303638,raw_qc_pass,cue_locked,temporal::logistic_erp_50ms_l2_0.1,0.55,VisualCogA_Task-1
VisualCogA_Task-1,68,1,-1,0.5245023457982736,raw_qc_pass,cue_locked,temporal::logistic_erp_50ms_l2_0.1,0.55,VisualCogA_Task-1
VisualCogA_Task-1,69,1,1,0.6568004615483322,raw_qc_pass,cue_locked,temporal::logistic_erp_50ms_l2_0.1,0.55,VisualCogA_Task-1
VisualCogA_Task-1,70,-1,-1,0.4981676826838128,raw_qc_pass,cue_locked,temporal::logistic_erp_50ms_l2_0.1,0.55,VisualCogA_Task-1
VisualCogA_Task-1,71,1,-1,0.43993850432140175,raw_qc_pass,cue_locked,temporal::logistic_erp_50ms_l2_0.1,0.55,VisualCogA_Task-1
VisualCogA_Task-1,72,-1,1,0.6015971491601739,raw_qc_pass,cue_locked,temporal::logistic_erp_50ms_l2_0.1,0.55,VisualCogA_Task-1
VisualCogA_Task-1,73,1,-1,0.44495129052023497,raw_qc_pass,cue_locked,temporal::logistic_erp_50ms_l2_0.1,0.55,VisualCogA_Task-1
VisualCogA_Task-1,74,-1,1,0.710334019685578,raw_qc_pass,cue_locked,temporal::logistic_erp_50ms_l2_0.1,0.55,VisualCogA_Task-1
VisualCogA_Task-1,75,1,-1,0.35155407431245916,raw_qc_pass,cue_locked,temporal::logistic_erp_50ms_l2_0.1,0.55,VisualCogA_Task-1
VisualCogA_Task-1,76,-1,1,0.6115347950500578,raw_qc_pass,cue_locked,temporal::logistic_erp_50ms_l2_0.1,0.55,VisualCogA_Task-1
VisualCogA_Task-1,77,-1,-1,0.41258634851383247,raw_qc_pass,cue_locked,temporal::logistic_erp_50ms_l2_0.1,0.55,VisualCogA_Task-1
VisualCogA_Task-1,78,-1,-1,0.516072711745038,raw_qc_pass,cue_locked,temporal::logistic_erp_50ms_l2_0.1,0.55,VisualCogA_Task-1
VisualCogA_Task-1,79,-1,1,0.6422997489923139,raw_qc_pass,cue_locked,temporal::logistic_erp_50ms_l2_0.1,0.55,VisualCogA_Task-1
VisualCogA_Task-1,80,-1,-1,0.45890794636428717,raw_qc_pass,cue_locked,temporal::logistic_erp_50ms_l2_0.1,0.55,VisualCogA_Task-1
VisualCogA_Task-1,81,1,1,0.574047180783826,raw_qc_pass,cue_locked,temporal::logistic_erp_50ms_l2_0.1,0.55,VisualCogA_Task-1
VisualCogA_Task-1,82,-1,1,0.581102901594688,raw_qc_pass,cue_locked,temporal::logistic_erp_50ms_l2_0.1,0.55,VisualCogA_Task-1
VisualCogA_Task-1,83,1,-1,0.4860513876125305,raw_qc_pass,cue_locked,temporal::logistic_erp_50ms_l2_0.1,0.55,VisualCogA_Task-1
VisualCogA_Task-1,84,-1,1,0.6299203548983577,raw_qc_pass,cue_locked,temporal::logistic_erp_50ms_l2_0.1,0.55,VisualCogA_Task-1
VisualCogA_Task-1,85,1,1,0.8582315843139637,raw_qc_pass,cue_locked,temporal::logistic_erp_50ms_l2_0.1,0.55,VisualCogA_Task-1
VisualCogA_Task-1,86,1,-1,0.41907013719561986,raw_qc_pass,cue_locked,temporal::logistic_erp_50ms_l2_0.1,0.55,VisualCogA_Task-1
VisualCogA_Task-1,87,1,-1,0.52422684260577,raw_qc_pass,cue_locked,temporal::logistic_erp_50ms_l2_0.1,0.55,VisualCogA_Task-1
VisualCogA_Task-1,88,1,1,0.5747575135275778,raw_qc_pass,cue_locked,temporal::logistic_erp_50ms_l2_0.1,0.55,VisualCogA_Task-1
VisualCogA_Task-1,89,1,-1,0.4487334940597919,raw_qc_pass,cue_locked,temporal::logistic_erp_50ms_l2_0.1,0.55,VisualCogA_Task-1
VisualCogA_Task-1,90,-1,-1,0.5487966970855406,raw_qc_pass,cue_locked,temporal::logistic_erp_50ms_l2_0.1,0.55,VisualCogA_Task-1
VisualCogA_Task-1,91,1,-1,0.4785542537268832,raw_qc_pass,cue_locked,temporal::logistic_erp_50ms_l2_0.1,0.55,VisualCogA_Task-1
VisualCogA_Task-1,92,1,-1,0.5075156650837515,raw_qc_pass,cue_locked,temporal::logistic_erp_50ms_l2_0.1,0.55,VisualCogA_Task-1
VisualCogA_Task-1,93,1,1,0.6375840323974868,raw_qc_pass,cue_locked,temporal::logistic_erp_50ms_l2_0.1,0.55,VisualCogA_Task-1
VisualCogA_Task-1,94,-1,-1,0.5209356208162128,raw_qc_pass,cue_locked,temporal::logistic_erp_50ms_l2_0.1,0.55,VisualCogA_Task-1
VisualCogA_Task-1,95,1,-1,0.42414335375482104,raw_qc_pass,cue_locked,temporal::logistic_erp_50ms_l2_0.1,0.55,VisualCogA_Task-1
VisualCogA_Task-1,96,1,-1,0.5112926729638368,raw_qc_pass,cue_locked,temporal::logistic_erp_50ms_l2_0.1,0.55,VisualCogA_Task-1
VisualCogA_Task-1,97,-1,1,0.6488643953824886,raw_qc_pass,cue_locked,temporal::logistic_erp_50ms_l2_0.1,0.55,VisualCogA_Task-1
VisualCogA_Task-1,98,-1,1,0.6918549659306475,raw_qc_pass,cue_locked,temporal::logistic_erp_50ms_l2_0.1,0.55,VisualCogA_Task-1
VisualCogA_Task-1,99,1,-1,0.39999180043429783,raw_qc_pass,cue_locked,temporal::logistic_erp_50ms_l2_0.1,0.55,VisualCogA_Task-1
VisualCogA_Task-2,0,1,1,0.4968460404892749,raw_qc_pass,cue_locked,round1::shrinkage_lda_full_baseline_13,0.4,VisualCogA_Task-2
VisualCogA_Task-2,1,-1,1,0.49606051096812476,raw_qc_pass,cue_locked,round1::shrinkage_lda_full_baseline_13,0.4,VisualCogA_Task-2
VisualCogA_Task-2,2,-1,1,0.4346075864392595,raw_qc_pass,cue_locked,round1::shrinkage_lda_full_baseline_13,0.4,VisualCogA_Task-2
VisualCogA_Task-2,3,-1,1,0.5005293464915961,raw_qc_pass,cue_locked,round1::shrinkage_lda_full_baseline_13,0.4,VisualCogA_Task-2
VisualCogA_Task-2,4,1,1,0.44537701813050934,raw_qc_pass,cue_locked,round1::shrinkage_lda_full_baseline_13,0.4,VisualCogA_Task-2
VisualCogA_Task-2,5,-1,1,0.525921240873802,raw_qc_pass,cue_locked,round1::shrinkage_lda_full_baseline_13,0.4,VisualCogA_Task-2
VisualCogA_Task-2,6,1,1,0.4682005152997865,raw_qc_pass,cue_locked,round1::shrinkage_lda_full_baseline_13,0.4,VisualCogA_Task-2
VisualCogA_Task-2,7,1,1,0.49236003561915925,raw_qc_pass,cue_locked,round1::shrinkage_lda_full_baseline_13,0.4,VisualCogA_Task-2
VisualCogA_Task-2,8,-1,1,0.4661715718416334,raw_qc_pass,cue_locked,round1::shrinkage_lda_full_baseline_13,0.4,VisualCogA_Task-2
VisualCogA_Task-2,9,-1,1,0.6163738939669284,raw_qc_pass,cue_locked,round1::shrinkage_lda_full_baseline_13,0.4,VisualCogA_Task-2
VisualCogA_Task-2,10,1,1,0.4715496741790685,raw_qc_pass,cue_locked,round1::shrinkage_lda_full_baseline_13,0.4,VisualCogA_Task-2
VisualCogA_Task-2,11,1,1,0.6350004414291243,raw_qc_pass,cue_locked,round1::shrinkage_lda_full_baseline_13,0.4,VisualCogA_Task-2
VisualCogA_Task-2,12,1,-1,0.37119952600008166,raw_qc_pass,cue_locked,round1::shrinkage_lda_full_baseline_13,0.4,VisualCogA_Task-2
VisualCogA_Task-2,13,-1,1,0.48222115059808834,raw_qc_pass,cue_locked,round1::shrinkage_lda_full_baseline_13,0.4,VisualCogA_Task-2
VisualCogA_Task-2,14,-1,1,0.5045625315170377,raw_qc_pass,cue_locked,round1::shrinkage_lda_full_baseline_13,0.4,VisualCogA_Task-2
VisualCogA_Task-2,15,-1,1,0.40495149712399914,raw_qc_pass,cue_locked,round1::shrinkage_lda_full_baseline_13,0.4,VisualCogA_Task-2
VisualCogA_Task-2,16,1,-1,0.3724927571633921,raw_qc_pass,cue_locked,round1::shrinkage_lda_full_baseline_13,0.4,VisualCogA_Task-2
VisualCogA_Task-2,17,1,1,0.41645880844046407,raw_qc_pass,cue_locked,round1::shrinkage_lda_full_baseline_13,0.4,VisualCogA_Task-2
VisualCogA_Task-2,18,-1,1,0.47750370112364404,raw_qc_pass,cue_locked,round1::shrinkage_lda_full_baseline_13,0.4,VisualCogA_Task-2
VisualCogA_Task-2,19,-1,1,0.48799235472936847,raw_qc_pass,cue_locked,round1::shrinkage_lda_full_baseline_13,0.4,VisualCogA_Task-2
VisualCogA_Task-2,20,1,-1,0.27928375111589304,raw_qc_pass,cue_locked,round1::shrinkage_lda_full_baseline_13,0.4,VisualCogA_Task-2
VisualCogA_Task-2,21,-1,-1,0.3942842963602816,raw_qc_pass,cue_locked,round1::shrinkage_lda_full_baseline_13,0.4,VisualCogA_Task-2
VisualCogA_Task-2,22,1,1,0.4399289328478337,raw_qc_pass,cue_locked,round1::shrinkage_lda_full_baseline_13,0.4,VisualCogA_Task-2
VisualCogA_Task-2,23,1,-1,0.358938449682104,raw_qc_pass,cue_locked,round1::shrinkage_lda_full_baseline_13,0.4,VisualCogA_Task-2
VisualCogA_Task-2,24,-1,-1,0.35050660188308447,raw_qc_pass,cue_locked,round1::shrinkage_lda_full_baseline_13,0.4,VisualCogA_Task-2
VisualCogA_Task-2,25,-1,1,0.5279313679473571,raw_qc_pass,cue_locked,round1::shrinkage_lda_full_baseline_13,0.4,VisualCogA_Task-2
VisualCogA_Task-2,26,1,1,0.4711562145583857,raw_qc_pass,cue_locked,round1::shrinkage_lda_full_baseline_13,0.4,VisualCogA_Task-2
VisualCogA_Task-2,27,1,1,0.4502774272833125,raw_qc_pass,cue_locked,round1::shrinkage_lda_full_baseline_13,0.4,VisualCogA_Task-2
VisualCogA_Task-2,28,1,1,0.4599555530873265,raw_qc_pass,cue_locked,round1::shrinkage_lda_full_baseline_13,0.4,VisualCogA_Task-2
VisualCogA_Task-2,30,-1,1,0.4354459914862694,raw_qc_pass,cue_locked,round1::shrinkage_lda_full_baseline_13,0.4,VisualCogA_Task-2
VisualCogA_Task-2,31,-1,1,0.4630117643647917,raw_qc_pass,cue_locked,round1::shrinkage_lda_full_baseline_13,0.4,VisualCogA_Task-2
VisualCogA_Task-2,33,-1,1,0.4180988902501132,raw_qc_pass,cue_locked,round1::shrinkage_lda_full_baseline_13,0.4,VisualCogA_Task-2
VisualCogA_Task-2,34,-1,1,0.44928428068323123,raw_qc_pass,cue_locked,round1::shrinkage_lda_full_baseline_13,0.4,VisualCogA_Task-2
VisualCogA_Task-2,35,1,1,0.5377497578170192,raw_qc_pass,cue_locked,round1::shrinkage_lda_full_baseline_13,0.4,VisualCogA_Task-2
VisualCogA_Task-2,36,1,1,0.4226166756689944,raw_qc_pass,cue_locked,round1::shrinkage_lda_full_baseline_13,0.4,VisualCogA_Task-2
VisualCogA_Task-2,37,-1,1,0.6267809020869439,raw_qc_pass,cue_locked,round1::shrinkage_lda_full_baseline_13,0.4,VisualCogA_Task-2
VisualCogA_Task-2,38,1,1,0.428234755309734,raw_qc_pass,cue_locked,round1::shrinkage_lda_full_baseline_13,0.4,VisualCogA_Task-2
VisualCogA_Task-2,39,-1,1,0.4367685823117803,raw_qc_pass,cue_locked,round1::shrinkage_lda_full_baseline_13,0.4,VisualCogA_Task-2
VisualCogA_Task-2,40,-1,-1,0.33300456221920127,raw_qc_pass,cue_locked,round1::shrinkage_lda_full_baseline_13,0.4,VisualCogA_Task-2
VisualCogA_Task-2,41,-1,1,0.5387882339019969,raw_qc_pass,cue_locked,round1::shrinkage_lda_full_baseline_13,0.4,VisualCogA_Task-2
VisualCogA_Task-2,42,-1,1,0.4088827153955289,raw_qc_pass,cue_locked,round1::shrinkage_lda_full_baseline_13,0.4,VisualCogA_Task-2
VisualCogA_Task-2,43,-1,1,0.5319796665001003,raw_qc_pass,cue_locked,round1::shrinkage_lda_full_baseline_13,0.4,VisualCogA_Task-2
VisualCogA_Task-2,45,-1,1,0.4902378937630637,raw_qc_pass,cue_locked,round1::shrinkage_lda_full_baseline_13,0.4,VisualCogA_Task-2
VisualCogA_Task-2,46,-1,1,0.5049129116621502,raw_qc_pass,cue_locked,round1::shrinkage_lda_full_baseline_13,0.4,VisualCogA_Task-2
VisualCogA_Task-2,47,-1,1,0.40225183020337485,raw_qc_pass,cue_locked,round1::shrinkage_lda_full_baseline_13,0.4,VisualCogA_Task-2
VisualCogA_Task-2,48,1,1,0.48501545420901626,raw_qc_pass,cue_locked,round1::shrinkage_lda_full_baseline_13,0.4,VisualCogA_Task-2
VisualCogA_Task-2,49,1,-1,0.2956776688377562,raw_qc_pass,cue_locked,round1::shrinkage_lda_full_baseline_13,0.4,VisualCogA_Task-2
VisualCogA_Task-2,50,-1,1,0.4454250968303147,raw_qc_pass,cue_locked,round1::shrinkage_lda_full_baseline_13,0.4,VisualCogA_Task-2
VisualCogA_Task-2,51,1,1,0.47668554355292425,raw_qc_pass,cue_locked,round1::shrinkage_lda_full_baseline_13,0.4,VisualCogA_Task-2
VisualCogA_Task-2,52,1,1,0.4253614379216164,raw_qc_pass,cue_locked,round1::shrinkage_lda_full_baseline_13,0.4,VisualCogA_Task-2
VisualCogA_Task-2,53,-1,1,0.46986535107054606,raw_qc_pass,cue_locked,round1::shrinkage_lda_full_baseline_13,0.4,VisualCogA_Task-2
VisualCogA_Task-2,54,-1,1,0.41793481150629813,raw_qc_pass,cue_locked,round1::shrinkage_lda_full_baseline_13,0.4,VisualCogA_Task-2
VisualCogA_Task-2,55,1,1,0.5057851289176118,raw_qc_pass,cue_locked,round1::shrinkage_lda_full_baseline_13,0.4,VisualCogA_Task-2
VisualCogA_Task-2,56,1,1,0.4055079103005327,raw_qc_pass,cue_locked,round1::shrinkage_lda_full_baseline_13,0.4,VisualCogA_Task-2
VisualCogA_Task-2,57,1,1,0.4662808584788688,raw_qc_pass,cue_locked,round1::shrinkage_lda_full_baseline_13,0.4,VisualCogA_Task-2
VisualCogA_Task-2,58,1,1,0.48039809424612356,raw_qc_pass,cue_locked,round1::shrinkage_lda_full_baseline_13,0.4,VisualCogA_Task-2
VisualCogA_Task-2,59,1,1,0.4637517649563743,raw_qc_pass,cue_locked,round1::shrinkage_lda_full_baseline_13,0.4,VisualCogA_Task-2
VisualCogA_Task-2,60,-1,1,0.42764142288383383,raw_qc_pass,cue_locked,round1::shrinkage_lda_full_baseline_13,0.4,VisualCogA_Task-2
VisualCogA_Task-2,61,1,1,0.4462133845074376,raw_qc_pass,cue_locked,round1::shrinkage_lda_full_baseline_13,0.4,VisualCogA_Task-2
VisualCogA_Task-2,62,-1,-1,0.39160700812652455,raw_qc_pass,cue_locked,round1::shrinkage_lda_full_baseline_13,0.4,VisualCogA_Task-2
VisualCogA_Task-2,63,-1,1,0.5161756232331495,raw_qc_pass,cue_locked,round1::shrinkage_lda_full_baseline_13,0.4,VisualCogA_Task-2
VisualCogA_Task-2,64,1,1,0.4413046155398653,raw_qc_pass,cue_locked,round1::shrinkage_lda_full_baseline_13,0.4,VisualCogA_Task-2
VisualCogA_Task-2,65,-1,1,0.43582698430734784,raw_qc_pass,cue_locked,round1::shrinkage_lda_full_baseline_13,0.4,VisualCogA_Task-2
VisualCogA_Task-2,66,1,1,0.5645132167639857,raw_qc_pass,cue_locked,round1::shrinkage_lda_full_baseline_13,0.4,VisualCogA_Task-2
VisualCogA_Task-2,67,1,1,0.4730375194950583,raw_qc_pass,cue_locked,round1::shrinkage_lda_full_baseline_13,0.4,VisualCogA_Task-2
VisualCogA_Task-2,68,-1,1,0.4479673780282011,raw_qc_pass,cue_locked,round1::shrinkage_lda_full_baseline_13,0.4,VisualCogA_Task-2
VisualCogA_Task-2,69,-1,1,0.4234607828812782,raw_qc_pass,cue_locked,round1::shrinkage_lda_full_baseline_13,0.4,VisualCogA_Task-2
VisualCogA_Task-2,70,1,1,0.4348506897721916,raw_qc_pass,cue_locked,round1::shrinkage_lda_full_baseline_13,0.4,VisualCogA_Task-2
VisualCogA_Task-2,71,1,1,0.4665556346741917,raw_qc_pass,cue_locked,round1::shrinkage_lda_full_baseline_13,0.4,VisualCogA_Task-2
VisualCogA_Task-2,72,1,1,0.414890783299111,raw_qc_pass,cue_locked,round1::shrinkage_lda_full_baseline_13,0.4,VisualCogA_Task-2
VisualCogA_Task-2,73,1,1,0.5476141148318436,raw_qc_pass,cue_locked,round1::shrinkage_lda_full_baseline_13,0.4,VisualCogA_Task-2
VisualCogA_Task-2,74,-1,1,0.42247023300998643,raw_qc_pass,cue_locked,round1::shrinkage_lda_full_baseline_13,0.4,VisualCogA_Task-2
VisualCogA_Task-2,75,-1,1,0.44204274273536814,raw_qc_pass,cue_locked,round1::shrinkage_lda_full_baseline_13,0.4,VisualCogA_Task-2
VisualCogA_Task-2,76,-1,1,0.4067689516013477,raw_qc_pass,cue_locked,round1::shrinkage_lda_full_baseline_13,0.4,VisualCogA_Task-2
VisualCogA_Task-2,77,1,1,0.46698229624739457,raw_qc_pass,cue_locked,round1::shrinkage_lda_full_baseline_13,0.4,VisualCogA_Task-2
VisualCogA_Task-2,78,-1,1,0.512950654035285,raw_qc_pass,cue_locked,round1::shrinkage_lda_full_baseline_13,0.4,VisualCogA_Task-2
VisualCogA_Task-2,79,1,1,0.4277629800974704,raw_qc_pass,cue_locked,round1::shrinkage_lda_full_baseline_13,0.4,VisualCogA_Task-2
VisualCogA_Task-2,80,-1,1,0.49380171362223674,raw_qc_pass,cue_locked,round1::shrinkage_lda_full_baseline_13,0.4,VisualCogA_Task-2
VisualCogA_Task-2,81,1,1,0.4675333625896092,raw_qc_pass,cue_locked,round1::shrinkage_lda_full_baseline_13,0.4,VisualCogA_Task-2
VisualCogA_Task-2,82,1,1,0.46616343119239645,raw_qc_pass,cue_locked,round1::shrinkage_lda_full_baseline_13,0.4,VisualCogA_Task-2
VisualCogA_Task-2,83,-1,1,0.5354176644123889,raw_qc_pass,cue_locked,round1::shrinkage_lda_full_baseline_13,0.4,VisualCogA_Task-2
VisualCogA_Task-2,84,1,1,0.5942673825958079,raw_qc_pass,cue_locked,round1::shrinkage_lda_full_baseline_13,0.4,VisualCogA_Task-2
VisualCogA_Task-2,86,-1,1,0.49884580760988206,raw_qc_pass,cue_locked,round1::shrinkage_lda_full_baseline_13,0.4,VisualCogA_Task-2
VisualCogA_Task-2,87,1,1,0.5081648774711511,raw_qc_pass,cue_locked,round1::shrinkage_lda_full_baseline_13,0.4,VisualCogA_Task-2
VisualCogA_Task-2,88,-1,-1,0.36951544559121,raw_qc_pass,cue_locked,round1::shrinkage_lda_full_baseline_13,0.4,VisualCogA_Task-2
VisualCogA_Task-2,89,-1,1,0.49215432995343883,raw_qc_pass,cue_locked,round1::shrinkage_lda_full_baseline_13,0.4,VisualCogA_Task-2
VisualCogA_Task-2,90,-1,1,0.5527512922044605,raw_qc_pass,cue_locked,round1::shrinkage_lda_full_baseline_13,0.4,VisualCogA_Task-2
VisualCogA_Task-2,91,-1,1,0.5060345172648905,raw_qc_pass,cue_locked,round1::shrinkage_lda_full_baseline_13,0.4,VisualCogA_Task-2
VisualCogA_Task-2,92,1,1,0.4526646466758949,raw_qc_pass,cue_locked,round1::shrinkage_lda_full_baseline_13,0.4,VisualCogA_Task-2
VisualCogA_Task-2,93,-1,1,0.4787943314829854,raw_qc_pass,cue_locked,round1::shrinkage_lda_full_baseline_13,0.4,VisualCogA_Task-2
VisualCogA_Task-2,94,-1,1,0.5304973708391798,raw_qc_pass,cue_locked,round1::shrinkage_lda_full_baseline_13,0.4,VisualCogA_Task-2
VisualCogA_Task-2,95,-1,1,0.5254985201705684,raw_qc_pass,cue_locked,round1::shrinkage_lda_full_baseline_13,0.4,VisualCogA_Task-2
VisualCogA_Task-2,96,-1,1,0.578759594231123,raw_qc_pass,cue_locked,round1::shrinkage_lda_full_baseline_13,0.4,VisualCogA_Task-2
VisualCogA_Task-2,97,-1,1,0.4947308404564947,raw_qc_pass,cue_locked,round1::shrinkage_lda_full_baseline_13,0.4,VisualCogA_Task-2
VisualCogA_Task-2,98,-1,1,0.5434764110658759,raw_qc_pass,cue_locked,round1::shrinkage_lda_full_baseline_13,0.4,VisualCogA_Task-2
VisualCogA_Task-2,99,-1,1,0.4024926082068439,raw_qc_pass,cue_locked,round1::shrinkage_lda_full_baseline_13,0.4,VisualCogA_Task-2
VisualCogB_Task-1,0,-1,-1,0.45989108497056,raw_qc_pass,cue_locked,temporal::logistic_erp_50ms_l2_100,0.5,VisualCogB_Task-1
VisualCogB_Task-1,1,-1,-1,0.47009400921651234,raw_qc_pass,cue_locked,temporal::logistic_erp_50ms_l2_100,0.5,VisualCogB_Task-1
VisualCogB_Task-1,2,1,-1,0.46263376423291536,raw_qc_pass,cue_locked,temporal::logistic_erp_50ms_l2_100,0.5,VisualCogB_Task-1
VisualCogB_Task-1,3,-1,-1,0.47671066866898776,raw_qc_pass,cue_locked,temporal::logistic_erp_50ms_l2_100,0.5,VisualCogB_Task-1
VisualCogB_Task-1,4,1,-1,0.437456022246538,raw_qc_pass,cue_locked,temporal::logistic_erp_50ms_l2_100,0.5,VisualCogB_Task-1
VisualCogB_Task-1,5,1,1,0.5928783626058305,raw_qc_pass,cue_locked,temporal::logistic_erp_50ms_l2_100,0.5,VisualCogB_Task-1
VisualCogB_Task-1,6,1,-1,0.47440780275629946,raw_qc_pass,cue_locked,temporal::logistic_erp_50ms_l2_100,0.5,VisualCogB_Task-1
VisualCogB_Task-1,7,-1,-1,0.43223417754790266,raw_qc_pass,cue_locked,temporal::logistic_erp_50ms_l2_100,0.5,VisualCogB_Task-1
VisualCogB_Task-1,8,-1,-1,0.4658101108757866,raw_qc_pass,cue_locked,temporal::logistic_erp_50ms_l2_100,0.5,VisualCogB_Task-1
VisualCogB_Task-1,9,-1,-1,0.4655579856757256,raw_qc_pass,cue_locked,temporal::logistic_erp_50ms_l2_100,0.5,VisualCogB_Task-1
VisualCogB_Task-1,10,1,-1,0.47326155653268603,raw_qc_pass,cue_locked,temporal::logistic_erp_50ms_l2_100,0.5,VisualCogB_Task-1
VisualCogB_Task-1,11,-1,-1,0.4667839868970577,raw_qc_pass,cue_locked,temporal::logistic_erp_50ms_l2_100,0.5,VisualCogB_Task-1
VisualCogB_Task-1,12,1,-1,0.45875716070048667,raw_qc_pass,cue_locked,temporal::logistic_erp_50ms_l2_100,0.5,VisualCogB_Task-1
VisualCogB_Task-1,13,1,-1,0.37725010523052,raw_qc_pass,cue_locked,temporal::logistic_erp_50ms_l2_100,0.5,VisualCogB_Task-1
VisualCogB_Task-1,14,-1,1,0.5489872383380392,raw_qc_pass,cue_locked,temporal::logistic_erp_50ms_l2_100,0.5,VisualCogB_Task-1
VisualCogB_Task-1,15,1,-1,0.4540984779257553,raw_qc_pass,cue_locked,temporal::logistic_erp_50ms_l2_100,0.5,VisualCogB_Task-1
VisualCogB_Task-1,16,-1,1,0.5021134715524952,raw_qc_pass,cue_locked,temporal::logistic_erp_50ms_l2_100,0.5,VisualCogB_Task-1
VisualCogB_Task-1,17,-1,-1,0.4999587345384364,raw_qc_pass,cue_locked,temporal::logistic_erp_50ms_l2_100,0.5,VisualCogB_Task-1
VisualCogB_Task-1,18,1,-1,0.46905906877161635,raw_qc_pass,cue_locked,temporal::logistic_erp_50ms_l2_100,0.5,VisualCogB_Task-1
VisualCogB_Task-1,19,-1,-1,0.4723389991342177,raw_qc_pass,cue_locked,temporal::logistic_erp_50ms_l2_100,0.5,VisualCogB_Task-1
VisualCogB_Task-1,20,1,-1,0.491757147594866,raw_qc_pass,cue_locked,temporal::logistic_erp_50ms_l2_100,0.5,VisualCogB_Task-1
VisualCogB_Task-1,21,1,-1,0.47052573242089424,raw_qc_pass,cue_locked,temporal::logistic_erp_50ms_l2_100,0.5,VisualCogB_Task-1
VisualCogB_Task-1,22,1,-1,0.48350896093172274,raw_qc_pass,cue_locked,temporal::logistic_erp_50ms_l2_100,0.5,VisualCogB_Task-1
VisualCogB_Task-1,23,1,1,0.5159030738614713,raw_qc_pass,cue_locked,temporal::logistic_erp_50ms_l2_100,0.5,VisualCogB_Task-1
VisualCogB_Task-1,24,1,-1,0.3161544211401876,raw_qc_pass,cue_locked,temporal::logistic_erp_50ms_l2_100,0.5,VisualCogB_Task-1
VisualCogB_Task-1,25,1,-1,0.47661518880481024,raw_qc_pass,cue_locked,temporal::logistic_erp_50ms_l2_100,0.5,VisualCogB_Task-1
VisualCogB_Task-1,26,1,-1,0.4261253727478873,raw_qc_pass,cue_locked,temporal::logistic_erp_50ms_l2_100,0.5,VisualCogB_Task-1
VisualCogB_Task-1,27,1,1,0.5420838857487194,raw_qc_pass,cue_locked,temporal::logistic_erp_50ms_l2_100,0.5,VisualCogB_Task-1
VisualCogB_Task-1,28,1,-1,0.473677170006858,raw_qc_pass,cue_locked,temporal::logistic_erp_50ms_l2_100,0.5,VisualCogB_Task-1
VisualCogB_Task-1,29,-1,-1,0.4743696973067529,raw_qc_pass,cue_locked,temporal::logistic_erp_50ms_l2_100,0.5,VisualCogB_Task-1
VisualCogB_Task-1,30,1,1,0.5045782081894775,raw_qc_pass,cue_locked,temporal::logistic_erp_50ms_l2_100,0.5,VisualCogB_Task-1
VisualCogB_Task-1,31,-1,-1,0.406386963859926,raw_qc_pass,cue_locked,temporal::logistic_erp_50ms_l2_100,0.5,VisualCogB_Task-1
VisualCogB_Task-1,32,-1,-1,0.4898445534168317,raw_qc_pass,cue_locked,temporal::logistic_erp_50ms_l2_100,0.5,VisualCogB_Task-1
VisualCogB_Task-1,33,1,-1,0.4798031208982741,raw_qc_pass,cue_locked,temporal::logistic_erp_50ms_l2_100,0.5,VisualCogB_Task-1
VisualCogB_Task-1,34,-1,-1,0.49974525236079304,raw_qc_pass,cue_locked,temporal::logistic_erp_50ms_l2_100,0.5,VisualCogB_Task-1
VisualCogB_Task-1,36,-1,-1,0.4324995273740098,raw_qc_pass,cue_locked,temporal::logistic_erp_50ms_l2_100,0.5,VisualCogB_Task-1
VisualCogB_Task-1,37,-1,-1,0.40066905190146385,raw_qc_pass,cue_locked,temporal::logistic_erp_50ms_l2_100,0.5,VisualCogB_Task-1
VisualCogB_Task-1,38,1,-1,0.4765919110555591,raw_qc_pass,cue_locked,temporal::logistic_erp_50ms_l2_100,0.5,VisualCogB_Task-1
VisualCogB_Task-1,39,1,-1,0.4300521733459979,raw_qc_pass,cue_locked,temporal::logistic_erp_50ms_l2_100,0.5,VisualCogB_Task-1
VisualCogB_Task-1,40,-1,-1,0.49110133632739306,raw_qc_pass,cue_locked,temporal::logistic_erp_50ms_l2_100,0.5,VisualCogB_Task-1
VisualCogB_Task-1,41,1,-1,0.49829974026367185,raw_qc_pass,cue_locked,temporal::logistic_erp_50ms_l2_100,0.5,VisualCogB_Task-1
VisualCogB_Task-1,42,1,-1,0.46208504546388435,raw_qc_pass,cue_locked,temporal::logistic_erp_50ms_l2_100,0.5,VisualCogB_Task-1
VisualCogB_Task-1,43,1,-1,0.4388502512038231,raw_qc_pass,cue_locked,temporal::logistic_erp_50ms_l2_100,0.5,VisualCogB_Task-1
VisualCogB_Task-1,44,1,-1,0.46863254332797244,raw_qc_pass,cue_locked,temporal::logistic_erp_50ms_l2_100,0.5,VisualCogB_Task-1
VisualCogB_Task-1,45,-1,1,0.5600094814306802,raw_qc_pass,cue_locked,temporal::logistic_erp_50ms_l2_100,0.5,VisualCogB_Task-1
VisualCogB_Task-1,46,-1,-1,0.40520428543103937,raw_qc_pass,cue_locked,temporal::logistic_erp_50ms_l2_100,0.5,VisualCogB_Task-1
VisualCogB_Task-1,47,1,1,0.5770787798484823,raw_qc_pass,cue_locked,temporal::logistic_erp_50ms_l2_100,0.5,VisualCogB_Task-1
VisualCogB_Task-1,48,1,-1,0.4336102050854384,raw_qc_pass,cue_locked,temporal::logistic_erp_50ms_l2_100,0.5,VisualCogB_Task-1
VisualCogB_Task-1,49,-1,-1,0.2864850728313995,raw_qc_pass,cue_locked,temporal::logistic_erp_50ms_l2_100,0.5,VisualCogB_Task-1
VisualCogB_Task-1,50,1,-1,0.39687310130272213,raw_qc_pass,cue_locked,temporal::logistic_erp_50ms_l2_100,0.5,VisualCogB_Task-1
VisualCogB_Task-1,51,-1,-1,0.4743500481115331,raw_qc_pass,cue_locked,temporal::logistic_erp_50ms_l2_100,0.5,VisualCogB_Task-1
VisualCogB_Task-1,52,1,-1,0.4554485472909081,raw_qc_pass,cue_locked,temporal::logistic_erp_50ms_l2_100,0.5,VisualCogB_Task-1
VisualCogB_Task-1,54,1,-1,0.4929771754966301,raw_qc_pass,cue_locked,temporal::logistic_erp_50ms_l2_100,0.5,VisualCogB_Task-1
VisualCogB_Task-1,55,-1,-1,0.48309688634825565,raw_qc_pass,cue_locked,temporal::logistic_erp_50ms_l2_100,0.5,VisualCogB_Task-1
VisualCogB_Task-1,56,1,-1,0.4577237623917393,raw_qc_pass,cue_locked,temporal::logistic_erp_50ms_l2_100,0.5,VisualCogB_Task-1
VisualCogB_Task-1,57,1,1,0.604145842305986,raw_qc_pass,cue_locked,temporal::logistic_erp_50ms_l2_100,0.5,VisualCogB_Task-1
VisualCogB_Task-1,58,1,-1,0.4660047258263456,raw_qc_pass,cue_locked,temporal::logistic_erp_50ms_l2_100,0.5,VisualCogB_Task-1
VisualCogB_Task-1,59,1,-1,0.46939248748899864,raw_qc_pass,cue_locked,temporal::logistic_erp_50ms_l2_100,0.5,VisualCogB_Task-1
VisualCogB_Task-1,60,-1,1,0.5038811301802628,raw_qc_pass,cue_locked,temporal::logistic_erp_50ms_l2_100,0.5,VisualCogB_Task-1
VisualCogB_Task-1,61,-1,-1,0.46898778825891285,raw_qc_pass,cue_locked,temporal::logistic_erp_50ms_l2_100,0.5,VisualCogB_Task-1
VisualCogB_Task-1,62,1,1,0.5847007150925523,raw_qc_pass,cue_locked,temporal::logistic_erp_50ms_l2_100,0.5,VisualCogB_Task-1
VisualCogB_Task-1,63,-1,-1,0.49283264445171104,raw_qc_pass,cue_locked,temporal::logistic_erp_50ms_l2_100,0.5,VisualCogB_Task-1
VisualCogB_Task-1,64,-1,-1,0.49617739500793007,raw_qc_pass,cue_locked,temporal::logistic_erp_50ms_l2_100,0.5,VisualCogB_Task-1
VisualCogB_Task-1,65,-1,-1,0.4039616854911372,raw_qc_pass,cue_locked,temporal::logistic_erp_50ms_l2_100,0.5,VisualCogB_Task-1
VisualCogB_Task-1,66,1,-1,0.49728301425884563,raw_qc_pass,cue_locked,temporal::logistic_erp_50ms_l2_100,0.5,VisualCogB_Task-1
VisualCogB_Task-1,67,1,1,0.5037092082529193,raw_qc_pass,cue_locked,temporal::logistic_erp_50ms_l2_100,0.5,VisualCogB_Task-1
VisualCogB_Task-1,68,-1,1,0.5234859462355209,raw_qc_pass,cue_locked,temporal::logistic_erp_50ms_l2_100,0.5,VisualCogB_Task-1
VisualCogB_Task-1,69,-1,-1,0.443421077029937,raw_qc_pass,cue_locked,temporal::logistic_erp_50ms_l2_100,0.5,VisualCogB_Task-1
VisualCogB_Task-1,70,1,1,0.5534230877619136,raw_qc_pass,cue_locked,temporal::logistic_erp_50ms_l2_100,0.5,VisualCogB_Task-1
VisualCogB_Task-1,71,1,-1,0.4765715013585933,raw_qc_pass,cue_locked,temporal::logistic_erp_50ms_l2_100,0.5,VisualCogB_Task-1
VisualCogB_Task-1,72,-1,-1,0.47873520973406625,raw_qc_pass,cue_locked,temporal::logistic_erp_50ms_l2_100,0.5,VisualCogB_Task-1
VisualCogB_Task-1,73,-1,-1,0.4275365689733746,raw_qc_pass,cue_locked,temporal::logistic_erp_50ms_l2_100,0.5,VisualCogB_Task-1
VisualCogB_Task-1,74,1,-1,0.45802099097740684,raw_qc_pass,cue_locked,temporal::logistic_erp_50ms_l2_100,0.5,VisualCogB_Task-1
VisualCogB_Task-1,75,-1,-1,0.4923598726714954,raw_qc_pass,cue_locked,temporal::logistic_erp_50ms_l2_100,0.5,VisualCogB_Task-1
VisualCogB_Task-1,76,-1,-1,0.4769326047618484,raw_qc_pass,cue_locked,temporal::logistic_erp_50ms_l2_100,0.5,VisualCogB_Task-1
VisualCogB_Task-1,77,-1,-1,0.45611461640949663,raw_qc_pass,cue_locked,temporal::logistic_erp_50ms_l2_100,0.5,VisualCogB_Task-1
VisualCogB_Task-1,78,1,-1,0.4803358793722592,raw_qc_pass,cue_locked,temporal::logistic_erp_50ms_l2_100,0.5,VisualCogB_Task-1
VisualCogB_Task-1,79,-1,-1,0.49409664121236524,raw_qc_pass,cue_locked,temporal::logistic_erp_50ms_l2_100,0.5,VisualCogB_Task-1
VisualCogB_Task-1,80,-1,-1,0.46337817605156884,raw_qc_pass,cue_locked,temporal::logistic_erp_50ms_l2_100,0.5,VisualCogB_Task-1
VisualCogB_Task-1,81,1,-1,0.43736594490304215,raw_qc_pass,cue_locked,temporal::logistic_erp_50ms_l2_100,0.5,VisualCogB_Task-1
VisualCogB_Task-1,82,-1,-1,0.47829837422534266,raw_qc_pass,cue_locked,temporal::logistic_erp_50ms_l2_100,0.5,VisualCogB_Task-1
VisualCogB_Task-1,83,-1,-1,0.4614970705040142,raw_qc_pass,cue_locked,temporal::logistic_erp_50ms_l2_100,0.5,VisualCogB_Task-1
VisualCogB_Task-1,84,1,-1,0.457032452672747,raw_qc_pass,cue_locked,temporal::logistic_erp_50ms_l2_100,0.5,VisualCogB_Task-1
VisualCogB_Task-1,85,-1,-1,0.44639557755278564,raw_qc_pass,cue_locked,temporal::logistic_erp_50ms_l2_100,0.5,VisualCogB_Task-1
VisualCogB_Task-1,86,-1,-1,0.4872795001742336,raw_qc_pass,cue_locked,temporal::logistic_erp_50ms_l2_100,0.5,VisualCogB_Task-1
VisualCogB_Task-1,87,1,1,0.7349445977869263,raw_qc_pass,cue_locked,temporal::logistic_erp_50ms_l2_100,0.5,VisualCogB_Task-1
VisualCogB_Task-1,88,-1,1,0.5022412465907914,raw_qc_pass,cue_locked,temporal::logistic_erp_50ms_l2_100,0.5,VisualCogB_Task-1
VisualCogB_Task-1,89,-1,-1,0.48595642796394495,raw_qc_pass,cue_locked,temporal::logistic_erp_50ms_l2_100,0.5,VisualCogB_Task-1
VisualCogB_Task-1,90,1,1,0.5018394459558136,raw_qc_pass,cue_locked,temporal::logistic_erp_50ms_l2_100,0.5,VisualCogB_Task-1
VisualCogB_Task-1,91,1,-1,0.21582170085812818,raw_qc_pass,cue_locked,temporal::logistic_erp_50ms_l2_100,0.5,VisualCogB_Task-1
VisualCogB_Task-1,92,-1,-1,0.4729511182959659,raw_qc_pass,cue_locked,temporal::logistic_erp_50ms_l2_100,0.5,VisualCogB_Task-1
VisualCogB_Task-1,93,1,-1,0.42677330847854356,raw_qc_pass,cue_locked,temporal::logistic_erp_50ms_l2_100,0.5,VisualCogB_Task-1
VisualCogB_Task-1,94,-1,-1,0.4426387601724538,raw_qc_pass,cue_locked,temporal::logistic_erp_50ms_l2_100,0.5,VisualCogB_Task-1
VisualCogB_Task-1,95,1,-1,0.47606260447291215,raw_qc_pass,cue_locked,temporal::logistic_erp_50ms_l2_100,0.5,VisualCogB_Task-1
VisualCogB_Task-1,96,-1,1,0.5102528676371811,raw_qc_pass,cue_locked,temporal::logistic_erp_50ms_l2_100,0.5,VisualCogB_Task-1
VisualCogB_Task-1,97,1,1,0.514533326747564,raw_qc_pass,cue_locked,temporal::logistic_erp_50ms_l2_100,0.5,VisualCogB_Task-1
VisualCogB_Task-1,98,1,-1,0.46548267515990355,raw_qc_pass,cue_locked,temporal::logistic_erp_50ms_l2_100,0.5,VisualCogB_Task-1
VisualCogB_Task-1,99,1,-1,0.4163338033104554,raw_qc_pass,cue_locked,temporal::logistic_erp_50ms_l2_100,0.5,VisualCogB_Task-1
VisualCogB_Task-2,0,-1,-1,0.5353836097680941,raw_qc_pass,cue_locked,temporal::logistic_erp_50ms_l2_10,0.55,VisualCogB_Task-2
VisualCogB_Task-2,1,-1,-1,0.4990652111585205,raw_qc_pass,cue_locked,temporal::logistic_erp_50ms_l2_10,0.55,VisualCogB_Task-2
VisualCogB_Task-2,2,-1,-1,0.486025215155101,raw_qc_pass,cue_locked,temporal::logistic_erp_50ms_l2_10,0.55,VisualCogB_Task-2
VisualCogB_Task-2,3,1,-1,0.4265208016024309,raw_qc_pass,cue_locked,temporal::logistic_erp_50ms_l2_10,0.55,VisualCogB_Task-2
VisualCogB_Task-2,4,-1,-1,0.45449315179190397,raw_qc_pass,cue_locked,temporal::logistic_erp_50ms_l2_10,0.55,VisualCogB_Task-2
VisualCogB_Task-2,5,1,-1,0.45294909386555204,raw_qc_pass,cue_locked,temporal::logistic_erp_50ms_l2_10,0.55,VisualCogB_Task-2
VisualCogB_Task-2,6,1,-1,0.46649080867033965,raw_qc_pass,cue_locked,temporal::logistic_erp_50ms_l2_10,0.55,VisualCogB_Task-2
VisualCogB_Task-2,7,1,-1,0.48958342258382254,raw_qc_pass,cue_locked,temporal::logistic_erp_50ms_l2_10,0.55,VisualCogB_Task-2
VisualCogB_Task-2,8,1,-1,0.40541178957991386,raw_qc_pass,cue_locked,temporal::logistic_erp_50ms_l2_10,0.55,VisualCogB_Task-2
VisualCogB_Task-2,9,-1,-1,0.2593627058296182,raw_qc_pass,cue_locked,temporal::logistic_erp_50ms_l2_10,0.55,VisualCogB_Task-2
VisualCogB_Task-2,10,1,-1,0.527501909426132,raw_qc_pass,cue_locked,temporal::logistic_erp_50ms_l2_10,0.55,VisualCogB_Task-2
VisualCogB_Task-2,11,1,-1,0.5016792713158807,raw_qc_pass,cue_locked,temporal::logistic_erp_50ms_l2_10,0.55,VisualCogB_Task-2
VisualCogB_Task-2,12,1,-1,0.5254865245779321,raw_qc_pass,cue_locked,temporal::logistic_erp_50ms_l2_10,0.55,VisualCogB_Task-2
VisualCogB_Task-2,14,1,-1,0.28250238653905485,raw_qc_pass,cue_locked,temporal::logistic_erp_50ms_l2_10,0.55,VisualCogB_Task-2
VisualCogB_Task-2,16,-1,-1,0.5139407063207136,raw_qc_pass,cue_locked,temporal::logistic_erp_50ms_l2_10,0.55,VisualCogB_Task-2
VisualCogB_Task-2,17,1,1,0.7853590780843257,raw_qc_pass,cue_locked,temporal::logistic_erp_50ms_l2_10,0.55,VisualCogB_Task-2
VisualCogB_Task-2,18,1,-1,0.4843381473066157,raw_qc_pass,cue_locked,temporal::logistic_erp_50ms_l2_10,0.55,VisualCogB_Task-2
VisualCogB_Task-2,19,-1,-1,0.3358289243757857,raw_qc_pass,cue_locked,temporal::logistic_erp_50ms_l2_10,0.55,VisualCogB_Task-2
VisualCogB_Task-2,20,1,-1,0.4220644453099298,raw_qc_pass,cue_locked,temporal::logistic_erp_50ms_l2_10,0.55,VisualCogB_Task-2
VisualCogB_Task-2,21,1,-1,0.46263980197817617,raw_qc_pass,cue_locked,temporal::logistic_erp_50ms_l2_10,0.55,VisualCogB_Task-2
VisualCogB_Task-2,23,-1,-1,0.46340694022703993,raw_qc_pass,cue_locked,temporal::logistic_erp_50ms_l2_10,0.55,VisualCogB_Task-2
VisualCogB_Task-2,24,-1,-1,0.3913838782077238,raw_qc_pass,cue_locked,temporal::logistic_erp_50ms_l2_10,0.55,VisualCogB_Task-2
VisualCogB_Task-2,25,1,1,0.595743789558077,raw_qc_pass,cue_locked,temporal::logistic_erp_50ms_l2_10,0.55,VisualCogB_Task-2
VisualCogB_Task-2,26,-1,-1,0.3612363961698085,raw_qc_pass,cue_locked,temporal::logistic_erp_50ms_l2_10,0.55,VisualCogB_Task-2
VisualCogB_Task-2,27,-1,-1,0.4870853250182856,raw_qc_pass,cue_locked,temporal::logistic_erp_50ms_l2_10,0.55,VisualCogB_Task-2
VisualCogB_Task-2,28,-1,1,0.6124211462601205,raw_qc_pass,cue_locked,temporal::logistic_erp_50ms_l2_10,0.55,VisualCogB_Task-2
VisualCogB_Task-2,29,1,-1,0.3744842322539712,raw_qc_pass,cue_locked,temporal::logistic_erp_50ms_l2_10,0.55,VisualCogB_Task-2
VisualCogB_Task-2,30,1,-1,0.5123033609803108,raw_qc_pass,cue_locked,temporal::logistic_erp_50ms_l2_10,0.55,VisualCogB_Task-2
VisualCogB_Task-2,31,1,-1,0.399942135972206,raw_qc_pass,cue_locked,temporal::logistic_erp_50ms_l2_10,0.55,VisualCogB_Task-2
VisualCogB_Task-2,32,1,-1,0.4997762161749583,raw_qc_pass,cue_locked,temporal::logistic_erp_50ms_l2_10,0.55,VisualCogB_Task-2
VisualCogB_Task-2,33,1,1,0.7722270598092839,raw_qc_pass,cue_locked,temporal::logistic_erp_50ms_l2_10,0.55,VisualCogB_Task-2
VisualCogB_Task-2,34,-1,-1,0.4485803063602778,raw_qc_pass,cue_locked,temporal::logistic_erp_50ms_l2_10,0.55,VisualCogB_Task-2
VisualCogB_Task-2,35,1,-1,0.4941666980826017,raw_qc_pass,cue_locked,temporal::logistic_erp_50ms_l2_10,0.55,VisualCogB_Task-2
VisualCogB_Task-2,36,-1,-1,0.5100817218702773,raw_qc_pass,cue_locked,temporal::logistic_erp_50ms_l2_10,0.55,VisualCogB_Task-2
VisualCogB_Task-2,37,-1,-1,0.4879081891679528,raw_qc_pass,cue_locked,temporal::logistic_erp_50ms_l2_10,0.55,VisualCogB_Task-2
VisualCogB_Task-2,38,1,1,0.7294924433267975,raw_qc_pass,cue_locked,temporal::logistic_erp_50ms_l2_10,0.55,VisualCogB_Task-2
VisualCogB_Task-2,39,1,-1,0.34364299580796454,raw_qc_pass,cue_locked,temporal::logistic_erp_50ms_l2_10,0.55,VisualCogB_Task-2
VisualCogB_Task-2,40,1,1,0.5654393493969485,raw_qc_pass,cue_locked,temporal::logistic_erp_50ms_l2_10,0.55,VisualCogB_Task-2
VisualCogB_Task-2,41,-1,1,0.5801388887132036,raw_qc_pass,cue_locked,temporal::logistic_erp_50ms_l2_10,0.55,VisualCogB_Task-2
VisualCogB_Task-2,43,1,-1,0.4809791169540071,raw_qc_pass,cue_locked,temporal::logistic_erp_50ms_l2_10,0.55,VisualCogB_Task-2
VisualCogB_Task-2,44,-1,-1,0.468239907221465,raw_qc_pass,cue_locked,temporal::logistic_erp_50ms_l2_10,0.55,VisualCogB_Task-2
VisualCogB_Task-2,45,-1,-1,0.49554919219970706,raw_qc_pass,cue_locked,temporal::logistic_erp_50ms_l2_10,0.55,VisualCogB_Task-2
VisualCogB_Task-2,46,1,-1,0.47240067080114034,raw_qc_pass,cue_locked,temporal::logistic_erp_50ms_l2_10,0.55,VisualCogB_Task-2
VisualCogB_Task-2,47,-1,-1,0.4553519549088583,raw_qc_pass,cue_locked,temporal::logistic_erp_50ms_l2_10,0.55,VisualCogB_Task-2
VisualCogB_Task-2,48,1,-1,0.46062187357583323,raw_qc_pass,cue_locked,temporal::logistic_erp_50ms_l2_10,0.55,VisualCogB_Task-2
VisualCogB_Task-2,50,-1,-1,0.48753264483075603,raw_qc_pass,cue_locked,temporal::logistic_erp_50ms_l2_10,0.55,VisualCogB_Task-2
VisualCogB_Task-2,51,-1,-1,0.5005103747082885,raw_qc_pass,cue_locked,temporal::logistic_erp_50ms_l2_10,0.55,VisualCogB_Task-2
VisualCogB_Task-2,52,1,-1,0.419998118052011,raw_qc_pass,cue_locked,temporal::logistic_erp_50ms_l2_10,0.55,VisualCogB_Task-2
VisualCogB_Task-2,54,1,-1,0.4780889150235615,raw_qc_pass,cue_locked,temporal::logistic_erp_50ms_l2_10,0.55,VisualCogB_Task-2
VisualCogB_Task-2,55,-1,-1,0.3451402365697884,raw_qc_pass,cue_locked,temporal::logistic_erp_50ms_l2_10,0.55,VisualCogB_Task-2
VisualCogB_Task-2,56,-1,-1,0.46087356425061693,raw_qc_pass,cue_locked,temporal::logistic_erp_50ms_l2_10,0.55,VisualCogB_Task-2
VisualCogB_Task-2,57,-1,-1,0.48265054970279686,raw_qc_pass,cue_locked,temporal::logistic_erp_50ms_l2_10,0.55,VisualCogB_Task-2
VisualCogB_Task-2,58,-1,-1,0.39970373613201077,raw_qc_pass,cue_locked,temporal::logistic_erp_50ms_l2_10,0.55,VisualCogB_Task-2
VisualCogB_Task-2,59,-1,-1,0.4335929569939568,raw_qc_pass,cue_locked,temporal::logistic_erp_50ms_l2_10,0.55,VisualCogB_Task-2
VisualCogB_Task-2,60,-1,-1,0.4724879478463475,raw_qc_pass,cue_locked,temporal::logistic_erp_50ms_l2_10,0.55,VisualCogB_Task-2
VisualCogB_Task-2,61,1,-1,0.39868408737721633,raw_qc_pass,cue_locked,temporal::logistic_erp_50ms_l2_10,0.55,VisualCogB_Task-2
VisualCogB_Task-2,62,-1,-1,0.44001545088433913,raw_qc_pass,cue_locked,temporal::logistic_erp_50ms_l2_10,0.55,VisualCogB_Task-2
VisualCogB_Task-2,63,-1,-1,0.4772328804661155,raw_qc_pass,cue_locked,temporal::logistic_erp_50ms_l2_10,0.55,VisualCogB_Task-2
VisualCogB_Task-2,64,1,1,0.6020828294835091,raw_qc_pass,cue_locked,temporal::logistic_erp_50ms_l2_10,0.55,VisualCogB_Task-2
VisualCogB_Task-2,65,1,-1,0.4531197660559293,raw_qc_pass,cue_locked,temporal::logistic_erp_50ms_l2_10,0.55,VisualCogB_Task-2
VisualCogB_Task-2,66,1,-1,0.3481473305119095,raw_qc_pass,cue_locked,temporal::logistic_erp_50ms_l2_10,0.55,VisualCogB_Task-2
VisualCogB_Task-2,67,1,-1,0.512704244934931,raw_qc_pass,cue_locked,temporal::logistic_erp_50ms_l2_10,0.55,VisualCogB_Task-2
VisualCogB_Task-2,68,-1,-1,0.5479692568544265,raw_qc_pass,cue_locked,temporal::logistic_erp_50ms_l2_10,0.55,VisualCogB_Task-2
VisualCogB_Task-2,69,-1,1,0.5898487061819543,raw_qc_pass,cue_locked,temporal::logistic_erp_50ms_l2_10,0.55,VisualCogB_Task-2
VisualCogB_Task-2,70,1,-1,0.4912006686410954,raw_qc_pass,cue_locked,temporal::logistic_erp_50ms_l2_10,0.55,VisualCogB_Task-2
VisualCogB_Task-2,71,1,-1,0.326004240502772,raw_qc_pass,cue_locked,temporal::logistic_erp_50ms_l2_10,0.55,VisualCogB_Task-2
VisualCogB_Task-2,72,1,-1,0.4997488197499246,raw_qc_pass,cue_locked,temporal::logistic_erp_50ms_l2_10,0.55,VisualCogB_Task-2
VisualCogB_Task-2,73,-1,-1,0.4613777903969678,raw_qc_pass,cue_locked,temporal::logistic_erp_50ms_l2_10,0.55,VisualCogB_Task-2
VisualCogB_Task-2,74,-1,-1,0.5050120041442367,raw_qc_pass,cue_locked,temporal::logistic_erp_50ms_l2_10,0.55,VisualCogB_Task-2
VisualCogB_Task-2,75,1,-1,0.49044926509742315,raw_qc_pass,cue_locked,temporal::logistic_erp_50ms_l2_10,0.55,VisualCogB_Task-2
VisualCogB_Task-2,76,1,-1,0.4782269203080868,raw_qc_pass,cue_locked,temporal::logistic_erp_50ms_l2_10,0.55,VisualCogB_Task-2
VisualCogB_Task-2,77,-1,-1,0.4059056667201294,raw_qc_pass,cue_locked,temporal::logistic_erp_50ms_l2_10,0.55,VisualCogB_Task-2
VisualCogB_Task-2,78,-1,-1,0.4324864472821352,raw_qc_pass,cue_locked,temporal::logistic_erp_50ms_l2_10,0.55,VisualCogB_Task-2
VisualCogB_Task-2,79,-1,-1,0.4232635450043679,raw_qc_pass,cue_locked,temporal::logistic_erp_50ms_l2_10,0.55,VisualCogB_Task-2
VisualCogB_Task-2,80,1,-1,0.4832664027739115,raw_qc_pass,cue_locked,temporal::logistic_erp_50ms_l2_10,0.55,VisualCogB_Task-2
VisualCogB_Task-2,82,1,-1,0.5063661826945579,raw_qc_pass,cue_locked,temporal::logistic_erp_50ms_l2_10,0.55,VisualCogB_Task-2
VisualCogB_Task-2,83,-1,-1,0.4821297192258483,raw_qc_pass,cue_locked,temporal::logistic_erp_50ms_l2_10,0.55,VisualCogB_Task-2
VisualCogB_Task-2,84,-1,1,0.6091175933962517,raw_qc_pass,cue_locked,temporal::logistic_erp_50ms_l2_10,0.55,VisualCogB_Task-2
VisualCogB_Task-2,85,1,-1,0.4417931420553565,raw_qc_pass,cue_locked,temporal::logistic_erp_50ms_l2_10,0.55,VisualCogB_Task-2
VisualCogB_Task-2,86,-1,1,0.5653351934210689,raw_qc_pass,cue_locked,temporal::logistic_erp_50ms_l2_10,0.55,VisualCogB_Task-2
VisualCogB_Task-2,87,1,-1,0.4987037970927627,raw_qc_pass,cue_locked,temporal::logistic_erp_50ms_l2_10,0.55,VisualCogB_Task-2
VisualCogB_Task-2,88,-1,-1,0.43843002101086453,raw_qc_pass,cue_locked,temporal::logistic_erp_50ms_l2_10,0.55,VisualCogB_Task-2
VisualCogB_Task-2,89,1,-1,0.4373670098518213,raw_qc_pass,cue_locked,temporal::logistic_erp_50ms_l2_10,0.55,VisualCogB_Task-2
VisualCogB_Task-2,90,-1,-1,0.30085249202856457,raw_qc_pass,cue_locked,temporal::logistic_erp_50ms_l2_10,0.55,VisualCogB_Task-2
VisualCogB_Task-2,91,-1,-1,0.5095085781400217,raw_qc_pass,cue_locked,temporal::logistic_erp_50ms_l2_10,0.55,VisualCogB_Task-2
VisualCogB_Task-2,92,1,-1,0.4687243008813685,raw_qc_pass,cue_locked,temporal::logistic_erp_50ms_l2_10,0.55,VisualCogB_Task-2
VisualCogB_Task-2,93,-1,-1,0.3892922137665262,raw_qc_pass,cue_locked,temporal::logistic_erp_50ms_l2_10,0.55,VisualCogB_Task-2
VisualCogB_Task-2,94,1,-1,0.3995569218592716,raw_qc_pass,cue_locked,temporal::logistic_erp_50ms_l2_10,0.55,VisualCogB_Task-2
VisualCogB_Task-2,95,1,-1,0.34504017686039806,raw_qc_pass,cue_locked,temporal::logistic_erp_50ms_l2_10,0.55,VisualCogB_Task-2
VisualCogB_Task-2,96,-1,-1,0.4749612345958527,raw_qc_pass,cue_locked,temporal::logistic_erp_50ms_l2_10,0.55,VisualCogB_Task-2
VisualCogB_Task-2,97,-1,-1,0.4673140950759828,raw_qc_pass,cue_locked,temporal::logistic_erp_50ms_l2_10,0.55,VisualCogB_Task-2
VisualCogB_Task-2,98,1,-1,0.5307206107716603,raw_qc_pass,cue_locked,temporal::logistic_erp_50ms_l2_10,0.55,VisualCogB_Task-2
VisualCogB_Task-2,99,-1,-1,0.38645624868669026,raw_qc_pass,cue_locked,temporal::logistic_erp_50ms_l2_10,0.55,VisualCogB_Task-2
VisualCogA_Task-1,0,-1,1,0.6421294347810239,q1_quality_matched,cue_locked,temporal::logistic_erp_100ms_l2_0.1,0.55,VisualCogA_Task-1
VisualCogA_Task-1,1,1,-1,0.5031231014822228,q1_quality_matched,cue_locked,temporal::logistic_erp_100ms_l2_0.1,0.55,VisualCogA_Task-1
VisualCogA_Task-1,4,1,1,0.7421747024476568,q1_quality_matched,cue_locked,temporal::logistic_erp_100ms_l2_0.1,0.55,VisualCogA_Task-1
VisualCogA_Task-1,5,-1,1,0.66419807857319,q1_quality_matched,cue_locked,temporal::logistic_erp_100ms_l2_0.1,0.55,VisualCogA_Task-1
VisualCogA_Task-1,6,-1,1,0.6419028101601486,q1_quality_matched,cue_locked,temporal::logistic_erp_100ms_l2_0.1,0.55,VisualCogA_Task-1
VisualCogA_Task-1,7,-1,-1,0.3342160486703794,q1_quality_matched,cue_locked,temporal::logistic_erp_100ms_l2_0.1,0.55,VisualCogA_Task-1
VisualCogA_Task-1,8,1,1,0.5607701781255366,q1_quality_matched,cue_locked,temporal::logistic_erp_100ms_l2_0.1,0.55,VisualCogA_Task-1
VisualCogA_Task-1,9,1,-1,0.3660210378822655,q1_quality_matched,cue_locked,temporal::logistic_erp_100ms_l2_0.1,0.55,VisualCogA_Task-1
VisualCogA_Task-1,10,1,1,0.6356444301147605,q1_quality_matched,cue_locked,temporal::logistic_erp_100ms_l2_0.1,0.55,VisualCogA_Task-1
VisualCogA_Task-1,11,1,1,0.625243958133301,q1_quality_matched,cue_locked,temporal::logistic_erp_100ms_l2_0.1,0.55,VisualCogA_Task-1
VisualCogA_Task-1,12,-1,1,0.5616390984451339,q1_quality_matched,cue_locked,temporal::logistic_erp_100ms_l2_0.1,0.55,VisualCogA_Task-1
VisualCogA_Task-1,15,-1,1,0.5647318185163969,q1_quality_matched,cue_locked,temporal::logistic_erp_100ms_l2_0.1,0.55,VisualCogA_Task-1
VisualCogA_Task-1,16,1,-1,0.3324597704106686,q1_quality_matched,cue_locked,temporal::logistic_erp_100ms_l2_0.1,0.55,VisualCogA_Task-1
VisualCogA_Task-1,17,-1,1,0.712355822844332,q1_quality_matched,cue_locked,temporal::logistic_erp_100ms_l2_0.1,0.55,VisualCogA_Task-1
VisualCogA_Task-1,20,-1,-1,0.3698922424102107,q1_quality_matched,cue_locked,temporal::logistic_erp_100ms_l2_0.1,0.55,VisualCogA_Task-1
VisualCogA_Task-1,23,-1,1,0.931394983208309,q1_quality_matched,cue_locked,temporal::logistic_erp_100ms_l2_0.1,0.55,VisualCogA_Task-1
VisualCogA_Task-1,24,-1,-1,0.33337765308821404,q1_quality_matched,cue_locked,temporal::logistic_erp_100ms_l2_0.1,0.55,VisualCogA_Task-1
VisualCogA_Task-1,28,-1,1,0.661514913774602,q1_quality_matched,cue_locked,temporal::logistic_erp_100ms_l2_0.1,0.55,VisualCogA_Task-1
VisualCogA_Task-1,29,-1,-1,0.29508498563084984,q1_quality_matched,cue_locked,temporal::logistic_erp_100ms_l2_0.1,0.55,VisualCogA_Task-1
VisualCogA_Task-1,30,-1,1,0.5552044129723666,q1_quality_matched,cue_locked,temporal::logistic_erp_100ms_l2_0.1,0.55,VisualCogA_Task-1
VisualCogA_Task-1,31,1,-1,0.4471860460558877,q1_quality_matched,cue_locked,temporal::logistic_erp_100ms_l2_0.1,0.55,VisualCogA_Task-1
VisualCogA_Task-1,32,1,-1,0.5015117490292045,q1_quality_matched,cue_locked,temporal::logistic_erp_100ms_l2_0.1,0.55,VisualCogA_Task-1
VisualCogA_Task-1,33,-1,-1,0.49512891054232394,q1_quality_matched,cue_locked,temporal::logistic_erp_100ms_l2_0.1,0.55,VisualCogA_Task-1
VisualCogA_Task-1,34,1,1,0.5550224340997812,q1_quality_matched,cue_locked,temporal::logistic_erp_100ms_l2_0.1,0.55,VisualCogA_Task-1
VisualCogA_Task-1,37,-1,1,0.6149637283291537,q1_quality_matched,cue_locked,temporal::logistic_erp_100ms_l2_0.1,0.55,VisualCogA_Task-1
VisualCogA_Task-1,41,1,-1,0.32139298906913455,q1_quality_matched,cue_locked,temporal::logistic_erp_100ms_l2_0.1,0.55,VisualCogA_Task-1
VisualCogA_Task-1,44,-1,1,0.55222856637353,q1_quality_matched,cue_locked,temporal::logistic_erp_100ms_l2_0.1,0.55,VisualCogA_Task-1
VisualCogA_Task-1,46,-1,1,0.6999123979977481,q1_quality_matched,cue_locked,temporal::logistic_erp_100ms_l2_0.1,0.55,VisualCogA_Task-1
VisualCogA_Task-1,48,-1,-1,0.5004691626446262,q1_quality_matched,cue_locked,temporal::logistic_erp_100ms_l2_0.1,0.55,VisualCogA_Task-1
VisualCogA_Task-1,49,-1,-1,0.3470088858796379,q1_quality_matched,cue_locked,temporal::logistic_erp_100ms_l2_0.1,0.55,VisualCogA_Task-1
VisualCogA_Task-1,50,1,-1,0.44247088039697596,q1_quality_matched,cue_locked,temporal::logistic_erp_100ms_l2_0.1,0.55,VisualCogA_Task-1
VisualCogA_Task-1,54,1,-1,0.11331241107321513,q1_quality_matched,cue_locked,temporal::logistic_erp_100ms_l2_0.1,0.55,VisualCogA_Task-1
VisualCogA_Task-1,55,-1,-1,0.4800334545472675,q1_quality_matched,cue_locked,temporal::logistic_erp_100ms_l2_0.1,0.55,VisualCogA_Task-1
VisualCogA_Task-1,57,1,-1,0.37286324784887487,q1_quality_matched,cue_locked,temporal::logistic_erp_100ms_l2_0.1,0.55,VisualCogA_Task-1
VisualCogA_Task-1,60,1,-1,0.12115785138201741,q1_quality_matched,cue_locked,temporal::logistic_erp_100ms_l2_0.1,0.55,VisualCogA_Task-1
VisualCogA_Task-1,64,-1,1,0.6588233566809958,q1_quality_matched,cue_locked,temporal::logistic_erp_100ms_l2_0.1,0.55,VisualCogA_Task-1
VisualCogA_Task-1,66,-1,-1,0.45699225103537894,q1_quality_matched,cue_locked,temporal::logistic_erp_100ms_l2_0.1,0.55,VisualCogA_Task-1
VisualCogA_Task-1,68,1,-1,0.3522598426069933,q1_quality_matched,cue_locked,temporal::logistic_erp_100ms_l2_0.1,0.55,VisualCogA_Task-1
VisualCogA_Task-1,69,1,-1,0.44191235576452664,q1_quality_matched,cue_locked,temporal::logistic_erp_100ms_l2_0.1,0.55,VisualCogA_Task-1
VisualCogA_Task-1,71,1,1,0.5812736913361198,q1_quality_matched,cue_locked,temporal::logistic_erp_100ms_l2_0.1,0.55,VisualCogA_Task-1
VisualCogA_Task-1,72,-1,1,0.5799602830249896,q1_quality_matched,cue_locked,temporal::logistic_erp_100ms_l2_0.1,0.55,VisualCogA_Task-1
VisualCogA_Task-1,73,1,-1,0.5473798181293773,q1_quality_matched,cue_locked,temporal::logistic_erp_100ms_l2_0.1,0.55,VisualCogA_Task-1
VisualCogA_Task-1,74,-1,-1,0.51858650658992,q1_quality_matched,cue_locked,temporal::logistic_erp_100ms_l2_0.1,0.55,VisualCogA_Task-1
VisualCogA_Task-1,75,1,-1,0.4413117441341016,q1_quality_matched,cue_locked,temporal::logistic_erp_100ms_l2_0.1,0.55,VisualCogA_Task-1
VisualCogA_Task-1,78,-1,-1,0.49271310301938664,q1_quality_matched,cue_locked,temporal::logistic_erp_100ms_l2_0.1,0.55,VisualCogA_Task-1
VisualCogA_Task-1,79,-1,1,0.5609527761465279,q1_quality_matched,cue_locked,temporal::logistic_erp_100ms_l2_0.1,0.55,VisualCogA_Task-1
VisualCogA_Task-1,81,1,-1,0.47266524192729714,q1_quality_matched,cue_locked,temporal::logistic_erp_100ms_l2_0.1,0.55,VisualCogA_Task-1
VisualCogA_Task-1,84,-1,1,0.6675921782284037,q1_quality_matched,cue_locked,temporal::logistic_erp_100ms_l2_0.1,0.55,VisualCogA_Task-1
VisualCogA_Task-1,89,1,1,0.5653633748152128,q1_quality_matched,cue_locked,temporal::logistic_erp_100ms_l2_0.1,0.55,VisualCogA_Task-1
VisualCogA_Task-1,90,-1,1,0.6071093977957501,q1_quality_matched,cue_locked,temporal::logistic_erp_100ms_l2_0.1,0.55,VisualCogA_Task-1
VisualCogA_Task-1,91,1,1,0.575726044898544,q1_quality_matched,cue_locked,temporal::logistic_erp_100ms_l2_0.1,0.55,VisualCogA_Task-1
VisualCogA_Task-1,93,1,1,0.5598300990875968,q1_quality_matched,cue_locked,temporal::logistic_erp_100ms_l2_0.1,0.55,VisualCogA_Task-1
VisualCogA_Task-1,94,-1,-1,0.3915802382859846,q1_quality_matched,cue_locked,temporal::logistic_erp_100ms_l2_0.1,0.55,VisualCogA_Task-1
VisualCogA_Task-1,99,1,-1,0.502122772158909,q1_quality_matched,cue_locked,temporal::logistic_erp_100ms_l2_0.1,0.55,VisualCogA_Task-1
VisualCogA_Task-2,0,1,1,1.0260465846355005,q1_quality_matched,cue_locked,round1::rbf_svm_full_baseline_13_C_1_gamma_scale,0.0,VisualCogA_Task-2
VisualCogA_Task-2,1,-1,-1,-0.7970013924899595,q1_quality_matched,cue_locked,round1::rbf_svm_full_baseline_13_C_1_gamma_scale,0.0,VisualCogA_Task-2
VisualCogA_Task-2,2,-1,-1,-0.5992499643208075,q1_quality_matched,cue_locked,round1::rbf_svm_full_baseline_13_C_1_gamma_scale,0.0,VisualCogA_Task-2
VisualCogA_Task-2,3,-1,-1,-0.5121736462609991,q1_quality_matched,cue_locked,round1::rbf_svm_full_baseline_13_C_1_gamma_scale,0.0,VisualCogA_Task-2
VisualCogA_Task-2,4,1,1,0.2620278476259318,q1_quality_matched,cue_locked,round1::rbf_svm_full_baseline_13_C_1_gamma_scale,0.0,VisualCogA_Task-2
VisualCogA_Task-2,5,-1,-1,-0.211923324601962,q1_quality_matched,cue_locked,round1::rbf_svm_full_baseline_13_C_1_gamma_scale,0.0,VisualCogA_Task-2
VisualCogA_Task-2,6,1,-1,-0.08818048880446216,q1_quality_matched,cue_locked,round1::rbf_svm_full_baseline_13_C_1_gamma_scale,0.0,VisualCogA_Task-2
VisualCogA_Task-2,7,1,1,0.5414165816936046,q1_quality_matched,cue_locked,round1::rbf_svm_full_baseline_13_C_1_gamma_scale,0.0,VisualCogA_Task-2
VisualCogA_Task-2,8,-1,1,0.6331265160725333,q1_quality_matched,cue_locked,round1::rbf_svm_full_baseline_13_C_1_gamma_scale,0.0,VisualCogA_Task-2
VisualCogA_Task-2,9,-1,-1,-0.12797026066420047,q1_quality_matched,cue_locked,round1::rbf_svm_full_baseline_13_C_1_gamma_scale,0.0,VisualCogA_Task-2
VisualCogA_Task-2,10,1,1,0.9677171096802085,q1_quality_matched,cue_locked,round1::rbf_svm_full_baseline_13_C_1_gamma_scale,0.0,VisualCogA_Task-2
VisualCogA_Task-2,11,1,1,0.1186098602885921,q1_quality_matched,cue_locked,round1::rbf_svm_full_baseline_13_C_1_gamma_scale,0.0,VisualCogA_Task-2
VisualCogA_Task-2,12,1,-1,-1.0675242519014427,q1_quality_matched,cue_locked,round1::rbf_svm_full_baseline_13_C_1_gamma_scale,0.0,VisualCogA_Task-2
VisualCogA_Task-2,13,-1,1,0.6511947125133398,q1_quality_matched,cue_locked,round1::rbf_svm_full_baseline_13_C_1_gamma_scale,0.0,VisualCogA_Task-2
VisualCogA_Task-2,14,-1,-1,-1.0943818568019816,q1_quality_matched,cue_locked,round1::rbf_svm_full_baseline_13_C_1_gamma_scale,0.0,VisualCogA_Task-2
VisualCogA_Task-2,15,-1,-1,-0.409354287623508,q1_quality_matched,cue_locked,round1::rbf_svm_full_baseline_13_C_1_gamma_scale,0.0,VisualCogA_Task-2
VisualCogA_Task-2,16,1,-1,-0.9231646100421398,q1_quality_matched,cue_locked,round1::rbf_svm_full_baseline_13_C_1_gamma_scale,0.0,VisualCogA_Task-2
VisualCogA_Task-2,17,1,-1,-1.4135268724576142,q1_quality_matched,cue_locked,round1::rbf_svm_full_baseline_13_C_1_gamma_scale,0.0,VisualCogA_Task-2
VisualCogA_Task-2,18,-1,-1,-0.11871618012381824,q1_quality_matched,cue_locked,round1::rbf_svm_full_baseline_13_C_1_gamma_scale,0.0,VisualCogA_Task-2
VisualCogA_Task-2,19,-1,1,0.2769521399243321,q1_quality_matched,cue_locked,round1::rbf_svm_full_baseline_13_C_1_gamma_scale,0.0,VisualCogA_Task-2
VisualCogA_Task-2,20,1,-1,-0.9328792432956606,q1_quality_matched,cue_locked,round1::rbf_svm_full_baseline_13_C_1_gamma_scale,0.0,VisualCogA_Task-2
VisualCogA_Task-2,21,-1,-1,-1.0126346825913481,q1_quality_matched,cue_locked,round1::rbf_svm_full_baseline_13_C_1_gamma_scale,0.0,VisualCogA_Task-2
VisualCogA_Task-2,23,1,-1,-1.0859250905701123,q1_quality_matched,cue_locked,round1::rbf_svm_full_baseline_13_C_1_gamma_scale,0.0,VisualCogA_Task-2
VisualCogA_Task-2,24,-1,-1,-1.1473118751521056,q1_quality_matched,cue_locked,round1::rbf_svm_full_baseline_13_C_1_gamma_scale,0.0,VisualCogA_Task-2
VisualCogA_Task-2,25,-1,1,0.663749748188247,q1_quality_matched,cue_locked,round1::rbf_svm_full_baseline_13_C_1_gamma_scale,0.0,VisualCogA_Task-2
VisualCogA_Task-2,26,1,-1,-0.14340861932466276,q1_quality_matched,cue_locked,round1::rbf_svm_full_baseline_13_C_1_gamma_scale,0.0,VisualCogA_Task-2
VisualCogA_Task-2,27,1,-1,-0.8860984403356477,q1_quality_matched,cue_locked,round1::rbf_svm_full_baseline_13_C_1_gamma_scale,0.0,VisualCogA_Task-2
VisualCogA_Task-2,28,1,1,0.5906753518844473,q1_quality_matched,cue_locked,round1::rbf_svm_full_baseline_13_C_1_gamma_scale,0.0,VisualCogA_Task-2
VisualCogA_Task-2,31,-1,1,0.41623086184067726,q1_quality_matched,cue_locked,round1::rbf_svm_full_baseline_13_C_1_gamma_scale,0.0,VisualCogA_Task-2
VisualCogA_Task-2,35,1,-1,-0.4557172640193369,q1_quality_matched,cue_locked,round1::rbf_svm_full_baseline_13_C_1_gamma_scale,0.0,VisualCogA_Task-2
VisualCogA_Task-2,36,1,-1,-0.4673313042054711,q1_quality_matched,cue_locked,round1::rbf_svm_full_baseline_13_C_1_gamma_scale,0.0,VisualCogA_Task-2
VisualCogA_Task-2,37,-1,1,0.8668862822876998,q1_quality_matched,cue_locked,round1::rbf_svm_full_baseline_13_C_1_gamma_scale,0.0,VisualCogA_Task-2
VisualCogA_Task-2,39,-1,1,0.7317632871450094,q1_quality_matched,cue_locked,round1::rbf_svm_full_baseline_13_C_1_gamma_scale,0.0,VisualCogA_Task-2
VisualCogA_Task-2,41,-1,-1,-0.48478620507147174,q1_quality_matched,cue_locked,round1::rbf_svm_full_baseline_13_C_1_gamma_scale,0.0,VisualCogA_Task-2
VisualCogA_Task-2,43,-1,1,1.0920515795939179,q1_quality_matched,cue_locked,round1::rbf_svm_full_baseline_13_C_1_gamma_scale,0.0,VisualCogA_Task-2
VisualCogA_Task-2,45,-1,1,0.9572979813481627,q1_quality_matched,cue_locked,round1::rbf_svm_full_baseline_13_C_1_gamma_scale,0.0,VisualCogA_Task-2
VisualCogA_Task-2,46,-1,1,0.5148319002692098,q1_quality_matched,cue_locked,round1::rbf_svm_full_baseline_13_C_1_gamma_scale,0.0,VisualCogA_Task-2
VisualCogA_Task-2,47,-1,-1,-1.1108910587151968,q1_quality_matched,cue_locked,round1::rbf_svm_full_baseline_13_C_1_gamma_scale,0.0,VisualCogA_Task-2
VisualCogA_Task-2,48,1,1,0.6806591387957778,q1_quality_matched,cue_locked,round1::rbf_svm_full_baseline_13_C_1_gamma_scale,0.0,VisualCogA_Task-2
VisualCogA_Task-2,49,1,-1,-0.6069713457743161,q1_quality_matched,cue_locked,round1::rbf_svm_full_baseline_13_C_1_gamma_scale,0.0,VisualCogA_Task-2
VisualCogA_Task-2,51,1,1,0.8956160193812462,q1_quality_matched,cue_locked,round1::rbf_svm_full_baseline_13_C_1_gamma_scale,0.0,VisualCogA_Task-2
VisualCogA_Task-2,52,1,-1,-0.5570755566040453,q1_quality_matched,cue_locked,round1::rbf_svm_full_baseline_13_C_1_gamma_scale,0.0,VisualCogA_Task-2
VisualCogA_Task-2,53,-1,-1,-0.22746069337615804,q1_quality_matched,cue_locked,round1::rbf_svm_full_baseline_13_C_1_gamma_scale,0.0,VisualCogA_Task-2
VisualCogA_Task-2,54,-1,-1,-0.7854237815860469,q1_quality_matched,cue_locked,round1::rbf_svm_full_baseline_13_C_1_gamma_scale,0.0,VisualCogA_Task-2
VisualCogA_Task-2,55,1,1,0.16927204626660364,q1_quality_matched,cue_locked,round1::rbf_svm_full_baseline_13_C_1_gamma_scale,0.0,VisualCogA_Task-2
VisualCogA_Task-2,56,1,-1,-1.1596892311142186,q1_quality_matched,cue_locked,round1::rbf_svm_full_baseline_13_C_1_gamma_scale,0.0,VisualCogA_Task-2
VisualCogA_Task-2,57,1,1,0.11806305916745885,q1_quality_matched,cue_locked,round1::rbf_svm_full_baseline_13_C_1_gamma_scale,0.0,VisualCogA_Task-2
VisualCogA_Task-2,58,1,1,0.3552103980290523,q1_quality_matched,cue_locked,round1::rbf_svm_full_baseline_13_C_1_gamma_scale,0.0,VisualCogA_Task-2
VisualCogA_Task-2,60,-1,-1,-0.023166402419048437,q1_quality_matched,cue_locked,round1::rbf_svm_full_baseline_13_C_1_gamma_scale,0.0,VisualCogA_Task-2
VisualCogA_Task-2,63,-1,1,0.3147360704853809,q1_quality_matched,cue_locked,round1::rbf_svm_full_baseline_13_C_1_gamma_scale,0.0,VisualCogA_Task-2
VisualCogA_Task-2,64,1,-1,-0.6862263896584393,q1_quality_matched,cue_locked,round1::rbf_svm_full_baseline_13_C_1_gamma_scale,0.0,VisualCogA_Task-2
VisualCogA_Task-2,65,-1,-1,-1.0471567895345886,q1_quality_matched,cue_locked,round1::rbf_svm_full_baseline_13_C_1_gamma_scale,0.0,VisualCogA_Task-2
VisualCogA_Task-2,66,1,1,1.280389014092072,q1_quality_matched,cue_locked,round1::rbf_svm_full_baseline_13_C_1_gamma_scale,0.0,VisualCogA_Task-2
VisualCogA_Task-2,68,-1,1,0.20904198980312194,q1_quality_matched,cue_locked,round1::rbf_svm_full_baseline_13_C_1_gamma_scale,0.0,VisualCogA_Task-2
VisualCogA_Task-2,69,-1,1,0.2933253897598499,q1_quality_matched,cue_locked,round1::rbf_svm_full_baseline_13_C_1_gamma_scale,0.0,VisualCogA_Task-2
VisualCogA_Task-2,70,1,-1,-0.32252330113043637,q1_quality_matched,cue_locked,round1::rbf_svm_full_baseline_13_C_1_gamma_scale,0.0,VisualCogA_Task-2
VisualCogA_Task-2,71,1,-1,-0.07542214660265856,q1_quality_matched,cue_locked,round1::rbf_svm_full_baseline_13_C_1_gamma_scale,0.0,VisualCogA_Task-2
VisualCogA_Task-2,72,1,-1,-0.3928872480674195,q1_quality_matched,cue_locked,round1::rbf_svm_full_baseline_13_C_1_gamma_scale,0.0,VisualCogA_Task-2
VisualCogA_Task-2,73,1,1,0.24067722004154535,q1_quality_matched,cue_locked,round1::rbf_svm_full_baseline_13_C_1_gamma_scale,0.0,VisualCogA_Task-2
VisualCogA_Task-2,74,-1,1,0.2808578717680944,q1_quality_matched,cue_locked,round1::rbf_svm_full_baseline_13_C_1_gamma_scale,0.0,VisualCogA_Task-2
VisualCogA_Task-2,75,-1,-1,-0.07415371118048247,q1_quality_matched,cue_locked,round1::rbf_svm_full_baseline_13_C_1_gamma_scale,0.0,VisualCogA_Task-2
VisualCogA_Task-2,76,-1,1,0.007606395980595315,q1_quality_matched,cue_locked,round1::rbf_svm_full_baseline_13_C_1_gamma_scale,0.0,VisualCogA_Task-2
VisualCogA_Task-2,78,-1,-1,-0.09169586710526861,q1_quality_matched,cue_locked,round1::rbf_svm_full_baseline_13_C_1_gamma_scale,0.0,VisualCogA_Task-2
VisualCogA_Task-2,80,-1,-1,-0.436538287442714,q1_quality_matched,cue_locked,round1::rbf_svm_full_baseline_13_C_1_gamma_scale,0.0,VisualCogA_Task-2
VisualCogA_Task-2,81,1,-1,-0.41071474121607904,q1_quality_matched,cue_locked,round1::rbf_svm_full_baseline_13_C_1_gamma_scale,0.0,VisualCogA_Task-2
VisualCogA_Task-2,82,1,1,0.4093688174848008,q1_quality_matched,cue_locked,round1::rbf_svm_full_baseline_13_C_1_gamma_scale,0.0,VisualCogA_Task-2
VisualCogA_Task-2,83,-1,1,0.5714077241803225,q1_quality_matched,cue_locked,round1::rbf_svm_full_baseline_13_C_1_gamma_scale,0.0,VisualCogA_Task-2
VisualCogA_Task-2,84,1,1,0.3783220326908009,q1_quality_matched,cue_locked,round1::rbf_svm_full_baseline_13_C_1_gamma_scale,0.0,VisualCogA_Task-2
VisualCogA_Task-2,86,-1,1,1.0313879220217497,q1_quality_matched,cue_locked,round1::rbf_svm_full_baseline_13_C_1_gamma_scale,0.0,VisualCogA_Task-2
VisualCogA_Task-2,87,1,1,0.12663535796027003,q1_quality_matched,cue_locked,round1::rbf_svm_full_baseline_13_C_1_gamma_scale,0.0,VisualCogA_Task-2
VisualCogA_Task-2,88,-1,-1,-0.7566882643740223,q1_quality_matched,cue_locked,round1::rbf_svm_full_baseline_13_C_1_gamma_scale,0.0,VisualCogA_Task-2
VisualCogA_Task-2,89,-1,1,0.5895895821059315,q1_quality_matched,cue_locked,round1::rbf_svm_full_baseline_13_C_1_gamma_scale,0.0,VisualCogA_Task-2
VisualCogA_Task-2,90,-1,1,0.16486346949768704,q1_quality_matched,cue_locked,round1::rbf_svm_full_baseline_13_C_1_gamma_scale,0.0,VisualCogA_Task-2
VisualCogA_Task-2,91,-1,-1,-0.28518245959117516,q1_quality_matched,cue_locked,round1::rbf_svm_full_baseline_13_C_1_gamma_scale,0.0,VisualCogA_Task-2
VisualCogA_Task-2,92,1,1,0.39854771390866317,q1_quality_matched,cue_locked,round1::rbf_svm_full_baseline_13_C_1_gamma_scale,0.0,VisualCogA_Task-2
VisualCogA_Task-2,94,-1,1,0.902968180825792,q1_quality_matched,cue_locked,round1::rbf_svm_full_baseline_13_C_1_gamma_scale,0.0,VisualCogA_Task-2
VisualCogA_Task-2,95,-1,-1,-0.1402532045377669,q1_quality_matched,cue_locked,round1::rbf_svm_full_baseline_13_C_1_gamma_scale,0.0,VisualCogA_Task-2
VisualCogA_Task-2,96,-1,1,0.8804959483917182,q1_quality_matched,cue_locked,round1::rbf_svm_full_baseline_13_C_1_gamma_scale,0.0,VisualCogA_Task-2
VisualCogA_Task-2,97,-1,1,0.05658986963493917,q1_quality_matched,cue_locked,round1::rbf_svm_full_baseline_13_C_1_gamma_scale,0.0,VisualCogA_Task-2
VisualCogA_Task-2,98,-1,1,0.9276162935027809,q1_quality_matched,cue_locked,round1::rbf_svm_full_baseline_13_C_1_gamma_scale,0.0,VisualCogA_Task-2
VisualCogB_Task-1,0,-1,1,0.6238093988157096,q1_quality_matched,cue_locked,temporal::csp_e1_shrink0.1_l2_1,0.4,VisualCogB_Task-1
VisualCogB_Task-1,1,-1,1,0.4964756548754853,q1_quality_matched,cue_locked,temporal::csp_e1_shrink0.1_l2_1,0.4,VisualCogB_Task-1
VisualCogB_Task-1,2,1,1,0.5033862596171362,q1_quality_matched,cue_locked,temporal::csp_e1_shrink0.1_l2_1,0.4,VisualCogB_Task-1
VisualCogB_Task-1,3,-1,1,0.44032974294495303,q1_quality_matched,cue_locked,temporal::csp_e1_shrink0.1_l2_1,0.4,VisualCogB_Task-1
VisualCogB_Task-1,4,1,1,0.4923970804816975,q1_quality_matched,cue_locked,temporal::csp_e1_shrink0.1_l2_1,0.4,VisualCogB_Task-1
VisualCogB_Task-1,6,1,1,0.4983433986827006,q1_quality_matched,cue_locked,temporal::csp_e1_shrink0.1_l2_1,0.4,VisualCogB_Task-1
VisualCogB_Task-1,7,-1,1,0.44273353084525,q1_quality_matched,cue_locked,temporal::csp_e1_shrink0.1_l2_1,0.4,VisualCogB_Task-1
VisualCogB_Task-1,8,-1,1,0.4407636028375301,q1_quality_matched,cue_locked,temporal::csp_e1_shrink0.1_l2_1,0.4,VisualCogB_Task-1
VisualCogB_Task-1,9,-1,1,0.5090722274273473,q1_quality_matched,cue_locked,temporal::csp_e1_shrink0.1_l2_1,0.4,VisualCogB_Task-1
VisualCogB_Task-1,10,1,1,0.4628539145497835,q1_quality_matched,cue_locked,temporal::csp_e1_shrink0.1_l2_1,0.4,VisualCogB_Task-1
VisualCogB_Task-1,11,-1,1,0.44298331875577057,q1_quality_matched,cue_locked,temporal::csp_e1_shrink0.1_l2_1,0.4,VisualCogB_Task-1
VisualCogB_Task-1,12,1,1,0.4449410104590419,q1_quality_matched,cue_locked,temporal::csp_e1_shrink0.1_l2_1,0.4,VisualCogB_Task-1
VisualCogB_Task-1,14,-1,1,0.4426140195545668,q1_quality_matched,cue_locked,temporal::csp_e1_shrink0.1_l2_1,0.4,VisualCogB_Task-1
VisualCogB_Task-1,15,1,1,0.46043427178489893,q1_quality_matched,cue_locked,temporal::csp_e1_shrink0.1_l2_1,0.4,VisualCogB_Task-1
VisualCogB_Task-1,16,-1,1,0.783491385230278,q1_quality_matched,cue_locked,temporal::csp_e1_shrink0.1_l2_1,0.4,VisualCogB_Task-1
VisualCogB_Task-1,17,-1,1,0.6702625819691841,q1_quality_matched,cue_locked,temporal::csp_e1_shrink0.1_l2_1,0.4,VisualCogB_Task-1
VisualCogB_Task-1,18,1,1,0.4940682938764089,q1_quality_matched,cue_locked,temporal::csp_e1_shrink0.1_l2_1,0.4,VisualCogB_Task-1
VisualCogB_Task-1,19,-1,1,0.8265882173109824,q1_quality_matched,cue_locked,temporal::csp_e1_shrink0.1_l2_1,0.4,VisualCogB_Task-1
VisualCogB_Task-1,20,1,1,0.4506207568214786,q1_quality_matched,cue_locked,temporal::csp_e1_shrink0.1_l2_1,0.4,VisualCogB_Task-1
VisualCogB_Task-1,21,1,1,0.44524308954079583,q1_quality_matched,cue_locked,temporal::csp_e1_shrink0.1_l2_1,0.4,VisualCogB_Task-1
VisualCogB_Task-1,23,1,1,0.6741814412294836,q1_quality_matched,cue_locked,temporal::csp_e1_shrink0.1_l2_1,0.4,VisualCogB_Task-1
VisualCogB_Task-1,25,1,1,0.554485787359869,q1_quality_matched,cue_locked,temporal::csp_e1_shrink0.1_l2_1,0.4,VisualCogB_Task-1
VisualCogB_Task-1,26,1,1,0.4438679285305179,q1_quality_matched,cue_locked,temporal::csp_e1_shrink0.1_l2_1,0.4,VisualCogB_Task-1
VisualCogB_Task-1,27,1,1,0.6430402940788074,q1_quality_matched,cue_locked,temporal::csp_e1_shrink0.1_l2_1,0.4,VisualCogB_Task-1
VisualCogB_Task-1,28,1,1,0.45286053261235626,q1_quality_matched,cue_locked,temporal::csp_e1_shrink0.1_l2_1,0.4,VisualCogB_Task-1
VisualCogB_Task-1,29,-1,1,0.572215067106021,q1_quality_matched,cue_locked,temporal::csp_e1_shrink0.1_l2_1,0.4,VisualCogB_Task-1
VisualCogB_Task-1,30,1,1,0.451841571677316,q1_quality_matched,cue_locked,temporal::csp_e1_shrink0.1_l2_1,0.4,VisualCogB_Task-1
VisualCogB_Task-1,31,-1,1,0.5041413924633522,q1_quality_matched,cue_locked,temporal::csp_e1_shrink0.1_l2_1,0.4,VisualCogB_Task-1
VisualCogB_Task-1,32,-1,1,0.4397249571845865,q1_quality_matched,cue_locked,temporal::csp_e1_shrink0.1_l2_1,0.4,VisualCogB_Task-1
VisualCogB_Task-1,33,1,1,0.4461802225740861,q1_quality_matched,cue_locked,temporal::csp_e1_shrink0.1_l2_1,0.4,VisualCogB_Task-1
VisualCogB_Task-1,34,-1,1,0.7612225869962558,q1_quality_matched,cue_locked,temporal::csp_e1_shrink0.1_l2_1,0.4,VisualCogB_Task-1
VisualCogB_Task-1,36,-1,1,0.6950849438514382,q1_quality_matched,cue_locked,temporal::csp_e1_shrink0.1_l2_1,0.4,VisualCogB_Task-1
VisualCogB_Task-1,37,-1,1,0.5046679467664139,q1_quality_matched,cue_locked,temporal::csp_e1_shrink0.1_l2_1,0.4,VisualCogB_Task-1
VisualCogB_Task-1,38,1,1,0.5727522931584631,q1_quality_matched,cue_locked,temporal::csp_e1_shrink0.1_l2_1,0.4,VisualCogB_Task-1
VisualCogB_Task-1,39,1,1,0.45545756573381957,q1_quality_matched,cue_locked,temporal::csp_e1_shrink0.1_l2_1,0.4,VisualCogB_Task-1
VisualCogB_Task-1,40,-1,1,0.4390744811430754,q1_quality_matched,cue_locked,temporal::csp_e1_shrink0.1_l2_1,0.4,VisualCogB_Task-1
VisualCogB_Task-1,41,1,1,0.7381066705044277,q1_quality_matched,cue_locked,temporal::csp_e1_shrink0.1_l2_1,0.4,VisualCogB_Task-1
VisualCogB_Task-1,42,1,1,0.4491625336280567,q1_quality_matched,cue_locked,temporal::csp_e1_shrink0.1_l2_1,0.4,VisualCogB_Task-1
VisualCogB_Task-1,43,1,1,0.43914757583749425,q1_quality_matched,cue_locked,temporal::csp_e1_shrink0.1_l2_1,0.4,VisualCogB_Task-1
VisualCogB_Task-1,44,1,1,0.44579544307590296,q1_quality_matched,cue_locked,temporal::csp_e1_shrink0.1_l2_1,0.4,VisualCogB_Task-1
VisualCogB_Task-1,47,1,1,0.5791879143109195,q1_quality_matched,cue_locked,temporal::csp_e1_shrink0.1_l2_1,0.4,VisualCogB_Task-1
VisualCogB_Task-1,48,1,1,0.46107568238630614,q1_quality_matched,cue_locked,temporal::csp_e1_shrink0.1_l2_1,0.4,VisualCogB_Task-1
VisualCogB_Task-1,49,-1,1,0.4821263172241983,q1_quality_matched,cue_locked,temporal::csp_e1_shrink0.1_l2_1,0.4,VisualCogB_Task-1
VisualCogB_Task-1,50,1,1,0.4431555005290156,q1_quality_matched,cue_locked,temporal::csp_e1_shrink0.1_l2_1,0.4,VisualCogB_Task-1
VisualCogB_Task-1,51,-1,1,0.4578100886050442,q1_quality_matched,cue_locked,temporal::csp_e1_shrink0.1_l2_1,0.4,VisualCogB_Task-1
VisualCogB_Task-1,52,1,1,0.4412915862287715,q1_quality_matched,cue_locked,temporal::csp_e1_shrink0.1_l2_1,0.4,VisualCogB_Task-1
VisualCogB_Task-1,54,1,1,0.6418697036736677,q1_quality_matched,cue_locked,temporal::csp_e1_shrink0.1_l2_1,0.4,VisualCogB_Task-1
VisualCogB_Task-1,55,-1,1,0.44503403670411296,q1_quality_matched,cue_locked,temporal::csp_e1_shrink0.1_l2_1,0.4,VisualCogB_Task-1
VisualCogB_Task-1,56,1,1,0.46620713687426063,q1_quality_matched,cue_locked,temporal::csp_e1_shrink0.1_l2_1,0.4,VisualCogB_Task-1
VisualCogB_Task-1,58,1,1,0.46218138900825845,q1_quality_matched,cue_locked,temporal::csp_e1_shrink0.1_l2_1,0.4,VisualCogB_Task-1
VisualCogB_Task-1,59,1,1,0.46658629683615915,q1_quality_matched,cue_locked,temporal::csp_e1_shrink0.1_l2_1,0.4,VisualCogB_Task-1
VisualCogB_Task-1,60,-1,1,0.49653127225249943,q1_quality_matched,cue_locked,temporal::csp_e1_shrink0.1_l2_1,0.4,VisualCogB_Task-1
VisualCogB_Task-1,61,-1,1,0.7510688835371838,q1_quality_matched,cue_locked,temporal::csp_e1_shrink0.1_l2_1,0.4,VisualCogB_Task-1
VisualCogB_Task-1,63,-1,1,0.44174604207651497,q1_quality_matched,cue_locked,temporal::csp_e1_shrink0.1_l2_1,0.4,VisualCogB_Task-1
VisualCogB_Task-1,64,-1,1,0.47158363227162936,q1_quality_matched,cue_locked,temporal::csp_e1_shrink0.1_l2_1,0.4,VisualCogB_Task-1
VisualCogB_Task-1,66,1,1,0.4877589759683713,q1_quality_matched,cue_locked,temporal::csp_e1_shrink0.1_l2_1,0.4,VisualCogB_Task-1
VisualCogB_Task-1,67,1,1,0.48070501069576405,q1_quality_matched,cue_locked,temporal::csp_e1_shrink0.1_l2_1,0.4,VisualCogB_Task-1
VisualCogB_Task-1,68,-1,1,0.44936630635095526,q1_quality_matched,cue_locked,temporal::csp_e1_shrink0.1_l2_1,0.4,VisualCogB_Task-1
VisualCogB_Task-1,69,-1,1,0.6164296514653661,q1_quality_matched,cue_locked,temporal::csp_e1_shrink0.1_l2_1,0.4,VisualCogB_Task-1
VisualCogB_Task-1,71,1,1,0.6393280504801568,q1_quality_matched,cue_locked,temporal::csp_e1_shrink0.1_l2_1,0.4,VisualCogB_Task-1
VisualCogB_Task-1,72,-1,1,0.4921644207812791,q1_quality_matched,cue_locked,temporal::csp_e1_shrink0.1_l2_1,0.4,VisualCogB_Task-1
VisualCogB_Task-1,73,-1,1,0.4522266853262091,q1_quality_matched,cue_locked,temporal::csp_e1_shrink0.1_l2_1,0.4,VisualCogB_Task-1
VisualCogB_Task-1,74,1,1,0.6055088872937302,q1_quality_matched,cue_locked,temporal::csp_e1_shrink0.1_l2_1,0.4,VisualCogB_Task-1
VisualCogB_Task-1,75,-1,1,0.7568127264794828,q1_quality_matched,cue_locked,temporal::csp_e1_shrink0.1_l2_1,0.4,VisualCogB_Task-1
VisualCogB_Task-1,76,-1,1,0.44410217273307667,q1_quality_matched,cue_locked,temporal::csp_e1_shrink0.1_l2_1,0.4,VisualCogB_Task-1
VisualCogB_Task-1,78,1,1,0.48942977898613865,q1_quality_matched,cue_locked,temporal::csp_e1_shrink0.1_l2_1,0.4,VisualCogB_Task-1
VisualCogB_Task-1,79,-1,1,0.48523141385077995,q1_quality_matched,cue_locked,temporal::csp_e1_shrink0.1_l2_1,0.4,VisualCogB_Task-1
VisualCogB_Task-1,80,-1,1,0.6089444169270171,q1_quality_matched,cue_locked,temporal::csp_e1_shrink0.1_l2_1,0.4,VisualCogB_Task-1
VisualCogB_Task-1,81,1,1,0.4424030478416124,q1_quality_matched,cue_locked,temporal::csp_e1_shrink0.1_l2_1,0.4,VisualCogB_Task-1
VisualCogB_Task-1,82,-1,1,0.4834329778731269,q1_quality_matched,cue_locked,temporal::csp_e1_shrink0.1_l2_1,0.4,VisualCogB_Task-1
VisualCogB_Task-1,83,-1,1,0.44873475656535394,q1_quality_matched,cue_locked,temporal::csp_e1_shrink0.1_l2_1,0.4,VisualCogB_Task-1
VisualCogB_Task-1,85,-1,1,0.448977909110886,q1_quality_matched,cue_locked,temporal::csp_e1_shrink0.1_l2_1,0.4,VisualCogB_Task-1
VisualCogB_Task-1,86,-1,1,0.4391698300687866,q1_quality_matched,cue_locked,temporal::csp_e1_shrink0.1_l2_1,0.4,VisualCogB_Task-1
VisualCogB_Task-1,88,-1,1,0.7241549951027856,q1_quality_matched,cue_locked,temporal::csp_e1_shrink0.1_l2_1,0.4,VisualCogB_Task-1
VisualCogB_Task-1,89,-1,1,0.49150960673686356,q1_quality_matched,cue_locked,temporal::csp_e1_shrink0.1_l2_1,0.4,VisualCogB_Task-1
VisualCogB_Task-1,90,1,1,0.4406616019174119,q1_quality_matched,cue_locked,temporal::csp_e1_shrink0.1_l2_1,0.4,VisualCogB_Task-1
VisualCogB_Task-1,92,-1,1,0.4395749838660867,q1_quality_matched,cue_locked,temporal::csp_e1_shrink0.1_l2_1,0.4,VisualCogB_Task-1
VisualCogB_Task-1,93,1,1,0.44151697648374333,q1_quality_matched,cue_locked,temporal::csp_e1_shrink0.1_l2_1,0.4,VisualCogB_Task-1
VisualCogB_Task-1,94,-1,1,0.43924759422716525,q1_quality_matched,cue_locked,temporal::csp_e1_shrink0.1_l2_1,0.4,VisualCogB_Task-1
VisualCogB_Task-1,95,1,1,0.44292834560241556,q1_quality_matched,cue_locked,temporal::csp_e1_shrink0.1_l2_1,0.4,VisualCogB_Task-1
VisualCogB_Task-1,97,1,1,0.46205776294422923,q1_quality_matched,cue_locked,temporal::csp_e1_shrink0.1_l2_1,0.4,VisualCogB_Task-1
VisualCogB_Task-1,98,1,1,0.4600761398073913,q1_quality_matched,cue_locked,temporal::csp_e1_shrink0.1_l2_1,0.4,VisualCogB_Task-1
VisualCogB_Task-1,99,1,1,0.5509210242968918,q1_quality_matched,cue_locked,temporal::csp_e1_shrink0.1_l2_1,0.4,VisualCogB_Task-1
VisualCogB_Task-2,0,-1,-1,0.48642349973636834,q1_quality_matched,cue_locked,round1::logistic_erp_only_3_l2_10,0.5,VisualCogB_Task-2
VisualCogB_Task-2,2,-1,-1,0.4686112808968809,q1_quality_matched,cue_locked,round1::logistic_erp_only_3_l2_10,0.5,VisualCogB_Task-2
VisualCogB_Task-2,3,1,-1,0.4777821361133132,q1_quality_matched,cue_locked,round1::logistic_erp_only_3_l2_10,0.5,VisualCogB_Task-2
VisualCogB_Task-2,4,-1,-1,0.4935530496916671,q1_quality_matched,cue_locked,round1::logistic_erp_only_3_l2_10,0.5,VisualCogB_Task-2
VisualCogB_Task-2,5,1,1,0.5185527708640625,q1_quality_matched,cue_locked,round1::logistic_erp_only_3_l2_10,0.5,VisualCogB_Task-2
VisualCogB_Task-2,7,1,1,0.5226437337944583,q1_quality_matched,cue_locked,round1::logistic_erp_only_3_l2_10,0.5,VisualCogB_Task-2
VisualCogB_Task-2,8,1,-1,0.46831586479503595,q1_quality_matched,cue_locked,round1::logistic_erp_only_3_l2_10,0.5,VisualCogB_Task-2
VisualCogB_Task-2,10,1,-1,0.48932352093461257,q1_quality_matched,cue_locked,round1::logistic_erp_only_3_l2_10,0.5,VisualCogB_Task-2
VisualCogB_Task-2,11,1,1,0.511696607668333,q1_quality_matched,cue_locked,round1::logistic_erp_only_3_l2_10,0.5,VisualCogB_Task-2
VisualCogB_Task-2,12,1,1,0.5099747713783893,q1_quality_matched,cue_locked,round1::logistic_erp_only_3_l2_10,0.5,VisualCogB_Task-2
VisualCogB_Task-2,16,-1,1,0.5219687981577097,q1_quality_matched,cue_locked,round1::logistic_erp_only_3_l2_10,0.5,VisualCogB_Task-2
VisualCogB_Task-2,17,1,-1,0.4453645772674246,q1_quality_matched,cue_locked,round1::logistic_erp_only_3_l2_10,0.5,VisualCogB_Task-2
VisualCogB_Task-2,18,1,-1,0.45952655367057477,q1_quality_matched,cue_locked,round1::logistic_erp_only_3_l2_10,0.5,VisualCogB_Task-2
VisualCogB_Task-2,20,1,-1,0.47828526386564313,q1_quality_matched,cue_locked,round1::logistic_erp_only_3_l2_10,0.5,VisualCogB_Task-2
VisualCogB_Task-2,21,1,1,0.5107019051507412,q1_quality_matched,cue_locked,round1::logistic_erp_only_3_l2_10,0.5,VisualCogB_Task-2
VisualCogB_Task-2,23,-1,-1,0.46590169726463015,q1_quality_matched,cue_locked,round1::logistic_erp_only_3_l2_10,0.5,VisualCogB_Task-2
VisualCogB_Task-2,24,-1,-1,0.4327045373156269,q1_quality_matched,cue_locked,round1::logistic_erp_only_3_l2_10,0.5,VisualCogB_Task-2
VisualCogB_Task-2,25,1,-1,0.46804437369339563,q1_quality_matched,cue_locked,round1::logistic_erp_only_3_l2_10,0.5,VisualCogB_Task-2
VisualCogB_Task-2,26,-1,-1,0.3502437149316356,q1_quality_matched,cue_locked,round1::logistic_erp_only_3_l2_10,0.5,VisualCogB_Task-2
VisualCogB_Task-2,27,-1,-1,0.4629744991124772,q1_quality_matched,cue_locked,round1::logistic_erp_only_3_l2_10,0.5,VisualCogB_Task-2
VisualCogB_Task-2,28,-1,-1,0.43556176885395487,q1_quality_matched,cue_locked,round1::logistic_erp_only_3_l2_10,0.5,VisualCogB_Task-2
VisualCogB_Task-2,29,1,-1,0.4518234164880557,q1_quality_matched,cue_locked,round1::logistic_erp_only_3_l2_10,0.5,VisualCogB_Task-2
VisualCogB_Task-2,30,1,1,0.5036903144217225,q1_quality_matched,cue_locked,round1::logistic_erp_only_3_l2_10,0.5,VisualCogB_Task-2
VisualCogB_Task-2,31,1,-1,0.4061004885920944,q1_quality_matched,cue_locked,round1::logistic_erp_only_3_l2_10,0.5,VisualCogB_Task-2
VisualCogB_Task-2,32,1,-1,0.468999771825584,q1_quality_matched,cue_locked,round1::logistic_erp_only_3_l2_10,0.5,VisualCogB_Task-2
VisualCogB_Task-2,33,1,-1,0.4503998532593705,q1_quality_matched,cue_locked,round1::logistic_erp_only_3_l2_10,0.5,VisualCogB_Task-2
VisualCogB_Task-2,34,-1,-1,0.42369395770265234,q1_quality_matched,cue_locked,round1::logistic_erp_only_3_l2_10,0.5,VisualCogB_Task-2
VisualCogB_Task-2,35,1,1,0.5192236391437913,q1_quality_matched,cue_locked,round1::logistic_erp_only_3_l2_10,0.5,VisualCogB_Task-2
VisualCogB_Task-2,36,-1,-1,0.4711821063117522,q1_quality_matched,cue_locked,round1::logistic_erp_only_3_l2_10,0.5,VisualCogB_Task-2
VisualCogB_Task-2,37,-1,1,0.54306635204464,q1_quality_matched,cue_locked,round1::logistic_erp_only_3_l2_10,0.5,VisualCogB_Task-2
VisualCogB_Task-2,38,1,-1,0.445503763645345,q1_quality_matched,cue_locked,round1::logistic_erp_only_3_l2_10,0.5,VisualCogB_Task-2
VisualCogB_Task-2,39,1,-1,0.42850995526246805,q1_quality_matched,cue_locked,round1::logistic_erp_only_3_l2_10,0.5,VisualCogB_Task-2
VisualCogB_Task-2,40,1,1,0.5613286673515032,q1_quality_matched,cue_locked,round1::logistic_erp_only_3_l2_10,0.5,VisualCogB_Task-2
VisualCogB_Task-2,41,-1,-1,0.43583844881683587,q1_quality_matched,cue_locked,round1::logistic_erp_only_3_l2_10,0.5,VisualCogB_Task-2
VisualCogB_Task-2,43,1,-1,0.4576728205782741,q1_quality_matched,cue_locked,round1::logistic_erp_only_3_l2_10,0.5,VisualCogB_Task-2
VisualCogB_Task-2,44,-1,1,0.5242352383696638,q1_quality_matched,cue_locked,round1::logistic_erp_only_3_l2_10,0.5,VisualCogB_Task-2
VisualCogB_Task-2,45,-1,-1,0.4746564508253052,q1_quality_matched,cue_locked,round1::logistic_erp_only_3_l2_10,0.5,VisualCogB_Task-2
VisualCogB_Task-2,46,1,-1,0.43153643200762515,q1_quality_matched,cue_locked,round1::logistic_erp_only_3_l2_10,0.5,VisualCogB_Task-2
VisualCogB_Task-2,47,-1,-1,0.42923423630685464,q1_quality_matched,cue_locked,round1::logistic_erp_only_3_l2_10,0.5,VisualCogB_Task-2
VisualCogB_Task-2,48,1,-1,0.4010437279334673,q1_quality_matched,cue_locked,round1::logistic_erp_only_3_l2_10,0.5,VisualCogB_Task-2
VisualCogB_Task-2,50,-1,-1,0.4155398107389925,q1_quality_matched,cue_locked,round1::logistic_erp_only_3_l2_10,0.5,VisualCogB_Task-2
VisualCogB_Task-2,51,-1,-1,0.4920798074534399,q1_quality_matched,cue_locked,round1::logistic_erp_only_3_l2_10,0.5,VisualCogB_Task-2
VisualCogB_Task-2,52,1,-1,0.467338734150806,q1_quality_matched,cue_locked,round1::logistic_erp_only_3_l2_10,0.5,VisualCogB_Task-2
VisualCogB_Task-2,54,1,-1,0.4979935089173869,q1_quality_matched,cue_locked,round1::logistic_erp_only_3_l2_10,0.5,VisualCogB_Task-2
VisualCogB_Task-2,57,-1,-1,0.4945075766586625,q1_quality_matched,cue_locked,round1::logistic_erp_only_3_l2_10,0.5,VisualCogB_Task-2
VisualCogB_Task-2,59,-1,-1,0.42944203247146456,q1_quality_matched,cue_locked,round1::logistic_erp_only_3_l2_10,0.5,VisualCogB_Task-2
VisualCogB_Task-2,60,-1,-1,0.4805048884409888,q1_quality_matched,cue_locked,round1::logistic_erp_only_3_l2_10,0.5,VisualCogB_Task-2
VisualCogB_Task-2,61,1,-1,0.44931126800028065,q1_quality_matched,cue_locked,round1::logistic_erp_only_3_l2_10,0.5,VisualCogB_Task-2
VisualCogB_Task-2,62,-1,-1,0.4318950992039171,q1_quality_matched,cue_locked,round1::logistic_erp_only_3_l2_10,0.5,VisualCogB_Task-2
VisualCogB_Task-2,63,-1,-1,0.4275823596532648,q1_quality_matched,cue_locked,round1::logistic_erp_only_3_l2_10,0.5,VisualCogB_Task-2
VisualCogB_Task-2,64,1,-1,0.4720873570339922,q1_quality_matched,cue_locked,round1::logistic_erp_only_3_l2_10,0.5,VisualCogB_Task-2
VisualCogB_Task-2,66,1,-1,0.40979111740953605,q1_quality_matched,cue_locked,round1::logistic_erp_only_3_l2_10,0.5,VisualCogB_Task-2
VisualCogB_Task-2,67,1,1,0.5034377558795506,q1_quality_matched,cue_locked,round1::logistic_erp_only_3_l2_10,0.5,VisualCogB_Task-2
VisualCogB_Task-2,68,-1,-1,0.4678305311595778,q1_quality_matched,cue_locked,round1::logistic_erp_only_3_l2_10,0.5,VisualCogB_Task-2
VisualCogB_Task-2,69,-1,1,0.5451477882643188,q1_quality_matched,cue_locked,round1::logistic_erp_only_3_l2_10,0.5,VisualCogB_Task-2
VisualCogB_Task-2,70,1,-1,0.4095255450026543,q1_quality_matched,cue_locked,round1::logistic_erp_only_3_l2_10,0.5,VisualCogB_Task-2
VisualCogB_Task-2,71,1,-1,0.4242287604573823,q1_quality_matched,cue_locked,round1::logistic_erp_only_3_l2_10,0.5,VisualCogB_Task-2
VisualCogB_Task-2,72,1,1,0.505921949137005,q1_quality_matched,cue_locked,round1::logistic_erp_only_3_l2_10,0.5,VisualCogB_Task-2
VisualCogB_Task-2,73,-1,-1,0.42771847644636035,q1_quality_matched,cue_locked,round1::logistic_erp_only_3_l2_10,0.5,VisualCogB_Task-2
VisualCogB_Task-2,74,-1,-1,0.40131898129924937,q1_quality_matched,cue_locked,round1::logistic_erp_only_3_l2_10,0.5,VisualCogB_Task-2
VisualCogB_Task-2,75,1,-1,0.3810764104980749,q1_quality_matched,cue_locked,round1::logistic_erp_only_3_l2_10,0.5,VisualCogB_Task-2
VisualCogB_Task-2,76,1,-1,0.45065514644966226,q1_quality_matched,cue_locked,round1::logistic_erp_only_3_l2_10,0.5,VisualCogB_Task-2
VisualCogB_Task-2,77,-1,1,0.5229301861473074,q1_quality_matched,cue_locked,round1::logistic_erp_only_3_l2_10,0.5,VisualCogB_Task-2
VisualCogB_Task-2,79,-1,-1,0.44276761293755174,q1_quality_matched,cue_locked,round1::logistic_erp_only_3_l2_10,0.5,VisualCogB_Task-2
VisualCogB_Task-2,82,1,-1,0.4854132904853141,q1_quality_matched,cue_locked,round1::logistic_erp_only_3_l2_10,0.5,VisualCogB_Task-2
VisualCogB_Task-2,83,-1,1,0.5015923297864795,q1_quality_matched,cue_locked,round1::logistic_erp_only_3_l2_10,0.5,VisualCogB_Task-2
VisualCogB_Task-2,85,1,-1,0.45182948205295165,q1_quality_matched,cue_locked,round1::logistic_erp_only_3_l2_10,0.5,VisualCogB_Task-2
VisualCogB_Task-2,86,-1,-1,0.4361968665924805,q1_quality_matched,cue_locked,round1::logistic_erp_only_3_l2_10,0.5,VisualCogB_Task-2
VisualCogB_Task-2,87,1,1,0.5068512653540319,q1_quality_matched,cue_locked,round1::logistic_erp_only_3_l2_10,0.5,VisualCogB_Task-2
VisualCogB_Task-2,88,-1,-1,0.37698982138366105,q1_quality_matched,cue_locked,round1::logistic_erp_only_3_l2_10,0.5,VisualCogB_Task-2
VisualCogB_Task-2,89,1,-1,0.4513625129345915,q1_quality_matched,cue_locked,round1::logistic_erp_only_3_l2_10,0.5,VisualCogB_Task-2
VisualCogB_Task-2,91,-1,1,0.5470295734444616,q1_quality_matched,cue_locked,round1::logistic_erp_only_3_l2_10,0.5,VisualCogB_Task-2
VisualCogB_Task-2,92,1,-1,0.4600010768062725,q1_quality_matched,cue_locked,round1::logistic_erp_only_3_l2_10,0.5,VisualCogB_Task-2
VisualCogB_Task-2,93,-1,-1,0.4739247797068846,q1_quality_matched,cue_locked,round1::logistic_erp_only_3_l2_10,0.5,VisualCogB_Task-2
VisualCogB_Task-2,94,1,-1,0.44364179402746096,q1_quality_matched,cue_locked,round1::logistic_erp_only_3_l2_10,0.5,VisualCogB_Task-2
VisualCogB_Task-2,95,1,-1,0.3027362510533336,q1_quality_matched,cue_locked,round1::logistic_erp_only_3_l2_10,0.5,VisualCogB_Task-2
VisualCogB_Task-2,96,-1,1,0.5133801957335693,q1_quality_matched,cue_locked,round1::logistic_erp_only_3_l2_10,0.5,VisualCogB_Task-2
VisualCogB_Task-2,97,-1,-1,0.4587745603582153,q1_quality_matched,cue_locked,round1::logistic_erp_only_3_l2_10,0.5,VisualCogB_Task-2
VisualCogB_Task-2,98,1,-1,0.49171660477388307,q1_quality_matched,cue_locked,round1::logistic_erp_only_3_l2_10,0.5,VisualCogB_Task-2
VisualCogB_Task-2,99,-1,1,0.5141881236952306,q1_quality_matched,cue_locked,round1::logistic_erp_only_3_l2_10,0.5,VisualCogB_Task-2
VisualCogA_Task-1,0,-1,-1,0.5455002785855692,raw_qc_pass,target_locked,temporal::logistic_wave64_l2_0.1,0.55,VisualCogA_Task-1
VisualCogA_Task-1,1,1,1,0.775168321563273,raw_qc_pass,target_locked,temporal::logistic_wave64_l2_0.1,0.55,VisualCogA_Task-1
VisualCogA_Task-1,2,-1,-1,0.31241384930609506,raw_qc_pass,target_locked,temporal::logistic_wave64_l2_0.1,0.55,VisualCogA_Task-1
VisualCogA_Task-1,3,-1,-1,0.27944039122135467,raw_qc_pass,target_locked,temporal::logistic_wave64_l2_0.1,0.55,VisualCogA_Task-1
VisualCogA_Task-1,4,1,1,0.6428401856259215,raw_qc_pass,target_locked,temporal::logistic_wave64_l2_0.1,0.55,VisualCogA_Task-1
VisualCogA_Task-1,5,-1,1,0.5501710276014644,raw_qc_pass,target_locked,temporal::logistic_wave64_l2_0.1,0.55,VisualCogA_Task-1
VisualCogA_Task-1,6,-1,-1,0.02943126511133793,raw_qc_pass,target_locked,temporal::logistic_wave64_l2_0.1,0.55,VisualCogA_Task-1
VisualCogA_Task-1,7,-1,-1,0.16612594981228918,raw_qc_pass,target_locked,temporal::logistic_wave64_l2_0.1,0.55,VisualCogA_Task-1
VisualCogA_Task-1,8,1,1,0.9526047661309011,raw_qc_pass,target_locked,temporal::logistic_wave64_l2_0.1,0.55,VisualCogA_Task-1
VisualCogA_Task-1,9,1,-1,0.13060115354894822,raw_qc_pass,target_locked,temporal::logistic_wave64_l2_0.1,0.55,VisualCogA_Task-1
VisualCogA_Task-1,10,1,-1,0.17656201918071657,raw_qc_pass,target_locked,temporal::logistic_wave64_l2_0.1,0.55,VisualCogA_Task-1
VisualCogA_Task-1,11,1,-1,0.051101447268270934,raw_qc_pass,target_locked,temporal::logistic_wave64_l2_0.1,0.55,VisualCogA_Task-1
VisualCogA_Task-1,12,-1,-1,0.03175896640366349,raw_qc_pass,target_locked,temporal::logistic_wave64_l2_0.1,0.55,VisualCogA_Task-1
VisualCogA_Task-1,13,-1,-1,0.30868245972819014,raw_qc_pass,target_locked,temporal::logistic_wave64_l2_0.1,0.55,VisualCogA_Task-1
VisualCogA_Task-1,14,1,-1,0.31976942828744837,raw_qc_pass,target_locked,temporal::logistic_wave64_l2_0.1,0.55,VisualCogA_Task-1
VisualCogA_Task-1,15,-1,-1,0.5245094089107044,raw_qc_pass,target_locked,temporal::logistic_wave64_l2_0.1,0.55,VisualCogA_Task-1
VisualCogA_Task-1,16,1,1,0.6324396647391515,raw_qc_pass,target_locked,temporal::logistic_wave64_l2_0.1,0.55,VisualCogA_Task-1
VisualCogA_Task-1,17,-1,1,0.9774032041557001,raw_qc_pass,target_locked,temporal::logistic_wave64_l2_0.1,0.55,VisualCogA_Task-1
VisualCogA_Task-1,18,-1,1,0.9603870648358506,raw_qc_pass,target_locked,temporal::logistic_wave64_l2_0.1,0.55,VisualCogA_Task-1
VisualCogA_Task-1,19,1,-1,0.08201122597085501,raw_qc_pass,target_locked,temporal::logistic_wave64_l2_0.1,0.55,VisualCogA_Task-1
VisualCogA_Task-1,20,-1,-1,0.1948623671225692,raw_qc_pass,target_locked,temporal::logistic_wave64_l2_0.1,0.55,VisualCogA_Task-1
VisualCogA_Task-1,21,-1,-1,0.045238836071111045,raw_qc_pass,target_locked,temporal::logistic_wave64_l2_0.1,0.55,VisualCogA_Task-1
VisualCogA_Task-1,22,1,-1,0.48433089528829903,raw_qc_pass,target_locked,temporal::logistic_wave64_l2_0.1,0.55,VisualCogA_Task-1
VisualCogA_Task-1,23,-1,-1,0.3761057197736601,raw_qc_pass,target_locked,temporal::logistic_wave64_l2_0.1,0.55,VisualCogA_Task-1
VisualCogA_Task-1,24,-1,1,0.6656655177567004,raw_qc_pass,target_locked,temporal::logistic_wave64_l2_0.1,0.55,VisualCogA_Task-1
VisualCogA_Task-1,25,1,-1,0.35673870309797007,raw_qc_pass,target_locked,temporal::logistic_wave64_l2_0.1,0.55,VisualCogA_Task-1
VisualCogA_Task-1,26,1,1,0.9284777954509897,raw_qc_pass,target_locked,temporal::logistic_wave64_l2_0.1,0.55,VisualCogA_Task-1
VisualCogA_Task-1,27,-1,1,0.9588477313599966,raw_qc_pass,target_locked,temporal::logistic_wave64_l2_0.1,0.55,VisualCogA_Task-1
VisualCogA_Task-1,28,-1,1,0.7043017676274183,raw_qc_pass,target_locked,temporal::logistic_wave64_l2_0.1,0.55,VisualCogA_Task-1
VisualCogA_Task-1,29,-1,1,0.7818054208113767,raw_qc_pass,target_locked,temporal::logistic_wave64_l2_0.1,0.55,VisualCogA_Task-1
VisualCogA_Task-1,30,-1,-1,0.30449657207937547,raw_qc_pass,target_locked,temporal::logistic_wave64_l2_0.1,0.55,VisualCogA_Task-1
VisualCogA_Task-1,31,1,-1,0.3053805244123757,raw_qc_pass,target_locked,temporal::logistic_wave64_l2_0.1,0.55,VisualCogA_Task-1
VisualCogA_Task-1,32,1,-1,0.19120845384444968,raw_qc_pass,target_locked,temporal::logistic_wave64_l2_0.1,0.55,VisualCogA_Task-1
VisualCogA_Task-1,33,-1,-1,0.1908204827071877,raw_qc_pass,target_locked,temporal::logistic_wave64_l2_0.1,0.55,VisualCogA_Task-1
VisualCogA_Task-1,34,1,-1,0.23008113814081121,raw_qc_pass,target_locked,temporal::logistic_wave64_l2_0.1,0.55,VisualCogA_Task-1
VisualCogA_Task-1,35,-1,1,0.5821884492446388,raw_qc_pass,target_locked,temporal::logistic_wave64_l2_0.1,0.55,VisualCogA_Task-1
VisualCogA_Task-1,36,-1,-1,0.21103823241935674,raw_qc_pass,target_locked,temporal::logistic_wave64_l2_0.1,0.55,VisualCogA_Task-1
VisualCogA_Task-1,37,-1,-1,0.33705045614485846,raw_qc_pass,target_locked,temporal::logistic_wave64_l2_0.1,0.55,VisualCogA_Task-1
VisualCogA_Task-1,38,-1,-1,0.3772195378083761,raw_qc_pass,target_locked,temporal::logistic_wave64_l2_0.1,0.55,VisualCogA_Task-1
VisualCogA_Task-1,39,-1,1,0.9859953315323159,raw_qc_pass,target_locked,temporal::logistic_wave64_l2_0.1,0.55,VisualCogA_Task-1
VisualCogA_Task-1,40,-1,-1,0.11041082498831183,raw_qc_pass,target_locked,temporal::logistic_wave64_l2_0.1,0.55,VisualCogA_Task-1
VisualCogA_Task-1,41,1,1,0.9887203291663826,raw_qc_pass,target_locked,temporal::logistic_wave64_l2_0.1,0.55,VisualCogA_Task-1
VisualCogA_Task-1,42,-1,-1,0.150766694549321,raw_qc_pass,target_locked,temporal::logistic_wave64_l2_0.1,0.55,VisualCogA_Task-1
VisualCogA_Task-1,43,1,-1,0.5103800613686025,raw_qc_pass,target_locked,temporal::logistic_wave64_l2_0.1,0.55,VisualCogA_Task-1
VisualCogA_Task-1,44,-1,1,0.8262974398432054,raw_qc_pass,target_locked,temporal::logistic_wave64_l2_0.1,0.55,VisualCogA_Task-1
VisualCogA_Task-1,45,-1,1,0.6178619804135764,raw_qc_pass,target_locked,temporal::logistic_wave64_l2_0.1,0.55,VisualCogA_Task-1
VisualCogA_Task-1,46,-1,-1,0.1908728485600163,raw_qc_pass,target_locked,temporal::logistic_wave64_l2_0.1,0.55,VisualCogA_Task-1
VisualCogA_Task-1,47,1,-1,0.05483460564768536,raw_qc_pass,target_locked,temporal::logistic_wave64_l2_0.1,0.55,VisualCogA_Task-1
VisualCogA_Task-1,48,-1,1,0.8140812568692515,raw_qc_pass,target_locked,temporal::logistic_wave64_l2_0.1,0.55,VisualCogA_Task-1
VisualCogA_Task-1,49,-1,-1,0.11963134896044701,raw_qc_pass,target_locked,temporal::logistic_wave64_l2_0.1,0.55,VisualCogA_Task-1
VisualCogA_Task-1,50,1,1,0.8201450789384878,raw_qc_pass,target_locked,temporal::logistic_wave64_l2_0.1,0.55,VisualCogA_Task-1
VisualCogA_Task-1,51,1,-1,0.2296275819508471,raw_qc_pass,target_locked,temporal::logistic_wave64_l2_0.1,0.55,VisualCogA_Task-1
VisualCogA_Task-1,52,1,-1,0.11389923205500896,raw_qc_pass,target_locked,temporal::logistic_wave64_l2_0.1,0.55,VisualCogA_Task-1
VisualCogA_Task-1,53,-1,-1,0.03297627436754805,raw_qc_pass,target_locked,temporal::logistic_wave64_l2_0.1,0.55,VisualCogA_Task-1
VisualCogA_Task-1,54,1,-1,0.1805309291280651,raw_qc_pass,target_locked,temporal::logistic_wave64_l2_0.1,0.55,VisualCogA_Task-1
VisualCogA_Task-1,55,-1,1,0.802854070566757,raw_qc_pass,target_locked,temporal::logistic_wave64_l2_0.1,0.55,VisualCogA_Task-1
VisualCogA_Task-1,56,-1,-1,0.05173646303542668,raw_qc_pass,target_locked,temporal::logistic_wave64_l2_0.1,0.55,VisualCogA_Task-1
VisualCogA_Task-1,57,1,1,0.9500717973599637,raw_qc_pass,target_locked,temporal::logistic_wave64_l2_0.1,0.55,VisualCogA_Task-1
VisualCogA_Task-1,58,1,-1,0.029328870085158696,raw_qc_pass,target_locked,temporal::logistic_wave64_l2_0.1,0.55,VisualCogA_Task-1
VisualCogA_Task-1,59,-1,1,0.6306573224587857,raw_qc_pass,target_locked,temporal::logistic_wave64_l2_0.1,0.55,VisualCogA_Task-1
VisualCogA_Task-1,60,1,-1,0.10112962946960377,raw_qc_pass,target_locked,temporal::logistic_wave64_l2_0.1,0.55,VisualCogA_Task-1
VisualCogA_Task-1,61,-1,-1,0.053339900064312246,raw_qc_pass,target_locked,temporal::logistic_wave64_l2_0.1,0.55,VisualCogA_Task-1
VisualCogA_Task-1,62,1,-1,0.04972371391726003,raw_qc_pass,target_locked,temporal::logistic_wave64_l2_0.1,0.55,VisualCogA_Task-1
VisualCogA_Task-1,63,1,-1,0.2044947358057126,raw_qc_pass,target_locked,temporal::logistic_wave64_l2_0.1,0.55,VisualCogA_Task-1
VisualCogA_Task-1,64,-1,1,0.8656689122893224,raw_qc_pass,target_locked,temporal::logistic_wave64_l2_0.1,0.55,VisualCogA_Task-1
VisualCogA_Task-1,65,1,1,0.8779401509535213,raw_qc_pass,target_locked,temporal::logistic_wave64_l2_0.1,0.55,VisualCogA_Task-1
VisualCogA_Task-1,66,-1,1,0.978782143145996,raw_qc_pass,target_locked,temporal::logistic_wave64_l2_0.1,0.55,VisualCogA_Task-1
VisualCogA_Task-1,67,-1,-1,0.2933432048837361,raw_qc_pass,target_locked,temporal::logistic_wave64_l2_0.1,0.55,VisualCogA_Task-1
VisualCogA_Task-1,68,1,1,0.942809479472995,raw_qc_pass,target_locked,temporal::logistic_wave64_l2_0.1,0.55,VisualCogA_Task-1
VisualCogA_Task-1,69,1,-1,0.0677466755872088,raw_qc_pass,target_locked,temporal::logistic_wave64_l2_0.1,0.55,VisualCogA_Task-1
VisualCogA_Task-1,70,-1,-1,0.21453000573757205,raw_qc_pass,target_locked,temporal::logistic_wave64_l2_0.1,0.55,VisualCogA_Task-1
VisualCogA_Task-1,71,1,-1,0.3952484071317889,raw_qc_pass,target_locked,temporal::logistic_wave64_l2_0.1,0.55,VisualCogA_Task-1
VisualCogA_Task-1,72,-1,-1,0.06636526442078476,raw_qc_pass,target_locked,temporal::logistic_wave64_l2_0.1,0.55,VisualCogA_Task-1
VisualCogA_Task-1,73,1,-1,0.33403493547323576,raw_qc_pass,target_locked,temporal::logistic_wave64_l2_0.1,0.55,VisualCogA_Task-1
VisualCogA_Task-1,74,-1,1,0.8181593141752991,raw_qc_pass,target_locked,temporal::logistic_wave64_l2_0.1,0.55,VisualCogA_Task-1
VisualCogA_Task-1,75,1,1,0.9757674034395549,raw_qc_pass,target_locked,temporal::logistic_wave64_l2_0.1,0.55,VisualCogA_Task-1
VisualCogA_Task-1,76,-1,-1,0.038331159591876884,raw_qc_pass,target_locked,temporal::logistic_wave64_l2_0.1,0.55,VisualCogA_Task-1
VisualCogA_Task-1,77,-1,1,0.9429169868811373,raw_qc_pass,target_locked,temporal::logistic_wave64_l2_0.1,0.55,VisualCogA_Task-1
VisualCogA_Task-1,78,-1,1,0.631918739020462,raw_qc_pass,target_locked,temporal::logistic_wave64_l2_0.1,0.55,VisualCogA_Task-1
VisualCogA_Task-1,79,-1,1,0.6270784518011041,raw_qc_pass,target_locked,temporal::logistic_wave64_l2_0.1,0.55,VisualCogA_Task-1
VisualCogA_Task-1,80,-1,1,0.815411881657389,raw_qc_pass,target_locked,temporal::logistic_wave64_l2_0.1,0.55,VisualCogA_Task-1
VisualCogA_Task-1,81,1,1,0.7346136510601262,raw_qc_pass,target_locked,temporal::logistic_wave64_l2_0.1,0.55,VisualCogA_Task-1
VisualCogA_Task-1,82,-1,-1,0.16334572267647282,raw_qc_pass,target_locked,temporal::logistic_wave64_l2_0.1,0.55,VisualCogA_Task-1
VisualCogA_Task-1,83,1,-1,0.4063561572192334,raw_qc_pass,target_locked,temporal::logistic_wave64_l2_0.1,0.55,VisualCogA_Task-1
VisualCogA_Task-1,84,-1,-1,0.2866480957315899,raw_qc_pass,target_locked,temporal::logistic_wave64_l2_0.1,0.55,VisualCogA_Task-1
VisualCogA_Task-1,85,1,-1,0.14999191686537866,raw_qc_pass,target_locked,temporal::logistic_wave64_l2_0.1,0.55,VisualCogA_Task-1
VisualCogA_Task-1,86,1,1,0.6469347959897512,raw_qc_pass,target_locked,temporal::logistic_wave64_l2_0.1,0.55,VisualCogA_Task-1
VisualCogA_Task-1,87,1,-1,0.3279082333881699,raw_qc_pass,target_locked,temporal::logistic_wave64_l2_0.1,0.55,VisualCogA_Task-1
VisualCogA_Task-1,88,1,1,0.763156206607556,raw_qc_pass,target_locked,temporal::logistic_wave64_l2_0.1,0.55,VisualCogA_Task-1
VisualCogA_Task-1,89,1,1,0.6927022005389514,raw_qc_pass,target_locked,temporal::logistic_wave64_l2_0.1,0.55,VisualCogA_Task-1
VisualCogA_Task-1,90,-1,-1,0.3992776520390685,raw_qc_pass,target_locked,temporal::logistic_wave64_l2_0.1,0.55,VisualCogA_Task-1
VisualCogA_Task-1,91,1,-1,0.026874094992446054,raw_qc_pass,target_locked,temporal::logistic_wave64_l2_0.1,0.55,VisualCogA_Task-1
VisualCogA_Task-1,92,1,1,0.8751007851345727,raw_qc_pass,target_locked,temporal::logistic_wave64_l2_0.1,0.55,VisualCogA_Task-1
VisualCogA_Task-1,93,1,-1,0.13539755456327981,raw_qc_pass,target_locked,temporal::logistic_wave64_l2_0.1,0.55,VisualCogA_Task-1
VisualCogA_Task-1,94,-1,-1,0.36087731584057364,raw_qc_pass,target_locked,temporal::logistic_wave64_l2_0.1,0.55,VisualCogA_Task-1
VisualCogA_Task-1,95,1,-1,0.12099747791520532,raw_qc_pass,target_locked,temporal::logistic_wave64_l2_0.1,0.55,VisualCogA_Task-1
VisualCogA_Task-1,96,1,1,0.8453761948305138,raw_qc_pass,target_locked,temporal::logistic_wave64_l2_0.1,0.55,VisualCogA_Task-1
VisualCogA_Task-1,97,-1,1,0.6565557590663017,raw_qc_pass,target_locked,temporal::logistic_wave64_l2_0.1,0.55,VisualCogA_Task-1
VisualCogA_Task-1,98,-1,-1,0.2227281363616572,raw_qc_pass,target_locked,temporal::logistic_wave64_l2_0.1,0.55,VisualCogA_Task-1
VisualCogA_Task-1,99,1,1,0.9227981678375258,raw_qc_pass,target_locked,temporal::logistic_wave64_l2_0.1,0.55,VisualCogA_Task-1
VisualCogA_Task-2,0,1,1,0.43592097189769385,raw_qc_pass,target_locked,round1::logistic_bandpower_only_9_l2_0.1,0.4,VisualCogA_Task-2
VisualCogA_Task-2,1,-1,-1,0.36712993497629354,raw_qc_pass,target_locked,round1::logistic_bandpower_only_9_l2_0.1,0.4,VisualCogA_Task-2
VisualCogA_Task-2,2,-1,1,0.4388229972952013,raw_qc_pass,target_locked,round1::logistic_bandpower_only_9_l2_0.1,0.4,VisualCogA_Task-2
VisualCogA_Task-2,3,-1,-1,0.3882593758497011,raw_qc_pass,target_locked,round1::logistic_bandpower_only_9_l2_0.1,0.4,VisualCogA_Task-2
VisualCogA_Task-2,4,1,1,0.4177547357557668,raw_qc_pass,target_locked,round1::logistic_bandpower_only_9_l2_0.1,0.4,VisualCogA_Task-2
VisualCogA_Task-2,5,-1,1,0.5368596684443436,raw_qc_pass,target_locked,round1::logistic_bandpower_only_9_l2_0.1,0.4,VisualCogA_Task-2
VisualCogA_Task-2,6,1,1,0.5064132555577263,raw_qc_pass,target_locked,round1::logistic_bandpower_only_9_l2_0.1,0.4,VisualCogA_Task-2
VisualCogA_Task-2,7,1,-1,0.37709266693324317,raw_qc_pass,target_locked,round1::logistic_bandpower_only_9_l2_0.1,0.4,VisualCogA_Task-2
VisualCogA_Task-2,8,-1,1,0.4036013932969937,raw_qc_pass,target_locked,round1::logistic_bandpower_only_9_l2_0.1,0.4,VisualCogA_Task-2
VisualCogA_Task-2,9,-1,-1,0.31141321514878767,raw_qc_pass,target_locked,round1::logistic_bandpower_only_9_l2_0.1,0.4,VisualCogA_Task-2
VisualCogA_Task-2,10,1,1,0.4837166201918439,raw_qc_pass,target_locked,round1::logistic_bandpower_only_9_l2_0.1,0.4,VisualCogA_Task-2
VisualCogA_Task-2,11,1,1,0.4689344037598195,raw_qc_pass,target_locked,round1::logistic_bandpower_only_9_l2_0.1,0.4,VisualCogA_Task-2
VisualCogA_Task-2,12,1,-1,0.27734998140437755,raw_qc_pass,target_locked,round1::logistic_bandpower_only_9_l2_0.1,0.4,VisualCogA_Task-2
VisualCogA_Task-2,13,-1,1,0.4644141327132463,raw_qc_pass,target_locked,round1::logistic_bandpower_only_9_l2_0.1,0.4,VisualCogA_Task-2
VisualCogA_Task-2,14,-1,-1,0.3842320511759041,raw_qc_pass,target_locked,round1::logistic_bandpower_only_9_l2_0.1,0.4,VisualCogA_Task-2
VisualCogA_Task-2,15,-1,-1,0.20725494940309128,raw_qc_pass,target_locked,round1::logistic_bandpower_only_9_l2_0.1,0.4,VisualCogA_Task-2
VisualCogA_Task-2,16,1,1,0.6069425961172034,raw_qc_pass,target_locked,round1::logistic_bandpower_only_9_l2_0.1,0.4,VisualCogA_Task-2
VisualCogA_Task-2,17,1,1,0.4024298059892895,raw_qc_pass,target_locked,round1::logistic_bandpower_only_9_l2_0.1,0.4,VisualCogA_Task-2
VisualCogA_Task-2,18,-1,1,0.4057148259531302,raw_qc_pass,target_locked,round1::logistic_bandpower_only_9_l2_0.1,0.4,VisualCogA_Task-2
VisualCogA_Task-2,19,-1,-1,0.39748559517486715,raw_qc_pass,target_locked,round1::logistic_bandpower_only_9_l2_0.1,0.4,VisualCogA_Task-2
VisualCogA_Task-2,20,1,-1,0.2247294150862398,raw_qc_pass,target_locked,round1::logistic_bandpower_only_9_l2_0.1,0.4,VisualCogA_Task-2
VisualCogA_Task-2,21,-1,1,0.5737889569208596,raw_qc_pass,target_locked,round1::logistic_bandpower_only_9_l2_0.1,0.4,VisualCogA_Task-2
VisualCogA_Task-2,22,1,1,0.424240945554123,raw_qc_pass,target_locked,round1::logistic_bandpower_only_9_l2_0.1,0.4,VisualCogA_Task-2
VisualCogA_Task-2,23,1,1,0.6420779707072815,raw_qc_pass,target_locked,round1::logistic_bandpower_only_9_l2_0.1,0.4,VisualCogA_Task-2
VisualCogA_Task-2,24,-1,1,0.4179701775754008,raw_qc_pass,target_locked,round1::logistic_bandpower_only_9_l2_0.1,0.4,VisualCogA_Task-2
VisualCogA_Task-2,25,-1,-1,0.24424204609293812,raw_qc_pass,target_locked,round1::logistic_bandpower_only_9_l2_0.1,0.4,VisualCogA_Task-2
VisualCogA_Task-2,26,1,1,0.5214556528752512,raw_qc_pass,target_locked,round1::logistic_bandpower_only_9_l2_0.1,0.4,VisualCogA_Task-2
VisualCogA_Task-2,27,1,1,0.4431015987989036,raw_qc_pass,target_locked,round1::logistic_bandpower_only_9_l2_0.1,0.4,VisualCogA_Task-2
VisualCogA_Task-2,28,1,1,0.48657960624356894,raw_qc_pass,target_locked,round1::logistic_bandpower_only_9_l2_0.1,0.4,VisualCogA_Task-2
VisualCogA_Task-2,29,-1,-1,0.3357206112777882,raw_qc_pass,target_locked,round1::logistic_bandpower_only_9_l2_0.1,0.4,VisualCogA_Task-2
VisualCogA_Task-2,31,-1,-1,0.2885068247856131,raw_qc_pass,target_locked,round1::logistic_bandpower_only_9_l2_0.1,0.4,VisualCogA_Task-2
VisualCogA_Task-2,32,1,1,0.5985010534998434,raw_qc_pass,target_locked,round1::logistic_bandpower_only_9_l2_0.1,0.4,VisualCogA_Task-2
VisualCogA_Task-2,34,-1,-1,0.3706927657267348,raw_qc_pass,target_locked,round1::logistic_bandpower_only_9_l2_0.1,0.4,VisualCogA_Task-2
VisualCogA_Task-2,35,1,1,0.44534310964838064,raw_qc_pass,target_locked,round1::logistic_bandpower_only_9_l2_0.1,0.4,VisualCogA_Task-2
VisualCogA_Task-2,36,1,1,0.4869058559083459,raw_qc_pass,target_locked,round1::logistic_bandpower_only_9_l2_0.1,0.4,VisualCogA_Task-2
VisualCogA_Task-2,37,-1,1,0.4837379390681019,raw_qc_pass,target_locked,round1::logistic_bandpower_only_9_l2_0.1,0.4,VisualCogA_Task-2
VisualCogA_Task-2,38,1,1,0.4954164926732106,raw_qc_pass,target_locked,round1::logistic_bandpower_only_9_l2_0.1,0.4,VisualCogA_Task-2
VisualCogA_Task-2,39,-1,1,0.5826109832545975,raw_qc_pass,target_locked,round1::logistic_bandpower_only_9_l2_0.1,0.4,VisualCogA_Task-2
VisualCogA_Task-2,40,-1,1,0.4671321969486359,raw_qc_pass,target_locked,round1::logistic_bandpower_only_9_l2_0.1,0.4,VisualCogA_Task-2
VisualCogA_Task-2,41,-1,1,0.5868683475993862,raw_qc_pass,target_locked,round1::logistic_bandpower_only_9_l2_0.1,0.4,VisualCogA_Task-2
VisualCogA_Task-2,42,-1,1,0.6029870632057579,raw_qc_pass,target_locked,round1::logistic_bandpower_only_9_l2_0.1,0.4,VisualCogA_Task-2
VisualCogA_Task-2,43,-1,-1,0.390020717696537,raw_qc_pass,target_locked,round1::logistic_bandpower_only_9_l2_0.1,0.4,VisualCogA_Task-2
VisualCogA_Task-2,44,-1,1,0.5481580160705134,raw_qc_pass,target_locked,round1::logistic_bandpower_only_9_l2_0.1,0.4,VisualCogA_Task-2
VisualCogA_Task-2,45,-1,-1,0.2854766470398533,raw_qc_pass,target_locked,round1::logistic_bandpower_only_9_l2_0.1,0.4,VisualCogA_Task-2
VisualCogA_Task-2,46,-1,1,0.6348827285056283,raw_qc_pass,target_locked,round1::logistic_bandpower_only_9_l2_0.1,0.4,VisualCogA_Task-2
VisualCogA_Task-2,47,-1,1,0.47240412370093937,raw_qc_pass,target_locked,round1::logistic_bandpower_only_9_l2_0.1,0.4,VisualCogA_Task-2
VisualCogA_Task-2,48,1,1,0.4522579131719875,raw_qc_pass,target_locked,round1::logistic_bandpower_only_9_l2_0.1,0.4,VisualCogA_Task-2
VisualCogA_Task-2,49,1,-1,0.37676200900023493,raw_qc_pass,target_locked,round1::logistic_bandpower_only_9_l2_0.1,0.4,VisualCogA_Task-2
VisualCogA_Task-2,50,-1,1,0.5863915365788877,raw_qc_pass,target_locked,round1::logistic_bandpower_only_9_l2_0.1,0.4,VisualCogA_Task-2
VisualCogA_Task-2,51,1,1,0.5158371183982546,raw_qc_pass,target_locked,round1::logistic_bandpower_only_9_l2_0.1,0.4,VisualCogA_Task-2
VisualCogA_Task-2,52,1,-1,0.3755560169084725,raw_qc_pass,target_locked,round1::logistic_bandpower_only_9_l2_0.1,0.4,VisualCogA_Task-2
VisualCogA_Task-2,53,-1,1,0.42968425624145984,raw_qc_pass,target_locked,round1::logistic_bandpower_only_9_l2_0.1,0.4,VisualCogA_Task-2
VisualCogA_Task-2,54,-1,1,0.5783198700567367,raw_qc_pass,target_locked,round1::logistic_bandpower_only_9_l2_0.1,0.4,VisualCogA_Task-2
VisualCogA_Task-2,55,1,-1,0.3997138820933359,raw_qc_pass,target_locked,round1::logistic_bandpower_only_9_l2_0.1,0.4,VisualCogA_Task-2
VisualCogA_Task-2,56,1,1,0.7873193488061062,raw_qc_pass,target_locked,round1::logistic_bandpower_only_9_l2_0.1,0.4,VisualCogA_Task-2
VisualCogA_Task-2,57,1,-1,0.31838626642337464,raw_qc_pass,target_locked,round1::logistic_bandpower_only_9_l2_0.1,0.4,VisualCogA_Task-2
VisualCogA_Task-2,58,1,1,0.6490151049778196,raw_qc_pass,target_locked,round1::logistic_bandpower_only_9_l2_0.1,0.4,VisualCogA_Task-2
VisualCogA_Task-2,59,1,-1,0.3899737746445621,raw_qc_pass,target_locked,round1::logistic_bandpower_only_9_l2_0.1,0.4,VisualCogA_Task-2
VisualCogA_Task-2,60,-1,1,0.6203358426265198,raw_qc_pass,target_locked,round1::logistic_bandpower_only_9_l2_0.1,0.4,VisualCogA_Task-2
VisualCogA_Task-2,61,1,-1,0.3562851982173063,raw_qc_pass,target_locked,round1::logistic_bandpower_only_9_l2_0.1,0.4,VisualCogA_Task-2
VisualCogA_Task-2,62,-1,1,0.5786212096796709,raw_qc_pass,target_locked,round1::logistic_bandpower_only_9_l2_0.1,0.4,VisualCogA_Task-2
VisualCogA_Task-2,63,-1,1,0.631744432979488,raw_qc_pass,target_locked,round1::logistic_bandpower_only_9_l2_0.1,0.4,VisualCogA_Task-2
VisualCogA_Task-2,64,1,-1,0.23642227297124666,raw_qc_pass,target_locked,round1::logistic_bandpower_only_9_l2_0.1,0.4,VisualCogA_Task-2
VisualCogA_Task-2,65,-1,-1,0.37637054968763,raw_qc_pass,target_locked,round1::logistic_bandpower_only_9_l2_0.1,0.4,VisualCogA_Task-2
VisualCogA_Task-2,66,1,1,0.4815575569109667,raw_qc_pass,target_locked,round1::logistic_bandpower_only_9_l2_0.1,0.4,VisualCogA_Task-2
VisualCogA_Task-2,67,1,-1,0.36483617649401867,raw_qc_pass,target_locked,round1::logistic_bandpower_only_9_l2_0.1,0.4,VisualCogA_Task-2
VisualCogA_Task-2,68,-1,1,0.5165990466427609,raw_qc_pass,target_locked,round1::logistic_bandpower_only_9_l2_0.1,0.4,VisualCogA_Task-2
VisualCogA_Task-2,69,-1,-1,0.3296733002325957,raw_qc_pass,target_locked,round1::logistic_bandpower_only_9_l2_0.1,0.4,VisualCogA_Task-2
VisualCogA_Task-2,70,1,1,0.5048662285366196,raw_qc_pass,target_locked,round1::logistic_bandpower_only_9_l2_0.1,0.4,VisualCogA_Task-2
VisualCogA_Task-2,71,1,1,0.612863898253609,raw_qc_pass,target_locked,round1::logistic_bandpower_only_9_l2_0.1,0.4,VisualCogA_Task-2
VisualCogA_Task-2,72,1,-1,0.2773292561585043,raw_qc_pass,target_locked,round1::logistic_bandpower_only_9_l2_0.1,0.4,VisualCogA_Task-2
VisualCogA_Task-2,73,1,-1,0.21504915766501226,raw_qc_pass,target_locked,round1::logistic_bandpower_only_9_l2_0.1,0.4,VisualCogA_Task-2
VisualCogA_Task-2,74,-1,1,0.6051915970033768,raw_qc_pass,target_locked,round1::logistic_bandpower_only_9_l2_0.1,0.4,VisualCogA_Task-2
VisualCogA_Task-2,75,-1,1,0.560734739440118,raw_qc_pass,target_locked,round1::logistic_bandpower_only_9_l2_0.1,0.4,VisualCogA_Task-2
VisualCogA_Task-2,76,-1,1,0.5092044341115907,raw_qc_pass,target_locked,round1::logistic_bandpower_only_9_l2_0.1,0.4,VisualCogA_Task-2
VisualCogA_Task-2,77,1,1,0.7196628633154456,raw_qc_pass,target_locked,round1::logistic_bandpower_only_9_l2_0.1,0.4,VisualCogA_Task-2
VisualCogA_Task-2,78,-1,1,0.49292533037159025,raw_qc_pass,target_locked,round1::logistic_bandpower_only_9_l2_0.1,0.4,VisualCogA_Task-2
VisualCogA_Task-2,79,1,1,0.49352634724618444,raw_qc_pass,target_locked,round1::logistic_bandpower_only_9_l2_0.1,0.4,VisualCogA_Task-2
VisualCogA_Task-2,80,-1,1,0.4146338614432279,raw_qc_pass,target_locked,round1::logistic_bandpower_only_9_l2_0.1,0.4,VisualCogA_Task-2
VisualCogA_Task-2,81,1,1,0.5444922908531641,raw_qc_pass,target_locked,round1::logistic_bandpower_only_9_l2_0.1,0.4,VisualCogA_Task-2
VisualCogA_Task-2,82,1,1,0.44494299833108064,raw_qc_pass,target_locked,round1::logistic_bandpower_only_9_l2_0.1,0.4,VisualCogA_Task-2
VisualCogA_Task-2,83,-1,1,0.47100940538566627,raw_qc_pass,target_locked,round1::logistic_bandpower_only_9_l2_0.1,0.4,VisualCogA_Task-2
VisualCogA_Task-2,84,1,1,0.6319859937030776,raw_qc_pass,target_locked,round1::logistic_bandpower_only_9_l2_0.1,0.4,VisualCogA_Task-2
VisualCogA_Task-2,85,-1,1,0.4788028185801054,raw_qc_pass,target_locked,round1::logistic_bandpower_only_9_l2_0.1,0.4,VisualCogA_Task-2
VisualCogA_Task-2,86,-1,1,0.4095861933526812,raw_qc_pass,target_locked,round1::logistic_bandpower_only_9_l2_0.1,0.4,VisualCogA_Task-2
VisualCogA_Task-2,87,1,-1,0.3355216521931849,raw_qc_pass,target_locked,round1::logistic_bandpower_only_9_l2_0.1,0.4,VisualCogA_Task-2
VisualCogA_Task-2,88,-1,1,0.5215699752291986,raw_qc_pass,target_locked,round1::logistic_bandpower_only_9_l2_0.1,0.4,VisualCogA_Task-2
VisualCogA_Task-2,89,-1,1,0.49233314111657017,raw_qc_pass,target_locked,round1::logistic_bandpower_only_9_l2_0.1,0.4,VisualCogA_Task-2
VisualCogA_Task-2,90,-1,-1,0.26466451251272216,raw_qc_pass,target_locked,round1::logistic_bandpower_only_9_l2_0.1,0.4,VisualCogA_Task-2
VisualCogA_Task-2,91,-1,1,0.44913932718247535,raw_qc_pass,target_locked,round1::logistic_bandpower_only_9_l2_0.1,0.4,VisualCogA_Task-2
VisualCogA_Task-2,92,1,-1,0.24554740168975542,raw_qc_pass,target_locked,round1::logistic_bandpower_only_9_l2_0.1,0.4,VisualCogA_Task-2
VisualCogA_Task-2,93,-1,1,0.41815852458525604,raw_qc_pass,target_locked,round1::logistic_bandpower_only_9_l2_0.1,0.4,VisualCogA_Task-2
VisualCogA_Task-2,94,-1,1,0.6007518570974869,raw_qc_pass,target_locked,round1::logistic_bandpower_only_9_l2_0.1,0.4,VisualCogA_Task-2
VisualCogA_Task-2,95,-1,1,0.4237784328089897,raw_qc_pass,target_locked,round1::logistic_bandpower_only_9_l2_0.1,0.4,VisualCogA_Task-2
VisualCogA_Task-2,96,-1,1,0.43032588318625525,raw_qc_pass,target_locked,round1::logistic_bandpower_only_9_l2_0.1,0.4,VisualCogA_Task-2
VisualCogA_Task-2,97,-1,-1,0.3504020963043547,raw_qc_pass,target_locked,round1::logistic_bandpower_only_9_l2_0.1,0.4,VisualCogA_Task-2
VisualCogA_Task-2,98,-1,1,0.6008207655475702,raw_qc_pass,target_locked,round1::logistic_bandpower_only_9_l2_0.1,0.4,VisualCogA_Task-2
VisualCogA_Task-2,99,-1,1,0.5472554073243755,raw_qc_pass,target_locked,round1::logistic_bandpower_only_9_l2_0.1,0.4,VisualCogA_Task-2
VisualCogB_Task-1,0,-1,-1,0.2696156985131803,raw_qc_pass,target_locked,temporal::logistic_erp_100ms_l2_0.1,0.55,VisualCogB_Task-1
VisualCogB_Task-1,1,-1,-1,0.39075403935670405,raw_qc_pass,target_locked,temporal::logistic_erp_100ms_l2_0.1,0.55,VisualCogB_Task-1
VisualCogB_Task-1,2,1,-1,0.29164154929848735,raw_qc_pass,target_locked,temporal::logistic_erp_100ms_l2_0.1,0.55,VisualCogB_Task-1
VisualCogB_Task-1,3,-1,1,0.5968134542573953,raw_qc_pass,target_locked,temporal::logistic_erp_100ms_l2_0.1,0.55,VisualCogB_Task-1
VisualCogB_Task-1,4,1,-1,0.36495767924163364,raw_qc_pass,target_locked,temporal::logistic_erp_100ms_l2_0.1,0.55,VisualCogB_Task-1
VisualCogB_Task-1,6,1,-1,0.40708476798439674,raw_qc_pass,target_locked,temporal::logistic_erp_100ms_l2_0.1,0.55,VisualCogB_Task-1
VisualCogB_Task-1,7,-1,-1,0.28588851520889,raw_qc_pass,target_locked,temporal::logistic_erp_100ms_l2_0.1,0.55,VisualCogB_Task-1
VisualCogB_Task-1,8,-1,-1,0.5246832014754765,raw_qc_pass,target_locked,temporal::logistic_erp_100ms_l2_0.1,0.55,VisualCogB_Task-1
VisualCogB_Task-1,9,-1,-1,0.2832557462828425,raw_qc_pass,target_locked,temporal::logistic_erp_100ms_l2_0.1,0.55,VisualCogB_Task-1
VisualCogB_Task-1,10,1,-1,0.4822851190137666,raw_qc_pass,target_locked,temporal::logistic_erp_100ms_l2_0.1,0.55,VisualCogB_Task-1
VisualCogB_Task-1,11,-1,-1,0.48644722703361165,raw_qc_pass,target_locked,temporal::logistic_erp_100ms_l2_0.1,0.55,VisualCogB_Task-1
VisualCogB_Task-1,12,1,-1,0.46089069006645456,raw_qc_pass,target_locked,temporal::logistic_erp_100ms_l2_0.1,0.55,VisualCogB_Task-1
VisualCogB_Task-1,13,1,-1,0.2781529767216026,raw_qc_pass,target_locked,temporal::logistic_erp_100ms_l2_0.1,0.55,VisualCogB_Task-1
VisualCogB_Task-1,14,-1,-1,0.30729582396559096,raw_qc_pass,target_locked,temporal::logistic_erp_100ms_l2_0.1,0.55,VisualCogB_Task-1
VisualCogB_Task-1,15,1,-1,0.3425495015353708,raw_qc_pass,target_locked,temporal::logistic_erp_100ms_l2_0.1,0.55,VisualCogB_Task-1
VisualCogB_Task-1,16,-1,-1,0.39095006211409217,raw_qc_pass,target_locked,temporal::logistic_erp_100ms_l2_0.1,0.55,VisualCogB_Task-1
VisualCogB_Task-1,17,-1,-1,0.15110768654308096,raw_qc_pass,target_locked,temporal::logistic_erp_100ms_l2_0.1,0.55,VisualCogB_Task-1
VisualCogB_Task-1,18,1,-1,0.2663496999277278,raw_qc_pass,target_locked,temporal::logistic_erp_100ms_l2_0.1,0.55,VisualCogB_Task-1
VisualCogB_Task-1,19,-1,-1,0.09880829624257036,raw_qc_pass,target_locked,temporal::logistic_erp_100ms_l2_0.1,0.55,VisualCogB_Task-1
VisualCogB_Task-1,20,1,-1,0.3214536844847999,raw_qc_pass,target_locked,temporal::logistic_erp_100ms_l2_0.1,0.55,VisualCogB_Task-1
VisualCogB_Task-1,21,1,-1,0.33052919453443996,raw_qc_pass,target_locked,temporal::logistic_erp_100ms_l2_0.1,0.55,VisualCogB_Task-1
VisualCogB_Task-1,22,1,-1,0.35537175829365913,raw_qc_pass,target_locked,temporal::logistic_erp_100ms_l2_0.1,0.55,VisualCogB_Task-1
VisualCogB_Task-1,23,1,-1,0.45512420590303343,raw_qc_pass,target_locked,temporal::logistic_erp_100ms_l2_0.1,0.55,VisualCogB_Task-1
VisualCogB_Task-1,24,1,-1,0.3433770028136374,raw_qc_pass,target_locked,temporal::logistic_erp_100ms_l2_0.1,0.55,VisualCogB_Task-1
VisualCogB_Task-1,25,1,-1,0.4479571958845047,raw_qc_pass,target_locked,temporal::logistic_erp_100ms_l2_0.1,0.55,VisualCogB_Task-1
VisualCogB_Task-1,26,1,1,0.5984720382421155,raw_qc_pass,target_locked,temporal::logistic_erp_100ms_l2_0.1,0.55,VisualCogB_Task-1
VisualCogB_Task-1,27,1,1,0.6741609772005239,raw_qc_pass,target_locked,temporal::logistic_erp_100ms_l2_0.1,0.55,VisualCogB_Task-1
VisualCogB_Task-1,28,1,1,0.5583298730864844,raw_qc_pass,target_locked,temporal::logistic_erp_100ms_l2_0.1,0.55,VisualCogB_Task-1
VisualCogB_Task-1,29,-1,-1,0.44454311040850447,raw_qc_pass,target_locked,temporal::logistic_erp_100ms_l2_0.1,0.55,VisualCogB_Task-1
VisualCogB_Task-1,30,1,-1,0.39913657063719693,raw_qc_pass,target_locked,temporal::logistic_erp_100ms_l2_0.1,0.55,VisualCogB_Task-1
VisualCogB_Task-1,31,-1,-1,0.47056378392603215,raw_qc_pass,target_locked,temporal::logistic_erp_100ms_l2_0.1,0.55,VisualCogB_Task-1
VisualCogB_Task-1,32,-1,-1,0.39657460554272206,raw_qc_pass,target_locked,temporal::logistic_erp_100ms_l2_0.1,0.55,VisualCogB_Task-1
VisualCogB_Task-1,33,1,-1,0.3377045713157658,raw_qc_pass,target_locked,temporal::logistic_erp_100ms_l2_0.1,0.55,VisualCogB_Task-1
VisualCogB_Task-1,34,-1,-1,0.38235875809395,raw_qc_pass,target_locked,temporal::logistic_erp_100ms_l2_0.1,0.55,VisualCogB_Task-1
VisualCogB_Task-1,35,-1,-1,0.5147864103419346,raw_qc_pass,target_locked,temporal::logistic_erp_100ms_l2_0.1,0.55,VisualCogB_Task-1
VisualCogB_Task-1,36,-1,-1,0.3968133003520329,raw_qc_pass,target_locked,temporal::logistic_erp_100ms_l2_0.1,0.55,VisualCogB_Task-1
VisualCogB_Task-1,37,-1,-1,0.4888378223053019,raw_qc_pass,target_locked,temporal::logistic_erp_100ms_l2_0.1,0.55,VisualCogB_Task-1
VisualCogB_Task-1,38,1,1,0.6986116182184838,raw_qc_pass,target_locked,temporal::logistic_erp_100ms_l2_0.1,0.55,VisualCogB_Task-1
VisualCogB_Task-1,39,1,1,0.5968815874270738,raw_qc_pass,target_locked,temporal::logistic_erp_100ms_l2_0.1,0.55,VisualCogB_Task-1
VisualCogB_Task-1,40,-1,-1,0.48560286481137505,raw_qc_pass,target_locked,temporal::logistic_erp_100ms_l2_0.1,0.55,VisualCogB_Task-1
VisualCogB_Task-1,41,1,-1,0.3936249656026686,raw_qc_pass,target_locked,temporal::logistic_erp_100ms_l2_0.1,0.55,VisualCogB_Task-1
VisualCogB_Task-1,42,1,-1,0.2955636846187807,raw_qc_pass,target_locked,temporal::logistic_erp_100ms_l2_0.1,0.55,VisualCogB_Task-1
VisualCogB_Task-1,43,1,-1,0.47657943364153493,raw_qc_pass,target_locked,temporal::logistic_erp_100ms_l2_0.1,0.55,VisualCogB_Task-1
VisualCogB_Task-1,44,1,-1,0.3406728692044639,raw_qc_pass,target_locked,temporal::logistic_erp_100ms_l2_0.1,0.55,VisualCogB_Task-1
VisualCogB_Task-1,45,-1,-1,0.39512625450396066,raw_qc_pass,target_locked,temporal::logistic_erp_100ms_l2_0.1,0.55,VisualCogB_Task-1
VisualCogB_Task-1,46,-1,1,0.6103710551147017,raw_qc_pass,target_locked,temporal::logistic_erp_100ms_l2_0.1,0.55,VisualCogB_Task-1
VisualCogB_Task-1,47,1,1,0.9811193550874873,raw_qc_pass,target_locked,temporal::logistic_erp_100ms_l2_0.1,0.55,VisualCogB_Task-1
VisualCogB_Task-1,48,1,1,0.5982042028417358,raw_qc_pass,target_locked,temporal::logistic_erp_100ms_l2_0.1,0.55,VisualCogB_Task-1
VisualCogB_Task-1,49,-1,1,0.5728777640709514,raw_qc_pass,target_locked,temporal::logistic_erp_100ms_l2_0.1,0.55,VisualCogB_Task-1
VisualCogB_Task-1,50,1,1,0.6739416904657325,raw_qc_pass,target_locked,temporal::logistic_erp_100ms_l2_0.1,0.55,VisualCogB_Task-1
VisualCogB_Task-1,51,-1,-1,0.2904522651820213,raw_qc_pass,target_locked,temporal::logistic_erp_100ms_l2_0.1,0.55,VisualCogB_Task-1
VisualCogB_Task-1,52,1,1,0.5897014700479899,raw_qc_pass,target_locked,temporal::logistic_erp_100ms_l2_0.1,0.55,VisualCogB_Task-1
VisualCogB_Task-1,53,-1,-1,0.3848791168199148,raw_qc_pass,target_locked,temporal::logistic_erp_100ms_l2_0.1,0.55,VisualCogB_Task-1
VisualCogB_Task-1,54,1,-1,0.23944655744981536,raw_qc_pass,target_locked,temporal::logistic_erp_100ms_l2_0.1,0.55,VisualCogB_Task-1
VisualCogB_Task-1,55,-1,-1,0.36980184876611716,raw_qc_pass,target_locked,temporal::logistic_erp_100ms_l2_0.1,0.55,VisualCogB_Task-1
VisualCogB_Task-1,56,1,-1,0.4071421565460596,raw_qc_pass,target_locked,temporal::logistic_erp_100ms_l2_0.1,0.55,VisualCogB_Task-1
VisualCogB_Task-1,57,1,-1,0.22446653596829672,raw_qc_pass,target_locked,temporal::logistic_erp_100ms_l2_0.1,0.55,VisualCogB_Task-1
VisualCogB_Task-1,58,1,-1,0.28051140620746234,raw_qc_pass,target_locked,temporal::logistic_erp_100ms_l2_0.1,0.55,VisualCogB_Task-1
VisualCogB_Task-1,59,1,-1,0.40977311287972,raw_qc_pass,target_locked,temporal::logistic_erp_100ms_l2_0.1,0.55,VisualCogB_Task-1
VisualCogB_Task-1,60,-1,-1,0.5061526696708726,raw_qc_pass,target_locked,temporal::logistic_erp_100ms_l2_0.1,0.55,VisualCogB_Task-1
VisualCogB_Task-1,61,-1,-1,0.5088995835810607,raw_qc_pass,target_locked,temporal::logistic_erp_100ms_l2_0.1,0.55,VisualCogB_Task-1
VisualCogB_Task-1,62,1,1,0.6133492971042714,raw_qc_pass,target_locked,temporal::logistic_erp_100ms_l2_0.1,0.55,VisualCogB_Task-1
VisualCogB_Task-1,63,-1,-1,0.2771280321779017,raw_qc_pass,target_locked,temporal::logistic_erp_100ms_l2_0.1,0.55,VisualCogB_Task-1
VisualCogB_Task-1,64,-1,1,0.5615272183582843,raw_qc_pass,target_locked,temporal::logistic_erp_100ms_l2_0.1,0.55,VisualCogB_Task-1
VisualCogB_Task-1,65,-1,1,0.6646742053114361,raw_qc_pass,target_locked,temporal::logistic_erp_100ms_l2_0.1,0.55,VisualCogB_Task-1
VisualCogB_Task-1,66,1,-1,0.38768644074695546,raw_qc_pass,target_locked,temporal::logistic_erp_100ms_l2_0.1,0.55,VisualCogB_Task-1
VisualCogB_Task-1,67,1,-1,0.42146887637982294,raw_qc_pass,target_locked,temporal::logistic_erp_100ms_l2_0.1,0.55,VisualCogB_Task-1
VisualCogB_Task-1,68,-1,1,0.6090847644769078,raw_qc_pass,target_locked,temporal::logistic_erp_100ms_l2_0.1,0.55,VisualCogB_Task-1
VisualCogB_Task-1,69,-1,-1,0.4113062660313203,raw_qc_pass,target_locked,temporal::logistic_erp_100ms_l2_0.1,0.55,VisualCogB_Task-1
VisualCogB_Task-1,70,1,-1,0.4365201475981024,raw_qc_pass,target_locked,temporal::logistic_erp_100ms_l2_0.1,0.55,VisualCogB_Task-1
VisualCogB_Task-1,71,1,-1,0.3998179569970208,raw_qc_pass,target_locked,temporal::logistic_erp_100ms_l2_0.1,0.55,VisualCogB_Task-1
VisualCogB_Task-1,72,-1,-1,0.47004627650338093,raw_qc_pass,target_locked,temporal::logistic_erp_100ms_l2_0.1,0.55,VisualCogB_Task-1
VisualCogB_Task-1,73,-1,1,0.562177496774288,raw_qc_pass,target_locked,temporal::logistic_erp_100ms_l2_0.1,0.55,VisualCogB_Task-1
VisualCogB_Task-1,74,1,1,0.593160867507766,raw_qc_pass,target_locked,temporal::logistic_erp_100ms_l2_0.1,0.55,VisualCogB_Task-1
VisualCogB_Task-1,75,-1,-1,0.36282786076854767,raw_qc_pass,target_locked,temporal::logistic_erp_100ms_l2_0.1,0.55,VisualCogB_Task-1
VisualCogB_Task-1,76,-1,-1,0.48476640824296263,raw_qc_pass,target_locked,temporal::logistic_erp_100ms_l2_0.1,0.55,VisualCogB_Task-1
VisualCogB_Task-1,77,-1,-1,0.2401731638509124,raw_qc_pass,target_locked,temporal::logistic_erp_100ms_l2_0.1,0.55,VisualCogB_Task-1
VisualCogB_Task-1,78,1,-1,0.34187569666779943,raw_qc_pass,target_locked,temporal::logistic_erp_100ms_l2_0.1,0.55,VisualCogB_Task-1
VisualCogB_Task-1,79,-1,-1,0.3995041637837841,raw_qc_pass,target_locked,temporal::logistic_erp_100ms_l2_0.1,0.55,VisualCogB_Task-1
VisualCogB_Task-1,80,-1,1,0.6134791487251171,raw_qc_pass,target_locked,temporal::logistic_erp_100ms_l2_0.1,0.55,VisualCogB_Task-1
VisualCogB_Task-1,81,1,-1,0.21240048610324,raw_qc_pass,target_locked,temporal::logistic_erp_100ms_l2_0.1,0.55,VisualCogB_Task-1
VisualCogB_Task-1,82,-1,-1,0.4551704344853393,raw_qc_pass,target_locked,temporal::logistic_erp_100ms_l2_0.1,0.55,VisualCogB_Task-1
VisualCogB_Task-1,83,-1,-1,0.33479727945888066,raw_qc_pass,target_locked,temporal::logistic_erp_100ms_l2_0.1,0.55,VisualCogB_Task-1
VisualCogB_Task-1,84,1,-1,0.25125116828143945,raw_qc_pass,target_locked,temporal::logistic_erp_100ms_l2_0.1,0.55,VisualCogB_Task-1
VisualCogB_Task-1,85,-1,-1,0.496549477360641,raw_qc_pass,target_locked,temporal::logistic_erp_100ms_l2_0.1,0.55,VisualCogB_Task-1
VisualCogB_Task-1,86,-1,-1,0.3945820501081706,raw_qc_pass,target_locked,temporal::logistic_erp_100ms_l2_0.1,0.55,VisualCogB_Task-1
VisualCogB_Task-1,87,1,1,0.8730573258922302,raw_qc_pass,target_locked,temporal::logistic_erp_100ms_l2_0.1,0.55,VisualCogB_Task-1
VisualCogB_Task-1,88,-1,-1,0.3731983503322703,raw_qc_pass,target_locked,temporal::logistic_erp_100ms_l2_0.1,0.55,VisualCogB_Task-1
VisualCogB_Task-1,89,-1,-1,0.4180812406459328,raw_qc_pass,target_locked,temporal::logistic_erp_100ms_l2_0.1,0.55,VisualCogB_Task-1
VisualCogB_Task-1,90,1,1,0.7280679937973789,raw_qc_pass,target_locked,temporal::logistic_erp_100ms_l2_0.1,0.55,VisualCogB_Task-1
VisualCogB_Task-1,91,1,-1,0.10613255517822934,raw_qc_pass,target_locked,temporal::logistic_erp_100ms_l2_0.1,0.55,VisualCogB_Task-1
VisualCogB_Task-1,92,-1,1,0.6117906560390194,raw_qc_pass,target_locked,temporal::logistic_erp_100ms_l2_0.1,0.55,VisualCogB_Task-1
VisualCogB_Task-1,93,1,-1,0.537308064506667,raw_qc_pass,target_locked,temporal::logistic_erp_100ms_l2_0.1,0.55,VisualCogB_Task-1
VisualCogB_Task-1,94,-1,1,0.595950640552492,raw_qc_pass,target_locked,temporal::logistic_erp_100ms_l2_0.1,0.55,VisualCogB_Task-1
VisualCogB_Task-1,95,1,-1,0.18931522935352624,raw_qc_pass,target_locked,temporal::logistic_erp_100ms_l2_0.1,0.55,VisualCogB_Task-1
VisualCogB_Task-1,97,1,-1,0.33057581859758234,raw_qc_pass,target_locked,temporal::logistic_erp_100ms_l2_0.1,0.55,VisualCogB_Task-1
VisualCogB_Task-1,98,1,-1,0.4422969137638887,raw_qc_pass,target_locked,temporal::logistic_erp_100ms_l2_0.1,0.55,VisualCogB_Task-1
VisualCogB_Task-1,99,1,-1,0.5286270445069026,raw_qc_pass,target_locked,temporal::logistic_erp_100ms_l2_0.1,0.55,VisualCogB_Task-1
VisualCogB_Task-2,0,-1,1,0.45534816832257985,raw_qc_pass,target_locked,round1::logistic_bandpower_only_9_l2_100,0.45,VisualCogB_Task-2
VisualCogB_Task-2,1,-1,1,0.5190855304743964,raw_qc_pass,target_locked,round1::logistic_bandpower_only_9_l2_100,0.45,VisualCogB_Task-2
VisualCogB_Task-2,2,-1,1,0.4764923928641364,raw_qc_pass,target_locked,round1::logistic_bandpower_only_9_l2_100,0.45,VisualCogB_Task-2
VisualCogB_Task-2,3,1,-1,0.43618101234234025,raw_qc_pass,target_locked,round1::logistic_bandpower_only_9_l2_100,0.45,VisualCogB_Task-2
VisualCogB_Task-2,4,-1,1,0.48697346172684153,raw_qc_pass,target_locked,round1::logistic_bandpower_only_9_l2_100,0.45,VisualCogB_Task-2
VisualCogB_Task-2,5,1,1,0.5413959672832535,raw_qc_pass,target_locked,round1::logistic_bandpower_only_9_l2_100,0.45,VisualCogB_Task-2
VisualCogB_Task-2,6,1,1,0.4667494294205466,raw_qc_pass,target_locked,round1::logistic_bandpower_only_9_l2_100,0.45,VisualCogB_Task-2
VisualCogB_Task-2,7,1,1,0.4790916830800394,raw_qc_pass,target_locked,round1::logistic_bandpower_only_9_l2_100,0.45,VisualCogB_Task-2
VisualCogB_Task-2,8,1,1,0.47452371228828766,raw_qc_pass,target_locked,round1::logistic_bandpower_only_9_l2_100,0.45,VisualCogB_Task-2
VisualCogB_Task-2,9,-1,-1,0.4436592253571192,raw_qc_pass,target_locked,round1::logistic_bandpower_only_9_l2_100,0.45,VisualCogB_Task-2
VisualCogB_Task-2,10,1,-1,0.38983695998177026,raw_qc_pass,target_locked,round1::logistic_bandpower_only_9_l2_100,0.45,VisualCogB_Task-2
VisualCogB_Task-2,11,1,1,0.4917616724550028,raw_qc_pass,target_locked,round1::logistic_bandpower_only_9_l2_100,0.45,VisualCogB_Task-2
VisualCogB_Task-2,12,1,1,0.4734595408371497,raw_qc_pass,target_locked,round1::logistic_bandpower_only_9_l2_100,0.45,VisualCogB_Task-2
VisualCogB_Task-2,13,1,-1,0.44111397121291945,raw_qc_pass,target_locked,round1::logistic_bandpower_only_9_l2_100,0.45,VisualCogB_Task-2
VisualCogB_Task-2,14,1,1,0.4860553778583879,raw_qc_pass,target_locked,round1::logistic_bandpower_only_9_l2_100,0.45,VisualCogB_Task-2
VisualCogB_Task-2,15,1,1,0.4765510969500903,raw_qc_pass,target_locked,round1::logistic_bandpower_only_9_l2_100,0.45,VisualCogB_Task-2
VisualCogB_Task-2,16,-1,-1,0.41956393052256585,raw_qc_pass,target_locked,round1::logistic_bandpower_only_9_l2_100,0.45,VisualCogB_Task-2
VisualCogB_Task-2,17,1,-1,0.3860872632886637,raw_qc_pass,target_locked,round1::logistic_bandpower_only_9_l2_100,0.45,VisualCogB_Task-2
VisualCogB_Task-2,18,1,-1,0.4056356036130899,raw_qc_pass,target_locked,round1::logistic_bandpower_only_9_l2_100,0.45,VisualCogB_Task-2
VisualCogB_Task-2,19,-1,-1,0.40902776551190995,raw_qc_pass,target_locked,round1::logistic_bandpower_only_9_l2_100,0.45,VisualCogB_Task-2
VisualCogB_Task-2,20,1,1,0.4941754336977735,raw_qc_pass,target_locked,round1::logistic_bandpower_only_9_l2_100,0.45,VisualCogB_Task-2
VisualCogB_Task-2,21,1,-1,0.42617603339190263,raw_qc_pass,target_locked,round1::logistic_bandpower_only_9_l2_100,0.45,VisualCogB_Task-2
VisualCogB_Task-2,22,-1,-1,0.3782899242637687,raw_qc_pass,target_locked,round1::logistic_bandpower_only_9_l2_100,0.45,VisualCogB_Task-2
VisualCogB_Task-2,23,-1,1,0.4642622902853507,raw_qc_pass,target_locked,round1::logistic_bandpower_only_9_l2_100,0.45,VisualCogB_Task-2
VisualCogB_Task-2,24,-1,1,0.4784622106346888,raw_qc_pass,target_locked,round1::logistic_bandpower_only_9_l2_100,0.45,VisualCogB_Task-2
VisualCogB_Task-2,25,1,1,0.48756681003838576,raw_qc_pass,target_locked,round1::logistic_bandpower_only_9_l2_100,0.45,VisualCogB_Task-2
VisualCogB_Task-2,26,-1,-1,0.4021415814525937,raw_qc_pass,target_locked,round1::logistic_bandpower_only_9_l2_100,0.45,VisualCogB_Task-2
VisualCogB_Task-2,27,-1,-1,0.4361538871096625,raw_qc_pass,target_locked,round1::logistic_bandpower_only_9_l2_100,0.45,VisualCogB_Task-2
VisualCogB_Task-2,28,-1,1,0.4857981760009961,raw_qc_pass,target_locked,round1::logistic_bandpower_only_9_l2_100,0.45,VisualCogB_Task-2
VisualCogB_Task-2,29,1,1,0.47036469651246765,raw_qc_pass,target_locked,round1::logistic_bandpower_only_9_l2_100,0.45,VisualCogB_Task-2
VisualCogB_Task-2,30,1,-1,0.42969401076823643,raw_qc_pass,target_locked,round1::logistic_bandpower_only_9_l2_100,0.45,VisualCogB_Task-2
VisualCogB_Task-2,31,1,1,0.48783432140826993,raw_qc_pass,target_locked,round1::logistic_bandpower_only_9_l2_100,0.45,VisualCogB_Task-2
VisualCogB_Task-2,32,1,-1,0.38993252413835694,raw_qc_pass,target_locked,round1::logistic_bandpower_only_9_l2_100,0.45,VisualCogB_Task-2
VisualCogB_Task-2,33,1,1,0.55195403228268,raw_qc_pass,target_locked,round1::logistic_bandpower_only_9_l2_100,0.45,VisualCogB_Task-2
VisualCogB_Task-2,34,-1,-1,0.407547388373344,raw_qc_pass,target_locked,round1::logistic_bandpower_only_9_l2_100,0.45,VisualCogB_Task-2
VisualCogB_Task-2,35,1,1,0.49334315798328254,raw_qc_pass,target_locked,round1::logistic_bandpower_only_9_l2_100,0.45,VisualCogB_Task-2
VisualCogB_Task-2,36,-1,-1,0.39835679127579526,raw_qc_pass,target_locked,round1::logistic_bandpower_only_9_l2_100,0.45,VisualCogB_Task-2
VisualCogB_Task-2,37,-1,-1,0.43405181379116775,raw_qc_pass,target_locked,round1::logistic_bandpower_only_9_l2_100,0.45,VisualCogB_Task-2
VisualCogB_Task-2,38,1,1,0.49681335963297785,raw_qc_pass,target_locked,round1::logistic_bandpower_only_9_l2_100,0.45,VisualCogB_Task-2
VisualCogB_Task-2,39,1,-1,0.38544709705082186,raw_qc_pass,target_locked,round1::logistic_bandpower_only_9_l2_100,0.45,VisualCogB_Task-2
VisualCogB_Task-2,40,1,-1,0.41524435186863173,raw_qc_pass,target_locked,round1::logistic_bandpower_only_9_l2_100,0.45,VisualCogB_Task-2
VisualCogB_Task-2,41,-1,1,0.47858765870765774,raw_qc_pass,target_locked,round1::logistic_bandpower_only_9_l2_100,0.45,VisualCogB_Task-2
VisualCogB_Task-2,42,-1,-1,0.4446676195932273,raw_qc_pass,target_locked,round1::logistic_bandpower_only_9_l2_100,0.45,VisualCogB_Task-2
VisualCogB_Task-2,43,1,1,0.48088594361002307,raw_qc_pass,target_locked,round1::logistic_bandpower_only_9_l2_100,0.45,VisualCogB_Task-2
VisualCogB_Task-2,44,-1,1,0.49171909736952696,raw_qc_pass,target_locked,round1::logistic_bandpower_only_9_l2_100,0.45,VisualCogB_Task-2
VisualCogB_Task-2,45,-1,-1,0.4325226431603095,raw_qc_pass,target_locked,round1::logistic_bandpower_only_9_l2_100,0.45,VisualCogB_Task-2
VisualCogB_Task-2,46,1,-1,0.42276312708382646,raw_qc_pass,target_locked,round1::logistic_bandpower_only_9_l2_100,0.45,VisualCogB_Task-2
VisualCogB_Task-2,47,-1,-1,0.38035498167783155,raw_qc_pass,target_locked,round1::logistic_bandpower_only_9_l2_100,0.45,VisualCogB_Task-2
VisualCogB_Task-2,48,1,-1,0.39865452195575335,raw_qc_pass,target_locked,round1::logistic_bandpower_only_9_l2_100,0.45,VisualCogB_Task-2
VisualCogB_Task-2,49,-1,-1,0.44004538238487045,raw_qc_pass,target_locked,round1::logistic_bandpower_only_9_l2_100,0.45,VisualCogB_Task-2
VisualCogB_Task-2,50,-1,-1,0.43570492530286303,raw_qc_pass,target_locked,round1::logistic_bandpower_only_9_l2_100,0.45,VisualCogB_Task-2
VisualCogB_Task-2,51,-1,1,0.48422513202727446,raw_qc_pass,target_locked,round1::logistic_bandpower_only_9_l2_100,0.45,VisualCogB_Task-2
VisualCogB_Task-2,52,1,-1,0.43395642226954445,raw_qc_pass,target_locked,round1::logistic_bandpower_only_9_l2_100,0.45,VisualCogB_Task-2
VisualCogB_Task-2,53,1,1,0.4959211207759493,raw_qc_pass,target_locked,round1::logistic_bandpower_only_9_l2_100,0.45,VisualCogB_Task-2
VisualCogB_Task-2,54,1,-1,0.3991309971259152,raw_qc_pass,target_locked,round1::logistic_bandpower_only_9_l2_100,0.45,VisualCogB_Task-2
VisualCogB_Task-2,55,-1,-1,0.3933351292561762,raw_qc_pass,target_locked,round1::logistic_bandpower_only_9_l2_100,0.45,VisualCogB_Task-2
VisualCogB_Task-2,56,-1,1,0.4931657475728991,raw_qc_pass,target_locked,round1::logistic_bandpower_only_9_l2_100,0.45,VisualCogB_Task-2
VisualCogB_Task-2,57,-1,1,0.4619299670252933,raw_qc_pass,target_locked,round1::logistic_bandpower_only_9_l2_100,0.45,VisualCogB_Task-2
VisualCogB_Task-2,58,-1,1,0.4964638896263261,raw_qc_pass,target_locked,round1::logistic_bandpower_only_9_l2_100,0.45,VisualCogB_Task-2
VisualCogB_Task-2,59,-1,1,0.5123284975105532,raw_qc_pass,target_locked,round1::logistic_bandpower_only_9_l2_100,0.45,VisualCogB_Task-2
VisualCogB_Task-2,60,-1,-1,0.44693890815941306,raw_qc_pass,target_locked,round1::logistic_bandpower_only_9_l2_100,0.45,VisualCogB_Task-2
VisualCogB_Task-2,61,1,1,0.5368172166366458,raw_qc_pass,target_locked,round1::logistic_bandpower_only_9_l2_100,0.45,VisualCogB_Task-2
VisualCogB_Task-2,62,-1,1,0.48031124493412075,raw_qc_pass,target_locked,round1::logistic_bandpower_only_9_l2_100,0.45,VisualCogB_Task-2
VisualCogB_Task-2,63,-1,1,0.4546842453402145,raw_qc_pass,target_locked,round1::logistic_bandpower_only_9_l2_100,0.45,VisualCogB_Task-2
VisualCogB_Task-2,64,1,-1,0.443381340694778,raw_qc_pass,target_locked,round1::logistic_bandpower_only_9_l2_100,0.45,VisualCogB_Task-2
VisualCogB_Task-2,65,1,-1,0.4109574585136881,raw_qc_pass,target_locked,round1::logistic_bandpower_only_9_l2_100,0.45,VisualCogB_Task-2
VisualCogB_Task-2,66,1,1,0.48313725939822133,raw_qc_pass,target_locked,round1::logistic_bandpower_only_9_l2_100,0.45,VisualCogB_Task-2
VisualCogB_Task-2,67,1,1,0.4584749284490576,raw_qc_pass,target_locked,round1::logistic_bandpower_only_9_l2_100,0.45,VisualCogB_Task-2
VisualCogB_Task-2,68,-1,-1,0.4218770618682551,raw_qc_pass,target_locked,round1::logistic_bandpower_only_9_l2_100,0.45,VisualCogB_Task-2
VisualCogB_Task-2,69,-1,-1,0.42149957495562995,raw_qc_pass,target_locked,round1::logistic_bandpower_only_9_l2_100,0.45,VisualCogB_Task-2
VisualCogB_Task-2,70,1,1,0.47084861489825297,raw_qc_pass,target_locked,round1::logistic_bandpower_only_9_l2_100,0.45,VisualCogB_Task-2
VisualCogB_Task-2,71,1,-1,0.43555198487914654,raw_qc_pass,target_locked,round1::logistic_bandpower_only_9_l2_100,0.45,VisualCogB_Task-2
VisualCogB_Task-2,72,1,-1,0.4457955141924494,raw_qc_pass,target_locked,round1::logistic_bandpower_only_9_l2_100,0.45,VisualCogB_Task-2
VisualCogB_Task-2,73,-1,1,0.5444723258427603,raw_qc_pass,target_locked,round1::logistic_bandpower_only_9_l2_100,0.45,VisualCogB_Task-2
VisualCogB_Task-2,74,-1,-1,0.3837601754786799,raw_qc_pass,target_locked,round1::logistic_bandpower_only_9_l2_100,0.45,VisualCogB_Task-2
VisualCogB_Task-2,75,1,-1,0.4383438021394217,raw_qc_pass,target_locked,round1::logistic_bandpower_only_9_l2_100,0.45,VisualCogB_Task-2
VisualCogB_Task-2,76,1,-1,0.4297097943230332,raw_qc_pass,target_locked,round1::logistic_bandpower_only_9_l2_100,0.45,VisualCogB_Task-2
VisualCogB_Task-2,77,-1,1,0.47271729191322387,raw_qc_pass,target_locked,round1::logistic_bandpower_only_9_l2_100,0.45,VisualCogB_Task-2
VisualCogB_Task-2,78,-1,1,0.48398434019622205,raw_qc_pass,target_locked,round1::logistic_bandpower_only_9_l2_100,0.45,VisualCogB_Task-2
VisualCogB_Task-2,79,-1,1,0.5032530779941806,raw_qc_pass,target_locked,round1::logistic_bandpower_only_9_l2_100,0.45,VisualCogB_Task-2
VisualCogB_Task-2,80,1,1,0.4620797450355872,raw_qc_pass,target_locked,round1::logistic_bandpower_only_9_l2_100,0.45,VisualCogB_Task-2
VisualCogB_Task-2,81,-1,1,0.4963887405890152,raw_qc_pass,target_locked,round1::logistic_bandpower_only_9_l2_100,0.45,VisualCogB_Task-2
VisualCogB_Task-2,82,1,1,0.4728840401883429,raw_qc_pass,target_locked,round1::logistic_bandpower_only_9_l2_100,0.45,VisualCogB_Task-2
VisualCogB_Task-2,83,-1,-1,0.4406767631958038,raw_qc_pass,target_locked,round1::logistic_bandpower_only_9_l2_100,0.45,VisualCogB_Task-2
VisualCogB_Task-2,84,-1,-1,0.3616023967982353,raw_qc_pass,target_locked,round1::logistic_bandpower_only_9_l2_100,0.45,VisualCogB_Task-2
VisualCogB_Task-2,85,1,1,0.5181609255250709,raw_qc_pass,target_locked,round1::logistic_bandpower_only_9_l2_100,0.45,VisualCogB_Task-2
VisualCogB_Task-2,86,-1,1,0.5052779235663653,raw_qc_pass,target_locked,round1::logistic_bandpower_only_9_l2_100,0.45,VisualCogB_Task-2
VisualCogB_Task-2,87,1,-1,0.44593525501168113,raw_qc_pass,target_locked,round1::logistic_bandpower_only_9_l2_100,0.45,VisualCogB_Task-2
VisualCogB_Task-2,88,-1,-1,0.35598630084530086,raw_qc_pass,target_locked,round1::logistic_bandpower_only_9_l2_100,0.45,VisualCogB_Task-2
VisualCogB_Task-2,89,1,1,0.46501108564325183,raw_qc_pass,target_locked,round1::logistic_bandpower_only_9_l2_100,0.45,VisualCogB_Task-2
VisualCogB_Task-2,90,-1,1,0.5320064616692615,raw_qc_pass,target_locked,round1::logistic_bandpower_only_9_l2_100,0.45,VisualCogB_Task-2
VisualCogB_Task-2,91,-1,-1,0.4207497444487699,raw_qc_pass,target_locked,round1::logistic_bandpower_only_9_l2_100,0.45,VisualCogB_Task-2
VisualCogB_Task-2,92,1,1,0.5516074336534964,raw_qc_pass,target_locked,round1::logistic_bandpower_only_9_l2_100,0.45,VisualCogB_Task-2
VisualCogB_Task-2,93,-1,1,0.5235170715288959,raw_qc_pass,target_locked,round1::logistic_bandpower_only_9_l2_100,0.45,VisualCogB_Task-2
VisualCogB_Task-2,94,1,1,0.458440643980255,raw_qc_pass,target_locked,round1::logistic_bandpower_only_9_l2_100,0.45,VisualCogB_Task-2
VisualCogB_Task-2,95,1,1,0.5159572747767043,raw_qc_pass,target_locked,round1::logistic_bandpower_only_9_l2_100,0.45,VisualCogB_Task-2
VisualCogB_Task-2,96,-1,1,0.4615221799744082,raw_qc_pass,target_locked,round1::logistic_bandpower_only_9_l2_100,0.45,VisualCogB_Task-2
VisualCogB_Task-2,97,-1,-1,0.39818213160973,raw_qc_pass,target_locked,round1::logistic_bandpower_only_9_l2_100,0.45,VisualCogB_Task-2
VisualCogB_Task-2,98,1,1,0.5117144026148374,raw_qc_pass,target_locked,round1::logistic_bandpower_only_9_l2_100,0.45,VisualCogB_Task-2
VisualCogB_Task-2,99,-1,-1,0.39272048193343706,raw_qc_pass,target_locked,round1::logistic_bandpower_only_9_l2_100,0.45,VisualCogB_Task-2
VisualCogA_Task-1,0,-1,1,0.4684848127435726,q1_quality_matched,target_locked,temporal::csp_e2_shrink0.01_l2_0.1,0.45,VisualCogA_Task-1
VisualCogA_Task-1,1,1,1,0.4791977485325968,q1_quality_matched,target_locked,temporal::csp_e2_shrink0.01_l2_0.1,0.45,VisualCogA_Task-1
VisualCogA_Task-1,4,1,1,0.5337394742498677,q1_quality_matched,target_locked,temporal::csp_e2_shrink0.01_l2_0.1,0.45,VisualCogA_Task-1
VisualCogA_Task-1,5,-1,1,0.5424498747303256,q1_quality_matched,target_locked,temporal::csp_e2_shrink0.01_l2_0.1,0.45,VisualCogA_Task-1
VisualCogA_Task-1,6,-1,-1,0.43297466175930965,q1_quality_matched,target_locked,temporal::csp_e2_shrink0.01_l2_0.1,0.45,VisualCogA_Task-1
VisualCogA_Task-1,7,-1,1,0.46503052008426526,q1_quality_matched,target_locked,temporal::csp_e2_shrink0.01_l2_0.1,0.45,VisualCogA_Task-1
VisualCogA_Task-1,8,1,1,0.45422617501929474,q1_quality_matched,target_locked,temporal::csp_e2_shrink0.01_l2_0.1,0.45,VisualCogA_Task-1
VisualCogA_Task-1,9,1,1,0.5189067987649125,q1_quality_matched,target_locked,temporal::csp_e2_shrink0.01_l2_0.1,0.45,VisualCogA_Task-1
VisualCogA_Task-1,10,1,1,0.501173001347879,q1_quality_matched,target_locked,temporal::csp_e2_shrink0.01_l2_0.1,0.45,VisualCogA_Task-1
VisualCogA_Task-1,11,1,-1,0.4353484609313471,q1_quality_matched,target_locked,temporal::csp_e2_shrink0.01_l2_0.1,0.45,VisualCogA_Task-1
VisualCogA_Task-1,12,-1,1,0.518974683977116,q1_quality_matched,target_locked,temporal::csp_e2_shrink0.01_l2_0.1,0.45,VisualCogA_Task-1
VisualCogA_Task-1,15,-1,-1,0.4461065053061738,q1_quality_matched,target_locked,temporal::csp_e2_shrink0.01_l2_0.1,0.45,VisualCogA_Task-1
VisualCogA_Task-1,16,1,1,0.5107494537530709,q1_quality_matched,target_locked,temporal::csp_e2_shrink0.01_l2_0.1,0.45,VisualCogA_Task-1
VisualCogA_Task-1,17,-1,1,0.531564814972648,q1_quality_matched,target_locked,temporal::csp_e2_shrink0.01_l2_0.1,0.45,VisualCogA_Task-1
VisualCogA_Task-1,20,-1,1,0.47101229369815156,q1_quality_matched,target_locked,temporal::csp_e2_shrink0.01_l2_0.1,0.45,VisualCogA_Task-1
VisualCogA_Task-1,23,-1,1,0.4788728981171526,q1_quality_matched,target_locked,temporal::csp_e2_shrink0.01_l2_0.1,0.45,VisualCogA_Task-1
VisualCogA_Task-1,24,-1,1,0.5163090269121154,q1_quality_matched,target_locked,temporal::csp_e2_shrink0.01_l2_0.1,0.45,VisualCogA_Task-1
VisualCogA_Task-1,28,-1,1,0.47962904949298524,q1_quality_matched,target_locked,temporal::csp_e2_shrink0.01_l2_0.1,0.45,VisualCogA_Task-1
VisualCogA_Task-1,29,-1,1,0.5681323768026041,q1_quality_matched,target_locked,temporal::csp_e2_shrink0.01_l2_0.1,0.45,VisualCogA_Task-1
VisualCogA_Task-1,30,-1,1,0.5084239632052767,q1_quality_matched,target_locked,temporal::csp_e2_shrink0.01_l2_0.1,0.45,VisualCogA_Task-1
VisualCogA_Task-1,31,1,1,0.45630153297550746,q1_quality_matched,target_locked,temporal::csp_e2_shrink0.01_l2_0.1,0.45,VisualCogA_Task-1
VisualCogA_Task-1,32,1,1,0.6017091810188905,q1_quality_matched,target_locked,temporal::csp_e2_shrink0.01_l2_0.1,0.45,VisualCogA_Task-1
VisualCogA_Task-1,33,-1,1,0.5127990074424635,q1_quality_matched,target_locked,temporal::csp_e2_shrink0.01_l2_0.1,0.45,VisualCogA_Task-1
VisualCogA_Task-1,34,1,1,0.578723507947271,q1_quality_matched,target_locked,temporal::csp_e2_shrink0.01_l2_0.1,0.45,VisualCogA_Task-1
VisualCogA_Task-1,37,-1,1,0.5460830051885109,q1_quality_matched,target_locked,temporal::csp_e2_shrink0.01_l2_0.1,0.45,VisualCogA_Task-1
VisualCogA_Task-1,41,1,1,0.5622104824321308,q1_quality_matched,target_locked,temporal::csp_e2_shrink0.01_l2_0.1,0.45,VisualCogA_Task-1
VisualCogA_Task-1,44,-1,1,0.5183111118329776,q1_quality_matched,target_locked,temporal::csp_e2_shrink0.01_l2_0.1,0.45,VisualCogA_Task-1
VisualCogA_Task-1,46,-1,1,0.5601365930950184,q1_quality_matched,target_locked,temporal::csp_e2_shrink0.01_l2_0.1,0.45,VisualCogA_Task-1
VisualCogA_Task-1,48,-1,1,0.5768624086751115,q1_quality_matched,target_locked,temporal::csp_e2_shrink0.01_l2_0.1,0.45,VisualCogA_Task-1
VisualCogA_Task-1,49,-1,1,0.5078577386158433,q1_quality_matched,target_locked,temporal::csp_e2_shrink0.01_l2_0.1,0.45,VisualCogA_Task-1
VisualCogA_Task-1,50,1,1,0.5207572711569866,q1_quality_matched,target_locked,temporal::csp_e2_shrink0.01_l2_0.1,0.45,VisualCogA_Task-1
VisualCogA_Task-1,54,1,1,0.5404289352450117,q1_quality_matched,target_locked,temporal::csp_e2_shrink0.01_l2_0.1,0.45,VisualCogA_Task-1
VisualCogA_Task-1,55,-1,1,0.4827325915898093,q1_quality_matched,target_locked,temporal::csp_e2_shrink0.01_l2_0.1,0.45,VisualCogA_Task-1
VisualCogA_Task-1,57,1,1,0.5700677407781335,q1_quality_matched,target_locked,temporal::csp_e2_shrink0.01_l2_0.1,0.45,VisualCogA_Task-1
VisualCogA_Task-1,60,1,1,0.48284542304937944,q1_quality_matched,target_locked,temporal::csp_e2_shrink0.01_l2_0.1,0.45,VisualCogA_Task-1
VisualCogA_Task-1,64,-1,1,0.5265597865742777,q1_quality_matched,target_locked,temporal::csp_e2_shrink0.01_l2_0.1,0.45,VisualCogA_Task-1
VisualCogA_Task-1,66,-1,1,0.5767606936936182,q1_quality_matched,target_locked,temporal::csp_e2_shrink0.01_l2_0.1,0.45,VisualCogA_Task-1
VisualCogA_Task-1,68,1,1,0.4841205760457009,q1_quality_matched,target_locked,temporal::csp_e2_shrink0.01_l2_0.1,0.45,VisualCogA_Task-1
VisualCogA_Task-1,69,1,1,0.5881462142076953,q1_quality_matched,target_locked,temporal::csp_e2_shrink0.01_l2_0.1,0.45,VisualCogA_Task-1
VisualCogA_Task-1,71,1,1,0.4865281296639059,q1_quality_matched,target_locked,temporal::csp_e2_shrink0.01_l2_0.1,0.45,VisualCogA_Task-1
VisualCogA_Task-1,72,-1,1,0.5005572868209954,q1_quality_matched,target_locked,temporal::csp_e2_shrink0.01_l2_0.1,0.45,VisualCogA_Task-1
VisualCogA_Task-1,73,1,-1,0.4324956827188878,q1_quality_matched,target_locked,temporal::csp_e2_shrink0.01_l2_0.1,0.45,VisualCogA_Task-1
VisualCogA_Task-1,74,-1,1,0.482708787522648,q1_quality_matched,target_locked,temporal::csp_e2_shrink0.01_l2_0.1,0.45,VisualCogA_Task-1
VisualCogA_Task-1,75,1,1,0.5401073499156112,q1_quality_matched,target_locked,temporal::csp_e2_shrink0.01_l2_0.1,0.45,VisualCogA_Task-1
VisualCogA_Task-1,78,-1,1,0.5637447058524211,q1_quality_matched,target_locked,temporal::csp_e2_shrink0.01_l2_0.1,0.45,VisualCogA_Task-1
VisualCogA_Task-1,79,-1,1,0.5084819885632772,q1_quality_matched,target_locked,temporal::csp_e2_shrink0.01_l2_0.1,0.45,VisualCogA_Task-1
VisualCogA_Task-1,81,1,1,0.5511238446338169,q1_quality_matched,target_locked,temporal::csp_e2_shrink0.01_l2_0.1,0.45,VisualCogA_Task-1
VisualCogA_Task-1,84,-1,1,0.5119914668463832,q1_quality_matched,target_locked,temporal::csp_e2_shrink0.01_l2_0.1,0.45,VisualCogA_Task-1
VisualCogA_Task-1,89,1,1,0.4987476666890854,q1_quality_matched,target_locked,temporal::csp_e2_shrink0.01_l2_0.1,0.45,VisualCogA_Task-1
VisualCogA_Task-1,90,-1,1,0.5374080926390357,q1_quality_matched,target_locked,temporal::csp_e2_shrink0.01_l2_0.1,0.45,VisualCogA_Task-1
VisualCogA_Task-1,91,1,1,0.4830667914496827,q1_quality_matched,target_locked,temporal::csp_e2_shrink0.01_l2_0.1,0.45,VisualCogA_Task-1
VisualCogA_Task-1,93,1,1,0.4951630303615981,q1_quality_matched,target_locked,temporal::csp_e2_shrink0.01_l2_0.1,0.45,VisualCogA_Task-1
VisualCogA_Task-1,94,-1,1,0.5245887672955656,q1_quality_matched,target_locked,temporal::csp_e2_shrink0.01_l2_0.1,0.45,VisualCogA_Task-1
VisualCogA_Task-1,99,1,1,0.5387967703522253,q1_quality_matched,target_locked,temporal::csp_e2_shrink0.01_l2_0.1,0.45,VisualCogA_Task-1
VisualCogA_Task-2,0,1,1,0.4541882268931864,q1_quality_matched,target_locked,round1::baseline_logistic_l2_1,0.4,VisualCogA_Task-2
VisualCogA_Task-2,1,-1,-1,0.3850061219690292,q1_quality_matched,target_locked,round1::baseline_logistic_l2_1,0.4,VisualCogA_Task-2
VisualCogA_Task-2,2,-1,-1,0.3686959739819105,q1_quality_matched,target_locked,round1::baseline_logistic_l2_1,0.4,VisualCogA_Task-2
VisualCogA_Task-2,3,-1,-1,0.36965782768545846,q1_quality_matched,target_locked,round1::baseline_logistic_l2_1,0.4,VisualCogA_Task-2
VisualCogA_Task-2,4,1,-1,0.3530572968959173,q1_quality_matched,target_locked,round1::baseline_logistic_l2_1,0.4,VisualCogA_Task-2
VisualCogA_Task-2,5,-1,1,0.626996137498434,q1_quality_matched,target_locked,round1::baseline_logistic_l2_1,0.4,VisualCogA_Task-2
VisualCogA_Task-2,6,1,1,0.4601970132046891,q1_quality_matched,target_locked,round1::baseline_logistic_l2_1,0.4,VisualCogA_Task-2
VisualCogA_Task-2,7,1,-1,0.3879073981059141,q1_quality_matched,target_locked,round1::baseline_logistic_l2_1,0.4,VisualCogA_Task-2
VisualCogA_Task-2,8,-1,1,0.41131437742516586,q1_quality_matched,target_locked,round1::baseline_logistic_l2_1,0.4,VisualCogA_Task-2
VisualCogA_Task-2,9,-1,-1,0.20827241953358197,q1_quality_matched,target_locked,round1::baseline_logistic_l2_1,0.4,VisualCogA_Task-2
VisualCogA_Task-2,10,1,1,0.4578510653220123,q1_quality_matched,target_locked,round1::baseline_logistic_l2_1,0.4,VisualCogA_Task-2
VisualCogA_Task-2,11,1,1,0.47052076699264134,q1_quality_matched,target_locked,round1::baseline_logistic_l2_1,0.4,VisualCogA_Task-2
VisualCogA_Task-2,12,1,-1,0.35959366911655954,q1_quality_matched,target_locked,round1::baseline_logistic_l2_1,0.4,VisualCogA_Task-2
VisualCogA_Task-2,13,-1,1,0.44736118693659305,q1_quality_matched,target_locked,round1::baseline_logistic_l2_1,0.4,VisualCogA_Task-2
VisualCogA_Task-2,14,-1,-1,0.35493503133993753,q1_quality_matched,target_locked,round1::baseline_logistic_l2_1,0.4,VisualCogA_Task-2
VisualCogA_Task-2,15,-1,-1,0.27836572043361957,q1_quality_matched,target_locked,round1::baseline_logistic_l2_1,0.4,VisualCogA_Task-2
VisualCogA_Task-2,16,1,1,0.6421325403049482,q1_quality_matched,target_locked,round1::baseline_logistic_l2_1,0.4,VisualCogA_Task-2
VisualCogA_Task-2,17,1,-1,0.3565235689048295,q1_quality_matched,target_locked,round1::baseline_logistic_l2_1,0.4,VisualCogA_Task-2
VisualCogA_Task-2,18,-1,-1,0.31924469997138427,q1_quality_matched,target_locked,round1::baseline_logistic_l2_1,0.4,VisualCogA_Task-2
VisualCogA_Task-2,19,-1,1,0.41237310893391,q1_quality_matched,target_locked,round1::baseline_logistic_l2_1,0.4,VisualCogA_Task-2
VisualCogA_Task-2,20,1,-1,0.19921489039526596,q1_quality_matched,target_locked,round1::baseline_logistic_l2_1,0.4,VisualCogA_Task-2
VisualCogA_Task-2,21,-1,1,0.44027119373220014,q1_quality_matched,target_locked,round1::baseline_logistic_l2_1,0.4,VisualCogA_Task-2
VisualCogA_Task-2,23,1,1,0.6134835161946284,q1_quality_matched,target_locked,round1::baseline_logistic_l2_1,0.4,VisualCogA_Task-2
VisualCogA_Task-2,24,-1,-1,0.35850273792964055,q1_quality_matched,target_locked,round1::baseline_logistic_l2_1,0.4,VisualCogA_Task-2
VisualCogA_Task-2,25,-1,-1,0.26340724890910266,q1_quality_matched,target_locked,round1::baseline_logistic_l2_1,0.4,VisualCogA_Task-2
VisualCogA_Task-2,26,1,1,0.5073503552476054,q1_quality_matched,target_locked,round1::baseline_logistic_l2_1,0.4,VisualCogA_Task-2
VisualCogA_Task-2,27,1,1,0.46180656197927156,q1_quality_matched,target_locked,round1::baseline_logistic_l2_1,0.4,VisualCogA_Task-2
VisualCogA_Task-2,28,1,1,0.49596392190195676,q1_quality_matched,target_locked,round1::baseline_logistic_l2_1,0.4,VisualCogA_Task-2
VisualCogA_Task-2,31,-1,-1,0.28264535064076785,q1_quality_matched,target_locked,round1::baseline_logistic_l2_1,0.4,VisualCogA_Task-2
VisualCogA_Task-2,35,1,1,0.5061132401893507,q1_quality_matched,target_locked,round1::baseline_logistic_l2_1,0.4,VisualCogA_Task-2
VisualCogA_Task-2,36,1,1,0.43120474727032604,q1_quality_matched,target_locked,round1::baseline_logistic_l2_1,0.4,VisualCogA_Task-2
VisualCogA_Task-2,37,-1,1,0.4942190104133524,q1_quality_matched,target_locked,round1::baseline_logistic_l2_1,0.4,VisualCogA_Task-2
VisualCogA_Task-2,39,-1,1,0.5429613503507472,q1_quality_matched,target_locked,round1::baseline_logistic_l2_1,0.4,VisualCogA_Task-2
VisualCogA_Task-2,41,-1,1,0.48966340957699717,q1_quality_matched,target_locked,round1::baseline_logistic_l2_1,0.4,VisualCogA_Task-2
VisualCogA_Task-2,43,-1,-1,0.3641955734227678,q1_quality_matched,target_locked,round1::baseline_logistic_l2_1,0.4,VisualCogA_Task-2
VisualCogA_Task-2,45,-1,-1,0.20311657760998858,q1_quality_matched,target_locked,round1::baseline_logistic_l2_1,0.4,VisualCogA_Task-2
VisualCogA_Task-2,46,-1,1,0.6059842523958691,q1_quality_matched,target_locked,round1::baseline_logistic_l2_1,0.4,VisualCogA_Task-2
VisualCogA_Task-2,47,-1,1,0.5042642948254183,q1_quality_matched,target_locked,round1::baseline_logistic_l2_1,0.4,VisualCogA_Task-2
VisualCogA_Task-2,48,1,1,0.45261184643684993,q1_quality_matched,target_locked,round1::baseline_logistic_l2_1,0.4,VisualCogA_Task-2
VisualCogA_Task-2,49,1,1,0.4550831111286257,q1_quality_matched,target_locked,round1::baseline_logistic_l2_1,0.4,VisualCogA_Task-2
VisualCogA_Task-2,51,1,1,0.5448169655034605,q1_quality_matched,target_locked,round1::baseline_logistic_l2_1,0.4,VisualCogA_Task-2
VisualCogA_Task-2,52,1,-1,0.35613304716778243,q1_quality_matched,target_locked,round1::baseline_logistic_l2_1,0.4,VisualCogA_Task-2
VisualCogA_Task-2,53,-1,1,0.5068675905596682,q1_quality_matched,target_locked,round1::baseline_logistic_l2_1,0.4,VisualCogA_Task-2
VisualCogA_Task-2,54,-1,1,0.6059486728544654,q1_quality_matched,target_locked,round1::baseline_logistic_l2_1,0.4,VisualCogA_Task-2
VisualCogA_Task-2,55,1,1,0.4199845636005995,q1_quality_matched,target_locked,round1::baseline_logistic_l2_1,0.4,VisualCogA_Task-2
VisualCogA_Task-2,56,1,1,0.8032692256157421,q1_quality_matched,target_locked,round1::baseline_logistic_l2_1,0.4,VisualCogA_Task-2
VisualCogA_Task-2,57,1,-1,0.31015863642204905,q1_quality_matched,target_locked,round1::baseline_logistic_l2_1,0.4,VisualCogA_Task-2
VisualCogA_Task-2,58,1,1,0.6307751977042557,q1_quality_matched,target_locked,round1::baseline_logistic_l2_1,0.4,VisualCogA_Task-2
VisualCogA_Task-2,60,-1,1,0.6643593990011639,q1_quality_matched,target_locked,round1::baseline_logistic_l2_1,0.4,VisualCogA_Task-2
VisualCogA_Task-2,63,-1,1,0.7517143126436951,q1_quality_matched,target_locked,round1::baseline_logistic_l2_1,0.4,VisualCogA_Task-2
VisualCogA_Task-2,64,1,-1,0.15178873809150545,q1_quality_matched,target_locked,round1::baseline_logistic_l2_1,0.4,VisualCogA_Task-2
VisualCogA_Task-2,65,-1,-1,0.37288130431021393,q1_quality_matched,target_locked,round1::baseline_logistic_l2_1,0.4,VisualCogA_Task-2
VisualCogA_Task-2,66,1,1,0.43876701854095657,q1_quality_matched,target_locked,round1::baseline_logistic_l2_1,0.4,VisualCogA_Task-2
VisualCogA_Task-2,68,-1,1,0.5217763783882071,q1_quality_matched,target_locked,round1::baseline_logistic_l2_1,0.4,VisualCogA_Task-2
VisualCogA_Task-2,69,-1,-1,0.38753834054970426,q1_quality_matched,target_locked,round1::baseline_logistic_l2_1,0.4,VisualCogA_Task-2
VisualCogA_Task-2,70,1,1,0.5512152540606396,q1_quality_matched,target_locked,round1::baseline_logistic_l2_1,0.4,VisualCogA_Task-2
VisualCogA_Task-2,71,1,1,0.6279322031980762,q1_quality_matched,target_locked,round1::baseline_logistic_l2_1,0.4,VisualCogA_Task-2
VisualCogA_Task-2,72,1,-1,0.28312074690406597,q1_quality_matched,target_locked,round1::baseline_logistic_l2_1,0.4,VisualCogA_Task-2
VisualCogA_Task-2,73,1,-1,0.2788941948666032,q1_quality_matched,target_locked,round1::baseline_logistic_l2_1,0.4,VisualCogA_Task-2
VisualCogA_Task-2,74,-1,1,0.4076311201247601,q1_quality_matched,target_locked,round1::baseline_logistic_l2_1,0.4,VisualCogA_Task-2
VisualCogA_Task-2,75,-1,1,0.5627704612966662,q1_quality_matched,target_locked,round1::baseline_logistic_l2_1,0.4,VisualCogA_Task-2
VisualCogA_Task-2,76,-1,1,0.5716533228546108,q1_quality_matched,target_locked,round1::baseline_logistic_l2_1,0.4,VisualCogA_Task-2
VisualCogA_Task-2,78,-1,1,0.4981665028879468,q1_quality_matched,target_locked,round1::baseline_logistic_l2_1,0.4,VisualCogA_Task-2
VisualCogA_Task-2,80,-1,-1,0.34306251640584673,q1_quality_matched,target_locked,round1::baseline_logistic_l2_1,0.4,VisualCogA_Task-2
VisualCogA_Task-2,81,1,1,0.4922891733564851,q1_quality_matched,target_locked,round1::baseline_logistic_l2_1,0.4,VisualCogA_Task-2
VisualCogA_Task-2,82,1,1,0.4825165298697053,q1_quality_matched,target_locked,round1::baseline_logistic_l2_1,0.4,VisualCogA_Task-2
VisualCogA_Task-2,83,-1,1,0.45544617679801824,q1_quality_matched,target_locked,round1::baseline_logistic_l2_1,0.4,VisualCogA_Task-2
VisualCogA_Task-2,84,1,1,0.6155588112304746,q1_quality_matched,target_locked,round1::baseline_logistic_l2_1,0.4,VisualCogA_Task-2
VisualCogA_Task-2,86,-1,-1,0.32924385046885646,q1_quality_matched,target_locked,round1::baseline_logistic_l2_1,0.4,VisualCogA_Task-2
VisualCogA_Task-2,87,1,1,0.41678239330345346,q1_quality_matched,target_locked,round1::baseline_logistic_l2_1,0.4,VisualCogA_Task-2
VisualCogA_Task-2,88,-1,1,0.4792076792603019,q1_quality_matched,target_locked,round1::baseline_logistic_l2_1,0.4,VisualCogA_Task-2
VisualCogA_Task-2,89,-1,1,0.558051345234881,q1_quality_matched,target_locked,round1::baseline_logistic_l2_1,0.4,VisualCogA_Task-2
VisualCogA_Task-2,90,-1,-1,0.2903266858610707,q1_quality_matched,target_locked,round1::baseline_logistic_l2_1,0.4,VisualCogA_Task-2
VisualCogA_Task-2,91,-1,1,0.49992064188269736,q1_quality_matched,target_locked,round1::baseline_logistic_l2_1,0.4,VisualCogA_Task-2
VisualCogA_Task-2,92,1,-1,0.2516115138068605,q1_quality_matched,target_locked,round1::baseline_logistic_l2_1,0.4,VisualCogA_Task-2
VisualCogA_Task-2,94,-1,1,0.5321302037592569,q1_quality_matched,target_locked,round1::baseline_logistic_l2_1,0.4,VisualCogA_Task-2
VisualCogA_Task-2,95,-1,-1,0.3145374586809916,q1_quality_matched,target_locked,round1::baseline_logistic_l2_1,0.4,VisualCogA_Task-2
VisualCogA_Task-2,96,-1,1,0.5535610461337217,q1_quality_matched,target_locked,round1::baseline_logistic_l2_1,0.4,VisualCogA_Task-2
VisualCogA_Task-2,97,-1,-1,0.3730183230557496,q1_quality_matched,target_locked,round1::baseline_logistic_l2_1,0.4,VisualCogA_Task-2
VisualCogA_Task-2,98,-1,1,0.5970571936217992,q1_quality_matched,target_locked,round1::baseline_logistic_l2_1,0.4,VisualCogA_Task-2
VisualCogB_Task-1,0,-1,-1,0.35983373154773757,q1_quality_matched,target_locked,temporal::logistic_erp_100ms_l2_1,0.55,VisualCogB_Task-1
VisualCogB_Task-1,1,-1,-1,0.31449454008027095,q1_quality_matched,target_locked,temporal::logistic_erp_100ms_l2_1,0.55,VisualCogB_Task-1
VisualCogB_Task-1,2,1,-1,0.19878602982304458,q1_quality_matched,target_locked,temporal::logistic_erp_100ms_l2_1,0.55,VisualCogB_Task-1
VisualCogB_Task-1,3,-1,1,0.6386123316977499,q1_quality_matched,target_locked,temporal::logistic_erp_100ms_l2_1,0.55,VisualCogB_Task-1
VisualCogB_Task-1,4,1,-1,0.45222186242906104,q1_quality_matched,target_locked,temporal::logistic_erp_100ms_l2_1,0.55,VisualCogB_Task-1
VisualCogB_Task-1,6,1,-1,0.4700354427241407,q1_quality_matched,target_locked,temporal::logistic_erp_100ms_l2_1,0.55,VisualCogB_Task-1
VisualCogB_Task-1,7,-1,-1,0.2914616190627669,q1_quality_matched,target_locked,temporal::logistic_erp_100ms_l2_1,0.55,VisualCogB_Task-1
VisualCogB_Task-1,8,-1,1,0.558760524571165,q1_quality_matched,target_locked,temporal::logistic_erp_100ms_l2_1,0.55,VisualCogB_Task-1
VisualCogB_Task-1,9,-1,-1,0.48034980428326957,q1_quality_matched,target_locked,temporal::logistic_erp_100ms_l2_1,0.55,VisualCogB_Task-1
VisualCogB_Task-1,10,1,-1,0.47856564876691865,q1_quality_matched,target_locked,temporal::logistic_erp_100ms_l2_1,0.55,VisualCogB_Task-1
VisualCogB_Task-1,11,-1,-1,0.3506885332979625,q1_quality_matched,target_locked,temporal::logistic_erp_100ms_l2_1,0.55,VisualCogB_Task-1
VisualCogB_Task-1,12,1,-1,0.4457400889342497,q1_quality_matched,target_locked,temporal::logistic_erp_100ms_l2_1,0.55,VisualCogB_Task-1
VisualCogB_Task-1,14,-1,-1,0.4751974640856246,q1_quality_matched,target_locked,temporal::logistic_erp_100ms_l2_1,0.55,VisualCogB_Task-1
VisualCogB_Task-1,15,1,-1,0.445738423334393,q1_quality_matched,target_locked,temporal::logistic_erp_100ms_l2_1,0.55,VisualCogB_Task-1
VisualCogB_Task-1,16,-1,-1,0.20817705147397964,q1_quality_matched,target_locked,temporal::logistic_erp_100ms_l2_1,0.55,VisualCogB_Task-1
VisualCogB_Task-1,17,-1,-1,0.21388660338060722,q1_quality_matched,target_locked,temporal::logistic_erp_100ms_l2_1,0.55,VisualCogB_Task-1
VisualCogB_Task-1,18,1,1,0.605395231289127,q1_quality_matched,target_locked,temporal::logistic_erp_100ms_l2_1,0.55,VisualCogB_Task-1
VisualCogB_Task-1,19,-1,-1,0.1849893913806004,q1_quality_matched,target_locked,temporal::logistic_erp_100ms_l2_1,0.55,VisualCogB_Task-1
VisualCogB_Task-1,20,1,-1,0.40813072372854026,q1_quality_matched,target_locked,temporal::logistic_erp_100ms_l2_1,0.55,VisualCogB_Task-1
VisualCogB_Task-1,21,1,-1,0.5362002082412465,q1_quality_matched,target_locked,temporal::logistic_erp_100ms_l2_1,0.55,VisualCogB_Task-1
VisualCogB_Task-1,23,1,-1,0.4740013885145411,q1_quality_matched,target_locked,temporal::logistic_erp_100ms_l2_1,0.55,VisualCogB_Task-1
VisualCogB_Task-1,25,1,-1,0.47422384196425876,q1_quality_matched,target_locked,temporal::logistic_erp_100ms_l2_1,0.55,VisualCogB_Task-1
VisualCogB_Task-1,26,1,-1,0.43796846227013253,q1_quality_matched,target_locked,temporal::logistic_erp_100ms_l2_1,0.55,VisualCogB_Task-1
VisualCogB_Task-1,27,1,1,0.5929837962005834,q1_quality_matched,target_locked,temporal::logistic_erp_100ms_l2_1,0.55,VisualCogB_Task-1
VisualCogB_Task-1,28,1,1,0.557673093196651,q1_quality_matched,target_locked,temporal::logistic_erp_100ms_l2_1,0.55,VisualCogB_Task-1
VisualCogB_Task-1,29,-1,-1,0.4731926162985149,q1_quality_matched,target_locked,temporal::logistic_erp_100ms_l2_1,0.55,VisualCogB_Task-1
VisualCogB_Task-1,30,1,-1,0.5200254697440729,q1_quality_matched,target_locked,temporal::logistic_erp_100ms_l2_1,0.55,VisualCogB_Task-1
VisualCogB_Task-1,31,-1,-1,0.4426140217456591,q1_quality_matched,target_locked,temporal::logistic_erp_100ms_l2_1,0.55,VisualCogB_Task-1
VisualCogB_Task-1,32,-1,-1,0.3774204553761905,q1_quality_matched,target_locked,temporal::logistic_erp_100ms_l2_1,0.55,VisualCogB_Task-1
VisualCogB_Task-1,33,1,-1,0.47855349727157015,q1_quality_matched,target_locked,temporal::logistic_erp_100ms_l2_1,0.55,VisualCogB_Task-1
VisualCogB_Task-1,34,-1,-1,0.4709466415716431,q1_quality_matched,target_locked,temporal::logistic_erp_100ms_l2_1,0.55,VisualCogB_Task-1
VisualCogB_Task-1,36,-1,-1,0.5061302997134851,q1_quality_matched,target_locked,temporal::logistic_erp_100ms_l2_1,0.55,VisualCogB_Task-1
VisualCogB_Task-1,37,-1,-1,0.5092490773271116,q1_quality_matched,target_locked,temporal::logistic_erp_100ms_l2_1,0.55,VisualCogB_Task-1
VisualCogB_Task-1,38,1,-1,0.08976983812874573,q1_quality_matched,target_locked,temporal::logistic_erp_100ms_l2_1,0.55,VisualCogB_Task-1
VisualCogB_Task-1,39,1,-1,0.46755657412787666,q1_quality_matched,target_locked,temporal::logistic_erp_100ms_l2_1,0.55,VisualCogB_Task-1
VisualCogB_Task-1,40,-1,1,0.6132927570057342,q1_quality_matched,target_locked,temporal::logistic_erp_100ms_l2_1,0.55,VisualCogB_Task-1
VisualCogB_Task-1,41,1,-1,0.45349987894765037,q1_quality_matched,target_locked,temporal::logistic_erp_100ms_l2_1,0.55,VisualCogB_Task-1
VisualCogB_Task-1,42,1,-1,0.3194241645772664,q1_quality_matched,target_locked,temporal::logistic_erp_100ms_l2_1,0.55,VisualCogB_Task-1
VisualCogB_Task-1,43,1,-1,0.5000200883045616,q1_quality_matched,target_locked,temporal::logistic_erp_100ms_l2_1,0.55,VisualCogB_Task-1
VisualCogB_Task-1,44,1,-1,0.48881041771512235,q1_quality_matched,target_locked,temporal::logistic_erp_100ms_l2_1,0.55,VisualCogB_Task-1
VisualCogB_Task-1,47,1,1,0.9986557600990608,q1_quality_matched,target_locked,temporal::logistic_erp_100ms_l2_1,0.55,VisualCogB_Task-1
VisualCogB_Task-1,48,1,1,0.6332402481378746,q1_quality_matched,target_locked,temporal::logistic_erp_100ms_l2_1,0.55,VisualCogB_Task-1
VisualCogB_Task-1,49,-1,-1,0.4922125464776929,q1_quality_matched,target_locked,temporal::logistic_erp_100ms_l2_1,0.55,VisualCogB_Task-1
VisualCogB_Task-1,50,1,1,0.707192966232398,q1_quality_matched,target_locked,temporal::logistic_erp_100ms_l2_1,0.55,VisualCogB_Task-1
VisualCogB_Task-1,51,-1,-1,0.4491966178408222,q1_quality_matched,target_locked,temporal::logistic_erp_100ms_l2_1,0.55,VisualCogB_Task-1
VisualCogB_Task-1,52,1,-1,0.43789429041236877,q1_quality_matched,target_locked,temporal::logistic_erp_100ms_l2_1,0.55,VisualCogB_Task-1
VisualCogB_Task-1,54,1,-1,0.4063951511624678,q1_quality_matched,target_locked,temporal::logistic_erp_100ms_l2_1,0.55,VisualCogB_Task-1
VisualCogB_Task-1,55,-1,-1,0.08965854391824492,q1_quality_matched,target_locked,temporal::logistic_erp_100ms_l2_1,0.55,VisualCogB_Task-1
VisualCogB_Task-1,56,1,-1,0.4428022548577063,q1_quality_matched,target_locked,temporal::logistic_erp_100ms_l2_1,0.55,VisualCogB_Task-1
VisualCogB_Task-1,58,1,-1,0.31483872750776,q1_quality_matched,target_locked,temporal::logistic_erp_100ms_l2_1,0.55,VisualCogB_Task-1
VisualCogB_Task-1,59,1,-1,0.40685263508710673,q1_quality_matched,target_locked,temporal::logistic_erp_100ms_l2_1,0.55,VisualCogB_Task-1
VisualCogB_Task-1,60,-1,-1,0.3683282585815048,q1_quality_matched,target_locked,temporal::logistic_erp_100ms_l2_1,0.55,VisualCogB_Task-1
VisualCogB_Task-1,61,-1,-1,0.5236663025349911,q1_quality_matched,target_locked,temporal::logistic_erp_100ms_l2_1,0.55,VisualCogB_Task-1
VisualCogB_Task-1,63,-1,-1,0.35210766503478785,q1_quality_matched,target_locked,temporal::logistic_erp_100ms_l2_1,0.55,VisualCogB_Task-1
VisualCogB_Task-1,64,-1,1,0.6528186568791734,q1_quality_matched,target_locked,temporal::logistic_erp_100ms_l2_1,0.55,VisualCogB_Task-1
VisualCogB_Task-1,66,1,-1,0.4381874545082381,q1_quality_matched,target_locked,temporal::logistic_erp_100ms_l2_1,0.55,VisualCogB_Task-1
VisualCogB_Task-1,67,1,-1,0.43422413280717825,q1_quality_matched,target_locked,temporal::logistic_erp_100ms_l2_1,0.55,VisualCogB_Task-1
VisualCogB_Task-1,68,-1,1,0.6325958922728089,q1_quality_matched,target_locked,temporal::logistic_erp_100ms_l2_1,0.55,VisualCogB_Task-1
VisualCogB_Task-1,69,-1,-1,0.37331558021810507,q1_quality_matched,target_locked,temporal::logistic_erp_100ms_l2_1,0.55,VisualCogB_Task-1
VisualCogB_Task-1,71,1,-1,0.3848698732038251,q1_quality_matched,target_locked,temporal::logistic_erp_100ms_l2_1,0.55,VisualCogB_Task-1
VisualCogB_Task-1,72,-1,-1,0.5243559653317899,q1_quality_matched,target_locked,temporal::logistic_erp_100ms_l2_1,0.55,VisualCogB_Task-1
VisualCogB_Task-1,73,-1,-1,0.4973696053610965,q1_quality_matched,target_locked,temporal::logistic_erp_100ms_l2_1,0.55,VisualCogB_Task-1
VisualCogB_Task-1,74,1,1,0.6928787309508564,q1_quality_matched,target_locked,temporal::logistic_erp_100ms_l2_1,0.55,VisualCogB_Task-1
VisualCogB_Task-1,75,-1,-1,0.3859113377428214,q1_quality_matched,target_locked,temporal::logistic_erp_100ms_l2_1,0.55,VisualCogB_Task-1
VisualCogB_Task-1,76,-1,-1,0.48909666641879224,q1_quality_matched,target_locked,temporal::logistic_erp_100ms_l2_1,0.55,VisualCogB_Task-1
VisualCogB_Task-1,78,1,-1,0.45777558681854214,q1_quality_matched,target_locked,temporal::logistic_erp_100ms_l2_1,0.55,VisualCogB_Task-1
VisualCogB_Task-1,79,-1,-1,0.4113353215419888,q1_quality_matched,target_locked,temporal::logistic_erp_100ms_l2_1,0.55,VisualCogB_Task-1
VisualCogB_Task-1,80,-1,1,0.5696424166983625,q1_quality_matched,target_locked,temporal::logistic_erp_100ms_l2_1,0.55,VisualCogB_Task-1
VisualCogB_Task-1,81,1,-1,0.42338217392905086,q1_quality_matched,target_locked,temporal::logistic_erp_100ms_l2_1,0.55,VisualCogB_Task-1
VisualCogB_Task-1,82,-1,1,0.7569263922742593,q1_quality_matched,target_locked,temporal::logistic_erp_100ms_l2_1,0.55,VisualCogB_Task-1
VisualCogB_Task-1,83,-1,-1,0.4890112072559365,q1_quality_matched,target_locked,temporal::logistic_erp_100ms_l2_1,0.55,VisualCogB_Task-1
VisualCogB_Task-1,85,-1,-1,0.440321198164929,q1_quality_matched,target_locked,temporal::logistic_erp_100ms_l2_1,0.55,VisualCogB_Task-1
VisualCogB_Task-1,86,-1,-1,0.5445113149630455,q1_quality_matched,target_locked,temporal::logistic_erp_100ms_l2_1,0.55,VisualCogB_Task-1
VisualCogB_Task-1,88,-1,-1,0.4344500076060017,q1_quality_matched,target_locked,temporal::logistic_erp_100ms_l2_1,0.55,VisualCogB_Task-1
VisualCogB_Task-1,89,-1,-1,0.4433977028478951,q1_quality_matched,target_locked,temporal::logistic_erp_100ms_l2_1,0.55,VisualCogB_Task-1
VisualCogB_Task-1,90,1,1,0.5840369622484721,q1_quality_matched,target_locked,temporal::logistic_erp_100ms_l2_1,0.55,VisualCogB_Task-1
VisualCogB_Task-1,92,-1,1,0.6242303557282137,q1_quality_matched,target_locked,temporal::logistic_erp_100ms_l2_1,0.55,VisualCogB_Task-1
VisualCogB_Task-1,93,1,1,0.641413355409381,q1_quality_matched,target_locked,temporal::logistic_erp_100ms_l2_1,0.55,VisualCogB_Task-1
VisualCogB_Task-1,94,-1,1,0.681364054428589,q1_quality_matched,target_locked,temporal::logistic_erp_100ms_l2_1,0.55,VisualCogB_Task-1
VisualCogB_Task-1,95,1,-1,0.24920001377223955,q1_quality_matched,target_locked,temporal::logistic_erp_100ms_l2_1,0.55,VisualCogB_Task-1
VisualCogB_Task-1,97,1,-1,0.24341667107466272,q1_quality_matched,target_locked,temporal::logistic_erp_100ms_l2_1,0.55,VisualCogB_Task-1
VisualCogB_Task-1,98,1,-1,0.45498242429214175,q1_quality_matched,target_locked,temporal::logistic_erp_100ms_l2_1,0.55,VisualCogB_Task-1
VisualCogB_Task-1,99,1,-1,0.4552982117812496,q1_quality_matched,target_locked,temporal::logistic_erp_100ms_l2_1,0.55,VisualCogB_Task-1
VisualCogB_Task-2,0,-1,-1,-1.4488971704582099,q1_quality_matched,target_locked,round1::rbf_svm_full_baseline_13_C_10_gamma_scale,0.0,VisualCogB_Task-2
VisualCogB_Task-2,2,-1,-1,-0.8913005137561738,q1_quality_matched,target_locked,round1::rbf_svm_full_baseline_13_C_10_gamma_scale,0.0,VisualCogB_Task-2
VisualCogB_Task-2,3,1,-1,-1.2715035747246652,q1_quality_matched,target_locked,round1::rbf_svm_full_baseline_13_C_10_gamma_scale,0.0,VisualCogB_Task-2
VisualCogB_Task-2,4,-1,1,0.23251856082624206,q1_quality_matched,target_locked,round1::rbf_svm_full_baseline_13_C_10_gamma_scale,0.0,VisualCogB_Task-2
VisualCogB_Task-2,5,1,1,0.43780444162727633,q1_quality_matched,target_locked,round1::rbf_svm_full_baseline_13_C_10_gamma_scale,0.0,VisualCogB_Task-2
VisualCogB_Task-2,7,1,-1,-0.853333926955407,q1_quality_matched,target_locked,round1::rbf_svm_full_baseline_13_C_10_gamma_scale,0.0,VisualCogB_Task-2
VisualCogB_Task-2,8,1,-1,-0.5988783473791919,q1_quality_matched,target_locked,round1::rbf_svm_full_baseline_13_C_10_gamma_scale,0.0,VisualCogB_Task-2
VisualCogB_Task-2,10,1,-1,-0.06896134699823557,q1_quality_matched,target_locked,round1::rbf_svm_full_baseline_13_C_10_gamma_scale,0.0,VisualCogB_Task-2
VisualCogB_Task-2,11,1,-1,-0.22089447777261256,q1_quality_matched,target_locked,round1::rbf_svm_full_baseline_13_C_10_gamma_scale,0.0,VisualCogB_Task-2
VisualCogB_Task-2,12,1,1,0.04581558408146731,q1_quality_matched,target_locked,round1::rbf_svm_full_baseline_13_C_10_gamma_scale,0.0,VisualCogB_Task-2
VisualCogB_Task-2,16,-1,-1,-1.2159887518135588,q1_quality_matched,target_locked,round1::rbf_svm_full_baseline_13_C_10_gamma_scale,0.0,VisualCogB_Task-2
VisualCogB_Task-2,17,1,1,0.6752790605986188,q1_quality_matched,target_locked,round1::rbf_svm_full_baseline_13_C_10_gamma_scale,0.0,VisualCogB_Task-2
VisualCogB_Task-2,18,1,-1,-0.700609122440645,q1_quality_matched,target_locked,round1::rbf_svm_full_baseline_13_C_10_gamma_scale,0.0,VisualCogB_Task-2
VisualCogB_Task-2,20,1,1,1.0274911158059217,q1_quality_matched,target_locked,round1::rbf_svm_full_baseline_13_C_10_gamma_scale,0.0,VisualCogB_Task-2
VisualCogB_Task-2,21,1,-1,-1.2108534121190955,q1_quality_matched,target_locked,round1::rbf_svm_full_baseline_13_C_10_gamma_scale,0.0,VisualCogB_Task-2
VisualCogB_Task-2,23,-1,-1,-0.27544720371033776,q1_quality_matched,target_locked,round1::rbf_svm_full_baseline_13_C_10_gamma_scale,0.0,VisualCogB_Task-2
VisualCogB_Task-2,24,-1,-1,-0.16243871323624998,q1_quality_matched,target_locked,round1::rbf_svm_full_baseline_13_C_10_gamma_scale,0.0,VisualCogB_Task-2
VisualCogB_Task-2,25,1,1,1.1059818048971435,q1_quality_matched,target_locked,round1::rbf_svm_full_baseline_13_C_10_gamma_scale,0.0,VisualCogB_Task-2
VisualCogB_Task-2,26,-1,-1,-0.885756454256692,q1_quality_matched,target_locked,round1::rbf_svm_full_baseline_13_C_10_gamma_scale,0.0,VisualCogB_Task-2
VisualCogB_Task-2,27,-1,-1,-0.9951894283536578,q1_quality_matched,target_locked,round1::rbf_svm_full_baseline_13_C_10_gamma_scale,0.0,VisualCogB_Task-2
VisualCogB_Task-2,28,-1,-1,-0.9101192467656118,q1_quality_matched,target_locked,round1::rbf_svm_full_baseline_13_C_10_gamma_scale,0.0,VisualCogB_Task-2
VisualCogB_Task-2,29,1,1,0.034463659628778356,q1_quality_matched,target_locked,round1::rbf_svm_full_baseline_13_C_10_gamma_scale,0.0,VisualCogB_Task-2
VisualCogB_Task-2,30,1,-1,-1.8687940135617853,q1_quality_matched,target_locked,round1::rbf_svm_full_baseline_13_C_10_gamma_scale,0.0,VisualCogB_Task-2
VisualCogB_Task-2,31,1,1,0.1434345847494941,q1_quality_matched,target_locked,round1::rbf_svm_full_baseline_13_C_10_gamma_scale,0.0,VisualCogB_Task-2
VisualCogB_Task-2,32,1,-1,-0.6383011607131177,q1_quality_matched,target_locked,round1::rbf_svm_full_baseline_13_C_10_gamma_scale,0.0,VisualCogB_Task-2
VisualCogB_Task-2,33,1,1,1.1103051295369766,q1_quality_matched,target_locked,round1::rbf_svm_full_baseline_13_C_10_gamma_scale,0.0,VisualCogB_Task-2
VisualCogB_Task-2,34,-1,-1,-0.3429325209286001,q1_quality_matched,target_locked,round1::rbf_svm_full_baseline_13_C_10_gamma_scale,0.0,VisualCogB_Task-2
VisualCogB_Task-2,35,1,-1,-1.3183477592070938,q1_quality_matched,target_locked,round1::rbf_svm_full_baseline_13_C_10_gamma_scale,0.0,VisualCogB_Task-2
VisualCogB_Task-2,36,-1,1,0.11087880434159755,q1_quality_matched,target_locked,round1::rbf_svm_full_baseline_13_C_10_gamma_scale,0.0,VisualCogB_Task-2
VisualCogB_Task-2,37,-1,-1,-0.6982002031142085,q1_quality_matched,target_locked,round1::rbf_svm_full_baseline_13_C_10_gamma_scale,0.0,VisualCogB_Task-2
VisualCogB_Task-2,38,1,1,1.103877087437041,q1_quality_matched,target_locked,round1::rbf_svm_full_baseline_13_C_10_gamma_scale,0.0,VisualCogB_Task-2
VisualCogB_Task-2,39,1,1,1.0361821797372057,q1_quality_matched,target_locked,round1::rbf_svm_full_baseline_13_C_10_gamma_scale,0.0,VisualCogB_Task-2
VisualCogB_Task-2,40,1,-1,-0.5933334376353421,q1_quality_matched,target_locked,round1::rbf_svm_full_baseline_13_C_10_gamma_scale,0.0,VisualCogB_Task-2
VisualCogB_Task-2,41,-1,-1,-0.8801317439152672,q1_quality_matched,target_locked,round1::rbf_svm_full_baseline_13_C_10_gamma_scale,0.0,VisualCogB_Task-2
VisualCogB_Task-2,43,1,-1,-1.7341094467762237,q1_quality_matched,target_locked,round1::rbf_svm_full_baseline_13_C_10_gamma_scale,0.0,VisualCogB_Task-2
VisualCogB_Task-2,44,-1,1,0.005804983928036259,q1_quality_matched,target_locked,round1::rbf_svm_full_baseline_13_C_10_gamma_scale,0.0,VisualCogB_Task-2
VisualCogB_Task-2,45,-1,-1,-0.40181632320949173,q1_quality_matched,target_locked,round1::rbf_svm_full_baseline_13_C_10_gamma_scale,0.0,VisualCogB_Task-2
VisualCogB_Task-2,46,1,-1,-0.8696173376849485,q1_quality_matched,target_locked,round1::rbf_svm_full_baseline_13_C_10_gamma_scale,0.0,VisualCogB_Task-2
VisualCogB_Task-2,47,-1,1,1.5133303032587775,q1_quality_matched,target_locked,round1::rbf_svm_full_baseline_13_C_10_gamma_scale,0.0,VisualCogB_Task-2
VisualCogB_Task-2,48,1,-1,-0.7733911118954802,q1_quality_matched,target_locked,round1::rbf_svm_full_baseline_13_C_10_gamma_scale,0.0,VisualCogB_Task-2
VisualCogB_Task-2,50,-1,1,0.9890180785287526,q1_quality_matched,target_locked,round1::rbf_svm_full_baseline_13_C_10_gamma_scale,0.0,VisualCogB_Task-2
VisualCogB_Task-2,51,-1,-1,-0.9596378578836311,q1_quality_matched,target_locked,round1::rbf_svm_full_baseline_13_C_10_gamma_scale,0.0,VisualCogB_Task-2
VisualCogB_Task-2,52,1,-1,-1.1904684637921537,q1_quality_matched,target_locked,round1::rbf_svm_full_baseline_13_C_10_gamma_scale,0.0,VisualCogB_Task-2
VisualCogB_Task-2,54,1,-1,-1.0160737465435286,q1_quality_matched,target_locked,round1::rbf_svm_full_baseline_13_C_10_gamma_scale,0.0,VisualCogB_Task-2
VisualCogB_Task-2,57,-1,-1,-0.5151561424151871,q1_quality_matched,target_locked,round1::rbf_svm_full_baseline_13_C_10_gamma_scale,0.0,VisualCogB_Task-2
VisualCogB_Task-2,59,-1,1,0.3619945368591954,q1_quality_matched,target_locked,round1::rbf_svm_full_baseline_13_C_10_gamma_scale,0.0,VisualCogB_Task-2
VisualCogB_Task-2,60,-1,1,0.04236773291556824,q1_quality_matched,target_locked,round1::rbf_svm_full_baseline_13_C_10_gamma_scale,0.0,VisualCogB_Task-2
VisualCogB_Task-2,61,1,1,0.7560055402001775,q1_quality_matched,target_locked,round1::rbf_svm_full_baseline_13_C_10_gamma_scale,0.0,VisualCogB_Task-2
VisualCogB_Task-2,62,-1,1,1.0446390120691196,q1_quality_matched,target_locked,round1::rbf_svm_full_baseline_13_C_10_gamma_scale,0.0,VisualCogB_Task-2
VisualCogB_Task-2,63,-1,-1,-0.05652756544149544,q1_quality_matched,target_locked,round1::rbf_svm_full_baseline_13_C_10_gamma_scale,0.0,VisualCogB_Task-2
VisualCogB_Task-2,64,1,-1,-0.3210872940538981,q1_quality_matched,target_locked,round1::rbf_svm_full_baseline_13_C_10_gamma_scale,0.0,VisualCogB_Task-2
VisualCogB_Task-2,66,1,-1,-0.7889633603135953,q1_quality_matched,target_locked,round1::rbf_svm_full_baseline_13_C_10_gamma_scale,0.0,VisualCogB_Task-2
VisualCogB_Task-2,67,1,-1,-2.033098085631393,q1_quality_matched,target_locked,round1::rbf_svm_full_baseline_13_C_10_gamma_scale,0.0,VisualCogB_Task-2
VisualCogB_Task-2,68,-1,1,0.34027709366887293,q1_quality_matched,target_locked,round1::rbf_svm_full_baseline_13_C_10_gamma_scale,0.0,VisualCogB_Task-2
VisualCogB_Task-2,69,-1,-1,-0.2553406747924279,q1_quality_matched,target_locked,round1::rbf_svm_full_baseline_13_C_10_gamma_scale,0.0,VisualCogB_Task-2
VisualCogB_Task-2,70,1,-1,-0.3790808966116273,q1_quality_matched,target_locked,round1::rbf_svm_full_baseline_13_C_10_gamma_scale,0.0,VisualCogB_Task-2
VisualCogB_Task-2,71,1,1,0.5769051887351058,q1_quality_matched,target_locked,round1::rbf_svm_full_baseline_13_C_10_gamma_scale,0.0,VisualCogB_Task-2
VisualCogB_Task-2,72,1,-1,-0.21719042284279638,q1_quality_matched,target_locked,round1::rbf_svm_full_baseline_13_C_10_gamma_scale,0.0,VisualCogB_Task-2
VisualCogB_Task-2,73,-1,-1,-1.1521362742781536,q1_quality_matched,target_locked,round1::rbf_svm_full_baseline_13_C_10_gamma_scale,0.0,VisualCogB_Task-2
VisualCogB_Task-2,74,-1,-1,-0.7353338522855384,q1_quality_matched,target_locked,round1::rbf_svm_full_baseline_13_C_10_gamma_scale,0.0,VisualCogB_Task-2
VisualCogB_Task-2,75,1,-1,-1.562955130498151,q1_quality_matched,target_locked,round1::rbf_svm_full_baseline_13_C_10_gamma_scale,0.0,VisualCogB_Task-2
VisualCogB_Task-2,76,1,1,1.6061246096515411,q1_quality_matched,target_locked,round1::rbf_svm_full_baseline_13_C_10_gamma_scale,0.0,VisualCogB_Task-2
VisualCogB_Task-2,77,-1,-1,-0.5195023743848055,q1_quality_matched,target_locked,round1::rbf_svm_full_baseline_13_C_10_gamma_scale,0.0,VisualCogB_Task-2
VisualCogB_Task-2,79,-1,-1,-0.26170354367779997,q1_quality_matched,target_locked,round1::rbf_svm_full_baseline_13_C_10_gamma_scale,0.0,VisualCogB_Task-2
VisualCogB_Task-2,82,1,1,2.8410426560922617,q1_quality_matched,target_locked,round1::rbf_svm_full_baseline_13_C_10_gamma_scale,0.0,VisualCogB_Task-2
VisualCogB_Task-2,83,-1,-1,-1.487630001303621,q1_quality_matched,target_locked,round1::rbf_svm_full_baseline_13_C_10_gamma_scale,0.0,VisualCogB_Task-2
VisualCogB_Task-2,85,1,-1,-0.5272564997897549,q1_quality_matched,target_locked,round1::rbf_svm_full_baseline_13_C_10_gamma_scale,0.0,VisualCogB_Task-2
VisualCogB_Task-2,86,-1,1,0.4590770176628695,q1_quality_matched,target_locked,round1::rbf_svm_full_baseline_13_C_10_gamma_scale,0.0,VisualCogB_Task-2
VisualCogB_Task-2,87,1,-1,-1.1843836905698928,q1_quality_matched,target_locked,round1::rbf_svm_full_baseline_13_C_10_gamma_scale,0.0,VisualCogB_Task-2
VisualCogB_Task-2,88,-1,-1,-1.2229852562284393,q1_quality_matched,target_locked,round1::rbf_svm_full_baseline_13_C_10_gamma_scale,0.0,VisualCogB_Task-2
VisualCogB_Task-2,89,1,1,0.10259179091334887,q1_quality_matched,target_locked,round1::rbf_svm_full_baseline_13_C_10_gamma_scale,0.0,VisualCogB_Task-2
VisualCogB_Task-2,91,-1,-1,-1.0382971989492256,q1_quality_matched,target_locked,round1::rbf_svm_full_baseline_13_C_10_gamma_scale,0.0,VisualCogB_Task-2
VisualCogB_Task-2,92,1,1,0.4477135780357337,q1_quality_matched,target_locked,round1::rbf_svm_full_baseline_13_C_10_gamma_scale,0.0,VisualCogB_Task-2
VisualCogB_Task-2,93,-1,1,0.7859851150381263,q1_quality_matched,target_locked,round1::rbf_svm_full_baseline_13_C_10_gamma_scale,0.0,VisualCogB_Task-2
VisualCogB_Task-2,94,1,-1,-0.3601559728105324,q1_quality_matched,target_locked,round1::rbf_svm_full_baseline_13_C_10_gamma_scale,0.0,VisualCogB_Task-2
VisualCogB_Task-2,95,1,-1,-0.10680150688635019,q1_quality_matched,target_locked,round1::rbf_svm_full_baseline_13_C_10_gamma_scale,0.0,VisualCogB_Task-2
VisualCogB_Task-2,96,-1,1,0.5822221005049226,q1_quality_matched,target_locked,round1::rbf_svm_full_baseline_13_C_10_gamma_scale,0.0,VisualCogB_Task-2
VisualCogB_Task-2,97,-1,1,0.023504052646438914,q1_quality_matched,target_locked,round1::rbf_svm_full_baseline_13_C_10_gamma_scale,0.0,VisualCogB_Task-2
VisualCogB_Task-2,98,1,-1,-0.051341856622635615,q1_quality_matched,target_locked,round1::rbf_svm_full_baseline_13_C_10_gamma_scale,0.0,VisualCogB_Task-2
VisualCogB_Task-2,99,-1,-1,-0.46871181585540894,q1_quality_matched,target_locked,round1::rbf_svm_full_baseline_13_C_10_gamma_scale,0.0,VisualCogB_Task-2
