preprocessing,target_stimulus_candidate,target_onset_candidate_s,target_duration_s_assumption,match_evidence_scenario,heldout_record,cue_side,model,evaluation_window,window_start_s,window_stop_s,rmse_raw_units,nrmse_by_heldout_sd,correlation,n_train_records,n_train_record_cue_means,n_test_trials_in_cue_group,fit_parameters_train_only,response_channel_used
none,dots,,0.2,,VisualCogA_Task-1,left,Training_mean_template,cue_stage,0.0,0.8,90.1585675739132,3.3956714746772474,-0.24359713848395168,3,6,45,True,False
none,dots,,0.2,,VisualCogA_Task-1,left,Training_mean_template,late_stage,0.8,2.8,120.68295611953907,2.5989351536653182,0.4474960472766061,3,6,45,True,False
none,dots,,0.2,,VisualCogA_Task-1,right,Training_mean_template,cue_stage,0.0,0.8,78.07957539471936,13.061849097414253,0.06679067000787269,3,6,41,True,False
none,dots,,0.2,,VisualCogA_Task-1,right,Training_mean_template,late_stage,0.8,2.8,155.19115609643598,4.338950443631611,0.2707080293263396,3,6,41,True,False
none,dots,,0.2,,VisualCogA_Task-1,left,Q2_visual_only,cue_stage,0.0,0.8,105.87313768257931,3.9875344433415036,0.17374908546484566,3,6,45,True,False
none,dots,,0.2,,VisualCogA_Task-1,left,Q2_visual_only,late_stage,0.8,2.8,131.98334816844934,2.84229168958761,0.6995187255163873,3,6,45,True,False
none,dots,,0.2,,VisualCogA_Task-1,right,Q2_visual_only,cue_stage,0.0,0.8,77.94871602748789,13.039957773093908,-0.314156668471863,3,6,41,True,False
none,dots,,0.2,,VisualCogA_Task-1,right,Q2_visual_only,late_stage,0.8,2.8,116.14680498433063,3.247319265409668,0.23740675936875671,3,6,41,True,False
none,dots,,0.2,,VisualCogA_Task-1,left,Q2_plus_memory,cue_stage,0.0,0.8,102.83449453254732,3.873089037386845,-0.02423981591644287,3,6,45,True,False
none,dots,,0.2,,VisualCogA_Task-1,left,Q2_plus_memory,late_stage,0.8,2.8,132.51231734771298,2.853683162247859,0.6794624110003616,3,6,45,True,False
none,dots,,0.2,,VisualCogA_Task-1,right,Q2_plus_memory,cue_stage,0.0,0.8,75.10872947193673,12.564859443732304,-0.3415556453035031,3,6,41,True,False
none,dots,,0.2,,VisualCogA_Task-1,right,Q2_plus_memory,late_stage,0.8,2.8,116.94152343216187,3.269538598318283,0.18657010568013022,3,6,41,True,False
none,dots,,0.2,,VisualCogA_Task-1,left,Q2_plus_memory_control,cue_stage,0.0,0.8,102.83449453254732,3.873089037386845,-0.02423981591644282,3,6,45,True,False
none,dots,,0.2,,VisualCogA_Task-1,left,Q2_plus_memory_control,late_stage,0.8,2.8,132.51231734771298,2.853683162247859,0.6794624110003615,3,6,45,True,False
none,dots,,0.2,,VisualCogA_Task-1,right,Q2_plus_memory_control,cue_stage,0.0,0.8,75.10872947193673,12.564859443732304,-0.3415556453035029,3,6,41,True,False
none,dots,,0.2,,VisualCogA_Task-1,right,Q2_plus_memory_control,late_stage,0.8,2.8,116.94152343216187,3.269538598318283,0.18657010568013055,3,6,41,True,False
none,dots,,0.2,,VisualCogA_Task-2,left,Training_mean_template,cue_stage,0.0,0.8,49.257960094280094,0.9810764386232242,0.794194186385945,3,6,49,True,False
none,dots,,0.2,,VisualCogA_Task-2,left,Training_mean_template,late_stage,0.8,2.8,62.899753492085416,1.7944778075906822,0.1473251682388706,3,6,49,True,False
none,dots,,0.2,,VisualCogA_Task-2,right,Training_mean_template,cue_stage,0.0,0.8,87.82290746095246,1.2447581919835802,0.7458025461087507,3,6,41,True,False
none,dots,,0.2,,VisualCogA_Task-2,right,Training_mean_template,late_stage,0.8,2.8,194.89514998948022,4.505420300193029,-0.5400529536959167,3,6,41,True,False
none,dots,,0.2,,VisualCogA_Task-2,left,Q2_visual_only,cue_stage,0.0,0.8,55.22558945580959,1.0999343968055526,0.2980919289349886,3,6,49,True,False
none,dots,,0.2,,VisualCogA_Task-2,left,Q2_visual_only,late_stage,0.8,2.8,62.52234498649306,1.7837106558916431,0.02265676393178464,3,6,49,True,False
none,dots,,0.2,,VisualCogA_Task-2,right,Q2_visual_only,cue_stage,0.0,0.8,100.54844848121355,1.4251236785103831,0.07788995342206088,3,6,41,True,False
none,dots,,0.2,,VisualCogA_Task-2,right,Q2_visual_only,late_stage,0.8,2.8,199.41027836864524,4.6097971975071275,-0.5217221509874707,3,6,41,True,False
none,dots,,0.2,,VisualCogA_Task-2,left,Q2_plus_memory,cue_stage,0.0,0.8,53.687098006521715,1.0692920862220312,0.3255979792525877,3,6,49,True,False
none,dots,,0.2,,VisualCogA_Task-2,left,Q2_plus_memory,late_stage,0.8,2.8,63.122065241201746,1.8008201774412431,0.009884346753495095,3,6,49,True,False
none,dots,,0.2,,VisualCogA_Task-2,right,Q2_plus_memory,cue_stage,0.0,0.8,99.11396356254484,1.4047920030351242,0.0945434070188485,3,6,41,True,False
none,dots,,0.2,,VisualCogA_Task-2,right,Q2_plus_memory,late_stage,0.8,2.8,199.8173024185028,4.619206433278228,-0.5412677265487441,3,6,41,True,False
none,dots,,0.2,,VisualCogA_Task-2,left,Q2_plus_memory_control,cue_stage,0.0,0.8,53.68709800652169,1.0692920862220308,0.3255979792525887,3,6,49,True,False
none,dots,,0.2,,VisualCogA_Task-2,left,Q2_plus_memory_control,late_stage,0.8,2.8,63.12206524120175,1.8008201774412433,0.0098843467534951,3,6,49,True,False
none,dots,,0.2,,VisualCogA_Task-2,right,Q2_plus_memory_control,cue_stage,0.0,0.8,99.11396356254482,1.404792003035124,0.0945434070188495,3,6,41,True,False
none,dots,,0.2,,VisualCogA_Task-2,right,Q2_plus_memory_control,late_stage,0.8,2.8,199.8173024185028,4.619206433278228,-0.541267726548744,3,6,41,True,False
none,dots,,0.2,,VisualCogB_Task-1,left,Training_mean_template,cue_stage,0.0,0.8,30.33075629867405,1.1671982803593115,0.6762753600671128,3,6,43,True,False
none,dots,,0.2,,VisualCogB_Task-1,left,Training_mean_template,late_stage,0.8,2.8,47.76044260519691,1.307891646133743,0.25417606538143633,3,6,43,True,False
none,dots,,0.2,,VisualCogB_Task-1,right,Training_mean_template,cue_stage,0.0,0.8,86.7423138020746,2.5508449339678005,0.029317347683828418,3,6,45,True,False
none,dots,,0.2,,VisualCogB_Task-1,right,Training_mean_template,late_stage,0.8,2.8,111.82341068398667,1.5738089517534397,0.2328057661890107,3,6,45,True,False
none,dots,,0.2,,VisualCogB_Task-1,left,Q2_visual_only,cue_stage,0.0,0.8,53.12052372490571,2.0442017117194817,0.6397652460854809,3,6,43,True,False
none,dots,,0.2,,VisualCogB_Task-1,left,Q2_visual_only,late_stage,0.8,2.8,55.432365935355676,1.517982756809535,0.3842719525532382,3,6,43,True,False
none,dots,,0.2,,VisualCogB_Task-1,right,Q2_visual_only,cue_stage,0.0,0.8,75.30165913157758,2.214407793564769,0.22676599236358136,3,6,45,True,False
none,dots,,0.2,,VisualCogB_Task-1,right,Q2_visual_only,late_stage,0.8,2.8,78.7733474810455,1.108660509163016,0.597285244388699,3,6,45,True,False
none,dots,,0.2,,VisualCogB_Task-1,left,Q2_plus_memory,cue_stage,0.0,0.8,51.0116226662569,1.9630462777809476,0.61641815716839,3,6,43,True,False
none,dots,,0.2,,VisualCogB_Task-1,left,Q2_plus_memory,late_stage,0.8,2.8,55.54968209890973,1.5211953909875127,0.3932958065172304,3,6,43,True,False
none,dots,,0.2,,VisualCogB_Task-1,right,Q2_plus_memory,cue_stage,0.0,0.8,74.17292499563393,2.181214930401837,0.1620219171120132,3,6,45,True,False
none,dots,,0.2,,VisualCogB_Task-1,right,Q2_plus_memory,late_stage,0.8,2.8,78.47817574553262,1.1045062456075285,0.6189659032937741,3,6,45,True,False
none,dots,,0.2,,VisualCogB_Task-1,left,Q2_plus_memory_control,cue_stage,0.0,0.8,51.01162266625691,1.963046277780948,0.6164181571683904,3,6,43,True,False
none,dots,,0.2,,VisualCogB_Task-1,left,Q2_plus_memory_control,late_stage,0.8,2.8,55.54968209890971,1.5211953909875124,0.39329580651723084,3,6,43,True,False
none,dots,,0.2,,VisualCogB_Task-1,right,Q2_plus_memory_control,cue_stage,0.0,0.8,74.17292499563395,2.1812149304018376,0.16202191711201244,3,6,45,True,False
none,dots,,0.2,,VisualCogB_Task-1,right,Q2_plus_memory_control,late_stage,0.8,2.8,78.47817574553262,1.1045062456075285,0.6189659032937743,3,6,45,True,False
none,dots,,0.2,,VisualCogB_Task-2,left,Training_mean_template,cue_stage,0.0,0.8,63.2138714343876,1.2292311223231638,0.9634197574214081,3,6,44,True,False
none,dots,,0.2,,VisualCogB_Task-2,left,Training_mean_template,late_stage,0.8,2.8,97.65021851600747,2.2596645567823304,0.6605098055625932,3,6,44,True,False
none,dots,,0.2,,VisualCogB_Task-2,right,Training_mean_template,cue_stage,0.0,0.8,74.10254107893448,1.1155363853672184,0.9298987076586458,3,6,47,True,False
none,dots,,0.2,,VisualCogB_Task-2,right,Training_mean_template,late_stage,0.8,2.8,77.11685725509513,1.4163081329371616,0.35038858443652277,3,6,47,True,False
none,dots,,0.2,,VisualCogB_Task-2,left,Q2_visual_only,cue_stage,0.0,0.8,60.043590489315754,1.167583134061042,0.4608719017077,3,6,44,True,False
none,dots,,0.2,,VisualCogB_Task-2,left,Q2_visual_only,late_stage,0.8,2.8,77.7938282637566,1.8001798576129755,0.6928901546045931,3,6,44,True,False
none,dots,,0.2,,VisualCogB_Task-2,right,Q2_visual_only,cue_stage,0.0,0.8,87.1805771951418,1.3124125642992677,0.3173099535878202,3,6,47,True,False
none,dots,,0.2,,VisualCogB_Task-2,right,Q2_visual_only,late_stage,0.8,2.8,100.42205298432006,1.8443252932035425,0.5250128264777352,3,6,47,True,False
none,dots,,0.2,,VisualCogB_Task-2,left,Q2_plus_memory,cue_stage,0.0,0.8,59.9957178463857,1.1666522222016322,0.5787962861960578,3,6,44,True,False
none,dots,,0.2,,VisualCogB_Task-2,left,Q2_plus_memory,late_stage,0.8,2.8,77.47208750931654,1.7927346497032621,0.7002819060555551,3,6,44,True,False
none,dots,,0.2,,VisualCogB_Task-2,right,Q2_plus_memory,cue_stage,0.0,0.8,87.15182230944117,1.3119796895180649,0.42648932266921835,3,6,47,True,False
none,dots,,0.2,,VisualCogB_Task-2,right,Q2_plus_memory,late_stage,0.8,2.8,100.32536484486839,1.8425495439946378,0.5114820161738056,3,6,47,True,False
none,dots,,0.2,,VisualCogB_Task-2,left,Q2_plus_memory_control,cue_stage,0.0,0.8,59.99571784638572,1.1666522222016327,0.5787962861960577,3,6,44,True,False
none,dots,,0.2,,VisualCogB_Task-2,left,Q2_plus_memory_control,late_stage,0.8,2.8,77.47208750931654,1.7927346497032621,0.700281906055555,3,6,44,True,False
none,dots,,0.2,,VisualCogB_Task-2,right,Q2_plus_memory_control,cue_stage,0.0,0.8,87.15182230944117,1.3119796895180649,0.42648932266921785,3,6,47,True,False
none,dots,,0.2,,VisualCogB_Task-2,right,Q2_plus_memory_control,late_stage,0.8,2.8,100.32536484486839,1.8425495439946378,0.5114820161738055,3,6,47,True,False
none,dots,2.0,0.2,-1.0,VisualCogA_Task-1,left,Training_mean_template,cue_stage,0.0,0.8,90.1585675739132,3.3956714746772474,-0.24359713848395168,3,6,45,True,False
none,dots,2.0,0.2,-1.0,VisualCogA_Task-1,left,Training_mean_template,late_stage,0.8,2.8,120.68295611953907,2.5989351536653182,0.4474960472766061,3,6,45,True,False
none,dots,2.0,0.2,-1.0,VisualCogA_Task-1,left,Training_mean_template,candidate_target_600ms,2.0,2.6,123.77108734607818,2.539091899948146,0.7781963163337348,3,6,45,True,False
none,dots,2.0,0.2,-1.0,VisualCogA_Task-1,right,Training_mean_template,cue_stage,0.0,0.8,78.07957539471936,13.061849097414253,0.06679067000787269,3,6,41,True,False
none,dots,2.0,0.2,-1.0,VisualCogA_Task-1,right,Training_mean_template,late_stage,0.8,2.8,155.19115609643598,4.338950443631611,0.2707080293263396,3,6,41,True,False
none,dots,2.0,0.2,-1.0,VisualCogA_Task-1,right,Training_mean_template,candidate_target_600ms,2.0,2.6,181.0119092603235,4.78005071653791,0.5878432273422676,3,6,41,True,False
none,dots,2.0,0.2,-1.0,VisualCogA_Task-1,left,Q2_visual_only,cue_stage,0.0,0.8,107.50424486402095,4.048967363996791,0.2935606053608638,3,6,45,True,False
none,dots,2.0,0.2,-1.0,VisualCogA_Task-1,left,Q2_visual_only,late_stage,0.8,2.8,132.0999565959552,2.8448028788325805,0.5720360884599256,3,6,45,True,False
none,dots,2.0,0.2,-1.0,VisualCogA_Task-1,left,Q2_visual_only,candidate_target_600ms,2.0,2.6,139.07714028484506,2.8530866774872155,0.5657619165506484,3,6,45,True,False
none,dots,2.0,0.2,-1.0,VisualCogA_Task-1,right,Q2_visual_only,cue_stage,0.0,0.8,82.20408795951481,13.751834416230302,-0.4450475591463615,3,6,41,True,False
none,dots,2.0,0.2,-1.0,VisualCogA_Task-1,right,Q2_visual_only,late_stage,0.8,2.8,116.86546751475993,3.2674121700806658,0.039988040381164616,3,6,41,True,False
none,dots,2.0,0.2,-1.0,VisualCogA_Task-1,right,Q2_visual_only,candidate_target_600ms,2.0,2.6,135.1635813060501,3.5693163853801346,0.28876769466277785,3,6,41,True,False
none,dots,2.0,0.2,-1.0,VisualCogA_Task-1,left,Q2_plus_memory,cue_stage,0.0,0.8,99.5405405678741,3.7490277771236857,-0.012468050665701096,3,6,45,True,False
none,dots,2.0,0.2,-1.0,VisualCogA_Task-1,left,Q2_plus_memory,late_stage,0.8,2.8,134.90468439949598,2.9052033356946447,0.5185342975351691,3,6,45,True,False
none,dots,2.0,0.2,-1.0,VisualCogA_Task-1,left,Q2_plus_memory,candidate_target_600ms,2.0,2.6,148.39670203370622,3.0442720686394713,0.7418038310069067,3,6,45,True,False
none,dots,2.0,0.2,-1.0,VisualCogA_Task-1,right,Q2_plus_memory,cue_stage,0.0,0.8,71.91995065735553,12.031412028444388,-0.37558220414477744,3,6,41,True,False
none,dots,2.0,0.2,-1.0,VisualCogA_Task-1,right,Q2_plus_memory,late_stage,0.8,2.8,120.44061953008237,3.367368944765006,0.014028906791429962,3,6,41,True,False
none,dots,2.0,0.2,-1.0,VisualCogA_Task-1,right,Q2_plus_memory,candidate_target_600ms,2.0,2.6,145.5613558723828,3.843894395022136,0.49906072216052333,3,6,41,True,False
none,dots,2.0,0.2,-1.0,VisualCogA_Task-1,left,Q2_plus_memory_control,cue_stage,0.0,0.8,102.33298939083599,3.854200686008402,-0.06856481146015056,3,6,45,True,False
none,dots,2.0,0.2,-1.0,VisualCogA_Task-1,left,Q2_plus_memory_control,late_stage,0.8,2.8,134.5888317835521,2.898401377130251,0.5122591367640095,3,6,45,True,False
none,dots,2.0,0.2,-1.0,VisualCogA_Task-1,left,Q2_plus_memory_control,candidate_target_600ms,2.0,2.6,151.7021573451717,3.112081562657369,0.7596579296612208,3,6,45,True,False
none,dots,2.0,0.2,-1.0,VisualCogA_Task-1,right,Q2_plus_memory_control,cue_stage,0.0,0.8,74.87968026429753,12.526542045476221,-0.3980651971299202,3,6,41,True,False
none,dots,2.0,0.2,-1.0,VisualCogA_Task-1,right,Q2_plus_memory_control,late_stage,0.8,2.8,120.20148506037746,3.3606830443599023,0.009389299536251682,3,6,41,True,False
none,dots,2.0,0.2,-1.0,VisualCogA_Task-1,right,Q2_plus_memory_control,candidate_target_600ms,2.0,2.6,148.8248261503735,3.9300741027797903,0.5304655563249552,3,6,41,True,False
none,dots,2.0,0.2,-1.0,VisualCogA_Task-2,left,Training_mean_template,cue_stage,0.0,0.8,49.257960094280094,0.9810764386232242,0.794194186385945,3,6,49,True,False
none,dots,2.0,0.2,-1.0,VisualCogA_Task-2,left,Training_mean_template,late_stage,0.8,2.8,62.899753492085416,1.7944778075906822,0.1473251682388706,3,6,49,True,False
none,dots,2.0,0.2,-1.0,VisualCogA_Task-2,left,Training_mean_template,candidate_target_600ms,2.0,2.6,67.0947544804307,2.9655845515905295,-0.2928105149771848,3,6,49,True,False
none,dots,2.0,0.2,-1.0,VisualCogA_Task-2,right,Training_mean_template,cue_stage,0.0,0.8,87.82290746095246,1.2447581919835802,0.7458025461087507,3,6,41,True,False
none,dots,2.0,0.2,-1.0,VisualCogA_Task-2,right,Training_mean_template,late_stage,0.8,2.8,194.89514998948022,4.505420300193029,-0.5400529536959167,3,6,41,True,False
none,dots,2.0,0.2,-1.0,VisualCogA_Task-2,right,Training_mean_template,candidate_target_600ms,2.0,2.6,228.782923459446,6.993403983879156,-0.7921873847337788,3,6,41,True,False
none,dots,2.0,0.2,-1.0,VisualCogA_Task-2,left,Q2_visual_only,cue_stage,0.0,0.8,63.386266406441344,1.2624715352529512,0.11100492849186618,3,6,49,True,False
none,dots,2.0,0.2,-1.0,VisualCogA_Task-2,left,Q2_visual_only,late_stage,0.8,2.8,59.23892418789179,1.690037383279962,0.08159295524422394,3,6,49,True,False
none,dots,2.0,0.2,-1.0,VisualCogA_Task-2,left,Q2_visual_only,candidate_target_600ms,2.0,2.6,53.923758633695186,2.3834272411627184,-0.11029181528283448,3,6,49,True,False
none,dots,2.0,0.2,-1.0,VisualCogA_Task-2,right,Q2_visual_only,cue_stage,0.0,0.8,110.26139130384595,1.5627900971735929,-0.14739504214136576,3,6,41,True,False
none,dots,2.0,0.2,-1.0,VisualCogA_Task-2,right,Q2_visual_only,late_stage,0.8,2.8,196.3393780435036,4.53880673588964,-0.41464678829360224,3,6,41,True,False
none,dots,2.0,0.2,-1.0,VisualCogA_Task-2,right,Q2_visual_only,candidate_target_600ms,2.0,2.6,221.71481992331718,6.7773471965953975,-0.658486171324811,3,6,41,True,False
none,dots,2.0,0.2,-1.0,VisualCogA_Task-2,left,Q2_plus_memory,cue_stage,0.0,0.8,56.12668351466887,1.1178815904862927,0.2402578114778475,3,6,49,True,False
none,dots,2.0,0.2,-1.0,VisualCogA_Task-2,left,Q2_plus_memory,late_stage,0.8,2.8,63.904705734724786,1.8231482617178474,-0.0013807523419977316,3,6,49,True,False
none,dots,2.0,0.2,-1.0,VisualCogA_Task-2,left,Q2_plus_memory,candidate_target_600ms,2.0,2.6,69.63872721063059,3.078028009902145,-0.268574066074514,3,6,49,True,False
none,dots,2.0,0.2,-1.0,VisualCogA_Task-2,right,Q2_plus_memory,cue_stage,0.0,0.8,102.1700502692067,1.4481074553870157,-0.014907790816597382,3,6,41,True,False
none,dots,2.0,0.2,-1.0,VisualCogA_Task-2,right,Q2_plus_memory,late_stage,0.8,2.8,199.4692731181308,4.611160987944967,-0.5065484942003935,3,6,41,True,False
none,dots,2.0,0.2,-1.0,VisualCogA_Task-2,right,Q2_plus_memory,candidate_target_600ms,2.0,2.6,231.78600339651803,7.085201705834351,-0.7638165068593186,3,6,41,True,False
none,dots,2.0,0.2,-1.0,VisualCogA_Task-2,left,Q2_plus_memory_control,cue_stage,0.0,0.8,53.87331535378892,1.0730009984773723,0.31977161414757105,3,6,49,True,False
none,dots,2.0,0.2,-1.0,VisualCogA_Task-2,left,Q2_plus_memory_control,late_stage,0.8,2.8,64.56930754935813,1.842108800369149,-0.01223724218049325,3,6,49,True,False
none,dots,2.0,0.2,-1.0,VisualCogA_Task-2,left,Q2_plus_memory_control,candidate_target_600ms,2.0,2.6,69.48485120417125,3.071226698664776,-0.3069900375020644,3,6,49,True,False
none,dots,2.0,0.2,-1.0,VisualCogA_Task-2,right,Q2_plus_memory_control,cue_stage,0.0,0.8,99.62586367601439,1.4120474205354143,0.06516344993258888,3,6,41,True,False
none,dots,2.0,0.2,-1.0,VisualCogA_Task-2,right,Q2_plus_memory_control,late_stage,0.8,2.8,199.91941372846068,4.621566955686243,-0.49603535259462356,3,6,41,True,False
none,dots,2.0,0.2,-1.0,VisualCogA_Task-2,right,Q2_plus_memory_control,candidate_target_600ms,2.0,2.6,229.92766346702012,7.02839623421157,-0.7807977604165027,3,6,41,True,False
none,dots,2.0,0.2,-1.0,VisualCogB_Task-1,left,Training_mean_template,cue_stage,0.0,0.8,30.33075629867405,1.1671982803593115,0.6762753600671128,3,6,43,True,False
none,dots,2.0,0.2,-1.0,VisualCogB_Task-1,left,Training_mean_template,late_stage,0.8,2.8,47.76044260519691,1.307891646133743,0.25417606538143633,3,6,43,True,False
none,dots,2.0,0.2,-1.0,VisualCogB_Task-1,left,Training_mean_template,candidate_target_600ms,2.0,2.6,49.74881535357403,1.2446273309279592,0.8092864900009278,3,6,43,True,False
none,dots,2.0,0.2,-1.0,VisualCogB_Task-1,right,Training_mean_template,cue_stage,0.0,0.8,86.7423138020746,2.5508449339678005,0.029317347683828418,3,6,45,True,False
none,dots,2.0,0.2,-1.0,VisualCogB_Task-1,right,Training_mean_template,late_stage,0.8,2.8,111.82341068398667,1.5738089517534397,0.2328057661890107,3,6,45,True,False
none,dots,2.0,0.2,-1.0,VisualCogB_Task-1,right,Training_mean_template,candidate_target_600ms,2.0,2.6,111.0310049129903,1.3396534941125766,0.4697998752769324,3,6,45,True,False
none,dots,2.0,0.2,-1.0,VisualCogB_Task-1,left,Q2_visual_only,cue_stage,0.0,0.8,51.7941367187489,1.9931592445474766,0.6111775593865902,3,6,43,True,False
none,dots,2.0,0.2,-1.0,VisualCogB_Task-1,left,Q2_visual_only,late_stage,0.8,2.8,58.43748970624707,1.6002763047993753,0.1674576220916618,3,6,43,True,False
none,dots,2.0,0.2,-1.0,VisualCogB_Task-1,left,Q2_visual_only,candidate_target_600ms,2.0,2.6,70.17782759377319,1.755725068578651,0.5311597066172418,3,6,43,True,False
none,dots,2.0,0.2,-1.0,VisualCogB_Task-1,right,Q2_visual_only,cue_stage,0.0,0.8,72.79934210156051,2.140821761103554,0.4397430092599411,3,6,45,True,False
none,dots,2.0,0.2,-1.0,VisualCogB_Task-1,right,Q2_visual_only,late_stage,0.8,2.8,79.61683349167677,1.1205317785697573,0.5315834677676097,3,6,45,True,False
none,dots,2.0,0.2,-1.0,VisualCogB_Task-1,right,Q2_visual_only,candidate_target_600ms,2.0,2.6,86.76011186285855,1.0468110875674699,0.4948086520045762,3,6,45,True,False
none,dots,2.0,0.2,-1.0,VisualCogB_Task-1,left,Q2_plus_memory,cue_stage,0.0,0.8,47.600039109614556,1.8317605814599125,0.6444816325144168,3,6,43,True,False
none,dots,2.0,0.2,-1.0,VisualCogB_Task-1,left,Q2_plus_memory,late_stage,0.8,2.8,59.06048132884939,1.6173365641765407,0.23832964651248506,3,6,43,True,False
none,dots,2.0,0.2,-1.0,VisualCogB_Task-1,left,Q2_plus_memory,candidate_target_600ms,2.0,2.6,72.94237552980648,1.824889166143445,0.6633917013174473,3,6,43,True,False
none,dots,2.0,0.2,-1.0,VisualCogB_Task-1,right,Q2_plus_memory,cue_stage,0.0,0.8,70.45698003042477,2.0719395494034085,0.23078530409897957,3,6,45,True,False
none,dots,2.0,0.2,-1.0,VisualCogB_Task-1,right,Q2_plus_memory,late_stage,0.8,2.8,79.07554384380305,1.1129136377162059,0.5612109885266964,3,6,45,True,False
none,dots,2.0,0.2,-1.0,VisualCogB_Task-1,right,Q2_plus_memory,candidate_target_600ms,2.0,2.6,85.12898590766734,1.0271306065439756,0.6130467068879053,3,6,45,True,False
none,dots,2.0,0.2,-1.0,VisualCogB_Task-1,left,Q2_plus_memory_control,cue_stage,0.0,0.8,50.135989614846736,1.9293498746392825,0.6294011618858925,3,6,43,True,False
none,dots,2.0,0.2,-1.0,VisualCogB_Task-1,left,Q2_plus_memory_control,late_stage,0.8,2.8,58.88343691703067,1.6124883070293765,0.22004798420990643,3,6,43,True,False
none,dots,2.0,0.2,-1.0,VisualCogB_Task-1,left,Q2_plus_memory_control,candidate_target_600ms,2.0,2.6,75.78961945771296,1.8961221710965264,0.7018296457160218,3,6,43,True,False
none,dots,2.0,0.2,-1.0,VisualCogB_Task-1,right,Q2_plus_memory_control,cue_stage,0.0,0.8,73.80189850433815,2.1703040957214386,0.1703995277743421,3,6,45,True,False
none,dots,2.0,0.2,-1.0,VisualCogB_Task-1,right,Q2_plus_memory_control,late_stage,0.8,2.8,78.57410725053461,1.105856390987676,0.570366345195935,3,6,45,True,False
none,dots,2.0,0.2,-1.0,VisualCogB_Task-1,right,Q2_plus_memory_control,candidate_target_600ms,2.0,2.6,87.16970534381088,1.0517530705599998,0.6297583427289488,3,6,45,True,False
none,dots,2.0,0.2,-1.0,VisualCogB_Task-2,left,Training_mean_template,cue_stage,0.0,0.8,63.2138714343876,1.2292311223231638,0.9634197574214081,3,6,44,True,False
none,dots,2.0,0.2,-1.0,VisualCogB_Task-2,left,Training_mean_template,late_stage,0.8,2.8,97.65021851600747,2.2596645567823304,0.6605098055625932,3,6,44,True,False
none,dots,2.0,0.2,-1.0,VisualCogB_Task-2,left,Training_mean_template,candidate_target_600ms,2.0,2.6,120.33419423852553,3.250046238439063,0.801596915348087,3,6,44,True,False
none,dots,2.0,0.2,-1.0,VisualCogB_Task-2,right,Training_mean_template,cue_stage,0.0,0.8,74.10254107893448,1.1155363853672184,0.9298987076586458,3,6,47,True,False
none,dots,2.0,0.2,-1.0,VisualCogB_Task-2,right,Training_mean_template,late_stage,0.8,2.8,77.11685725509513,1.4163081329371616,0.35038858443652277,3,6,47,True,False
none,dots,2.0,0.2,-1.0,VisualCogB_Task-2,right,Training_mean_template,candidate_target_600ms,2.0,2.6,68.04424122167666,1.226683950079519,0.3902052287812037,3,6,47,True,False
none,dots,2.0,0.2,-1.0,VisualCogB_Task-2,left,Q2_visual_only,cue_stage,0.0,0.8,58.94440925882539,1.1462089048462623,0.5189126064388407,3,6,44,True,False
none,dots,2.0,0.2,-1.0,VisualCogB_Task-2,left,Q2_visual_only,late_stage,0.8,2.8,77.60824989160639,1.7958855009138714,0.7110884710920301,3,6,44,True,False
none,dots,2.0,0.2,-1.0,VisualCogB_Task-2,left,Q2_visual_only,candidate_target_600ms,2.0,2.6,91.9053776311221,2.482226508869753,0.7338249227210805,3,6,44,True,False
none,dots,2.0,0.2,-1.0,VisualCogB_Task-2,right,Q2_visual_only,cue_stage,0.0,0.8,87.36573570208733,1.3151999322970533,0.2823801037366873,3,6,47,True,False
none,dots,2.0,0.2,-1.0,VisualCogB_Task-2,right,Q2_visual_only,late_stage,0.8,2.8,100.67641420376545,1.848996825169798,0.4909198757854348,3,6,47,True,False
none,dots,2.0,0.2,-1.0,VisualCogB_Task-2,right,Q2_visual_only,candidate_target_600ms,2.0,2.6,92.72715267531004,1.6716610822774511,0.5966217388554279,3,6,47,True,False
none,dots,2.0,0.2,-1.0,VisualCogB_Task-2,left,Q2_plus_memory,cue_stage,0.0,0.8,60.463643384682484,1.1757513110812183,0.6414360599959237,3,6,44,True,False
none,dots,2.0,0.2,-1.0,VisualCogB_Task-2,left,Q2_plus_memory,late_stage,0.8,2.8,76.79673743305743,1.7771067826699407,0.6694026426317462,3,6,44,True,False
none,dots,2.0,0.2,-1.0,VisualCogB_Task-2,left,Q2_plus_memory,candidate_target_600ms,2.0,2.6,88.76022954195254,2.3972807726953986,0.688422318378796,3,6,44,True,False
none,dots,2.0,0.2,-1.0,VisualCogB_Task-2,right,Q2_plus_memory,cue_stage,0.0,0.8,87.86719042933832,1.3227488096461717,0.4606099092843235,3,6,47,True,False
none,dots,2.0,0.2,-1.0,VisualCogB_Task-2,right,Q2_plus_memory,late_stage,0.8,2.8,100.28655728090553,1.841836814373431,0.4393159058236362,3,6,47,True,False
none,dots,2.0,0.2,-1.0,VisualCogB_Task-2,right,Q2_plus_memory,candidate_target_600ms,2.0,2.6,90.35151549579216,1.62883371074673,0.4951264806907216,3,6,47,True,False
none,dots,2.0,0.2,-1.0,VisualCogB_Task-2,left,Q2_plus_memory_control,cue_stage,0.0,0.8,59.24946736575837,1.1521409401836047,0.6737300485367939,3,6,44,True,False
none,dots,2.0,0.2,-1.0,VisualCogB_Task-2,left,Q2_plus_memory_control,late_stage,0.8,2.8,77.26439181444857,1.7879284894363245,0.6667256753883395,3,6,44,True,False
none,dots,2.0,0.2,-1.0,VisualCogB_Task-2,left,Q2_plus_memory_control,candidate_target_600ms,2.0,2.6,89.27625746118801,2.41121791340967,0.7086710254144196,3,6,44,True,False
none,dots,2.0,0.2,-1.0,VisualCogB_Task-2,right,Q2_plus_memory_control,cue_stage,0.0,0.8,86.60369152995052,1.303728152937016,0.5040283374197396,3,6,47,True,False
none,dots,2.0,0.2,-1.0,VisualCogB_Task-2,right,Q2_plus_memory_control,late_stage,0.8,2.8,100.73858677238238,1.850138670386421,0.4395297635475009,3,6,47,True,False
none,dots,2.0,0.2,-1.0,VisualCogB_Task-2,right,Q2_plus_memory_control,candidate_target_600ms,2.0,2.6,90.79774078247188,1.636878144595384,0.5060743718500015,3,6,47,True,False
none,dots,2.0,0.2,1.0,VisualCogA_Task-1,left,Training_mean_template,cue_stage,0.0,0.8,90.1585675739132,3.3956714746772474,-0.24359713848395168,3,6,45,True,False
none,dots,2.0,0.2,1.0,VisualCogA_Task-1,left,Training_mean_template,late_stage,0.8,2.8,120.68295611953907,2.5989351536653182,0.4474960472766061,3,6,45,True,False
none,dots,2.0,0.2,1.0,VisualCogA_Task-1,left,Training_mean_template,candidate_target_600ms,2.0,2.6,123.77108734607818,2.539091899948146,0.7781963163337348,3,6,45,True,False
none,dots,2.0,0.2,1.0,VisualCogA_Task-1,right,Training_mean_template,cue_stage,0.0,0.8,78.07957539471936,13.061849097414253,0.06679067000787269,3,6,41,True,False
none,dots,2.0,0.2,1.0,VisualCogA_Task-1,right,Training_mean_template,late_stage,0.8,2.8,155.19115609643598,4.338950443631611,0.2707080293263396,3,6,41,True,False
none,dots,2.0,0.2,1.0,VisualCogA_Task-1,right,Training_mean_template,candidate_target_600ms,2.0,2.6,181.0119092603235,4.78005071653791,0.5878432273422676,3,6,41,True,False
none,dots,2.0,0.2,1.0,VisualCogA_Task-1,left,Q2_visual_only,cue_stage,0.0,0.8,107.50424486402095,4.048967363996791,0.2935606053608638,3,6,45,True,False
none,dots,2.0,0.2,1.0,VisualCogA_Task-1,left,Q2_visual_only,late_stage,0.8,2.8,132.0999565959552,2.8448028788325805,0.5720360884599256,3,6,45,True,False
none,dots,2.0,0.2,1.0,VisualCogA_Task-1,left,Q2_visual_only,candidate_target_600ms,2.0,2.6,139.07714028484506,2.8530866774872155,0.5657619165506484,3,6,45,True,False
none,dots,2.0,0.2,1.0,VisualCogA_Task-1,right,Q2_visual_only,cue_stage,0.0,0.8,82.20408795951481,13.751834416230302,-0.4450475591463615,3,6,41,True,False
none,dots,2.0,0.2,1.0,VisualCogA_Task-1,right,Q2_visual_only,late_stage,0.8,2.8,116.86546751475993,3.2674121700806658,0.039988040381164616,3,6,41,True,False
none,dots,2.0,0.2,1.0,VisualCogA_Task-1,right,Q2_visual_only,candidate_target_600ms,2.0,2.6,135.1635813060501,3.5693163853801346,0.28876769466277785,3,6,41,True,False
none,dots,2.0,0.2,1.0,VisualCogA_Task-1,left,Q2_plus_memory,cue_stage,0.0,0.8,109.7021695918033,4.131748518383474,0.3302678586847848,3,6,45,True,False
none,dots,2.0,0.2,1.0,VisualCogA_Task-1,left,Q2_plus_memory,late_stage,0.8,2.8,132.5498656529629,2.8544917736177853,0.5352790259307747,3,6,45,True,False
none,dots,2.0,0.2,1.0,VisualCogA_Task-1,left,Q2_plus_memory,candidate_target_600ms,2.0,2.6,146.11464966273508,2.9974570909687275,0.6177088832891424,3,6,45,True,False
none,dots,2.0,0.2,1.0,VisualCogA_Task-1,right,Q2_plus_memory,cue_stage,0.0,0.8,84.18500923540296,14.083220628933224,-0.3913421759604412,3,6,41,True,False
none,dots,2.0,0.2,1.0,VisualCogA_Task-1,right,Q2_plus_memory,late_stage,0.8,2.8,117.59813700453641,3.2878966917999675,-0.005365402782794753,3,6,41,True,False
none,dots,2.0,0.2,1.0,VisualCogA_Task-1,right,Q2_plus_memory,candidate_target_600ms,2.0,2.6,142.61000346687345,3.765956903293778,0.33182766237328415,3,6,41,True,False
none,dots,2.0,0.2,1.0,VisualCogA_Task-1,left,Q2_plus_memory_control,cue_stage,0.0,0.8,105.83036232232523,3.9859233810260477,0.04592733117898311,3,6,45,True,False
none,dots,2.0,0.2,1.0,VisualCogA_Task-1,left,Q2_plus_memory_control,late_stage,0.8,2.8,134.21379554822653,2.890324885741355,0.5283415726924626,3,6,45,True,False
none,dots,2.0,0.2,1.0,VisualCogA_Task-1,left,Q2_plus_memory_control,candidate_target_600ms,2.0,2.6,151.68283249726076,3.1116851246373876,0.7331280156763401,3,6,45,True,False
none,dots,2.0,0.2,1.0,VisualCogA_Task-1,right,Q2_plus_memory_control,cue_stage,0.0,0.8,78.45705004666785,13.124996430336143,-0.37925978676382716,3,6,41,True,False
none,dots,2.0,0.2,1.0,VisualCogA_Task-1,right,Q2_plus_memory_control,late_stage,0.8,2.8,119.7432831922809,3.3478722937420318,0.03870316638232979,3,6,41,True,False
none,dots,2.0,0.2,1.0,VisualCogA_Task-1,right,Q2_plus_memory_control,candidate_target_600ms,2.0,2.6,148.8785006168563,3.931491504944207,0.503442674617365,3,6,41,True,False
none,dots,2.0,0.2,1.0,VisualCogA_Task-2,left,Training_mean_template,cue_stage,0.0,0.8,49.257960094280094,0.9810764386232242,0.794194186385945,3,6,49,True,False
none,dots,2.0,0.2,1.0,VisualCogA_Task-2,left,Training_mean_template,late_stage,0.8,2.8,62.899753492085416,1.7944778075906822,0.1473251682388706,3,6,49,True,False
none,dots,2.0,0.2,1.0,VisualCogA_Task-2,left,Training_mean_template,candidate_target_600ms,2.0,2.6,67.0947544804307,2.9655845515905295,-0.2928105149771848,3,6,49,True,False
none,dots,2.0,0.2,1.0,VisualCogA_Task-2,right,Training_mean_template,cue_stage,0.0,0.8,87.82290746095246,1.2447581919835802,0.7458025461087507,3,6,41,True,False
none,dots,2.0,0.2,1.0,VisualCogA_Task-2,right,Training_mean_template,late_stage,0.8,2.8,194.89514998948022,4.505420300193029,-0.5400529536959167,3,6,41,True,False
none,dots,2.0,0.2,1.0,VisualCogA_Task-2,right,Training_mean_template,candidate_target_600ms,2.0,2.6,228.782923459446,6.993403983879156,-0.7921873847337788,3,6,41,True,False
none,dots,2.0,0.2,1.0,VisualCogA_Task-2,left,Q2_visual_only,cue_stage,0.0,0.8,63.386266406441344,1.2624715352529512,0.11100492849186618,3,6,49,True,False
none,dots,2.0,0.2,1.0,VisualCogA_Task-2,left,Q2_visual_only,late_stage,0.8,2.8,59.23892418789179,1.690037383279962,0.08159295524422394,3,6,49,True,False
none,dots,2.0,0.2,1.0,VisualCogA_Task-2,left,Q2_visual_only,candidate_target_600ms,2.0,2.6,53.923758633695186,2.3834272411627184,-0.11029181528283448,3,6,49,True,False
none,dots,2.0,0.2,1.0,VisualCogA_Task-2,right,Q2_visual_only,cue_stage,0.0,0.8,110.26139130384595,1.5627900971735929,-0.14739504214136576,3,6,41,True,False
none,dots,2.0,0.2,1.0,VisualCogA_Task-2,right,Q2_visual_only,late_stage,0.8,2.8,196.3393780435036,4.53880673588964,-0.41464678829360224,3,6,41,True,False
none,dots,2.0,0.2,1.0,VisualCogA_Task-2,right,Q2_visual_only,candidate_target_600ms,2.0,2.6,221.71481992331718,6.7773471965953975,-0.658486171324811,3,6,41,True,False
none,dots,2.0,0.2,1.0,VisualCogA_Task-2,left,Q2_plus_memory,cue_stage,0.0,0.8,64.20103718407876,1.2786994182446305,0.08855845834817663,3,6,49,True,False
none,dots,2.0,0.2,1.0,VisualCogA_Task-2,left,Q2_plus_memory,late_stage,0.8,2.8,59.45945521423589,1.6963289505864934,0.07797338446407537,3,6,49,True,False
none,dots,2.0,0.2,1.0,VisualCogA_Task-2,left,Q2_plus_memory,candidate_target_600ms,2.0,2.6,55.98657033522364,2.4746034077984755,-0.1451747598729901,3,6,49,True,False
none,dots,2.0,0.2,1.0,VisualCogA_Task-2,right,Q2_plus_memory,cue_stage,0.0,0.8,110.70361616234085,1.5690579722784457,-0.15903266136343175,3,6,41,True,False
none,dots,2.0,0.2,1.0,VisualCogA_Task-2,right,Q2_plus_memory,late_stage,0.8,2.8,196.29101466352853,4.537688712409131,-0.3957980069023171,3,6,41,True,False
none,dots,2.0,0.2,1.0,VisualCogA_Task-2,right,Q2_plus_memory,candidate_target_600ms,2.0,2.6,221.37360756893452,6.766917065699237,-0.6769844098000052,3,6,41,True,False
none,dots,2.0,0.2,1.0,VisualCogA_Task-2,left,Q2_plus_memory_control,cue_stage,0.0,0.8,55.543986209596476,1.106275941454916,0.26701845294372345,3,6,49,True,False
none,dots,2.0,0.2,1.0,VisualCogA_Task-2,left,Q2_plus_memory_control,late_stage,0.8,2.8,64.65170102281758,1.8444594178422669,0.0008663326918206014,3,6,49,True,False
none,dots,2.0,0.2,1.0,VisualCogA_Task-2,left,Q2_plus_memory_control,candidate_target_600ms,2.0,2.6,69.91447057221015,3.0902158517034364,-0.2793848584445541,3,6,49,True,False
none,dots,2.0,0.2,1.0,VisualCogA_Task-2,right,Q2_plus_memory_control,cue_stage,0.0,0.8,101.5054183972936,1.4386872939378512,0.012019893739625618,3,6,41,True,False
none,dots,2.0,0.2,1.0,VisualCogA_Task-2,right,Q2_plus_memory_control,late_stage,0.8,2.8,200.18173719476934,4.627631126448767,-0.48437986877645756,3,6,41,True,False
none,dots,2.0,0.2,1.0,VisualCogA_Task-2,right,Q2_plus_memory_control,candidate_target_600ms,2.0,2.6,230.50406505872576,7.046015596385963,-0.7571932667511396,3,6,41,True,False
none,dots,2.0,0.2,1.0,VisualCogB_Task-1,left,Training_mean_template,cue_stage,0.0,0.8,30.33075629867405,1.1671982803593115,0.6762753600671128,3,6,43,True,False
none,dots,2.0,0.2,1.0,VisualCogB_Task-1,left,Training_mean_template,late_stage,0.8,2.8,47.76044260519691,1.307891646133743,0.25417606538143633,3,6,43,True,False
none,dots,2.0,0.2,1.0,VisualCogB_Task-1,left,Training_mean_template,candidate_target_600ms,2.0,2.6,49.74881535357403,1.2446273309279592,0.8092864900009278,3,6,43,True,False
none,dots,2.0,0.2,1.0,VisualCogB_Task-1,right,Training_mean_template,cue_stage,0.0,0.8,86.7423138020746,2.5508449339678005,0.029317347683828418,3,6,45,True,False
none,dots,2.0,0.2,1.0,VisualCogB_Task-1,right,Training_mean_template,late_stage,0.8,2.8,111.82341068398667,1.5738089517534397,0.2328057661890107,3,6,45,True,False
none,dots,2.0,0.2,1.0,VisualCogB_Task-1,right,Training_mean_template,candidate_target_600ms,2.0,2.6,111.0310049129903,1.3396534941125766,0.4697998752769324,3,6,45,True,False
none,dots,2.0,0.2,1.0,VisualCogB_Task-1,left,Q2_visual_only,cue_stage,0.0,0.8,51.7941367187489,1.9931592445474766,0.6111775593865902,3,6,43,True,False
none,dots,2.0,0.2,1.0,VisualCogB_Task-1,left,Q2_visual_only,late_stage,0.8,2.8,58.43748970624707,1.6002763047993753,0.1674576220916618,3,6,43,True,False
none,dots,2.0,0.2,1.0,VisualCogB_Task-1,left,Q2_visual_only,candidate_target_600ms,2.0,2.6,70.17782759377319,1.755725068578651,0.5311597066172418,3,6,43,True,False
none,dots,2.0,0.2,1.0,VisualCogB_Task-1,right,Q2_visual_only,cue_stage,0.0,0.8,72.79934210156051,2.140821761103554,0.4397430092599411,3,6,45,True,False
none,dots,2.0,0.2,1.0,VisualCogB_Task-1,right,Q2_visual_only,late_stage,0.8,2.8,79.61683349167677,1.1205317785697573,0.5315834677676097,3,6,45,True,False
none,dots,2.0,0.2,1.0,VisualCogB_Task-1,right,Q2_visual_only,candidate_target_600ms,2.0,2.6,86.76011186285855,1.0468110875674699,0.4948086520045762,3,6,45,True,False
none,dots,2.0,0.2,1.0,VisualCogB_Task-1,left,Q2_plus_memory,cue_stage,0.0,0.8,53.89225836091656,2.073899861385633,0.5895549175259295,3,6,43,True,False
none,dots,2.0,0.2,1.0,VisualCogB_Task-1,left,Q2_plus_memory,late_stage,0.8,2.8,59.427860632085796,1.6273970304422585,0.11319465137851718,3,6,43,True,False
none,dots,2.0,0.2,1.0,VisualCogB_Task-1,left,Q2_plus_memory,candidate_target_600ms,2.0,2.6,75.88132117562394,1.8984163858148846,0.5465620410376121,3,6,43,True,False
none,dots,2.0,0.2,1.0,VisualCogB_Task-1,right,Q2_plus_memory,cue_stage,0.0,0.8,74.49307843562914,2.1906297332207654,0.4238783350741097,3,6,45,True,False
none,dots,2.0,0.2,1.0,VisualCogB_Task-1,right,Q2_plus_memory,late_stage,0.8,2.8,79.67223538712388,1.1213115079525888,0.5222387880518423,3,6,45,True,False
none,dots,2.0,0.2,1.0,VisualCogB_Task-1,right,Q2_plus_memory,candidate_target_600ms,2.0,2.6,89.62713067427077,1.081403332962391,0.5143350430120819,3,6,45,True,False
none,dots,2.0,0.2,1.0,VisualCogB_Task-1,left,Q2_plus_memory_control,cue_stage,0.0,0.8,52.63347439241589,2.0254589168569246,0.6656353122649414,3,6,43,True,False
none,dots,2.0,0.2,1.0,VisualCogB_Task-1,left,Q2_plus_memory_control,late_stage,0.8,2.8,58.66309772524228,1.6064544477823406,0.21857618287185365,3,6,43,True,False
none,dots,2.0,0.2,1.0,VisualCogB_Task-1,left,Q2_plus_memory_control,candidate_target_600ms,2.0,2.6,75.9348591979436,1.899755812399202,0.6673870252865787,3,6,43,True,False
none,dots,2.0,0.2,1.0,VisualCogB_Task-1,right,Q2_plus_memory_control,cue_stage,0.0,0.8,75.67335375413083,2.2253382760866725,0.2168880489842173,3,6,45,True,False
none,dots,2.0,0.2,1.0,VisualCogB_Task-1,right,Q2_plus_memory_control,late_stage,0.8,2.8,78.34447161740111,1.1026244862115966,0.5701100661969187,3,6,45,True,False
none,dots,2.0,0.2,1.0,VisualCogB_Task-1,right,Q2_plus_memory_control,candidate_target_600ms,2.0,2.6,87.05636745054018,1.0503855831194022,0.6168837032511375,3,6,45,True,False
none,dots,2.0,0.2,1.0,VisualCogB_Task-2,left,Training_mean_template,cue_stage,0.0,0.8,63.2138714343876,1.2292311223231638,0.9634197574214081,3,6,44,True,False
none,dots,2.0,0.2,1.0,VisualCogB_Task-2,left,Training_mean_template,late_stage,0.8,2.8,97.65021851600747,2.2596645567823304,0.6605098055625932,3,6,44,True,False
none,dots,2.0,0.2,1.0,VisualCogB_Task-2,left,Training_mean_template,candidate_target_600ms,2.0,2.6,120.33419423852553,3.250046238439063,0.801596915348087,3,6,44,True,False
none,dots,2.0,0.2,1.0,VisualCogB_Task-2,right,Training_mean_template,cue_stage,0.0,0.8,74.10254107893448,1.1155363853672184,0.9298987076586458,3,6,47,True,False
none,dots,2.0,0.2,1.0,VisualCogB_Task-2,right,Training_mean_template,late_stage,0.8,2.8,77.11685725509513,1.4163081329371616,0.35038858443652277,3,6,47,True,False
none,dots,2.0,0.2,1.0,VisualCogB_Task-2,right,Training_mean_template,candidate_target_600ms,2.0,2.6,68.04424122167666,1.226683950079519,0.3902052287812037,3,6,47,True,False
none,dots,2.0,0.2,1.0,VisualCogB_Task-2,left,Q2_visual_only,cue_stage,0.0,0.8,58.94440925882539,1.1462089048462623,0.5189126064388407,3,6,44,True,False
none,dots,2.0,0.2,1.0,VisualCogB_Task-2,left,Q2_visual_only,late_stage,0.8,2.8,77.60824989160639,1.7958855009138714,0.7110884710920301,3,6,44,True,False
none,dots,2.0,0.2,1.0,VisualCogB_Task-2,left,Q2_visual_only,candidate_target_600ms,2.0,2.6,91.9053776311221,2.482226508869753,0.7338249227210805,3,6,44,True,False
none,dots,2.0,0.2,1.0,VisualCogB_Task-2,right,Q2_visual_only,cue_stage,0.0,0.8,87.36573570208733,1.3151999322970533,0.2823801037366873,3,6,47,True,False
none,dots,2.0,0.2,1.0,VisualCogB_Task-2,right,Q2_visual_only,late_stage,0.8,2.8,100.67641420376545,1.848996825169798,0.4909198757854348,3,6,47,True,False
none,dots,2.0,0.2,1.0,VisualCogB_Task-2,right,Q2_visual_only,candidate_target_600ms,2.0,2.6,92.72715267531004,1.6716610822774511,0.5966217388554279,3,6,47,True,False
none,dots,2.0,0.2,1.0,VisualCogB_Task-2,left,Q2_plus_memory,cue_stage,0.0,0.8,59.017485468192916,1.1476299149634672,0.4670301467593274,3,6,44,True,False
none,dots,2.0,0.2,1.0,VisualCogB_Task-2,left,Q2_plus_memory,late_stage,0.8,2.8,77.20902863958739,1.7866473637421278,0.7357196324144688,3,6,44,True,False
none,dots,2.0,0.2,1.0,VisualCogB_Task-2,left,Q2_plus_memory,candidate_target_600ms,2.0,2.6,88.59611083364352,2.3928481723528896,0.753015224731359,3,6,44,True,False
none,dots,2.0,0.2,1.0,VisualCogB_Task-2,right,Q2_plus_memory,cue_stage,0.0,0.8,87.39389582801284,1.3156238535908316,0.24063855940678197,3,6,47,True,False
none,dots,2.0,0.2,1.0,VisualCogB_Task-2,right,Q2_plus_memory,late_stage,0.8,2.8,100.59331300731053,1.8474706102203662,0.4854277008438139,3,6,47,True,False
none,dots,2.0,0.2,1.0,VisualCogB_Task-2,right,Q2_plus_memory,candidate_target_600ms,2.0,2.6,89.76585857115035,1.6182756394564561,0.5887421206356802,3,6,47,True,False
none,dots,2.0,0.2,1.0,VisualCogB_Task-2,left,Q2_plus_memory_control,cue_stage,0.0,0.8,58.048078109177155,1.1287792154433767,0.621869394557948,3,6,44,True,False
none,dots,2.0,0.2,1.0,VisualCogB_Task-2,left,Q2_plus_memory_control,late_stage,0.8,2.8,77.41493699291955,1.7914121642212362,0.6713495412443272,3,6,44,True,False
none,dots,2.0,0.2,1.0,VisualCogB_Task-2,left,Q2_plus_memory_control,candidate_target_600ms,2.0,2.6,89.0608016306041,2.405398774334778,0.6982767057899028,3,6,44,True,False
none,dots,2.0,0.2,1.0,VisualCogB_Task-2,right,Q2_plus_memory_control,cue_stage,0.0,0.8,85.5156399443093,1.287348672351507,0.42269143744129506,3,6,47,True,False
none,dots,2.0,0.2,1.0,VisualCogB_Task-2,right,Q2_plus_memory_control,late_stage,0.8,2.8,100.76248673175424,1.8505776108209784,0.45495289954446594,3,6,47,True,False
none,dots,2.0,0.2,1.0,VisualCogB_Task-2,right,Q2_plus_memory_control,candidate_target_600ms,2.0,2.6,90.61166557718705,1.6335236290076942,0.49921690176808386,3,6,47,True,False
none,inward,2.0,0.2,-1.0,VisualCogA_Task-1,left,Training_mean_template,cue_stage,0.0,0.8,90.1585675739132,3.3956714746772474,-0.24359713848395168,3,6,45,True,False
none,inward,2.0,0.2,-1.0,VisualCogA_Task-1,left,Training_mean_template,late_stage,0.8,2.8,120.68295611953907,2.5989351536653182,0.4474960472766061,3,6,45,True,False
none,inward,2.0,0.2,-1.0,VisualCogA_Task-1,left,Training_mean_template,candidate_target_600ms,2.0,2.6,123.77108734607818,2.539091899948146,0.7781963163337348,3,6,45,True,False
none,inward,2.0,0.2,-1.0,VisualCogA_Task-1,right,Training_mean_template,cue_stage,0.0,0.8,78.07957539471936,13.061849097414253,0.06679067000787269,3,6,41,True,False
none,inward,2.0,0.2,-1.0,VisualCogA_Task-1,right,Training_mean_template,late_stage,0.8,2.8,155.19115609643598,4.338950443631611,0.2707080293263396,3,6,41,True,False
none,inward,2.0,0.2,-1.0,VisualCogA_Task-1,right,Training_mean_template,candidate_target_600ms,2.0,2.6,181.0119092603235,4.78005071653791,0.5878432273422676,3,6,41,True,False
none,inward,2.0,0.2,-1.0,VisualCogA_Task-1,left,Q2_visual_only,cue_stage,0.0,0.8,107.4438787294895,4.046693774624412,0.2963882457976698,3,6,45,True,False
none,inward,2.0,0.2,-1.0,VisualCogA_Task-1,left,Q2_visual_only,late_stage,0.8,2.8,132.30497172280138,2.8492179266349056,0.5706310371956644,3,6,45,True,False
none,inward,2.0,0.2,-1.0,VisualCogA_Task-1,left,Q2_visual_only,candidate_target_600ms,2.0,2.6,140.33299168703493,2.8788497388871916,0.5532816818431234,3,6,45,True,False
none,inward,2.0,0.2,-1.0,VisualCogA_Task-1,right,Q2_visual_only,cue_stage,0.0,0.8,82.1404934968013,13.741195766222337,-0.44446394398952255,3,6,41,True,False
none,inward,2.0,0.2,-1.0,VisualCogA_Task-1,right,Q2_visual_only,late_stage,0.8,2.8,117.08936416875166,3.273672040234358,0.03509069124274166,3,6,41,True,False
none,inward,2.0,0.2,-1.0,VisualCogA_Task-1,right,Q2_visual_only,candidate_target_600ms,2.0,2.6,136.50877078624805,3.6048393184566097,0.27337952840006413,3,6,41,True,False
none,inward,2.0,0.2,-1.0,VisualCogA_Task-1,left,Q2_plus_memory,cue_stage,0.0,0.8,99.51415423426619,3.7480339800529827,-0.011015193255901857,3,6,45,True,False
none,inward,2.0,0.2,-1.0,VisualCogA_Task-1,left,Q2_plus_memory,late_stage,0.8,2.8,135.09673942644335,2.90933928477164,0.5174121127131205,3,6,45,True,False
none,inward,2.0,0.2,-1.0,VisualCogA_Task-1,left,Q2_plus_memory,candidate_target_600ms,2.0,2.6,149.5659381321094,3.068258267437914,0.7322668107143198,3,6,45,True,False
none,inward,2.0,0.2,-1.0,VisualCogA_Task-1,right,Q2_plus_memory,cue_stage,0.0,0.8,71.86948992016653,12.022970505406192,-0.37408492921112374,3,6,41,True,False
none,inward,2.0,0.2,-1.0,VisualCogA_Task-1,right,Q2_plus_memory,late_stage,0.8,2.8,120.64287150677865,3.3730236568380727,0.011645314125020423,3,6,41,True,False
none,inward,2.0,0.2,-1.0,VisualCogA_Task-1,right,Q2_plus_memory,candidate_target_600ms,2.0,2.6,146.80095126339074,3.876628864600506,0.48542695892395304,3,6,41,True,False
none,inward,2.0,0.2,-1.0,VisualCogA_Task-1,left,Q2_plus_memory_control,cue_stage,0.0,0.8,102.29849130702792,3.852901373449759,-0.06888762156150517,3,6,45,True,False
none,inward,2.0,0.2,-1.0,VisualCogA_Task-1,left,Q2_plus_memory_control,late_stage,0.8,2.8,134.68490912958245,2.9004704248242916,0.5134233874419287,3,6,45,True,False
none,inward,2.0,0.2,-1.0,VisualCogA_Task-1,left,Q2_plus_memory_control,candidate_target_600ms,2.0,2.6,152.24816546881314,3.123282601880426,0.7587629106490106,3,6,45,True,False
none,inward,2.0,0.2,-1.0,VisualCogA_Task-1,right,Q2_plus_memory_control,cue_stage,0.0,0.8,74.84768823715493,12.52119013329247,-0.39782884427054305,3,6,41,True,False
none,inward,2.0,0.2,-1.0,VisualCogA_Task-1,right,Q2_plus_memory_control,late_stage,0.8,2.8,120.29910304617972,3.363412321036854,0.008911210725403781,3,6,41,True,False
none,inward,2.0,0.2,-1.0,VisualCogA_Task-1,right,Q2_plus_memory_control,candidate_target_600ms,2.0,2.6,149.42376084162132,3.9458904002364465,0.5257894236528605,3,6,41,True,False
none,inward,2.0,0.2,-1.0,VisualCogA_Task-2,left,Training_mean_template,cue_stage,0.0,0.8,49.257960094280094,0.9810764386232242,0.794194186385945,3,6,49,True,False
none,inward,2.0,0.2,-1.0,VisualCogA_Task-2,left,Training_mean_template,late_stage,0.8,2.8,62.899753492085416,1.7944778075906822,0.1473251682388706,3,6,49,True,False
none,inward,2.0,0.2,-1.0,VisualCogA_Task-2,left,Training_mean_template,candidate_target_600ms,2.0,2.6,67.0947544804307,2.9655845515905295,-0.2928105149771848,3,6,49,True,False
none,inward,2.0,0.2,-1.0,VisualCogA_Task-2,right,Training_mean_template,cue_stage,0.0,0.8,87.82290746095246,1.2447581919835802,0.7458025461087507,3,6,41,True,False
none,inward,2.0,0.2,-1.0,VisualCogA_Task-2,right,Training_mean_template,late_stage,0.8,2.8,194.89514998948022,4.505420300193029,-0.5400529536959167,3,6,41,True,False
none,inward,2.0,0.2,-1.0,VisualCogA_Task-2,right,Training_mean_template,candidate_target_600ms,2.0,2.6,228.782923459446,6.993403983879156,-0.7921873847337788,3,6,41,True,False
none,inward,2.0,0.2,-1.0,VisualCogA_Task-2,left,Q2_visual_only,cue_stage,0.0,0.8,63.38464748700136,1.2624392910488558,0.11116836255577191,3,6,49,True,False
none,inward,2.0,0.2,-1.0,VisualCogA_Task-2,left,Q2_visual_only,late_stage,0.8,2.8,59.21433704649788,1.689335932524849,0.08055872127619794,3,6,49,True,False
none,inward,2.0,0.2,-1.0,VisualCogA_Task-2,left,Q2_visual_only,candidate_target_600ms,2.0,2.6,53.55510299004101,2.3671326814740565,-0.0971716272754316,3,6,49,True,False
none,inward,2.0,0.2,-1.0,VisualCogA_Task-2,right,Q2_visual_only,cue_stage,0.0,0.8,110.25683383105337,1.5627255018219093,-0.14715866855688528,3,6,41,True,False
none,inward,2.0,0.2,-1.0,VisualCogA_Task-2,right,Q2_visual_only,late_stage,0.8,2.8,196.25876117336202,4.5369431036581895,-0.41252801454424765,3,6,41,True,False
none,inward,2.0,0.2,-1.0,VisualCogA_Task-2,right,Q2_visual_only,candidate_target_600ms,2.0,2.6,221.2185292841321,6.76217665466527,-0.6498653555370227,3,6,41,True,False
none,inward,2.0,0.2,-1.0,VisualCogA_Task-2,left,Q2_plus_memory,cue_stage,0.0,0.8,56.0588714993585,1.116530970802708,0.24226996626121328,3,6,49,True,False
none,inward,2.0,0.2,-1.0,VisualCogA_Task-2,left,Q2_plus_memory,late_stage,0.8,2.8,63.87639509364708,1.8223405826044627,-0.0014743974803637246,3,6,49,True,False
none,inward,2.0,0.2,-1.0,VisualCogA_Task-2,left,Q2_plus_memory,candidate_target_600ms,2.0,2.6,69.33161457191113,3.0644536477327406,-0.25835645258087786,3,6,49,True,False
none,inward,2.0,0.2,-1.0,VisualCogA_Task-2,right,Q2_plus_memory,cue_stage,0.0,0.8,102.08552274276468,1.4469094042858996,-0.012525473060465397,3,6,41,True,False
none,inward,2.0,0.2,-1.0,VisualCogA_Task-2,right,Q2_plus_memory,late_stage,0.8,2.8,199.40369681802252,4.60964505081808,-0.5049660147337989,3,6,41,True,False
none,inward,2.0,0.2,-1.0,VisualCogA_Task-2,right,Q2_plus_memory,candidate_target_600ms,2.0,2.6,231.3295274047286,7.071248212403749,-0.7579859613926239,3,6,41,True,False
none,inward,2.0,0.2,-1.0,VisualCogA_Task-2,left,Q2_plus_memory_control,cue_stage,0.0,0.8,53.782838668068095,1.071198963954718,0.32432274200015787,3,6,49,True,False
none,inward,2.0,0.2,-1.0,VisualCogA_Task-2,left,Q2_plus_memory_control,late_stage,0.8,2.8,64.55125685828158,1.841593829121247,-0.012007346363163078,3,6,49,True,False
none,inward,2.0,0.2,-1.0,VisualCogA_Task-2,left,Q2_plus_memory_control,candidate_target_600ms,2.0,2.6,69.52951686354224,3.073200918414784,-0.30420471023734574,3,6,49,True,False
none,inward,2.0,0.2,-1.0,VisualCogA_Task-2,right,Q2_plus_memory_control,cue_stage,0.0,0.8,99.54013089395046,1.4108322867408167,0.06957708125984904,3,6,41,True,False
none,inward,2.0,0.2,-1.0,VisualCogA_Task-2,right,Q2_plus_memory_control,late_stage,0.8,2.8,199.88608530469133,4.620796497534606,-0.4952788374241219,3,6,41,True,False
none,inward,2.0,0.2,-1.0,VisualCogA_Task-2,right,Q2_plus_memory_control,candidate_target_600ms,2.0,2.6,229.84034504331532,7.025727097009503,-0.7792213171841194,3,6,41,True,False
none,inward,2.0,0.2,-1.0,VisualCogB_Task-1,left,Training_mean_template,cue_stage,0.0,0.8,30.33075629867405,1.1671982803593115,0.6762753600671128,3,6,43,True,False
none,inward,2.0,0.2,-1.0,VisualCogB_Task-1,left,Training_mean_template,late_stage,0.8,2.8,47.76044260519691,1.307891646133743,0.25417606538143633,3,6,43,True,False
none,inward,2.0,0.2,-1.0,VisualCogB_Task-1,left,Training_mean_template,candidate_target_600ms,2.0,2.6,49.74881535357403,1.2446273309279592,0.8092864900009278,3,6,43,True,False
none,inward,2.0,0.2,-1.0,VisualCogB_Task-1,right,Training_mean_template,cue_stage,0.0,0.8,86.7423138020746,2.5508449339678005,0.029317347683828418,3,6,45,True,False
none,inward,2.0,0.2,-1.0,VisualCogB_Task-1,right,Training_mean_template,late_stage,0.8,2.8,111.82341068398667,1.5738089517534397,0.2328057661890107,3,6,45,True,False
none,inward,2.0,0.2,-1.0,VisualCogB_Task-1,right,Training_mean_template,candidate_target_600ms,2.0,2.6,111.0310049129903,1.3396534941125766,0.4697998752769324,3,6,45,True,False
none,inward,2.0,0.2,-1.0,VisualCogB_Task-1,left,Q2_visual_only,cue_stage,0.0,0.8,51.76962375836735,1.9922159286300587,0.610076753748212,3,6,43,True,False
none,inward,2.0,0.2,-1.0,VisualCogB_Task-1,left,Q2_visual_only,late_stage,0.8,2.8,58.64059831458649,1.6058383146471666,0.16270857636288577,3,6,43,True,False
none,inward,2.0,0.2,-1.0,VisualCogB_Task-1,left,Q2_visual_only,candidate_target_600ms,2.0,2.6,71.5071435454407,1.7889822014998076,0.5021385891552587,3,6,43,True,False
none,inward,2.0,0.2,-1.0,VisualCogB_Task-1,right,Q2_visual_only,cue_stage,0.0,0.8,72.74011729463643,2.1390801278442404,0.44126391454014763,3,6,45,True,False
none,inward,2.0,0.2,-1.0,VisualCogB_Task-1,right,Q2_visual_only,late_stage,0.8,2.8,79.73682421545692,1.1222205347439562,0.5313913077527694,3,6,45,True,False
none,inward,2.0,0.2,-1.0,VisualCogB_Task-1,right,Q2_visual_only,candidate_target_600ms,2.0,2.6,87.48100908627366,1.0555091308302587,0.47783978227462104,3,6,45,True,False
none,inward,2.0,0.2,-1.0,VisualCogB_Task-1,left,Q2_plus_memory,cue_stage,0.0,0.8,47.630484824566174,1.8329322036174975,0.6443675613927969,3,6,43,True,False
none,inward,2.0,0.2,-1.0,VisualCogB_Task-1,left,Q2_plus_memory,late_stage,0.8,2.8,59.238982829873805,1.6222247228550946,0.23524002009582057,3,6,43,True,False
none,inward,2.0,0.2,-1.0,VisualCogB_Task-1,left,Q2_plus_memory,candidate_target_600ms,2.0,2.6,74.21186998651211,1.8566496711132152,0.6428020473227949,3,6,43,True,False
none,inward,2.0,0.2,-1.0,VisualCogB_Task-1,right,Q2_plus_memory,cue_stage,0.0,0.8,70.46396510016986,2.072144960453583,0.22973808585324101,3,6,45,True,False
none,inward,2.0,0.2,-1.0,VisualCogB_Task-1,right,Q2_plus_memory,late_stage,0.8,2.8,79.19291718937595,1.114565556762763,0.5607589615002955,3,6,45,True,False
none,inward,2.0,0.2,-1.0,VisualCogB_Task-1,right,Q2_plus_memory,candidate_target_600ms,2.0,2.6,85.88040638547088,1.0361969305804561,0.6014620821307841,3,6,45,True,False
none,inward,2.0,0.2,-1.0,VisualCogB_Task-1,left,Q2_plus_memory_control,cue_stage,0.0,0.8,50.12779832960802,1.9290346548686175,0.626690758300927,3,6,43,True,False
none,inward,2.0,0.2,-1.0,VisualCogB_Task-1,left,Q2_plus_memory_control,late_stage,0.8,2.8,58.952503983634166,1.6143796680492144,0.2199551589135414,3,6,43,True,False
none,inward,2.0,0.2,-1.0,VisualCogB_Task-1,left,Q2_plus_memory_control,candidate_target_600ms,2.0,2.6,76.31811509258526,1.9093441967219251,0.6957700517101598,3,6,43,True,False
none,inward,2.0,0.2,-1.0,VisualCogB_Task-1,right,Q2_plus_memory_control,cue_stage,0.0,0.8,73.78839787774699,2.1699070806611296,0.1698461257527045,3,6,45,True,False
none,inward,2.0,0.2,-1.0,VisualCogB_Task-1,right,Q2_plus_memory_control,late_stage,0.8,2.8,78.62617823638594,1.1065892409620972,0.5718366598538264,3,6,45,True,False
none,inward,2.0,0.2,-1.0,VisualCogB_Task-1,right,Q2_plus_memory_control,candidate_target_600ms,2.0,2.6,87.42425015429642,1.0548243013846006,0.6292920721799264,3,6,45,True,False
none,inward,2.0,0.2,-1.0,VisualCogB_Task-2,left,Training_mean_template,cue_stage,0.0,0.8,63.2138714343876,1.2292311223231638,0.9634197574214081,3,6,44,True,False
none,inward,2.0,0.2,-1.0,VisualCogB_Task-2,left,Training_mean_template,late_stage,0.8,2.8,97.65021851600747,2.2596645567823304,0.6605098055625932,3,6,44,True,False
none,inward,2.0,0.2,-1.0,VisualCogB_Task-2,left,Training_mean_template,candidate_target_600ms,2.0,2.6,120.33419423852553,3.250046238439063,0.801596915348087,3,6,44,True,False
none,inward,2.0,0.2,-1.0,VisualCogB_Task-2,right,Training_mean_template,cue_stage,0.0,0.8,74.10254107893448,1.1155363853672184,0.9298987076586458,3,6,47,True,False
none,inward,2.0,0.2,-1.0,VisualCogB_Task-2,right,Training_mean_template,late_stage,0.8,2.8,77.11685725509513,1.4163081329371616,0.35038858443652277,3,6,47,True,False
none,inward,2.0,0.2,-1.0,VisualCogB_Task-2,right,Training_mean_template,candidate_target_600ms,2.0,2.6,68.04424122167666,1.226683950079519,0.3902052287812037,3,6,47,True,False
none,inward,2.0,0.2,-1.0,VisualCogB_Task-2,left,Q2_visual_only,cue_stage,0.0,0.8,59.09728441937648,1.1491816527719227,0.5133399970844792,3,6,44,True,False
none,inward,2.0,0.2,-1.0,VisualCogB_Task-2,left,Q2_visual_only,late_stage,0.8,2.8,77.43773679289265,1.7919397605818372,0.7159819053998524,3,6,44,True,False
none,inward,2.0,0.2,-1.0,VisualCogB_Task-2,left,Q2_visual_only,candidate_target_600ms,2.0,2.6,91.20480712800527,2.4633051495435505,0.719490363265481,3,6,44,True,False
none,inward,2.0,0.2,-1.0,VisualCogB_Task-2,right,Q2_visual_only,cue_stage,0.0,0.8,87.53291259325513,1.3177166058439376,0.2759788376994561,3,6,47,True,False
none,inward,2.0,0.2,-1.0,VisualCogB_Task-2,right,Q2_visual_only,late_stage,0.8,2.8,100.54278206513942,1.8465425720856536,0.4915448401575719,3,6,47,True,False
none,inward,2.0,0.2,-1.0,VisualCogB_Task-2,right,Q2_visual_only,candidate_target_600ms,2.0,2.6,92.08364899065303,1.6600601645860606,0.5868912953088048,3,6,47,True,False
none,inward,2.0,0.2,-1.0,VisualCogB_Task-2,left,Q2_plus_memory,cue_stage,0.0,0.8,60.59253565885817,1.1782576975949475,0.63717684403339,3,6,44,True,False
none,inward,2.0,0.2,-1.0,VisualCogB_Task-2,left,Q2_plus_memory,late_stage,0.8,2.8,76.6452757436739,1.773601899461162,0.6718627972646701,3,6,44,True,False
none,inward,2.0,0.2,-1.0,VisualCogB_Task-2,left,Q2_plus_memory,candidate_target_600ms,2.0,2.6,88.13223624310945,2.380319614883312,0.6825825438100401,3,6,44,True,False
none,inward,2.0,0.2,-1.0,VisualCogB_Task-2,right,Q2_plus_memory,cue_stage,0.0,0.8,88.00508252017646,1.3248246311003975,0.4547425337880792,3,6,47,True,False
none,inward,2.0,0.2,-1.0,VisualCogB_Task-2,right,Q2_plus_memory,late_stage,0.8,2.8,100.16192077419561,1.8395477727242076,0.43948389052776293,3,6,47,True,False
none,inward,2.0,0.2,-1.0,VisualCogB_Task-2,right,Q2_plus_memory,candidate_target_600ms,2.0,2.6,89.77900706959504,1.6185126771795635,0.4923166104313743,3,6,47,True,False
none,inward,2.0,0.2,-1.0,VisualCogB_Task-2,left,Q2_plus_memory_control,cue_stage,0.0,0.8,59.2946854723259,1.1530202330132335,0.6718604037828616,3,6,44,True,False
none,inward,2.0,0.2,-1.0,VisualCogB_Task-2,left,Q2_plus_memory_control,late_stage,0.8,2.8,77.20055888651466,1.7864513703166753,0.6673276068442786,3,6,44,True,False
none,inward,2.0,0.2,-1.0,VisualCogB_Task-2,left,Q2_plus_memory_control,candidate_target_600ms,2.0,2.6,89.0469600257448,2.4050249333322964,0.7059831808031989,3,6,44,True,False
none,inward,2.0,0.2,-1.0,VisualCogB_Task-2,right,Q2_plus_memory_control,cue_stage,0.0,0.8,86.64550772255431,1.3043576520563156,0.5030884170318861,3,6,47,True,False
none,inward,2.0,0.2,-1.0,VisualCogB_Task-2,right,Q2_plus_memory_control,late_stage,0.8,2.8,100.68020627991704,1.849066469453621,0.4396758336782167,3,6,47,True,False
none,inward,2.0,0.2,-1.0,VisualCogB_Task-2,right,Q2_plus_memory_control,candidate_target_600ms,2.0,2.6,90.59689323767864,1.6332573170986369,0.5040179902927117,3,6,47,True,False
none,inward,2.0,0.2,1.0,VisualCogA_Task-1,left,Training_mean_template,cue_stage,0.0,0.8,90.1585675739132,3.3956714746772474,-0.24359713848395168,3,6,45,True,False
none,inward,2.0,0.2,1.0,VisualCogA_Task-1,left,Training_mean_template,late_stage,0.8,2.8,120.68295611953907,2.5989351536653182,0.4474960472766061,3,6,45,True,False
none,inward,2.0,0.2,1.0,VisualCogA_Task-1,left,Training_mean_template,candidate_target_600ms,2.0,2.6,123.77108734607818,2.539091899948146,0.7781963163337348,3,6,45,True,False
none,inward,2.0,0.2,1.0,VisualCogA_Task-1,right,Training_mean_template,cue_stage,0.0,0.8,78.07957539471936,13.061849097414253,0.06679067000787269,3,6,41,True,False
none,inward,2.0,0.2,1.0,VisualCogA_Task-1,right,Training_mean_template,late_stage,0.8,2.8,155.19115609643598,4.338950443631611,0.2707080293263396,3,6,41,True,False
none,inward,2.0,0.2,1.0,VisualCogA_Task-1,right,Training_mean_template,candidate_target_600ms,2.0,2.6,181.0119092603235,4.78005071653791,0.5878432273422676,3,6,41,True,False
none,inward,2.0,0.2,1.0,VisualCogA_Task-1,left,Q2_visual_only,cue_stage,0.0,0.8,107.4438787294895,4.046693774624412,0.2963882457976698,3,6,45,True,False
none,inward,2.0,0.2,1.0,VisualCogA_Task-1,left,Q2_visual_only,late_stage,0.8,2.8,132.30497172280138,2.8492179266349056,0.5706310371956644,3,6,45,True,False
none,inward,2.0,0.2,1.0,VisualCogA_Task-1,left,Q2_visual_only,candidate_target_600ms,2.0,2.6,140.33299168703493,2.8788497388871916,0.5532816818431234,3,6,45,True,False
none,inward,2.0,0.2,1.0,VisualCogA_Task-1,right,Q2_visual_only,cue_stage,0.0,0.8,82.1404934968013,13.741195766222337,-0.44446394398952255,3,6,41,True,False
none,inward,2.0,0.2,1.0,VisualCogA_Task-1,right,Q2_visual_only,late_stage,0.8,2.8,117.08936416875166,3.273672040234358,0.03509069124274166,3,6,41,True,False
none,inward,2.0,0.2,1.0,VisualCogA_Task-1,right,Q2_visual_only,candidate_target_600ms,2.0,2.6,136.50877078624805,3.6048393184566097,0.27337952840006413,3,6,41,True,False
none,inward,2.0,0.2,1.0,VisualCogA_Task-1,left,Q2_plus_memory,cue_stage,0.0,0.8,109.53486980637409,4.125447452113362,0.3349920455107172,3,6,45,True,False
none,inward,2.0,0.2,1.0,VisualCogA_Task-1,left,Q2_plus_memory,late_stage,0.8,2.8,132.72929422178728,2.858355809021655,0.5340955393212097,3,6,45,True,False
none,inward,2.0,0.2,1.0,VisualCogA_Task-1,left,Q2_plus_memory,candidate_target_600ms,2.0,2.6,146.99737680963577,3.0155657251951755,0.6106563592424664,3,6,45,True,False
none,inward,2.0,0.2,1.0,VisualCogA_Task-1,right,Q2_plus_memory,cue_stage,0.0,0.8,83.99052091657859,14.050684884996974,-0.38927130009549976,3,6,41,True,False
none,inward,2.0,0.2,1.0,VisualCogA_Task-1,right,Q2_plus_memory,late_stage,0.8,2.8,117.77979601627055,3.2929756503526297,-0.007518534533532899,3,6,41,True,False
none,inward,2.0,0.2,1.0,VisualCogA_Task-1,right,Q2_plus_memory,candidate_target_600ms,2.0,2.6,143.5471004678551,3.7907031821950508,0.32050722213993244,3,6,41,True,False
none,inward,2.0,0.2,1.0,VisualCogA_Task-1,left,Q2_plus_memory_control,cue_stage,0.0,0.8,106.04257037881968,3.9939158421257,0.048536014486870484,3,6,45,True,False
none,inward,2.0,0.2,1.0,VisualCogA_Task-1,left,Q2_plus_memory_control,late_stage,0.8,2.8,134.23760201734956,2.8908375635168913,0.5322345111386502,3,6,45,True,False
none,inward,2.0,0.2,1.0,VisualCogA_Task-1,left,Q2_plus_memory_control,candidate_target_600ms,2.0,2.6,152.2952916780779,3.124249368665667,0.7370176227761368,3,6,45,True,False
none,inward,2.0,0.2,1.0,VisualCogA_Task-1,right,Q2_plus_memory_control,cue_stage,0.0,0.8,78.66995707156354,13.160613420015048,-0.37802806002541467,3,6,41,True,False
none,inward,2.0,0.2,1.0,VisualCogA_Task-1,right,Q2_plus_memory_control,late_stage,0.8,2.8,119.74386319147276,3.3478885097933464,0.041274716333785266,3,6,41,True,False
none,inward,2.0,0.2,1.0,VisualCogA_Task-1,right,Q2_plus_memory_control,candidate_target_600ms,2.0,2.6,149.54497599756084,3.949091375218544,0.5057138320786957,3,6,41,True,False
none,inward,2.0,0.2,1.0,VisualCogA_Task-2,left,Training_mean_template,cue_stage,0.0,0.8,49.257960094280094,0.9810764386232242,0.794194186385945,3,6,49,True,False
none,inward,2.0,0.2,1.0,VisualCogA_Task-2,left,Training_mean_template,late_stage,0.8,2.8,62.899753492085416,1.7944778075906822,0.1473251682388706,3,6,49,True,False
none,inward,2.0,0.2,1.0,VisualCogA_Task-2,left,Training_mean_template,candidate_target_600ms,2.0,2.6,67.0947544804307,2.9655845515905295,-0.2928105149771848,3,6,49,True,False
none,inward,2.0,0.2,1.0,VisualCogA_Task-2,right,Training_mean_template,cue_stage,0.0,0.8,87.82290746095246,1.2447581919835802,0.7458025461087507,3,6,41,True,False
none,inward,2.0,0.2,1.0,VisualCogA_Task-2,right,Training_mean_template,late_stage,0.8,2.8,194.89514998948022,4.505420300193029,-0.5400529536959167,3,6,41,True,False
none,inward,2.0,0.2,1.0,VisualCogA_Task-2,right,Training_mean_template,candidate_target_600ms,2.0,2.6,228.782923459446,6.993403983879156,-0.7921873847337788,3,6,41,True,False
none,inward,2.0,0.2,1.0,VisualCogA_Task-2,left,Q2_visual_only,cue_stage,0.0,0.8,63.38464748700136,1.2624392910488558,0.11116836255577191,3,6,49,True,False
none,inward,2.0,0.2,1.0,VisualCogA_Task-2,left,Q2_visual_only,late_stage,0.8,2.8,59.21433704649788,1.689335932524849,0.08055872127619794,3,6,49,True,False
none,inward,2.0,0.2,1.0,VisualCogA_Task-2,left,Q2_visual_only,candidate_target_600ms,2.0,2.6,53.55510299004101,2.3671326814740565,-0.0971716272754316,3,6,49,True,False
none,inward,2.0,0.2,1.0,VisualCogA_Task-2,right,Q2_visual_only,cue_stage,0.0,0.8,110.25683383105337,1.5627255018219093,-0.14715866855688528,3,6,41,True,False
none,inward,2.0,0.2,1.0,VisualCogA_Task-2,right,Q2_visual_only,late_stage,0.8,2.8,196.25876117336202,4.5369431036581895,-0.41252801454424765,3,6,41,True,False
none,inward,2.0,0.2,1.0,VisualCogA_Task-2,right,Q2_visual_only,candidate_target_600ms,2.0,2.6,221.2185292841321,6.76217665466527,-0.6498653555370227,3,6,41,True,False
none,inward,2.0,0.2,1.0,VisualCogA_Task-2,left,Q2_plus_memory,cue_stage,0.0,0.8,64.19503470087268,1.2785798660984302,0.08895010197380916,3,6,49,True,False
none,inward,2.0,0.2,1.0,VisualCogA_Task-2,left,Q2_plus_memory,late_stage,0.8,2.8,59.43631131606881,1.695668674363834,0.07676916897195225,3,6,49,True,False
none,inward,2.0,0.2,1.0,VisualCogA_Task-2,left,Q2_plus_memory,candidate_target_600ms,2.0,2.6,55.62417724969379,2.45858565284322,-0.13296083829251998,3,6,49,True,False
none,inward,2.0,0.2,1.0,VisualCogA_Task-2,right,Q2_plus_memory,cue_stage,0.0,0.8,110.70143438225928,1.569027048813166,-0.1585760943212686,3,6,41,True,False
none,inward,2.0,0.2,1.0,VisualCogA_Task-2,right,Q2_plus_memory,late_stage,0.8,2.8,196.22103222004773,4.536070917807611,-0.39505659662681003,3,6,41,True,False
none,inward,2.0,0.2,1.0,VisualCogA_Task-2,right,Q2_plus_memory,candidate_target_600ms,2.0,2.6,220.96858625300658,6.754536431508816,-0.6700330346759401,3,6,41,True,False
none,inward,2.0,0.2,1.0,VisualCogA_Task-2,left,Q2_plus_memory_control,cue_stage,0.0,0.8,55.480530427711685,1.1050120853719108,0.26931719354878314,3,6,49,True,False
none,inward,2.0,0.2,1.0,VisualCogA_Task-2,left,Q2_plus_memory_control,late_stage,0.8,2.8,64.56856885385298,1.8420877259989494,0.0034583130289962388,3,6,49,True,False
none,inward,2.0,0.2,1.0,VisualCogA_Task-2,left,Q2_plus_memory_control,candidate_target_600ms,2.0,2.6,70.42939780661705,3.1129756078628503,-0.2885846037441127,3,6,49,True,False
none,inward,2.0,0.2,1.0,VisualCogA_Task-2,right,Q2_plus_memory_control,cue_stage,0.0,0.8,101.42505148509835,1.4375482133128568,0.014711716117644717,3,6,41,True,False
none,inward,2.0,0.2,1.0,VisualCogA_Task-2,right,Q2_plus_memory_control,late_stage,0.8,2.8,200.13396161445004,4.626526691220719,-0.4827634491509282,3,6,41,True,False
none,inward,2.0,0.2,1.0,VisualCogA_Task-2,right,Q2_plus_memory_control,candidate_target_600ms,2.0,2.6,230.7258404858492,7.052794796214864,-0.7622356142646225,3,6,41,True,False
none,inward,2.0,0.2,1.0,VisualCogB_Task-1,left,Training_mean_template,cue_stage,0.0,0.8,30.33075629867405,1.1671982803593115,0.6762753600671128,3,6,43,True,False
none,inward,2.0,0.2,1.0,VisualCogB_Task-1,left,Training_mean_template,late_stage,0.8,2.8,47.76044260519691,1.307891646133743,0.25417606538143633,3,6,43,True,False
none,inward,2.0,0.2,1.0,VisualCogB_Task-1,left,Training_mean_template,candidate_target_600ms,2.0,2.6,49.74881535357403,1.2446273309279592,0.8092864900009278,3,6,43,True,False
none,inward,2.0,0.2,1.0,VisualCogB_Task-1,right,Training_mean_template,cue_stage,0.0,0.8,86.7423138020746,2.5508449339678005,0.029317347683828418,3,6,45,True,False
none,inward,2.0,0.2,1.0,VisualCogB_Task-1,right,Training_mean_template,late_stage,0.8,2.8,111.82341068398667,1.5738089517534397,0.2328057661890107,3,6,45,True,False
none,inward,2.0,0.2,1.0,VisualCogB_Task-1,right,Training_mean_template,candidate_target_600ms,2.0,2.6,111.0310049129903,1.3396534941125766,0.4697998752769324,3,6,45,True,False
none,inward,2.0,0.2,1.0,VisualCogB_Task-1,left,Q2_visual_only,cue_stage,0.0,0.8,51.76962375836735,1.9922159286300587,0.610076753748212,3,6,43,True,False
none,inward,2.0,0.2,1.0,VisualCogB_Task-1,left,Q2_visual_only,late_stage,0.8,2.8,58.64059831458649,1.6058383146471666,0.16270857636288577,3,6,43,True,False
none,inward,2.0,0.2,1.0,VisualCogB_Task-1,left,Q2_visual_only,candidate_target_600ms,2.0,2.6,71.5071435454407,1.7889822014998076,0.5021385891552587,3,6,43,True,False
none,inward,2.0,0.2,1.0,VisualCogB_Task-1,right,Q2_visual_only,cue_stage,0.0,0.8,72.74011729463643,2.1390801278442404,0.44126391454014763,3,6,45,True,False
none,inward,2.0,0.2,1.0,VisualCogB_Task-1,right,Q2_visual_only,late_stage,0.8,2.8,79.73682421545692,1.1222205347439562,0.5313913077527694,3,6,45,True,False
none,inward,2.0,0.2,1.0,VisualCogB_Task-1,right,Q2_visual_only,candidate_target_600ms,2.0,2.6,87.48100908627366,1.0555091308302587,0.47783978227462104,3,6,45,True,False
none,inward,2.0,0.2,1.0,VisualCogB_Task-1,left,Q2_plus_memory,cue_stage,0.0,0.8,53.78962833552857,2.069950418517592,0.5879430192503128,3,6,43,True,False
none,inward,2.0,0.2,1.0,VisualCogB_Task-1,left,Q2_plus_memory,late_stage,0.8,2.8,59.57797402511201,1.6315077974704186,0.11145916663474464,3,6,43,True,False
none,inward,2.0,0.2,1.0,VisualCogB_Task-1,left,Q2_plus_memory,candidate_target_600ms,2.0,2.6,76.83392504569454,1.922248849036593,0.527443255867137,3,6,43,True,False
none,inward,2.0,0.2,1.0,VisualCogB_Task-1,right,Q2_plus_memory,cue_stage,0.0,0.8,74.33068397167915,2.1858541735485106,0.42628197048899863,3,6,45,True,False
none,inward,2.0,0.2,1.0,VisualCogB_Task-1,right,Q2_plus_memory,late_stage,0.8,2.8,79.79673616836318,1.1230637389283409,0.521082871542562,3,6,45,True,False
none,inward,2.0,0.2,1.0,VisualCogB_Task-1,right,Q2_plus_memory,candidate_target_600ms,2.0,2.6,90.19592774803688,1.0882661996716396,0.5037174096805909,3,6,45,True,False
none,inward,2.0,0.2,1.0,VisualCogB_Task-1,left,Q2_plus_memory_control,cue_stage,0.0,0.8,52.828050973882185,2.0329466777636838,0.6651313353626078,3,6,43,True,False
none,inward,2.0,0.2,1.0,VisualCogB_Task-1,left,Q2_plus_memory_control,late_stage,0.8,2.8,58.6549631257974,1.6062316865582342,0.2203816779413229,3,6,43,True,False
none,inward,2.0,0.2,1.0,VisualCogB_Task-1,left,Q2_plus_memory_control,candidate_target_600ms,2.0,2.6,76.33476455525083,1.9097607368170322,0.668617422316108,3,6,43,True,False
none,inward,2.0,0.2,1.0,VisualCogB_Task-1,right,Q2_plus_memory_control,cue_stage,0.0,0.8,75.85313549562956,2.230625146178337,0.2168108632121411,3,6,45,True,False
none,inward,2.0,0.2,1.0,VisualCogB_Task-1,right,Q2_plus_memory_control,late_stage,0.8,2.8,78.37311007098518,1.1030275454130578,0.5723390690125909,3,6,45,True,False
none,inward,2.0,0.2,1.0,VisualCogB_Task-1,right,Q2_plus_memory_control,candidate_target_600ms,2.0,2.6,87.20363129098271,1.0521624067963553,0.6187247660451743,3,6,45,True,False
none,inward,2.0,0.2,1.0,VisualCogB_Task-2,left,Training_mean_template,cue_stage,0.0,0.8,63.2138714343876,1.2292311223231638,0.9634197574214081,3,6,44,True,False
none,inward,2.0,0.2,1.0,VisualCogB_Task-2,left,Training_mean_template,late_stage,0.8,2.8,97.65021851600747,2.2596645567823304,0.6605098055625932,3,6,44,True,False
none,inward,2.0,0.2,1.0,VisualCogB_Task-2,left,Training_mean_template,candidate_target_600ms,2.0,2.6,120.33419423852553,3.250046238439063,0.801596915348087,3,6,44,True,False
none,inward,2.0,0.2,1.0,VisualCogB_Task-2,right,Training_mean_template,cue_stage,0.0,0.8,74.10254107893448,1.1155363853672184,0.9298987076586458,3,6,47,True,False
none,inward,2.0,0.2,1.0,VisualCogB_Task-2,right,Training_mean_template,late_stage,0.8,2.8,77.11685725509513,1.4163081329371616,0.35038858443652277,3,6,47,True,False
none,inward,2.0,0.2,1.0,VisualCogB_Task-2,right,Training_mean_template,candidate_target_600ms,2.0,2.6,68.04424122167666,1.226683950079519,0.3902052287812037,3,6,47,True,False
none,inward,2.0,0.2,1.0,VisualCogB_Task-2,left,Q2_visual_only,cue_stage,0.0,0.8,59.09728441937648,1.1491816527719227,0.5133399970844792,3,6,44,True,False
none,inward,2.0,0.2,1.0,VisualCogB_Task-2,left,Q2_visual_only,late_stage,0.8,2.8,77.43773679289265,1.7919397605818372,0.7159819053998524,3,6,44,True,False
none,inward,2.0,0.2,1.0,VisualCogB_Task-2,left,Q2_visual_only,candidate_target_600ms,2.0,2.6,91.20480712800527,2.4633051495435505,0.719490363265481,3,6,44,True,False
none,inward,2.0,0.2,1.0,VisualCogB_Task-2,right,Q2_visual_only,cue_stage,0.0,0.8,87.53291259325513,1.3177166058439376,0.2759788376994561,3,6,47,True,False
none,inward,2.0,0.2,1.0,VisualCogB_Task-2,right,Q2_visual_only,late_stage,0.8,2.8,100.54278206513942,1.8465425720856536,0.4915448401575719,3,6,47,True,False
none,inward,2.0,0.2,1.0,VisualCogB_Task-2,right,Q2_visual_only,candidate_target_600ms,2.0,2.6,92.08364899065303,1.6600601645860606,0.5868912953088048,3,6,47,True,False
none,inward,2.0,0.2,1.0,VisualCogB_Task-2,left,Q2_plus_memory,cue_stage,0.0,0.8,59.21737311840671,1.1515168485594562,0.4597986489924963,3,6,44,True,False
none,inward,2.0,0.2,1.0,VisualCogB_Task-2,left,Q2_plus_memory,late_stage,0.8,2.8,77.06000429050891,1.7831988815489725,0.739121374072863,3,6,44,True,False
none,inward,2.0,0.2,1.0,VisualCogB_Task-2,left,Q2_plus_memory,candidate_target_600ms,2.0,2.6,88.01416358825816,2.377130649434295,0.7451191249908464,3,6,44,True,False
none,inward,2.0,0.2,1.0,VisualCogB_Task-2,right,Q2_plus_memory,cue_stage,0.0,0.8,87.59839458771286,1.3187023689006485,0.23339476059006445,3,6,47,True,False
none,inward,2.0,0.2,1.0,VisualCogB_Task-2,right,Q2_plus_memory,late_stage,0.8,2.8,100.46916366936617,1.8451905157859196,0.48589128839591716,3,6,47,True,False
none,inward,2.0,0.2,1.0,VisualCogB_Task-2,right,Q2_plus_memory,candidate_target_600ms,2.0,2.6,89.23229465219215,1.6086566873750412,0.5848027967921464,3,6,47,True,False
none,inward,2.0,0.2,1.0,VisualCogB_Task-2,left,Q2_plus_memory_control,cue_stage,0.0,0.8,58.01167193584246,1.1280712758678968,0.6173274690472785,3,6,44,True,False
none,inward,2.0,0.2,1.0,VisualCogB_Task-2,left,Q2_plus_memory_control,late_stage,0.8,2.8,77.37992225414031,1.790601909360706,0.6725548208815824,3,6,44,True,False
none,inward,2.0,0.2,1.0,VisualCogB_Task-2,left,Q2_plus_memory_control,candidate_target_600ms,2.0,2.6,88.78207178607208,2.3978706989735357,0.6973598203818557,3,6,44,True,False
none,inward,2.0,0.2,1.0,VisualCogB_Task-2,right,Q2_plus_memory_control,cue_stage,0.0,0.8,85.4762740003662,1.2867560591674858,0.41770659801648297,3,6,47,True,False
none,inward,2.0,0.2,1.0,VisualCogB_Task-2,right,Q2_plus_memory_control,late_stage,0.8,2.8,100.70928729211244,1.8496005637561175,0.4573056289573938,3,6,47,True,False
none,inward,2.0,0.2,1.0,VisualCogB_Task-2,right,Q2_plus_memory_control,candidate_target_600ms,2.0,2.6,90.39246755785204,1.6295719839106242,0.49666905744619927,3,6,47,True,False
none,outward,2.0,0.2,-1.0,VisualCogA_Task-1,left,Training_mean_template,cue_stage,0.0,0.8,90.1585675739132,3.3956714746772474,-0.24359713848395168,3,6,45,True,False
none,outward,2.0,0.2,-1.0,VisualCogA_Task-1,left,Training_mean_template,late_stage,0.8,2.8,120.68295611953907,2.5989351536653182,0.4474960472766061,3,6,45,True,False
none,outward,2.0,0.2,-1.0,VisualCogA_Task-1,left,Training_mean_template,candidate_target_600ms,2.0,2.6,123.77108734607818,2.539091899948146,0.7781963163337348,3,6,45,True,False
none,outward,2.0,0.2,-1.0,VisualCogA_Task-1,right,Training_mean_template,cue_stage,0.0,0.8,78.07957539471936,13.061849097414253,0.06679067000787269,3,6,41,True,False
none,outward,2.0,0.2,-1.0,VisualCogA_Task-1,right,Training_mean_template,late_stage,0.8,2.8,155.19115609643598,4.338950443631611,0.2707080293263396,3,6,41,True,False
none,outward,2.0,0.2,-1.0,VisualCogA_Task-1,right,Training_mean_template,candidate_target_600ms,2.0,2.6,181.0119092603235,4.78005071653791,0.5878432273422676,3,6,41,True,False
none,outward,2.0,0.2,-1.0,VisualCogA_Task-1,left,Q2_visual_only,cue_stage,0.0,0.8,107.47861138436,4.048001921909326,0.2956334711168351,3,6,45,True,False
none,outward,2.0,0.2,-1.0,VisualCogA_Task-1,left,Q2_visual_only,late_stage,0.8,2.8,132.25431649533968,2.8481270546874478,0.5731867075027766,3,6,45,True,False
none,outward,2.0,0.2,-1.0,VisualCogA_Task-1,left,Q2_visual_only,candidate_target_600ms,2.0,2.6,140.03509644833915,2.8727385912530865,0.555578064300214,3,6,45,True,False
none,outward,2.0,0.2,-1.0,VisualCogA_Task-1,right,Q2_visual_only,cue_stage,0.0,0.8,82.15340488213674,13.74335569813843,-0.4439798796309095,3,6,41,True,False
none,outward,2.0,0.2,-1.0,VisualCogA_Task-1,right,Q2_visual_only,late_stage,0.8,2.8,117.02366883182125,3.271835280856513,0.038631835802550724,3,6,41,True,False
none,outward,2.0,0.2,-1.0,VisualCogA_Task-1,right,Q2_visual_only,candidate_target_600ms,2.0,2.6,136.19014703997743,3.596425299329965,0.27669733685749937,3,6,41,True,False
none,outward,2.0,0.2,-1.0,VisualCogA_Task-1,left,Q2_plus_memory,cue_stage,0.0,0.8,99.4979777490989,3.7474247198271247,-0.011458011730397028,3,6,45,True,False
none,outward,2.0,0.2,-1.0,VisualCogA_Task-1,left,Q2_plus_memory,late_stage,0.8,2.8,135.07222458846047,2.908811352110155,0.517855077556485,3,6,45,True,False
none,outward,2.0,0.2,-1.0,VisualCogA_Task-1,left,Q2_plus_memory,candidate_target_600ms,2.0,2.6,149.3944548937623,3.0647403884986546,0.7335834096490498,3,6,45,True,False
none,outward,2.0,0.2,-1.0,VisualCogA_Task-1,right,Q2_plus_memory,cue_stage,0.0,0.8,71.85671768287244,12.020833851417896,-0.37416506504326047,3,6,41,True,False
none,outward,2.0,0.2,-1.0,VisualCogA_Task-1,right,Q2_plus_memory,late_stage,0.8,2.8,120.61384391073601,3.37221208159181,0.012342734961831695,3,6,41,True,False
none,outward,2.0,0.2,-1.0,VisualCogA_Task-1,right,Q2_plus_memory,candidate_target_600ms,2.0,2.6,146.6152186625992,3.8717241527772566,0.4878427114575951,3,6,41,True,False
none,outward,2.0,0.2,-1.0,VisualCogA_Task-1,left,Q2_plus_memory_control,cue_stage,0.0,0.8,102.29538729952074,3.8527844662047466,-0.0693201519303905,3,6,45,True,False
none,outward,2.0,0.2,-1.0,VisualCogA_Task-1,left,Q2_plus_memory_control,late_stage,0.8,2.8,134.67165306752221,2.9001849524858994,0.5135329253357739,3,6,45,True,False
none,outward,2.0,0.2,-1.0,VisualCogA_Task-1,left,Q2_plus_memory_control,candidate_target_600ms,2.0,2.6,152.1707487418945,3.1216944427355524,0.7585912989873407,3,6,45,True,False
none,outward,2.0,0.2,-1.0,VisualCogA_Task-1,right,Q2_plus_memory_control,cue_stage,0.0,0.8,74.84411675092122,12.520592663160205,-0.39775040225695885,3,6,41,True,False
none,outward,2.0,0.2,-1.0,VisualCogA_Task-1,right,Q2_plus_memory_control,late_stage,0.8,2.8,120.28360883124482,3.3629791221841834,0.009136573936490339,3,6,41,True,False
none,outward,2.0,0.2,-1.0,VisualCogA_Task-1,right,Q2_plus_memory_control,candidate_target_600ms,2.0,2.6,149.33868749574006,3.943643835855132,0.5260369314434574,3,6,41,True,False
none,outward,2.0,0.2,-1.0,VisualCogA_Task-2,left,Training_mean_template,cue_stage,0.0,0.8,49.257960094280094,0.9810764386232242,0.794194186385945,3,6,49,True,False
none,outward,2.0,0.2,-1.0,VisualCogA_Task-2,left,Training_mean_template,late_stage,0.8,2.8,62.899753492085416,1.7944778075906822,0.1473251682388706,3,6,49,True,False
none,outward,2.0,0.2,-1.0,VisualCogA_Task-2,left,Training_mean_template,candidate_target_600ms,2.0,2.6,67.0947544804307,2.9655845515905295,-0.2928105149771848,3,6,49,True,False
none,outward,2.0,0.2,-1.0,VisualCogA_Task-2,right,Training_mean_template,cue_stage,0.0,0.8,87.82290746095246,1.2447581919835802,0.7458025461087507,3,6,41,True,False
none,outward,2.0,0.2,-1.0,VisualCogA_Task-2,right,Training_mean_template,late_stage,0.8,2.8,194.89514998948022,4.505420300193029,-0.5400529536959167,3,6,41,True,False
none,outward,2.0,0.2,-1.0,VisualCogA_Task-2,right,Training_mean_template,candidate_target_600ms,2.0,2.6,228.782923459446,6.993403983879156,-0.7921873847337788,3,6,41,True,False
none,outward,2.0,0.2,-1.0,VisualCogA_Task-2,left,Q2_visual_only,cue_stage,0.0,0.8,63.303016685264836,1.2608134410116976,0.11281394931310686,3,6,49,True,False
none,outward,2.0,0.2,-1.0,VisualCogA_Task-2,left,Q2_visual_only,late_stage,0.8,2.8,59.22512271600187,1.6896436387317952,0.08132247881961159,3,6,49,True,False
none,outward,2.0,0.2,-1.0,VisualCogA_Task-2,left,Q2_visual_only,candidate_target_600ms,2.0,2.6,53.63798517455428,2.3707960695868535,-0.09888075045217094,3,6,49,True,False
none,outward,2.0,0.2,-1.0,VisualCogA_Task-2,right,Q2_visual_only,cue_stage,0.0,0.8,110.16456049937742,1.5614176655315162,-0.145497662363872,3,6,41,True,False
none,outward,2.0,0.2,-1.0,VisualCogA_Task-2,right,Q2_visual_only,late_stage,0.8,2.8,196.2921859206804,4.5377157885357,-0.4132271954885669,3,6,41,True,False
none,outward,2.0,0.2,-1.0,VisualCogA_Task-2,right,Q2_visual_only,candidate_target_600ms,2.0,2.6,221.34193714878316,6.76594896878401,-0.6512626692941719,3,6,41,True,False
none,outward,2.0,0.2,-1.0,VisualCogA_Task-2,left,Q2_plus_memory,cue_stage,0.0,0.8,56.05909660150372,1.1165354541879422,0.24266465057914025,3,6,49,True,False
none,outward,2.0,0.2,-1.0,VisualCogA_Task-2,left,Q2_plus_memory,late_stage,0.8,2.8,63.883879458870524,1.8225541053378875,-0.0016467486334383347,3,6,49,True,False
none,outward,2.0,0.2,-1.0,VisualCogA_Task-2,left,Q2_plus_memory,candidate_target_600ms,2.0,2.6,69.38444305218356,3.066788663729045,-0.26018513808408034,3,6,49,True,False
none,outward,2.0,0.2,-1.0,VisualCogA_Task-2,right,Q2_plus_memory,cue_stage,0.0,0.8,102.09059280490717,1.446981264823978,-0.012247440786392156,3,6,41,True,False
none,outward,2.0,0.2,-1.0,VisualCogA_Task-2,right,Q2_plus_memory,late_stage,0.8,2.8,199.4141782324028,4.609887351240261,-0.505365816442922,3,6,41,True,False
none,outward,2.0,0.2,-1.0,VisualCogA_Task-2,right,Q2_plus_memory,candidate_target_600ms,2.0,2.6,231.40085080152275,7.073428415889838,-0.7590400062576999,3,6,41,True,False
none,outward,2.0,0.2,-1.0,VisualCogA_Task-2,left,Q2_plus_memory_control,cue_stage,0.0,0.8,53.77638030731644,1.071070332043176,0.3245910924021433,3,6,49,True,False
none,outward,2.0,0.2,-1.0,VisualCogA_Task-2,left,Q2_plus_memory_control,late_stage,0.8,2.8,64.54916423475781,1.8415341283074194,-0.011995583195856849,3,6,49,True,False
none,outward,2.0,0.2,-1.0,VisualCogA_Task-2,left,Q2_plus_memory_control,candidate_target_600ms,2.0,2.6,69.48935999318432,3.071425986897472,-0.30395669567097117,3,6,49,True,False
none,outward,2.0,0.2,-1.0,VisualCogA_Task-2,right,Q2_plus_memory_control,cue_stage,0.0,0.8,99.5325222952222,1.4107244462482806,0.0698996336129408,3,6,41,True,False
none,outward,2.0,0.2,-1.0,VisualCogA_Task-2,right,Q2_plus_memory_control,late_stage,0.8,2.8,199.8893507820702,4.620871986063045,-0.49545127977416864,3,6,41,True,False
none,outward,2.0,0.2,-1.0,VisualCogA_Task-2,right,Q2_plus_memory_control,candidate_target_600ms,2.0,2.6,229.83326751843572,7.025510752231927,-0.7791322610402392,3,6,41,True,False
none,outward,2.0,0.2,-1.0,VisualCogB_Task-1,left,Training_mean_template,cue_stage,0.0,0.8,30.33075629867405,1.1671982803593115,0.6762753600671128,3,6,43,True,False
none,outward,2.0,0.2,-1.0,VisualCogB_Task-1,left,Training_mean_template,late_stage,0.8,2.8,47.76044260519691,1.307891646133743,0.25417606538143633,3,6,43,True,False
none,outward,2.0,0.2,-1.0,VisualCogB_Task-1,left,Training_mean_template,candidate_target_600ms,2.0,2.6,49.74881535357403,1.2446273309279592,0.8092864900009278,3,6,43,True,False
none,outward,2.0,0.2,-1.0,VisualCogB_Task-1,right,Training_mean_template,cue_stage,0.0,0.8,86.7423138020746,2.5508449339678005,0.029317347683828418,3,6,45,True,False
none,outward,2.0,0.2,-1.0,VisualCogB_Task-1,right,Training_mean_template,late_stage,0.8,2.8,111.82341068398667,1.5738089517534397,0.2328057661890107,3,6,45,True,False
none,outward,2.0,0.2,-1.0,VisualCogB_Task-1,right,Training_mean_template,candidate_target_600ms,2.0,2.6,111.0310049129903,1.3396534941125766,0.4697998752769324,3,6,45,True,False
none,outward,2.0,0.2,-1.0,VisualCogB_Task-1,left,Q2_visual_only,cue_stage,0.0,0.8,51.81542190462012,1.993978348169601,0.6107559338637893,3,6,43,True,False
none,outward,2.0,0.2,-1.0,VisualCogB_Task-1,left,Q2_visual_only,late_stage,0.8,2.8,58.56726846354764,1.6038302197813223,0.16565072916509033,3,6,43,True,False
none,outward,2.0,0.2,-1.0,VisualCogB_Task-1,left,Q2_visual_only,candidate_target_600ms,2.0,2.6,71.20187942673007,1.7813450334064855,0.507330302698957,3,6,43,True,False
none,outward,2.0,0.2,-1.0,VisualCogB_Task-1,right,Q2_visual_only,cue_stage,0.0,0.8,72.80442821956984,2.140971329379854,0.43959773741656416,3,6,45,True,False
none,outward,2.0,0.2,-1.0,VisualCogB_Task-1,right,Q2_visual_only,late_stage,0.8,2.8,79.7079479550038,1.1218141286352863,0.5321664236395546,3,6,45,True,False
none,outward,2.0,0.2,-1.0,VisualCogB_Task-1,right,Q2_visual_only,candidate_target_600ms,2.0,2.6,87.31432708501579,1.0534980157767133,0.48056768420610213,3,6,45,True,False
none,outward,2.0,0.2,-1.0,VisualCogB_Task-1,left,Q2_plus_memory,cue_stage,0.0,0.8,47.608936974914904,1.8321029920801808,0.643929631556921,3,6,43,True,False
none,outward,2.0,0.2,-1.0,VisualCogB_Task-1,left,Q2_plus_memory,late_stage,0.8,2.8,59.20846916532795,1.6213891240880909,0.23619978724015048,3,6,43,True,False
none,outward,2.0,0.2,-1.0,VisualCogB_Task-1,left,Q2_plus_memory,candidate_target_600ms,2.0,2.6,74.02110078303863,1.8518769632033896,0.646038880518556,3,6,43,True,False
none,outward,2.0,0.2,-1.0,VisualCogB_Task-1,right,Q2_plus_memory,cue_stage,0.0,0.8,70.44616171638395,2.0716214135322804,0.2297656817082949,3,6,45,True,False
none,outward,2.0,0.2,-1.0,VisualCogB_Task-1,right,Q2_plus_memory,late_stage,0.8,2.8,79.1790652598333,1.114370603929721,0.5609636003335686,3,6,45,True,False
none,outward,2.0,0.2,-1.0,VisualCogB_Task-1,right,Q2_plus_memory,candidate_target_600ms,2.0,2.6,85.77358485816289,1.0349080668759736,0.6028907230405001,3,6,45,True,False
none,outward,2.0,0.2,-1.0,VisualCogB_Task-1,left,Q2_plus_memory_control,cue_stage,0.0,0.8,50.125674491915575,1.9289529246381554,0.6265573187501888,3,6,43,True,False
none,outward,2.0,0.2,-1.0,VisualCogB_Task-1,left,Q2_plus_memory_control,late_stage,0.8,2.8,58.9378648947814,1.613978785206151,0.2202806006694216,3,6,43,True,False
none,outward,2.0,0.2,-1.0,VisualCogB_Task-1,left,Q2_plus_memory_control,candidate_target_600ms,2.0,2.6,76.25201381206463,1.907690459647774,0.6960967204173858,3,6,43,True,False
none,outward,2.0,0.2,-1.0,VisualCogB_Task-1,right,Q2_plus_memory_control,cue_stage,0.0,0.8,73.79017061878076,2.16995921193694,0.16953644253638087,3,6,45,True,False
none,outward,2.0,0.2,-1.0,VisualCogB_Task-1,right,Q2_plus_memory_control,late_stage,0.8,2.8,78.61959623982814,1.106496605573499,0.571826171999405,3,6,45,True,False
none,outward,2.0,0.2,-1.0,VisualCogB_Task-1,right,Q2_plus_memory_control,candidate_target_600ms,2.0,2.6,87.39579260113355,1.0544809444947085,0.6290762630029298,3,6,45,True,False
none,outward,2.0,0.2,-1.0,VisualCogB_Task-2,left,Training_mean_template,cue_stage,0.0,0.8,63.2138714343876,1.2292311223231638,0.9634197574214081,3,6,44,True,False
none,outward,2.0,0.2,-1.0,VisualCogB_Task-2,left,Training_mean_template,late_stage,0.8,2.8,97.65021851600747,2.2596645567823304,0.6605098055625932,3,6,44,True,False
none,outward,2.0,0.2,-1.0,VisualCogB_Task-2,left,Training_mean_template,candidate_target_600ms,2.0,2.6,120.33419423852553,3.250046238439063,0.801596915348087,3,6,44,True,False
none,outward,2.0,0.2,-1.0,VisualCogB_Task-2,right,Training_mean_template,cue_stage,0.0,0.8,74.10254107893448,1.1155363853672184,0.9298987076586458,3,6,47,True,False
none,outward,2.0,0.2,-1.0,VisualCogB_Task-2,right,Training_mean_template,late_stage,0.8,2.8,77.11685725509513,1.4163081329371616,0.35038858443652277,3,6,47,True,False
none,outward,2.0,0.2,-1.0,VisualCogB_Task-2,right,Training_mean_template,candidate_target_600ms,2.0,2.6,68.04424122167666,1.226683950079519,0.3902052287812037,3,6,47,True,False
none,outward,2.0,0.2,-1.0,VisualCogB_Task-2,left,Q2_visual_only,cue_stage,0.0,0.8,59.05696923752654,1.1483977002136065,0.5143036395527802,3,6,44,True,False
none,outward,2.0,0.2,-1.0,VisualCogB_Task-2,left,Q2_visual_only,late_stage,0.8,2.8,77.47747708232491,1.7928593665476102,0.7147665235784678,3,6,44,True,False
none,outward,2.0,0.2,-1.0,VisualCogB_Task-2,left,Q2_visual_only,candidate_target_600ms,2.0,2.6,91.37668930395166,2.4679474295116366,0.7215230147605519,3,6,44,True,False
none,outward,2.0,0.2,-1.0,VisualCogB_Task-2,right,Q2_visual_only,cue_stage,0.0,0.8,87.47966956238639,1.3169150876053384,0.2775338163661793,3,6,47,True,False
none,outward,2.0,0.2,-1.0,VisualCogB_Task-2,right,Q2_visual_only,late_stage,0.8,2.8,100.56423485685586,1.8469365684758552,0.4922819609074628,3,6,47,True,False
none,outward,2.0,0.2,-1.0,VisualCogB_Task-2,right,Q2_visual_only,candidate_target_600ms,2.0,2.6,92.23898632707647,1.662860545838281,0.588472195906015,3,6,47,True,False
none,outward,2.0,0.2,-1.0,VisualCogB_Task-2,left,Q2_plus_memory,cue_stage,0.0,0.8,60.58399833543993,1.1780916842910807,0.6376313313233968,3,6,44,True,False
none,outward,2.0,0.2,-1.0,VisualCogB_Task-2,left,Q2_plus_memory,late_stage,0.8,2.8,76.66342729226369,1.774021933452098,0.671577320167625,3,6,44,True,False
none,outward,2.0,0.2,-1.0,VisualCogB_Task-2,left,Q2_plus_memory,candidate_target_600ms,2.0,2.6,88.22306080128637,2.382772650078575,0.6834506055988853,3,6,44,True,False
none,outward,2.0,0.2,-1.0,VisualCogB_Task-2,right,Q2_plus_memory,cue_stage,0.0,0.8,87.99413886951315,1.3246598858659437,0.45567816561184754,3,6,47,True,False
none,outward,2.0,0.2,-1.0,VisualCogB_Task-2,right,Q2_plus_memory,late_stage,0.8,2.8,100.1757012445796,1.839800861257315,0.439550380440649,3,6,47,True,False
none,outward,2.0,0.2,-1.0,VisualCogB_Task-2,right,Q2_plus_memory,candidate_target_600ms,2.0,2.6,89.86130179183515,1.6199962651090594,0.4927650724323403,3,6,47,True,False
none,outward,2.0,0.2,-1.0,VisualCogB_Task-2,left,Q2_plus_memory_control,cue_stage,0.0,0.8,59.2949813849169,1.1530259872086037,0.6718488480180507,3,6,44,True,False
none,outward,2.0,0.2,-1.0,VisualCogB_Task-2,left,Q2_plus_memory_control,late_stage,0.8,2.8,77.20412360003387,1.7865338591929611,0.6673909741056594,3,6,44,True,False
none,outward,2.0,0.2,-1.0,VisualCogB_Task-2,left,Q2_plus_memory_control,candidate_target_600ms,2.0,2.6,89.07051874349575,2.405661218990695,0.7061998947221811,3,6,44,True,False
none,outward,2.0,0.2,-1.0,VisualCogB_Task-2,right,Q2_plus_memory_control,cue_stage,0.0,0.8,86.6442986785754,1.3043394511615776,0.5032217365899208,3,6,47,True,False
none,outward,2.0,0.2,-1.0,VisualCogB_Task-2,right,Q2_plus_memory_control,late_stage,0.8,2.8,100.68281769103731,1.8491144299507125,0.4397721049614642,3,6,47,True,False
none,outward,2.0,0.2,-1.0,VisualCogB_Task-2,right,Q2_plus_memory_control,candidate_target_600ms,2.0,2.6,90.61592287560424,1.633600378480468,0.5043121187527666,3,6,47,True,False
none,outward,2.0,0.2,1.0,VisualCogA_Task-1,left,Training_mean_template,cue_stage,0.0,0.8,90.1585675739132,3.3956714746772474,-0.24359713848395168,3,6,45,True,False
none,outward,2.0,0.2,1.0,VisualCogA_Task-1,left,Training_mean_template,late_stage,0.8,2.8,120.68295611953907,2.5989351536653182,0.4474960472766061,3,6,45,True,False
none,outward,2.0,0.2,1.0,VisualCogA_Task-1,left,Training_mean_template,candidate_target_600ms,2.0,2.6,123.77108734607818,2.539091899948146,0.7781963163337348,3,6,45,True,False
none,outward,2.0,0.2,1.0,VisualCogA_Task-1,right,Training_mean_template,cue_stage,0.0,0.8,78.07957539471936,13.061849097414253,0.06679067000787269,3,6,41,True,False
none,outward,2.0,0.2,1.0,VisualCogA_Task-1,right,Training_mean_template,late_stage,0.8,2.8,155.19115609643598,4.338950443631611,0.2707080293263396,3,6,41,True,False
none,outward,2.0,0.2,1.0,VisualCogA_Task-1,right,Training_mean_template,candidate_target_600ms,2.0,2.6,181.0119092603235,4.78005071653791,0.5878432273422676,3,6,41,True,False
none,outward,2.0,0.2,1.0,VisualCogA_Task-1,left,Q2_visual_only,cue_stage,0.0,0.8,107.47861138436,4.048001921909326,0.2956334711168351,3,6,45,True,False
none,outward,2.0,0.2,1.0,VisualCogA_Task-1,left,Q2_visual_only,late_stage,0.8,2.8,132.25431649533968,2.8481270546874478,0.5731867075027766,3,6,45,True,False
none,outward,2.0,0.2,1.0,VisualCogA_Task-1,left,Q2_visual_only,candidate_target_600ms,2.0,2.6,140.03509644833915,2.8727385912530865,0.555578064300214,3,6,45,True,False
none,outward,2.0,0.2,1.0,VisualCogA_Task-1,right,Q2_visual_only,cue_stage,0.0,0.8,82.15340488213674,13.74335569813843,-0.4439798796309095,3,6,41,True,False
none,outward,2.0,0.2,1.0,VisualCogA_Task-1,right,Q2_visual_only,late_stage,0.8,2.8,117.02366883182125,3.271835280856513,0.038631835802550724,3,6,41,True,False
none,outward,2.0,0.2,1.0,VisualCogA_Task-1,right,Q2_visual_only,candidate_target_600ms,2.0,2.6,136.19014703997743,3.596425299329965,0.27669733685749937,3,6,41,True,False
none,outward,2.0,0.2,1.0,VisualCogA_Task-1,left,Q2_plus_memory,cue_stage,0.0,0.8,109.60471269879157,4.128077967702428,0.33364033086643835,3,6,45,True,False
none,outward,2.0,0.2,1.0,VisualCogA_Task-1,left,Q2_plus_memory,late_stage,0.8,2.8,132.68911718249925,2.8574905872609913,0.5356999196119683,3,6,45,True,False
none,outward,2.0,0.2,1.0,VisualCogA_Task-1,left,Q2_plus_memory,candidate_target_600ms,2.0,2.6,146.8386354650441,3.0123092387985375,0.612620157905564,3,6,45,True,False
none,outward,2.0,0.2,1.0,VisualCogA_Task-1,right,Q2_plus_memory,cue_stage,0.0,0.8,84.0434784756021,14.059544098703448,-0.38840551984914307,3,6,41,True,False
none,outward,2.0,0.2,1.0,VisualCogA_Task-1,right,Q2_plus_memory,late_stage,0.8,2.8,117.73328123360382,3.29167515526023,-0.005598625206652656,3,6,41,True,False
none,outward,2.0,0.2,1.0,VisualCogA_Task-1,right,Q2_plus_memory,candidate_target_600ms,2.0,2.6,143.37948542186075,3.786276907570459,0.3236000600406109,3,6,41,True,False
none,outward,2.0,0.2,1.0,VisualCogA_Task-1,left,Q2_plus_memory_control,cue_stage,0.0,0.8,106.05400232328692,3.9943464071709545,0.04956952124130322,3,6,45,True,False
none,outward,2.0,0.2,1.0,VisualCogA_Task-1,left,Q2_plus_memory_control,late_stage,0.8,2.8,134.2250702130631,2.890567688235856,0.5321326184731153,3,6,45,True,False
none,outward,2.0,0.2,1.0,VisualCogA_Task-1,left,Q2_plus_memory_control,candidate_target_600ms,2.0,2.6,152.1964606020768,3.122221906599055,0.7352534742624365,3,6,45,True,False
none,outward,2.0,0.2,1.0,VisualCogA_Task-1,right,Q2_plus_memory_control,cue_stage,0.0,0.8,78.679139760239,13.162149582233925,-0.37768970352455195,3,6,41,True,False
none,outward,2.0,0.2,1.0,VisualCogA_Task-1,right,Q2_plus_memory_control,late_stage,0.8,2.8,119.72847249718689,3.3474582052484276,0.041432907032949017,3,6,41,True,False
none,outward,2.0,0.2,1.0,VisualCogA_Task-1,right,Q2_plus_memory_control,candidate_target_600ms,2.0,2.6,149.43427528904175,3.946168059270769,0.5043720144240286,3,6,41,True,False
none,outward,2.0,0.2,1.0,VisualCogA_Task-2,left,Training_mean_template,cue_stage,0.0,0.8,49.257960094280094,0.9810764386232242,0.794194186385945,3,6,49,True,False
none,outward,2.0,0.2,1.0,VisualCogA_Task-2,left,Training_mean_template,late_stage,0.8,2.8,62.899753492085416,1.7944778075906822,0.1473251682388706,3,6,49,True,False
none,outward,2.0,0.2,1.0,VisualCogA_Task-2,left,Training_mean_template,candidate_target_600ms,2.0,2.6,67.0947544804307,2.9655845515905295,-0.2928105149771848,3,6,49,True,False
none,outward,2.0,0.2,1.0,VisualCogA_Task-2,right,Training_mean_template,cue_stage,0.0,0.8,87.82290746095246,1.2447581919835802,0.7458025461087507,3,6,41,True,False
none,outward,2.0,0.2,1.0,VisualCogA_Task-2,right,Training_mean_template,late_stage,0.8,2.8,194.89514998948022,4.505420300193029,-0.5400529536959167,3,6,41,True,False
none,outward,2.0,0.2,1.0,VisualCogA_Task-2,right,Training_mean_template,candidate_target_600ms,2.0,2.6,228.782923459446,6.993403983879156,-0.7921873847337788,3,6,41,True,False
none,outward,2.0,0.2,1.0,VisualCogA_Task-2,left,Q2_visual_only,cue_stage,0.0,0.8,63.303016685264836,1.2608134410116976,0.11281394931310686,3,6,49,True,False
none,outward,2.0,0.2,1.0,VisualCogA_Task-2,left,Q2_visual_only,late_stage,0.8,2.8,59.22512271600187,1.6896436387317952,0.08132247881961159,3,6,49,True,False
none,outward,2.0,0.2,1.0,VisualCogA_Task-2,left,Q2_visual_only,candidate_target_600ms,2.0,2.6,53.63798517455428,2.3707960695868535,-0.09888075045217094,3,6,49,True,False
none,outward,2.0,0.2,1.0,VisualCogA_Task-2,right,Q2_visual_only,cue_stage,0.0,0.8,110.16456049937742,1.5614176655315162,-0.145497662363872,3,6,41,True,False
none,outward,2.0,0.2,1.0,VisualCogA_Task-2,right,Q2_visual_only,late_stage,0.8,2.8,196.2921859206804,4.5377157885357,-0.4132271954885669,3,6,41,True,False
none,outward,2.0,0.2,1.0,VisualCogA_Task-2,right,Q2_visual_only,candidate_target_600ms,2.0,2.6,221.34193714878316,6.76594896878401,-0.6512626692941719,3,6,41,True,False
none,outward,2.0,0.2,1.0,VisualCogA_Task-2,left,Q2_plus_memory,cue_stage,0.0,0.8,64.12239203772431,1.2771330338480225,0.09045944929990557,3,6,49,True,False
none,outward,2.0,0.2,1.0,VisualCogA_Task-2,left,Q2_plus_memory,late_stage,0.8,2.8,59.45280380576193,1.6961391914184032,0.0773880917385433,3,6,49,True,False
none,outward,2.0,0.2,1.0,VisualCogA_Task-2,left,Q2_plus_memory,candidate_target_600ms,2.0,2.6,55.74582201475691,2.4639623449385506,-0.13510546657901001,3,6,49,True,False
none,outward,2.0,0.2,1.0,VisualCogA_Task-2,right,Q2_plus_memory,cue_stage,0.0,0.8,110.61426774682813,1.567791592294389,-0.1569774852189886,3,6,41,True,False
none,outward,2.0,0.2,1.0,VisualCogA_Task-2,right,Q2_plus_memory,late_stage,0.8,2.8,196.25344318539842,4.536820166935913,-0.3953455479733018,3,6,41,True,False
none,outward,2.0,0.2,1.0,VisualCogA_Task-2,right,Q2_plus_memory,candidate_target_600ms,2.0,2.6,221.0885712491299,6.758204115867449,-0.6713557905336018,3,6,41,True,False
none,outward,2.0,0.2,1.0,VisualCogA_Task-2,left,Q2_plus_memory_control,cue_stage,0.0,0.8,55.47846535847341,1.1049709551511318,0.2697383936025047,3,6,49,True,False
none,outward,2.0,0.2,1.0,VisualCogA_Task-2,left,Q2_plus_memory_control,late_stage,0.8,2.8,64.5562879122616,1.841737360919302,0.0037537276872643684,3,6,49,True,False
none,outward,2.0,0.2,1.0,VisualCogA_Task-2,left,Q2_plus_memory_control,candidate_target_600ms,2.0,2.6,70.27994299712596,3.106369713294491,-0.285305628504132,3,6,49,True,False
none,outward,2.0,0.2,1.0,VisualCogA_Task-2,right,Q2_plus_memory_control,cue_stage,0.0,0.8,101.42226525978248,1.437508722741582,0.015282736379738121,3,6,41,True,False
none,outward,2.0,0.2,1.0,VisualCogA_Task-2,right,Q2_plus_memory_control,late_stage,0.8,2.8,200.12855661833493,4.626401743118004,-0.48249721753262875,3,6,41,True,False
none,outward,2.0,0.2,1.0,VisualCogA_Task-2,right,Q2_plus_memory_control,candidate_target_600ms,2.0,2.6,230.64458001048473,7.050310837519203,-0.760335105641462,3,6,41,True,False
none,outward,2.0,0.2,1.0,VisualCogB_Task-1,left,Training_mean_template,cue_stage,0.0,0.8,30.33075629867405,1.1671982803593115,0.6762753600671128,3,6,43,True,False
none,outward,2.0,0.2,1.0,VisualCogB_Task-1,left,Training_mean_template,late_stage,0.8,2.8,47.76044260519691,1.307891646133743,0.25417606538143633,3,6,43,True,False
none,outward,2.0,0.2,1.0,VisualCogB_Task-1,left,Training_mean_template,candidate_target_600ms,2.0,2.6,49.74881535357403,1.2446273309279592,0.8092864900009278,3,6,43,True,False
none,outward,2.0,0.2,1.0,VisualCogB_Task-1,right,Training_mean_template,cue_stage,0.0,0.8,86.7423138020746,2.5508449339678005,0.029317347683828418,3,6,45,True,False
none,outward,2.0,0.2,1.0,VisualCogB_Task-1,right,Training_mean_template,late_stage,0.8,2.8,111.82341068398667,1.5738089517534397,0.2328057661890107,3,6,45,True,False
none,outward,2.0,0.2,1.0,VisualCogB_Task-1,right,Training_mean_template,candidate_target_600ms,2.0,2.6,111.0310049129903,1.3396534941125766,0.4697998752769324,3,6,45,True,False
none,outward,2.0,0.2,1.0,VisualCogB_Task-1,left,Q2_visual_only,cue_stage,0.0,0.8,51.81542190462012,1.993978348169601,0.6107559338637893,3,6,43,True,False
none,outward,2.0,0.2,1.0,VisualCogB_Task-1,left,Q2_visual_only,late_stage,0.8,2.8,58.56726846354764,1.6038302197813223,0.16565072916509033,3,6,43,True,False
none,outward,2.0,0.2,1.0,VisualCogB_Task-1,left,Q2_visual_only,candidate_target_600ms,2.0,2.6,71.20187942673007,1.7813450334064855,0.507330302698957,3,6,43,True,False
none,outward,2.0,0.2,1.0,VisualCogB_Task-1,right,Q2_visual_only,cue_stage,0.0,0.8,72.80442821956984,2.140971329379854,0.43959773741656416,3,6,45,True,False
none,outward,2.0,0.2,1.0,VisualCogB_Task-1,right,Q2_visual_only,late_stage,0.8,2.8,79.7079479550038,1.1218141286352863,0.5321664236395546,3,6,45,True,False
none,outward,2.0,0.2,1.0,VisualCogB_Task-1,right,Q2_visual_only,candidate_target_600ms,2.0,2.6,87.31432708501579,1.0534980157767133,0.48056768420610213,3,6,45,True,False
none,outward,2.0,0.2,1.0,VisualCogB_Task-1,left,Q2_plus_memory,cue_stage,0.0,0.8,53.861310503265486,2.0727089156052037,0.5882253491613672,3,6,43,True,False
none,outward,2.0,0.2,1.0,VisualCogB_Task-1,left,Q2_plus_memory,late_stage,0.8,2.8,59.52761318285963,1.6301286954085172,0.11293869251553137,3,6,43,True,False
none,outward,2.0,0.2,1.0,VisualCogB_Task-1,left,Q2_plus_memory,candidate_target_600ms,2.0,2.6,76.64464523121319,1.917513403003916,0.5314398884752961,3,6,43,True,False
none,outward,2.0,0.2,1.0,VisualCogB_Task-1,right,Q2_plus_memory,cue_stage,0.0,0.8,74.42238427764407,2.1885508189417573,0.42413378402747753,3,6,45,True,False
none,outward,2.0,0.2,1.0,VisualCogB_Task-1,right,Q2_plus_memory,late_stage,0.8,2.8,79.76493828936471,1.1226162137964524,0.5219105422204352,3,6,45,True,False
none,outward,2.0,0.2,1.0,VisualCogB_Task-1,right,Q2_plus_memory,candidate_target_600ms,2.0,2.6,90.07384589029873,1.0867932112265217,0.5059486601072357,3,6,45,True,False
none,outward,2.0,0.2,1.0,VisualCogB_Task-1,left,Q2_plus_memory_control,cue_stage,0.0,0.8,52.83834294977782,2.033342737012869,0.6649054823399007,3,6,43,True,False
none,outward,2.0,0.2,1.0,VisualCogB_Task-1,left,Q2_plus_memory_control,late_stage,0.8,2.8,58.65139698925677,1.6061340300053202,0.22007749145206656,3,6,43,True,False
none,outward,2.0,0.2,1.0,VisualCogB_Task-1,left,Q2_plus_memory_control,candidate_target_600ms,2.0,2.6,76.2929668075691,1.908715031130049,0.6672877375450984,3,6,43,True,False
none,outward,2.0,0.2,1.0,VisualCogB_Task-1,right,Q2_plus_memory_control,cue_stage,0.0,0.8,75.85794635913163,2.2307666200018303,0.2168452113467472,3,6,45,True,False
none,outward,2.0,0.2,1.0,VisualCogB_Task-1,right,Q2_plus_memory_control,late_stage,0.8,2.8,78.37386764807184,1.103038207595452,0.5720298499235797,3,6,45,True,False
none,outward,2.0,0.2,1.0,VisualCogB_Task-1,right,Q2_plus_memory_control,candidate_target_600ms,2.0,2.6,87.20338070821215,1.052159383369841,0.6177212689021705,3,6,45,True,False
none,outward,2.0,0.2,1.0,VisualCogB_Task-2,left,Training_mean_template,cue_stage,0.0,0.8,63.2138714343876,1.2292311223231638,0.9634197574214081,3,6,44,True,False
none,outward,2.0,0.2,1.0,VisualCogB_Task-2,left,Training_mean_template,late_stage,0.8,2.8,97.65021851600747,2.2596645567823304,0.6605098055625932,3,6,44,True,False
none,outward,2.0,0.2,1.0,VisualCogB_Task-2,left,Training_mean_template,candidate_target_600ms,2.0,2.6,120.33419423852553,3.250046238439063,0.801596915348087,3,6,44,True,False
none,outward,2.0,0.2,1.0,VisualCogB_Task-2,right,Training_mean_template,cue_stage,0.0,0.8,74.10254107893448,1.1155363853672184,0.9298987076586458,3,6,47,True,False
none,outward,2.0,0.2,1.0,VisualCogB_Task-2,right,Training_mean_template,late_stage,0.8,2.8,77.11685725509513,1.4163081329371616,0.35038858443652277,3,6,47,True,False
none,outward,2.0,0.2,1.0,VisualCogB_Task-2,right,Training_mean_template,candidate_target_600ms,2.0,2.6,68.04424122167666,1.226683950079519,0.3902052287812037,3,6,47,True,False
none,outward,2.0,0.2,1.0,VisualCogB_Task-2,left,Q2_visual_only,cue_stage,0.0,0.8,59.05696923752654,1.1483977002136065,0.5143036395527802,3,6,44,True,False
none,outward,2.0,0.2,1.0,VisualCogB_Task-2,left,Q2_visual_only,late_stage,0.8,2.8,77.47747708232491,1.7928593665476102,0.7147665235784678,3,6,44,True,False
none,outward,2.0,0.2,1.0,VisualCogB_Task-2,left,Q2_visual_only,candidate_target_600ms,2.0,2.6,91.37668930395166,2.4679474295116366,0.7215230147605519,3,6,44,True,False
none,outward,2.0,0.2,1.0,VisualCogB_Task-2,right,Q2_visual_only,cue_stage,0.0,0.8,87.47966956238639,1.3169150876053384,0.2775338163661793,3,6,47,True,False
none,outward,2.0,0.2,1.0,VisualCogB_Task-2,right,Q2_visual_only,late_stage,0.8,2.8,100.56423485685586,1.8469365684758552,0.4922819609074628,3,6,47,True,False
none,outward,2.0,0.2,1.0,VisualCogB_Task-2,right,Q2_visual_only,candidate_target_600ms,2.0,2.6,92.23898632707647,1.662860545838281,0.588472195906015,3,6,47,True,False
none,outward,2.0,0.2,1.0,VisualCogB_Task-2,left,Q2_plus_memory,cue_stage,0.0,0.8,59.170198284473344,1.1505995060087548,0.46043496225814795,3,6,44,True,False
none,outward,2.0,0.2,1.0,VisualCogB_Task-2,left,Q2_plus_memory,late_stage,0.8,2.8,77.08988830941402,1.7838904095287387,0.7385386522115012,3,6,44,True,False
none,outward,2.0,0.2,1.0,VisualCogB_Task-2,left,Q2_plus_memory,candidate_target_600ms,2.0,2.6,88.12275899369033,2.380063648580298,0.7460611303730105,3,6,44,True,False
none,outward,2.0,0.2,1.0,VisualCogB_Task-2,right,Q2_plus_memory,cue_stage,0.0,0.8,87.53841219933616,1.3177993966713404,0.23466712745274504,3,6,47,True,False
none,outward,2.0,0.2,1.0,VisualCogB_Task-2,right,Q2_plus_memory,late_stage,0.8,2.8,100.48885093062778,1.8455520869032154,0.4864127934929332,3,6,47,True,False
none,outward,2.0,0.2,1.0,VisualCogB_Task-2,right,Q2_plus_memory,candidate_target_600ms,2.0,2.6,89.33190750884987,1.610452482144587,0.5850337145225836,3,6,47,True,False
none,outward,2.0,0.2,1.0,VisualCogB_Task-2,left,Q2_plus_memory_control,cue_stage,0.0,0.8,58.02114091575013,1.1282554057832943,0.6161910833570464,3,6,44,True,False
none,outward,2.0,0.2,1.0,VisualCogB_Task-2,left,Q2_plus_memory_control,late_stage,0.8,2.8,77.3848866763991,1.7907167880490855,0.672484106512691,3,6,44,True,False
none,outward,2.0,0.2,1.0,VisualCogB_Task-2,left,Q2_plus_memory_control,candidate_target_600ms,2.0,2.6,88.8274463684336,2.3990961984390697,0.6969770831441916,3,6,44,True,False
none,outward,2.0,0.2,1.0,VisualCogB_Task-2,right,Q2_plus_memory_control,cue_stage,0.0,0.8,85.48459223098526,1.2868812814443784,0.41686874631592974,3,6,47,True,False
none,outward,2.0,0.2,1.0,VisualCogB_Task-2,right,Q2_plus_memory_control,late_stage,0.8,2.8,100.71191937124966,1.84964890383663,0.4573899572972392,3,6,47,True,False
none,outward,2.0,0.2,1.0,VisualCogB_Task-2,right,Q2_plus_memory_control,candidate_target_600ms,2.0,2.6,90.42427504792057,1.6301454011000711,0.4969974652575388,3,6,47,True,False
none,dots,2.2,0.2,-1.0,VisualCogA_Task-1,left,Training_mean_template,cue_stage,0.0,0.8,90.1585675739132,3.3956714746772474,-0.24359713848395168,3,6,45,True,False
none,dots,2.2,0.2,-1.0,VisualCogA_Task-1,left,Training_mean_template,late_stage,0.8,2.8,120.68295611953907,2.5989351536653182,0.4474960472766061,3,6,45,True,False
none,dots,2.2,0.2,-1.0,VisualCogA_Task-1,left,Training_mean_template,candidate_target_600ms,2.2,2.8000000000000003,123.40873079983828,2.6748491130763927,0.7976856668348464,3,6,45,True,False
none,dots,2.2,0.2,-1.0,VisualCogA_Task-1,right,Training_mean_template,cue_stage,0.0,0.8,78.07957539471936,13.061849097414253,0.06679067000787269,3,6,41,True,False
none,dots,2.2,0.2,-1.0,VisualCogA_Task-1,right,Training_mean_template,late_stage,0.8,2.8,155.19115609643598,4.338950443631611,0.2707080293263396,3,6,41,True,False
none,dots,2.2,0.2,-1.0,VisualCogA_Task-1,right,Training_mean_template,candidate_target_600ms,2.2,2.8000000000000003,190.75428703577919,4.609686595103582,0.6121985196158213,3,6,41,True,False
none,dots,2.2,0.2,-1.0,VisualCogA_Task-1,left,Q2_visual_only,cue_stage,0.0,0.8,107.20775911859923,4.037800724868994,0.29744793590067986,3,6,45,True,False
none,dots,2.2,0.2,-1.0,VisualCogA_Task-1,left,Q2_visual_only,late_stage,0.8,2.8,129.8787327281413,2.7969683131255234,0.6475921918615075,3,6,45,True,False
none,dots,2.2,0.2,-1.0,VisualCogA_Task-1,left,Q2_visual_only,candidate_target_600ms,2.2,2.8000000000000003,135.6707549726475,2.9406249967645426,0.5635906492717402,3,6,45,True,False
none,dots,2.2,0.2,-1.0,VisualCogA_Task-1,right,Q2_visual_only,cue_stage,0.0,0.8,81.54555791369732,13.64166962548833,-0.43146812914099164,3,6,41,True,False
none,dots,2.2,0.2,-1.0,VisualCogA_Task-1,right,Q2_visual_only,late_stage,0.8,2.8,114.06497947531138,3.189114030374821,0.15475096695614235,3,6,41,True,False
none,dots,2.2,0.2,-1.0,VisualCogA_Task-1,right,Q2_visual_only,candidate_target_600ms,2.2,2.8000000000000003,139.58998046568956,3.3732718239919146,0.3715845448370843,3,6,41,True,False
none,dots,2.2,0.2,-1.0,VisualCogA_Task-1,left,Q2_plus_memory,cue_stage,0.0,0.8,99.43781631687455,3.745158840224363,0.01556771603828216,3,6,45,True,False
none,dots,2.2,0.2,-1.0,VisualCogA_Task-1,left,Q2_plus_memory,late_stage,0.8,2.8,132.13754344018034,2.8456123201481818,0.5807419826159937,3,6,45,True,False
none,dots,2.2,0.2,-1.0,VisualCogA_Task-1,left,Q2_plus_memory,candidate_target_600ms,2.2,2.8000000000000003,146.54718284998884,3.176368475143983,0.7407438267941794,3,6,45,True,False
none,dots,2.2,0.2,-1.0,VisualCogA_Task-1,right,Q2_plus_memory,cue_stage,0.0,0.8,71.7331318033817,12.000159301123292,-0.3655168016255196,3,6,41,True,False
none,dots,2.2,0.2,-1.0,VisualCogA_Task-1,right,Q2_plus_memory,late_stage,0.8,2.8,117.04353550543476,3.27239072818004,0.09308748200394239,3,6,41,True,False
none,dots,2.2,0.2,-1.0,VisualCogA_Task-1,right,Q2_plus_memory,candidate_target_600ms,2.2,2.8000000000000003,151.08826124004747,3.6511343642049856,0.5790849791745503,3,6,41,True,False
none,dots,2.2,0.2,-1.0,VisualCogA_Task-1,left,Q2_plus_memory_control,cue_stage,0.0,0.8,102.46868283810988,3.859311352477574,-0.03841585134099986,3,6,45,True,False
none,dots,2.2,0.2,-1.0,VisualCogA_Task-1,left,Q2_plus_memory_control,late_stage,0.8,2.8,132.39736213554565,2.8512075753745743,0.5438935085907539,3,6,45,True,False
none,dots,2.2,0.2,-1.0,VisualCogA_Task-1,left,Q2_plus_memory_control,candidate_target_600ms,2.2,2.8000000000000003,151.32227908909852,3.2798673269452663,0.7408481684728838,3,6,45,True,False
none,dots,2.2,0.2,-1.0,VisualCogA_Task-1,right,Q2_plus_memory_control,cue_stage,0.0,0.8,74.77082626521664,12.50833197578185,-0.3846059815757921,3,6,41,True,False
none,dots,2.2,0.2,-1.0,VisualCogA_Task-1,right,Q2_plus_memory_control,late_stage,0.8,2.8,117.59130010015734,3.287705540512518,0.0575483739230526,3,6,41,True,False
none,dots,2.2,0.2,-1.0,VisualCogA_Task-1,right,Q2_plus_memory_control,candidate_target_600ms,2.2,2.8000000000000003,155.8086495735468,3.7652052517469987,0.5901831573381656,3,6,41,True,False
none,dots,2.2,0.2,-1.0,VisualCogA_Task-2,left,Training_mean_template,cue_stage,0.0,0.8,49.257960094280094,0.9810764386232242,0.794194186385945,3,6,49,True,False
none,dots,2.2,0.2,-1.0,VisualCogA_Task-2,left,Training_mean_template,late_stage,0.8,2.8,62.899753492085416,1.7944778075906822,0.1473251682388706,3,6,49,True,False
none,dots,2.2,0.2,-1.0,VisualCogA_Task-2,left,Training_mean_template,candidate_target_600ms,2.2,2.8000000000000003,85.80375759854347,3.124302787537705,-0.3957291072700665,3,6,49,True,False
none,dots,2.2,0.2,-1.0,VisualCogA_Task-2,right,Training_mean_template,cue_stage,0.0,0.8,87.82290746095246,1.2447581919835802,0.7458025461087507,3,6,41,True,False
none,dots,2.2,0.2,-1.0,VisualCogA_Task-2,right,Training_mean_template,late_stage,0.8,2.8,194.89514998948022,4.505420300193029,-0.5400529536959167,3,6,41,True,False
none,dots,2.2,0.2,-1.0,VisualCogA_Task-2,right,Training_mean_template,candidate_target_600ms,2.2,2.8000000000000003,239.83526899618826,6.98716665403749,-0.7639552765626814,3,6,41,True,False
none,dots,2.2,0.2,-1.0,VisualCogA_Task-2,left,Q2_visual_only,cue_stage,0.0,0.8,62.97236133620499,1.2542277405148345,0.11252714505563517,3,6,49,True,False
none,dots,2.2,0.2,-1.0,VisualCogA_Task-2,left,Q2_visual_only,late_stage,0.8,2.8,60.41301663029672,1.7235332670471486,0.04591723551744352,3,6,49,True,False
none,dots,2.2,0.2,-1.0,VisualCogA_Task-2,left,Q2_visual_only,candidate_target_600ms,2.2,2.8000000000000003,71.1968855716531,2.592434577239246,-0.2205049142810753,3,6,49,True,False
none,dots,2.2,0.2,-1.0,VisualCogA_Task-2,right,Q2_visual_only,cue_stage,0.0,0.8,109.77550905386025,1.5559034439245185,-0.1438092675031611,3,6,41,True,False
none,dots,2.2,0.2,-1.0,VisualCogA_Task-2,right,Q2_visual_only,late_stage,0.8,2.8,197.61805978723353,4.568366212798112,-0.47753297407780904,3,6,41,True,False
none,dots,2.2,0.2,-1.0,VisualCogA_Task-2,right,Q2_visual_only,candidate_target_600ms,2.2,2.8000000000000003,233.51661061512152,6.803083973774373,-0.6584376102633005,3,6,41,True,False
none,dots,2.2,0.2,-1.0,VisualCogA_Task-2,left,Q2_plus_memory,cue_stage,0.0,0.8,56.40347665179999,1.1233945111328683,0.22864212303200174,3,6,49,True,False
none,dots,2.2,0.2,-1.0,VisualCogA_Task-2,left,Q2_plus_memory,late_stage,0.8,2.8,64.60189563666333,1.8430385114763375,-0.04571405398661626,3,6,49,True,False
none,dots,2.2,0.2,-1.0,VisualCogA_Task-2,left,Q2_plus_memory,candidate_target_600ms,2.2,2.8000000000000003,86.7682035255675,3.1594203765869953,-0.36776970178556395,3,6,49,True,False
none,dots,2.2,0.2,-1.0,VisualCogA_Task-2,right,Q2_plus_memory,cue_stage,0.0,0.8,102.41984920683069,1.4516479812355196,-0.021992863542764557,3,6,41,True,False
none,dots,2.2,0.2,-1.0,VisualCogA_Task-2,right,Q2_plus_memory,late_stage,0.8,2.8,200.1998863444853,4.628050683054285,-0.5555633989176163,3,6,41,True,False
none,dots,2.2,0.2,-1.0,VisualCogA_Task-2,right,Q2_plus_memory,candidate_target_600ms,2.2,2.8000000000000003,244.17267925814724,7.113529254809612,-0.7620356681916006,3,6,41,True,False
none,dots,2.2,0.2,-1.0,VisualCogA_Task-2,left,Q2_plus_memory_control,cue_stage,0.0,0.8,54.11887524679335,1.0778918430197848,0.3066138856332714,3,6,49,True,False
none,dots,2.2,0.2,-1.0,VisualCogA_Task-2,left,Q2_plus_memory_control,late_stage,0.8,2.8,64.75791120924079,1.8474895063862624,-0.03285633688174694,3,6,49,True,False
none,dots,2.2,0.2,-1.0,VisualCogA_Task-2,left,Q2_plus_memory_control,candidate_target_600ms,2.2,2.8000000000000003,86.65834541778302,3.1554202022124587,-0.40150798871201626,3,6,49,True,False
none,dots,2.2,0.2,-1.0,VisualCogA_Task-2,right,Q2_plus_memory_control,cue_stage,0.0,0.8,99.79754082592851,1.4144806870362643,0.05739669287965262,3,6,41,True,False
none,dots,2.2,0.2,-1.0,VisualCogA_Task-2,right,Q2_plus_memory_control,late_stage,0.8,2.8,200.35180836715605,4.631562687149945,-0.5263885276972793,3,6,41,True,False
none,dots,2.2,0.2,-1.0,VisualCogA_Task-2,right,Q2_plus_memory_control,candidate_target_600ms,2.2,2.8000000000000003,242.64094767354518,7.068905026289504,-0.780599236323417,3,6,41,True,False
none,dots,2.2,0.2,-1.0,VisualCogB_Task-1,left,Training_mean_template,cue_stage,0.0,0.8,30.33075629867405,1.1671982803593115,0.6762753600671128,3,6,43,True,False
none,dots,2.2,0.2,-1.0,VisualCogB_Task-1,left,Training_mean_template,late_stage,0.8,2.8,47.76044260519691,1.307891646133743,0.25417606538143633,3,6,43,True,False
none,dots,2.2,0.2,-1.0,VisualCogB_Task-1,left,Training_mean_template,candidate_target_600ms,2.2,2.8000000000000003,59.91640472171523,1.2891534388494987,0.7961337222116565,3,6,43,True,False
none,dots,2.2,0.2,-1.0,VisualCogB_Task-1,right,Training_mean_template,cue_stage,0.0,0.8,86.7423138020746,2.5508449339678005,0.029317347683828418,3,6,45,True,False
none,dots,2.2,0.2,-1.0,VisualCogB_Task-1,right,Training_mean_template,late_stage,0.8,2.8,111.82341068398667,1.5738089517534397,0.2328057661890107,3,6,45,True,False
none,dots,2.2,0.2,-1.0,VisualCogB_Task-1,right,Training_mean_template,candidate_target_600ms,2.2,2.8000000000000003,106.04275074272239,1.340722059409212,0.4520682831316366,3,6,45,True,False
none,dots,2.2,0.2,-1.0,VisualCogB_Task-1,left,Q2_visual_only,cue_stage,0.0,0.8,51.684436208955994,1.9889377129402868,0.6231770383090909,3,6,43,True,False
none,dots,2.2,0.2,-1.0,VisualCogB_Task-1,left,Q2_visual_only,late_stage,0.8,2.8,55.20071081044326,1.511639017385645,0.293215796283821,3,6,43,True,False
none,dots,2.2,0.2,-1.0,VisualCogB_Task-1,left,Q2_visual_only,candidate_target_600ms,2.2,2.8000000000000003,75.54821532138155,1.625485408092312,0.537575467456564,3,6,43,True,False
none,dots,2.2,0.2,-1.0,VisualCogB_Task-1,right,Q2_visual_only,cue_stage,0.0,0.8,72.78563884156371,2.1404187871706535,0.4275641596134445,3,6,45,True,False
none,dots,2.2,0.2,-1.0,VisualCogB_Task-1,right,Q2_visual_only,late_stage,0.8,2.8,78.33707492912846,1.102520384806125,0.5780563279386726,3,6,45,True,False
none,dots,2.2,0.2,-1.0,VisualCogB_Task-1,right,Q2_visual_only,candidate_target_600ms,2.2,2.8000000000000003,81.22880817880174,1.0269938701332015,0.48171771045261613,3,6,45,True,False
none,dots,2.2,0.2,-1.0,VisualCogB_Task-1,left,Q2_plus_memory,cue_stage,0.0,0.8,47.491533575896284,1.8275850353205974,0.6532685636971683,3,6,43,True,False
none,dots,2.2,0.2,-1.0,VisualCogB_Task-1,left,Q2_plus_memory,late_stage,0.8,2.8,55.714098213744414,1.5256978296449522,0.3385741509460932,3,6,43,True,False
none,dots,2.2,0.2,-1.0,VisualCogB_Task-1,left,Q2_plus_memory,candidate_target_600ms,2.2,2.8000000000000003,78.69122941452098,1.693110083593822,0.6591738732392471,3,6,43,True,False
none,dots,2.2,0.2,-1.0,VisualCogB_Task-1,right,Q2_plus_memory,cue_stage,0.0,0.8,70.20494052369371,2.0645277837872453,0.23740847323088687,3,6,45,True,False
none,dots,2.2,0.2,-1.0,VisualCogB_Task-1,right,Q2_plus_memory,late_stage,0.8,2.8,77.85320972524374,1.0957104387969856,0.5963254204669121,3,6,45,True,False
none,dots,2.2,0.2,-1.0,VisualCogB_Task-1,right,Q2_plus_memory,candidate_target_600ms,2.2,2.8000000000000003,79.99306641615144,1.0113701124570345,0.5940436129238583,3,6,45,True,False
none,dots,2.2,0.2,-1.0,VisualCogB_Task-1,left,Q2_plus_memory_control,cue_stage,0.0,0.8,50.319407849963575,1.9364082363400843,0.6526372497037914,3,6,43,True,False
none,dots,2.2,0.2,-1.0,VisualCogB_Task-1,left,Q2_plus_memory_control,late_stage,0.8,2.8,56.64130654491274,1.5510888847611102,0.27127472279426745,3,6,43,True,False
none,dots,2.2,0.2,-1.0,VisualCogB_Task-1,left,Q2_plus_memory_control,candidate_target_600ms,2.2,2.8000000000000003,82.90058813991357,1.7836780891574853,0.6705037018428284,3,6,43,True,False
none,dots,2.2,0.2,-1.0,VisualCogB_Task-1,right,Q2_plus_memory_control,cue_stage,0.0,0.8,73.76291169622507,2.169157604492328,0.17280629838752726,3,6,45,True,False
none,dots,2.2,0.2,-1.0,VisualCogB_Task-1,right,Q2_plus_memory_control,late_stage,0.8,2.8,77.77076356799095,1.0945500869571656,0.5773785625936331,3,6,45,True,False
none,dots,2.2,0.2,-1.0,VisualCogB_Task-1,right,Q2_plus_memory_control,candidate_target_600ms,2.2,2.8000000000000003,83.00207356754161,1.0494136584470535,0.5866621802618175,3,6,45,True,False
none,dots,2.2,0.2,-1.0,VisualCogB_Task-2,left,Training_mean_template,cue_stage,0.0,0.8,63.2138714343876,1.2292311223231638,0.9634197574214081,3,6,44,True,False
none,dots,2.2,0.2,-1.0,VisualCogB_Task-2,left,Training_mean_template,late_stage,0.8,2.8,97.65021851600747,2.2596645567823304,0.6605098055625932,3,6,44,True,False
none,dots,2.2,0.2,-1.0,VisualCogB_Task-2,left,Training_mean_template,candidate_target_600ms,2.2,2.8000000000000003,111.92058376690936,2.669945848842001,0.7638155595056176,3,6,44,True,False
none,dots,2.2,0.2,-1.0,VisualCogB_Task-2,right,Training_mean_template,cue_stage,0.0,0.8,74.10254107893448,1.1155363853672184,0.9298987076586458,3,6,47,True,False
none,dots,2.2,0.2,-1.0,VisualCogB_Task-2,right,Training_mean_template,late_stage,0.8,2.8,77.11685725509513,1.4163081329371616,0.35038858443652277,3,6,47,True,False
none,dots,2.2,0.2,-1.0,VisualCogB_Task-2,right,Training_mean_template,candidate_target_600ms,2.2,2.8000000000000003,67.65758441469684,1.1362065903523808,0.39991481881973406,3,6,47,True,False
none,dots,2.2,0.2,-1.0,VisualCogB_Task-2,left,Q2_visual_only,cue_stage,0.0,0.8,58.476617445005196,1.137112416318224,0.5326236551993203,3,6,44,True,False
none,dots,2.2,0.2,-1.0,VisualCogB_Task-2,left,Q2_visual_only,late_stage,0.8,2.8,79.24891079847275,1.833851041158275,0.7078494175235915,3,6,44,True,False
none,dots,2.2,0.2,-1.0,VisualCogB_Task-2,left,Q2_visual_only,candidate_target_600ms,2.2,2.8000000000000003,89.9616178068246,2.1460989563696127,0.7375223990984338,3,6,44,True,False
none,dots,2.2,0.2,-1.0,VisualCogB_Task-2,right,Q2_visual_only,cue_stage,0.0,0.8,86.67205208432546,1.3047572497077715,0.30786097933826695,3,6,47,True,False
none,dots,2.2,0.2,-1.0,VisualCogB_Task-2,right,Q2_visual_only,late_stage,0.8,2.8,101.9196348775215,1.8718294925521293,0.5255074148646839,3,6,47,True,False
none,dots,2.2,0.2,-1.0,VisualCogB_Task-2,right,Q2_visual_only,candidate_target_600ms,2.2,2.8000000000000003,94.73435454776505,1.5909199079618364,0.5907470513762721,3,6,47,True,False
none,dots,2.2,0.2,-1.0,VisualCogB_Task-2,left,Q2_plus_memory,cue_stage,0.0,0.8,60.628318704602734,1.1789535200858448,0.6336111963668465,3,6,44,True,False
none,dots,2.2,0.2,-1.0,VisualCogB_Task-2,left,Q2_plus_memory,late_stage,0.8,2.8,78.23849524502937,1.8104696268774318,0.6827354095860264,3,6,44,True,False
none,dots,2.2,0.2,-1.0,VisualCogB_Task-2,left,Q2_plus_memory,candidate_target_600ms,2.2,2.8000000000000003,84.8577144570277,2.024341678994599,0.6948755238692088,3,6,44,True,False
none,dots,2.2,0.2,-1.0,VisualCogB_Task-2,right,Q2_plus_memory,cue_stage,0.0,0.8,87.99389103902018,1.3246561550366323,0.46160433569546294,3,6,47,True,False
none,dots,2.2,0.2,-1.0,VisualCogB_Task-2,right,Q2_plus_memory,late_stage,0.8,2.8,101.47336783483884,1.8636334681741842,0.4637311674578811,3,6,47,True,False
none,dots,2.2,0.2,-1.0,VisualCogB_Task-2,right,Q2_plus_memory,candidate_target_600ms,2.2,2.8000000000000003,90.97111422719112,1.5277219902367825,0.4850624884174981,3,6,47,True,False
none,dots,2.2,0.2,-1.0,VisualCogB_Task-2,left,Q2_plus_memory_control,cue_stage,0.0,0.8,59.26192649383553,1.1523832152988909,0.6624407865344405,3,6,44,True,False
none,dots,2.2,0.2,-1.0,VisualCogB_Task-2,left,Q2_plus_memory_control,late_stage,0.8,2.8,78.20990652725992,1.8098080726766403,0.6889931279491393,3,6,44,True,False
none,dots,2.2,0.2,-1.0,VisualCogB_Task-2,left,Q2_plus_memory_control,candidate_target_600ms,2.2,2.8000000000000003,83.31009056006239,1.9874220002349097,0.7139247554171417,3,6,44,True,False
none,dots,2.2,0.2,-1.0,VisualCogB_Task-2,right,Q2_plus_memory_control,cue_stage,0.0,0.8,86.56498948181981,1.3031455340112754,0.49786193530850625,3,6,47,True,False
none,dots,2.2,0.2,-1.0,VisualCogB_Task-2,right,Q2_plus_memory_control,late_stage,0.8,2.8,101.61720895921539,1.8662752168340322,0.4569164810521751,3,6,47,True,False
none,dots,2.2,0.2,-1.0,VisualCogB_Task-2,right,Q2_plus_memory_control,candidate_target_600ms,2.2,2.8000000000000003,89.67385306431001,1.5059364550979675,0.49458672695877026,3,6,47,True,False
none,dots,2.2,0.2,1.0,VisualCogA_Task-1,left,Training_mean_template,cue_stage,0.0,0.8,90.1585675739132,3.3956714746772474,-0.24359713848395168,3,6,45,True,False
none,dots,2.2,0.2,1.0,VisualCogA_Task-1,left,Training_mean_template,late_stage,0.8,2.8,120.68295611953907,2.5989351536653182,0.4474960472766061,3,6,45,True,False
none,dots,2.2,0.2,1.0,VisualCogA_Task-1,left,Training_mean_template,candidate_target_600ms,2.2,2.8000000000000003,123.40873079983828,2.6748491130763927,0.7976856668348464,3,6,45,True,False
none,dots,2.2,0.2,1.0,VisualCogA_Task-1,right,Training_mean_template,cue_stage,0.0,0.8,78.07957539471936,13.061849097414253,0.06679067000787269,3,6,41,True,False
none,dots,2.2,0.2,1.0,VisualCogA_Task-1,right,Training_mean_template,late_stage,0.8,2.8,155.19115609643598,4.338950443631611,0.2707080293263396,3,6,41,True,False
none,dots,2.2,0.2,1.0,VisualCogA_Task-1,right,Training_mean_template,candidate_target_600ms,2.2,2.8000000000000003,190.75428703577919,4.609686595103582,0.6121985196158213,3,6,41,True,False
none,dots,2.2,0.2,1.0,VisualCogA_Task-1,left,Q2_visual_only,cue_stage,0.0,0.8,107.20775911859923,4.037800724868994,0.29744793590067986,3,6,45,True,False
none,dots,2.2,0.2,1.0,VisualCogA_Task-1,left,Q2_visual_only,late_stage,0.8,2.8,129.8787327281413,2.7969683131255234,0.6475921918615075,3,6,45,True,False
none,dots,2.2,0.2,1.0,VisualCogA_Task-1,left,Q2_visual_only,candidate_target_600ms,2.2,2.8000000000000003,135.6707549726475,2.9406249967645426,0.5635906492717402,3,6,45,True,False
none,dots,2.2,0.2,1.0,VisualCogA_Task-1,right,Q2_visual_only,cue_stage,0.0,0.8,81.54555791369732,13.64166962548833,-0.43146812914099164,3,6,41,True,False
none,dots,2.2,0.2,1.0,VisualCogA_Task-1,right,Q2_visual_only,late_stage,0.8,2.8,114.06497947531138,3.189114030374821,0.15475096695614235,3,6,41,True,False
none,dots,2.2,0.2,1.0,VisualCogA_Task-1,right,Q2_visual_only,candidate_target_600ms,2.2,2.8000000000000003,139.58998046568956,3.3732718239919146,0.3715845448370843,3,6,41,True,False
none,dots,2.2,0.2,1.0,VisualCogA_Task-1,left,Q2_plus_memory,cue_stage,0.0,0.8,109.45589012220775,4.122472814562884,0.3330039305702981,3,6,45,True,False
none,dots,2.2,0.2,1.0,VisualCogA_Task-1,left,Q2_plus_memory,late_stage,0.8,2.8,130.24028746387532,2.804754477327058,0.6096375171124828,3,6,45,True,False
none,dots,2.2,0.2,1.0,VisualCogA_Task-1,left,Q2_plus_memory,candidate_target_600ms,2.2,2.8000000000000003,142.54499896929116,3.0896222787098253,0.6047244470320666,3,6,45,True,False
none,dots,2.2,0.2,1.0,VisualCogA_Task-1,right,Q2_plus_memory,cue_stage,0.0,0.8,83.52564709233305,13.97291663752718,-0.37604119621769727,3,6,41,True,False
none,dots,2.2,0.2,1.0,VisualCogA_Task-1,right,Q2_plus_memory,late_stage,0.8,2.8,114.7933868937587,3.2094793899153644,0.10025171349205823,3,6,41,True,False
none,dots,2.2,0.2,1.0,VisualCogA_Task-1,right,Q2_plus_memory,candidate_target_600ms,2.2,2.8000000000000003,146.70829373897675,3.5452899410445875,0.4009307933537827,3,6,41,True,False
none,dots,2.2,0.2,1.0,VisualCogA_Task-1,left,Q2_plus_memory_control,cue_stage,0.0,0.8,103.69304091089626,3.9054247490678997,0.011700218550524846,3,6,45,True,False
none,dots,2.2,0.2,1.0,VisualCogA_Task-1,left,Q2_plus_memory_control,late_stage,0.8,2.8,132.17307697863703,2.8463775430528786,0.5488817954928866,3,6,45,True,False
none,dots,2.2,0.2,1.0,VisualCogA_Task-1,left,Q2_plus_memory_control,candidate_target_600ms,2.2,2.8000000000000003,150.78195502531096,3.268155956660289,0.7109762152157049,3,6,45,True,False
none,dots,2.2,0.2,1.0,VisualCogA_Task-1,right,Q2_plus_memory_control,cue_stage,0.0,0.8,75.84765032704217,12.688472727430726,-0.36094155670159944,3,6,41,True,False
none,dots,2.2,0.2,1.0,VisualCogA_Task-1,right,Q2_plus_memory_control,late_stage,0.8,2.8,117.33013420493705,3.280403669030722,0.07055154823220561,3,6,41,True,False
none,dots,2.2,0.2,1.0,VisualCogA_Task-1,right,Q2_plus_memory_control,candidate_target_600ms,2.2,2.8000000000000003,155.35381506483995,3.754213915351066,0.5499700721084737,3,6,41,True,False
none,dots,2.2,0.2,1.0,VisualCogA_Task-2,left,Training_mean_template,cue_stage,0.0,0.8,49.257960094280094,0.9810764386232242,0.794194186385945,3,6,49,True,False
none,dots,2.2,0.2,1.0,VisualCogA_Task-2,left,Training_mean_template,late_stage,0.8,2.8,62.899753492085416,1.7944778075906822,0.1473251682388706,3,6,49,True,False
none,dots,2.2,0.2,1.0,VisualCogA_Task-2,left,Training_mean_template,candidate_target_600ms,2.2,2.8000000000000003,85.80375759854347,3.124302787537705,-0.3957291072700665,3,6,49,True,False
none,dots,2.2,0.2,1.0,VisualCogA_Task-2,right,Training_mean_template,cue_stage,0.0,0.8,87.82290746095246,1.2447581919835802,0.7458025461087507,3,6,41,True,False
none,dots,2.2,0.2,1.0,VisualCogA_Task-2,right,Training_mean_template,late_stage,0.8,2.8,194.89514998948022,4.505420300193029,-0.5400529536959167,3,6,41,True,False
none,dots,2.2,0.2,1.0,VisualCogA_Task-2,right,Training_mean_template,candidate_target_600ms,2.2,2.8000000000000003,239.83526899618826,6.98716665403749,-0.7639552765626814,3,6,41,True,False
none,dots,2.2,0.2,1.0,VisualCogA_Task-2,left,Q2_visual_only,cue_stage,0.0,0.8,62.97236133620499,1.2542277405148345,0.11252714505563517,3,6,49,True,False
none,dots,2.2,0.2,1.0,VisualCogA_Task-2,left,Q2_visual_only,late_stage,0.8,2.8,60.41301663029672,1.7235332670471486,0.04591723551744352,3,6,49,True,False
none,dots,2.2,0.2,1.0,VisualCogA_Task-2,left,Q2_visual_only,candidate_target_600ms,2.2,2.8000000000000003,71.1968855716531,2.592434577239246,-0.2205049142810753,3,6,49,True,False
none,dots,2.2,0.2,1.0,VisualCogA_Task-2,right,Q2_visual_only,cue_stage,0.0,0.8,109.77550905386025,1.5559034439245185,-0.1438092675031611,3,6,41,True,False
none,dots,2.2,0.2,1.0,VisualCogA_Task-2,right,Q2_visual_only,late_stage,0.8,2.8,197.61805978723353,4.568366212798112,-0.47753297407780904,3,6,41,True,False
none,dots,2.2,0.2,1.0,VisualCogA_Task-2,right,Q2_visual_only,candidate_target_600ms,2.2,2.8000000000000003,233.51661061512152,6.803083973774373,-0.6584376102633005,3,6,41,True,False
none,dots,2.2,0.2,1.0,VisualCogA_Task-2,left,Q2_plus_memory,cue_stage,0.0,0.8,63.67250383348793,1.268172558904561,0.08972492916530644,3,6,49,True,False
none,dots,2.2,0.2,1.0,VisualCogA_Task-2,left,Q2_plus_memory,late_stage,0.8,2.8,60.43483670253462,1.7241557756138295,0.05261732854677641,3,6,49,True,False
none,dots,2.2,0.2,1.0,VisualCogA_Task-2,left,Q2_plus_memory,candidate_target_600ms,2.2,2.8000000000000003,72.04859437212124,2.6234471605333627,-0.2399560113589476,3,6,49,True,False
none,dots,2.2,0.2,1.0,VisualCogA_Task-2,right,Q2_plus_memory,cue_stage,0.0,0.8,110.11266883239725,1.5606821788636673,-0.15609862204664363,3,6,41,True,False
none,dots,2.2,0.2,1.0,VisualCogA_Task-2,right,Q2_plus_memory,late_stage,0.8,2.8,197.5375871250175,4.56650591424282,-0.45609960990227105,3,6,41,True,False
none,dots,2.2,0.2,1.0,VisualCogA_Task-2,right,Q2_plus_memory,candidate_target_600ms,2.2,2.8000000000000003,232.8734549973058,6.784346798441623,-0.6710479006352806,3,6,41,True,False
none,dots,2.2,0.2,1.0,VisualCogA_Task-2,left,Q2_plus_memory_control,cue_stage,0.0,0.8,54.59441511535678,1.0873632251026117,0.288860869540865,3,6,49,True,False
none,dots,2.2,0.2,1.0,VisualCogA_Task-2,left,Q2_plus_memory_control,late_stage,0.8,2.8,64.58239136823458,1.8424820708719545,-0.022359147994447007,3,6,49,True,False
none,dots,2.2,0.2,1.0,VisualCogA_Task-2,left,Q2_plus_memory_control,candidate_target_600ms,2.2,2.8000000000000003,86.08259969539289,3.1344560391533927,-0.3660287575657718,3,6,49,True,False
none,dots,2.2,0.2,1.0,VisualCogA_Task-2,right,Q2_plus_memory_control,cue_stage,0.0,0.8,100.2965989443206,1.4215540884881654,0.041579456304214814,3,6,41,True,False
none,dots,2.2,0.2,1.0,VisualCogA_Task-2,right,Q2_plus_memory_control,late_stage,0.8,2.8,200.37082588831638,4.632002318027879,-0.5228603277955118,3,6,41,True,False
none,dots,2.2,0.2,1.0,VisualCogA_Task-2,right,Q2_plus_memory_control,candidate_target_600ms,2.2,2.8000000000000003,242.61836814575426,7.068247212598028,-0.7583166865306131,3,6,41,True,False
none,dots,2.2,0.2,1.0,VisualCogB_Task-1,left,Training_mean_template,cue_stage,0.0,0.8,30.33075629867405,1.1671982803593115,0.6762753600671128,3,6,43,True,False
none,dots,2.2,0.2,1.0,VisualCogB_Task-1,left,Training_mean_template,late_stage,0.8,2.8,47.76044260519691,1.307891646133743,0.25417606538143633,3,6,43,True,False
none,dots,2.2,0.2,1.0,VisualCogB_Task-1,left,Training_mean_template,candidate_target_600ms,2.2,2.8000000000000003,59.91640472171523,1.2891534388494987,0.7961337222116565,3,6,43,True,False
none,dots,2.2,0.2,1.0,VisualCogB_Task-1,right,Training_mean_template,cue_stage,0.0,0.8,86.7423138020746,2.5508449339678005,0.029317347683828418,3,6,45,True,False
none,dots,2.2,0.2,1.0,VisualCogB_Task-1,right,Training_mean_template,late_stage,0.8,2.8,111.82341068398667,1.5738089517534397,0.2328057661890107,3,6,45,True,False
none,dots,2.2,0.2,1.0,VisualCogB_Task-1,right,Training_mean_template,candidate_target_600ms,2.2,2.8000000000000003,106.04275074272239,1.340722059409212,0.4520682831316366,3,6,45,True,False
none,dots,2.2,0.2,1.0,VisualCogB_Task-1,left,Q2_visual_only,cue_stage,0.0,0.8,51.684436208955994,1.9889377129402868,0.6231770383090909,3,6,43,True,False
none,dots,2.2,0.2,1.0,VisualCogB_Task-1,left,Q2_visual_only,late_stage,0.8,2.8,55.20071081044326,1.511639017385645,0.293215796283821,3,6,43,True,False
none,dots,2.2,0.2,1.0,VisualCogB_Task-1,left,Q2_visual_only,candidate_target_600ms,2.2,2.8000000000000003,75.54821532138155,1.625485408092312,0.537575467456564,3,6,43,True,False
none,dots,2.2,0.2,1.0,VisualCogB_Task-1,right,Q2_visual_only,cue_stage,0.0,0.8,72.78563884156371,2.1404187871706535,0.4275641596134445,3,6,45,True,False
none,dots,2.2,0.2,1.0,VisualCogB_Task-1,right,Q2_visual_only,late_stage,0.8,2.8,78.33707492912846,1.102520384806125,0.5780563279386726,3,6,45,True,False
none,dots,2.2,0.2,1.0,VisualCogB_Task-1,right,Q2_visual_only,candidate_target_600ms,2.2,2.8000000000000003,81.22880817880174,1.0269938701332015,0.48171771045261613,3,6,45,True,False
none,dots,2.2,0.2,1.0,VisualCogB_Task-1,left,Q2_plus_memory,cue_stage,0.0,0.8,53.917096739853484,2.0748557001684387,0.6000243487121482,3,6,43,True,False
none,dots,2.2,0.2,1.0,VisualCogB_Task-1,left,Q2_plus_memory,late_stage,0.8,2.8,56.29425742347636,1.5415851485734706,0.22207932652402593,3,6,43,True,False
none,dots,2.2,0.2,1.0,VisualCogB_Task-1,left,Q2_plus_memory,candidate_target_600ms,2.2,2.8000000000000003,81.17222941057146,1.7464909513469717,0.5408549935146049,3,6,43,True,False
none,dots,2.2,0.2,1.0,VisualCogB_Task-1,right,Q2_plus_memory,cue_stage,0.0,0.8,74.5897231314371,2.193471779067722,0.41005002904765564,3,6,45,True,False
none,dots,2.2,0.2,1.0,VisualCogB_Task-1,right,Q2_plus_memory,late_stage,0.8,2.8,78.30505912831478,1.1020697926303906,0.5621809818855809,3,6,45,True,False
none,dots,2.2,0.2,1.0,VisualCogB_Task-1,right,Q2_plus_memory,candidate_target_600ms,2.2,2.8000000000000003,84.07051359131576,1.0629221830656306,0.4940465158225453,3,6,45,True,False
none,dots,2.2,0.2,1.0,VisualCogB_Task-1,left,Q2_plus_memory_control,cue_stage,0.0,0.8,51.35236512517124,1.976158842735604,0.6741851165165528,3,6,43,True,False
none,dots,2.2,0.2,1.0,VisualCogB_Task-1,left,Q2_plus_memory_control,late_stage,0.8,2.8,56.51552196310438,1.5476443479271556,0.2717089499445482,3,6,43,True,False
none,dots,2.2,0.2,1.0,VisualCogB_Task-1,left,Q2_plus_memory_control,candidate_target_600ms,2.2,2.8000000000000003,82.83889058162303,1.7823506126540423,0.6383106798341804,3,6,43,True,False
none,dots,2.2,0.2,1.0,VisualCogB_Task-1,right,Q2_plus_memory_control,cue_stage,0.0,0.8,74.38865057378725,2.187558806579907,0.1901742258027646,3,6,45,True,False
none,dots,2.2,0.2,1.0,VisualCogB_Task-1,right,Q2_plus_memory_control,late_stage,0.8,2.8,77.70093494213206,1.0935673149616312,0.5737874021997752,3,6,45,True,False
none,dots,2.2,0.2,1.0,VisualCogB_Task-1,right,Q2_plus_memory_control,candidate_target_600ms,2.2,2.8000000000000003,82.83392065488866,1.0472876638102802,0.5763869254997127,3,6,45,True,False
none,dots,2.2,0.2,1.0,VisualCogB_Task-2,left,Training_mean_template,cue_stage,0.0,0.8,63.2138714343876,1.2292311223231638,0.9634197574214081,3,6,44,True,False
none,dots,2.2,0.2,1.0,VisualCogB_Task-2,left,Training_mean_template,late_stage,0.8,2.8,97.65021851600747,2.2596645567823304,0.6605098055625932,3,6,44,True,False
none,dots,2.2,0.2,1.0,VisualCogB_Task-2,left,Training_mean_template,candidate_target_600ms,2.2,2.8000000000000003,111.92058376690936,2.669945848842001,0.7638155595056176,3,6,44,True,False
none,dots,2.2,0.2,1.0,VisualCogB_Task-2,right,Training_mean_template,cue_stage,0.0,0.8,74.10254107893448,1.1155363853672184,0.9298987076586458,3,6,47,True,False
none,dots,2.2,0.2,1.0,VisualCogB_Task-2,right,Training_mean_template,late_stage,0.8,2.8,77.11685725509513,1.4163081329371616,0.35038858443652277,3,6,47,True,False
none,dots,2.2,0.2,1.0,VisualCogB_Task-2,right,Training_mean_template,candidate_target_600ms,2.2,2.8000000000000003,67.65758441469684,1.1362065903523808,0.39991481881973406,3,6,47,True,False
none,dots,2.2,0.2,1.0,VisualCogB_Task-2,left,Q2_visual_only,cue_stage,0.0,0.8,58.476617445005196,1.137112416318224,0.5326236551993203,3,6,44,True,False
none,dots,2.2,0.2,1.0,VisualCogB_Task-2,left,Q2_visual_only,late_stage,0.8,2.8,79.24891079847275,1.833851041158275,0.7078494175235915,3,6,44,True,False
none,dots,2.2,0.2,1.0,VisualCogB_Task-2,left,Q2_visual_only,candidate_target_600ms,2.2,2.8000000000000003,89.9616178068246,2.1460989563696127,0.7375223990984338,3,6,44,True,False
none,dots,2.2,0.2,1.0,VisualCogB_Task-2,right,Q2_visual_only,cue_stage,0.0,0.8,86.67205208432546,1.3047572497077715,0.30786097933826695,3,6,47,True,False
none,dots,2.2,0.2,1.0,VisualCogB_Task-2,right,Q2_visual_only,late_stage,0.8,2.8,101.9196348775215,1.8718294925521293,0.5255074148646839,3,6,47,True,False
none,dots,2.2,0.2,1.0,VisualCogB_Task-2,right,Q2_visual_only,candidate_target_600ms,2.2,2.8000000000000003,94.73435454776505,1.5909199079618364,0.5907470513762721,3,6,47,True,False
none,dots,2.2,0.2,1.0,VisualCogB_Task-2,left,Q2_plus_memory,cue_stage,0.0,0.8,58.45035105689811,1.1366016508643828,0.4713704394230626,3,6,44,True,False
none,dots,2.2,0.2,1.0,VisualCogB_Task-2,left,Q2_plus_memory,late_stage,0.8,2.8,78.9144000418343,1.826110330362892,0.7191520116136404,3,6,44,True,False
none,dots,2.2,0.2,1.0,VisualCogB_Task-2,left,Q2_plus_memory,candidate_target_600ms,2.2,2.8000000000000003,85.80718482757355,2.046991976099169,0.7440586142345089,3,6,44,True,False
none,dots,2.2,0.2,1.0,VisualCogB_Task-2,right,Q2_plus_memory,cue_stage,0.0,0.8,86.56228727482495,1.3031048551063464,0.2552638609928023,3,6,47,True,False
none,dots,2.2,0.2,1.0,VisualCogB_Task-2,right,Q2_plus_memory,late_stage,0.8,2.8,101.8195223108083,1.8699908512032462,0.5143463337713707,3,6,47,True,False
none,dots,2.2,0.2,1.0,VisualCogB_Task-2,right,Q2_plus_memory,candidate_target_600ms,2.2,2.8000000000000003,91.00551131823616,1.5282996372496402,0.5881875476251471,3,6,47,True,False
none,dots,2.2,0.2,1.0,VisualCogB_Task-2,left,Q2_plus_memory_control,cue_stage,0.0,0.8,59.02743032492998,1.1478232985853032,0.619879633775339,3,6,44,True,False
none,dots,2.2,0.2,1.0,VisualCogB_Task-2,left,Q2_plus_memory_control,late_stage,0.8,2.8,78.42474099134917,1.8147794268779442,0.6768657240080891,3,6,44,True,False
none,dots,2.2,0.2,1.0,VisualCogB_Task-2,left,Q2_plus_memory_control,candidate_target_600ms,2.2,2.8000000000000003,83.28708989568322,1.9868733028790446,0.6954225640366294,3,6,44,True,False
none,dots,2.2,0.2,1.0,VisualCogB_Task-2,right,Q2_plus_memory_control,cue_stage,0.0,0.8,86.34015385983062,1.299760868473444,0.43726961906151757,3,6,47,True,False
none,dots,2.2,0.2,1.0,VisualCogB_Task-2,right,Q2_plus_memory_control,late_stage,0.8,2.8,101.62624446332956,1.8664411605513669,0.46459643606943135,3,6,47,True,False
none,dots,2.2,0.2,1.0,VisualCogB_Task-2,right,Q2_plus_memory_control,candidate_target_600ms,2.2,2.8000000000000003,89.52973733823741,1.5035162498962351,0.48918706190969685,3,6,47,True,False
none,inward,2.2,0.2,-1.0,VisualCogA_Task-1,left,Training_mean_template,cue_stage,0.0,0.8,90.1585675739132,3.3956714746772474,-0.24359713848395168,3,6,45,True,False
none,inward,2.2,0.2,-1.0,VisualCogA_Task-1,left,Training_mean_template,late_stage,0.8,2.8,120.68295611953907,2.5989351536653182,0.4474960472766061,3,6,45,True,False
none,inward,2.2,0.2,-1.0,VisualCogA_Task-1,left,Training_mean_template,candidate_target_600ms,2.2,2.8000000000000003,123.40873079983828,2.6748491130763927,0.7976856668348464,3,6,45,True,False
none,inward,2.2,0.2,-1.0,VisualCogA_Task-1,right,Training_mean_template,cue_stage,0.0,0.8,78.07957539471936,13.061849097414253,0.06679067000787269,3,6,41,True,False
none,inward,2.2,0.2,-1.0,VisualCogA_Task-1,right,Training_mean_template,late_stage,0.8,2.8,155.19115609643598,4.338950443631611,0.2707080293263396,3,6,41,True,False
none,inward,2.2,0.2,-1.0,VisualCogA_Task-1,right,Training_mean_template,candidate_target_600ms,2.2,2.8000000000000003,190.75428703577919,4.609686595103582,0.6121985196158213,3,6,41,True,False
none,inward,2.2,0.2,-1.0,VisualCogA_Task-1,left,Q2_visual_only,cue_stage,0.0,0.8,107.3022575737546,4.041359850942166,0.2952351116810616,3,6,45,True,False
none,inward,2.2,0.2,-1.0,VisualCogA_Task-1,left,Q2_visual_only,late_stage,0.8,2.8,130.0313717495937,2.8002554294792255,0.6368001777227955,3,6,45,True,False
none,inward,2.2,0.2,-1.0,VisualCogA_Task-1,left,Q2_visual_only,candidate_target_600ms,2.2,2.8000000000000003,136.70306560310559,2.9630000358432507,0.5493095297934675,3,6,45,True,False
none,inward,2.2,0.2,-1.0,VisualCogA_Task-1,right,Q2_visual_only,cue_stage,0.0,0.8,81.70826332031088,13.668888439855287,-0.4344987115395578,3,6,41,True,False
none,inward,2.2,0.2,-1.0,VisualCogA_Task-1,right,Q2_visual_only,late_stage,0.8,2.8,114.28941173645127,3.1953888754338595,0.1382334480425402,3,6,41,True,False
none,inward,2.2,0.2,-1.0,VisualCogA_Task-1,right,Q2_visual_only,candidate_target_600ms,2.2,2.8000000000000003,140.67638166544762,3.3995253311882685,0.35530804302360786,3,6,41,True,False
none,inward,2.2,0.2,-1.0,VisualCogA_Task-1,left,Q2_plus_memory,cue_stage,0.0,0.8,99.62064688719761,3.752044847500777,0.012722000571807389,3,6,45,True,False
none,inward,2.2,0.2,-1.0,VisualCogA_Task-1,left,Q2_plus_memory,late_stage,0.8,2.8,132.301184909374,2.849136376738771,0.5740793235405213,3,6,45,True,False
none,inward,2.2,0.2,-1.0,VisualCogA_Task-1,left,Q2_plus_memory,candidate_target_600ms,2.2,2.8000000000000003,147.27231074640923,3.19208541589879,0.7330848259249146,3,6,45,True,False
none,inward,2.2,0.2,-1.0,VisualCogA_Task-1,right,Q2_plus_memory,cue_stage,0.0,0.8,71.92509026544296,12.032271828013206,-0.36707341601532983,3,6,41,True,False
none,inward,2.2,0.2,-1.0,VisualCogA_Task-1,right,Q2_plus_memory,late_stage,0.8,2.8,117.26325558600794,3.278533826569521,0.08551622167692988,3,6,41,True,False
none,inward,2.2,0.2,-1.0,VisualCogA_Task-1,right,Q2_plus_memory,candidate_target_600ms,2.2,2.8000000000000003,151.85469210650948,3.6696556050436824,0.5684671496120871,3,6,41,True,False
none,inward,2.2,0.2,-1.0,VisualCogA_Task-1,left,Q2_plus_memory_control,cue_stage,0.0,0.8,102.58586149445767,3.8637246903500397,-0.0392300735252383,3,6,45,True,False
none,inward,2.2,0.2,-1.0,VisualCogA_Task-1,left,Q2_plus_memory_control,late_stage,0.8,2.8,132.52971347945197,2.8540577919368224,0.5407933639959908,3,6,45,True,False
none,inward,2.2,0.2,-1.0,VisualCogA_Task-1,left,Q2_plus_memory_control,candidate_target_600ms,2.2,2.8000000000000003,151.88735907007307,3.2921152746887574,0.7418206628242201,3,6,45,True,False
none,inward,2.2,0.2,-1.0,VisualCogA_Task-1,right,Q2_plus_memory_control,cue_stage,0.0,0.8,74.89658343966914,12.529369759700522,-0.3853248246979162,3,6,41,True,False
none,inward,2.2,0.2,-1.0,VisualCogA_Task-1,right,Q2_plus_memory_control,late_stage,0.8,2.8,117.7673969199517,3.292628987141745,0.05338099662707475,3,6,41,True,False
none,inward,2.2,0.2,-1.0,VisualCogA_Task-1,right,Q2_plus_memory_control,candidate_target_600ms,2.2,2.8000000000000003,156.40607506227929,3.7796423808400226,0.5883601915714932,3,6,41,True,False
none,inward,2.2,0.2,-1.0,VisualCogA_Task-2,left,Training_mean_template,cue_stage,0.0,0.8,49.257960094280094,0.9810764386232242,0.794194186385945,3,6,49,True,False
none,inward,2.2,0.2,-1.0,VisualCogA_Task-2,left,Training_mean_template,late_stage,0.8,2.8,62.899753492085416,1.7944778075906822,0.1473251682388706,3,6,49,True,False
none,inward,2.2,0.2,-1.0,VisualCogA_Task-2,left,Training_mean_template,candidate_target_600ms,2.2,2.8000000000000003,85.80375759854347,3.124302787537705,-0.3957291072700665,3,6,49,True,False
none,inward,2.2,0.2,-1.0,VisualCogA_Task-2,right,Training_mean_template,cue_stage,0.0,0.8,87.82290746095246,1.2447581919835802,0.7458025461087507,3,6,41,True,False
none,inward,2.2,0.2,-1.0,VisualCogA_Task-2,right,Training_mean_template,late_stage,0.8,2.8,194.89514998948022,4.505420300193029,-0.5400529536959167,3,6,41,True,False
none,inward,2.2,0.2,-1.0,VisualCogA_Task-2,right,Training_mean_template,candidate_target_600ms,2.2,2.8000000000000003,239.83526899618826,6.98716665403749,-0.7639552765626814,3,6,41,True,False
none,inward,2.2,0.2,-1.0,VisualCogA_Task-2,left,Q2_visual_only,cue_stage,0.0,0.8,63.093035918935264,1.2566312300144151,0.11078380108806732,3,6,49,True,False
none,inward,2.2,0.2,-1.0,VisualCogA_Task-2,left,Q2_visual_only,late_stage,0.8,2.8,60.21757603949953,1.7179575090605599,0.0522516668305017,3,6,49,True,False
none,inward,2.2,0.2,-1.0,VisualCogA_Task-2,left,Q2_visual_only,candidate_target_600ms,2.2,2.8000000000000003,70.71598838248511,2.5749240570628884,-0.20381964692080665,3,6,49,True,False
none,inward,2.2,0.2,-1.0,VisualCogA_Task-2,right,Q2_visual_only,cue_stage,0.0,0.8,109.91589961185905,1.5578932698389458,-0.1459524050200856,3,6,41,True,False
none,inward,2.2,0.2,-1.0,VisualCogA_Task-2,right,Q2_visual_only,late_stage,0.8,2.8,197.45062068744895,4.5644954981125165,-0.469309409821322,3,6,41,True,False
none,inward,2.2,0.2,-1.0,VisualCogA_Task-2,right,Q2_visual_only,candidate_target_600ms,2.2,2.8000000000000003,233.04891860583692,6.789458613228735,-0.6483030811355665,3,6,41,True,False
none,inward,2.2,0.2,-1.0,VisualCogA_Task-2,left,Q2_plus_memory,cue_stage,0.0,0.8,56.33118769562631,1.1219547237048277,0.23073115009990777,3,6,49,True,False
none,inward,2.2,0.2,-1.0,VisualCogA_Task-2,left,Q2_plus_memory,late_stage,0.8,2.8,64.47710014793346,1.8394781996693705,-0.040056663625116194,3,6,49,True,False
none,inward,2.2,0.2,-1.0,VisualCogA_Task-2,left,Q2_plus_memory,candidate_target_600ms,2.2,2.8000000000000003,86.42311690712552,3.1468550168158687,-0.35658779689847897,3,6,49,True,False
none,inward,2.2,0.2,-1.0,VisualCogA_Task-2,right,Q2_plus_memory,cue_stage,0.0,0.8,102.33312266748256,1.4504187624196432,-0.019917661309007982,3,6,41,True,False
none,inward,2.2,0.2,-1.0,VisualCogA_Task-2,right,Q2_plus_memory,late_stage,0.8,2.8,200.11479102126478,4.626083521753914,-0.5502412892438213,3,6,41,True,False
none,inward,2.2,0.2,-1.0,VisualCogA_Task-2,right,Q2_plus_memory,candidate_target_600ms,2.2,2.8000000000000003,243.8393422500049,7.1038180841481955,-0.7559211750105019,3,6,41,True,False
none,inward,2.2,0.2,-1.0,VisualCogA_Task-2,left,Q2_plus_memory_control,cue_stage,0.0,0.8,54.10012373336881,1.0775183669770472,0.3071929730672801,3,6,49,True,False
none,inward,2.2,0.2,-1.0,VisualCogA_Task-2,left,Q2_plus_memory_control,late_stage,0.8,2.8,64.77505595227389,1.8479786316877411,-0.0318667172670656,3,6,49,True,False
none,inward,2.2,0.2,-1.0,VisualCogA_Task-2,left,Q2_plus_memory_control,candidate_target_600ms,2.2,2.8000000000000003,86.6554772655159,3.155315766505048,-0.39929028650080833,3,6,49,True,False
none,inward,2.2,0.2,-1.0,VisualCogA_Task-2,right,Q2_plus_memory_control,cue_stage,0.0,0.8,99.7758619857577,1.4141734219425037,0.057992729042297915,3,6,41,True,False
none,inward,2.2,0.2,-1.0,VisualCogA_Task-2,right,Q2_plus_memory_control,late_stage,0.8,2.8,200.3526618744879,4.631582417806451,-0.5244786643005604,3,6,41,True,False
none,inward,2.2,0.2,-1.0,VisualCogA_Task-2,right,Q2_plus_memory_control,candidate_target_600ms,2.2,2.8000000000000003,242.5612292745777,7.066582574961515,-0.7796386219102426,3,6,41,True,False
none,inward,2.2,0.2,-1.0,VisualCogB_Task-1,left,Training_mean_template,cue_stage,0.0,0.8,30.33075629867405,1.1671982803593115,0.6762753600671128,3,6,43,True,False
none,inward,2.2,0.2,-1.0,VisualCogB_Task-1,left,Training_mean_template,late_stage,0.8,2.8,47.76044260519691,1.307891646133743,0.25417606538143633,3,6,43,True,False
none,inward,2.2,0.2,-1.0,VisualCogB_Task-1,left,Training_mean_template,candidate_target_600ms,2.2,2.8000000000000003,59.91640472171523,1.2891534388494987,0.7961337222116565,3,6,43,True,False
none,inward,2.2,0.2,-1.0,VisualCogB_Task-1,right,Training_mean_template,cue_stage,0.0,0.8,86.7423138020746,2.5508449339678005,0.029317347683828418,3,6,45,True,False
none,inward,2.2,0.2,-1.0,VisualCogB_Task-1,right,Training_mean_template,late_stage,0.8,2.8,111.82341068398667,1.5738089517534397,0.2328057661890107,3,6,45,True,False
none,inward,2.2,0.2,-1.0,VisualCogB_Task-1,right,Training_mean_template,candidate_target_600ms,2.2,2.8000000000000003,106.04275074272239,1.340722059409212,0.4520682831316366,3,6,45,True,False
none,inward,2.2,0.2,-1.0,VisualCogB_Task-1,left,Q2_visual_only,cue_stage,0.0,0.8,51.71522913939124,1.9901226967599226,0.6221002069032662,3,6,43,True,False
none,inward,2.2,0.2,-1.0,VisualCogB_Task-1,left,Q2_visual_only,late_stage,0.8,2.8,55.53543414431057,1.5208052191260673,0.2742746053726655,3,6,43,True,False
none,inward,2.2,0.2,-1.0,VisualCogB_Task-1,left,Q2_visual_only,candidate_target_600ms,2.2,2.8000000000000003,76.63340393201156,1.6488341827007285,0.5100838908857196,3,6,43,True,False
none,inward,2.2,0.2,-1.0,VisualCogB_Task-1,right,Q2_visual_only,cue_stage,0.0,0.8,72.82575266526698,2.1415984207253804,0.4287799894960569,3,6,45,True,False
none,inward,2.2,0.2,-1.0,VisualCogB_Task-1,right,Q2_visual_only,late_stage,0.8,2.8,78.43791411726434,1.1039396011938658,0.57078165686871,3,6,45,True,False
none,inward,2.2,0.2,-1.0,VisualCogB_Task-1,right,Q2_visual_only,candidate_target_600ms,2.2,2.8000000000000003,81.84515218613488,1.0347864443641461,0.46290320259009765,3,6,45,True,False
none,inward,2.2,0.2,-1.0,VisualCogB_Task-1,left,Q2_plus_memory,cue_stage,0.0,0.8,47.651061367728936,1.8337240370145553,0.6536421003355138,3,6,43,True,False
none,inward,2.2,0.2,-1.0,VisualCogB_Task-1,left,Q2_plus_memory,late_stage,0.8,2.8,55.996444003438185,1.5334297031268225,0.32576042999476634,3,6,43,True,False
none,inward,2.2,0.2,-1.0,VisualCogB_Task-1,left,Q2_plus_memory,candidate_target_600ms,2.2,2.8000000000000003,79.50676195047926,1.710656973767011,0.6432114347223714,3,6,43,True,False
none,inward,2.2,0.2,-1.0,VisualCogB_Task-1,right,Q2_plus_memory,cue_stage,0.0,0.8,70.40632405074487,2.0704499010014015,0.23456195835225832,3,6,45,True,False
none,inward,2.2,0.2,-1.0,VisualCogB_Task-1,right,Q2_plus_memory,late_stage,0.8,2.8,77.94438025194727,1.0969935779016187,0.589901325406837,3,6,45,True,False
none,inward,2.2,0.2,-1.0,VisualCogB_Task-1,right,Q2_plus_memory,candidate_target_600ms,2.2,2.8000000000000003,80.48981982071011,1.0176506761251185,0.5839160496165972,3,6,45,True,False
none,inward,2.2,0.2,-1.0,VisualCogB_Task-1,left,Q2_plus_memory_control,cue_stage,0.0,0.8,50.41680418489689,1.9401562745864116,0.6526752562432541,3,6,43,True,False
none,inward,2.2,0.2,-1.0,VisualCogB_Task-1,left,Q2_plus_memory_control,late_stage,0.8,2.8,56.82150167402887,1.556023422449405,0.2649468759307563,3,6,43,True,False
none,inward,2.2,0.2,-1.0,VisualCogB_Task-1,left,Q2_plus_memory_control,candidate_target_600ms,2.2,2.8000000000000003,83.42200660475893,1.794896859879077,0.6670373995288919,3,6,43,True,False
none,inward,2.2,0.2,-1.0,VisualCogB_Task-1,right,Q2_plus_memory_control,cue_stage,0.0,0.8,73.88112619569836,2.172633956965367,0.17155121199865525,3,6,45,True,False
none,inward,2.2,0.2,-1.0,VisualCogB_Task-1,right,Q2_plus_memory_control,late_stage,0.8,2.8,77.81749704581665,1.095207816544367,0.5751416046840128,3,6,45,True,False
none,inward,2.2,0.2,-1.0,VisualCogB_Task-1,right,Q2_plus_memory_control,candidate_target_600ms,2.2,2.8000000000000003,83.29175558467335,1.053076172554453,0.586036630299297,3,6,45,True,False
none,inward,2.2,0.2,-1.0,VisualCogB_Task-2,left,Training_mean_template,cue_stage,0.0,0.8,63.2138714343876,1.2292311223231638,0.9634197574214081,3,6,44,True,False
none,inward,2.2,0.2,-1.0,VisualCogB_Task-2,left,Training_mean_template,late_stage,0.8,2.8,97.65021851600747,2.2596645567823304,0.6605098055625932,3,6,44,True,False
none,inward,2.2,0.2,-1.0,VisualCogB_Task-2,left,Training_mean_template,candidate_target_600ms,2.2,2.8000000000000003,111.92058376690936,2.669945848842001,0.7638155595056176,3,6,44,True,False
none,inward,2.2,0.2,-1.0,VisualCogB_Task-2,right,Training_mean_template,cue_stage,0.0,0.8,74.10254107893448,1.1155363853672184,0.9298987076586458,3,6,47,True,False
none,inward,2.2,0.2,-1.0,VisualCogB_Task-2,right,Training_mean_template,late_stage,0.8,2.8,77.11685725509513,1.4163081329371616,0.35038858443652277,3,6,47,True,False
none,inward,2.2,0.2,-1.0,VisualCogB_Task-2,right,Training_mean_template,candidate_target_600ms,2.2,2.8000000000000003,67.65758441469684,1.1362065903523808,0.39991481881973406,3,6,47,True,False
none,inward,2.2,0.2,-1.0,VisualCogB_Task-2,left,Q2_visual_only,cue_stage,0.0,0.8,58.468018449426495,1.1369452037627166,0.5334569339179347,3,6,44,True,False
none,inward,2.2,0.2,-1.0,VisualCogB_Task-2,left,Q2_visual_only,late_stage,0.8,2.8,79.13171178259756,1.8311390097231428,0.7054939635394472,3,6,44,True,False
none,inward,2.2,0.2,-1.0,VisualCogB_Task-2,left,Q2_visual_only,candidate_target_600ms,2.2,2.8000000000000003,89.39451857525265,2.1325703972051038,0.7149824675554561,3,6,44,True,False
none,inward,2.2,0.2,-1.0,VisualCogB_Task-2,right,Q2_visual_only,cue_stage,0.0,0.8,86.69417077182929,1.3050902234539863,0.30712916708660426,3,6,47,True,False
none,inward,2.2,0.2,-1.0,VisualCogB_Task-2,right,Q2_visual_only,late_stage,0.8,2.8,101.83478361338533,1.8702711363150677,0.520123729123721,3,6,47,True,False
none,inward,2.2,0.2,-1.0,VisualCogB_Task-2,right,Q2_visual_only,candidate_target_600ms,2.2,2.8000000000000003,94.15355128585011,1.5811661974267237,0.5812240572917811,3,6,47,True,False
none,inward,2.2,0.2,-1.0,VisualCogB_Task-2,left,Q2_plus_memory,cue_stage,0.0,0.8,60.562292981451435,1.177669610843619,0.6348954710207446,3,6,44,True,False
none,inward,2.2,0.2,-1.0,VisualCogB_Task-2,left,Q2_plus_memory,late_stage,0.8,2.8,78.14853471426933,1.8083879047271179,0.6790772619844115,3,6,44,True,False
none,inward,2.2,0.2,-1.0,VisualCogB_Task-2,left,Q2_plus_memory,candidate_target_600ms,2.2,2.8000000000000003,84.49766666656102,2.0157524805541827,0.6856683644485242,3,6,44,True,False
none,inward,2.2,0.2,-1.0,VisualCogB_Task-2,right,Q2_plus_memory,cue_stage,0.0,0.8,87.93004271970173,1.3236949852534206,0.4622745992798935,3,6,47,True,False
none,inward,2.2,0.2,-1.0,VisualCogB_Task-2,right,Q2_plus_memory,late_stage,0.8,2.8,101.39314351346388,1.8621600891638483,0.4602081918898063,3,6,47,True,False
none,inward,2.2,0.2,-1.0,VisualCogB_Task-2,right,Q2_plus_memory,candidate_target_600ms,2.2,2.8000000000000003,90.58510045280444,1.521239473927352,0.48302628576597456,3,6,47,True,False
none,inward,2.2,0.2,-1.0,VisualCogB_Task-2,left,Q2_plus_memory_control,cue_stage,0.0,0.8,59.229805159144554,1.1517585969454067,0.6628169414572941,3,6,44,True,False
none,inward,2.2,0.2,-1.0,VisualCogB_Task-2,left,Q2_plus_memory_control,late_stage,0.8,2.8,78.13105964443814,1.8079835247213694,0.6868579553127876,3,6,44,True,False
none,inward,2.2,0.2,-1.0,VisualCogB_Task-2,left,Q2_plus_memory_control,candidate_target_600ms,2.2,2.8000000000000003,83.00295903779534,1.9800951573493037,0.709547683852496,3,6,44,True,False
none,inward,2.2,0.2,-1.0,VisualCogB_Task-2,right,Q2_plus_memory_control,cue_stage,0.0,0.8,86.53477354658868,1.3026906646548748,0.4979216998876143,3,6,47,True,False
none,inward,2.2,0.2,-1.0,VisualCogB_Task-2,right,Q2_plus_memory_control,late_stage,0.8,2.8,101.55138307512514,1.8650662757760945,0.4545901630471243,3,6,47,True,False
none,inward,2.2,0.2,-1.0,VisualCogB_Task-2,right,Q2_plus_memory_control,candidate_target_600ms,2.2,2.8000000000000003,89.35757406060277,1.500625028574082,0.49436154559431905,3,6,47,True,False
none,inward,2.2,0.2,1.0,VisualCogA_Task-1,left,Training_mean_template,cue_stage,0.0,0.8,90.1585675739132,3.3956714746772474,-0.24359713848395168,3,6,45,True,False
none,inward,2.2,0.2,1.0,VisualCogA_Task-1,left,Training_mean_template,late_stage,0.8,2.8,120.68295611953907,2.5989351536653182,0.4474960472766061,3,6,45,True,False
none,inward,2.2,0.2,1.0,VisualCogA_Task-1,left,Training_mean_template,candidate_target_600ms,2.2,2.8000000000000003,123.40873079983828,2.6748491130763927,0.7976856668348464,3,6,45,True,False
none,inward,2.2,0.2,1.0,VisualCogA_Task-1,right,Training_mean_template,cue_stage,0.0,0.8,78.07957539471936,13.061849097414253,0.06679067000787269,3,6,41,True,False
none,inward,2.2,0.2,1.0,VisualCogA_Task-1,right,Training_mean_template,late_stage,0.8,2.8,155.19115609643598,4.338950443631611,0.2707080293263396,3,6,41,True,False
none,inward,2.2,0.2,1.0,VisualCogA_Task-1,right,Training_mean_template,candidate_target_600ms,2.2,2.8000000000000003,190.75428703577919,4.609686595103582,0.6121985196158213,3,6,41,True,False
none,inward,2.2,0.2,1.0,VisualCogA_Task-1,left,Q2_visual_only,cue_stage,0.0,0.8,107.3022575737546,4.041359850942166,0.2952351116810616,3,6,45,True,False
none,inward,2.2,0.2,1.0,VisualCogA_Task-1,left,Q2_visual_only,late_stage,0.8,2.8,130.0313717495937,2.8002554294792255,0.6368001777227955,3,6,45,True,False
none,inward,2.2,0.2,1.0,VisualCogA_Task-1,left,Q2_visual_only,candidate_target_600ms,2.2,2.8000000000000003,136.70306560310559,2.9630000358432507,0.5493095297934675,3,6,45,True,False
none,inward,2.2,0.2,1.0,VisualCogA_Task-1,right,Q2_visual_only,cue_stage,0.0,0.8,81.70826332031088,13.668888439855287,-0.4344987115395578,3,6,41,True,False
none,inward,2.2,0.2,1.0,VisualCogA_Task-1,right,Q2_visual_only,late_stage,0.8,2.8,114.28941173645127,3.1953888754338595,0.1382334480425402,3,6,41,True,False
none,inward,2.2,0.2,1.0,VisualCogA_Task-1,right,Q2_visual_only,candidate_target_600ms,2.2,2.8000000000000003,140.67638166544762,3.3995253311882685,0.35530804302360786,3,6,41,True,False
none,inward,2.2,0.2,1.0,VisualCogA_Task-1,left,Q2_plus_memory,cue_stage,0.0,0.8,109.40787781272446,4.120664511324125,0.3329832734445354,3,6,45,True,False
none,inward,2.2,0.2,1.0,VisualCogA_Task-1,left,Q2_plus_memory,late_stage,0.8,2.8,130.36270732443987,2.8073908171165214,0.602795468397214,3,6,45,True,False
none,inward,2.2,0.2,1.0,VisualCogA_Task-1,left,Q2_plus_memory,candidate_target_600ms,2.2,2.8000000000000003,143.0628962995463,3.100847555929024,0.5967298175679764,3,6,45,True,False
none,inward,2.2,0.2,1.0,VisualCogA_Task-1,right,Q2_plus_memory,cue_stage,0.0,0.8,83.53606783627366,13.974659912694174,-0.38069325252936215,3,6,41,True,False
none,inward,2.2,0.2,1.0,VisualCogA_Task-1,right,Q2_plus_memory,late_stage,0.8,2.8,114.95488755259923,3.2139947461569762,0.09020159156321135,3,6,41,True,False
none,inward,2.2,0.2,1.0,VisualCogA_Task-1,right,Q2_plus_memory,candidate_target_600ms,2.2,2.8000000000000003,147.2556280287811,3.558516587627259,0.38978028230723355,3,6,41,True,False
none,inward,2.2,0.2,1.0,VisualCogA_Task-1,left,Q2_plus_memory_control,cue_stage,0.0,0.8,103.71346288132165,3.9061939083868222,0.010181243696478546,3,6,45,True,False
none,inward,2.2,0.2,1.0,VisualCogA_Task-1,left,Q2_plus_memory_control,late_stage,0.8,2.8,132.363472366449,2.850477751420249,0.5461507765490222,3,6,45,True,False
none,inward,2.2,0.2,1.0,VisualCogA_Task-1,left,Q2_plus_memory_control,candidate_target_600ms,2.2,2.8000000000000003,151.42695076933092,3.2821360558205996,0.7152756931858485,3,6,45,True,False
none,inward,2.2,0.2,1.0,VisualCogA_Task-1,right,Q2_plus_memory_control,cue_stage,0.0,0.8,75.92125607786467,12.70078615517524,-0.36498800057076153,3,6,41,True,False
none,inward,2.2,0.2,1.0,VisualCogA_Task-1,right,Q2_plus_memory_control,late_stage,0.8,2.8,117.57249107135897,3.287179663613977,0.06751902198215975,3,6,41,True,False
none,inward,2.2,0.2,1.0,VisualCogA_Task-1,right,Q2_plus_memory_control,candidate_target_600ms,2.2,2.8000000000000003,156.02954722886278,3.770543370100317,0.5535317379378517,3,6,41,True,False
none,inward,2.2,0.2,1.0,VisualCogA_Task-2,left,Training_mean_template,cue_stage,0.0,0.8,49.257960094280094,0.9810764386232242,0.794194186385945,3,6,49,True,False
none,inward,2.2,0.2,1.0,VisualCogA_Task-2,left,Training_mean_template,late_stage,0.8,2.8,62.899753492085416,1.7944778075906822,0.1473251682388706,3,6,49,True,False
none,inward,2.2,0.2,1.0,VisualCogA_Task-2,left,Training_mean_template,candidate_target_600ms,2.2,2.8000000000000003,85.80375759854347,3.124302787537705,-0.3957291072700665,3,6,49,True,False
none,inward,2.2,0.2,1.0,VisualCogA_Task-2,right,Training_mean_template,cue_stage,0.0,0.8,87.82290746095246,1.2447581919835802,0.7458025461087507,3,6,41,True,False
none,inward,2.2,0.2,1.0,VisualCogA_Task-2,right,Training_mean_template,late_stage,0.8,2.8,194.89514998948022,4.505420300193029,-0.5400529536959167,3,6,41,True,False
none,inward,2.2,0.2,1.0,VisualCogA_Task-2,right,Training_mean_template,candidate_target_600ms,2.2,2.8000000000000003,239.83526899618826,6.98716665403749,-0.7639552765626814,3,6,41,True,False
none,inward,2.2,0.2,1.0,VisualCogA_Task-2,left,Q2_visual_only,cue_stage,0.0,0.8,63.093035918935264,1.2566312300144151,0.11078380108806732,3,6,49,True,False
none,inward,2.2,0.2,1.0,VisualCogA_Task-2,left,Q2_visual_only,late_stage,0.8,2.8,60.21757603949953,1.7179575090605599,0.0522516668305017,3,6,49,True,False
none,inward,2.2,0.2,1.0,VisualCogA_Task-2,left,Q2_visual_only,candidate_target_600ms,2.2,2.8000000000000003,70.71598838248511,2.5749240570628884,-0.20381964692080665,3,6,49,True,False
none,inward,2.2,0.2,1.0,VisualCogA_Task-2,right,Q2_visual_only,cue_stage,0.0,0.8,109.91589961185905,1.5578932698389458,-0.1459524050200856,3,6,41,True,False
none,inward,2.2,0.2,1.0,VisualCogA_Task-2,right,Q2_visual_only,late_stage,0.8,2.8,197.45062068744895,4.5644954981125165,-0.469309409821322,3,6,41,True,False
none,inward,2.2,0.2,1.0,VisualCogA_Task-2,right,Q2_visual_only,candidate_target_600ms,2.2,2.8000000000000003,233.04891860583692,6.789458613228735,-0.6483030811355665,3,6,41,True,False
none,inward,2.2,0.2,1.0,VisualCogA_Task-2,left,Q2_plus_memory,cue_stage,0.0,0.8,63.77827839243244,1.2702792829221126,0.08837706723946225,3,6,49,True,False
none,inward,2.2,0.2,1.0,VisualCogA_Task-2,left,Q2_plus_memory,late_stage,0.8,2.8,60.2465459513943,1.7187839966236562,0.058005469061889255,3,6,49,True,False
none,inward,2.2,0.2,1.0,VisualCogA_Task-2,left,Q2_plus_memory,candidate_target_600ms,2.2,2.8000000000000003,71.55923938960514,2.6056286735724083,-0.22582640017440023,3,6,49,True,False
none,inward,2.2,0.2,1.0,VisualCogA_Task-2,right,Q2_plus_memory,cue_stage,0.0,0.8,110.2494596892951,1.5626209844058063,-0.15802817460507126,3,6,41,True,False
none,inward,2.2,0.2,1.0,VisualCogA_Task-2,right,Q2_plus_memory,late_stage,0.8,2.8,197.3796937031638,4.5628558684201055,-0.4497717142207668,3,6,41,True,False
none,inward,2.2,0.2,1.0,VisualCogA_Task-2,right,Q2_plus_memory,candidate_target_600ms,2.2,2.8000000000000003,232.47119658831096,6.772627727458449,-0.6629113078100206,3,6,41,True,False
none,inward,2.2,0.2,1.0,VisualCogA_Task-2,left,Q2_plus_memory_control,cue_stage,0.0,0.8,54.71035632467358,1.089672439461235,0.2851535485206014,3,6,49,True,False
none,inward,2.2,0.2,1.0,VisualCogA_Task-2,left,Q2_plus_memory_control,late_stage,0.8,2.8,64.78101723664155,1.848148702187363,-0.02659971103635921,3,6,49,True,False
none,inward,2.2,0.2,1.0,VisualCogA_Task-2,left,Q2_plus_memory_control,candidate_target_600ms,2.2,2.8000000000000003,86.50161990555806,3.149713482968137,-0.3740737671578953,3,6,49,True,False
none,inward,2.2,0.2,1.0,VisualCogA_Task-2,right,Q2_plus_memory_control,cue_stage,0.0,0.8,100.44052162895399,1.423593977008018,0.037004098555278905,3,6,41,True,False
none,inward,2.2,0.2,1.0,VisualCogA_Task-2,right,Q2_plus_memory_control,late_stage,0.8,2.8,200.47590713930234,4.634431497006357,-0.5243843710268942,3,6,41,True,False
none,inward,2.2,0.2,1.0,VisualCogA_Task-2,right,Q2_plus_memory_control,candidate_target_600ms,2.2,2.8000000000000003,242.8158905674396,7.074001670997749,-0.7630719391087921,3,6,41,True,False
none,inward,2.2,0.2,1.0,VisualCogB_Task-1,left,Training_mean_template,cue_stage,0.0,0.8,30.33075629867405,1.1671982803593115,0.6762753600671128,3,6,43,True,False
none,inward,2.2,0.2,1.0,VisualCogB_Task-1,left,Training_mean_template,late_stage,0.8,2.8,47.76044260519691,1.307891646133743,0.25417606538143633,3,6,43,True,False
none,inward,2.2,0.2,1.0,VisualCogB_Task-1,left,Training_mean_template,candidate_target_600ms,2.2,2.8000000000000003,59.91640472171523,1.2891534388494987,0.7961337222116565,3,6,43,True,False
none,inward,2.2,0.2,1.0,VisualCogB_Task-1,right,Training_mean_template,cue_stage,0.0,0.8,86.7423138020746,2.5508449339678005,0.029317347683828418,3,6,45,True,False
none,inward,2.2,0.2,1.0,VisualCogB_Task-1,right,Training_mean_template,late_stage,0.8,2.8,111.82341068398667,1.5738089517534397,0.2328057661890107,3,6,45,True,False
none,inward,2.2,0.2,1.0,VisualCogB_Task-1,right,Training_mean_template,candidate_target_600ms,2.2,2.8000000000000003,106.04275074272239,1.340722059409212,0.4520682831316366,3,6,45,True,False
none,inward,2.2,0.2,1.0,VisualCogB_Task-1,left,Q2_visual_only,cue_stage,0.0,0.8,51.71522913939124,1.9901226967599226,0.6221002069032662,3,6,43,True,False
none,inward,2.2,0.2,1.0,VisualCogB_Task-1,left,Q2_visual_only,late_stage,0.8,2.8,55.53543414431057,1.5208052191260673,0.2742746053726655,3,6,43,True,False
none,inward,2.2,0.2,1.0,VisualCogB_Task-1,left,Q2_visual_only,candidate_target_600ms,2.2,2.8000000000000003,76.63340393201156,1.6488341827007285,0.5100838908857196,3,6,43,True,False
none,inward,2.2,0.2,1.0,VisualCogB_Task-1,right,Q2_visual_only,cue_stage,0.0,0.8,72.82575266526698,2.1415984207253804,0.4287799894960569,3,6,45,True,False
none,inward,2.2,0.2,1.0,VisualCogB_Task-1,right,Q2_visual_only,late_stage,0.8,2.8,78.43791411726434,1.1039396011938658,0.57078165686871,3,6,45,True,False
none,inward,2.2,0.2,1.0,VisualCogB_Task-1,right,Q2_visual_only,candidate_target_600ms,2.2,2.8000000000000003,81.84515218613488,1.0347864443641461,0.46290320259009765,3,6,45,True,False
none,inward,2.2,0.2,1.0,VisualCogB_Task-1,left,Q2_plus_memory,cue_stage,0.0,0.8,53.827098565608004,2.0713923604092717,0.6011095706589117,3,6,43,True,False
none,inward,2.2,0.2,1.0,VisualCogB_Task-1,left,Q2_plus_memory,late_stage,0.8,2.8,56.535761507316195,1.5481985959481592,0.2110402902501513,3,6,43,True,False
none,inward,2.2,0.2,1.0,VisualCogB_Task-1,left,Q2_plus_memory,candidate_target_600ms,2.2,2.8000000000000003,81.79419883431827,1.7598731632004114,0.5240836742482669,3,6,43,True,False
none,inward,2.2,0.2,1.0,VisualCogB_Task-1,right,Q2_plus_memory,cue_stage,0.0,0.8,74.50487830593593,2.190976733872169,0.41377130544766016,3,6,45,True,False
none,inward,2.2,0.2,1.0,VisualCogB_Task-1,right,Q2_plus_memory,late_stage,0.8,2.8,78.41349480881985,1.1035959224776606,0.5566368895779934,3,6,45,True,False
none,inward,2.2,0.2,1.0,VisualCogB_Task-1,right,Q2_plus_memory,candidate_target_600ms,2.2,2.8000000000000003,84.47027835431057,1.0679764977883974,0.48292892014875266,3,6,45,True,False
none,inward,2.2,0.2,1.0,VisualCogB_Task-1,left,Q2_plus_memory_control,cue_stage,0.0,0.8,51.30035446809673,1.9741573512825084,0.6740231392265678,3,6,43,True,False
none,inward,2.2,0.2,1.0,VisualCogB_Task-1,left,Q2_plus_memory_control,late_stage,0.8,2.8,56.67877534465742,1.5521149458171564,0.26847741161573346,3,6,43,True,False
none,inward,2.2,0.2,1.0,VisualCogB_Task-1,left,Q2_plus_memory_control,candidate_target_600ms,2.2,2.8000000000000003,83.2698617264966,1.791623330802588,0.6382138152274489,3,6,43,True,False
none,inward,2.2,0.2,1.0,VisualCogB_Task-1,right,Q2_plus_memory_control,cue_stage,0.0,0.8,74.36945672679155,2.1869943700871937,0.19240701744930455,3,6,45,True,False
none,inward,2.2,0.2,1.0,VisualCogB_Task-1,right,Q2_plus_memory_control,late_stage,0.8,2.8,77.73055602288832,1.0939842037130085,0.5723636018599358,3,6,45,True,False
none,inward,2.2,0.2,1.0,VisualCogB_Task-1,right,Q2_plus_memory_control,candidate_target_600ms,2.2,2.8000000000000003,83.03402832085547,1.0498176694932664,0.5767038190439933,3,6,45,True,False
none,inward,2.2,0.2,1.0,VisualCogB_Task-2,left,Training_mean_template,cue_stage,0.0,0.8,63.2138714343876,1.2292311223231638,0.9634197574214081,3,6,44,True,False
none,inward,2.2,0.2,1.0,VisualCogB_Task-2,left,Training_mean_template,late_stage,0.8,2.8,97.65021851600747,2.2596645567823304,0.6605098055625932,3,6,44,True,False
none,inward,2.2,0.2,1.0,VisualCogB_Task-2,left,Training_mean_template,candidate_target_600ms,2.2,2.8000000000000003,111.92058376690936,2.669945848842001,0.7638155595056176,3,6,44,True,False
none,inward,2.2,0.2,1.0,VisualCogB_Task-2,right,Training_mean_template,cue_stage,0.0,0.8,74.10254107893448,1.1155363853672184,0.9298987076586458,3,6,47,True,False
none,inward,2.2,0.2,1.0,VisualCogB_Task-2,right,Training_mean_template,late_stage,0.8,2.8,77.11685725509513,1.4163081329371616,0.35038858443652277,3,6,47,True,False
none,inward,2.2,0.2,1.0,VisualCogB_Task-2,right,Training_mean_template,candidate_target_600ms,2.2,2.8000000000000003,67.65758441469684,1.1362065903523808,0.39991481881973406,3,6,47,True,False
none,inward,2.2,0.2,1.0,VisualCogB_Task-2,left,Q2_visual_only,cue_stage,0.0,0.8,58.468018449426495,1.1369452037627166,0.5334569339179347,3,6,44,True,False
none,inward,2.2,0.2,1.0,VisualCogB_Task-2,left,Q2_visual_only,late_stage,0.8,2.8,79.13171178259756,1.8311390097231428,0.7054939635394472,3,6,44,True,False
none,inward,2.2,0.2,1.0,VisualCogB_Task-2,left,Q2_visual_only,candidate_target_600ms,2.2,2.8000000000000003,89.39451857525265,2.1325703972051038,0.7149824675554561,3,6,44,True,False
none,inward,2.2,0.2,1.0,VisualCogB_Task-2,right,Q2_visual_only,cue_stage,0.0,0.8,86.69417077182929,1.3050902234539863,0.30712916708660426,3,6,47,True,False
none,inward,2.2,0.2,1.0,VisualCogB_Task-2,right,Q2_visual_only,late_stage,0.8,2.8,101.83478361338533,1.8702711363150677,0.520123729123721,3,6,47,True,False
none,inward,2.2,0.2,1.0,VisualCogB_Task-2,right,Q2_visual_only,candidate_target_600ms,2.2,2.8000000000000003,94.15355128585011,1.5811661974267237,0.5812240572917811,3,6,47,True,False
none,inward,2.2,0.2,1.0,VisualCogB_Task-2,left,Q2_plus_memory,cue_stage,0.0,0.8,58.48495084079635,1.1372744641287549,0.472883637566484,3,6,44,True,False
none,inward,2.2,0.2,1.0,VisualCogB_Task-2,left,Q2_plus_memory,late_stage,0.8,2.8,78.82207138322046,1.823973808800365,0.7162294148535828,3,6,44,True,False
none,inward,2.2,0.2,1.0,VisualCogB_Task-2,left,Q2_plus_memory,candidate_target_600ms,2.2,2.8000000000000003,85.48563898797006,2.0393212693286453,0.7314703938314194,3,6,44,True,False
none,inward,2.2,0.2,1.0,VisualCogB_Task-2,right,Q2_plus_memory,cue_stage,0.0,0.8,86.62914966427061,1.304111398568328,0.2549652170654193,3,6,47,True,False
none,inward,2.2,0.2,1.0,VisualCogB_Task-2,right,Q2_plus_memory,late_stage,0.8,2.8,101.74185831421848,1.8685644944516646,0.5102780907670564,3,6,47,True,False
none,inward,2.2,0.2,1.0,VisualCogB_Task-2,right,Q2_plus_memory,candidate_target_600ms,2.2,2.8000000000000003,90.65491923570396,1.5224119745708065,0.5852998532277995,3,6,47,True,False
none,inward,2.2,0.2,1.0,VisualCogB_Task-2,left,Q2_plus_memory_control,cue_stage,0.0,0.8,58.98143346041616,1.1469288623467577,0.6231874898826801,3,6,44,True,False
none,inward,2.2,0.2,1.0,VisualCogB_Task-2,left,Q2_plus_memory_control,late_stage,0.8,2.8,78.31153160080581,1.8121597169459709,0.6746263889927028,3,6,44,True,False
none,inward,2.2,0.2,1.0,VisualCogB_Task-2,left,Q2_plus_memory_control,candidate_target_600ms,2.2,2.8000000000000003,82.93322057988682,1.9784314963860508,0.6922443759200323,3,6,44,True,False
none,inward,2.2,0.2,1.0,VisualCogB_Task-2,right,Q2_plus_memory_control,cue_stage,0.0,0.8,86.30904221298096,1.2992925151138401,0.43909115495725215,3,6,47,True,False
none,inward,2.2,0.2,1.0,VisualCogB_Task-2,right,Q2_plus_memory_control,late_stage,0.8,2.8,101.54234765352422,1.8649003335741765,0.46105036452658327,3,6,47,True,False
none,inward,2.2,0.2,1.0,VisualCogB_Task-2,right,Q2_plus_memory_control,candidate_target_600ms,2.2,2.8000000000000003,89.20497692036221,1.4980623908755863,0.48792976938846905,3,6,47,True,False
none,outward,2.2,0.2,-1.0,VisualCogA_Task-1,left,Training_mean_template,cue_stage,0.0,0.8,90.1585675739132,3.3956714746772474,-0.24359713848395168,3,6,45,True,False
none,outward,2.2,0.2,-1.0,VisualCogA_Task-1,left,Training_mean_template,late_stage,0.8,2.8,120.68295611953907,2.5989351536653182,0.4474960472766061,3,6,45,True,False
none,outward,2.2,0.2,-1.0,VisualCogA_Task-1,left,Training_mean_template,candidate_target_600ms,2.2,2.8000000000000003,123.40873079983828,2.6748491130763927,0.7976856668348464,3,6,45,True,False
none,outward,2.2,0.2,-1.0,VisualCogA_Task-1,right,Training_mean_template,cue_stage,0.0,0.8,78.07957539471936,13.061849097414253,0.06679067000787269,3,6,41,True,False
none,outward,2.2,0.2,-1.0,VisualCogA_Task-1,right,Training_mean_template,late_stage,0.8,2.8,155.19115609643598,4.338950443631611,0.2707080293263396,3,6,41,True,False
none,outward,2.2,0.2,-1.0,VisualCogA_Task-1,right,Training_mean_template,candidate_target_600ms,2.2,2.8000000000000003,190.75428703577919,4.609686595103582,0.6121985196158213,3,6,41,True,False
none,outward,2.2,0.2,-1.0,VisualCogA_Task-1,left,Q2_visual_only,cue_stage,0.0,0.8,107.29388147503535,4.041044379209913,0.2952750735846301,3,6,45,True,False
none,outward,2.2,0.2,-1.0,VisualCogA_Task-1,left,Q2_visual_only,late_stage,0.8,2.8,130.01890294425917,2.799986910895077,0.6396600486611305,3,6,45,True,False
none,outward,2.2,0.2,-1.0,VisualCogA_Task-1,left,Q2_visual_only,candidate_target_600ms,2.2,2.8000000000000003,136.43244352038138,2.957134379229961,0.5515065079265107,3,6,45,True,False
none,outward,2.2,0.2,-1.0,VisualCogA_Task-1,right,Q2_visual_only,cue_stage,0.0,0.8,81.66853657765354,13.66224259534219,-0.4333369802959582,3,6,41,True,False
none,outward,2.2,0.2,-1.0,VisualCogA_Task-1,right,Q2_visual_only,late_stage,0.8,2.8,114.25948118382668,3.1945520546519592,0.14297843613528297,3,6,41,True,False
none,outward,2.2,0.2,-1.0,VisualCogA_Task-1,right,Q2_visual_only,candidate_target_600ms,2.2,2.8000000000000003,140.3924366840785,3.392663638092382,0.3581919073595357,3,6,41,True,False
none,outward,2.2,0.2,-1.0,VisualCogA_Task-1,left,Q2_plus_memory,cue_stage,0.0,0.8,99.56648039746567,3.7500047573682957,0.013216499421605587,3,6,45,True,False
none,outward,2.2,0.2,-1.0,VisualCogA_Task-1,left,Q2_plus_memory,late_stage,0.8,2.8,132.28907208950866,2.8488755243833905,0.5750431320181479,3,6,45,True,False
none,outward,2.2,0.2,-1.0,VisualCogA_Task-1,left,Q2_plus_memory,candidate_target_600ms,2.2,2.8000000000000003,147.15849653230345,3.1896185252040783,0.7338629742399002,3,6,45,True,False
none,outward,2.2,0.2,-1.0,VisualCogA_Task-1,right,Q2_plus_memory,cue_stage,0.0,0.8,71.86950342678514,12.022972764914051,-0.36669911676645295,3,6,41,True,False
none,outward,2.2,0.2,-1.0,VisualCogA_Task-1,right,Q2_plus_memory,late_stage,0.8,2.8,117.24133543574719,3.2779209666096456,0.08656733803322145,3,6,41,True,False
none,outward,2.2,0.2,-1.0,VisualCogA_Task-1,right,Q2_plus_memory,candidate_target_600ms,2.2,2.8000000000000003,151.73180555460007,3.6666859811371486,0.5699524872137596,3,6,41,True,False
none,outward,2.2,0.2,-1.0,VisualCogA_Task-1,left,Q2_plus_memory_control,cue_stage,0.0,0.8,102.56801267935658,3.863052444617588,-0.03998343876751438,3,6,45,True,False
none,outward,2.2,0.2,-1.0,VisualCogA_Task-1,left,Q2_plus_memory_control,late_stage,0.8,2.8,132.5125778009781,2.853688771168691,0.5414222294165131,3,6,45,True,False
none,outward,2.2,0.2,-1.0,VisualCogA_Task-1,left,Q2_plus_memory_control,candidate_target_600ms,2.2,2.8000000000000003,151.77224862212552,3.2896202884944845,0.741293431354054,3,6,45,True,False
none,outward,2.2,0.2,-1.0,VisualCogA_Task-1,right,Q2_plus_memory_control,cue_stage,0.0,0.8,74.88200471014169,12.526930899548466,-0.38553079791146694,3,6,41,True,False
none,outward,2.2,0.2,-1.0,VisualCogA_Task-1,right,Q2_plus_memory_control,late_stage,0.8,2.8,117.74301685824317,3.291947351137305,0.05390437745879609,3,6,41,True,False
none,outward,2.2,0.2,-1.0,VisualCogA_Task-1,right,Q2_plus_memory_control,candidate_target_600ms,2.2,2.8000000000000003,156.2857308451948,3.77673419391058,0.5881821868028225,3,6,41,True,False
none,outward,2.2,0.2,-1.0,VisualCogA_Task-2,left,Training_mean_template,cue_stage,0.0,0.8,49.257960094280094,0.9810764386232242,0.794194186385945,3,6,49,True,False
none,outward,2.2,0.2,-1.0,VisualCogA_Task-2,left,Training_mean_template,late_stage,0.8,2.8,62.899753492085416,1.7944778075906822,0.1473251682388706,3,6,49,True,False
none,outward,2.2,0.2,-1.0,VisualCogA_Task-2,left,Training_mean_template,candidate_target_600ms,2.2,2.8000000000000003,85.80375759854347,3.124302787537705,-0.3957291072700665,3,6,49,True,False
none,outward,2.2,0.2,-1.0,VisualCogA_Task-2,right,Training_mean_template,cue_stage,0.0,0.8,87.82290746095246,1.2447581919835802,0.7458025461087507,3,6,41,True,False
none,outward,2.2,0.2,-1.0,VisualCogA_Task-2,right,Training_mean_template,late_stage,0.8,2.8,194.89514998948022,4.505420300193029,-0.5400529536959167,3,6,41,True,False
none,outward,2.2,0.2,-1.0,VisualCogA_Task-2,right,Training_mean_template,candidate_target_600ms,2.2,2.8000000000000003,239.83526899618826,6.98716665403749,-0.7639552765626814,3,6,41,True,False
none,outward,2.2,0.2,-1.0,VisualCogA_Task-2,left,Q2_visual_only,cue_stage,0.0,0.8,63.01165910632763,1.255010438707857,0.11227962403110628,3,6,49,True,False
none,outward,2.2,0.2,-1.0,VisualCogA_Task-2,left,Q2_visual_only,late_stage,0.8,2.8,60.27764631776062,1.719671264286149,0.05083053250531735,3,6,49,True,False
none,outward,2.2,0.2,-1.0,VisualCogA_Task-2,left,Q2_visual_only,candidate_target_600ms,2.2,2.8000000000000003,70.83497536804842,2.5792566338763128,-0.20708918921679031,3,6,49,True,False
none,outward,2.2,0.2,-1.0,VisualCogA_Task-2,right,Q2_visual_only,cue_stage,0.0,0.8,109.82280081556975,1.5565737338238526,-0.14432895366075052,3,6,41,True,False
none,outward,2.2,0.2,-1.0,VisualCogA_Task-2,right,Q2_visual_only,late_stage,0.8,2.8,197.50267061806247,4.565698744134916,-0.4714201882612392,3,6,41,True,False
none,outward,2.2,0.2,-1.0,VisualCogA_Task-2,right,Q2_visual_only,candidate_target_600ms,2.2,2.8000000000000003,233.17091813648926,6.793012848833657,-0.6502114945359864,3,6,41,True,False
none,outward,2.2,0.2,-1.0,VisualCogA_Task-2,left,Q2_plus_memory,cue_stage,0.0,0.8,56.345280725933925,1.1222354162052304,0.23055726333315896,3,6,49,True,False
none,outward,2.2,0.2,-1.0,VisualCogA_Task-2,left,Q2_plus_memory,late_stage,0.8,2.8,64.50074957053101,1.840152898084826,-0.041335701735155946,3,6,49,True,False
none,outward,2.2,0.2,-1.0,VisualCogA_Task-2,left,Q2_plus_memory,candidate_target_600ms,2.2,2.8000000000000003,86.48806544055243,3.1492199352030283,-0.3589825321763718,3,6,49,True,False
none,outward,2.2,0.2,-1.0,VisualCogA_Task-2,right,Q2_plus_memory,cue_stage,0.0,0.8,102.3527928679909,1.4506975580542742,-0.0201486992338505,3,6,41,True,False
none,outward,2.2,0.2,-1.0,VisualCogA_Task-2,right,Q2_plus_memory,late_stage,0.8,2.8,200.12458004843086,4.626309816157421,-0.5512614919747432,3,6,41,True,False
none,outward,2.2,0.2,-1.0,VisualCogA_Task-2,right,Q2_plus_memory,candidate_target_600ms,2.2,2.8000000000000003,243.89557941088998,7.105456452086734,-0.757170473910403,3,6,41,True,False
none,outward,2.2,0.2,-1.0,VisualCogA_Task-2,left,Q2_plus_memory_control,cue_stage,0.0,0.8,54.08148616013895,1.0771471602942302,0.3081392358259989,3,6,49,True,False
none,outward,2.2,0.2,-1.0,VisualCogA_Task-2,left,Q2_plus_memory_control,late_stage,0.8,2.8,64.76646854783095,1.8477336401600781,-0.0318664638596583,3,6,49,True,False
none,outward,2.2,0.2,-1.0,VisualCogA_Task-2,left,Q2_plus_memory_control,candidate_target_600ms,2.2,2.8000000000000003,86.63432253084467,3.1545454762712315,-0.39925579927569405,3,6,49,True,False
none,outward,2.2,0.2,-1.0,VisualCogA_Task-2,right,Q2_plus_memory_control,cue_stage,0.0,0.8,99.75845874052213,1.4139267570039318,0.0588741370612902,3,6,41,True,False
none,outward,2.2,0.2,-1.0,VisualCogA_Task-2,right,Q2_plus_memory_control,late_stage,0.8,2.8,200.3496307633786,4.631512347158081,-0.5247567158946209,3,6,41,True,False
none,outward,2.2,0.2,-1.0,VisualCogA_Task-2,right,Q2_plus_memory_control,candidate_target_600ms,2.2,2.8000000000000003,242.5650473656843,7.066693808138244,-0.7796700450652665,3,6,41,True,False
none,outward,2.2,0.2,-1.0,VisualCogB_Task-1,left,Training_mean_template,cue_stage,0.0,0.8,30.33075629867405,1.1671982803593115,0.6762753600671128,3,6,43,True,False
none,outward,2.2,0.2,-1.0,VisualCogB_Task-1,left,Training_mean_template,late_stage,0.8,2.8,47.76044260519691,1.307891646133743,0.25417606538143633,3,6,43,True,False
none,outward,2.2,0.2,-1.0,VisualCogB_Task-1,left,Training_mean_template,candidate_target_600ms,2.2,2.8000000000000003,59.91640472171523,1.2891534388494987,0.7961337222116565,3,6,43,True,False
none,outward,2.2,0.2,-1.0,VisualCogB_Task-1,right,Training_mean_template,cue_stage,0.0,0.8,86.7423138020746,2.5508449339678005,0.029317347683828418,3,6,45,True,False
none,outward,2.2,0.2,-1.0,VisualCogB_Task-1,right,Training_mean_template,late_stage,0.8,2.8,111.82341068398667,1.5738089517534397,0.2328057661890107,3,6,45,True,False
none,outward,2.2,0.2,-1.0,VisualCogB_Task-1,right,Training_mean_template,candidate_target_600ms,2.2,2.8000000000000003,106.04275074272239,1.340722059409212,0.4520682831316366,3,6,45,True,False
none,outward,2.2,0.2,-1.0,VisualCogB_Task-1,left,Q2_visual_only,cue_stage,0.0,0.8,51.73349607564281,1.9908256510934814,0.6227725273931595,3,6,43,True,False
none,outward,2.2,0.2,-1.0,VisualCogB_Task-1,left,Q2_visual_only,late_stage,0.8,2.8,55.467846891400654,1.5189543819343618,0.2790329390112621,3,6,43,True,False
none,outward,2.2,0.2,-1.0,VisualCogB_Task-1,left,Q2_visual_only,candidate_target_600ms,2.2,2.8000000000000003,76.36306886018068,1.6430176890524355,0.5147931547005653,3,6,43,True,False
none,outward,2.2,0.2,-1.0,VisualCogB_Task-1,right,Q2_visual_only,cue_stage,0.0,0.8,72.85339600431716,2.1424113327666134,0.4272816199585064,3,6,45,True,False
none,outward,2.2,0.2,-1.0,VisualCogB_Task-1,right,Q2_visual_only,late_stage,0.8,2.8,78.42365363799087,1.1037388984090053,0.5720863590971252,3,6,45,True,False
none,outward,2.2,0.2,-1.0,VisualCogB_Task-1,right,Q2_visual_only,candidate_target_600ms,2.2,2.8000000000000003,81.6955994944008,1.032895616453256,0.465933445773098,3,6,45,True,False
none,outward,2.2,0.2,-1.0,VisualCogB_Task-1,left,Q2_plus_memory,cue_stage,0.0,0.8,47.604347740573836,1.8319263876335816,0.6532051497510954,3,6,43,True,False
none,outward,2.2,0.2,-1.0,VisualCogB_Task-1,left,Q2_plus_memory,late_stage,0.8,2.8,55.96148758294689,1.5324724420998,0.3277616396174927,3,6,43,True,False
none,outward,2.2,0.2,-1.0,VisualCogB_Task-1,left,Q2_plus_memory,candidate_target_600ms,2.2,2.8000000000000003,79.37825749033102,1.7078920887997466,0.6454662348947732,3,6,43,True,False
none,outward,2.2,0.2,-1.0,VisualCogB_Task-1,right,Q2_plus_memory,cue_stage,0.0,0.8,70.35140705309004,2.068834948170236,0.23500928511563682,3,6,45,True,False
none,outward,2.2,0.2,-1.0,VisualCogB_Task-1,right,Q2_plus_memory,late_stage,0.8,2.8,77.9407888066876,1.096943031699667,0.5907810345472867,3,6,45,True,False
none,outward,2.2,0.2,-1.0,VisualCogB_Task-1,right,Q2_plus_memory,candidate_target_600ms,2.2,2.8000000000000003,80.41970603036769,1.0167642118951503,0.5850526390089086,3,6,45,True,False
none,outward,2.2,0.2,-1.0,VisualCogB_Task-1,left,Q2_plus_memory_control,cue_stage,0.0,0.8,50.40173844051347,1.9395765095860438,0.651886189527824,3,6,43,True,False
none,outward,2.2,0.2,-1.0,VisualCogB_Task-1,left,Q2_plus_memory_control,late_stage,0.8,2.8,56.79456108187771,1.5552856701696016,0.2659595593412108,3,6,43,True,False
none,outward,2.2,0.2,-1.0,VisualCogB_Task-1,left,Q2_plus_memory_control,candidate_target_600ms,2.2,2.8000000000000003,83.32224768599629,1.7927504601780924,0.6673073033322825,3,6,43,True,False
none,outward,2.2,0.2,-1.0,VisualCogB_Task-1,right,Q2_plus_memory_control,cue_stage,0.0,0.8,73.87083086948016,2.1723312006798112,0.17136284457268522,3,6,45,True,False
none,outward,2.2,0.2,-1.0,VisualCogB_Task-1,right,Q2_plus_memory_control,late_stage,0.8,2.8,77.81184790377574,1.0951283102025435,0.5756839433147295,3,6,45,True,False
none,outward,2.2,0.2,-1.0,VisualCogB_Task-1,right,Q2_plus_memory_control,candidate_target_600ms,2.2,2.8000000000000003,83.23643196553937,1.0523767037453193,0.5860356980330128,3,6,45,True,False
none,outward,2.2,0.2,-1.0,VisualCogB_Task-2,left,Training_mean_template,cue_stage,0.0,0.8,63.2138714343876,1.2292311223231638,0.9634197574214081,3,6,44,True,False
none,outward,2.2,0.2,-1.0,VisualCogB_Task-2,left,Training_mean_template,late_stage,0.8,2.8,97.65021851600747,2.2596645567823304,0.6605098055625932,3,6,44,True,False
none,outward,2.2,0.2,-1.0,VisualCogB_Task-2,left,Training_mean_template,candidate_target_600ms,2.2,2.8000000000000003,111.92058376690936,2.669945848842001,0.7638155595056176,3,6,44,True,False
none,outward,2.2,0.2,-1.0,VisualCogB_Task-2,right,Training_mean_template,cue_stage,0.0,0.8,74.10254107893448,1.1155363853672184,0.9298987076586458,3,6,47,True,False
none,outward,2.2,0.2,-1.0,VisualCogB_Task-2,right,Training_mean_template,late_stage,0.8,2.8,77.11685725509513,1.4163081329371616,0.35038858443652277,3,6,47,True,False
none,outward,2.2,0.2,-1.0,VisualCogB_Task-2,right,Training_mean_template,candidate_target_600ms,2.2,2.8000000000000003,67.65758441469684,1.1362065903523808,0.39991481881973406,3,6,47,True,False
none,outward,2.2,0.2,-1.0,VisualCogB_Task-2,left,Q2_visual_only,cue_stage,0.0,0.8,58.47212071298707,1.1370249747042238,0.5329487917591955,3,6,44,True,False
none,outward,2.2,0.2,-1.0,VisualCogB_Task-2,left,Q2_visual_only,late_stage,0.8,2.8,79.14531603275486,1.8314538174354984,0.7052353547163923,3,6,44,True,False
none,outward,2.2,0.2,-1.0,VisualCogB_Task-2,left,Q2_visual_only,candidate_target_600ms,2.2,2.8000000000000003,89.55544362762687,2.136409379822064,0.718979052539494,3,6,44,True,False
none,outward,2.2,0.2,-1.0,VisualCogB_Task-2,right,Q2_visual_only,cue_stage,0.0,0.8,86.6837387329077,1.3049331800001296,0.3073336694940099,3,6,47,True,False
none,outward,2.2,0.2,-1.0,VisualCogB_Task-2,right,Q2_visual_only,late_stage,0.8,2.8,101.83752690152481,1.8703215188311768,0.5211191474910355,3,6,47,True,False
none,outward,2.2,0.2,-1.0,VisualCogB_Task-2,right,Q2_visual_only,candidate_target_600ms,2.2,2.8000000000000003,94.31514499380697,1.5838799188450747,0.5824800255843932,3,6,47,True,False
none,outward,2.2,0.2,-1.0,VisualCogB_Task-2,left,Q2_plus_memory,cue_stage,0.0,0.8,60.59590377100085,1.1783231925278683,0.6341981628345421,3,6,44,True,False
none,outward,2.2,0.2,-1.0,VisualCogB_Task-2,left,Q2_plus_memory,late_stage,0.8,2.8,78.15010341162758,1.8084242050024744,0.679730466866225,3,6,44,True,False
none,outward,2.2,0.2,-1.0,VisualCogB_Task-2,left,Q2_plus_memory,candidate_target_600ms,2.2,2.8000000000000003,84.55353621651899,2.017085288764848,0.6872795535269505,3,6,44,True,False
none,outward,2.2,0.2,-1.0,VisualCogB_Task-2,right,Q2_plus_memory,cue_stage,0.0,0.8,87.9635192870283,1.3241989400215872,0.46176436809570454,3,6,47,True,False
none,outward,2.2,0.2,-1.0,VisualCogB_Task-2,right,Q2_plus_memory,late_stage,0.8,2.8,101.39514874653274,1.8621969167525878,0.46065313814464465,3,6,47,True,False
none,outward,2.2,0.2,-1.0,VisualCogB_Task-2,right,Q2_plus_memory,candidate_target_600ms,2.2,2.8000000000000003,90.64950527045558,1.5223210552297102,0.483206968864247,3,6,47,True,False
none,outward,2.2,0.2,-1.0,VisualCogB_Task-2,left,Q2_plus_memory_control,cue_stage,0.0,0.8,59.23028276234064,1.1517678842220667,0.6627970278297477,3,6,44,True,False
none,outward,2.2,0.2,-1.0,VisualCogB_Task-2,left,Q2_plus_memory_control,late_stage,0.8,2.8,78.13801820219672,1.8081445484914371,0.6873035477911599,3,6,44,True,False
none,outward,2.2,0.2,-1.0,VisualCogB_Task-2,left,Q2_plus_memory_control,candidate_target_600ms,2.2,2.8000000000000003,83.07014889050295,1.981698019506408,0.7101561671058874,3,6,44,True,False
none,outward,2.2,0.2,-1.0,VisualCogB_Task-2,right,Q2_plus_memory_control,cue_stage,0.0,0.8,86.53286468567305,1.3026619287468346,0.49836880941248773,3,6,47,True,False
none,outward,2.2,0.2,-1.0,VisualCogB_Task-2,right,Q2_plus_memory_control,late_stage,0.8,2.8,101.55698663295553,1.8651691892610451,0.45495579947981846,3,6,47,True,False
none,outward,2.2,0.2,-1.0,VisualCogB_Task-2,right,Q2_plus_memory_control,candidate_target_600ms,2.2,2.8000000000000003,89.42495868571928,1.5017566512267104,0.49428071465618917,3,6,47,True,False
none,outward,2.2,0.2,1.0,VisualCogA_Task-1,left,Training_mean_template,cue_stage,0.0,0.8,90.1585675739132,3.3956714746772474,-0.24359713848395168,3,6,45,True,False
none,outward,2.2,0.2,1.0,VisualCogA_Task-1,left,Training_mean_template,late_stage,0.8,2.8,120.68295611953907,2.5989351536653182,0.4474960472766061,3,6,45,True,False
none,outward,2.2,0.2,1.0,VisualCogA_Task-1,left,Training_mean_template,candidate_target_600ms,2.2,2.8000000000000003,123.40873079983828,2.6748491130763927,0.7976856668348464,3,6,45,True,False
none,outward,2.2,0.2,1.0,VisualCogA_Task-1,right,Training_mean_template,cue_stage,0.0,0.8,78.07957539471936,13.061849097414253,0.06679067000787269,3,6,41,True,False
none,outward,2.2,0.2,1.0,VisualCogA_Task-1,right,Training_mean_template,late_stage,0.8,2.8,155.19115609643598,4.338950443631611,0.2707080293263396,3,6,41,True,False
none,outward,2.2,0.2,1.0,VisualCogA_Task-1,right,Training_mean_template,candidate_target_600ms,2.2,2.8000000000000003,190.75428703577919,4.609686595103582,0.6121985196158213,3,6,41,True,False
none,outward,2.2,0.2,1.0,VisualCogA_Task-1,left,Q2_visual_only,cue_stage,0.0,0.8,107.29388147503535,4.041044379209913,0.2952750735846301,3,6,45,True,False
none,outward,2.2,0.2,1.0,VisualCogA_Task-1,left,Q2_visual_only,late_stage,0.8,2.8,130.01890294425917,2.799986910895077,0.6396600486611305,3,6,45,True,False
none,outward,2.2,0.2,1.0,VisualCogA_Task-1,left,Q2_visual_only,candidate_target_600ms,2.2,2.8000000000000003,136.43244352038138,2.957134379229961,0.5515065079265107,3,6,45,True,False
none,outward,2.2,0.2,1.0,VisualCogA_Task-1,right,Q2_visual_only,cue_stage,0.0,0.8,81.66853657765354,13.66224259534219,-0.4333369802959582,3,6,41,True,False
none,outward,2.2,0.2,1.0,VisualCogA_Task-1,right,Q2_visual_only,late_stage,0.8,2.8,114.25948118382668,3.1945520546519592,0.14297843613528297,3,6,41,True,False
none,outward,2.2,0.2,1.0,VisualCogA_Task-1,right,Q2_visual_only,candidate_target_600ms,2.2,2.8000000000000003,140.3924366840785,3.392663638092382,0.3581919073595357,3,6,41,True,False
none,outward,2.2,0.2,1.0,VisualCogA_Task-1,left,Q2_plus_memory,cue_stage,0.0,0.8,109.44374865132157,4.122015526393183,0.33248738340813544,3,6,45,True,False
none,outward,2.2,0.2,1.0,VisualCogA_Task-1,left,Q2_plus_memory,late_stage,0.8,2.8,130.3517443015572,2.8071547259030116,0.6047139316773146,3,6,45,True,False
none,outward,2.2,0.2,1.0,VisualCogA_Task-1,left,Q2_plus_memory,candidate_target_600ms,2.2,2.8000000000000003,142.95610608861523,3.098532908503814,0.598586331423018,3,6,45,True,False
none,outward,2.2,0.2,1.0,VisualCogA_Task-1,right,Q2_plus_memory,cue_stage,0.0,0.8,83.54282633115363,13.97579053411215,-0.378677349320631,3,6,41,True,False
none,outward,2.2,0.2,1.0,VisualCogA_Task-1,right,Q2_plus_memory,late_stage,0.8,2.8,114.93629131435809,3.2134748186160267,0.09306311340057162,3,6,41,True,False
none,outward,2.2,0.2,1.0,VisualCogA_Task-1,right,Q2_plus_memory,candidate_target_600ms,2.2,2.8000000000000003,147.1432311261237,3.5558004521025364,0.39242042604081634,3,6,41,True,False
none,outward,2.2,0.2,1.0,VisualCogA_Task-1,left,Q2_plus_memory_control,cue_stage,0.0,0.8,103.77660273012012,3.908571965062408,0.011548104574198768,3,6,45,True,False
none,outward,2.2,0.2,1.0,VisualCogA_Task-1,left,Q2_plus_memory_control,late_stage,0.8,2.8,132.33163029764285,2.849792025161573,0.5466347419131903,3,6,45,True,False
none,outward,2.2,0.2,1.0,VisualCogA_Task-1,left,Q2_plus_memory_control,candidate_target_600ms,2.2,2.8000000000000003,151.29252532114103,3.2792224224938877,0.7128908445555513,3,6,45,True,False
none,outward,2.2,0.2,1.0,VisualCogA_Task-1,right,Q2_plus_memory_control,cue_stage,0.0,0.8,75.98417498137553,12.711311791602936,-0.3647310426836445,3,6,41,True,False
none,outward,2.2,0.2,1.0,VisualCogA_Task-1,right,Q2_plus_memory_control,late_stage,0.8,2.8,117.5300374426144,3.2859927133011606,0.0681476279885716,3,6,41,True,False
none,outward,2.2,0.2,1.0,VisualCogA_Task-1,right,Q2_plus_memory_control,candidate_target_600ms,2.2,2.8000000000000003,155.88815327088722,3.767126504126624,0.5513213549486483,3,6,41,True,False
none,outward,2.2,0.2,1.0,VisualCogA_Task-2,left,Training_mean_template,cue_stage,0.0,0.8,49.257960094280094,0.9810764386232242,0.794194186385945,3,6,49,True,False
none,outward,2.2,0.2,1.0,VisualCogA_Task-2,left,Training_mean_template,late_stage,0.8,2.8,62.899753492085416,1.7944778075906822,0.1473251682388706,3,6,49,True,False
none,outward,2.2,0.2,1.0,VisualCogA_Task-2,left,Training_mean_template,candidate_target_600ms,2.2,2.8000000000000003,85.80375759854347,3.124302787537705,-0.3957291072700665,3,6,49,True,False
none,outward,2.2,0.2,1.0,VisualCogA_Task-2,right,Training_mean_template,cue_stage,0.0,0.8,87.82290746095246,1.2447581919835802,0.7458025461087507,3,6,41,True,False
none,outward,2.2,0.2,1.0,VisualCogA_Task-2,right,Training_mean_template,late_stage,0.8,2.8,194.89514998948022,4.505420300193029,-0.5400529536959167,3,6,41,True,False
none,outward,2.2,0.2,1.0,VisualCogA_Task-2,right,Training_mean_template,candidate_target_600ms,2.2,2.8000000000000003,239.83526899618826,6.98716665403749,-0.7639552765626814,3,6,41,True,False
none,outward,2.2,0.2,1.0,VisualCogA_Task-2,left,Q2_visual_only,cue_stage,0.0,0.8,63.01165910632763,1.255010438707857,0.11227962403110628,3,6,49,True,False
none,outward,2.2,0.2,1.0,VisualCogA_Task-2,left,Q2_visual_only,late_stage,0.8,2.8,60.27764631776062,1.719671264286149,0.05083053250531735,3,6,49,True,False
none,outward,2.2,0.2,1.0,VisualCogA_Task-2,left,Q2_visual_only,candidate_target_600ms,2.2,2.8000000000000003,70.83497536804842,2.5792566338763128,-0.20708918921679031,3,6,49,True,False
none,outward,2.2,0.2,1.0,VisualCogA_Task-2,right,Q2_visual_only,cue_stage,0.0,0.8,109.82280081556975,1.5565737338238526,-0.14432895366075052,3,6,41,True,False
none,outward,2.2,0.2,1.0,VisualCogA_Task-2,right,Q2_visual_only,late_stage,0.8,2.8,197.50267061806247,4.565698744134916,-0.4714201882612392,3,6,41,True,False
none,outward,2.2,0.2,1.0,VisualCogA_Task-2,right,Q2_visual_only,candidate_target_600ms,2.2,2.8000000000000003,233.17091813648926,6.793012848833657,-0.6502114945359864,3,6,41,True,False
none,outward,2.2,0.2,1.0,VisualCogA_Task-2,left,Q2_plus_memory,cue_stage,0.0,0.8,63.70571491382614,1.2688340277993075,0.08969925526958668,3,6,49,True,False
none,outward,2.2,0.2,1.0,VisualCogA_Task-2,left,Q2_plus_memory,late_stage,0.8,2.8,60.30715773719603,1.720513200610335,0.056711059602734606,3,6,49,True,False
none,outward,2.2,0.2,1.0,VisualCogA_Task-2,left,Q2_plus_memory,candidate_target_600ms,2.2,2.8000000000000003,71.69898940256142,2.6107172776995213,-0.22887177995655886,3,6,49,True,False
none,outward,2.2,0.2,1.0,VisualCogA_Task-2,right,Q2_plus_memory,cue_stage,0.0,0.8,110.16060801819809,1.561361645029931,-0.15647765005386505,3,6,41,True,False
none,outward,2.2,0.2,1.0,VisualCogA_Task-2,right,Q2_plus_memory,late_stage,0.8,2.8,197.43051285417454,4.5640306623265445,-0.4513903570384227,3,6,41,True,False
none,outward,2.2,0.2,1.0,VisualCogA_Task-2,right,Q2_plus_memory,candidate_target_600ms,2.2,2.8000000000000003,232.58406702812286,6.7759160035180175,-0.664594892687156,3,6,41,True,False
none,outward,2.2,0.2,1.0,VisualCogA_Task-2,left,Q2_plus_memory_control,cue_stage,0.0,0.8,54.68502304988634,1.0891678737228372,0.28624267050470237,3,6,49,True,False
none,outward,2.2,0.2,1.0,VisualCogA_Task-2,left,Q2_plus_memory_control,late_stage,0.8,2.8,64.73593410242367,1.8468625177532572,-0.025264795439797292,3,6,49,True,False
none,outward,2.2,0.2,1.0,VisualCogA_Task-2,left,Q2_plus_memory_control,candidate_target_600ms,2.2,2.8000000000000003,86.38104295681569,3.145323012112173,-0.3711693927826273,3,6,49,True,False
none,outward,2.2,0.2,1.0,VisualCogA_Task-2,right,Q2_plus_memory_control,cue_stage,0.0,0.8,100.41216924496395,1.4231921244247434,0.03815671331968517,3,6,41,True,False
none,outward,2.2,0.2,1.0,VisualCogA_Task-2,right,Q2_plus_memory_control,late_stage,0.8,2.8,200.454061094907,4.633926478734209,-0.5236385572358017,3,6,41,True,False
none,outward,2.2,0.2,1.0,VisualCogA_Task-2,right,Q2_plus_memory_control,candidate_target_600ms,2.2,2.8000000000000003,242.75264301878389,7.072159068094654,-0.761251862615006,3,6,41,True,False
none,outward,2.2,0.2,1.0,VisualCogB_Task-1,left,Training_mean_template,cue_stage,0.0,0.8,30.33075629867405,1.1671982803593115,0.6762753600671128,3,6,43,True,False
none,outward,2.2,0.2,1.0,VisualCogB_Task-1,left,Training_mean_template,late_stage,0.8,2.8,47.76044260519691,1.307891646133743,0.25417606538143633,3,6,43,True,False
none,outward,2.2,0.2,1.0,VisualCogB_Task-1,left,Training_mean_template,candidate_target_600ms,2.2,2.8000000000000003,59.91640472171523,1.2891534388494987,0.7961337222116565,3,6,43,True,False
none,outward,2.2,0.2,1.0,VisualCogB_Task-1,right,Training_mean_template,cue_stage,0.0,0.8,86.7423138020746,2.5508449339678005,0.029317347683828418,3,6,45,True,False
none,outward,2.2,0.2,1.0,VisualCogB_Task-1,right,Training_mean_template,late_stage,0.8,2.8,111.82341068398667,1.5738089517534397,0.2328057661890107,3,6,45,True,False
none,outward,2.2,0.2,1.0,VisualCogB_Task-1,right,Training_mean_template,candidate_target_600ms,2.2,2.8000000000000003,106.04275074272239,1.340722059409212,0.4520682831316366,3,6,45,True,False
none,outward,2.2,0.2,1.0,VisualCogB_Task-1,left,Q2_visual_only,cue_stage,0.0,0.8,51.73349607564281,1.9908256510934814,0.6227725273931595,3,6,43,True,False
none,outward,2.2,0.2,1.0,VisualCogB_Task-1,left,Q2_visual_only,late_stage,0.8,2.8,55.467846891400654,1.5189543819343618,0.2790329390112621,3,6,43,True,False
none,outward,2.2,0.2,1.0,VisualCogB_Task-1,left,Q2_visual_only,candidate_target_600ms,2.2,2.8000000000000003,76.36306886018068,1.6430176890524355,0.5147931547005653,3,6,43,True,False
none,outward,2.2,0.2,1.0,VisualCogB_Task-1,right,Q2_visual_only,cue_stage,0.0,0.8,72.85339600431716,2.1424113327666134,0.4272816199585064,3,6,45,True,False
none,outward,2.2,0.2,1.0,VisualCogB_Task-1,right,Q2_visual_only,late_stage,0.8,2.8,78.42365363799087,1.1037388984090053,0.5720863590971252,3,6,45,True,False
none,outward,2.2,0.2,1.0,VisualCogB_Task-1,right,Q2_visual_only,candidate_target_600ms,2.2,2.8000000000000003,81.6955994944008,1.032895616453256,0.465933445773098,3,6,45,True,False
none,outward,2.2,0.2,1.0,VisualCogB_Task-1,left,Q2_plus_memory,cue_stage,0.0,0.8,53.88201787296633,2.073505783512736,0.6009542422675921,3,6,43,True,False
none,outward,2.2,0.2,1.0,VisualCogB_Task-1,left,Q2_plus_memory,late_stage,0.8,2.8,56.48732313760848,1.546872139666823,0.2138557400534524,3,6,43,True,False
none,outward,2.2,0.2,1.0,VisualCogB_Task-1,left,Q2_plus_memory,candidate_target_600ms,2.2,2.8000000000000003,81.65463342932127,1.7568702924068123,0.5275101511055721,3,6,43,True,False
none,outward,2.2,0.2,1.0,VisualCogB_Task-1,right,Q2_plus_memory,cue_stage,0.0,0.8,74.56702913582022,2.192804413151211,0.4115365578048272,3,6,45,True,False
none,outward,2.2,0.2,1.0,VisualCogB_Task-1,right,Q2_plus_memory,late_stage,0.8,2.8,78.3906315393162,1.1032741435407538,0.557903867639617,3,6,45,True,False
none,outward,2.2,0.2,1.0,VisualCogB_Task-1,right,Q2_plus_memory,candidate_target_600ms,2.2,2.8000000000000003,84.37583954974265,1.0667824869987714,0.4852484394482918,3,6,45,True,False
none,outward,2.2,0.2,1.0,VisualCogB_Task-1,left,Q2_plus_memory_control,cue_stage,0.0,0.8,51.357294109967754,1.9763485215725496,0.6738015508645897,3,6,43,True,False
none,outward,2.2,0.2,1.0,VisualCogB_Task-1,left,Q2_plus_memory_control,late_stage,0.8,2.8,56.65528404443403,1.5514716503692276,0.2686876179580143,3,6,43,True,False
none,outward,2.2,0.2,1.0,VisualCogB_Task-1,left,Q2_plus_memory_control,candidate_target_600ms,2.2,2.8000000000000003,83.19385208779299,1.7899879174700362,0.6372096630106048,3,6,43,True,False
none,outward,2.2,0.2,1.0,VisualCogB_Task-1,right,Q2_plus_memory_control,cue_stage,0.0,0.8,74.41932914605627,2.188460976204208,0.19263008637582063,3,6,45,True,False
none,outward,2.2,0.2,1.0,VisualCogB_Task-1,right,Q2_plus_memory_control,late_stage,0.8,2.8,77.72954546482258,1.0939699810621306,0.5724570352565994,3,6,45,True,False
none,outward,2.2,0.2,1.0,VisualCogB_Task-1,right,Q2_plus_memory_control,candidate_target_600ms,2.2,2.8000000000000003,83.00915510675945,1.0495031919208404,0.5758905231386289,3,6,45,True,False
none,outward,2.2,0.2,1.0,VisualCogB_Task-2,left,Training_mean_template,cue_stage,0.0,0.8,63.2138714343876,1.2292311223231638,0.9634197574214081,3,6,44,True,False
none,outward,2.2,0.2,1.0,VisualCogB_Task-2,left,Training_mean_template,late_stage,0.8,2.8,97.65021851600747,2.2596645567823304,0.6605098055625932,3,6,44,True,False
none,outward,2.2,0.2,1.0,VisualCogB_Task-2,left,Training_mean_template,candidate_target_600ms,2.2,2.8000000000000003,111.92058376690936,2.669945848842001,0.7638155595056176,3,6,44,True,False
none,outward,2.2,0.2,1.0,VisualCogB_Task-2,right,Training_mean_template,cue_stage,0.0,0.8,74.10254107893448,1.1155363853672184,0.9298987076586458,3,6,47,True,False
none,outward,2.2,0.2,1.0,VisualCogB_Task-2,right,Training_mean_template,late_stage,0.8,2.8,77.11685725509513,1.4163081329371616,0.35038858443652277,3,6,47,True,False
none,outward,2.2,0.2,1.0,VisualCogB_Task-2,right,Training_mean_template,candidate_target_600ms,2.2,2.8000000000000003,67.65758441469684,1.1362065903523808,0.39991481881973406,3,6,47,True,False
none,outward,2.2,0.2,1.0,VisualCogB_Task-2,left,Q2_visual_only,cue_stage,0.0,0.8,58.47212071298707,1.1370249747042238,0.5329487917591955,3,6,44,True,False
none,outward,2.2,0.2,1.0,VisualCogB_Task-2,left,Q2_visual_only,late_stage,0.8,2.8,79.14531603275486,1.8314538174354984,0.7052353547163923,3,6,44,True,False
none,outward,2.2,0.2,1.0,VisualCogB_Task-2,left,Q2_visual_only,candidate_target_600ms,2.2,2.8000000000000003,89.55544362762687,2.136409379822064,0.718979052539494,3,6,44,True,False
none,outward,2.2,0.2,1.0,VisualCogB_Task-2,right,Q2_visual_only,cue_stage,0.0,0.8,86.6837387329077,1.3049331800001296,0.3073336694940099,3,6,47,True,False
none,outward,2.2,0.2,1.0,VisualCogB_Task-2,right,Q2_visual_only,late_stage,0.8,2.8,101.83752690152481,1.8703215188311768,0.5211191474910355,3,6,47,True,False
none,outward,2.2,0.2,1.0,VisualCogB_Task-2,right,Q2_visual_only,candidate_target_600ms,2.2,2.8000000000000003,94.31514499380697,1.5838799188450747,0.5824800255843932,3,6,47,True,False
none,outward,2.2,0.2,1.0,VisualCogB_Task-2,left,Q2_plus_memory,cue_stage,0.0,0.8,58.48077655135763,1.1371932926014425,0.4715717535588347,3,6,44,True,False
none,outward,2.2,0.2,1.0,VisualCogB_Task-2,left,Q2_plus_memory,late_stage,0.8,2.8,78.82989810573662,1.8241549222452123,0.7164552485894767,3,6,44,True,False
none,outward,2.2,0.2,1.0,VisualCogB_Task-2,left,Q2_plus_memory,candidate_target_600ms,2.2,2.8000000000000003,85.55155641493054,2.0408937768563584,0.7336282932952811,3,6,44,True,False
none,outward,2.2,0.2,1.0,VisualCogB_Task-2,right,Q2_plus_memory,cue_stage,0.0,0.8,86.60847865272456,1.3038002180721369,0.2545942724659799,3,6,47,True,False
none,outward,2.2,0.2,1.0,VisualCogB_Task-2,right,Q2_plus_memory,late_stage,0.8,2.8,101.74565377537353,1.8686342009035803,0.5110035781133242,3,6,47,True,False
none,outward,2.2,0.2,1.0,VisualCogB_Task-2,right,Q2_plus_memory,candidate_target_600ms,2.2,2.8000000000000003,90.72958467019753,1.5236658673823371,0.5852637790508107,3,6,47,True,False
none,outward,2.2,0.2,1.0,VisualCogB_Task-2,left,Q2_plus_memory_control,cue_stage,0.0,0.8,58.95717059427131,1.1464570565625958,0.6222210258850194,3,6,44,True,False
none,outward,2.2,0.2,1.0,VisualCogB_Task-2,left,Q2_plus_memory_control,late_stage,0.8,2.8,78.33016086468666,1.8125908054570898,0.6749146612486395,3,6,44,True,False
none,outward,2.2,0.2,1.0,VisualCogB_Task-2,left,Q2_plus_memory_control,candidate_target_600ms,2.2,2.8000000000000003,83.02223132270714,1.980554911537194,0.6924415839822406,3,6,44,True,False
none,outward,2.2,0.2,1.0,VisualCogB_Task-2,right,Q2_plus_memory_control,cue_stage,0.0,0.8,86.2832497401022,1.2989042363646108,0.43821125160908225,3,6,47,True,False
none,outward,2.2,0.2,1.0,VisualCogB_Task-2,right,Q2_plus_memory_control,late_stage,0.8,2.8,101.55292421516347,1.8650945799530019,0.46181361156711787,3,6,47,True,False
none,outward,2.2,0.2,1.0,VisualCogB_Task-2,right,Q2_plus_memory_control,candidate_target_600ms,2.2,2.8000000000000003,89.28634487742833,1.4994288423955724,0.4878647471743458,3,6,47,True,False
none,dots,2.4,0.2,-1.0,VisualCogA_Task-1,left,Training_mean_template,cue_stage,0.0,0.8,90.1585675739132,3.3956714746772474,-0.24359713848395168,3,6,45,True,False
none,dots,2.4,0.2,-1.0,VisualCogA_Task-1,left,Training_mean_template,late_stage,0.8,2.8,120.68295611953907,2.5989351536653182,0.4474960472766061,3,6,45,True,False
none,dots,2.4,0.2,-1.0,VisualCogA_Task-1,left,Training_mean_template,candidate_target_600ms,2.4,3.0,119.97006282023044,2.809668236776738,0.7978201161806588,3,6,45,True,False
none,dots,2.4,0.2,-1.0,VisualCogA_Task-1,right,Training_mean_template,cue_stage,0.0,0.8,78.07957539471936,13.061849097414253,0.06679067000787269,3,6,41,True,False
none,dots,2.4,0.2,-1.0,VisualCogA_Task-1,right,Training_mean_template,late_stage,0.8,2.8,155.19115609643598,4.338950443631611,0.2707080293263396,3,6,41,True,False
none,dots,2.4,0.2,-1.0,VisualCogA_Task-1,right,Training_mean_template,candidate_target_600ms,2.4,3.0,195.4640279954771,4.570952995763784,0.6014936047830867,3,6,41,True,False
none,dots,2.4,0.2,-1.0,VisualCogA_Task-1,left,Q2_visual_only,cue_stage,0.0,0.8,107.37499478809906,4.04409937631999,0.2391996141600313,3,6,45,True,False
none,dots,2.4,0.2,-1.0,VisualCogA_Task-1,left,Q2_visual_only,late_stage,0.8,2.8,130.7498242545592,2.815727469040009,0.689066482804921,3,6,45,True,False
none,dots,2.4,0.2,-1.0,VisualCogA_Task-1,left,Q2_visual_only,candidate_target_600ms,2.4,3.0,131.65927634662646,3.0834266327128086,0.5767219137323409,3,6,45,True,False
none,dots,2.4,0.2,-1.0,VisualCogA_Task-1,right,Q2_visual_only,cue_stage,0.0,0.8,80.63588575317233,13.489491537571887,-0.3921573623711805,3,6,41,True,False
none,dots,2.4,0.2,-1.0,VisualCogA_Task-1,right,Q2_visual_only,late_stage,0.8,2.8,114.86510559811995,3.211484555106038,0.22164032713706716,3,6,41,True,False
none,dots,2.4,0.2,-1.0,VisualCogA_Task-1,right,Q2_visual_only,candidate_target_600ms,2.4,3.0,141.25959783210396,3.3033749918731026,0.4421302787650151,3,6,41,True,False
none,dots,2.4,0.2,-1.0,VisualCogA_Task-1,left,Q2_plus_memory,cue_stage,0.0,0.8,100.52080835735542,3.7859479219292,0.004207332479745022,3,6,45,True,False
none,dots,2.4,0.2,-1.0,VisualCogA_Task-1,left,Q2_plus_memory,late_stage,0.8,2.8,131.85873879167428,2.839608198064116,0.6040009062271788,3,6,45,True,False
none,dots,2.4,0.2,-1.0,VisualCogA_Task-1,left,Q2_plus_memory,candidate_target_600ms,2.4,3.0,147.44558706665566,3.4531379987259867,0.7302389075198596,3,6,45,True,False
none,dots,2.4,0.2,-1.0,VisualCogA_Task-1,right,Q2_plus_memory,cue_stage,0.0,0.8,72.92640944976671,12.199781449035905,-0.37176769330495985,3,6,41,True,False
none,dots,2.4,0.2,-1.0,VisualCogA_Task-1,right,Q2_plus_memory,late_stage,0.8,2.8,116.60120375726984,3.2600236862479606,0.11015772831062476,3,6,41,True,False
none,dots,2.4,0.2,-1.0,VisualCogA_Task-1,right,Q2_plus_memory,candidate_target_600ms,2.4,3.0,157.29044004655398,3.6782584269287457,0.6193866773299664,3,6,41,True,False
none,dots,2.4,0.2,-1.0,VisualCogA_Task-1,left,Q2_plus_memory_control,cue_stage,0.0,0.8,102.78152179227406,3.871093907828759,-0.027748380431303694,3,6,45,True,False
none,dots,2.4,0.2,-1.0,VisualCogA_Task-1,left,Q2_plus_memory_control,late_stage,0.8,2.8,132.28630682495265,2.84881597377662,0.5655226285147287,3,6,45,True,False
none,dots,2.4,0.2,-1.0,VisualCogA_Task-1,left,Q2_plus_memory_control,candidate_target_600ms,2.4,3.0,150.2006795781693,3.517661561830064,0.7300954127987067,3,6,45,True,False
none,dots,2.4,0.2,-1.0,VisualCogA_Task-1,right,Q2_plus_memory_control,cue_stage,0.0,0.8,75.01590621520268,12.549331139869722,-0.37646222025212306,3,6,41,True,False
none,dots,2.4,0.2,-1.0,VisualCogA_Task-1,right,Q2_plus_memory_control,late_stage,0.8,2.8,117.3446822597923,3.2808104144320445,0.0759326453790689,3,6,41,True,False
none,dots,2.4,0.2,-1.0,VisualCogA_Task-1,right,Q2_plus_memory_control,candidate_target_600ms,2.4,3.0,160.00296930716397,3.7416912942293674,0.6234611385004208,3,6,41,True,False
none,dots,2.4,0.2,-1.0,VisualCogA_Task-2,left,Training_mean_template,cue_stage,0.0,0.8,49.257960094280094,0.9810764386232242,0.794194186385945,3,6,49,True,False
none,dots,2.4,0.2,-1.0,VisualCogA_Task-2,left,Training_mean_template,late_stage,0.8,2.8,62.899753492085416,1.7944778075906822,0.1473251682388706,3,6,49,True,False
none,dots,2.4,0.2,-1.0,VisualCogA_Task-2,left,Training_mean_template,candidate_target_600ms,2.4,3.0,102.22221261282286,3.584745922546142,-0.4729445101629347,3,6,49,True,False
none,dots,2.4,0.2,-1.0,VisualCogA_Task-2,right,Training_mean_template,cue_stage,0.0,0.8,87.82290746095246,1.2447581919835802,0.7458025461087507,3,6,41,True,False
none,dots,2.4,0.2,-1.0,VisualCogA_Task-2,right,Training_mean_template,late_stage,0.8,2.8,194.89514998948022,4.505420300193029,-0.5400529536959167,3,6,41,True,False
none,dots,2.4,0.2,-1.0,VisualCogA_Task-2,right,Training_mean_template,candidate_target_600ms,2.4,3.0,245.71948531907233,6.9161056655759685,-0.7509778135390277,3,6,41,True,False
none,dots,2.4,0.2,-1.0,VisualCogA_Task-2,left,Q2_visual_only,cue_stage,0.0,0.8,58.72793556562192,1.1696910258186892,0.21104211675878692,3,6,49,True,False
none,dots,2.4,0.2,-1.0,VisualCogA_Task-2,left,Q2_visual_only,late_stage,0.8,2.8,61.934753732983744,1.7669471646883026,0.027552091646422874,3,6,49,True,False
none,dots,2.4,0.2,-1.0,VisualCogA_Task-2,left,Q2_visual_only,candidate_target_600ms,2.4,3.0,85.10464554205481,2.9844641717170806,-0.27253854453183174,3,6,49,True,False
none,dots,2.4,0.2,-1.0,VisualCogA_Task-2,right,Q2_visual_only,cue_stage,0.0,0.8,104.88467792031351,1.4865832369865117,-0.03656967019340653,3,6,41,True,False
none,dots,2.4,0.2,-1.0,VisualCogA_Task-2,right,Q2_visual_only,late_stage,0.8,2.8,198.95361658713674,4.599240478877435,-0.5067837816043106,3,6,41,True,False
none,dots,2.4,0.2,-1.0,VisualCogA_Task-2,right,Q2_visual_only,candidate_target_600ms,2.4,3.0,240.43567882406518,6.7673858194942715,-0.6429142662232763,3,6,41,True,False
none,dots,2.4,0.2,-1.0,VisualCogA_Task-2,left,Q2_plus_memory,cue_stage,0.0,0.8,55.0210128296769,1.0958598206881562,0.29046235132722964,3,6,49,True,False
none,dots,2.4,0.2,-1.0,VisualCogA_Task-2,left,Q2_plus_memory,late_stage,0.8,2.8,63.981471000252434,1.825338311085855,-0.03628563299733965,3,6,49,True,False
none,dots,2.4,0.2,-1.0,VisualCogA_Task-2,left,Q2_plus_memory,candidate_target_600ms,2.4,3.0,98.75455715098657,3.463141591551127,-0.4303459916091566,3,6,49,True,False
none,dots,2.4,0.2,-1.0,VisualCogA_Task-2,right,Q2_plus_memory,cue_stage,0.0,0.8,100.94051852651049,1.4306806842486834,0.04146022646350141,3,6,41,True,False
none,dots,2.4,0.2,-1.0,VisualCogA_Task-2,right,Q2_plus_memory,late_stage,0.8,2.8,199.88549249876343,4.620782793551403,-0.5461646065988185,3,6,41,True,False
none,dots,2.4,0.2,-1.0,VisualCogA_Task-2,right,Q2_plus_memory,candidate_target_600ms,2.4,3.0,249.59147933915145,7.02508814917743,-0.7617539080696685,3,6,41,True,False
none,dots,2.4,0.2,-1.0,VisualCogA_Task-2,left,Q2_plus_memory_control,cue_stage,0.0,0.8,53.587846241774685,1.067315277444349,0.33126935771843663,3,6,49,True,False
none,dots,2.4,0.2,-1.0,VisualCogA_Task-2,left,Q2_plus_memory_control,late_stage,0.8,2.8,63.532720545006065,1.8125358327234056,-0.001780497656401524,3,6,49,True,False
none,dots,2.4,0.2,-1.0,VisualCogA_Task-2,left,Q2_plus_memory_control,candidate_target_600ms,2.4,3.0,98.9749701753804,3.470871072945396,-0.44506217086807837,3,6,49,True,False
none,dots,2.4,0.2,-1.0,VisualCogA_Task-2,right,Q2_plus_memory_control,cue_stage,0.0,0.8,99.17953235914051,1.4057213425327633,0.0888245350818646,3,6,41,True,False
none,dots,2.4,0.2,-1.0,VisualCogA_Task-2,right,Q2_plus_memory_control,late_stage,0.8,2.8,199.7425948188099,4.6174794065346,-0.5137235852874954,3,6,41,True,False
none,dots,2.4,0.2,-1.0,VisualCogA_Task-2,right,Q2_plus_memory_control,candidate_target_600ms,2.4,3.0,249.29810758685403,7.016830806315307,-0.7712374040112817,3,6,41,True,False
none,dots,2.4,0.2,-1.0,VisualCogB_Task-1,left,Training_mean_template,cue_stage,0.0,0.8,30.33075629867405,1.1671982803593115,0.6762753600671128,3,6,43,True,False
none,dots,2.4,0.2,-1.0,VisualCogB_Task-1,left,Training_mean_template,late_stage,0.8,2.8,47.76044260519691,1.307891646133743,0.25417606538143633,3,6,43,True,False
none,dots,2.4,0.2,-1.0,VisualCogB_Task-1,left,Training_mean_template,candidate_target_600ms,2.4,3.0,64.45325297689806,1.3096330727372893,0.7615137189407232,3,6,43,True,False
none,dots,2.4,0.2,-1.0,VisualCogB_Task-1,right,Training_mean_template,cue_stage,0.0,0.8,86.7423138020746,2.5508449339678005,0.029317347683828418,3,6,45,True,False
none,dots,2.4,0.2,-1.0,VisualCogB_Task-1,right,Training_mean_template,late_stage,0.8,2.8,111.82341068398667,1.5738089517534397,0.2328057661890107,3,6,45,True,False
none,dots,2.4,0.2,-1.0,VisualCogB_Task-1,right,Training_mean_template,candidate_target_600ms,2.4,3.0,98.17643515546442,1.3700651056342532,0.40117602768848126,3,6,45,True,False
none,dots,2.4,0.2,-1.0,VisualCogB_Task-1,left,Q2_visual_only,cue_stage,0.0,0.8,52.93923904385435,2.0372254541578503,0.6414224682179772,3,6,43,True,False
none,dots,2.4,0.2,-1.0,VisualCogB_Task-1,left,Q2_visual_only,late_stage,0.8,2.8,54.9424427511204,1.5045664983965772,0.3574439977865936,3,6,43,True,False
none,dots,2.4,0.2,-1.0,VisualCogB_Task-1,left,Q2_visual_only,candidate_target_600ms,2.4,3.0,78.0891571212644,1.586702580005425,0.5314280858622886,3,6,43,True,False
none,dots,2.4,0.2,-1.0,VisualCogB_Task-1,right,Q2_visual_only,cue_stage,0.0,0.8,74.7448832334921,2.1980345967161425,0.3354296311527112,3,6,45,True,False
none,dots,2.4,0.2,-1.0,VisualCogB_Task-1,right,Q2_visual_only,late_stage,0.8,2.8,78.34644661279675,1.10265228240753,0.5944120168434502,3,6,45,True,False
none,dots,2.4,0.2,-1.0,VisualCogB_Task-1,right,Q2_visual_only,candidate_target_600ms,2.4,3.0,72.72314826953954,1.0148611289276022,0.4605650077224158,3,6,45,True,False
none,dots,2.4,0.2,-1.0,VisualCogB_Task-1,left,Q2_plus_memory,cue_stage,0.0,0.8,48.56783266602683,1.8690035358941417,0.6241137370582454,3,6,43,True,False
none,dots,2.4,0.2,-1.0,VisualCogB_Task-1,left,Q2_plus_memory,late_stage,0.8,2.8,55.616228223336286,1.5230177174876989,0.33918033376701434,3,6,43,True,False
none,dots,2.4,0.2,-1.0,VisualCogB_Task-1,left,Q2_plus_memory,candidate_target_600ms,2.4,3.0,85.19902169352834,1.7311687373591502,0.6201254359528464,3,6,43,True,False
none,dots,2.4,0.2,-1.0,VisualCogB_Task-1,right,Q2_plus_memory,cue_stage,0.0,0.8,71.47255424928055,2.1018047009965244,0.21175857108690668,3,6,45,True,False
none,dots,2.4,0.2,-1.0,VisualCogB_Task-1,right,Q2_plus_memory,late_stage,0.8,2.8,78.01524311786783,1.0979909058497694,0.599630234260415,3,6,45,True,False
none,dots,2.4,0.2,-1.0,VisualCogB_Task-1,right,Q2_plus_memory,candidate_target_600ms,2.4,3.0,74.5636176380802,1.0405451217903836,0.5417228224775207,3,6,45,True,False
none,dots,2.4,0.2,-1.0,VisualCogB_Task-1,left,Q2_plus_memory_control,cue_stage,0.0,0.8,50.760403699795326,1.9533787857223863,0.6436008980725083,3,6,43,True,False
none,dots,2.4,0.2,-1.0,VisualCogB_Task-1,left,Q2_plus_memory_control,late_stage,0.8,2.8,56.78846630972088,1.5551187684167243,0.2711598232828023,3,6,43,True,False
none,dots,2.4,0.2,-1.0,VisualCogB_Task-1,left,Q2_plus_memory_control,candidate_target_600ms,2.4,3.0,87.4430185905769,1.7767647688356065,0.6312769169540046,3,6,43,True,False
none,dots,2.4,0.2,-1.0,VisualCogB_Task-1,right,Q2_plus_memory_control,cue_stage,0.0,0.8,74.11480790006375,2.1795058717854117,0.1674939652028261,3,6,45,True,False
none,dots,2.4,0.2,-1.0,VisualCogB_Task-1,right,Q2_plus_memory_control,late_stage,0.8,2.8,78.09540849911103,1.0991191579201505,0.572531000793392,3,6,45,True,False
none,dots,2.4,0.2,-1.0,VisualCogB_Task-1,right,Q2_plus_memory_control,candidate_target_600ms,2.4,3.0,76.26234389442676,1.0642510708214286,0.5397200225257083,3,6,45,True,False
none,dots,2.4,0.2,-1.0,VisualCogB_Task-2,left,Training_mean_template,cue_stage,0.0,0.8,63.2138714343876,1.2292311223231638,0.9634197574214081,3,6,44,True,False
none,dots,2.4,0.2,-1.0,VisualCogB_Task-2,left,Training_mean_template,late_stage,0.8,2.8,97.65021851600747,2.2596645567823304,0.6605098055625932,3,6,44,True,False
none,dots,2.4,0.2,-1.0,VisualCogB_Task-2,left,Training_mean_template,candidate_target_600ms,2.4,3.0,96.45809449387467,2.0060003698444526,0.7441631195768078,3,6,44,True,False
none,dots,2.4,0.2,-1.0,VisualCogB_Task-2,right,Training_mean_template,cue_stage,0.0,0.8,74.10254107893448,1.1155363853672184,0.9298987076586458,3,6,47,True,False
none,dots,2.4,0.2,-1.0,VisualCogB_Task-2,right,Training_mean_template,late_stage,0.8,2.8,77.11685725509513,1.4163081329371616,0.35038858443652277,3,6,47,True,False
none,dots,2.4,0.2,-1.0,VisualCogB_Task-2,right,Training_mean_template,candidate_target_600ms,2.4,3.0,66.1773149384218,1.058282186864853,0.39116219790990925,3,6,47,True,False
none,dots,2.4,0.2,-1.0,VisualCogB_Task-2,left,Q2_visual_only,cue_stage,0.0,0.8,58.32789500800973,1.1342204205585225,0.529627752833085,3,6,44,True,False
none,dots,2.4,0.2,-1.0,VisualCogB_Task-2,left,Q2_visual_only,late_stage,0.8,2.8,78.70195094012394,1.8211941743875069,0.7011114459704398,3,6,44,True,False
none,dots,2.4,0.2,-1.0,VisualCogB_Task-2,left,Q2_visual_only,candidate_target_600ms,2.4,3.0,81.73359135051868,1.6997807735904171,0.7029033247445123,3,6,44,True,False
none,dots,2.4,0.2,-1.0,VisualCogB_Task-2,right,Q2_visual_only,cue_stage,0.0,0.8,85.96609187898538,1.2941297559105036,0.3393577955787121,3,6,47,True,False
none,dots,2.4,0.2,-1.0,VisualCogB_Task-2,right,Q2_visual_only,late_stage,0.8,2.8,101.32626514909568,1.8609318185270032,0.5295418233244642,3,6,47,True,False
none,dots,2.4,0.2,-1.0,VisualCogB_Task-2,right,Q2_visual_only,candidate_target_600ms,2.4,3.0,93.8712522230432,1.5011529884339168,0.5715814256656124,3,6,47,True,False
none,dots,2.4,0.2,-1.0,VisualCogB_Task-2,left,Q2_plus_memory,cue_stage,0.0,0.8,60.46587142577191,1.1757946366581336,0.6222217442595361,3,6,44,True,False
none,dots,2.4,0.2,-1.0,VisualCogB_Task-2,left,Q2_plus_memory,late_stage,0.8,2.8,78.04820786194844,1.8060663018087804,0.7013687738281894,3,6,44,True,False
none,dots,2.4,0.2,-1.0,VisualCogB_Task-2,left,Q2_plus_memory,candidate_target_600ms,2.4,3.0,72.63169769196125,1.5104923355266677,0.6693995984380638,3,6,44,True,False
none,dots,2.4,0.2,-1.0,VisualCogB_Task-2,right,Q2_plus_memory,cue_stage,0.0,0.8,87.78717095320741,1.3215441999814779,0.4628554762366171,3,6,47,True,False
none,dots,2.4,0.2,-1.0,VisualCogB_Task-2,right,Q2_plus_memory,late_stage,0.8,2.8,101.30085361213808,1.8604651168518502,0.4742851694919095,3,6,47,True,False
none,dots,2.4,0.2,-1.0,VisualCogB_Task-2,right,Q2_plus_memory,candidate_target_600ms,2.4,3.0,86.8192772622839,1.3883805151153352,0.4706120353637385,3,6,47,True,False
none,dots,2.4,0.2,-1.0,VisualCogB_Task-2,left,Q2_plus_memory_control,cue_stage,0.0,0.8,59.428291651846756,1.1556182842047698,0.6397237516307785,3,6,44,True,False
none,dots,2.4,0.2,-1.0,VisualCogB_Task-2,left,Q2_plus_memory_control,late_stage,0.8,2.8,77.96291802764615,1.804092661416003,0.6874795976050945,3,6,44,True,False
none,dots,2.4,0.2,-1.0,VisualCogB_Task-2,left,Q2_plus_memory_control,candidate_target_600ms,2.4,3.0,70.33178340680325,1.4626619390125581,0.7240902324439383,3,6,44,True,False
none,dots,2.4,0.2,-1.0,VisualCogB_Task-2,right,Q2_plus_memory_control,cue_stage,0.0,0.8,86.67194847151492,1.3047556899250912,0.48330319598112753,3,6,47,True,False
none,dots,2.4,0.2,-1.0,VisualCogB_Task-2,right,Q2_plus_memory_control,late_stage,0.8,2.8,101.28490439753043,1.8601721977266834,0.4598568675134861,3,6,47,True,False
none,dots,2.4,0.2,-1.0,VisualCogB_Task-2,right,Q2_plus_memory_control,candidate_target_600ms,2.4,3.0,85.18486468346671,1.3622436173013406,0.4944668039385154,3,6,47,True,False
none,dots,2.4,0.2,1.0,VisualCogA_Task-1,left,Training_mean_template,cue_stage,0.0,0.8,90.1585675739132,3.3956714746772474,-0.24359713848395168,3,6,45,True,False
none,dots,2.4,0.2,1.0,VisualCogA_Task-1,left,Training_mean_template,late_stage,0.8,2.8,120.68295611953907,2.5989351536653182,0.4474960472766061,3,6,45,True,False
none,dots,2.4,0.2,1.0,VisualCogA_Task-1,left,Training_mean_template,candidate_target_600ms,2.4,3.0,119.97006282023044,2.809668236776738,0.7978201161806588,3,6,45,True,False
none,dots,2.4,0.2,1.0,VisualCogA_Task-1,right,Training_mean_template,cue_stage,0.0,0.8,78.07957539471936,13.061849097414253,0.06679067000787269,3,6,41,True,False
none,dots,2.4,0.2,1.0,VisualCogA_Task-1,right,Training_mean_template,late_stage,0.8,2.8,155.19115609643598,4.338950443631611,0.2707080293263396,3,6,41,True,False
none,dots,2.4,0.2,1.0,VisualCogA_Task-1,right,Training_mean_template,candidate_target_600ms,2.4,3.0,195.4640279954771,4.570952995763784,0.6014936047830867,3,6,41,True,False
none,dots,2.4,0.2,1.0,VisualCogA_Task-1,left,Q2_visual_only,cue_stage,0.0,0.8,107.37499478809906,4.04409937631999,0.2391996141600313,3,6,45,True,False
none,dots,2.4,0.2,1.0,VisualCogA_Task-1,left,Q2_visual_only,late_stage,0.8,2.8,130.7498242545592,2.815727469040009,0.689066482804921,3,6,45,True,False
none,dots,2.4,0.2,1.0,VisualCogA_Task-1,left,Q2_visual_only,candidate_target_600ms,2.4,3.0,131.65927634662646,3.0834266327128086,0.5767219137323409,3,6,45,True,False
none,dots,2.4,0.2,1.0,VisualCogA_Task-1,right,Q2_visual_only,cue_stage,0.0,0.8,80.63588575317233,13.489491537571887,-0.3921573623711805,3,6,41,True,False
none,dots,2.4,0.2,1.0,VisualCogA_Task-1,right,Q2_visual_only,late_stage,0.8,2.8,114.86510559811995,3.211484555106038,0.22164032713706716,3,6,41,True,False
none,dots,2.4,0.2,1.0,VisualCogA_Task-1,right,Q2_visual_only,candidate_target_600ms,2.4,3.0,141.25959783210396,3.3033749918731026,0.4421302787650151,3,6,41,True,False
none,dots,2.4,0.2,1.0,VisualCogA_Task-1,left,Q2_plus_memory,cue_stage,0.0,0.8,109.4114609551816,4.120799464384703,0.2731703127787825,3,6,45,True,False
none,dots,2.4,0.2,1.0,VisualCogA_Task-1,left,Q2_plus_memory,late_stage,0.8,2.8,130.26645390846284,2.805317977715775,0.6787199174857484,3,6,45,True,False
none,dots,2.4,0.2,1.0,VisualCogA_Task-1,left,Q2_plus_memory,candidate_target_600ms,2.4,3.0,137.57021177372033,3.221859231052196,0.5831667108597921,3,6,45,True,False
none,dots,2.4,0.2,1.0,VisualCogA_Task-1,right,Q2_plus_memory,cue_stage,0.0,0.8,82.30468866003056,13.768663800388556,-0.3224946814468942,3,6,41,True,False
none,dots,2.4,0.2,1.0,VisualCogA_Task-1,right,Q2_plus_memory,late_stage,0.8,2.8,114.54845158438707,3.2026313052951387,0.20746814608493963,3,6,41,True,False
none,dots,2.4,0.2,1.0,VisualCogA_Task-1,right,Q2_plus_memory,candidate_target_600ms,2.4,3.0,147.29176454007634,3.444438034354714,0.43566969616784706,3,6,41,True,False
none,dots,2.4,0.2,1.0,VisualCogA_Task-1,left,Q2_plus_memory_control,cue_stage,0.0,0.8,103.45438579072619,3.8964362036012385,-0.0087937732900238,3,6,45,True,False
none,dots,2.4,0.2,1.0,VisualCogA_Task-1,left,Q2_plus_memory_control,late_stage,0.8,2.8,132.07618178639368,2.8442908828529663,0.5801561706133185,3,6,45,True,False
none,dots,2.4,0.2,1.0,VisualCogA_Task-1,left,Q2_plus_memory_control,candidate_target_600ms,2.4,3.0,149.21950679362703,3.4946827457595164,0.6982160531659423,3,6,45,True,False
none,dots,2.4,0.2,1.0,VisualCogA_Task-1,right,Q2_plus_memory_control,cue_stage,0.0,0.8,75.48279336988618,12.627436195246464,-0.35221944635873786,3,6,41,True,False
none,dots,2.4,0.2,1.0,VisualCogA_Task-1,right,Q2_plus_memory_control,late_stage,0.8,2.8,117.05545163478915,3.2727238882392156,0.10575451454914282,3,6,41,True,False
none,dots,2.4,0.2,1.0,VisualCogA_Task-1,right,Q2_plus_memory_control,candidate_target_600ms,2.4,3.0,159.0529602513481,3.719475202684458,0.5874272714929899,3,6,41,True,False
none,dots,2.4,0.2,1.0,VisualCogA_Task-2,left,Training_mean_template,cue_stage,0.0,0.8,49.257960094280094,0.9810764386232242,0.794194186385945,3,6,49,True,False
none,dots,2.4,0.2,1.0,VisualCogA_Task-2,left,Training_mean_template,late_stage,0.8,2.8,62.899753492085416,1.7944778075906822,0.1473251682388706,3,6,49,True,False
none,dots,2.4,0.2,1.0,VisualCogA_Task-2,left,Training_mean_template,candidate_target_600ms,2.4,3.0,102.22221261282286,3.584745922546142,-0.4729445101629347,3,6,49,True,False
none,dots,2.4,0.2,1.0,VisualCogA_Task-2,right,Training_mean_template,cue_stage,0.0,0.8,87.82290746095246,1.2447581919835802,0.7458025461087507,3,6,41,True,False
none,dots,2.4,0.2,1.0,VisualCogA_Task-2,right,Training_mean_template,late_stage,0.8,2.8,194.89514998948022,4.505420300193029,-0.5400529536959167,3,6,41,True,False
none,dots,2.4,0.2,1.0,VisualCogA_Task-2,right,Training_mean_template,candidate_target_600ms,2.4,3.0,245.71948531907233,6.9161056655759685,-0.7509778135390277,3,6,41,True,False
none,dots,2.4,0.2,1.0,VisualCogA_Task-2,left,Q2_visual_only,cue_stage,0.0,0.8,58.72793556562192,1.1696910258186892,0.21104211675878692,3,6,49,True,False
none,dots,2.4,0.2,1.0,VisualCogA_Task-2,left,Q2_visual_only,late_stage,0.8,2.8,61.934753732983744,1.7669471646883026,0.027552091646422874,3,6,49,True,False
none,dots,2.4,0.2,1.0,VisualCogA_Task-2,left,Q2_visual_only,candidate_target_600ms,2.4,3.0,85.10464554205481,2.9844641717170806,-0.27253854453183174,3,6,49,True,False
none,dots,2.4,0.2,1.0,VisualCogA_Task-2,right,Q2_visual_only,cue_stage,0.0,0.8,104.88467792031351,1.4865832369865117,-0.03656967019340653,3,6,41,True,False
none,dots,2.4,0.2,1.0,VisualCogA_Task-2,right,Q2_visual_only,late_stage,0.8,2.8,198.95361658713674,4.599240478877435,-0.5067837816043106,3,6,41,True,False
none,dots,2.4,0.2,1.0,VisualCogA_Task-2,right,Q2_visual_only,candidate_target_600ms,2.4,3.0,240.43567882406518,6.7673858194942715,-0.6429142662232763,3,6,41,True,False
none,dots,2.4,0.2,1.0,VisualCogA_Task-2,left,Q2_plus_memory,cue_stage,0.0,0.8,59.28526298671556,1.1807913799622036,0.184619624243801,3,6,49,True,False
none,dots,2.4,0.2,1.0,VisualCogA_Task-2,left,Q2_plus_memory,late_stage,0.8,2.8,61.72559192863608,1.7609799518574172,0.04354529236561346,3,6,49,True,False
none,dots,2.4,0.2,1.0,VisualCogA_Task-2,left,Q2_plus_memory,candidate_target_600ms,2.4,3.0,84.87702573772113,2.976481961739231,-0.2676786401163836,3,6,49,True,False
none,dots,2.4,0.2,1.0,VisualCogA_Task-2,right,Q2_plus_memory,cue_stage,0.0,0.8,105.10510328033014,1.4897074363615281,-0.052881753701243914,3,6,41,True,False
none,dots,2.4,0.2,1.0,VisualCogA_Task-2,right,Q2_plus_memory,late_stage,0.8,2.8,198.965384001056,4.599512507943091,-0.49464310081248997,3,6,41,True,False
none,dots,2.4,0.2,1.0,VisualCogA_Task-2,right,Q2_plus_memory,candidate_target_600ms,2.4,3.0,239.57593405529687,6.743187145715891,-0.6401474482617923,3,6,41,True,False
none,dots,2.4,0.2,1.0,VisualCogA_Task-2,left,Q2_plus_memory_control,cue_stage,0.0,0.8,53.7499634363099,1.0705441841946444,0.3248680963283721,3,6,49,True,False
none,dots,2.4,0.2,1.0,VisualCogA_Task-2,left,Q2_plus_memory_control,late_stage,0.8,2.8,63.588084192576886,1.8141153116783686,0.0016532763368494899,3,6,49,True,False
none,dots,2.4,0.2,1.0,VisualCogA_Task-2,left,Q2_plus_memory_control,candidate_target_600ms,2.4,3.0,97.70367322508159,3.4262890154605894,-0.41219542835871636,3,6,49,True,False
none,dots,2.4,0.2,1.0,VisualCogA_Task-2,right,Q2_plus_memory_control,cue_stage,0.0,0.8,99.33669164042017,1.407948839987298,0.08468365468346094,3,6,41,True,False
none,dots,2.4,0.2,1.0,VisualCogA_Task-2,right,Q2_plus_memory_control,late_stage,0.8,2.8,199.87396324131058,4.620516269984362,-0.5156303107659043,3,6,41,True,False
none,dots,2.4,0.2,1.0,VisualCogA_Task-2,right,Q2_plus_memory_control,candidate_target_600ms,2.4,3.0,248.57848899699673,6.996576172459537,-0.7502890616621254,3,6,41,True,False
none,dots,2.4,0.2,1.0,VisualCogB_Task-1,left,Training_mean_template,cue_stage,0.0,0.8,30.33075629867405,1.1671982803593115,0.6762753600671128,3,6,43,True,False
none,dots,2.4,0.2,1.0,VisualCogB_Task-1,left,Training_mean_template,late_stage,0.8,2.8,47.76044260519691,1.307891646133743,0.25417606538143633,3,6,43,True,False
none,dots,2.4,0.2,1.0,VisualCogB_Task-1,left,Training_mean_template,candidate_target_600ms,2.4,3.0,64.45325297689806,1.3096330727372893,0.7615137189407232,3,6,43,True,False
none,dots,2.4,0.2,1.0,VisualCogB_Task-1,right,Training_mean_template,cue_stage,0.0,0.8,86.7423138020746,2.5508449339678005,0.029317347683828418,3,6,45,True,False
none,dots,2.4,0.2,1.0,VisualCogB_Task-1,right,Training_mean_template,late_stage,0.8,2.8,111.82341068398667,1.5738089517534397,0.2328057661890107,3,6,45,True,False
none,dots,2.4,0.2,1.0,VisualCogB_Task-1,right,Training_mean_template,candidate_target_600ms,2.4,3.0,98.17643515546442,1.3700651056342532,0.40117602768848126,3,6,45,True,False
none,dots,2.4,0.2,1.0,VisualCogB_Task-1,left,Q2_visual_only,cue_stage,0.0,0.8,52.93923904385435,2.0372254541578503,0.6414224682179772,3,6,43,True,False
none,dots,2.4,0.2,1.0,VisualCogB_Task-1,left,Q2_visual_only,late_stage,0.8,2.8,54.9424427511204,1.5045664983965772,0.3574439977865936,3,6,43,True,False
none,dots,2.4,0.2,1.0,VisualCogB_Task-1,left,Q2_visual_only,candidate_target_600ms,2.4,3.0,78.0891571212644,1.586702580005425,0.5314280858622886,3,6,43,True,False
none,dots,2.4,0.2,1.0,VisualCogB_Task-1,right,Q2_visual_only,cue_stage,0.0,0.8,74.7448832334921,2.1980345967161425,0.3354296311527112,3,6,45,True,False
none,dots,2.4,0.2,1.0,VisualCogB_Task-1,right,Q2_visual_only,late_stage,0.8,2.8,78.34644661279675,1.10265228240753,0.5944120168434502,3,6,45,True,False
none,dots,2.4,0.2,1.0,VisualCogB_Task-1,right,Q2_visual_only,candidate_target_600ms,2.4,3.0,72.72314826953954,1.0148611289276022,0.4605650077224158,3,6,45,True,False
none,dots,2.4,0.2,1.0,VisualCogB_Task-1,left,Q2_plus_memory,cue_stage,0.0,0.8,55.04579974171795,2.1182908255520476,0.6202681722486618,3,6,43,True,False
none,dots,2.4,0.2,1.0,VisualCogB_Task-1,left,Q2_plus_memory,late_stage,0.8,2.8,55.00508077477165,1.5062818038542967,0.32381990569119784,3,6,43,True,False
none,dots,2.4,0.2,1.0,VisualCogB_Task-1,left,Q2_plus_memory,candidate_target_600ms,2.4,3.0,83.02772630741066,1.6870499362590594,0.5195914946605663,3,6,43,True,False
none,dots,2.4,0.2,1.0,VisualCogB_Task-1,right,Q2_plus_memory,cue_stage,0.0,0.8,76.36145105799913,2.245573262274087,0.31629655638456744,3,6,45,True,False
none,dots,2.4,0.2,1.0,VisualCogB_Task-1,right,Q2_plus_memory,late_stage,0.8,2.8,77.94333692860108,1.0969788941103469,0.5872607577947179,3,6,45,True,False
none,dots,2.4,0.2,1.0,VisualCogB_Task-1,right,Q2_plus_memory,candidate_target_600ms,2.4,3.0,75.4084944520113,1.0523354891987484,0.45304276801342636,3,6,45,True,False
none,dots,2.4,0.2,1.0,VisualCogB_Task-1,left,Q2_plus_memory_control,cue_stage,0.0,0.8,51.381367572875185,1.977274924601579,0.6687963651739562,3,6,43,True,False
none,dots,2.4,0.2,1.0,VisualCogB_Task-1,left,Q2_plus_memory_control,late_stage,0.8,2.8,56.347389076678915,1.5430401276645005,0.29242243505603455,3,6,43,True,False
none,dots,2.4,0.2,1.0,VisualCogB_Task-1,left,Q2_plus_memory_control,candidate_target_600ms,2.4,3.0,87.2108189676305,1.772046677945815,0.6036599415111237,3,6,43,True,False
none,dots,2.4,0.2,1.0,VisualCogB_Task-1,right,Q2_plus_memory_control,cue_stage,0.0,0.8,74.57157162804026,2.192937994937991,0.1671780205723381,3,6,45,True,False
none,dots,2.4,0.2,1.0,VisualCogB_Task-1,right,Q2_plus_memory_control,late_stage,0.8,2.8,77.8772128509723,1.096048260134312,0.576536512713772,3,6,45,True,False
none,dots,2.4,0.2,1.0,VisualCogB_Task-1,right,Q2_plus_memory_control,candidate_target_600ms,2.4,3.0,76.15522436367428,1.0627562036368186,0.5255142023092843,3,6,45,True,False
none,dots,2.4,0.2,1.0,VisualCogB_Task-2,left,Training_mean_template,cue_stage,0.0,0.8,63.2138714343876,1.2292311223231638,0.9634197574214081,3,6,44,True,False
none,dots,2.4,0.2,1.0,VisualCogB_Task-2,left,Training_mean_template,late_stage,0.8,2.8,97.65021851600747,2.2596645567823304,0.6605098055625932,3,6,44,True,False
none,dots,2.4,0.2,1.0,VisualCogB_Task-2,left,Training_mean_template,candidate_target_600ms,2.4,3.0,96.45809449387467,2.0060003698444526,0.7441631195768078,3,6,44,True,False
none,dots,2.4,0.2,1.0,VisualCogB_Task-2,right,Training_mean_template,cue_stage,0.0,0.8,74.10254107893448,1.1155363853672184,0.9298987076586458,3,6,47,True,False
none,dots,2.4,0.2,1.0,VisualCogB_Task-2,right,Training_mean_template,late_stage,0.8,2.8,77.11685725509513,1.4163081329371616,0.35038858443652277,3,6,47,True,False
none,dots,2.4,0.2,1.0,VisualCogB_Task-2,right,Training_mean_template,candidate_target_600ms,2.4,3.0,66.1773149384218,1.058282186864853,0.39116219790990925,3,6,47,True,False
none,dots,2.4,0.2,1.0,VisualCogB_Task-2,left,Q2_visual_only,cue_stage,0.0,0.8,58.32789500800973,1.1342204205585225,0.529627752833085,3,6,44,True,False
none,dots,2.4,0.2,1.0,VisualCogB_Task-2,left,Q2_visual_only,late_stage,0.8,2.8,78.70195094012394,1.8211941743875069,0.7011114459704398,3,6,44,True,False
none,dots,2.4,0.2,1.0,VisualCogB_Task-2,left,Q2_visual_only,candidate_target_600ms,2.4,3.0,81.73359135051868,1.6997807735904171,0.7029033247445123,3,6,44,True,False
none,dots,2.4,0.2,1.0,VisualCogB_Task-2,right,Q2_visual_only,cue_stage,0.0,0.8,85.96609187898538,1.2941297559105036,0.3393577955787121,3,6,47,True,False
none,dots,2.4,0.2,1.0,VisualCogB_Task-2,right,Q2_visual_only,late_stage,0.8,2.8,101.32626514909568,1.8609318185270032,0.5295418233244642,3,6,47,True,False
none,dots,2.4,0.2,1.0,VisualCogB_Task-2,right,Q2_visual_only,candidate_target_600ms,2.4,3.0,93.8712522230432,1.5011529884339168,0.5715814256656124,3,6,47,True,False
none,dots,2.4,0.2,1.0,VisualCogB_Task-2,left,Q2_plus_memory,cue_stage,0.0,0.8,58.44294045160559,1.136457547260947,0.44074380719971495,3,6,44,True,False
none,dots,2.4,0.2,1.0,VisualCogB_Task-2,left,Q2_plus_memory,late_stage,0.8,2.8,79.11577699597593,1.8307702724781474,0.6837166092962476,3,6,44,True,False
none,dots,2.4,0.2,1.0,VisualCogB_Task-2,left,Q2_plus_memory,candidate_target_600ms,2.4,3.0,77.23082168001893,1.6061384756397723,0.7254800147189425,3,6,44,True,False
none,dots,2.4,0.2,1.0,VisualCogB_Task-2,right,Q2_plus_memory,cue_stage,0.0,0.8,85.91577697661569,1.293372317589194,0.25985751866999174,3,6,47,True,False
none,dots,2.4,0.2,1.0,VisualCogB_Task-2,right,Q2_plus_memory,late_stage,0.8,2.8,101.60586890307967,1.8660669483139618,0.5288317424962382,3,6,47,True,False
none,dots,2.4,0.2,1.0,VisualCogB_Task-2,right,Q2_plus_memory,candidate_target_600ms,2.4,3.0,89.63022582879817,1.433332124271787,0.5999376643735898,3,6,47,True,False
none,dots,2.4,0.2,1.0,VisualCogB_Task-2,left,Q2_plus_memory_control,cue_stage,0.0,0.8,59.61582341548899,1.1592649502776182,0.5994406752575336,3,6,44,True,False
none,dots,2.4,0.2,1.0,VisualCogB_Task-2,left,Q2_plus_memory_control,late_stage,0.8,2.8,78.42571137748466,1.8148018819957115,0.6648366341088049,3,6,44,True,False
none,dots,2.4,0.2,1.0,VisualCogB_Task-2,left,Q2_plus_memory_control,candidate_target_600ms,2.4,3.0,70.80653613008174,1.472535181309935,0.6889873946709006,3,6,44,True,False
none,dots,2.4,0.2,1.0,VisualCogB_Task-2,right,Q2_plus_memory_control,cue_stage,0.0,0.8,86.85206571592003,1.3074671669789206,0.4273097916505101,3,6,47,True,False
none,dots,2.4,0.2,1.0,VisualCogB_Task-2,right,Q2_plus_memory_control,late_stage,0.8,2.8,101.44157688909682,1.8630496039373514,0.46824827209582826,3,6,47,True,False
none,dots,2.4,0.2,1.0,VisualCogB_Task-2,right,Q2_plus_memory_control,candidate_target_600ms,2.4,3.0,85.13045720181142,1.3613735537648923,0.4896635124182017,3,6,47,True,False
none,inward,2.4,0.2,-1.0,VisualCogA_Task-1,left,Training_mean_template,cue_stage,0.0,0.8,90.1585675739132,3.3956714746772474,-0.24359713848395168,3,6,45,True,False
none,inward,2.4,0.2,-1.0,VisualCogA_Task-1,left,Training_mean_template,late_stage,0.8,2.8,120.68295611953907,2.5989351536653182,0.4474960472766061,3,6,45,True,False
none,inward,2.4,0.2,-1.0,VisualCogA_Task-1,left,Training_mean_template,candidate_target_600ms,2.4,3.0,119.97006282023044,2.809668236776738,0.7978201161806588,3,6,45,True,False
none,inward,2.4,0.2,-1.0,VisualCogA_Task-1,right,Training_mean_template,cue_stage,0.0,0.8,78.07957539471936,13.061849097414253,0.06679067000787269,3,6,41,True,False
none,inward,2.4,0.2,-1.0,VisualCogA_Task-1,right,Training_mean_template,late_stage,0.8,2.8,155.19115609643598,4.338950443631611,0.2707080293263396,3,6,41,True,False
none,inward,2.4,0.2,-1.0,VisualCogA_Task-1,right,Training_mean_template,candidate_target_600ms,2.4,3.0,195.4640279954771,4.570952995763784,0.6014936047830867,3,6,41,True,False
none,inward,2.4,0.2,-1.0,VisualCogA_Task-1,left,Q2_visual_only,cue_stage,0.0,0.8,107.3586063297897,4.043482132480691,0.2539851350332834,3,6,45,True,False
none,inward,2.4,0.2,-1.0,VisualCogA_Task-1,left,Q2_visual_only,late_stage,0.8,2.8,130.51767107950647,2.810727997142072,0.6872082848999382,3,6,45,True,False
none,inward,2.4,0.2,-1.0,VisualCogA_Task-1,left,Q2_visual_only,candidate_target_600ms,2.4,3.0,132.4513448232148,3.1019766741790464,0.565147549816056,3,6,45,True,False
none,inward,2.4,0.2,-1.0,VisualCogA_Task-1,right,Q2_visual_only,cue_stage,0.0,0.8,80.80069492548212,13.51706228866393,-0.3993904280984317,3,6,41,True,False
none,inward,2.4,0.2,-1.0,VisualCogA_Task-1,right,Q2_visual_only,late_stage,0.8,2.8,114.60773879111356,3.204288901374697,0.22059652152921855,3,6,41,True,False
none,inward,2.4,0.2,-1.0,VisualCogA_Task-1,right,Q2_visual_only,candidate_target_600ms,2.4,3.0,142.07627921871074,3.322473197660518,0.4279765331309697,3,6,41,True,False
none,inward,2.4,0.2,-1.0,VisualCogA_Task-1,left,Q2_plus_memory,cue_stage,0.0,0.8,100.27611614252879,3.77673199940158,0.013441200552164525,3,6,45,True,False
none,inward,2.4,0.2,-1.0,VisualCogA_Task-1,left,Q2_plus_memory,late_stage,0.8,2.8,131.72610919905887,2.836751989352066,0.6097888991433855,3,6,45,True,False
none,inward,2.4,0.2,-1.0,VisualCogA_Task-1,left,Q2_plus_memory,candidate_target_600ms,2.4,3.0,147.49901712252674,3.45438931699107,0.7279119061582267,3,6,45,True,False
none,inward,2.4,0.2,-1.0,VisualCogA_Task-1,right,Q2_plus_memory,cue_stage,0.0,0.8,72.6246369149475,12.149298242747628,-0.36732569573949553,3,6,41,True,False
none,inward,2.4,0.2,-1.0,VisualCogA_Task-1,right,Q2_plus_memory,late_stage,0.8,2.8,116.41692070825903,3.254871362898024,0.11976484434770221,3,6,41,True,False
none,inward,2.4,0.2,-1.0,VisualCogA_Task-1,right,Q2_plus_memory,candidate_target_600ms,2.4,3.0,157.3633303442034,3.679962976496354,0.6153540006781325,3,6,41,True,False
none,inward,2.4,0.2,-1.0,VisualCogA_Task-1,left,Q2_plus_memory_control,cue_stage,0.0,0.8,102.81278680568009,3.8722714522045747,-0.025380440315124108,3,6,45,True,False
none,inward,2.4,0.2,-1.0,VisualCogA_Task-1,left,Q2_plus_memory_control,late_stage,0.8,2.8,132.17112815543405,2.846335574697998,0.5673685391236878,3,6,45,True,False
none,inward,2.4,0.2,-1.0,VisualCogA_Task-1,left,Q2_plus_memory_control,candidate_target_600ms,2.4,3.0,150.39824725791203,3.5222885464405387,0.7313468416639554,3,6,45,True,False
none,inward,2.4,0.2,-1.0,VisualCogA_Task-1,right,Q2_plus_memory_control,cue_stage,0.0,0.8,75.02109967622505,12.550199948438731,-0.3747581490932301,3,6,41,True,False
none,inward,2.4,0.2,-1.0,VisualCogA_Task-1,right,Q2_plus_memory_control,late_stage,0.8,2.8,117.21055396187367,3.277060355134877,0.07913615295749067,3,6,41,True,False
none,inward,2.4,0.2,-1.0,VisualCogA_Task-1,right,Q2_plus_memory_control,candidate_target_600ms,2.4,3.0,160.20929808112368,3.7465163207936683,0.6236776617462022,3,6,41,True,False
none,inward,2.4,0.2,-1.0,VisualCogA_Task-2,left,Training_mean_template,cue_stage,0.0,0.8,49.257960094280094,0.9810764386232242,0.794194186385945,3,6,49,True,False
none,inward,2.4,0.2,-1.0,VisualCogA_Task-2,left,Training_mean_template,late_stage,0.8,2.8,62.899753492085416,1.7944778075906822,0.1473251682388706,3,6,49,True,False
none,inward,2.4,0.2,-1.0,VisualCogA_Task-2,left,Training_mean_template,candidate_target_600ms,2.4,3.0,102.22221261282286,3.584745922546142,-0.4729445101629347,3,6,49,True,False
none,inward,2.4,0.2,-1.0,VisualCogA_Task-2,right,Training_mean_template,cue_stage,0.0,0.8,87.82290746095246,1.2447581919835802,0.7458025461087507,3,6,41,True,False
none,inward,2.4,0.2,-1.0,VisualCogA_Task-2,right,Training_mean_template,late_stage,0.8,2.8,194.89514998948022,4.505420300193029,-0.5400529536959167,3,6,41,True,False
none,inward,2.4,0.2,-1.0,VisualCogA_Task-2,right,Training_mean_template,candidate_target_600ms,2.4,3.0,245.71948531907233,6.9161056655759685,-0.7509778135390277,3,6,41,True,False
none,inward,2.4,0.2,-1.0,VisualCogA_Task-2,left,Q2_visual_only,cue_stage,0.0,0.8,59.49325111102824,1.1849339032799793,0.19200581182526413,3,6,49,True,False
none,inward,2.4,0.2,-1.0,VisualCogA_Task-2,left,Q2_visual_only,late_stage,0.8,2.8,61.82367346449693,1.7637781367415415,0.026327764450303055,3,6,49,True,False
none,inward,2.4,0.2,-1.0,VisualCogA_Task-2,left,Q2_visual_only,candidate_target_600ms,2.4,3.0,84.40848329166752,2.9600510356215177,-0.25572387893984905,3,6,49,True,False
none,inward,2.4,0.2,-1.0,VisualCogA_Task-2,right,Q2_visual_only,cue_stage,0.0,0.8,105.7821605204297,1.4993037087968313,-0.05821597371209991,3,6,41,True,False
none,inward,2.4,0.2,-1.0,VisualCogA_Task-2,right,Q2_visual_only,late_stage,0.8,2.8,198.85287433925188,4.596911605281903,-0.507072434413712,3,6,41,True,False
none,inward,2.4,0.2,-1.0,VisualCogA_Task-2,right,Q2_visual_only,candidate_target_600ms,2.4,3.0,239.81231786069253,6.74984048610371,-0.6337498114875789,3,6,41,True,False
none,inward,2.4,0.2,-1.0,VisualCogA_Task-2,left,Q2_plus_memory,cue_stage,0.0,0.8,55.30441027024809,1.101504280003531,0.27718705937914595,3,6,49,True,False
none,inward,2.4,0.2,-1.0,VisualCogA_Task-2,left,Q2_plus_memory,late_stage,0.8,2.8,64.08390058366064,1.8282605421608926,-0.04029211069731958,3,6,49,True,False
none,inward,2.4,0.2,-1.0,VisualCogA_Task-2,left,Q2_plus_memory,candidate_target_600ms,2.4,3.0,98.72059252916043,3.4619505144213134,-0.4244783750679172,3,6,49,True,False
none,inward,2.4,0.2,-1.0,VisualCogA_Task-2,right,Q2_plus_memory,cue_stage,0.0,0.8,101.21835141969096,1.4346185494342862,0.02908417505191148,3,6,41,True,False
none,inward,2.4,0.2,-1.0,VisualCogA_Task-2,right,Q2_plus_memory,late_stage,0.8,2.8,199.96154017888637,4.622540799134543,-0.5515265225907972,3,6,41,True,False
none,inward,2.4,0.2,-1.0,VisualCogA_Task-2,right,Q2_plus_memory,candidate_target_600ms,2.4,3.0,249.6001251097869,7.025331496029623,-0.758974986917878,3,6,41,True,False
none,inward,2.4,0.2,-1.0,VisualCogA_Task-2,left,Q2_plus_memory_control,cue_stage,0.0,0.8,53.622549859628236,1.0680064733799084,0.3292914633239057,3,6,49,True,False
none,inward,2.4,0.2,-1.0,VisualCogA_Task-2,left,Q2_plus_memory_control,late_stage,0.8,2.8,63.510837544972766,1.8119115288789047,-0.0015793047985141956,3,6,49,True,False
none,inward,2.4,0.2,-1.0,VisualCogA_Task-2,left,Q2_plus_memory_control,candidate_target_600ms,2.4,3.0,98.96923738570963,3.4706700345030477,-0.44414703591395993,3,6,49,True,False
none,inward,2.4,0.2,-1.0,VisualCogA_Task-2,right,Q2_plus_memory_control,cue_stage,0.0,0.8,99.20673212078455,1.4061068584204202,0.0871361153873124,3,6,41,True,False
none,inward,2.4,0.2,-1.0,VisualCogA_Task-2,right,Q2_plus_memory_control,late_stage,0.8,2.8,199.7398568794123,4.61741611318049,-0.5141944182848098,3,6,41,True,False
none,inward,2.4,0.2,-1.0,VisualCogA_Task-2,right,Q2_plus_memory_control,candidate_target_600ms,2.4,3.0,249.27740606142672,7.016248134016819,-0.7707372750676659,3,6,41,True,False
none,inward,2.4,0.2,-1.0,VisualCogB_Task-1,left,Training_mean_template,cue_stage,0.0,0.8,30.33075629867405,1.1671982803593115,0.6762753600671128,3,6,43,True,False
none,inward,2.4,0.2,-1.0,VisualCogB_Task-1,left,Training_mean_template,late_stage,0.8,2.8,47.76044260519691,1.307891646133743,0.25417606538143633,3,6,43,True,False
none,inward,2.4,0.2,-1.0,VisualCogB_Task-1,left,Training_mean_template,candidate_target_600ms,2.4,3.0,64.45325297689806,1.3096330727372893,0.7615137189407232,3,6,43,True,False
none,inward,2.4,0.2,-1.0,VisualCogB_Task-1,right,Training_mean_template,cue_stage,0.0,0.8,86.7423138020746,2.5508449339678005,0.029317347683828418,3,6,45,True,False
none,inward,2.4,0.2,-1.0,VisualCogB_Task-1,right,Training_mean_template,late_stage,0.8,2.8,111.82341068398667,1.5738089517534397,0.2328057661890107,3,6,45,True,False
none,inward,2.4,0.2,-1.0,VisualCogB_Task-1,right,Training_mean_template,candidate_target_600ms,2.4,3.0,98.17643515546442,1.3700651056342532,0.40117602768848126,3,6,45,True,False
none,inward,2.4,0.2,-1.0,VisualCogB_Task-1,left,Q2_visual_only,cue_stage,0.0,0.8,52.70776742318786,2.0283178860466746,0.6394166113426577,3,6,43,True,False
none,inward,2.4,0.2,-1.0,VisualCogB_Task-1,left,Q2_visual_only,late_stage,0.8,2.8,54.79721393639464,1.5005894926739154,0.3576607930570268,3,6,43,True,False
none,inward,2.4,0.2,-1.0,VisualCogB_Task-1,left,Q2_visual_only,candidate_target_600ms,2.4,3.0,78.99346680615439,1.6050773526759845,0.510838268192156,3,6,43,True,False
none,inward,2.4,0.2,-1.0,VisualCogB_Task-1,right,Q2_visual_only,cue_stage,0.0,0.8,74.36899236721212,2.1869807145916362,0.3552312200581584,3,6,45,True,False
none,inward,2.4,0.2,-1.0,VisualCogB_Task-1,right,Q2_visual_only,late_stage,0.8,2.8,78.28228004243796,1.101749198498568,0.5944872467293719,3,6,45,True,False
none,inward,2.4,0.2,-1.0,VisualCogB_Task-1,right,Q2_visual_only,candidate_target_600ms,2.4,3.0,73.2671135333397,1.0224522359527206,0.44599944486556015,3,6,45,True,False
none,inward,2.4,0.2,-1.0,VisualCogB_Task-1,left,Q2_plus_memory,cue_stage,0.0,0.8,48.37062573101,1.8614145528447268,0.6311604251525226,3,6,43,True,False
none,inward,2.4,0.2,-1.0,VisualCogB_Task-1,left,Q2_plus_memory,late_stage,0.8,2.8,55.37938916253213,1.516532019026642,0.3516185032416778,3,6,43,True,False
none,inward,2.4,0.2,-1.0,VisualCogB_Task-1,left,Q2_plus_memory,candidate_target_600ms,2.4,3.0,85.29368361317812,1.7330921838102795,0.6145191412126475,3,6,43,True,False
none,inward,2.4,0.2,-1.0,VisualCogB_Task-1,right,Q2_plus_memory,cue_stage,0.0,0.8,71.17540463548153,2.0930663753309298,0.218120504676509,3,6,45,True,False
none,inward,2.4,0.2,-1.0,VisualCogB_Task-1,right,Q2_plus_memory,late_stage,0.8,2.8,77.95795159036963,1.0971845816795016,0.6022675047904812,3,6,45,True,False
none,inward,2.4,0.2,-1.0,VisualCogB_Task-1,right,Q2_plus_memory,candidate_target_600ms,2.4,3.0,74.5962256638843,1.0410001710926633,0.5390055335464009,3,6,45,True,False
none,inward,2.4,0.2,-1.0,VisualCogB_Task-1,left,Q2_plus_memory_control,cue_stage,0.0,0.8,50.79251739429149,1.9546145956251397,0.6469617718921445,3,6,43,True,False
none,inward,2.4,0.2,-1.0,VisualCogB_Task-1,left,Q2_plus_memory_control,late_stage,0.8,2.8,56.67608953466759,1.5520413964893616,0.2736624269314518,3,6,43,True,False
none,inward,2.4,0.2,-1.0,VisualCogB_Task-1,left,Q2_plus_memory_control,candidate_target_600ms,2.4,3.0,87.6193020587429,1.7803466929344536,0.6310754131728074,3,6,43,True,False
none,inward,2.4,0.2,-1.0,VisualCogB_Task-1,right,Q2_plus_memory_control,cue_stage,0.0,0.8,74.12751499610005,2.179879551367254,0.16781863640598413,3,6,45,True,False
none,inward,2.4,0.2,-1.0,VisualCogB_Task-1,right,Q2_plus_memory_control,late_stage,0.8,2.8,78.03947746443832,1.0983319814021897,0.5734938400541516,3,6,45,True,False
none,inward,2.4,0.2,-1.0,VisualCogB_Task-1,right,Q2_plus_memory_control,candidate_target_600ms,2.4,3.0,76.36763322703457,1.06572039734946,0.5398089127336763,3,6,45,True,False
none,inward,2.4,0.2,-1.0,VisualCogB_Task-2,left,Training_mean_template,cue_stage,0.0,0.8,63.2138714343876,1.2292311223231638,0.9634197574214081,3,6,44,True,False
none,inward,2.4,0.2,-1.0,VisualCogB_Task-2,left,Training_mean_template,late_stage,0.8,2.8,97.65021851600747,2.2596645567823304,0.6605098055625932,3,6,44,True,False
none,inward,2.4,0.2,-1.0,VisualCogB_Task-2,left,Training_mean_template,candidate_target_600ms,2.4,3.0,96.45809449387467,2.0060003698444526,0.7441631195768078,3,6,44,True,False
none,inward,2.4,0.2,-1.0,VisualCogB_Task-2,right,Training_mean_template,cue_stage,0.0,0.8,74.10254107893448,1.1155363853672184,0.9298987076586458,3,6,47,True,False
none,inward,2.4,0.2,-1.0,VisualCogB_Task-2,right,Training_mean_template,late_stage,0.8,2.8,77.11685725509513,1.4163081329371616,0.35038858443652277,3,6,47,True,False
none,inward,2.4,0.2,-1.0,VisualCogB_Task-2,right,Training_mean_template,candidate_target_600ms,2.4,3.0,66.1773149384218,1.058282186864853,0.39116219790990925,3,6,47,True,False
none,inward,2.4,0.2,-1.0,VisualCogB_Task-2,left,Q2_visual_only,cue_stage,0.0,0.8,58.24992930296528,1.132704331305644,0.5327372065238202,3,6,44,True,False
none,inward,2.4,0.2,-1.0,VisualCogB_Task-2,left,Q2_visual_only,late_stage,0.8,2.8,78.88782907233124,1.8254954676525177,0.7024884637950796,3,6,44,True,False
none,inward,2.4,0.2,-1.0,VisualCogB_Task-2,left,Q2_visual_only,candidate_target_600ms,2.4,3.0,81.44794017430561,1.6938402004520343,0.6699360894046554,3,6,44,True,False
none,inward,2.4,0.2,-1.0,VisualCogB_Task-2,right,Q2_visual_only,cue_stage,0.0,0.8,85.98043283352939,1.2943456440077512,0.33579984702412535,3,6,47,True,False
none,inward,2.4,0.2,-1.0,VisualCogB_Task-2,right,Q2_visual_only,late_stage,0.8,2.8,101.50031972705398,1.8641284596131646,0.5312682775725186,3,6,47,True,False
none,inward,2.4,0.2,-1.0,VisualCogB_Task-2,right,Q2_visual_only,candidate_target_600ms,2.4,3.0,93.45370990816501,1.4944758122065482,0.5592779958320733,3,6,47,True,False
none,inward,2.4,0.2,-1.0,VisualCogB_Task-2,left,Q2_plus_memory,cue_stage,0.0,0.8,60.58095963244487,1.1780325949138877,0.619943725148692,3,6,44,True,False
none,inward,2.4,0.2,-1.0,VisualCogB_Task-2,left,Q2_plus_memory,late_stage,0.8,2.8,78.17491862649058,1.8089984388582405,0.70069862565051,3,6,44,True,False
none,inward,2.4,0.2,-1.0,VisualCogB_Task-2,left,Q2_plus_memory,candidate_target_600ms,2.4,3.0,72.78317080476025,1.513642461204462,0.6553693542644543,3,6,44,True,False
none,inward,2.4,0.2,-1.0,VisualCogB_Task-2,right,Q2_plus_memory,cue_stage,0.0,0.8,87.91265567161389,1.3234332413983014,0.45847785207591923,3,6,47,True,False
none,inward,2.4,0.2,-1.0,VisualCogB_Task-2,right,Q2_plus_memory,late_stage,0.8,2.8,101.38584056066145,1.862025965033059,0.4773269838177524,3,6,47,True,False
none,inward,2.4,0.2,-1.0,VisualCogB_Task-2,right,Q2_plus_memory,candidate_target_600ms,2.4,3.0,86.83802386379841,1.3886803035619582,0.46566065447931915,3,6,47,True,False
none,inward,2.4,0.2,-1.0,VisualCogB_Task-2,left,Q2_plus_memory_control,cue_stage,0.0,0.8,59.42300901727917,1.155515560250818,0.6393494575008799,3,6,44,True,False
none,inward,2.4,0.2,-1.0,VisualCogB_Task-2,left,Q2_plus_memory_control,late_stage,0.8,2.8,78.07958405384001,1.8067923592597686,0.6871604593276556,3,6,44,True,False
none,inward,2.4,0.2,-1.0,VisualCogB_Task-2,left,Q2_plus_memory_control,candidate_target_600ms,2.4,3.0,70.24555577427158,1.4608686974639151,0.7170040819699959,3,6,44,True,False
none,inward,2.4,0.2,-1.0,VisualCogB_Task-2,right,Q2_plus_memory_control,cue_stage,0.0,0.8,86.66964945195153,1.3047210805859741,0.4815417826691929,3,6,47,True,False
none,inward,2.4,0.2,-1.0,VisualCogB_Task-2,right,Q2_plus_memory_control,late_stage,0.8,2.8,101.37523291978282,1.861831147861011,0.46165060582897316,3,6,47,True,False
none,inward,2.4,0.2,-1.0,VisualCogB_Task-2,right,Q2_plus_memory_control,candidate_target_600ms,2.4,3.0,85.03295141667822,1.3598142787230028,0.49270368016425764,3,6,47,True,False
none,inward,2.4,0.2,1.0,VisualCogA_Task-1,left,Training_mean_template,cue_stage,0.0,0.8,90.1585675739132,3.3956714746772474,-0.24359713848395168,3,6,45,True,False
none,inward,2.4,0.2,1.0,VisualCogA_Task-1,left,Training_mean_template,late_stage,0.8,2.8,120.68295611953907,2.5989351536653182,0.4474960472766061,3,6,45,True,False
none,inward,2.4,0.2,1.0,VisualCogA_Task-1,left,Training_mean_template,candidate_target_600ms,2.4,3.0,119.97006282023044,2.809668236776738,0.7978201161806588,3,6,45,True,False
none,inward,2.4,0.2,1.0,VisualCogA_Task-1,right,Training_mean_template,cue_stage,0.0,0.8,78.07957539471936,13.061849097414253,0.06679067000787269,3,6,41,True,False
none,inward,2.4,0.2,1.0,VisualCogA_Task-1,right,Training_mean_template,late_stage,0.8,2.8,155.19115609643598,4.338950443631611,0.2707080293263396,3,6,41,True,False
none,inward,2.4,0.2,1.0,VisualCogA_Task-1,right,Training_mean_template,candidate_target_600ms,2.4,3.0,195.4640279954771,4.570952995763784,0.6014936047830867,3,6,41,True,False
none,inward,2.4,0.2,1.0,VisualCogA_Task-1,left,Q2_visual_only,cue_stage,0.0,0.8,107.3586063297897,4.043482132480691,0.2539851350332834,3,6,45,True,False
none,inward,2.4,0.2,1.0,VisualCogA_Task-1,left,Q2_visual_only,late_stage,0.8,2.8,130.51767107950647,2.810727997142072,0.6872082848999382,3,6,45,True,False
none,inward,2.4,0.2,1.0,VisualCogA_Task-1,left,Q2_visual_only,candidate_target_600ms,2.4,3.0,132.4513448232148,3.1019766741790464,0.565147549816056,3,6,45,True,False
none,inward,2.4,0.2,1.0,VisualCogA_Task-1,right,Q2_visual_only,cue_stage,0.0,0.8,80.80069492548212,13.51706228866393,-0.3993904280984317,3,6,41,True,False
none,inward,2.4,0.2,1.0,VisualCogA_Task-1,right,Q2_visual_only,late_stage,0.8,2.8,114.60773879111356,3.204288901374697,0.22059652152921855,3,6,41,True,False
none,inward,2.4,0.2,1.0,VisualCogA_Task-1,right,Q2_visual_only,candidate_target_600ms,2.4,3.0,142.07627921871074,3.322473197660518,0.4279765331309697,3,6,41,True,False
none,inward,2.4,0.2,1.0,VisualCogA_Task-1,left,Q2_plus_memory,cue_stage,0.0,0.8,109.34716474309732,4.118377855222319,0.2874673930925965,3,6,45,True,False
none,inward,2.4,0.2,1.0,VisualCogA_Task-1,left,Q2_plus_memory,late_stage,0.8,2.8,130.11415642092012,2.802038216373191,0.6783621930023362,3,6,45,True,False
none,inward,2.4,0.2,1.0,VisualCogA_Task-1,left,Q2_plus_memory,candidate_target_600ms,2.4,3.0,137.86901492859334,3.2288571246396436,0.5759518074634056,3,6,45,True,False
none,inward,2.4,0.2,1.0,VisualCogA_Task-1,right,Q2_plus_memory,cue_stage,0.0,0.8,82.427401351333,13.789192275960138,-0.3340409059222338,3,6,41,True,False
none,inward,2.4,0.2,1.0,VisualCogA_Task-1,right,Q2_plus_memory,late_stage,0.8,2.8,114.37019145616514,3.1976473752704813,0.20681532122813945,3,6,41,True,False
none,inward,2.4,0.2,1.0,VisualCogA_Task-1,right,Q2_plus_memory,candidate_target_600ms,2.4,3.0,147.60194499575664,3.4516916466825642,0.42537763182379734,3,6,41,True,False
none,inward,2.4,0.2,1.0,VisualCogA_Task-1,left,Q2_plus_memory_control,cue_stage,0.0,0.8,103.32715200366081,3.891644156067887,-0.012133455527889657,3,6,45,True,False
none,inward,2.4,0.2,1.0,VisualCogA_Task-1,left,Q2_plus_memory_control,late_stage,0.8,2.8,131.9221618786951,2.8409740287970746,0.5819858210960881,3,6,45,True,False
none,inward,2.4,0.2,1.0,VisualCogA_Task-1,left,Q2_plus_memory_control,candidate_target_600ms,2.4,3.0,149.44491015516923,3.4999616349298655,0.7042691669552872,3,6,45,True,False
none,inward,2.4,0.2,1.0,VisualCogA_Task-1,right,Q2_plus_memory_control,cue_stage,0.0,0.8,75.35870769537125,12.606678034774006,-0.3529729703687159,3,6,41,True,False
none,inward,2.4,0.2,1.0,VisualCogA_Task-1,right,Q2_plus_memory_control,late_stage,0.8,2.8,116.87718081670103,3.2677396593392816,0.10597554051195039,3,6,41,True,False
none,inward,2.4,0.2,1.0,VisualCogA_Task-1,right,Q2_plus_memory_control,candidate_target_600ms,2.4,3.0,159.2942830269228,3.7251185687568324,0.5917179812264044,3,6,41,True,False
none,inward,2.4,0.2,1.0,VisualCogA_Task-2,left,Training_mean_template,cue_stage,0.0,0.8,49.257960094280094,0.9810764386232242,0.794194186385945,3,6,49,True,False
none,inward,2.4,0.2,1.0,VisualCogA_Task-2,left,Training_mean_template,late_stage,0.8,2.8,62.899753492085416,1.7944778075906822,0.1473251682388706,3,6,49,True,False
none,inward,2.4,0.2,1.0,VisualCogA_Task-2,left,Training_mean_template,candidate_target_600ms,2.4,3.0,102.22221261282286,3.584745922546142,-0.4729445101629347,3,6,49,True,False
none,inward,2.4,0.2,1.0,VisualCogA_Task-2,right,Training_mean_template,cue_stage,0.0,0.8,87.82290746095246,1.2447581919835802,0.7458025461087507,3,6,41,True,False
none,inward,2.4,0.2,1.0,VisualCogA_Task-2,right,Training_mean_template,late_stage,0.8,2.8,194.89514998948022,4.505420300193029,-0.5400529536959167,3,6,41,True,False
none,inward,2.4,0.2,1.0,VisualCogA_Task-2,right,Training_mean_template,candidate_target_600ms,2.4,3.0,245.71948531907233,6.9161056655759685,-0.7509778135390277,3,6,41,True,False
none,inward,2.4,0.2,1.0,VisualCogA_Task-2,left,Q2_visual_only,cue_stage,0.0,0.8,59.49325111102824,1.1849339032799793,0.19200581182526413,3,6,49,True,False
none,inward,2.4,0.2,1.0,VisualCogA_Task-2,left,Q2_visual_only,late_stage,0.8,2.8,61.82367346449693,1.7637781367415415,0.026327764450303055,3,6,49,True,False
none,inward,2.4,0.2,1.0,VisualCogA_Task-2,left,Q2_visual_only,candidate_target_600ms,2.4,3.0,84.40848329166752,2.9600510356215177,-0.25572387893984905,3,6,49,True,False
none,inward,2.4,0.2,1.0,VisualCogA_Task-2,right,Q2_visual_only,cue_stage,0.0,0.8,105.7821605204297,1.4993037087968313,-0.05821597371209991,3,6,41,True,False
none,inward,2.4,0.2,1.0,VisualCogA_Task-2,right,Q2_visual_only,late_stage,0.8,2.8,198.85287433925188,4.596911605281903,-0.507072434413712,3,6,41,True,False
none,inward,2.4,0.2,1.0,VisualCogA_Task-2,right,Q2_visual_only,candidate_target_600ms,2.4,3.0,239.81231786069253,6.74984048610371,-0.6337498114875789,3,6,41,True,False
none,inward,2.4,0.2,1.0,VisualCogA_Task-2,left,Q2_plus_memory,cue_stage,0.0,0.8,60.009171579699725,1.1952095504047942,0.16643506473423378,3,6,49,True,False
none,inward,2.4,0.2,1.0,VisualCogA_Task-2,left,Q2_plus_memory,late_stage,0.8,2.8,61.60103300894206,1.7574263891688684,0.043485128512268885,3,6,49,True,False
none,inward,2.4,0.2,1.0,VisualCogA_Task-2,left,Q2_plus_memory,candidate_target_600ms,2.4,3.0,84.06691560791171,2.948072882044909,-0.25117886579213833,3,6,49,True,False
none,inward,2.4,0.2,1.0,VisualCogA_Task-2,right,Q2_plus_memory,cue_stage,0.0,0.8,105.97219159196722,1.501997114650343,-0.07398895463848079,3,6,41,True,False
none,inward,2.4,0.2,1.0,VisualCogA_Task-2,right,Q2_plus_memory,late_stage,0.8,2.8,198.85709535394935,4.5970091831092965,-0.4945358802643391,3,6,41,True,False
none,inward,2.4,0.2,1.0,VisualCogA_Task-2,right,Q2_plus_memory,candidate_target_600ms,2.4,3.0,238.9098980269429,6.7244406651785615,-0.63112366381936,3,6,41,True,False
none,inward,2.4,0.2,1.0,VisualCogA_Task-2,left,Q2_plus_memory_control,cue_stage,0.0,0.8,53.74843484322606,1.0705137390309403,0.32429977796440546,3,6,49,True,False
none,inward,2.4,0.2,1.0,VisualCogA_Task-2,left,Q2_plus_memory_control,late_stage,0.8,2.8,63.43654843829735,1.8097921222696,0.004108744949679874,3,6,49,True,False
none,inward,2.4,0.2,1.0,VisualCogA_Task-2,left,Q2_plus_memory_control,candidate_target_600ms,2.4,3.0,97.84809411950648,3.4313535919277514,-0.41630928069116474,3,6,49,True,False
none,inward,2.4,0.2,1.0,VisualCogA_Task-2,right,Q2_plus_memory_control,cue_stage,0.0,0.8,99.33027687981722,1.4078579203623278,0.08404953566440276,3,6,41,True,False
none,inward,2.4,0.2,1.0,VisualCogA_Task-2,right,Q2_plus_memory_control,late_stage,0.8,2.8,199.78222638523002,4.618395575376602,-0.5148073042084383,3,6,41,True,False
none,inward,2.4,0.2,1.0,VisualCogA_Task-2,right,Q2_plus_memory_control,candidate_target_600ms,2.4,3.0,248.66151196448132,6.998912965632645,-0.7528803292211907,3,6,41,True,False
none,inward,2.4,0.2,1.0,VisualCogB_Task-1,left,Training_mean_template,cue_stage,0.0,0.8,30.33075629867405,1.1671982803593115,0.6762753600671128,3,6,43,True,False
none,inward,2.4,0.2,1.0,VisualCogB_Task-1,left,Training_mean_template,late_stage,0.8,2.8,47.76044260519691,1.307891646133743,0.25417606538143633,3,6,43,True,False
none,inward,2.4,0.2,1.0,VisualCogB_Task-1,left,Training_mean_template,candidate_target_600ms,2.4,3.0,64.45325297689806,1.3096330727372893,0.7615137189407232,3,6,43,True,False
none,inward,2.4,0.2,1.0,VisualCogB_Task-1,right,Training_mean_template,cue_stage,0.0,0.8,86.7423138020746,2.5508449339678005,0.029317347683828418,3,6,45,True,False
none,inward,2.4,0.2,1.0,VisualCogB_Task-1,right,Training_mean_template,late_stage,0.8,2.8,111.82341068398667,1.5738089517534397,0.2328057661890107,3,6,45,True,False
none,inward,2.4,0.2,1.0,VisualCogB_Task-1,right,Training_mean_template,candidate_target_600ms,2.4,3.0,98.17643515546442,1.3700651056342532,0.40117602768848126,3,6,45,True,False
none,inward,2.4,0.2,1.0,VisualCogB_Task-1,left,Q2_visual_only,cue_stage,0.0,0.8,52.70776742318786,2.0283178860466746,0.6394166113426577,3,6,43,True,False
none,inward,2.4,0.2,1.0,VisualCogB_Task-1,left,Q2_visual_only,late_stage,0.8,2.8,54.79721393639464,1.5005894926739154,0.3576607930570268,3,6,43,True,False
none,inward,2.4,0.2,1.0,VisualCogB_Task-1,left,Q2_visual_only,candidate_target_600ms,2.4,3.0,78.99346680615439,1.6050773526759845,0.510838268192156,3,6,43,True,False
none,inward,2.4,0.2,1.0,VisualCogB_Task-1,right,Q2_visual_only,cue_stage,0.0,0.8,74.36899236721212,2.1869807145916362,0.3552312200581584,3,6,45,True,False
none,inward,2.4,0.2,1.0,VisualCogB_Task-1,right,Q2_visual_only,late_stage,0.8,2.8,78.28228004243796,1.101749198498568,0.5944872467293719,3,6,45,True,False
none,inward,2.4,0.2,1.0,VisualCogB_Task-1,right,Q2_visual_only,candidate_target_600ms,2.4,3.0,73.2671135333397,1.0224522359527206,0.44599944486556015,3,6,45,True,False
none,inward,2.4,0.2,1.0,VisualCogB_Task-1,left,Q2_plus_memory,cue_stage,0.0,0.8,54.789677252002974,2.108434634476135,0.6198268618323849,3,6,43,True,False
none,inward,2.4,0.2,1.0,VisualCogB_Task-1,left,Q2_plus_memory,late_stage,0.8,2.8,54.91128585303466,1.5037132850571902,0.324491451985011,3,6,43,True,False
none,inward,2.4,0.2,1.0,VisualCogB_Task-1,left,Q2_plus_memory,candidate_target_600ms,2.4,3.0,83.55901412557012,1.6978452346445956,0.5062568102234803,3,6,43,True,False
none,inward,2.4,0.2,1.0,VisualCogB_Task-1,right,Q2_plus_memory,cue_stage,0.0,0.8,75.98157318745236,2.2344021336848523,0.3369526643067924,3,6,45,True,False
none,inward,2.4,0.2,1.0,VisualCogB_Task-1,right,Q2_plus_memory,late_stage,0.8,2.8,77.92160961184031,1.0966731026360346,0.5879805037052361,3,6,45,True,False
none,inward,2.4,0.2,1.0,VisualCogB_Task-1,right,Q2_plus_memory,candidate_target_600ms,2.4,3.0,75.78481034324909,1.057587027110714,0.4440443905970929,3,6,45,True,False
none,inward,2.4,0.2,1.0,VisualCogB_Task-1,left,Q2_plus_memory_control,cue_stage,0.0,0.8,51.28623594425112,1.973614037538811,0.6679865692792037,3,6,43,True,False
none,inward,2.4,0.2,1.0,VisualCogB_Task-1,left,Q2_plus_memory_control,late_stage,0.8,2.8,56.246877297430665,1.5402876716727607,0.2931914436797186,3,6,43,True,False
none,inward,2.4,0.2,1.0,VisualCogB_Task-1,left,Q2_plus_memory_control,candidate_target_600ms,2.4,3.0,87.34967776580257,1.7748681658634515,0.6054379078883126,3,6,43,True,False
none,inward,2.4,0.2,1.0,VisualCogB_Task-1,right,Q2_plus_memory_control,cue_stage,0.0,0.8,74.48628256844012,2.1904298860800657,0.16651283787569482,3,6,45,True,False
none,inward,2.4,0.2,1.0,VisualCogB_Task-1,right,Q2_plus_memory_control,late_stage,0.8,2.8,77.84036949421376,1.095529724665535,0.5780667899225668,3,6,45,True,False
none,inward,2.4,0.2,1.0,VisualCogB_Task-1,right,Q2_plus_memory_control,candidate_target_600ms,2.4,3.0,76.22638826111113,1.063749305214654,0.5265592171363683,3,6,45,True,False
none,inward,2.4,0.2,1.0,VisualCogB_Task-2,left,Training_mean_template,cue_stage,0.0,0.8,63.2138714343876,1.2292311223231638,0.9634197574214081,3,6,44,True,False
none,inward,2.4,0.2,1.0,VisualCogB_Task-2,left,Training_mean_template,late_stage,0.8,2.8,97.65021851600747,2.2596645567823304,0.6605098055625932,3,6,44,True,False
none,inward,2.4,0.2,1.0,VisualCogB_Task-2,left,Training_mean_template,candidate_target_600ms,2.4,3.0,96.45809449387467,2.0060003698444526,0.7441631195768078,3,6,44,True,False
none,inward,2.4,0.2,1.0,VisualCogB_Task-2,right,Training_mean_template,cue_stage,0.0,0.8,74.10254107893448,1.1155363853672184,0.9298987076586458,3,6,47,True,False
none,inward,2.4,0.2,1.0,VisualCogB_Task-2,right,Training_mean_template,late_stage,0.8,2.8,77.11685725509513,1.4163081329371616,0.35038858443652277,3,6,47,True,False
none,inward,2.4,0.2,1.0,VisualCogB_Task-2,right,Training_mean_template,candidate_target_600ms,2.4,3.0,66.1773149384218,1.058282186864853,0.39116219790990925,3,6,47,True,False
none,inward,2.4,0.2,1.0,VisualCogB_Task-2,left,Q2_visual_only,cue_stage,0.0,0.8,58.24992930296528,1.132704331305644,0.5327372065238202,3,6,44,True,False
none,inward,2.4,0.2,1.0,VisualCogB_Task-2,left,Q2_visual_only,late_stage,0.8,2.8,78.88782907233124,1.8254954676525177,0.7024884637950796,3,6,44,True,False
none,inward,2.4,0.2,1.0,VisualCogB_Task-2,left,Q2_visual_only,candidate_target_600ms,2.4,3.0,81.44794017430561,1.6938402004520343,0.6699360894046554,3,6,44,True,False
none,inward,2.4,0.2,1.0,VisualCogB_Task-2,right,Q2_visual_only,cue_stage,0.0,0.8,85.98043283352939,1.2943456440077512,0.33579984702412535,3,6,47,True,False
none,inward,2.4,0.2,1.0,VisualCogB_Task-2,right,Q2_visual_only,late_stage,0.8,2.8,101.50031972705398,1.8641284596131646,0.5312682775725186,3,6,47,True,False
none,inward,2.4,0.2,1.0,VisualCogB_Task-2,right,Q2_visual_only,candidate_target_600ms,2.4,3.0,93.45370990816501,1.4944758122065482,0.5592779958320733,3,6,47,True,False
none,inward,2.4,0.2,1.0,VisualCogB_Task-2,left,Q2_plus_memory,cue_stage,0.0,0.8,58.32591843083733,1.1341819848462198,0.45052065209516273,3,6,44,True,False
none,inward,2.4,0.2,1.0,VisualCogB_Task-2,left,Q2_plus_memory,late_stage,0.8,2.8,79.23244044782409,1.8334699107505386,0.6861275225338018,3,6,44,True,False
none,inward,2.4,0.2,1.0,VisualCogB_Task-2,left,Q2_plus_memory,candidate_target_600ms,2.4,3.0,77.23651427211216,1.6062568621982494,0.7064333494032489,3,6,44,True,False
none,inward,2.4,0.2,1.0,VisualCogB_Task-2,right,Q2_plus_memory,cue_stage,0.0,0.8,85.90459880221341,1.2932040418447168,0.26146014958064195,3,6,47,True,False
none,inward,2.4,0.2,1.0,VisualCogB_Task-2,right,Q2_plus_memory,late_stage,0.8,2.8,101.71643816102831,1.8680976345330265,0.5311184768673582,3,6,47,True,False
none,inward,2.4,0.2,1.0,VisualCogB_Task-2,right,Q2_plus_memory,candidate_target_600ms,2.4,3.0,89.50436227806998,1.4313193627411152,0.5963068548676755,3,6,47,True,False
none,inward,2.4,0.2,1.0,VisualCogB_Task-2,left,Q2_plus_memory_control,cue_stage,0.0,0.8,59.64435887951721,1.1598198392549501,0.6030123115474952,3,6,44,True,False
none,inward,2.4,0.2,1.0,VisualCogB_Task-2,left,Q2_plus_memory_control,late_stage,0.8,2.8,78.52826916662596,1.8171751096716595,0.6674462551303414,3,6,44,True,False
none,inward,2.4,0.2,1.0,VisualCogB_Task-2,left,Q2_plus_memory_control,candidate_target_600ms,2.4,3.0,70.70998154707468,1.4705271743071153,0.6831356838352,3,6,44,True,False
none,inward,2.4,0.2,1.0,VisualCogB_Task-2,right,Q2_plus_memory_control,cue_stage,0.0,0.8,86.88506946037374,1.3079640038924112,0.43103598848666075,3,6,47,True,False
none,inward,2.4,0.2,1.0,VisualCogB_Task-2,right,Q2_plus_memory_control,late_stage,0.8,2.8,101.53138940967452,1.8646990773191958,0.4710307510298049,3,6,47,True,False
none,inward,2.4,0.2,1.0,VisualCogB_Task-2,right,Q2_plus_memory_control,candidate_target_600ms,2.4,3.0,84.97949318046052,1.3589593951547734,0.4884416975981823,3,6,47,True,False
none,outward,2.4,0.2,-1.0,VisualCogA_Task-1,left,Training_mean_template,cue_stage,0.0,0.8,90.1585675739132,3.3956714746772474,-0.24359713848395168,3,6,45,True,False
none,outward,2.4,0.2,-1.0,VisualCogA_Task-1,left,Training_mean_template,late_stage,0.8,2.8,120.68295611953907,2.5989351536653182,0.4474960472766061,3,6,45,True,False
none,outward,2.4,0.2,-1.0,VisualCogA_Task-1,left,Training_mean_template,candidate_target_600ms,2.4,3.0,119.97006282023044,2.809668236776738,0.7978201161806588,3,6,45,True,False
none,outward,2.4,0.2,-1.0,VisualCogA_Task-1,right,Training_mean_template,cue_stage,0.0,0.8,78.07957539471936,13.061849097414253,0.06679067000787269,3,6,41,True,False
none,outward,2.4,0.2,-1.0,VisualCogA_Task-1,right,Training_mean_template,late_stage,0.8,2.8,155.19115609643598,4.338950443631611,0.2707080293263396,3,6,41,True,False
none,outward,2.4,0.2,-1.0,VisualCogA_Task-1,right,Training_mean_template,candidate_target_600ms,2.4,3.0,195.4640279954771,4.570952995763784,0.6014936047830867,3,6,41,True,False
none,outward,2.4,0.2,-1.0,VisualCogA_Task-1,left,Q2_visual_only,cue_stage,0.0,0.8,107.31329397559716,4.041775518536809,0.2518152205808125,3,6,45,True,False
none,outward,2.4,0.2,-1.0,VisualCogA_Task-1,left,Q2_visual_only,late_stage,0.8,2.8,130.59510345750164,2.8123955211709353,0.6876995374966375,3,6,45,True,False
none,outward,2.4,0.2,-1.0,VisualCogA_Task-1,left,Q2_visual_only,candidate_target_600ms,2.4,3.0,132.20904145425487,3.0963019911504075,0.5679411271811433,3,6,45,True,False
none,outward,2.4,0.2,-1.0,VisualCogA_Task-1,right,Q2_visual_only,cue_stage,0.0,0.8,80.70246327097068,13.500629219691264,-0.3968554319526313,3,6,41,True,False
none,outward,2.4,0.2,-1.0,VisualCogA_Task-1,right,Q2_visual_only,late_stage,0.8,2.8,114.68903709183614,3.206561900087121,0.2213634381740696,3,6,41,True,False
none,outward,2.4,0.2,-1.0,VisualCogA_Task-1,right,Q2_visual_only,candidate_target_600ms,2.4,3.0,141.82623704804328,3.316625927342799,0.4317567632305612,3,6,41,True,False
none,outward,2.4,0.2,-1.0,VisualCogA_Task-1,left,Q2_plus_memory,cue_stage,0.0,0.8,100.28194985366905,3.7769517163629684,0.01246093562825333,3,6,45,True,False
none,outward,2.4,0.2,-1.0,VisualCogA_Task-1,left,Q2_plus_memory,late_stage,0.8,2.8,131.7727611256185,2.837756649295944,0.608548715170213,3,6,45,True,False
none,outward,2.4,0.2,-1.0,VisualCogA_Task-1,left,Q2_plus_memory,candidate_target_600ms,2.4,3.0,147.4597486702474,3.4534696598659256,0.7283047028705673,3,6,45,True,False
none,outward,2.4,0.2,-1.0,VisualCogA_Task-1,right,Q2_plus_memory,cue_stage,0.0,0.8,72.64008285958502,12.1518821783928,-0.3678902366598835,3,6,41,True,False
none,outward,2.4,0.2,-1.0,VisualCogA_Task-1,right,Q2_plus_memory,late_stage,0.8,2.8,116.47320252809455,3.256444932122497,0.11767280571475883,3,6,41,True,False
none,outward,2.4,0.2,-1.0,VisualCogA_Task-1,right,Q2_plus_memory,candidate_target_600ms,2.4,3.0,157.31798278428673,3.678902517613063,0.6164002686844721,3,6,41,True,False
none,outward,2.4,0.2,-1.0,VisualCogA_Task-1,left,Q2_plus_memory_control,cue_stage,0.0,0.8,102.80342386076497,3.8719188125628543,-0.026071077450342213,3,6,45,True,False
none,outward,2.4,0.2,-1.0,VisualCogA_Task-1,left,Q2_plus_memory_control,late_stage,0.8,2.8,132.20475615967908,2.8470597614861757,0.5668833747032072,3,6,45,True,False
none,outward,2.4,0.2,-1.0,VisualCogA_Task-1,left,Q2_plus_memory_control,candidate_target_600ms,2.4,3.0,150.33638407704203,3.520839726541387,0.730974153098758,3,6,45,True,False
none,outward,2.4,0.2,-1.0,VisualCogA_Task-1,right,Q2_plus_memory_control,cue_stage,0.0,0.8,75.01770181043146,12.549631523085177,-0.3751657927773159,3,6,41,True,False
none,outward,2.4,0.2,-1.0,VisualCogA_Task-1,right,Q2_plus_memory_control,late_stage,0.8,2.8,117.24949966741654,3.278149228306476,0.07831255384941471,3,6,41,True,False
none,outward,2.4,0.2,-1.0,VisualCogA_Task-1,right,Q2_plus_memory_control,candidate_target_600ms,2.4,3.0,160.14500551579098,3.7450128303707677,0.6236151022882472,3,6,41,True,False
none,outward,2.4,0.2,-1.0,VisualCogA_Task-2,left,Training_mean_template,cue_stage,0.0,0.8,49.257960094280094,0.9810764386232242,0.794194186385945,3,6,49,True,False
none,outward,2.4,0.2,-1.0,VisualCogA_Task-2,left,Training_mean_template,late_stage,0.8,2.8,62.899753492085416,1.7944778075906822,0.1473251682388706,3,6,49,True,False
none,outward,2.4,0.2,-1.0,VisualCogA_Task-2,left,Training_mean_template,candidate_target_600ms,2.4,3.0,102.22221261282286,3.584745922546142,-0.4729445101629347,3,6,49,True,False
none,outward,2.4,0.2,-1.0,VisualCogA_Task-2,right,Training_mean_template,cue_stage,0.0,0.8,87.82290746095246,1.2447581919835802,0.7458025461087507,3,6,41,True,False
none,outward,2.4,0.2,-1.0,VisualCogA_Task-2,right,Training_mean_template,late_stage,0.8,2.8,194.89514998948022,4.505420300193029,-0.5400529536959167,3,6,41,True,False
none,outward,2.4,0.2,-1.0,VisualCogA_Task-2,right,Training_mean_template,candidate_target_600ms,2.4,3.0,245.71948531907233,6.9161056655759685,-0.7509778135390277,3,6,41,True,False
none,outward,2.4,0.2,-1.0,VisualCogA_Task-2,left,Q2_visual_only,cue_stage,0.0,0.8,59.321454099671406,1.1815122025082567,0.19603698041267897,3,6,49,True,False
none,outward,2.4,0.2,-1.0,VisualCogA_Task-2,left,Q2_visual_only,late_stage,0.8,2.8,61.860569903002286,1.764830761535776,0.026001060157626894,3,6,49,True,False
none,outward,2.4,0.2,-1.0,VisualCogA_Task-2,left,Q2_visual_only,candidate_target_600ms,2.4,3.0,84.61049426268221,2.967135190680823,-0.2598791665330925,3,6,49,True,False
none,outward,2.4,0.2,-1.0,VisualCogA_Task-2,right,Q2_visual_only,cue_stage,0.0,0.8,105.57999223038878,1.496438276047413,-0.05352435359775132,3,6,41,True,False
none,outward,2.4,0.2,-1.0,VisualCogA_Task-2,right,Q2_visual_only,late_stage,0.8,2.8,198.87798641288794,4.597492124839963,-0.5075394748037863,3,6,41,True,False
none,outward,2.4,0.2,-1.0,VisualCogA_Task-2,right,Q2_visual_only,candidate_target_600ms,2.4,3.0,239.9935086985444,6.7549403461273885,-0.6356250365283606,3,6,41,True,False
none,outward,2.4,0.2,-1.0,VisualCogA_Task-2,left,Q2_plus_memory,cue_stage,0.0,0.8,55.26573809718844,1.100734041898937,0.2793573592895259,3,6,49,True,False
none,outward,2.4,0.2,-1.0,VisualCogA_Task-2,left,Q2_plus_memory,late_stage,0.8,2.8,64.06002111224988,1.8275792806435645,-0.039752052454634465,3,6,49,True,False
none,outward,2.4,0.2,-1.0,VisualCogA_Task-2,left,Q2_plus_memory,candidate_target_600ms,2.4,3.0,98.74913917827092,3.4629515931632575,-0.4260014304435221,3,6,49,True,False
none,outward,2.4,0.2,-1.0,VisualCogA_Task-2,right,Q2_plus_memory,cue_stage,0.0,0.8,101.1849079942144,1.4341445389621499,0.031015198835130885,3,6,41,True,False
none,outward,2.4,0.2,-1.0,VisualCogA_Task-2,right,Q2_plus_memory,late_stage,0.8,2.8,199.9362759930828,4.621956763176782,-0.5505065131155469,3,6,41,True,False
none,outward,2.4,0.2,-1.0,VisualCogA_Task-2,right,Q2_plus_memory,candidate_target_600ms,2.4,3.0,249.61670651632988,7.025798202036216,-0.7595993294241035,3,6,41,True,False
none,outward,2.4,0.2,-1.0,VisualCogA_Task-2,left,Q2_plus_memory_control,cue_stage,0.0,0.8,53.61482335974361,1.067852583795863,0.329650501969203,3,6,49,True,False
none,outward,2.4,0.2,-1.0,VisualCogA_Task-2,left,Q2_plus_memory_control,late_stage,0.8,2.8,63.5158712395237,1.8120551360102581,-0.0015146214308117874,3,6,49,True,False
none,outward,2.4,0.2,-1.0,VisualCogA_Task-2,left,Q2_plus_memory_control,candidate_target_600ms,2.4,3.0,98.96282519644664,3.4704451707603488,-0.4441935450265233,3,6,49,True,False
none,outward,2.4,0.2,-1.0,VisualCogA_Task-2,right,Q2_plus_memory_control,cue_stage,0.0,0.8,99.1993451647993,1.4060021593818401,0.08746333016241564,3,6,41,True,False
none,outward,2.4,0.2,-1.0,VisualCogA_Task-2,right,Q2_plus_memory_control,late_stage,0.8,2.8,199.741781249848,4.617460599139359,-0.5140734893371063,3,6,41,True,False
none,outward,2.4,0.2,-1.0,VisualCogA_Task-2,right,Q2_plus_memory_control,candidate_target_600ms,2.4,3.0,249.27784079753144,7.016260370249665,-0.7708023668792024,3,6,41,True,False
none,outward,2.4,0.2,-1.0,VisualCogB_Task-1,left,Training_mean_template,cue_stage,0.0,0.8,30.33075629867405,1.1671982803593115,0.6762753600671128,3,6,43,True,False
none,outward,2.4,0.2,-1.0,VisualCogB_Task-1,left,Training_mean_template,late_stage,0.8,2.8,47.76044260519691,1.307891646133743,0.25417606538143633,3,6,43,True,False
none,outward,2.4,0.2,-1.0,VisualCogB_Task-1,left,Training_mean_template,candidate_target_600ms,2.4,3.0,64.45325297689806,1.3096330727372893,0.7615137189407232,3,6,43,True,False
none,outward,2.4,0.2,-1.0,VisualCogB_Task-1,right,Training_mean_template,cue_stage,0.0,0.8,86.7423138020746,2.5508449339678005,0.029317347683828418,3,6,45,True,False
none,outward,2.4,0.2,-1.0,VisualCogB_Task-1,right,Training_mean_template,late_stage,0.8,2.8,111.82341068398667,1.5738089517534397,0.2328057661890107,3,6,45,True,False
none,outward,2.4,0.2,-1.0,VisualCogB_Task-1,right,Training_mean_template,candidate_target_600ms,2.4,3.0,98.17643515546442,1.3700651056342532,0.40117602768848126,3,6,45,True,False
none,outward,2.4,0.2,-1.0,VisualCogB_Task-1,left,Q2_visual_only,cue_stage,0.0,0.8,52.72788024460744,2.0290918743489423,0.6399235589063266,3,6,43,True,False
none,outward,2.4,0.2,-1.0,VisualCogB_Task-1,left,Q2_visual_only,late_stage,0.8,2.8,54.839848461360695,1.5017570140786252,0.35836003085832213,3,6,43,True,False
none,outward,2.4,0.2,-1.0,VisualCogB_Task-1,left,Q2_visual_only,candidate_target_600ms,2.4,3.0,78.72702708393342,1.5996635332643159,0.5157729967740423,3,6,43,True,False
none,outward,2.4,0.2,-1.0,VisualCogB_Task-1,right,Q2_visual_only,cue_stage,0.0,0.8,74.40960184671405,2.188174923974786,0.35114890862884834,3,6,45,True,False
none,outward,2.4,0.2,-1.0,VisualCogB_Task-1,right,Q2_visual_only,late_stage,0.8,2.8,78.31235850932737,1.1021725245280283,0.5942424754771437,3,6,45,True,False
none,outward,2.4,0.2,-1.0,VisualCogB_Task-1,right,Q2_visual_only,candidate_target_600ms,2.4,3.0,73.10786312889972,1.0202298755478447,0.449380183877313,3,6,45,True,False
none,outward,2.4,0.2,-1.0,VisualCogB_Task-1,left,Q2_plus_memory,cue_stage,0.0,0.8,48.374162994174306,1.8615506749856288,0.6296198557394824,3,6,43,True,False
none,outward,2.4,0.2,-1.0,VisualCogB_Task-1,left,Q2_plus_memory,late_stage,0.8,2.8,55.44239343120295,1.5182573538889361,0.34918730054253394,3,6,43,True,False
none,outward,2.4,0.2,-1.0,VisualCogB_Task-1,left,Q2_plus_memory,candidate_target_600ms,2.4,3.0,85.2445372695705,1.7320935735924876,0.6157150675801366,3,6,43,True,False
none,outward,2.4,0.2,-1.0,VisualCogB_Task-1,right,Q2_plus_memory,cue_stage,0.0,0.8,71.18737520406556,2.0934183957335555,0.21755256198152728,3,6,45,True,False
none,outward,2.4,0.2,-1.0,VisualCogB_Task-1,right,Q2_plus_memory,late_stage,0.8,2.8,77.9855852390828,1.0975734992008719,0.6016308492318302,3,6,45,True,False
none,outward,2.4,0.2,-1.0,VisualCogB_Task-1,right,Q2_plus_memory,candidate_target_600ms,2.4,3.0,74.57275789716986,1.0406726753119122,0.5394031244506896,3,6,45,True,False
none,outward,2.4,0.2,-1.0,VisualCogB_Task-1,left,Q2_plus_memory_control,cue_stage,0.0,0.8,50.78434913266115,1.9543002618566516,0.6461184298568561,3,6,43,True,False
none,outward,2.4,0.2,-1.0,VisualCogB_Task-1,left,Q2_plus_memory_control,late_stage,0.8,2.8,56.708318506159706,1.5529239679287945,0.2730107735630923,3,6,43,True,False
none,outward,2.4,0.2,-1.0,VisualCogB_Task-1,left,Q2_plus_memory_control,candidate_target_600ms,2.4,3.0,87.56489430900403,1.7792411755993272,0.6311143814725918,3,6,43,True,False
none,outward,2.4,0.2,-1.0,VisualCogB_Task-1,right,Q2_plus_memory_control,cue_stage,0.0,0.8,74.12454394554196,2.1797921812138368,0.16766032266440126,3,6,45,True,False
none,outward,2.4,0.2,-1.0,VisualCogB_Task-1,right,Q2_plus_memory_control,late_stage,0.8,2.8,78.05572037431337,1.098560585026489,0.5732107772252862,3,6,45,True,False
none,outward,2.4,0.2,-1.0,VisualCogB_Task-1,right,Q2_plus_memory_control,candidate_target_600ms,2.4,3.0,76.33374575858329,1.0652474932562337,0.5397943632432013,3,6,45,True,False
none,outward,2.4,0.2,-1.0,VisualCogB_Task-2,left,Training_mean_template,cue_stage,0.0,0.8,63.2138714343876,1.2292311223231638,0.9634197574214081,3,6,44,True,False
none,outward,2.4,0.2,-1.0,VisualCogB_Task-2,left,Training_mean_template,late_stage,0.8,2.8,97.65021851600747,2.2596645567823304,0.6605098055625932,3,6,44,True,False
none,outward,2.4,0.2,-1.0,VisualCogB_Task-2,left,Training_mean_template,candidate_target_600ms,2.4,3.0,96.45809449387467,2.0060003698444526,0.7441631195768078,3,6,44,True,False
none,outward,2.4,0.2,-1.0,VisualCogB_Task-2,right,Training_mean_template,cue_stage,0.0,0.8,74.10254107893448,1.1155363853672184,0.9298987076586458,3,6,47,True,False
none,outward,2.4,0.2,-1.0,VisualCogB_Task-2,right,Training_mean_template,late_stage,0.8,2.8,77.11685725509513,1.4163081329371616,0.35038858443652277,3,6,47,True,False
none,outward,2.4,0.2,-1.0,VisualCogB_Task-2,right,Training_mean_template,candidate_target_600ms,2.4,3.0,66.1773149384218,1.058282186864853,0.39116219790990925,3,6,47,True,False
none,outward,2.4,0.2,-1.0,VisualCogB_Task-2,left,Q2_visual_only,cue_stage,0.0,0.8,58.3011912149072,1.133701149505811,0.5309654422289484,3,6,44,True,False
none,outward,2.4,0.2,-1.0,VisualCogB_Task-2,left,Q2_visual_only,late_stage,0.8,2.8,78.8319624396657,1.8242026917462313,0.7020177077335431,3,6,44,True,False
none,outward,2.4,0.2,-1.0,VisualCogB_Task-2,left,Q2_visual_only,candidate_target_600ms,2.4,3.0,81.55522966721013,1.6960714570777864,0.6770029678539214,3,6,44,True,False
none,outward,2.4,0.2,-1.0,VisualCogB_Task-2,right,Q2_visual_only,cue_stage,0.0,0.8,86.00901283245359,1.2947758860511345,0.33561717052221274,3,6,47,True,False
none,outward,2.4,0.2,-1.0,VisualCogB_Task-2,right,Q2_visual_only,late_stage,0.8,2.8,101.44673624227399,1.8631443592752324,0.530825748823285,3,6,47,True,False
none,outward,2.4,0.2,-1.0,VisualCogB_Task-2,right,Q2_visual_only,candidate_target_600ms,2.4,3.0,93.59119416474195,1.4966744075990195,0.5613927200668354,3,6,47,True,False
none,outward,2.4,0.2,-1.0,VisualCogB_Task-2,left,Q2_plus_memory,cue_stage,0.0,0.8,60.58693939884772,1.1781488750087434,0.6197929091931369,3,6,44,True,False
none,outward,2.4,0.2,-1.0,VisualCogB_Task-2,left,Q2_plus_memory,late_stage,0.8,2.8,78.13505035146811,1.8080758712554497,0.7009879018271757,3,6,44,True,False
none,outward,2.4,0.2,-1.0,VisualCogB_Task-2,left,Q2_plus_memory,candidate_target_600ms,2.4,3.0,72.77158152942022,1.513401443685504,0.6581398663579899,3,6,44,True,False
none,outward,2.4,0.2,-1.0,VisualCogB_Task-2,right,Q2_plus_memory,cue_stage,0.0,0.8,87.91869987255757,1.3235242305327493,0.4585988487115083,3,6,47,True,False
none,outward,2.4,0.2,-1.0,VisualCogB_Task-2,right,Q2_plus_memory,late_stage,0.8,2.8,101.35607468797816,1.861479292761057,0.4766901684014498,3,6,47,True,False
none,outward,2.4,0.2,-1.0,VisualCogB_Task-2,right,Q2_plus_memory,candidate_target_600ms,2.4,3.0,86.85499922790504,1.388951767060686,0.46643112701570066,3,6,47,True,False
none,outward,2.4,0.2,-1.0,VisualCogB_Task-2,left,Q2_plus_memory_control,cue_stage,0.0,0.8,59.42323966171464,1.1555200452682965,0.6394897280948432,3,6,44,True,False
none,outward,2.4,0.2,-1.0,VisualCogB_Task-2,left,Q2_plus_memory_control,late_stage,0.8,2.8,78.0470579338038,1.8060396920181339,0.6872607071557563,3,6,44,True,False
none,outward,2.4,0.2,-1.0,VisualCogB_Task-2,left,Q2_plus_memory_control,candidate_target_600ms,2.4,3.0,70.27646177699182,1.4615114372278772,0.7187416820742307,3,6,44,True,False
none,outward,2.4,0.2,-1.0,VisualCogB_Task-2,right,Q2_plus_memory_control,cue_stage,0.0,0.8,86.66853850008435,1.3047043563655603,0.4821134893066284,3,6,47,True,False
none,outward,2.4,0.2,-1.0,VisualCogB_Task-2,right,Q2_plus_memory_control,late_stage,0.8,2.8,101.3497697676857,1.8613634982356368,0.461191014966627,3,6,47,True,False
none,outward,2.4,0.2,-1.0,VisualCogB_Task-2,right,Q2_plus_memory_control,candidate_target_600ms,2.4,3.0,85.07970681060435,1.360561973013379,0.49309704943007165,3,6,47,True,False
none,outward,2.4,0.2,1.0,VisualCogA_Task-1,left,Training_mean_template,cue_stage,0.0,0.8,90.1585675739132,3.3956714746772474,-0.24359713848395168,3,6,45,True,False
none,outward,2.4,0.2,1.0,VisualCogA_Task-1,left,Training_mean_template,late_stage,0.8,2.8,120.68295611953907,2.5989351536653182,0.4474960472766061,3,6,45,True,False
none,outward,2.4,0.2,1.0,VisualCogA_Task-1,left,Training_mean_template,candidate_target_600ms,2.4,3.0,119.97006282023044,2.809668236776738,0.7978201161806588,3,6,45,True,False
none,outward,2.4,0.2,1.0,VisualCogA_Task-1,right,Training_mean_template,cue_stage,0.0,0.8,78.07957539471936,13.061849097414253,0.06679067000787269,3,6,41,True,False
none,outward,2.4,0.2,1.0,VisualCogA_Task-1,right,Training_mean_template,late_stage,0.8,2.8,155.19115609643598,4.338950443631611,0.2707080293263396,3,6,41,True,False
none,outward,2.4,0.2,1.0,VisualCogA_Task-1,right,Training_mean_template,candidate_target_600ms,2.4,3.0,195.4640279954771,4.570952995763784,0.6014936047830867,3,6,41,True,False
none,outward,2.4,0.2,1.0,VisualCogA_Task-1,left,Q2_visual_only,cue_stage,0.0,0.8,107.31329397559716,4.041775518536809,0.2518152205808125,3,6,45,True,False
none,outward,2.4,0.2,1.0,VisualCogA_Task-1,left,Q2_visual_only,late_stage,0.8,2.8,130.59510345750164,2.8123955211709353,0.6876995374966375,3,6,45,True,False
none,outward,2.4,0.2,1.0,VisualCogA_Task-1,left,Q2_visual_only,candidate_target_600ms,2.4,3.0,132.20904145425487,3.0963019911504075,0.5679411271811433,3,6,45,True,False
none,outward,2.4,0.2,1.0,VisualCogA_Task-1,right,Q2_visual_only,cue_stage,0.0,0.8,80.70246327097068,13.500629219691264,-0.3968554319526313,3,6,41,True,False
none,outward,2.4,0.2,1.0,VisualCogA_Task-1,right,Q2_visual_only,late_stage,0.8,2.8,114.68903709183614,3.206561900087121,0.2213634381740696,3,6,41,True,False
none,outward,2.4,0.2,1.0,VisualCogA_Task-1,right,Q2_visual_only,candidate_target_600ms,2.4,3.0,141.82623704804328,3.316625927342799,0.4317567632305612,3,6,41,True,False
none,outward,2.4,0.2,1.0,VisualCogA_Task-1,left,Q2_plus_memory,cue_stage,0.0,0.8,109.34625005282602,4.118343404944925,0.28483876534227415,3,6,45,True,False
none,outward,2.4,0.2,1.0,VisualCogA_Task-1,left,Q2_plus_memory,late_stage,0.8,2.8,130.16135869465646,2.8030547281698093,0.6785299383853488,3,6,45,True,False
none,outward,2.4,0.2,1.0,VisualCogA_Task-1,left,Q2_plus_memory,candidate_target_600ms,2.4,3.0,137.78823749661368,3.226965337809276,0.5778029536125047,3,6,45,True,False
none,outward,2.4,0.2,1.0,VisualCogA_Task-1,right,Q2_plus_memory,cue_stage,0.0,0.8,82.37451031169915,13.78034419021159,-0.33033146580310657,3,6,41,True,False
none,outward,2.4,0.2,1.0,VisualCogA_Task-1,right,Q2_plus_memory,late_stage,0.8,2.8,114.4229779646039,3.199123219964014,0.20730564022993003,3,6,41,True,False
none,outward,2.4,0.2,1.0,VisualCogA_Task-1,right,Q2_plus_memory,candidate_target_600ms,2.4,3.0,147.5176695379119,3.449720853588534,0.4281318290227445,3,6,41,True,False
none,outward,2.4,0.2,1.0,VisualCogA_Task-1,left,Q2_plus_memory_control,cue_stage,0.0,0.8,103.37925539106165,3.893606542905788,-0.010559944027613745,3,6,45,True,False
none,outward,2.4,0.2,1.0,VisualCogA_Task-1,left,Q2_plus_memory_control,late_stage,0.8,2.8,131.970291232623,2.8420105054783593,0.5814360276292642,3,6,45,True,False
none,outward,2.4,0.2,1.0,VisualCogA_Task-1,left,Q2_plus_memory_control,candidate_target_600ms,2.4,3.0,149.34213780132137,3.49755473264577,0.7017838028555692,3,6,45,True,False
none,outward,2.4,0.2,1.0,VisualCogA_Task-1,right,Q2_plus_memory_control,cue_stage,0.0,0.8,75.41416408494138,12.615955275184069,-0.3529851808790354,3,6,41,True,False
none,outward,2.4,0.2,1.0,VisualCogA_Task-1,right,Q2_plus_memory_control,late_stage,0.8,2.8,116.93230996490992,3.269281001308081,0.10610831667221986,3,6,41,True,False
none,outward,2.4,0.2,1.0,VisualCogA_Task-1,right,Q2_plus_memory_control,candidate_target_600ms,2.4,3.0,159.18613313775066,3.7225894688248773,0.5898066260179652,3,6,41,True,False
none,outward,2.4,0.2,1.0,VisualCogA_Task-2,left,Training_mean_template,cue_stage,0.0,0.8,49.257960094280094,0.9810764386232242,0.794194186385945,3,6,49,True,False
none,outward,2.4,0.2,1.0,VisualCogA_Task-2,left,Training_mean_template,late_stage,0.8,2.8,62.899753492085416,1.7944778075906822,0.1473251682388706,3,6,49,True,False
none,outward,2.4,0.2,1.0,VisualCogA_Task-2,left,Training_mean_template,candidate_target_600ms,2.4,3.0,102.22221261282286,3.584745922546142,-0.4729445101629347,3,6,49,True,False
none,outward,2.4,0.2,1.0,VisualCogA_Task-2,right,Training_mean_template,cue_stage,0.0,0.8,87.82290746095246,1.2447581919835802,0.7458025461087507,3,6,41,True,False
none,outward,2.4,0.2,1.0,VisualCogA_Task-2,right,Training_mean_template,late_stage,0.8,2.8,194.89514998948022,4.505420300193029,-0.5400529536959167,3,6,41,True,False
none,outward,2.4,0.2,1.0,VisualCogA_Task-2,right,Training_mean_template,candidate_target_600ms,2.4,3.0,245.71948531907233,6.9161056655759685,-0.7509778135390277,3,6,41,True,False
none,outward,2.4,0.2,1.0,VisualCogA_Task-2,left,Q2_visual_only,cue_stage,0.0,0.8,59.321454099671406,1.1815122025082567,0.19603698041267897,3,6,49,True,False
none,outward,2.4,0.2,1.0,VisualCogA_Task-2,left,Q2_visual_only,late_stage,0.8,2.8,61.860569903002286,1.764830761535776,0.026001060157626894,3,6,49,True,False
none,outward,2.4,0.2,1.0,VisualCogA_Task-2,left,Q2_visual_only,candidate_target_600ms,2.4,3.0,84.61049426268221,2.967135190680823,-0.2598791665330925,3,6,49,True,False
none,outward,2.4,0.2,1.0,VisualCogA_Task-2,right,Q2_visual_only,cue_stage,0.0,0.8,105.57999223038878,1.496438276047413,-0.05352435359775132,3,6,41,True,False
none,outward,2.4,0.2,1.0,VisualCogA_Task-2,right,Q2_visual_only,late_stage,0.8,2.8,198.87798641288794,4.597492124839963,-0.5075394748037863,3,6,41,True,False
none,outward,2.4,0.2,1.0,VisualCogA_Task-2,right,Q2_visual_only,candidate_target_600ms,2.4,3.0,239.9935086985444,6.7549403461273885,-0.6356250365283606,3,6,41,True,False
none,outward,2.4,0.2,1.0,VisualCogA_Task-2,left,Q2_plus_memory,cue_stage,0.0,0.8,59.84457148580488,1.1919311914632886,0.170200335135817,3,6,49,True,False
none,outward,2.4,0.2,1.0,VisualCogA_Task-2,left,Q2_plus_memory,late_stage,0.8,2.8,61.63703429036232,1.7584534758737729,0.04323047698778798,3,6,49,True,False
none,outward,2.4,0.2,1.0,VisualCogA_Task-2,left,Q2_plus_memory,candidate_target_600ms,2.4,3.0,84.2746515723015,2.955357802144741,-0.25502851618349603,3,6,49,True,False
none,outward,2.4,0.2,1.0,VisualCogA_Task-2,right,Q2_plus_memory,cue_stage,0.0,0.8,105.77263337017038,1.499168675709515,-0.0694899936940628,3,6,41,True,False
none,outward,2.4,0.2,1.0,VisualCogA_Task-2,right,Q2_plus_memory,late_stage,0.8,2.8,198.88564955606952,4.597669274865787,-0.4948869647080605,3,6,41,True,False
none,outward,2.4,0.2,1.0,VisualCogA_Task-2,right,Q2_plus_memory,candidate_target_600ms,2.4,3.0,239.07890755993648,6.729197665980331,-0.6329174660875314,3,6,41,True,False
none,outward,2.4,0.2,1.0,VisualCogA_Task-2,left,Q2_plus_memory_control,cue_stage,0.0,0.8,53.759816563614216,1.0707404300608256,0.32418740661858886,3,6,49,True,False
none,outward,2.4,0.2,1.0,VisualCogA_Task-2,left,Q2_plus_memory_control,late_stage,0.8,2.8,63.48463816844092,1.81116408239225,0.0034463292051811565,3,6,49,True,False
none,outward,2.4,0.2,1.0,VisualCogA_Task-2,left,Q2_plus_memory_control,candidate_target_600ms,2.4,3.0,97.76414042266585,3.4284094894206762,-0.4142985939312587,3,6,49,True,False
none,outward,2.4,0.2,1.0,VisualCogA_Task-2,right,Q2_plus_memory_control,cue_stage,0.0,0.8,99.34614019170039,1.4080827590517933,0.08388034409253828,3,6,41,True,False
none,outward,2.4,0.2,1.0,VisualCogA_Task-2,right,Q2_plus_memory_control,late_stage,0.8,2.8,199.81203020554642,4.619084554743631,-0.5149253279784382,3,6,41,True,False
none,outward,2.4,0.2,1.0,VisualCogA_Task-2,right,Q2_plus_memory_control,candidate_target_600ms,2.4,3.0,248.6067437463441,6.997371440412288,-0.7515430613866569,3,6,41,True,False
none,outward,2.4,0.2,1.0,VisualCogB_Task-1,left,Training_mean_template,cue_stage,0.0,0.8,30.33075629867405,1.1671982803593115,0.6762753600671128,3,6,43,True,False
none,outward,2.4,0.2,1.0,VisualCogB_Task-1,left,Training_mean_template,late_stage,0.8,2.8,47.76044260519691,1.307891646133743,0.25417606538143633,3,6,43,True,False
none,outward,2.4,0.2,1.0,VisualCogB_Task-1,left,Training_mean_template,candidate_target_600ms,2.4,3.0,64.45325297689806,1.3096330727372893,0.7615137189407232,3,6,43,True,False
none,outward,2.4,0.2,1.0,VisualCogB_Task-1,right,Training_mean_template,cue_stage,0.0,0.8,86.7423138020746,2.5508449339678005,0.029317347683828418,3,6,45,True,False
none,outward,2.4,0.2,1.0,VisualCogB_Task-1,right,Training_mean_template,late_stage,0.8,2.8,111.82341068398667,1.5738089517534397,0.2328057661890107,3,6,45,True,False
none,outward,2.4,0.2,1.0,VisualCogB_Task-1,right,Training_mean_template,candidate_target_600ms,2.4,3.0,98.17643515546442,1.3700651056342532,0.40117602768848126,3,6,45,True,False
none,outward,2.4,0.2,1.0,VisualCogB_Task-1,left,Q2_visual_only,cue_stage,0.0,0.8,52.72788024460744,2.0290918743489423,0.6399235589063266,3,6,43,True,False
none,outward,2.4,0.2,1.0,VisualCogB_Task-1,left,Q2_visual_only,late_stage,0.8,2.8,54.839848461360695,1.5017570140786252,0.35836003085832213,3,6,43,True,False
none,outward,2.4,0.2,1.0,VisualCogB_Task-1,left,Q2_visual_only,candidate_target_600ms,2.4,3.0,78.72702708393342,1.5996635332643159,0.5157729967740423,3,6,43,True,False
none,outward,2.4,0.2,1.0,VisualCogB_Task-1,right,Q2_visual_only,cue_stage,0.0,0.8,74.40960184671405,2.188174923974786,0.35114890862884834,3,6,45,True,False
none,outward,2.4,0.2,1.0,VisualCogB_Task-1,right,Q2_visual_only,late_stage,0.8,2.8,78.31235850932737,1.1021725245280283,0.5942424754771437,3,6,45,True,False
none,outward,2.4,0.2,1.0,VisualCogB_Task-1,right,Q2_visual_only,candidate_target_600ms,2.4,3.0,73.10786312889972,1.0202298755478447,0.449380183877313,3,6,45,True,False
none,outward,2.4,0.2,1.0,VisualCogB_Task-1,left,Q2_plus_memory,cue_stage,0.0,0.8,54.84552622603369,2.110583833322566,0.6194540145058174,3,6,43,True,False
none,outward,2.4,0.2,1.0,VisualCogB_Task-1,left,Q2_plus_memory,late_stage,0.8,2.8,54.936442227786756,1.5044021775923213,0.32476138105437197,3,6,43,True,False
none,outward,2.4,0.2,1.0,VisualCogB_Task-1,left,Q2_plus_memory,candidate_target_600ms,2.4,3.0,83.42143790675738,1.695049807604724,0.5095905907684982,3,6,43,True,False
none,outward,2.4,0.2,1.0,VisualCogB_Task-1,right,Q2_plus_memory,cue_stage,0.0,0.8,76.05522938475096,2.236568153122185,0.33213554969974135,3,6,45,True,False
none,outward,2.4,0.2,1.0,VisualCogB_Task-1,right,Q2_plus_memory,late_stage,0.8,2.8,77.93232460835412,1.0968239060977452,0.587759063114153,3,6,45,True,False
none,outward,2.4,0.2,1.0,VisualCogB_Task-1,right,Q2_plus_memory,candidate_target_600ms,2.4,3.0,75.68669211681916,1.0562177743155245,0.44628617833039275,3,6,45,True,False
none,outward,2.4,0.2,1.0,VisualCogB_Task-1,left,Q2_plus_memory_control,cue_stage,0.0,0.8,51.32080226508925,1.9749442302265012,0.6682421935962863,3,6,43,True,False
none,outward,2.4,0.2,1.0,VisualCogB_Task-1,left,Q2_plus_memory_control,late_stage,0.8,2.8,56.27818778790348,1.5411450910493827,0.292971188394485,3,6,43,True,False
none,outward,2.4,0.2,1.0,VisualCogB_Task-1,left,Q2_plus_memory_control,candidate_target_600ms,2.4,3.0,87.29393641097158,1.7737355508528172,0.604573712119896,3,6,43,True,False
none,outward,2.4,0.2,1.0,VisualCogB_Task-1,right,Q2_plus_memory_control,cue_stage,0.0,0.8,74.51607620444895,2.1913060322438747,0.16718808976416744,3,6,45,True,False
none,outward,2.4,0.2,1.0,VisualCogB_Task-1,right,Q2_plus_memory_control,late_stage,0.8,2.8,77.85174690277996,1.0956898509516118,0.5775750114563253,3,6,45,True,False
none,outward,2.4,0.2,1.0,VisualCogB_Task-1,right,Q2_plus_memory_control,candidate_target_600ms,2.4,3.0,76.19935116542548,1.0633719989771855,0.5260241355986085,3,6,45,True,False
none,outward,2.4,0.2,1.0,VisualCogB_Task-2,left,Training_mean_template,cue_stage,0.0,0.8,63.2138714343876,1.2292311223231638,0.9634197574214081,3,6,44,True,False
none,outward,2.4,0.2,1.0,VisualCogB_Task-2,left,Training_mean_template,late_stage,0.8,2.8,97.65021851600747,2.2596645567823304,0.6605098055625932,3,6,44,True,False
none,outward,2.4,0.2,1.0,VisualCogB_Task-2,left,Training_mean_template,candidate_target_600ms,2.4,3.0,96.45809449387467,2.0060003698444526,0.7441631195768078,3,6,44,True,False
none,outward,2.4,0.2,1.0,VisualCogB_Task-2,right,Training_mean_template,cue_stage,0.0,0.8,74.10254107893448,1.1155363853672184,0.9298987076586458,3,6,47,True,False
none,outward,2.4,0.2,1.0,VisualCogB_Task-2,right,Training_mean_template,late_stage,0.8,2.8,77.11685725509513,1.4163081329371616,0.35038858443652277,3,6,47,True,False
none,outward,2.4,0.2,1.0,VisualCogB_Task-2,right,Training_mean_template,candidate_target_600ms,2.4,3.0,66.1773149384218,1.058282186864853,0.39116219790990925,3,6,47,True,False
none,outward,2.4,0.2,1.0,VisualCogB_Task-2,left,Q2_visual_only,cue_stage,0.0,0.8,58.3011912149072,1.133701149505811,0.5309654422289484,3,6,44,True,False
none,outward,2.4,0.2,1.0,VisualCogB_Task-2,left,Q2_visual_only,late_stage,0.8,2.8,78.8319624396657,1.8242026917462313,0.7020177077335431,3,6,44,True,False
none,outward,2.4,0.2,1.0,VisualCogB_Task-2,left,Q2_visual_only,candidate_target_600ms,2.4,3.0,81.55522966721013,1.6960714570777864,0.6770029678539214,3,6,44,True,False
none,outward,2.4,0.2,1.0,VisualCogB_Task-2,right,Q2_visual_only,cue_stage,0.0,0.8,86.00901283245359,1.2947758860511345,0.33561717052221274,3,6,47,True,False
none,outward,2.4,0.2,1.0,VisualCogB_Task-2,right,Q2_visual_only,late_stage,0.8,2.8,101.44673624227399,1.8631443592752324,0.530825748823285,3,6,47,True,False
none,outward,2.4,0.2,1.0,VisualCogB_Task-2,right,Q2_visual_only,candidate_target_600ms,2.4,3.0,93.59119416474195,1.4966744075990195,0.5613927200668354,3,6,47,True,False
none,outward,2.4,0.2,1.0,VisualCogB_Task-2,left,Q2_plus_memory,cue_stage,0.0,0.8,58.368036689301505,1.135000999295856,0.4472851393588338,3,6,44,True,False
none,outward,2.4,0.2,1.0,VisualCogB_Task-2,left,Q2_plus_memory,late_stage,0.8,2.8,79.20022611373436,1.8327244583586324,0.6854690700235212,3,6,44,True,False
none,outward,2.4,0.2,1.0,VisualCogB_Task-2,left,Q2_plus_memory,candidate_target_600ms,2.4,3.0,77.24565044952115,1.6064468636217437,0.7105959188631102,3,6,44,True,False
none,outward,2.4,0.2,1.0,VisualCogB_Task-2,right,Q2_plus_memory,cue_stage,0.0,0.8,85.91991976843318,1.2934346829945111,0.26026218963729647,3,6,47,True,False
none,outward,2.4,0.2,1.0,VisualCogB_Task-2,right,Q2_plus_memory,late_stage,0.8,2.8,101.68487235319498,1.8675179051204391,0.530608040914058,3,6,47,True,False
none,outward,2.4,0.2,1.0,VisualCogB_Task-2,right,Q2_plus_memory,candidate_target_600ms,2.4,3.0,89.54429256990932,1.43195791262198,0.5967939904535619,3,6,47,True,False
none,outward,2.4,0.2,1.0,VisualCogB_Task-2,left,Q2_plus_memory_control,cue_stage,0.0,0.8,59.62692342030679,1.1594807964371772,0.602004630959433,3,6,44,True,False
none,outward,2.4,0.2,1.0,VisualCogB_Task-2,left,Q2_plus_memory_control,late_stage,0.8,2.8,78.49850643880141,1.8164863884153186,0.6665578688926598,3,6,44,True,False
none,outward,2.4,0.2,1.0,VisualCogB_Task-2,left,Q2_plus_memory_control,candidate_target_600ms,2.4,3.0,70.76641538889724,1.4717008063196677,0.6844977498112002,3,6,44,True,False
none,outward,2.4,0.2,1.0,VisualCogB_Task-2,right,Q2_plus_memory_control,cue_stage,0.0,0.8,86.86744522519366,1.307698689433266,0.4298547054666062,3,6,47,True,False
none,outward,2.4,0.2,1.0,VisualCogB_Task-2,right,Q2_plus_memory_control,late_stage,0.8,2.8,101.50475887827258,1.864209987909286,0.47018124321722526,3,6,47,True,False
none,outward,2.4,0.2,1.0,VisualCogB_Task-2,right,Q2_plus_memory_control,candidate_target_600ms,2.4,3.0,85.04422319680907,1.3599945326988228,0.4887365724319635,3,6,47,True,False
causal,dots,,0.2,,VisualCogA_Task-1,left,Training_mean_template,cue_stage,0.0,0.8,21.08297624331433,4.731957807756377,-0.10334538273310898,3,6,45,True,False
causal,dots,,0.2,,VisualCogA_Task-1,left,Training_mean_template,late_stage,0.8,2.8,24.49688739931746,4.312586241327728,0.5211216432194095,3,6,45,True,False
causal,dots,,0.2,,VisualCogA_Task-1,right,Training_mean_template,cue_stage,0.0,0.8,21.588969073992708,3.3231685790306935,-0.16016885027459948,3,6,41,True,False
causal,dots,,0.2,,VisualCogA_Task-1,right,Training_mean_template,late_stage,0.8,2.8,27.87665206779353,4.14508064387879,0.5559043453806836,3,6,41,True,False
causal,dots,,0.2,,VisualCogA_Task-1,left,Q2_visual_only,cue_stage,0.0,0.8,21.947291913907783,4.925948695884794,-0.4831263728096205,3,6,45,True,False
causal,dots,,0.2,,VisualCogA_Task-1,left,Q2_visual_only,late_stage,0.8,2.8,13.448619877111383,2.367579688858476,0.358742415947927,3,6,45,True,False
causal,dots,,0.2,,VisualCogA_Task-1,right,Q2_visual_only,cue_stage,0.0,0.8,27.196884739256607,4.186389470625237,-0.7909426815253657,3,6,41,True,False
causal,dots,,0.2,,VisualCogA_Task-1,right,Q2_visual_only,late_stage,0.8,2.8,21.441723986073416,3.188247815767902,-0.21621290512672087,3,6,41,True,False
causal,dots,,0.2,,VisualCogA_Task-1,left,Q2_plus_memory,cue_stage,0.0,0.8,22.11031520287343,4.962538374503426,-0.4797461773389319,3,6,45,True,False
causal,dots,,0.2,,VisualCogA_Task-1,left,Q2_plus_memory,late_stage,0.8,2.8,13.421919387076315,2.362879166539663,0.3547734485280345,3,6,45,True,False
causal,dots,,0.2,,VisualCogA_Task-1,right,Q2_plus_memory,cue_stage,0.0,0.8,27.300216897472026,4.202295287165526,-0.7962635450733891,3,6,41,True,False
causal,dots,,0.2,,VisualCogA_Task-1,right,Q2_plus_memory,late_stage,0.8,2.8,21.40509397054301,3.182801165718577,-0.21444913035075633,3,6,41,True,False
causal,dots,,0.2,,VisualCogA_Task-1,left,Q2_plus_memory_control,cue_stage,0.0,0.8,22.110315202873423,4.962538374503424,-0.4797461773389318,3,6,45,True,False
causal,dots,,0.2,,VisualCogA_Task-1,left,Q2_plus_memory_control,late_stage,0.8,2.8,13.421919387076311,2.3628791665396625,0.35477344852803466,3,6,45,True,False
causal,dots,,0.2,,VisualCogA_Task-1,right,Q2_plus_memory_control,cue_stage,0.0,0.8,27.300216897472023,4.2022952871655255,-0.796263545073389,3,6,41,True,False
causal,dots,,0.2,,VisualCogA_Task-1,right,Q2_plus_memory_control,late_stage,0.8,2.8,21.405093970543007,3.1828011657185766,-0.21444913035075652,3,6,41,True,False
causal,dots,,0.2,,VisualCogA_Task-2,left,Training_mean_template,cue_stage,0.0,0.8,14.713195942736856,0.8519186648979836,0.8705575703100655,3,6,49,True,False
causal,dots,,0.2,,VisualCogA_Task-2,left,Training_mean_template,late_stage,0.8,2.8,22.78064222039507,0.6816371691356803,0.819328530733084,3,6,49,True,False
causal,dots,,0.2,,VisualCogA_Task-2,right,Training_mean_template,cue_stage,0.0,0.8,24.53165598018877,1.0559612869671255,-0.04108536717954614,3,6,41,True,False
causal,dots,,0.2,,VisualCogA_Task-2,right,Training_mean_template,late_stage,0.8,2.8,29.668513338841645,0.7937917102851009,0.7276545483506327,3,6,41,True,False
causal,dots,,0.2,,VisualCogA_Task-2,left,Q2_visual_only,cue_stage,0.0,0.8,16.54494748083134,0.9579801440512344,0.4701339061043019,3,6,49,True,False
causal,dots,,0.2,,VisualCogA_Task-2,left,Q2_visual_only,late_stage,0.8,2.8,30.718449922420156,0.9191504367075524,0.6314909807982689,3,6,49,True,False
causal,dots,,0.2,,VisualCogA_Task-2,right,Q2_visual_only,cue_stage,0.0,0.8,24.512441258940186,1.055134192302389,-0.015545384450571756,3,6,41,True,False
causal,dots,,0.2,,VisualCogA_Task-2,right,Q2_visual_only,late_stage,0.8,2.8,36.523132157164596,0.9771894940906528,0.3613040939790264,3,6,41,True,False
causal,dots,,0.2,,VisualCogA_Task-2,left,Q2_plus_memory,cue_stage,0.0,0.8,16.400580760233193,0.9496210693575826,0.49800793376911745,3,6,49,True,False
causal,dots,,0.2,,VisualCogA_Task-2,left,Q2_plus_memory,late_stage,0.8,2.8,30.725275491663883,0.9193546698302194,0.633166057445911,3,6,49,True,False
causal,dots,,0.2,,VisualCogA_Task-2,right,Q2_plus_memory,cue_stage,0.0,0.8,25.03144545315714,1.0774746465020264,-0.07505985269647077,3,6,41,True,False
causal,dots,,0.2,,VisualCogA_Task-2,right,Q2_plus_memory,late_stage,0.8,2.8,36.45794679220358,0.9754454362827335,0.37082484827990275,3,6,41,True,False
causal,dots,,0.2,,VisualCogA_Task-2,left,Q2_plus_memory_control,cue_stage,0.0,0.8,16.400580760233193,0.9496210693575826,0.49800793376911767,3,6,49,True,False
causal,dots,,0.2,,VisualCogA_Task-2,left,Q2_plus_memory_control,late_stage,0.8,2.8,30.725275491663883,0.9193546698302194,0.633166057445911,3,6,49,True,False
causal,dots,,0.2,,VisualCogA_Task-2,right,Q2_plus_memory_control,cue_stage,0.0,0.8,25.03144545315714,1.0774746465020264,-0.07505985269647064,3,6,41,True,False
causal,dots,,0.2,,VisualCogA_Task-2,right,Q2_plus_memory_control,late_stage,0.8,2.8,36.45794679220358,0.9754454362827335,0.37082484827990275,3,6,41,True,False
causal,dots,,0.2,,VisualCogB_Task-1,left,Training_mean_template,cue_stage,0.0,0.8,18.501979494376,1.7327873487562542,0.7417189870664094,3,6,43,True,False
causal,dots,,0.2,,VisualCogB_Task-1,left,Training_mean_template,late_stage,0.8,2.8,30.92125778338932,3.64321298968191,0.5949236856159958,3,6,43,True,False
causal,dots,,0.2,,VisualCogB_Task-1,right,Training_mean_template,cue_stage,0.0,0.8,26.402931770541624,1.3161968137069837,-0.36016739175351004,3,6,45,True,False
causal,dots,,0.2,,VisualCogB_Task-1,right,Training_mean_template,late_stage,0.8,2.8,25.8616667930673,1.7716783826623652,0.13143696731942994,3,6,45,True,False
causal,dots,,0.2,,VisualCogB_Task-1,left,Q2_visual_only,cue_stage,0.0,0.8,22.877873768623488,2.1426080514662433,0.3071923505525521,3,6,43,True,False
causal,dots,,0.2,,VisualCogB_Task-1,left,Q2_visual_only,late_stage,0.8,2.8,20.107182115089056,2.3690739743111022,0.5456702670748693,3,6,43,True,False
causal,dots,,0.2,,VisualCogB_Task-1,right,Q2_visual_only,cue_stage,0.0,0.8,30.208018632592573,1.5058819307702933,-0.6650963285328496,3,6,45,True,False
causal,dots,,0.2,,VisualCogB_Task-1,right,Q2_visual_only,late_stage,0.8,2.8,21.845363672814862,1.4965376706074827,-0.419214478476847,3,6,45,True,False
causal,dots,,0.2,,VisualCogB_Task-1,left,Q2_plus_memory,cue_stage,0.0,0.8,22.774008422246407,2.1328806296932865,0.3438641512913999,3,6,43,True,False
causal,dots,,0.2,,VisualCogB_Task-1,left,Q2_plus_memory,late_stage,0.8,2.8,20.232951819992934,2.383892447279573,0.5204079109707156,3,6,43,True,False
causal,dots,,0.2,,VisualCogB_Task-1,right,Q2_plus_memory,cue_stage,0.0,0.8,30.97794987555373,1.5442633142305038,-0.7018759855096076,3,6,45,True,False
causal,dots,,0.2,,VisualCogB_Task-1,right,Q2_plus_memory,late_stage,0.8,2.8,21.71202659489422,1.4874032857107329,-0.42133342193151146,3,6,45,True,False
causal,dots,,0.2,,VisualCogB_Task-1,left,Q2_plus_memory_control,cue_stage,0.0,0.8,22.774008422246403,2.1328806296932865,0.3438641512914002,3,6,43,True,False
causal,dots,,0.2,,VisualCogB_Task-1,left,Q2_plus_memory_control,late_stage,0.8,2.8,20.23295181999293,2.3838924472795724,0.5204079109707154,3,6,43,True,False
causal,dots,,0.2,,VisualCogB_Task-1,right,Q2_plus_memory_control,cue_stage,0.0,0.8,30.97794987555373,1.5442633142305038,-0.7018759855096075,3,6,45,True,False
causal,dots,,0.2,,VisualCogB_Task-1,right,Q2_plus_memory_control,late_stage,0.8,2.8,21.712026594894215,1.4874032857107324,-0.4213334219315116,3,6,45,True,False
causal,dots,,0.2,,VisualCogB_Task-2,left,Training_mean_template,cue_stage,0.0,0.8,26.4278692037496,0.9248201873744891,0.789906236108502,3,6,44,True,False
causal,dots,,0.2,,VisualCogB_Task-2,left,Training_mean_template,late_stage,0.8,2.8,39.47626028962619,1.005723497199289,0.8762536900741064,3,6,44,True,False
causal,dots,,0.2,,VisualCogB_Task-2,right,Training_mean_template,cue_stage,0.0,0.8,25.656803416207826,1.3503155298984768,-0.3645966707592247,3,6,47,True,False
causal,dots,,0.2,,VisualCogB_Task-2,right,Training_mean_template,late_stage,0.8,2.8,28.28070208588447,0.837867425273061,0.6846402253473619,3,6,47,True,False
causal,dots,,0.2,,VisualCogB_Task-2,left,Q2_visual_only,cue_stage,0.0,0.8,29.08652811769817,1.0178576326564537,0.3601378085744517,3,6,44,True,False
causal,dots,,0.2,,VisualCogB_Task-2,left,Q2_visual_only,late_stage,0.8,2.8,45.51981150373799,1.1596930327623316,0.6503487244485096,3,6,44,True,False
causal,dots,,0.2,,VisualCogB_Task-2,right,Q2_visual_only,cue_stage,0.0,0.8,20.348106739008884,1.070919244614794,0.08434533090552829,3,6,47,True,False
causal,dots,,0.2,,VisualCogB_Task-2,right,Q2_visual_only,late_stage,0.8,2.8,34.753520512098085,1.029636487178301,0.5289210410626816,3,6,47,True,False
causal,dots,,0.2,,VisualCogB_Task-2,left,Q2_plus_memory,cue_stage,0.0,0.8,29.526417221606504,1.0332511674270428,0.29123178389740073,3,6,44,True,False
causal,dots,,0.2,,VisualCogB_Task-2,left,Q2_plus_memory,late_stage,0.8,2.8,45.44888316498408,1.1578860151679913,0.6642646409918067,3,6,44,True,False
causal,dots,,0.2,,VisualCogB_Task-2,right,Q2_plus_memory,cue_stage,0.0,0.8,20.52040028372728,1.0799870402150649,0.06806627683054034,3,6,47,True,False
causal,dots,,0.2,,VisualCogB_Task-2,right,Q2_plus_memory,late_stage,0.8,2.8,34.71353193502491,1.028451752583987,0.5373878717803117,3,6,47,True,False
causal,dots,,0.2,,VisualCogB_Task-2,left,Q2_plus_memory_control,cue_stage,0.0,0.8,29.526417221606504,1.0332511674270428,0.29123178389740073,3,6,44,True,False
causal,dots,,0.2,,VisualCogB_Task-2,left,Q2_plus_memory_control,late_stage,0.8,2.8,45.448883164984075,1.157886015167991,0.6642646409918068,3,6,44,True,False
causal,dots,,0.2,,VisualCogB_Task-2,right,Q2_plus_memory_control,cue_stage,0.0,0.8,20.52040028372728,1.0799870402150649,0.0680662768305401,3,6,47,True,False
causal,dots,,0.2,,VisualCogB_Task-2,right,Q2_plus_memory_control,late_stage,0.8,2.8,34.71353193502491,1.028451752583987,0.5373878717803117,3,6,47,True,False
causal,dots,2.0,0.2,-1.0,VisualCogA_Task-1,left,Training_mean_template,cue_stage,0.0,0.8,21.08297624331433,4.731957807756377,-0.10334538273310898,3,6,45,True,False
causal,dots,2.0,0.2,-1.0,VisualCogA_Task-1,left,Training_mean_template,late_stage,0.8,2.8,24.49688739931746,4.312586241327728,0.5211216432194095,3,6,45,True,False
causal,dots,2.0,0.2,-1.0,VisualCogA_Task-1,left,Training_mean_template,candidate_target_600ms,2.0,2.6,22.625276366494518,10.735448356926295,0.7094254355961431,3,6,45,True,False
causal,dots,2.0,0.2,-1.0,VisualCogA_Task-1,right,Training_mean_template,cue_stage,0.0,0.8,21.588969073992708,3.3231685790306935,-0.16016885027459948,3,6,41,True,False
causal,dots,2.0,0.2,-1.0,VisualCogA_Task-1,right,Training_mean_template,late_stage,0.8,2.8,27.87665206779353,4.14508064387879,0.5559043453806836,3,6,41,True,False
causal,dots,2.0,0.2,-1.0,VisualCogA_Task-1,right,Training_mean_template,candidate_target_600ms,2.0,2.6,24.49367317894044,8.209735917883444,0.16092934487311406,3,6,41,True,False
causal,dots,2.0,0.2,-1.0,VisualCogA_Task-1,left,Q2_visual_only,cue_stage,0.0,0.8,19.254565623016735,4.3215811222898015,-0.42033040714478015,3,6,45,True,False
causal,dots,2.0,0.2,-1.0,VisualCogA_Task-1,left,Q2_visual_only,late_stage,0.8,2.8,11.05905108651431,1.9469049590018903,0.5073052269770455,3,6,45,True,False
causal,dots,2.0,0.2,-1.0,VisualCogA_Task-1,left,Q2_visual_only,candidate_target_600ms,2.0,2.6,14.285109471396797,6.778129580345082,0.4390621290155221,3,6,45,True,False
causal,dots,2.0,0.2,-1.0,VisualCogA_Task-1,right,Q2_visual_only,cue_stage,0.0,0.8,24.745798965473334,3.8090962705641886,-0.8010598550516622,3,6,41,True,False
causal,dots,2.0,0.2,-1.0,VisualCogA_Task-1,right,Q2_visual_only,late_stage,0.8,2.8,19.867625997882573,2.9541894687845285,-0.23854534046251838,3,6,41,True,False
causal,dots,2.0,0.2,-1.0,VisualCogA_Task-1,right,Q2_visual_only,candidate_target_600ms,2.0,2.6,17.93172232383726,6.010315551939907,-0.46676221934932494,3,6,41,True,False
causal,dots,2.0,0.2,-1.0,VisualCogA_Task-1,left,Q2_plus_memory,cue_stage,0.0,0.8,19.53990097408238,4.385623069058686,-0.5261669152266286,3,6,45,True,False
causal,dots,2.0,0.2,-1.0,VisualCogA_Task-1,left,Q2_plus_memory,late_stage,0.8,2.8,10.98716549175258,1.9342497664516833,0.5529827563421885,3,6,45,True,False
causal,dots,2.0,0.2,-1.0,VisualCogA_Task-1,left,Q2_plus_memory,candidate_target_600ms,2.0,2.6,13.6697791022387,6.486161990931338,0.47985472939677093,3,6,45,True,False
causal,dots,2.0,0.2,-1.0,VisualCogA_Task-1,right,Q2_plus_memory,cue_stage,0.0,0.8,24.307832713659888,3.7416805601745904,-0.743349526290586,3,6,41,True,False
causal,dots,2.0,0.2,-1.0,VisualCogA_Task-1,right,Q2_plus_memory,late_stage,0.8,2.8,20.014643538499158,2.9760500408660846,-0.2370307595182514,3,6,41,True,False
causal,dots,2.0,0.2,-1.0,VisualCogA_Task-1,right,Q2_plus_memory,candidate_target_600ms,2.0,2.6,17.37917426395617,5.825113699182974,-0.4737546099614184,3,6,41,True,False
causal,dots,2.0,0.2,-1.0,VisualCogA_Task-1,left,Q2_plus_memory_control,cue_stage,0.0,0.8,20.854510971414847,4.680680036786598,-0.4833728871963771,3,6,45,True,False
causal,dots,2.0,0.2,-1.0,VisualCogA_Task-1,left,Q2_plus_memory_control,late_stage,0.8,2.8,13.358072667511152,2.3516391881757874,0.361475615130985,3,6,45,True,False
causal,dots,2.0,0.2,-1.0,VisualCogA_Task-1,left,Q2_plus_memory_control,candidate_target_600ms,2.0,2.6,18.03063420152904,8.555340459831676,0.4841080204929674,3,6,45,True,False
causal,dots,2.0,0.2,-1.0,VisualCogA_Task-1,right,Q2_plus_memory_control,cue_stage,0.0,0.8,26.038176049056137,4.008030592147679,-0.7943289844144259,3,6,41,True,False
causal,dots,2.0,0.2,-1.0,VisualCogA_Task-1,right,Q2_plus_memory_control,late_stage,0.8,2.8,21.12654819554588,3.1413831827568157,-0.17479692497537266,3,6,41,True,False
causal,dots,2.0,0.2,-1.0,VisualCogA_Task-1,right,Q2_plus_memory_control,candidate_target_600ms,2.0,2.6,21.599411514104872,7.239643609883539,-0.39636771235273266,3,6,41,True,False
causal,dots,2.0,0.2,-1.0,VisualCogA_Task-2,left,Training_mean_template,cue_stage,0.0,0.8,14.713195942736856,0.8519186648979836,0.8705575703100655,3,6,49,True,False
causal,dots,2.0,0.2,-1.0,VisualCogA_Task-2,left,Training_mean_template,late_stage,0.8,2.8,22.78064222039507,0.6816371691356803,0.819328530733084,3,6,49,True,False
causal,dots,2.0,0.2,-1.0,VisualCogA_Task-2,left,Training_mean_template,candidate_target_600ms,2.0,2.6,13.993029700172146,0.8311009736357389,0.8287301305745208,3,6,49,True,False
causal,dots,2.0,0.2,-1.0,VisualCogA_Task-2,right,Training_mean_template,cue_stage,0.0,0.8,24.53165598018877,1.0559612869671255,-0.04108536717954614,3,6,41,True,False
causal,dots,2.0,0.2,-1.0,VisualCogA_Task-2,right,Training_mean_template,late_stage,0.8,2.8,29.668513338841645,0.7937917102851009,0.7276545483506327,3,6,41,True,False
causal,dots,2.0,0.2,-1.0,VisualCogA_Task-2,right,Training_mean_template,candidate_target_600ms,2.0,2.6,25.186811272152838,1.2362936896801737,-0.19305464485789733,3,6,41,True,False
causal,dots,2.0,0.2,-1.0,VisualCogA_Task-2,left,Q2_visual_only,cue_stage,0.0,0.8,16.106193929655525,0.9325755792651952,0.574141641017313,3,6,49,True,False
causal,dots,2.0,0.2,-1.0,VisualCogA_Task-2,left,Q2_visual_only,late_stage,0.8,2.8,31.817143781600155,0.9520253032136302,0.5325954891651054,3,6,49,True,False
causal,dots,2.0,0.2,-1.0,VisualCogA_Task-2,left,Q2_visual_only,candidate_target_600ms,2.0,2.6,20.772839403273785,1.2337804909416645,0.5699172524361747,3,6,49,True,False
causal,dots,2.0,0.2,-1.0,VisualCogA_Task-2,right,Q2_visual_only,cue_stage,0.0,0.8,24.096423526601566,1.0372267742138503,-0.018618529032862388,3,6,41,True,False
causal,dots,2.0,0.2,-1.0,VisualCogA_Task-2,right,Q2_visual_only,late_stage,0.8,2.8,37.39982670608836,1.0006457710344907,0.255756169672194,3,6,41,True,False
causal,dots,2.0,0.2,-1.0,VisualCogA_Task-2,right,Q2_visual_only,candidate_target_600ms,2.0,2.6,27.648361271066808,1.3571187793513786,0.08116161131454176,3,6,41,True,False
causal,dots,2.0,0.2,-1.0,VisualCogA_Task-2,left,Q2_plus_memory,cue_stage,0.0,0.8,16.32230474966145,0.945088757365045,0.5638330634545782,3,6,49,True,False
causal,dots,2.0,0.2,-1.0,VisualCogA_Task-2,left,Q2_plus_memory,late_stage,0.8,2.8,31.561250992461662,0.9443685376710664,0.5707305993744696,3,6,49,True,False
causal,dots,2.0,0.2,-1.0,VisualCogA_Task-2,left,Q2_plus_memory,candidate_target_600ms,2.0,2.6,20.480126807866633,1.2163951406457716,0.6975960321529199,3,6,49,True,False
causal,dots,2.0,0.2,-1.0,VisualCogA_Task-2,right,Q2_plus_memory,cue_stage,0.0,0.8,24.41276199910316,1.0508435141848398,-0.044745714862922496,3,6,41,True,False
causal,dots,2.0,0.2,-1.0,VisualCogA_Task-2,right,Q2_plus_memory,late_stage,0.8,2.8,37.23956063555006,0.996357794863244,0.27724836833590344,3,6,41,True,False
causal,dots,2.0,0.2,-1.0,VisualCogA_Task-2,right,Q2_plus_memory,candidate_target_600ms,2.0,2.6,27.502301515914684,1.3499494417302067,0.17306419815509824,3,6,41,True,False
causal,dots,2.0,0.2,-1.0,VisualCogA_Task-2,left,Q2_plus_memory_control,cue_stage,0.0,0.8,16.497480133168143,0.9552317051937039,0.5076495833247918,3,6,49,True,False
causal,dots,2.0,0.2,-1.0,VisualCogA_Task-2,left,Q2_plus_memory_control,late_stage,0.8,2.8,30.79390900140899,0.9214083060200112,0.6189936524606109,3,6,49,True,False
causal,dots,2.0,0.2,-1.0,VisualCogA_Task-2,left,Q2_plus_memory_control,candidate_target_600ms,2.0,2.6,17.879403663299705,1.0619279820732443,0.8355198883100474,3,6,49,True,False
causal,dots,2.0,0.2,-1.0,VisualCogA_Task-2,right,Q2_plus_memory_control,cue_stage,0.0,0.8,24.640388653117483,1.0606416678323187,-0.05077790020923972,3,6,41,True,False
causal,dots,2.0,0.2,-1.0,VisualCogA_Task-2,right,Q2_plus_memory_control,late_stage,0.8,2.8,36.56230453424966,0.9782375650825208,0.3586749716454118,3,6,41,True,False
causal,dots,2.0,0.2,-1.0,VisualCogA_Task-2,right,Q2_plus_memory_control,candidate_target_600ms,2.0,2.6,25.947566419138266,1.2736353276289862,0.22336282950078393,3,6,41,True,False
causal,dots,2.0,0.2,-1.0,VisualCogB_Task-1,left,Training_mean_template,cue_stage,0.0,0.8,18.501979494376,1.7327873487562542,0.7417189870664094,3,6,43,True,False
causal,dots,2.0,0.2,-1.0,VisualCogB_Task-1,left,Training_mean_template,late_stage,0.8,2.8,30.92125778338932,3.64321298968191,0.5949236856159958,3,6,43,True,False
causal,dots,2.0,0.2,-1.0,VisualCogB_Task-1,left,Training_mean_template,candidate_target_600ms,2.0,2.6,35.26467663551225,7.328384067583775,-0.2456589870478381,3,6,43,True,False
causal,dots,2.0,0.2,-1.0,VisualCogB_Task-1,right,Training_mean_template,cue_stage,0.0,0.8,26.402931770541624,1.3161968137069837,-0.36016739175351004,3,6,45,True,False
causal,dots,2.0,0.2,-1.0,VisualCogB_Task-1,right,Training_mean_template,late_stage,0.8,2.8,25.8616667930673,1.7716783826623652,0.13143696731942994,3,6,45,True,False
causal,dots,2.0,0.2,-1.0,VisualCogB_Task-1,right,Training_mean_template,candidate_target_600ms,2.0,2.6,25.642288754631668,1.5491095465679567,-0.6982790601611161,3,6,45,True,False
causal,dots,2.0,0.2,-1.0,VisualCogB_Task-1,left,Q2_visual_only,cue_stage,0.0,0.8,20.94143762680995,1.961252751119661,0.42645016117095286,3,6,43,True,False
causal,dots,2.0,0.2,-1.0,VisualCogB_Task-1,left,Q2_visual_only,late_stage,0.8,2.8,18.910035821981246,2.2280234725445514,0.5304965818914342,3,6,43,True,False
causal,dots,2.0,0.2,-1.0,VisualCogB_Task-1,left,Q2_visual_only,candidate_target_600ms,2.0,2.6,23.499913268973756,4.883538044880933,-0.559441247868747,3,6,43,True,False
causal,dots,2.0,0.2,-1.0,VisualCogB_Task-1,right,Q2_visual_only,cue_stage,0.0,0.8,29.0011227812349,1.4457176850782492,-0.788247633629797,3,6,45,True,False
causal,dots,2.0,0.2,-1.0,VisualCogB_Task-1,right,Q2_visual_only,late_stage,0.8,2.8,21.64977309684747,1.4831385498908394,-0.5162139360990778,3,6,45,True,False
causal,dots,2.0,0.2,-1.0,VisualCogB_Task-1,right,Q2_visual_only,candidate_target_600ms,2.0,2.6,25.50986723277249,1.541109658350254,-0.8219721249181924,3,6,45,True,False
causal,dots,2.0,0.2,-1.0,VisualCogB_Task-1,left,Q2_plus_memory,cue_stage,0.0,0.8,20.142400228420303,1.8864195747271806,0.47084928360434586,3,6,43,True,False
causal,dots,2.0,0.2,-1.0,VisualCogB_Task-1,left,Q2_plus_memory,late_stage,0.8,2.8,19.157292204826646,2.2571557824937294,0.539484677342034,3,6,43,True,False
causal,dots,2.0,0.2,-1.0,VisualCogB_Task-1,left,Q2_plus_memory,candidate_target_600ms,2.0,2.6,22.97207347882424,4.773847184863997,-0.52473230121642,3,6,43,True,False
causal,dots,2.0,0.2,-1.0,VisualCogB_Task-1,right,Q2_plus_memory,cue_stage,0.0,0.8,29.847987157007587,1.4879342162847415,-0.7784914319523879,3,6,45,True,False
causal,dots,2.0,0.2,-1.0,VisualCogB_Task-1,right,Q2_plus_memory,late_stage,0.8,2.8,21.508001439817104,1.473426346031564,-0.5227824698131464,3,6,45,True,False
causal,dots,2.0,0.2,-1.0,VisualCogB_Task-1,right,Q2_plus_memory,candidate_target_600ms,2.0,2.6,25.641919609581286,1.549087245667788,-0.8325422394875803,3,6,45,True,False
causal,dots,2.0,0.2,-1.0,VisualCogB_Task-1,left,Q2_plus_memory_control,cue_stage,0.0,0.8,21.755181313172546,2.0374632325596598,0.35987471964747647,3,6,43,True,False
causal,dots,2.0,0.2,-1.0,VisualCogB_Task-1,left,Q2_plus_memory_control,late_stage,0.8,2.8,20.172045182916435,2.3767162886346247,0.4958174338965462,3,6,43,True,False
causal,dots,2.0,0.2,-1.0,VisualCogB_Task-1,left,Q2_plus_memory_control,candidate_target_600ms,2.0,2.6,26.946498683537477,5.599776049860118,-0.3480853805191129,3,6,43,True,False
causal,dots,2.0,0.2,-1.0,VisualCogB_Task-1,right,Q2_plus_memory_control,cue_stage,0.0,0.8,30.438691785694104,1.5173810806282921,-0.7253305345123019,3,6,45,True,False
causal,dots,2.0,0.2,-1.0,VisualCogB_Task-1,right,Q2_plus_memory_control,late_stage,0.8,2.8,22.164997527675187,1.5184344955706315,-0.4225185046892383,3,6,45,True,False
causal,dots,2.0,0.2,-1.0,VisualCogB_Task-1,right,Q2_plus_memory_control,candidate_target_600ms,2.0,2.6,27.48756370950906,1.6605868439338947,-0.7630206935487887,3,6,45,True,False
causal,dots,2.0,0.2,-1.0,VisualCogB_Task-2,left,Training_mean_template,cue_stage,0.0,0.8,26.4278692037496,0.9248201873744891,0.789906236108502,3,6,44,True,False
causal,dots,2.0,0.2,-1.0,VisualCogB_Task-2,left,Training_mean_template,late_stage,0.8,2.8,39.47626028962619,1.005723497199289,0.8762536900741064,3,6,44,True,False
causal,dots,2.0,0.2,-1.0,VisualCogB_Task-2,left,Training_mean_template,candidate_target_600ms,2.0,2.6,47.7762798969263,1.7453024701948108,0.6123466423075358,3,6,44,True,False
causal,dots,2.0,0.2,-1.0,VisualCogB_Task-2,right,Training_mean_template,cue_stage,0.0,0.8,25.656803416207826,1.3503155298984768,-0.3645966707592247,3,6,47,True,False
causal,dots,2.0,0.2,-1.0,VisualCogB_Task-2,right,Training_mean_template,late_stage,0.8,2.8,28.28070208588447,0.837867425273061,0.6846402253473619,3,6,47,True,False
causal,dots,2.0,0.2,-1.0,VisualCogB_Task-2,right,Training_mean_template,candidate_target_600ms,2.0,2.6,26.579094745194563,1.5706087772841744,-0.2959889657111371,3,6,47,True,False
causal,dots,2.0,0.2,-1.0,VisualCogB_Task-2,left,Q2_visual_only,cue_stage,0.0,0.8,29.234489369877053,1.023035407372579,0.4154504895224021,3,6,44,True,False
causal,dots,2.0,0.2,-1.0,VisualCogB_Task-2,left,Q2_visual_only,late_stage,0.8,2.8,46.44913560564251,1.1833691124857346,0.5593655905813245,3,6,44,True,False
causal,dots,2.0,0.2,-1.0,VisualCogB_Task-2,left,Q2_visual_only,candidate_target_600ms,2.0,2.6,49.17890365966112,1.7965413427720898,0.3572146552391932,3,6,44,True,False
causal,dots,2.0,0.2,-1.0,VisualCogB_Task-2,right,Q2_visual_only,cue_stage,0.0,0.8,20.033014478783205,1.0543359639374836,0.1334933552616428,3,6,47,True,False
causal,dots,2.0,0.2,-1.0,VisualCogB_Task-2,right,Q2_visual_only,late_stage,0.8,2.8,35.66180570776691,1.0565460941603892,0.40852191127993503,3,6,47,True,False
causal,dots,2.0,0.2,-1.0,VisualCogB_Task-2,right,Q2_visual_only,candidate_target_600ms,2.0,2.6,29.555647182511837,1.746498867933042,0.13690768067090325,3,6,47,True,False
causal,dots,2.0,0.2,-1.0,VisualCogB_Task-2,left,Q2_plus_memory,cue_stage,0.0,0.8,30.089187790250776,1.0529448316695085,0.2531973195504905,3,6,44,True,False
causal,dots,2.0,0.2,-1.0,VisualCogB_Task-2,left,Q2_plus_memory,late_stage,0.8,2.8,46.253214290040084,1.1783776905714523,0.5841936598035671,3,6,44,True,False
causal,dots,2.0,0.2,-1.0,VisualCogB_Task-2,left,Q2_plus_memory,candidate_target_600ms,2.0,2.6,49.45996358503541,1.8068086675425996,0.3968843367289342,3,6,44,True,False
causal,dots,2.0,0.2,-1.0,VisualCogB_Task-2,right,Q2_plus_memory,cue_stage,0.0,0.8,20.32892547131679,1.0699097360167191,0.1410723522059828,3,6,47,True,False
causal,dots,2.0,0.2,-1.0,VisualCogB_Task-2,right,Q2_plus_memory,late_stage,0.8,2.8,35.41595971168161,1.0492624577383467,0.4594136839699007,3,6,47,True,False
causal,dots,2.0,0.2,-1.0,VisualCogB_Task-2,right,Q2_plus_memory,candidate_target_600ms,2.0,2.6,29.54110911662823,1.745639786233668,0.31095738462793643,3,6,47,True,False
causal,dots,2.0,0.2,-1.0,VisualCogB_Task-2,left,Q2_plus_memory_control,cue_stage,0.0,0.8,29.879817994640053,1.0456181186411349,0.26552529456966417,3,6,44,True,False
causal,dots,2.0,0.2,-1.0,VisualCogB_Task-2,left,Q2_plus_memory_control,late_stage,0.8,2.8,45.66442570953566,1.1633773205781597,0.6086779562711534,3,6,44,True,False
causal,dots,2.0,0.2,-1.0,VisualCogB_Task-2,left,Q2_plus_memory_control,candidate_target_600ms,2.0,2.6,48.00843424633568,1.7537832384832754,0.3326070991895606,3,6,44,True,False
causal,dots,2.0,0.2,-1.0,VisualCogB_Task-2,right,Q2_plus_memory_control,cue_stage,0.0,0.8,20.62813910653152,1.0856573259184523,0.06799853640484434,3,6,47,True,False
causal,dots,2.0,0.2,-1.0,VisualCogB_Task-2,right,Q2_plus_memory_control,late_stage,0.8,2.8,34.78636370349235,1.0306095266780875,0.5153608370359312,3,6,47,True,False
causal,dots,2.0,0.2,-1.0,VisualCogB_Task-2,right,Q2_plus_memory_control,candidate_target_600ms,2.0,2.6,27.712624247391506,1.6375911708731419,0.42676773550897645,3,6,47,True,False
causal,dots,2.0,0.2,1.0,VisualCogA_Task-1,left,Training_mean_template,cue_stage,0.0,0.8,21.08297624331433,4.731957807756377,-0.10334538273310898,3,6,45,True,False
causal,dots,2.0,0.2,1.0,VisualCogA_Task-1,left,Training_mean_template,late_stage,0.8,2.8,24.49688739931746,4.312586241327728,0.5211216432194095,3,6,45,True,False
causal,dots,2.0,0.2,1.0,VisualCogA_Task-1,left,Training_mean_template,candidate_target_600ms,2.0,2.6,22.625276366494518,10.735448356926295,0.7094254355961431,3,6,45,True,False
causal,dots,2.0,0.2,1.0,VisualCogA_Task-1,right,Training_mean_template,cue_stage,0.0,0.8,21.588969073992708,3.3231685790306935,-0.16016885027459948,3,6,41,True,False
causal,dots,2.0,0.2,1.0,VisualCogA_Task-1,right,Training_mean_template,late_stage,0.8,2.8,27.87665206779353,4.14508064387879,0.5559043453806836,3,6,41,True,False
causal,dots,2.0,0.2,1.0,VisualCogA_Task-1,right,Training_mean_template,candidate_target_600ms,2.0,2.6,24.49367317894044,8.209735917883444,0.16092934487311406,3,6,41,True,False
causal,dots,2.0,0.2,1.0,VisualCogA_Task-1,left,Q2_visual_only,cue_stage,0.0,0.8,19.254565623016735,4.3215811222898015,-0.42033040714478015,3,6,45,True,False
causal,dots,2.0,0.2,1.0,VisualCogA_Task-1,left,Q2_visual_only,late_stage,0.8,2.8,11.05905108651431,1.9469049590018903,0.5073052269770455,3,6,45,True,False
causal,dots,2.0,0.2,1.0,VisualCogA_Task-1,left,Q2_visual_only,candidate_target_600ms,2.0,2.6,14.285109471396797,6.778129580345082,0.4390621290155221,3,6,45,True,False
causal,dots,2.0,0.2,1.0,VisualCogA_Task-1,right,Q2_visual_only,cue_stage,0.0,0.8,24.745798965473334,3.8090962705641886,-0.8010598550516622,3,6,41,True,False
causal,dots,2.0,0.2,1.0,VisualCogA_Task-1,right,Q2_visual_only,late_stage,0.8,2.8,19.867625997882573,2.9541894687845285,-0.23854534046251838,3,6,41,True,False
causal,dots,2.0,0.2,1.0,VisualCogA_Task-1,right,Q2_visual_only,candidate_target_600ms,2.0,2.6,17.93172232383726,6.010315551939907,-0.46676221934932494,3,6,41,True,False
causal,dots,2.0,0.2,1.0,VisualCogA_Task-1,left,Q2_plus_memory,cue_stage,0.0,0.8,19.55627871555542,4.389298962857661,-0.21516526456573973,3,6,45,True,False
causal,dots,2.0,0.2,1.0,VisualCogA_Task-1,left,Q2_plus_memory,late_stage,0.8,2.8,11.738294186862083,2.0664831895471396,0.39739738715407463,3,6,45,True,False
causal,dots,2.0,0.2,1.0,VisualCogA_Task-1,left,Q2_plus_memory,candidate_target_600ms,2.0,2.6,14.994278257806213,7.11462248144912,0.47522462727125936,3,6,45,True,False
causal,dots,2.0,0.2,1.0,VisualCogA_Task-1,right,Q2_plus_memory,cue_stage,0.0,0.8,25.783046049754148,3.9687586846127405,-0.7955714101536013,3,6,41,True,False
causal,dots,2.0,0.2,1.0,VisualCogA_Task-1,right,Q2_plus_memory,late_stage,0.8,2.8,19.926386775024113,2.9629268221566742,-0.22597381513625145,3,6,41,True,False
causal,dots,2.0,0.2,1.0,VisualCogA_Task-1,right,Q2_plus_memory,candidate_target_600ms,2.0,2.6,18.709317404441904,6.270948173930562,-0.5105422027032805,3,6,41,True,False
causal,dots,2.0,0.2,1.0,VisualCogA_Task-1,left,Q2_plus_memory_control,cue_stage,0.0,0.8,20.95334981580667,4.702863870607397,-0.443115042579255,3,6,45,True,False
causal,dots,2.0,0.2,1.0,VisualCogA_Task-1,left,Q2_plus_memory_control,late_stage,0.8,2.8,13.37928164584294,2.3553729502107483,0.33886187628580655,3,6,45,True,False
causal,dots,2.0,0.2,1.0,VisualCogA_Task-1,left,Q2_plus_memory_control,candidate_target_600ms,2.0,2.6,17.891678888525657,8.489407670216012,0.49471776786216454,3,6,45,True,False
causal,dots,2.0,0.2,1.0,VisualCogA_Task-1,right,Q2_plus_memory_control,cue_stage,0.0,0.8,26.36982281751673,4.059080650003985,-0.8077192431258169,3,6,41,True,False
causal,dots,2.0,0.2,1.0,VisualCogA_Task-1,right,Q2_plus_memory_control,late_stage,0.8,2.8,21.0787303324684,3.134272971021487,-0.1831576926089089,3,6,41,True,False
causal,dots,2.0,0.2,1.0,VisualCogA_Task-1,right,Q2_plus_memory_control,candidate_target_600ms,2.0,2.6,21.560052648336363,7.226451391157247,-0.4588715236049975,3,6,41,True,False
causal,dots,2.0,0.2,1.0,VisualCogA_Task-2,left,Training_mean_template,cue_stage,0.0,0.8,14.713195942736856,0.8519186648979836,0.8705575703100655,3,6,49,True,False
causal,dots,2.0,0.2,1.0,VisualCogA_Task-2,left,Training_mean_template,late_stage,0.8,2.8,22.78064222039507,0.6816371691356803,0.819328530733084,3,6,49,True,False
causal,dots,2.0,0.2,1.0,VisualCogA_Task-2,left,Training_mean_template,candidate_target_600ms,2.0,2.6,13.993029700172146,0.8311009736357389,0.8287301305745208,3,6,49,True,False
causal,dots,2.0,0.2,1.0,VisualCogA_Task-2,right,Training_mean_template,cue_stage,0.0,0.8,24.53165598018877,1.0559612869671255,-0.04108536717954614,3,6,41,True,False
causal,dots,2.0,0.2,1.0,VisualCogA_Task-2,right,Training_mean_template,late_stage,0.8,2.8,29.668513338841645,0.7937917102851009,0.7276545483506327,3,6,41,True,False
causal,dots,2.0,0.2,1.0,VisualCogA_Task-2,right,Training_mean_template,candidate_target_600ms,2.0,2.6,25.186811272152838,1.2362936896801737,-0.19305464485789733,3,6,41,True,False
causal,dots,2.0,0.2,1.0,VisualCogA_Task-2,left,Q2_visual_only,cue_stage,0.0,0.8,16.106193929655525,0.9325755792651952,0.574141641017313,3,6,49,True,False
causal,dots,2.0,0.2,1.0,VisualCogA_Task-2,left,Q2_visual_only,late_stage,0.8,2.8,31.817143781600155,0.9520253032136302,0.5325954891651054,3,6,49,True,False
causal,dots,2.0,0.2,1.0,VisualCogA_Task-2,left,Q2_visual_only,candidate_target_600ms,2.0,2.6,20.772839403273785,1.2337804909416645,0.5699172524361747,3,6,49,True,False
causal,dots,2.0,0.2,1.0,VisualCogA_Task-2,right,Q2_visual_only,cue_stage,0.0,0.8,24.096423526601566,1.0372267742138503,-0.018618529032862388,3,6,41,True,False
causal,dots,2.0,0.2,1.0,VisualCogA_Task-2,right,Q2_visual_only,late_stage,0.8,2.8,37.39982670608836,1.0006457710344907,0.255756169672194,3,6,41,True,False
causal,dots,2.0,0.2,1.0,VisualCogA_Task-2,right,Q2_visual_only,candidate_target_600ms,2.0,2.6,27.648361271066808,1.3571187793513786,0.08116161131454176,3,6,41,True,False
causal,dots,2.0,0.2,1.0,VisualCogA_Task-2,left,Q2_plus_memory,cue_stage,0.0,0.8,16.031717031478856,0.9282632422374447,0.561708898213384,3,6,49,True,False
causal,dots,2.0,0.2,1.0,VisualCogA_Task-2,left,Q2_plus_memory,late_stage,0.8,2.8,31.635149002821212,0.9465796970448415,0.5543178780385568,3,6,49,True,False
causal,dots,2.0,0.2,1.0,VisualCogA_Task-2,left,Q2_plus_memory,candidate_target_600ms,2.0,2.6,19.784148684163082,1.1750582673143242,0.7192787879199644,3,6,49,True,False
causal,dots,2.0,0.2,1.0,VisualCogA_Task-2,right,Q2_plus_memory,cue_stage,0.0,0.8,24.420967594662404,1.0511967227596735,-0.061402035038877964,3,6,41,True,False
causal,dots,2.0,0.2,1.0,VisualCogA_Task-2,right,Q2_plus_memory,late_stage,0.8,2.8,37.17295233710292,0.9945756659597942,0.2949898355212284,3,6,41,True,False
causal,dots,2.0,0.2,1.0,VisualCogA_Task-2,right,Q2_plus_memory,candidate_target_600ms,2.0,2.6,27.157148087240905,1.333007598587377,0.12957818148769384,3,6,41,True,False
causal,dots,2.0,0.2,1.0,VisualCogA_Task-2,left,Q2_plus_memory_control,cue_stage,0.0,0.8,16.264429053127923,0.9417376576914747,0.5318854580234176,3,6,49,True,False
causal,dots,2.0,0.2,1.0,VisualCogA_Task-2,left,Q2_plus_memory_control,late_stage,0.8,2.8,30.884941644652443,0.9241321639621658,0.609791116750571,3,6,49,True,False
causal,dots,2.0,0.2,1.0,VisualCogA_Task-2,left,Q2_plus_memory_control,candidate_target_600ms,2.0,2.6,17.99369795735101,1.068716368941735,0.813416071624249,3,6,49,True,False
causal,dots,2.0,0.2,1.0,VisualCogA_Task-2,right,Q2_plus_memory_control,cue_stage,0.0,0.8,24.820563835372425,1.0683972803147013,-0.07052675456709874,3,6,41,True,False
causal,dots,2.0,0.2,1.0,VisualCogA_Task-2,right,Q2_plus_memory_control,late_stage,0.8,2.8,36.543454939458286,0.9777332374164615,0.3625182854341359,3,6,41,True,False
causal,dots,2.0,0.2,1.0,VisualCogA_Task-2,right,Q2_plus_memory_control,candidate_target_600ms,2.0,2.6,25.840644349380817,1.2683870618322426,0.22268093962928662,3,6,41,True,False
causal,dots,2.0,0.2,1.0,VisualCogB_Task-1,left,Training_mean_template,cue_stage,0.0,0.8,18.501979494376,1.7327873487562542,0.7417189870664094,3,6,43,True,False
causal,dots,2.0,0.2,1.0,VisualCogB_Task-1,left,Training_mean_template,late_stage,0.8,2.8,30.92125778338932,3.64321298968191,0.5949236856159958,3,6,43,True,False
causal,dots,2.0,0.2,1.0,VisualCogB_Task-1,left,Training_mean_template,candidate_target_600ms,2.0,2.6,35.26467663551225,7.328384067583775,-0.2456589870478381,3,6,43,True,False
causal,dots,2.0,0.2,1.0,VisualCogB_Task-1,right,Training_mean_template,cue_stage,0.0,0.8,26.402931770541624,1.3161968137069837,-0.36016739175351004,3,6,45,True,False
causal,dots,2.0,0.2,1.0,VisualCogB_Task-1,right,Training_mean_template,late_stage,0.8,2.8,25.8616667930673,1.7716783826623652,0.13143696731942994,3,6,45,True,False
causal,dots,2.0,0.2,1.0,VisualCogB_Task-1,right,Training_mean_template,candidate_target_600ms,2.0,2.6,25.642288754631668,1.5491095465679567,-0.6982790601611161,3,6,45,True,False
causal,dots,2.0,0.2,1.0,VisualCogB_Task-1,left,Q2_visual_only,cue_stage,0.0,0.8,20.94143762680995,1.961252751119661,0.42645016117095286,3,6,43,True,False
causal,dots,2.0,0.2,1.0,VisualCogB_Task-1,left,Q2_visual_only,late_stage,0.8,2.8,18.910035821981246,2.2280234725445514,0.5304965818914342,3,6,43,True,False
causal,dots,2.0,0.2,1.0,VisualCogB_Task-1,left,Q2_visual_only,candidate_target_600ms,2.0,2.6,23.499913268973756,4.883538044880933,-0.559441247868747,3,6,43,True,False
causal,dots,2.0,0.2,1.0,VisualCogB_Task-1,right,Q2_visual_only,cue_stage,0.0,0.8,29.0011227812349,1.4457176850782492,-0.788247633629797,3,6,45,True,False
causal,dots,2.0,0.2,1.0,VisualCogB_Task-1,right,Q2_visual_only,late_stage,0.8,2.8,21.64977309684747,1.4831385498908394,-0.5162139360990778,3,6,45,True,False
causal,dots,2.0,0.2,1.0,VisualCogB_Task-1,right,Q2_visual_only,candidate_target_600ms,2.0,2.6,25.50986723277249,1.541109658350254,-0.8219721249181924,3,6,45,True,False
causal,dots,2.0,0.2,1.0,VisualCogB_Task-1,left,Q2_plus_memory,cue_stage,0.0,0.8,22.171191692030963,2.076424335162561,0.3376048125046251,3,6,43,True,False
causal,dots,2.0,0.2,1.0,VisualCogB_Task-1,left,Q2_plus_memory,late_stage,0.8,2.8,18.955134594210662,2.2333371125638517,0.5012837164308281,3,6,43,True,False
causal,dots,2.0,0.2,1.0,VisualCogB_Task-1,left,Q2_plus_memory,candidate_target_600ms,2.0,2.6,24.20899054965686,5.030892030291104,-0.47721124173204393,3,6,43,True,False
causal,dots,2.0,0.2,1.0,VisualCogB_Task-1,right,Q2_plus_memory,cue_stage,0.0,0.8,29.479020336795134,1.469541071260254,-0.7566018174986675,3,6,45,True,False
causal,dots,2.0,0.2,1.0,VisualCogB_Task-1,right,Q2_plus_memory,late_stage,0.8,2.8,21.864979992654792,1.4978815054842474,-0.4956352122777869,3,6,45,True,False
causal,dots,2.0,0.2,1.0,VisualCogB_Task-1,right,Q2_plus_memory,candidate_target_600ms,2.0,2.6,25.98050228932451,1.569541802845257,-0.8659136536160111,3,6,45,True,False
causal,dots,2.0,0.2,1.0,VisualCogB_Task-1,left,Q2_plus_memory_control,cue_stage,0.0,0.8,21.9597492311357,2.056621869089103,0.3567133781742212,3,6,43,True,False
causal,dots,2.0,0.2,1.0,VisualCogB_Task-1,left,Q2_plus_memory_control,late_stage,0.8,2.8,20.03274527916159,2.3603036568336724,0.5024893121126139,3,6,43,True,False
causal,dots,2.0,0.2,1.0,VisualCogB_Task-1,left,Q2_plus_memory_control,candidate_target_600ms,2.0,2.6,26.618879728923794,5.5316932611805365,-0.32212519726078753,3,6,43,True,False
causal,dots,2.0,0.2,1.0,VisualCogB_Task-1,right,Q2_plus_memory_control,cue_stage,0.0,0.8,30.484614033283616,1.5196703232200188,-0.7288914378168575,3,6,45,True,False
causal,dots,2.0,0.2,1.0,VisualCogB_Task-1,right,Q2_plus_memory_control,late_stage,0.8,2.8,22.043785835101893,1.5101307718711372,-0.4189152183199331,3,6,45,True,False
causal,dots,2.0,0.2,1.0,VisualCogB_Task-1,right,Q2_plus_memory_control,candidate_target_600ms,2.0,2.6,26.918475671394084,1.6262069287431222,-0.7696966022382001,3,6,45,True,False
causal,dots,2.0,0.2,1.0,VisualCogB_Task-2,left,Training_mean_template,cue_stage,0.0,0.8,26.4278692037496,0.9248201873744891,0.789906236108502,3,6,44,True,False
causal,dots,2.0,0.2,1.0,VisualCogB_Task-2,left,Training_mean_template,late_stage,0.8,2.8,39.47626028962619,1.005723497199289,0.8762536900741064,3,6,44,True,False
causal,dots,2.0,0.2,1.0,VisualCogB_Task-2,left,Training_mean_template,candidate_target_600ms,2.0,2.6,47.7762798969263,1.7453024701948108,0.6123466423075358,3,6,44,True,False
causal,dots,2.0,0.2,1.0,VisualCogB_Task-2,right,Training_mean_template,cue_stage,0.0,0.8,25.656803416207826,1.3503155298984768,-0.3645966707592247,3,6,47,True,False
causal,dots,2.0,0.2,1.0,VisualCogB_Task-2,right,Training_mean_template,late_stage,0.8,2.8,28.28070208588447,0.837867425273061,0.6846402253473619,3,6,47,True,False
causal,dots,2.0,0.2,1.0,VisualCogB_Task-2,right,Training_mean_template,candidate_target_600ms,2.0,2.6,26.579094745194563,1.5706087772841744,-0.2959889657111371,3,6,47,True,False
causal,dots,2.0,0.2,1.0,VisualCogB_Task-2,left,Q2_visual_only,cue_stage,0.0,0.8,29.234489369877053,1.023035407372579,0.4154504895224021,3,6,44,True,False
causal,dots,2.0,0.2,1.0,VisualCogB_Task-2,left,Q2_visual_only,late_stage,0.8,2.8,46.44913560564251,1.1833691124857346,0.5593655905813245,3,6,44,True,False
causal,dots,2.0,0.2,1.0,VisualCogB_Task-2,left,Q2_visual_only,candidate_target_600ms,2.0,2.6,49.17890365966112,1.7965413427720898,0.3572146552391932,3,6,44,True,False
causal,dots,2.0,0.2,1.0,VisualCogB_Task-2,right,Q2_visual_only,cue_stage,0.0,0.8,20.033014478783205,1.0543359639374836,0.1334933552616428,3,6,47,True,False
causal,dots,2.0,0.2,1.0,VisualCogB_Task-2,right,Q2_visual_only,late_stage,0.8,2.8,35.66180570776691,1.0565460941603892,0.40852191127993503,3,6,47,True,False
causal,dots,2.0,0.2,1.0,VisualCogB_Task-2,right,Q2_visual_only,candidate_target_600ms,2.0,2.6,29.555647182511837,1.746498867933042,0.13690768067090325,3,6,47,True,False
causal,dots,2.0,0.2,1.0,VisualCogB_Task-2,left,Q2_plus_memory,cue_stage,0.0,0.8,29.055174665839107,1.016760446008541,0.42250169512216007,3,6,44,True,False
causal,dots,2.0,0.2,1.0,VisualCogB_Task-2,left,Q2_plus_memory,late_stage,0.8,2.8,46.317056457950855,1.1800041761582056,0.5839337620226479,3,6,44,True,False
causal,dots,2.0,0.2,1.0,VisualCogB_Task-2,left,Q2_plus_memory,candidate_target_600ms,2.0,2.6,48.67995120105191,1.7783142442956248,0.42674603647428844,3,6,44,True,False
causal,dots,2.0,0.2,1.0,VisualCogB_Task-2,right,Q2_plus_memory,cue_stage,0.0,0.8,20.345183909380378,1.0707654163231475,0.03095749264282549,3,6,47,True,False
causal,dots,2.0,0.2,1.0,VisualCogB_Task-2,right,Q2_plus_memory,late_stage,0.8,2.8,35.44762769165059,1.0502006794543293,0.4533409467666052,3,6,47,True,False
causal,dots,2.0,0.2,1.0,VisualCogB_Task-2,right,Q2_plus_memory,candidate_target_600ms,2.0,2.6,28.81497002133143,1.7027308592165602,0.3118247891289506,3,6,47,True,False
causal,dots,2.0,0.2,1.0,VisualCogB_Task-2,left,Q2_plus_memory_control,cue_stage,0.0,0.8,29.456340171748188,1.0307988823078391,0.33256235750060104,3,6,44,True,False
causal,dots,2.0,0.2,1.0,VisualCogB_Task-2,left,Q2_plus_memory_control,late_stage,0.8,2.8,45.72737467685755,1.1649810503918647,0.5997540062784501,3,6,44,True,False
causal,dots,2.0,0.2,1.0,VisualCogB_Task-2,left,Q2_plus_memory_control,candidate_target_600ms,2.0,2.6,47.789293565596374,1.7457778690355155,0.35877998154064367,3,6,44,True,False
causal,dots,2.0,0.2,1.0,VisualCogB_Task-2,right,Q2_plus_memory_control,cue_stage,0.0,0.8,20.487547418163235,1.0782579965047805,0.06886285899517745,3,6,47,True,False
causal,dots,2.0,0.2,1.0,VisualCogB_Task-2,right,Q2_plus_memory_control,late_stage,0.8,2.8,34.84785233012685,1.0324312394886594,0.5042388596082664,3,6,47,True,False
causal,dots,2.0,0.2,1.0,VisualCogB_Task-2,right,Q2_plus_memory_control,candidate_target_600ms,2.0,2.6,27.580977897980965,1.6298119400955775,0.4212549541958128,3,6,47,True,False
causal,inward,2.0,0.2,-1.0,VisualCogA_Task-1,left,Training_mean_template,cue_stage,0.0,0.8,21.08297624331433,4.731957807756377,-0.10334538273310898,3,6,45,True,False
causal,inward,2.0,0.2,-1.0,VisualCogA_Task-1,left,Training_mean_template,late_stage,0.8,2.8,24.49688739931746,4.312586241327728,0.5211216432194095,3,6,45,True,False
causal,inward,2.0,0.2,-1.0,VisualCogA_Task-1,left,Training_mean_template,candidate_target_600ms,2.0,2.6,22.625276366494518,10.735448356926295,0.7094254355961431,3,6,45,True,False
causal,inward,2.0,0.2,-1.0,VisualCogA_Task-1,right,Training_mean_template,cue_stage,0.0,0.8,21.588969073992708,3.3231685790306935,-0.16016885027459948,3,6,41,True,False
causal,inward,2.0,0.2,-1.0,VisualCogA_Task-1,right,Training_mean_template,late_stage,0.8,2.8,27.87665206779353,4.14508064387879,0.5559043453806836,3,6,41,True,False
causal,inward,2.0,0.2,-1.0,VisualCogA_Task-1,right,Training_mean_template,candidate_target_600ms,2.0,2.6,24.49367317894044,8.209735917883444,0.16092934487311406,3,6,41,True,False
causal,inward,2.0,0.2,-1.0,VisualCogA_Task-1,left,Q2_visual_only,cue_stage,0.0,0.8,19.199868546116367,4.309304664871593,-0.4204644758416226,3,6,45,True,False
causal,inward,2.0,0.2,-1.0,VisualCogA_Task-1,left,Q2_visual_only,late_stage,0.8,2.8,11.195847430829593,1.97098744845214,0.5039472707795896,3,6,45,True,False
causal,inward,2.0,0.2,-1.0,VisualCogA_Task-1,left,Q2_visual_only,candidate_target_600ms,2.0,2.6,14.016250450737312,6.650558889723243,0.4170547923078705,3,6,45,True,False
causal,inward,2.0,0.2,-1.0,VisualCogA_Task-1,right,Q2_visual_only,cue_stage,0.0,0.8,24.68943043088317,3.800419517989574,-0.8010155394952976,3,6,41,True,False
causal,inward,2.0,0.2,-1.0,VisualCogA_Task-1,right,Q2_visual_only,late_stage,0.8,2.8,19.998226648206085,2.9736089538223105,-0.24075057982055373,3,6,41,True,False
causal,inward,2.0,0.2,-1.0,VisualCogA_Task-1,right,Q2_visual_only,candidate_target_600ms,2.0,2.6,17.631975958984217,5.9098472195745995,-0.46112908826960564,3,6,41,True,False
causal,inward,2.0,0.2,-1.0,VisualCogA_Task-1,left,Q2_plus_memory,cue_stage,0.0,0.8,19.45412708288087,4.366371591967004,-0.5225468976822215,3,6,45,True,False
causal,inward,2.0,0.2,-1.0,VisualCogA_Task-1,left,Q2_plus_memory,late_stage,0.8,2.8,11.142502692825508,1.9615963050218093,0.5466510900078864,3,6,45,True,False
causal,inward,2.0,0.2,-1.0,VisualCogA_Task-1,left,Q2_plus_memory,candidate_target_600ms,2.0,2.6,13.294861680993572,6.308267739003018,0.4629840242599945,3,6,45,True,False
causal,inward,2.0,0.2,-1.0,VisualCogA_Task-1,right,Q2_plus_memory,cue_stage,0.0,0.8,24.25049702341689,3.732854934290393,-0.7462594363183093,3,6,41,True,False
causal,inward,2.0,0.2,-1.0,VisualCogA_Task-1,right,Q2_plus_memory,late_stage,0.8,2.8,20.152085320456063,2.996486758613406,-0.23958326453994686,3,6,41,True,False
causal,inward,2.0,0.2,-1.0,VisualCogA_Task-1,right,Q2_plus_memory,candidate_target_600ms,2.0,2.6,16.993252131685185,5.695761161175919,-0.4763652097533429,3,6,41,True,False
causal,inward,2.0,0.2,-1.0,VisualCogA_Task-1,left,Q2_plus_memory_control,cue_stage,0.0,0.8,20.892048852502533,4.6891052072867,-0.4829940236984024,3,6,45,True,False
causal,inward,2.0,0.2,-1.0,VisualCogA_Task-1,left,Q2_plus_memory_control,late_stage,0.8,2.8,13.442330509209098,2.3664724689476397,0.3615070345559635,3,6,45,True,False
causal,inward,2.0,0.2,-1.0,VisualCogA_Task-1,left,Q2_plus_memory_control,candidate_target_600ms,2.0,2.6,17.818457480252743,8.454664905778476,0.47666375222862,3,6,45,True,False
causal,inward,2.0,0.2,-1.0,VisualCogA_Task-1,right,Q2_plus_memory_control,cue_stage,0.0,0.8,26.07593407144285,4.013842647052747,-0.7943834394532095,3,6,41,True,False
causal,inward,2.0,0.2,-1.0,VisualCogA_Task-1,right,Q2_plus_memory_control,late_stage,0.8,2.8,21.1952677892852,3.151601348739278,-0.1714052996659544,3,6,41,True,False
causal,inward,2.0,0.2,-1.0,VisualCogA_Task-1,right,Q2_plus_memory_control,candidate_target_600ms,2.0,2.6,21.37111852870929,7.163124865295471,-0.388326166708589,3,6,41,True,False
causal,inward,2.0,0.2,-1.0,VisualCogA_Task-2,left,Training_mean_template,cue_stage,0.0,0.8,14.713195942736856,0.8519186648979836,0.8705575703100655,3,6,49,True,False
causal,inward,2.0,0.2,-1.0,VisualCogA_Task-2,left,Training_mean_template,late_stage,0.8,2.8,22.78064222039507,0.6816371691356803,0.819328530733084,3,6,49,True,False
causal,inward,2.0,0.2,-1.0,VisualCogA_Task-2,left,Training_mean_template,candidate_target_600ms,2.0,2.6,13.993029700172146,0.8311009736357389,0.8287301305745208,3,6,49,True,False
causal,inward,2.0,0.2,-1.0,VisualCogA_Task-2,right,Training_mean_template,cue_stage,0.0,0.8,24.53165598018877,1.0559612869671255,-0.04108536717954614,3,6,41,True,False
causal,inward,2.0,0.2,-1.0,VisualCogA_Task-2,right,Training_mean_template,late_stage,0.8,2.8,29.668513338841645,0.7937917102851009,0.7276545483506327,3,6,41,True,False
causal,inward,2.0,0.2,-1.0,VisualCogA_Task-2,right,Training_mean_template,candidate_target_600ms,2.0,2.6,25.186811272152838,1.2362936896801737,-0.19305464485789733,3,6,41,True,False
causal,inward,2.0,0.2,-1.0,VisualCogA_Task-2,left,Q2_visual_only,cue_stage,0.0,0.8,16.123438084355914,0.9335740446772528,0.5737677579045902,3,6,49,True,False
causal,inward,2.0,0.2,-1.0,VisualCogA_Task-2,left,Q2_visual_only,late_stage,0.8,2.8,31.77512472103843,0.9507680184885582,0.5344160493953677,3,6,49,True,False
causal,inward,2.0,0.2,-1.0,VisualCogA_Task-2,left,Q2_visual_only,candidate_target_600ms,2.0,2.6,21.081058115535317,1.252086810397998,0.5392019897062055,3,6,49,True,False
causal,inward,2.0,0.2,-1.0,VisualCogA_Task-2,right,Q2_visual_only,cue_stage,0.0,0.8,24.09510658356733,1.0371700866073383,-0.01795650688967383,3,6,41,True,False
causal,inward,2.0,0.2,-1.0,VisualCogA_Task-2,right,Q2_visual_only,late_stage,0.8,2.8,37.39118084981306,1.0004144480503807,0.25454662740434975,3,6,41,True,False
causal,inward,2.0,0.2,-1.0,VisualCogA_Task-2,right,Q2_visual_only,candidate_target_600ms,2.0,2.6,27.874652365502442,1.3682262692618186,0.06898554597696023,3,6,41,True,False
causal,inward,2.0,0.2,-1.0,VisualCogA_Task-2,left,Q2_plus_memory,cue_stage,0.0,0.8,16.325333021053567,0.945264099345901,0.5654694220362951,3,6,49,True,False
causal,inward,2.0,0.2,-1.0,VisualCogA_Task-2,left,Q2_plus_memory,late_stage,0.8,2.8,31.530773844429632,0.9434566074143643,0.5699039766751778,3,6,49,True,False
causal,inward,2.0,0.2,-1.0,VisualCogA_Task-2,left,Q2_plus_memory,candidate_target_600ms,2.0,2.6,20.80581023966038,1.2357387583654913,0.6696565260540364,3,6,49,True,False
causal,inward,2.0,0.2,-1.0,VisualCogA_Task-2,right,Q2_plus_memory,cue_stage,0.0,0.8,24.399608825707432,1.050277337897439,-0.04379960848219217,3,6,41,True,False
causal,inward,2.0,0.2,-1.0,VisualCogA_Task-2,right,Q2_plus_memory,late_stage,0.8,2.8,37.24031317082725,0.9963779292143625,0.27403847598113457,3,6,41,True,False
causal,inward,2.0,0.2,-1.0,VisualCogA_Task-2,right,Q2_plus_memory,candidate_target_600ms,2.0,2.6,27.740262917612856,1.3616297682363319,0.15765136890724016,3,6,41,True,False
causal,inward,2.0,0.2,-1.0,VisualCogA_Task-2,left,Q2_plus_memory_control,cue_stage,0.0,0.8,16.53183269977743,0.9572207762830514,0.503565201486243,3,6,49,True,False
causal,inward,2.0,0.2,-1.0,VisualCogA_Task-2,left,Q2_plus_memory_control,late_stage,0.8,2.8,30.723481295970412,0.9193009843168112,0.6247068847251221,3,6,49,True,False
causal,inward,2.0,0.2,-1.0,VisualCogA_Task-2,left,Q2_plus_memory_control,candidate_target_600ms,2.0,2.6,18.018576699881258,1.0701940151400753,0.8283310664624955,3,6,49,True,False
causal,inward,2.0,0.2,-1.0,VisualCogA_Task-2,right,Q2_plus_memory_control,cue_stage,0.0,0.8,24.650163801563025,1.0610624375651565,-0.0489171678588095,3,6,41,True,False
causal,inward,2.0,0.2,-1.0,VisualCogA_Task-2,right,Q2_plus_memory_control,late_stage,0.8,2.8,36.51993540996714,0.9771039639733787,0.36277540852197293,3,6,41,True,False
causal,inward,2.0,0.2,-1.0,VisualCogA_Task-2,right,Q2_plus_memory_control,candidate_target_600ms,2.0,2.6,26.022379075179856,1.277307504053903,0.22187090794261055,3,6,41,True,False
causal,inward,2.0,0.2,-1.0,VisualCogB_Task-1,left,Training_mean_template,cue_stage,0.0,0.8,18.501979494376,1.7327873487562542,0.7417189870664094,3,6,43,True,False
causal,inward,2.0,0.2,-1.0,VisualCogB_Task-1,left,Training_mean_template,late_stage,0.8,2.8,30.92125778338932,3.64321298968191,0.5949236856159958,3,6,43,True,False
causal,inward,2.0,0.2,-1.0,VisualCogB_Task-1,left,Training_mean_template,candidate_target_600ms,2.0,2.6,35.26467663551225,7.328384067583775,-0.2456589870478381,3,6,43,True,False
causal,inward,2.0,0.2,-1.0,VisualCogB_Task-1,right,Training_mean_template,cue_stage,0.0,0.8,26.402931770541624,1.3161968137069837,-0.36016739175351004,3,6,45,True,False
causal,inward,2.0,0.2,-1.0,VisualCogB_Task-1,right,Training_mean_template,late_stage,0.8,2.8,25.8616667930673,1.7716783826623652,0.13143696731942994,3,6,45,True,False
causal,inward,2.0,0.2,-1.0,VisualCogB_Task-1,right,Training_mean_template,candidate_target_600ms,2.0,2.6,25.642288754631668,1.5491095465679567,-0.6982790601611161,3,6,45,True,False
causal,inward,2.0,0.2,-1.0,VisualCogB_Task-1,left,Q2_visual_only,cue_stage,0.0,0.8,20.890368638625226,1.9564699279267603,0.4258318342537712,3,6,43,True,False
causal,inward,2.0,0.2,-1.0,VisualCogB_Task-1,left,Q2_visual_only,late_stage,0.8,2.8,18.999206143135,2.2385297227946945,0.5308543222091158,3,6,43,True,False
causal,inward,2.0,0.2,-1.0,VisualCogB_Task-1,left,Q2_visual_only,candidate_target_600ms,2.0,2.6,23.211157957309762,4.823531544685277,-0.5687031145319644,3,6,43,True,False
causal,inward,2.0,0.2,-1.0,VisualCogB_Task-1,right,Q2_visual_only,cue_stage,0.0,0.8,28.995887325709795,1.4454566955055632,-0.7877803270785476,3,6,45,True,False
causal,inward,2.0,0.2,-1.0,VisualCogB_Task-1,right,Q2_visual_only,late_stage,0.8,2.8,21.677490103144784,1.4850373300925175,-0.5107603003821172,3,6,45,True,False
causal,inward,2.0,0.2,-1.0,VisualCogB_Task-1,right,Q2_visual_only,candidate_target_600ms,2.0,2.6,25.50434505112567,1.5407760506762733,-0.8108356999478981,3,6,45,True,False
causal,inward,2.0,0.2,-1.0,VisualCogB_Task-1,left,Q2_plus_memory,cue_stage,0.0,0.8,20.100414812843084,1.8824874658970636,0.4705903425870283,3,6,43,True,False
causal,inward,2.0,0.2,-1.0,VisualCogB_Task-1,left,Q2_plus_memory,late_stage,0.8,2.8,19.25550722259341,2.2687276994906482,0.537550049698619,3,6,43,True,False
causal,inward,2.0,0.2,-1.0,VisualCogB_Task-1,left,Q2_plus_memory,candidate_target_600ms,2.0,2.6,22.630311483443652,4.702825318202938,-0.5447819542468144,3,6,43,True,False
causal,inward,2.0,0.2,-1.0,VisualCogB_Task-1,right,Q2_plus_memory,cue_stage,0.0,0.8,29.819341384792892,1.4865062129689424,-0.7808957585647434,3,6,45,True,False
causal,inward,2.0,0.2,-1.0,VisualCogB_Task-1,right,Q2_plus_memory,late_stage,0.8,2.8,21.543817143681625,1.4758799353073186,-0.5169124377094152,3,6,45,True,False
causal,inward,2.0,0.2,-1.0,VisualCogB_Task-1,right,Q2_plus_memory,candidate_target_600ms,2.0,2.6,25.605197194789366,1.5468687602637923,-0.8323927946050445,3,6,45,True,False
causal,inward,2.0,0.2,-1.0,VisualCogB_Task-1,left,Q2_plus_memory_control,cue_stage,0.0,0.8,21.78943114844597,2.0406708721139473,0.3545193860470791,3,6,43,True,False
causal,inward,2.0,0.2,-1.0,VisualCogB_Task-1,left,Q2_plus_memory_control,late_stage,0.8,2.8,20.21035205601195,2.381229691635024,0.500679390905255,3,6,43,True,False
causal,inward,2.0,0.2,-1.0,VisualCogB_Task-1,left,Q2_plus_memory_control,candidate_target_600ms,2.0,2.6,26.762847855975405,5.561611406735357,-0.35912026689834925,3,6,43,True,False
causal,inward,2.0,0.2,-1.0,VisualCogB_Task-1,right,Q2_plus_memory_control,cue_stage,0.0,0.8,30.46689449144716,1.518786996902011,-0.7208051269189844,3,6,45,True,False
causal,inward,2.0,0.2,-1.0,VisualCogB_Task-1,right,Q2_plus_memory_control,late_stage,0.8,2.8,22.159923465296615,1.5180868920422,-0.41525420562687476,3,6,45,True,False
causal,inward,2.0,0.2,-1.0,VisualCogB_Task-1,right,Q2_plus_memory_control,candidate_target_600ms,2.0,2.6,27.41232606702631,1.6560415651818081,-0.763257392808595,3,6,45,True,False
causal,inward,2.0,0.2,-1.0,VisualCogB_Task-2,left,Training_mean_template,cue_stage,0.0,0.8,26.4278692037496,0.9248201873744891,0.789906236108502,3,6,44,True,False
causal,inward,2.0,0.2,-1.0,VisualCogB_Task-2,left,Training_mean_template,late_stage,0.8,2.8,39.47626028962619,1.005723497199289,0.8762536900741064,3,6,44,True,False
causal,inward,2.0,0.2,-1.0,VisualCogB_Task-2,left,Training_mean_template,candidate_target_600ms,2.0,2.6,47.7762798969263,1.7453024701948108,0.6123466423075358,3,6,44,True,False
causal,inward,2.0,0.2,-1.0,VisualCogB_Task-2,right,Training_mean_template,cue_stage,0.0,0.8,25.656803416207826,1.3503155298984768,-0.3645966707592247,3,6,47,True,False
causal,inward,2.0,0.2,-1.0,VisualCogB_Task-2,right,Training_mean_template,late_stage,0.8,2.8,28.28070208588447,0.837867425273061,0.6846402253473619,3,6,47,True,False
causal,inward,2.0,0.2,-1.0,VisualCogB_Task-2,right,Training_mean_template,candidate_target_600ms,2.0,2.6,26.579094745194563,1.5706087772841744,-0.2959889657111371,3,6,47,True,False
causal,inward,2.0,0.2,-1.0,VisualCogB_Task-2,left,Q2_visual_only,cue_stage,0.0,0.8,29.246296824401927,1.0234485989250994,0.4143063269055282,3,6,44,True,False
causal,inward,2.0,0.2,-1.0,VisualCogB_Task-2,left,Q2_visual_only,late_stage,0.8,2.8,46.43887617150472,1.1831077363091504,0.5442226961323607,3,6,44,True,False
causal,inward,2.0,0.2,-1.0,VisualCogB_Task-2,left,Q2_visual_only,candidate_target_600ms,2.0,2.6,49.425524203324514,1.805550571723886,0.3322705356959769,3,6,44,True,False
causal,inward,2.0,0.2,-1.0,VisualCogB_Task-2,right,Q2_visual_only,cue_stage,0.0,0.8,20.05234502716681,1.0553533291665187,0.13237760531560516,3,6,47,True,False
causal,inward,2.0,0.2,-1.0,VisualCogB_Task-2,right,Q2_visual_only,late_stage,0.8,2.8,35.63125234427424,1.0556408949922322,0.4053865997446763,3,6,47,True,False
causal,inward,2.0,0.2,-1.0,VisualCogB_Task-2,right,Q2_visual_only,candidate_target_600ms,2.0,2.6,29.84513344437545,1.7636051564708928,0.10060504508871448,3,6,47,True,False
causal,inward,2.0,0.2,-1.0,VisualCogB_Task-2,left,Q2_plus_memory,cue_stage,0.0,0.8,30.085603992904396,1.0528194198132654,0.2559811513980576,3,6,44,True,False
causal,inward,2.0,0.2,-1.0,VisualCogB_Task-2,left,Q2_plus_memory,late_stage,0.8,2.8,46.250295253031965,1.1783033232406381,0.5645054270527103,3,6,44,True,False
causal,inward,2.0,0.2,-1.0,VisualCogB_Task-2,left,Q2_plus_memory,candidate_target_600ms,2.0,2.6,49.71550112707457,1.8161436409710592,0.3823189232074336,3,6,44,True,False
causal,inward,2.0,0.2,-1.0,VisualCogB_Task-2,right,Q2_plus_memory,cue_stage,0.0,0.8,20.340536395101278,1.0705208180150618,0.13984087581315263,3,6,47,True,False
causal,inward,2.0,0.2,-1.0,VisualCogB_Task-2,right,Q2_plus_memory,late_stage,0.8,2.8,35.39406089071135,1.0486136651911482,0.451246732754342,3,6,47,True,False
causal,inward,2.0,0.2,-1.0,VisualCogB_Task-2,right,Q2_plus_memory,candidate_target_600ms,2.0,2.6,29.844839780927316,1.7635878033445496,0.27006868606822,3,6,47,True,False
causal,inward,2.0,0.2,-1.0,VisualCogB_Task-2,left,Q2_plus_memory_control,cue_stage,0.0,0.8,29.87483656657015,1.0454437979191167,0.2673350286596813,3,6,44,True,False
causal,inward,2.0,0.2,-1.0,VisualCogB_Task-2,left,Q2_plus_memory_control,late_stage,0.8,2.8,45.626647986634964,1.1624148701506583,0.6058033261485973,3,6,44,True,False
causal,inward,2.0,0.2,-1.0,VisualCogB_Task-2,left,Q2_plus_memory_control,candidate_target_600ms,2.0,2.6,48.13135416787728,1.7582735931773943,0.3305950171774259,3,6,44,True,False
causal,inward,2.0,0.2,-1.0,VisualCogB_Task-2,right,Q2_plus_memory_control,cue_stage,0.0,0.8,20.660273792308086,1.0873485718834541,0.0658480625373524,3,6,47,True,False
causal,inward,2.0,0.2,-1.0,VisualCogB_Task-2,right,Q2_plus_memory_control,late_stage,0.8,2.8,34.72620028489799,1.0288270755748514,0.5198263593481902,3,6,47,True,False
causal,inward,2.0,0.2,-1.0,VisualCogB_Task-2,right,Q2_plus_memory_control,candidate_target_600ms,2.0,2.6,27.8532498215724,1.6459010009571433,0.4169892919086093,3,6,47,True,False
causal,inward,2.0,0.2,1.0,VisualCogA_Task-1,left,Training_mean_template,cue_stage,0.0,0.8,21.08297624331433,4.731957807756377,-0.10334538273310898,3,6,45,True,False
causal,inward,2.0,0.2,1.0,VisualCogA_Task-1,left,Training_mean_template,late_stage,0.8,2.8,24.49688739931746,4.312586241327728,0.5211216432194095,3,6,45,True,False
causal,inward,2.0,0.2,1.0,VisualCogA_Task-1,left,Training_mean_template,candidate_target_600ms,2.0,2.6,22.625276366494518,10.735448356926295,0.7094254355961431,3,6,45,True,False
causal,inward,2.0,0.2,1.0,VisualCogA_Task-1,right,Training_mean_template,cue_stage,0.0,0.8,21.588969073992708,3.3231685790306935,-0.16016885027459948,3,6,41,True,False
causal,inward,2.0,0.2,1.0,VisualCogA_Task-1,right,Training_mean_template,late_stage,0.8,2.8,27.87665206779353,4.14508064387879,0.5559043453806836,3,6,41,True,False
causal,inward,2.0,0.2,1.0,VisualCogA_Task-1,right,Training_mean_template,candidate_target_600ms,2.0,2.6,24.49367317894044,8.209735917883444,0.16092934487311406,3,6,41,True,False
causal,inward,2.0,0.2,1.0,VisualCogA_Task-1,left,Q2_visual_only,cue_stage,0.0,0.8,19.199868546116367,4.309304664871593,-0.4204644758416226,3,6,45,True,False
causal,inward,2.0,0.2,1.0,VisualCogA_Task-1,left,Q2_visual_only,late_stage,0.8,2.8,11.195847430829593,1.97098744845214,0.5039472707795896,3,6,45,True,False
causal,inward,2.0,0.2,1.0,VisualCogA_Task-1,left,Q2_visual_only,candidate_target_600ms,2.0,2.6,14.016250450737312,6.650558889723243,0.4170547923078705,3,6,45,True,False
causal,inward,2.0,0.2,1.0,VisualCogA_Task-1,right,Q2_visual_only,cue_stage,0.0,0.8,24.68943043088317,3.800419517989574,-0.8010155394952976,3,6,41,True,False
causal,inward,2.0,0.2,1.0,VisualCogA_Task-1,right,Q2_visual_only,late_stage,0.8,2.8,19.998226648206085,2.9736089538223105,-0.24075057982055373,3,6,41,True,False
causal,inward,2.0,0.2,1.0,VisualCogA_Task-1,right,Q2_visual_only,candidate_target_600ms,2.0,2.6,17.631975958984217,5.9098472195745995,-0.46112908826960564,3,6,41,True,False
causal,inward,2.0,0.2,1.0,VisualCogA_Task-1,left,Q2_plus_memory,cue_stage,0.0,0.8,19.470238547843483,4.36998772147094,-0.21947471596823007,3,6,45,True,False
causal,inward,2.0,0.2,1.0,VisualCogA_Task-1,left,Q2_plus_memory,late_stage,0.8,2.8,11.850329958972488,2.086206672023257,0.39809777465168,3,6,45,True,False
causal,inward,2.0,0.2,1.0,VisualCogA_Task-1,left,Q2_plus_memory,candidate_target_600ms,2.0,2.6,14.548618728279383,6.903161866051182,0.4628393758547972,3,6,45,True,False
causal,inward,2.0,0.2,1.0,VisualCogA_Task-1,right,Q2_plus_memory,cue_stage,0.0,0.8,25.682386497438625,3.95326425964563,-0.7968558825331526,3,6,41,True,False
causal,inward,2.0,0.2,1.0,VisualCogA_Task-1,right,Q2_plus_memory,late_stage,0.8,2.8,20.057202677684362,2.9823783138462017,-0.228781148104768,3,6,41,True,False
causal,inward,2.0,0.2,1.0,VisualCogA_Task-1,right,Q2_plus_memory,candidate_target_600ms,2.0,2.6,18.266655759155867,6.122577809786945,-0.5161301621497884,3,6,41,True,False
causal,inward,2.0,0.2,1.0,VisualCogA_Task-1,left,Q2_plus_memory_control,cue_stage,0.0,0.8,20.981747324062525,4.709237534807428,-0.4510551080628559,3,6,45,True,False
causal,inward,2.0,0.2,1.0,VisualCogA_Task-1,left,Q2_plus_memory_control,late_stage,0.8,2.8,13.424239593169029,2.363287630223615,0.3444693212878818,3,6,45,True,False
causal,inward,2.0,0.2,1.0,VisualCogA_Task-1,left,Q2_plus_memory_control,candidate_target_600ms,2.0,2.6,17.69155166833192,8.394449473798721,0.48369703918703255,3,6,45,True,False
causal,inward,2.0,0.2,1.0,VisualCogA_Task-1,right,Q2_plus_memory_control,cue_stage,0.0,0.8,26.346063390684364,4.055423385016736,-0.8055870079352122,3,6,41,True,False
causal,inward,2.0,0.2,1.0,VisualCogA_Task-1,right,Q2_plus_memory_control,late_stage,0.8,2.8,21.133472052430474,3.142412716184414,-0.17883361221035698,3,6,41,True,False
causal,inward,2.0,0.2,1.0,VisualCogA_Task-1,right,Q2_plus_memory_control,candidate_target_600ms,2.0,2.6,21.33320000624474,7.150415417694205,-0.4438900358717314,3,6,41,True,False
causal,inward,2.0,0.2,1.0,VisualCogA_Task-2,left,Training_mean_template,cue_stage,0.0,0.8,14.713195942736856,0.8519186648979836,0.8705575703100655,3,6,49,True,False
causal,inward,2.0,0.2,1.0,VisualCogA_Task-2,left,Training_mean_template,late_stage,0.8,2.8,22.78064222039507,0.6816371691356803,0.819328530733084,3,6,49,True,False
causal,inward,2.0,0.2,1.0,VisualCogA_Task-2,left,Training_mean_template,candidate_target_600ms,2.0,2.6,13.993029700172146,0.8311009736357389,0.8287301305745208,3,6,49,True,False
causal,inward,2.0,0.2,1.0,VisualCogA_Task-2,right,Training_mean_template,cue_stage,0.0,0.8,24.53165598018877,1.0559612869671255,-0.04108536717954614,3,6,41,True,False
causal,inward,2.0,0.2,1.0,VisualCogA_Task-2,right,Training_mean_template,late_stage,0.8,2.8,29.668513338841645,0.7937917102851009,0.7276545483506327,3,6,41,True,False
causal,inward,2.0,0.2,1.0,VisualCogA_Task-2,right,Training_mean_template,candidate_target_600ms,2.0,2.6,25.186811272152838,1.2362936896801737,-0.19305464485789733,3,6,41,True,False
causal,inward,2.0,0.2,1.0,VisualCogA_Task-2,left,Q2_visual_only,cue_stage,0.0,0.8,16.123438084355914,0.9335740446772528,0.5737677579045902,3,6,49,True,False
causal,inward,2.0,0.2,1.0,VisualCogA_Task-2,left,Q2_visual_only,late_stage,0.8,2.8,31.77512472103843,0.9507680184885582,0.5344160493953677,3,6,49,True,False
causal,inward,2.0,0.2,1.0,VisualCogA_Task-2,left,Q2_visual_only,candidate_target_600ms,2.0,2.6,21.081058115535317,1.252086810397998,0.5392019897062055,3,6,49,True,False
causal,inward,2.0,0.2,1.0,VisualCogA_Task-2,right,Q2_visual_only,cue_stage,0.0,0.8,24.09510658356733,1.0371700866073383,-0.01795650688967383,3,6,41,True,False
causal,inward,2.0,0.2,1.0,VisualCogA_Task-2,right,Q2_visual_only,late_stage,0.8,2.8,37.39118084981306,1.0004144480503807,0.25454662740434975,3,6,41,True,False
causal,inward,2.0,0.2,1.0,VisualCogA_Task-2,right,Q2_visual_only,candidate_target_600ms,2.0,2.6,27.874652365502442,1.3682262692618186,0.06898554597696023,3,6,41,True,False
causal,inward,2.0,0.2,1.0,VisualCogA_Task-2,left,Q2_plus_memory,cue_stage,0.0,0.8,16.039680368164635,0.9287243327567233,0.5638722000091182,3,6,49,True,False
causal,inward,2.0,0.2,1.0,VisualCogA_Task-2,left,Q2_plus_memory,late_stage,0.8,2.8,31.605733385572574,0.9456995296695868,0.5541480487906812,3,6,49,True,False
causal,inward,2.0,0.2,1.0,VisualCogA_Task-2,left,Q2_plus_memory,candidate_target_600ms,2.0,2.6,20.103185328202485,1.1940071062125484,0.6940453325549513,3,6,49,True,False
causal,inward,2.0,0.2,1.0,VisualCogA_Task-2,right,Q2_plus_memory,cue_stage,0.0,0.8,24.416085470759455,1.0509865725014171,-0.06139884168067472,3,6,41,True,False
causal,inward,2.0,0.2,1.0,VisualCogA_Task-2,right,Q2_plus_memory,late_stage,0.8,2.8,37.175535921100426,0.9946447906758399,0.29157499307038504,3,6,41,True,False
causal,inward,2.0,0.2,1.0,VisualCogA_Task-2,right,Q2_plus_memory,candidate_target_600ms,2.0,2.6,27.383269719485668,1.3441067704525136,0.11611584756720228,3,6,41,True,False
causal,inward,2.0,0.2,1.0,VisualCogA_Task-2,left,Q2_plus_memory_control,cue_stage,0.0,0.8,16.314433845891337,0.9446330188662532,0.5275532400184072,3,6,49,True,False
causal,inward,2.0,0.2,1.0,VisualCogA_Task-2,left,Q2_plus_memory_control,late_stage,0.8,2.8,30.816820584280546,0.9220938611653794,0.6158591896199648,3,6,49,True,False
causal,inward,2.0,0.2,1.0,VisualCogA_Task-2,left,Q2_plus_memory_control,candidate_target_600ms,2.0,2.6,18.15230919921915,1.0781369133392478,0.802203908274101,3,6,49,True,False
causal,inward,2.0,0.2,1.0,VisualCogA_Task-2,right,Q2_plus_memory_control,cue_stage,0.0,0.8,24.84391881879087,1.069402591915661,-0.0696726817439892,3,6,41,True,False
causal,inward,2.0,0.2,1.0,VisualCogA_Task-2,right,Q2_plus_memory_control,late_stage,0.8,2.8,36.50763271968558,0.976774801084488,0.36583506455849807,3,6,41,True,False
causal,inward,2.0,0.2,1.0,VisualCogA_Task-2,right,Q2_plus_memory_control,candidate_target_600ms,2.0,2.6,25.932514911395483,1.272896524934135,0.22087342097765592,3,6,41,True,False
causal,inward,2.0,0.2,1.0,VisualCogB_Task-1,left,Training_mean_template,cue_stage,0.0,0.8,18.501979494376,1.7327873487562542,0.7417189870664094,3,6,43,True,False
causal,inward,2.0,0.2,1.0,VisualCogB_Task-1,left,Training_mean_template,late_stage,0.8,2.8,30.92125778338932,3.64321298968191,0.5949236856159958,3,6,43,True,False
causal,inward,2.0,0.2,1.0,VisualCogB_Task-1,left,Training_mean_template,candidate_target_600ms,2.0,2.6,35.26467663551225,7.328384067583775,-0.2456589870478381,3,6,43,True,False
causal,inward,2.0,0.2,1.0,VisualCogB_Task-1,right,Training_mean_template,cue_stage,0.0,0.8,26.402931770541624,1.3161968137069837,-0.36016739175351004,3,6,45,True,False
causal,inward,2.0,0.2,1.0,VisualCogB_Task-1,right,Training_mean_template,late_stage,0.8,2.8,25.8616667930673,1.7716783826623652,0.13143696731942994,3,6,45,True,False
causal,inward,2.0,0.2,1.0,VisualCogB_Task-1,right,Training_mean_template,candidate_target_600ms,2.0,2.6,25.642288754631668,1.5491095465679567,-0.6982790601611161,3,6,45,True,False
causal,inward,2.0,0.2,1.0,VisualCogB_Task-1,left,Q2_visual_only,cue_stage,0.0,0.8,20.890368638625226,1.9564699279267603,0.4258318342537712,3,6,43,True,False
causal,inward,2.0,0.2,1.0,VisualCogB_Task-1,left,Q2_visual_only,late_stage,0.8,2.8,18.999206143135,2.2385297227946945,0.5308543222091158,3,6,43,True,False
causal,inward,2.0,0.2,1.0,VisualCogB_Task-1,left,Q2_visual_only,candidate_target_600ms,2.0,2.6,23.211157957309762,4.823531544685277,-0.5687031145319644,3,6,43,True,False
causal,inward,2.0,0.2,1.0,VisualCogB_Task-1,right,Q2_visual_only,cue_stage,0.0,0.8,28.995887325709795,1.4454566955055632,-0.7877803270785476,3,6,45,True,False
causal,inward,2.0,0.2,1.0,VisualCogB_Task-1,right,Q2_visual_only,late_stage,0.8,2.8,21.677490103144784,1.4850373300925175,-0.5107603003821172,3,6,45,True,False
causal,inward,2.0,0.2,1.0,VisualCogB_Task-1,right,Q2_visual_only,candidate_target_600ms,2.0,2.6,25.50434505112567,1.5407760506762733,-0.8108356999478981,3,6,45,True,False
causal,inward,2.0,0.2,1.0,VisualCogB_Task-1,left,Q2_plus_memory,cue_stage,0.0,0.8,22.073923236049417,2.0673147396185216,0.34113648403162583,3,6,43,True,False
causal,inward,2.0,0.2,1.0,VisualCogB_Task-1,left,Q2_plus_memory,late_stage,0.8,2.8,19.050866904168966,2.24461651127446,0.5013938354587781,3,6,43,True,False
causal,inward,2.0,0.2,1.0,VisualCogB_Task-1,left,Q2_plus_memory,candidate_target_600ms,2.0,2.6,23.824459499790805,4.950982288073537,-0.49644378187490834,3,6,43,True,False
causal,inward,2.0,0.2,1.0,VisualCogB_Task-1,right,Q2_plus_memory,cue_stage,0.0,0.8,29.455456581989978,1.4683664085651011,-0.7592162034000245,3,6,45,True,False
causal,inward,2.0,0.2,1.0,VisualCogB_Task-1,right,Q2_plus_memory,late_stage,0.8,2.8,21.892478194556563,1.499765296280149,-0.49213090076162996,3,6,45,True,False
causal,inward,2.0,0.2,1.0,VisualCogB_Task-1,right,Q2_plus_memory,candidate_target_600ms,2.0,2.6,25.887811679540444,1.5639421502609,-0.8690124403938391,3,6,45,True,False
causal,inward,2.0,0.2,1.0,VisualCogB_Task-1,left,Q2_plus_memory_control,cue_stage,0.0,0.8,21.926677361136225,2.053524550883112,0.35608431016331143,3,6,43,True,False
causal,inward,2.0,0.2,1.0,VisualCogB_Task-1,left,Q2_plus_memory_control,late_stage,0.8,2.8,20.068902842457177,2.3645638232601653,0.5083640002905115,3,6,43,True,False
causal,inward,2.0,0.2,1.0,VisualCogB_Task-1,left,Q2_plus_memory_control,candidate_target_600ms,2.0,2.6,26.42848144613571,5.492126423335939,-0.33237528966939495,3,6,43,True,False
causal,inward,2.0,0.2,1.0,VisualCogB_Task-1,right,Q2_plus_memory_control,cue_stage,0.0,0.8,30.53320655747284,1.522092680178847,-0.7252492747117409,3,6,45,True,False
causal,inward,2.0,0.2,1.0,VisualCogB_Task-1,right,Q2_plus_memory_control,late_stage,0.8,2.8,22.02905935940852,1.509121920475459,-0.41295461948123263,3,6,45,True,False
causal,inward,2.0,0.2,1.0,VisualCogB_Task-1,right,Q2_plus_memory_control,candidate_target_600ms,2.0,2.6,26.875624503221598,1.6236181912738274,-0.7676836646713209,3,6,45,True,False
causal,inward,2.0,0.2,1.0,VisualCogB_Task-2,left,Training_mean_template,cue_stage,0.0,0.8,26.4278692037496,0.9248201873744891,0.789906236108502,3,6,44,True,False
causal,inward,2.0,0.2,1.0,VisualCogB_Task-2,left,Training_mean_template,late_stage,0.8,2.8,39.47626028962619,1.005723497199289,0.8762536900741064,3,6,44,True,False
causal,inward,2.0,0.2,1.0,VisualCogB_Task-2,left,Training_mean_template,candidate_target_600ms,2.0,2.6,47.7762798969263,1.7453024701948108,0.6123466423075358,3,6,44,True,False
causal,inward,2.0,0.2,1.0,VisualCogB_Task-2,right,Training_mean_template,cue_stage,0.0,0.8,25.656803416207826,1.3503155298984768,-0.3645966707592247,3,6,47,True,False
causal,inward,2.0,0.2,1.0,VisualCogB_Task-2,right,Training_mean_template,late_stage,0.8,2.8,28.28070208588447,0.837867425273061,0.6846402253473619,3,6,47,True,False
causal,inward,2.0,0.2,1.0,VisualCogB_Task-2,right,Training_mean_template,candidate_target_600ms,2.0,2.6,26.579094745194563,1.5706087772841744,-0.2959889657111371,3,6,47,True,False
causal,inward,2.0,0.2,1.0,VisualCogB_Task-2,left,Q2_visual_only,cue_stage,0.0,0.8,29.246296824401927,1.0234485989250994,0.4143063269055282,3,6,44,True,False
causal,inward,2.0,0.2,1.0,VisualCogB_Task-2,left,Q2_visual_only,late_stage,0.8,2.8,46.43887617150472,1.1831077363091504,0.5442226961323607,3,6,44,True,False
causal,inward,2.0,0.2,1.0,VisualCogB_Task-2,left,Q2_visual_only,candidate_target_600ms,2.0,2.6,49.425524203324514,1.805550571723886,0.3322705356959769,3,6,44,True,False
causal,inward,2.0,0.2,1.0,VisualCogB_Task-2,right,Q2_visual_only,cue_stage,0.0,0.8,20.05234502716681,1.0553533291665187,0.13237760531560516,3,6,47,True,False
causal,inward,2.0,0.2,1.0,VisualCogB_Task-2,right,Q2_visual_only,late_stage,0.8,2.8,35.63125234427424,1.0556408949922322,0.4053865997446763,3,6,47,True,False
causal,inward,2.0,0.2,1.0,VisualCogB_Task-2,right,Q2_visual_only,candidate_target_600ms,2.0,2.6,29.84513344437545,1.7636051564708928,0.10060504508871448,3,6,47,True,False
causal,inward,2.0,0.2,1.0,VisualCogB_Task-2,left,Q2_plus_memory,cue_stage,0.0,0.8,29.076248187369067,1.0174978954782552,0.42165412189243023,3,6,44,True,False
causal,inward,2.0,0.2,1.0,VisualCogB_Task-2,left,Q2_plus_memory,late_stage,0.8,2.8,46.31355046416987,1.1799148551257497,0.5684572125771961,3,6,44,True,False
causal,inward,2.0,0.2,1.0,VisualCogB_Task-2,left,Q2_plus_memory,candidate_target_600ms,2.0,2.6,48.929548623528845,1.787432220809139,0.41209504471517144,3,6,44,True,False
causal,inward,2.0,0.2,1.0,VisualCogB_Task-2,right,Q2_plus_memory,cue_stage,0.0,0.8,20.35122065922726,1.0710831299890367,0.0330518065211751,3,6,47,True,False
causal,inward,2.0,0.2,1.0,VisualCogB_Task-2,right,Q2_plus_memory,late_stage,0.8,2.8,35.4283267477038,1.0496288537563347,0.4474621444055833,3,6,47,True,False
causal,inward,2.0,0.2,1.0,VisualCogB_Task-2,right,Q2_plus_memory,candidate_target_600ms,2.0,2.6,29.109734939661895,1.72014907350879,0.2713189134659338,3,6,47,True,False
causal,inward,2.0,0.2,1.0,VisualCogB_Task-2,left,Q2_plus_memory_control,cue_stage,0.0,0.8,29.50774357226428,1.0325976993872814,0.3247846648257429,3,6,44,True,False
causal,inward,2.0,0.2,1.0,VisualCogB_Task-2,left,Q2_plus_memory_control,late_stage,0.8,2.8,45.68309845795961,1.1638530399525249,0.5981750486453383,3,6,44,True,False
causal,inward,2.0,0.2,1.0,VisualCogB_Task-2,left,Q2_plus_memory_control,candidate_target_600ms,2.0,2.6,47.95625040704686,1.7518769246427772,0.35134075570639106,3,6,44,True,False
causal,inward,2.0,0.2,1.0,VisualCogB_Task-2,right,Q2_plus_memory_control,cue_stage,0.0,0.8,20.52523369455572,1.0802414222438057,0.07001317705167016,3,6,47,True,False
causal,inward,2.0,0.2,1.0,VisualCogB_Task-2,right,Q2_plus_memory_control,late_stage,0.8,2.8,34.78515686586931,1.030573771910442,0.5096411257526876,3,6,47,True,False
causal,inward,2.0,0.2,1.0,VisualCogB_Task-2,right,Q2_plus_memory_control,candidate_target_600ms,2.0,2.6,27.76728807347081,1.6408213593300158,0.40526310771461915,3,6,47,True,False
causal,outward,2.0,0.2,-1.0,VisualCogA_Task-1,left,Training_mean_template,cue_stage,0.0,0.8,21.08297624331433,4.731957807756377,-0.10334538273310898,3,6,45,True,False
causal,outward,2.0,0.2,-1.0,VisualCogA_Task-1,left,Training_mean_template,late_stage,0.8,2.8,24.49688739931746,4.312586241327728,0.5211216432194095,3,6,45,True,False
causal,outward,2.0,0.2,-1.0,VisualCogA_Task-1,left,Training_mean_template,candidate_target_600ms,2.0,2.6,22.625276366494518,10.735448356926295,0.7094254355961431,3,6,45,True,False
causal,outward,2.0,0.2,-1.0,VisualCogA_Task-1,right,Training_mean_template,cue_stage,0.0,0.8,21.588969073992708,3.3231685790306935,-0.16016885027459948,3,6,41,True,False
causal,outward,2.0,0.2,-1.0,VisualCogA_Task-1,right,Training_mean_template,late_stage,0.8,2.8,27.87665206779353,4.14508064387879,0.5559043453806836,3,6,41,True,False
causal,outward,2.0,0.2,-1.0,VisualCogA_Task-1,right,Training_mean_template,candidate_target_600ms,2.0,2.6,24.49367317894044,8.209735917883444,0.16092934487311406,3,6,41,True,False
causal,outward,2.0,0.2,-1.0,VisualCogA_Task-1,left,Q2_visual_only,cue_stage,0.0,0.8,19.20607479045288,4.310697622203902,-0.4199968670820206,3,6,45,True,False
causal,outward,2.0,0.2,-1.0,VisualCogA_Task-1,left,Q2_visual_only,late_stage,0.8,2.8,11.182996838040046,1.9687251492157622,0.5046829032654137,3,6,45,True,False
causal,outward,2.0,0.2,-1.0,VisualCogA_Task-1,left,Q2_visual_only,candidate_target_600ms,2.0,2.6,14.104378211719945,6.692374556922855,0.4177943223570374,3,6,45,True,False
causal,outward,2.0,0.2,-1.0,VisualCogA_Task-1,right,Q2_visual_only,cue_stage,0.0,0.8,24.696850385047135,3.801561664168534,-0.8009722957236544,3,6,41,True,False
causal,outward,2.0,0.2,-1.0,VisualCogA_Task-1,right,Q2_visual_only,late_stage,0.8,2.8,19.984199322861276,2.9715231798695863,-0.2391791736878856,3,6,41,True,False
causal,outward,2.0,0.2,-1.0,VisualCogA_Task-1,right,Q2_visual_only,candidate_target_600ms,2.0,2.6,17.71138473929663,5.936463281247483,-0.45587250692796594,3,6,41,True,False
causal,outward,2.0,0.2,-1.0,VisualCogA_Task-1,left,Q2_plus_memory,cue_stage,0.0,0.8,19.465878057629595,4.369009033477598,-0.5230530270086013,3,6,45,True,False
causal,outward,2.0,0.2,-1.0,VisualCogA_Task-1,left,Q2_plus_memory,late_stage,0.8,2.8,11.12825750451003,1.9590884924114544,0.5478702435594954,3,6,45,True,False
causal,outward,2.0,0.2,-1.0,VisualCogA_Task-1,left,Q2_plus_memory,candidate_target_600ms,2.0,2.6,13.404238634745832,6.360165917810866,0.46233880125098875,3,6,45,True,False
causal,outward,2.0,0.2,-1.0,VisualCogA_Task-1,right,Q2_plus_memory,cue_stage,0.0,0.8,24.2575855809067,3.733946068908264,-0.7455261877363031,3,6,41,True,False
causal,outward,2.0,0.2,-1.0,VisualCogA_Task-1,right,Q2_plus_memory,late_stage,0.8,2.8,20.138158647417285,2.9944159510176345,-0.2377756776530015,3,6,41,True,False
causal,outward,2.0,0.2,-1.0,VisualCogA_Task-1,right,Q2_plus_memory,candidate_target_600ms,2.0,2.6,17.088565301009318,5.727708021245907,-0.46895978040086583,3,6,41,True,False
causal,outward,2.0,0.2,-1.0,VisualCogA_Task-1,left,Q2_plus_memory_control,cue_stage,0.0,0.8,20.90397384806269,4.691781706809212,-0.48321180808260683,3,6,45,True,False
causal,outward,2.0,0.2,-1.0,VisualCogA_Task-1,left,Q2_plus_memory_control,late_stage,0.8,2.8,13.441218017463443,2.366276618898705,0.36136445949454293,3,6,45,True,False
causal,outward,2.0,0.2,-1.0,VisualCogA_Task-1,left,Q2_plus_memory_control,candidate_target_600ms,2.0,2.6,17.86140858577023,8.475044739716713,0.47918442151352586,3,6,45,True,False
causal,outward,2.0,0.2,-1.0,VisualCogA_Task-1,right,Q2_plus_memory_control,cue_stage,0.0,0.8,26.0868296539717,4.015519793255793,-0.794315821009499,3,6,41,True,False
causal,outward,2.0,0.2,-1.0,VisualCogA_Task-1,right,Q2_plus_memory_control,late_stage,0.8,2.8,21.194589877313742,3.151500547546068,-0.17156245893381597,3,6,41,True,False
causal,outward,2.0,0.2,-1.0,VisualCogA_Task-1,right,Q2_plus_memory_control,candidate_target_600ms,2.0,2.6,21.42105567861148,7.179862690210243,-0.3911137600082971,3,6,41,True,False
causal,outward,2.0,0.2,-1.0,VisualCogA_Task-2,left,Training_mean_template,cue_stage,0.0,0.8,14.713195942736856,0.8519186648979836,0.8705575703100655,3,6,49,True,False
causal,outward,2.0,0.2,-1.0,VisualCogA_Task-2,left,Training_mean_template,late_stage,0.8,2.8,22.78064222039507,0.6816371691356803,0.819328530733084,3,6,49,True,False
causal,outward,2.0,0.2,-1.0,VisualCogA_Task-2,left,Training_mean_template,candidate_target_600ms,2.0,2.6,13.993029700172146,0.8311009736357389,0.8287301305745208,3,6,49,True,False
causal,outward,2.0,0.2,-1.0,VisualCogA_Task-2,right,Training_mean_template,cue_stage,0.0,0.8,24.53165598018877,1.0559612869671255,-0.04108536717954614,3,6,41,True,False
causal,outward,2.0,0.2,-1.0,VisualCogA_Task-2,right,Training_mean_template,late_stage,0.8,2.8,29.668513338841645,0.7937917102851009,0.7276545483506327,3,6,41,True,False
causal,outward,2.0,0.2,-1.0,VisualCogA_Task-2,right,Training_mean_template,candidate_target_600ms,2.0,2.6,25.186811272152838,1.2362936896801737,-0.19305464485789733,3,6,41,True,False
causal,outward,2.0,0.2,-1.0,VisualCogA_Task-2,left,Q2_visual_only,cue_stage,0.0,0.8,16.11812586043629,0.9332664580232819,0.5741035753884243,3,6,49,True,False
causal,outward,2.0,0.2,-1.0,VisualCogA_Task-2,left,Q2_visual_only,late_stage,0.8,2.8,31.784830247171904,0.9510584250229565,0.5331112801856727,3,6,49,True,False
causal,outward,2.0,0.2,-1.0,VisualCogA_Task-2,left,Q2_visual_only,candidate_target_600ms,2.0,2.6,21.035360996092212,1.2493726790572315,0.5412823504874347,3,6,49,True,False
causal,outward,2.0,0.2,-1.0,VisualCogA_Task-2,right,Q2_visual_only,cue_stage,0.0,0.8,24.09457853789282,1.0371473569640366,-0.018106409758323106,3,6,41,True,False
causal,outward,2.0,0.2,-1.0,VisualCogA_Task-2,right,Q2_visual_only,late_stage,0.8,2.8,37.395068937679916,1.0005184752351042,0.2540488933233098,3,6,41,True,False
causal,outward,2.0,0.2,-1.0,VisualCogA_Task-2,right,Q2_visual_only,candidate_target_600ms,2.0,2.6,27.839434076520813,1.3664975808637974,0.07060004187269259,3,6,41,True,False
causal,outward,2.0,0.2,-1.0,VisualCogA_Task-2,left,Q2_plus_memory,cue_stage,0.0,0.8,16.32273128055713,0.9451134542176255,0.5653863817328475,3,6,49,True,False
causal,outward,2.0,0.2,-1.0,VisualCogA_Task-2,left,Q2_plus_memory,late_stage,0.8,2.8,31.537795935351017,0.9436667208137479,0.5690357939920133,3,6,49,True,False
causal,outward,2.0,0.2,-1.0,VisualCogA_Task-2,left,Q2_plus_memory,candidate_target_600ms,2.0,2.6,20.75728510463023,1.2328566600755928,0.6705936324465706,3,6,49,True,False
causal,outward,2.0,0.2,-1.0,VisualCogA_Task-2,right,Q2_plus_memory,cue_stage,0.0,0.8,24.402009368478765,1.0503806688848085,-0.044060436526197407,3,6,41,True,False
causal,outward,2.0,0.2,-1.0,VisualCogA_Task-2,right,Q2_plus_memory,late_stage,0.8,2.8,37.242133138188905,0.9964266230935661,0.27388118183188936,3,6,41,True,False
causal,outward,2.0,0.2,-1.0,VisualCogA_Task-2,right,Q2_plus_memory,candidate_target_600ms,2.0,2.6,27.703149672975922,1.3598080660108134,0.1595194434072539,3,6,41,True,False
causal,outward,2.0,0.2,-1.0,VisualCogA_Task-2,left,Q2_plus_memory_control,cue_stage,0.0,0.8,16.529743830529352,0.9570998272582512,0.5035578173706233,3,6,49,True,False
causal,outward,2.0,0.2,-1.0,VisualCogA_Task-2,left,Q2_plus_memory_control,late_stage,0.8,2.8,30.728267189027296,0.9194441867148612,0.6241906171092474,3,6,49,True,False
causal,outward,2.0,0.2,-1.0,VisualCogA_Task-2,left,Q2_plus_memory_control,candidate_target_600ms,2.0,2.6,17.995222068597613,1.06880689189267,0.8288706184627075,3,6,49,True,False
causal,outward,2.0,0.2,-1.0,VisualCogA_Task-2,right,Q2_plus_memory_control,cue_stage,0.0,0.8,24.6523757251217,1.0611576494680781,-0.04924055936057692,3,6,41,True,False
causal,outward,2.0,0.2,-1.0,VisualCogA_Task-2,right,Q2_plus_memory_control,late_stage,0.8,2.8,36.52210192775224,0.9771619299333969,0.3625170283453374,3,6,41,True,False
causal,outward,2.0,0.2,-1.0,VisualCogA_Task-2,right,Q2_plus_memory_control,candidate_target_600ms,2.0,2.6,26.01046853165581,1.276722875470303,0.22093241670881233,3,6,41,True,False
causal,outward,2.0,0.2,-1.0,VisualCogB_Task-1,left,Training_mean_template,cue_stage,0.0,0.8,18.501979494376,1.7327873487562542,0.7417189870664094,3,6,43,True,False
causal,outward,2.0,0.2,-1.0,VisualCogB_Task-1,left,Training_mean_template,late_stage,0.8,2.8,30.92125778338932,3.64321298968191,0.5949236856159958,3,6,43,True,False
causal,outward,2.0,0.2,-1.0,VisualCogB_Task-1,left,Training_mean_template,candidate_target_600ms,2.0,2.6,35.26467663551225,7.328384067583775,-0.2456589870478381,3,6,43,True,False
causal,outward,2.0,0.2,-1.0,VisualCogB_Task-1,right,Training_mean_template,cue_stage,0.0,0.8,26.402931770541624,1.3161968137069837,-0.36016739175351004,3,6,45,True,False
causal,outward,2.0,0.2,-1.0,VisualCogB_Task-1,right,Training_mean_template,late_stage,0.8,2.8,25.8616667930673,1.7716783826623652,0.13143696731942994,3,6,45,True,False
causal,outward,2.0,0.2,-1.0,VisualCogB_Task-1,right,Training_mean_template,candidate_target_600ms,2.0,2.6,25.642288754631668,1.5491095465679567,-0.6982790601611161,3,6,45,True,False
causal,outward,2.0,0.2,-1.0,VisualCogB_Task-1,left,Q2_visual_only,cue_stage,0.0,0.8,20.898822246786583,1.9572616434984804,0.42653391406843577,3,6,43,True,False
causal,outward,2.0,0.2,-1.0,VisualCogB_Task-1,left,Q2_visual_only,late_stage,0.8,2.8,18.995985049061463,2.238150206157567,0.530022938664149,3,6,43,True,False
causal,outward,2.0,0.2,-1.0,VisualCogB_Task-1,left,Q2_visual_only,candidate_target_600ms,2.0,2.6,23.286432006734458,4.8391743123819175,-0.5663836878534784,3,6,43,True,False
causal,outward,2.0,0.2,-1.0,VisualCogB_Task-1,right,Q2_visual_only,cue_stage,0.0,0.8,28.993423535210077,1.4453338745539526,-0.7884082751221988,3,6,45,True,False
causal,outward,2.0,0.2,-1.0,VisualCogB_Task-1,right,Q2_visual_only,late_stage,0.8,2.8,21.677301374860868,1.4850244010797247,-0.5114186662094364,3,6,45,True,False
causal,outward,2.0,0.2,-1.0,VisualCogB_Task-1,right,Q2_visual_only,candidate_target_600ms,2.0,2.6,25.52054249073847,1.5417545751977872,-0.8094395497852851,3,6,45,True,False
causal,outward,2.0,0.2,-1.0,VisualCogB_Task-1,left,Q2_plus_memory,cue_stage,0.0,0.8,20.10556001387274,1.8829693353777701,0.47123777971281733,3,6,43,True,False
causal,outward,2.0,0.2,-1.0,VisualCogB_Task-1,left,Q2_plus_memory,late_stage,0.8,2.8,19.251805013399938,2.2682914967747476,0.5371166564324831,3,6,43,True,False
causal,outward,2.0,0.2,-1.0,VisualCogB_Task-1,left,Q2_plus_memory,candidate_target_600ms,2.0,2.6,22.71523374600887,4.720473089722255,-0.5405867054112985,3,6,43,True,False
causal,outward,2.0,0.2,-1.0,VisualCogB_Task-1,right,Q2_plus_memory,cue_stage,0.0,0.8,29.821812932970175,1.4866294206439132,-0.7808645370162373,3,6,45,True,False
causal,outward,2.0,0.2,-1.0,VisualCogB_Task-1,right,Q2_plus_memory,late_stage,0.8,2.8,21.542499547461585,1.4757896721097143,-0.5174881297705582,3,6,45,True,False
causal,outward,2.0,0.2,-1.0,VisualCogB_Task-1,right,Q2_plus_memory,candidate_target_600ms,2.0,2.6,25.62723494538738,1.5482001113831458,-0.8288360901549549,3,6,45,True,False
causal,outward,2.0,0.2,-1.0,VisualCogB_Task-1,left,Q2_plus_memory_control,cue_stage,0.0,0.8,21.798093541451408,2.0414821412548703,0.35473685429476765,3,6,43,True,False
causal,outward,2.0,0.2,-1.0,VisualCogB_Task-1,left,Q2_plus_memory_control,late_stage,0.8,2.8,20.211142659435758,2.381322842330364,0.5003969956397144,3,6,43,True,False
causal,outward,2.0,0.2,-1.0,VisualCogB_Task-1,left,Q2_plus_memory_control,candidate_target_600ms,2.0,2.6,26.802531485331247,5.56985809732949,-0.35697026570610946,3,6,43,True,False
causal,outward,2.0,0.2,-1.0,VisualCogB_Task-1,right,Q2_plus_memory_control,cue_stage,0.0,0.8,30.470519402026532,1.518967700158604,-0.7208641025815519,3,6,45,True,False
causal,outward,2.0,0.2,-1.0,VisualCogB_Task-1,right,Q2_plus_memory_control,late_stage,0.8,2.8,22.160545974425165,1.5181295376293884,-0.41572890154763564,3,6,45,True,False
causal,outward,2.0,0.2,-1.0,VisualCogB_Task-1,right,Q2_plus_memory_control,candidate_target_600ms,2.0,2.6,27.425818311760132,1.6568566626686898,-0.7639799124970609,3,6,45,True,False
causal,outward,2.0,0.2,-1.0,VisualCogB_Task-2,left,Training_mean_template,cue_stage,0.0,0.8,26.4278692037496,0.9248201873744891,0.789906236108502,3,6,44,True,False
causal,outward,2.0,0.2,-1.0,VisualCogB_Task-2,left,Training_mean_template,late_stage,0.8,2.8,39.47626028962619,1.005723497199289,0.8762536900741064,3,6,44,True,False
causal,outward,2.0,0.2,-1.0,VisualCogB_Task-2,left,Training_mean_template,candidate_target_600ms,2.0,2.6,47.7762798969263,1.7453024701948108,0.6123466423075358,3,6,44,True,False
causal,outward,2.0,0.2,-1.0,VisualCogB_Task-2,right,Training_mean_template,cue_stage,0.0,0.8,25.656803416207826,1.3503155298984768,-0.3645966707592247,3,6,47,True,False
causal,outward,2.0,0.2,-1.0,VisualCogB_Task-2,right,Training_mean_template,late_stage,0.8,2.8,28.28070208588447,0.837867425273061,0.6846402253473619,3,6,47,True,False
causal,outward,2.0,0.2,-1.0,VisualCogB_Task-2,right,Training_mean_template,candidate_target_600ms,2.0,2.6,26.579094745194563,1.5706087772841744,-0.2959889657111371,3,6,47,True,False
causal,outward,2.0,0.2,-1.0,VisualCogB_Task-2,left,Q2_visual_only,cue_stage,0.0,0.8,29.2435593865531,1.0233528046798366,0.41480645788883247,3,6,44,True,False
causal,outward,2.0,0.2,-1.0,VisualCogB_Task-2,left,Q2_visual_only,late_stage,0.8,2.8,46.44054256213696,1.1831501903866661,0.5451984107953882,3,6,44,True,False
causal,outward,2.0,0.2,-1.0,VisualCogB_Task-2,left,Q2_visual_only,candidate_target_600ms,2.0,2.6,49.380162299694156,1.803893468185695,0.3342001407837435,3,6,44,True,False
causal,outward,2.0,0.2,-1.0,VisualCogB_Task-2,right,Q2_visual_only,cue_stage,0.0,0.8,20.046384744144042,1.055039639943521,0.13284177359096727,3,6,47,True,False
causal,outward,2.0,0.2,-1.0,VisualCogB_Task-2,right,Q2_visual_only,late_stage,0.8,2.8,35.638139635423116,1.05584494356516,0.40442020276341173,3,6,47,True,False
causal,outward,2.0,0.2,-1.0,VisualCogB_Task-2,right,Q2_visual_only,candidate_target_600ms,2.0,2.6,29.796158132160635,1.7607111130140995,0.10597715101004543,3,6,47,True,False
causal,outward,2.0,0.2,-1.0,VisualCogB_Task-2,left,Q2_plus_memory,cue_stage,0.0,0.8,30.085934743623064,1.0528309941456209,0.25541375855462584,3,6,44,True,False
causal,outward,2.0,0.2,-1.0,VisualCogB_Task-2,left,Q2_plus_memory,late_stage,0.8,2.8,46.25018672315177,1.1783005582611326,0.5660143409904042,3,6,44,True,False
causal,outward,2.0,0.2,-1.0,VisualCogB_Task-2,left,Q2_plus_memory,candidate_target_600ms,2.0,2.6,49.66888560003082,1.8144407416520998,0.3818013651568931,3,6,44,True,False
causal,outward,2.0,0.2,-1.0,VisualCogB_Task-2,right,Q2_plus_memory,cue_stage,0.0,0.8,20.335896462670256,1.0702766187390393,0.1403761313283429,3,6,47,True,False
causal,outward,2.0,0.2,-1.0,VisualCogB_Task-2,right,Q2_plus_memory,late_stage,0.8,2.8,35.39891065445975,1.0487573482953623,0.45092196893920644,3,6,47,True,False
causal,outward,2.0,0.2,-1.0,VisualCogB_Task-2,right,Q2_plus_memory,candidate_target_600ms,2.0,2.6,29.793711830274624,1.7605665564273953,0.2745168242604441,3,6,47,True,False
causal,outward,2.0,0.2,-1.0,VisualCogB_Task-2,left,Q2_plus_memory_control,cue_stage,0.0,0.8,29.874882615466817,1.0454454093600132,0.266870806334897,3,6,44,True,False
causal,outward,2.0,0.2,-1.0,VisualCogB_Task-2,left,Q2_plus_memory_control,late_stage,0.8,2.8,45.626253775972415,1.162404826977286,0.6066518954059104,3,6,44,True,False
causal,outward,2.0,0.2,-1.0,VisualCogB_Task-2,left,Q2_plus_memory_control,candidate_target_600ms,2.0,2.6,48.10258927909489,1.7572227907382951,0.33096396981506987,3,6,44,True,False
causal,outward,2.0,0.2,-1.0,VisualCogB_Task-2,right,Q2_plus_memory_control,cue_stage,0.0,0.8,20.65741798843735,1.0871982711521258,0.06602256878960282,3,6,47,True,False
causal,outward,2.0,0.2,-1.0,VisualCogB_Task-2,right,Q2_plus_memory_control,late_stage,0.8,2.8,34.73024966994428,1.0289470459989365,0.5195389751769768,3,6,47,True,False
causal,outward,2.0,0.2,-1.0,VisualCogB_Task-2,right,Q2_plus_memory_control,candidate_target_600ms,2.0,2.6,27.824502371231812,1.644202259963053,0.41748503385813474,3,6,47,True,False
causal,outward,2.0,0.2,1.0,VisualCogA_Task-1,left,Training_mean_template,cue_stage,0.0,0.8,21.08297624331433,4.731957807756377,-0.10334538273310898,3,6,45,True,False
causal,outward,2.0,0.2,1.0,VisualCogA_Task-1,left,Training_mean_template,late_stage,0.8,2.8,24.49688739931746,4.312586241327728,0.5211216432194095,3,6,45,True,False
causal,outward,2.0,0.2,1.0,VisualCogA_Task-1,left,Training_mean_template,candidate_target_600ms,2.0,2.6,22.625276366494518,10.735448356926295,0.7094254355961431,3,6,45,True,False
causal,outward,2.0,0.2,1.0,VisualCogA_Task-1,right,Training_mean_template,cue_stage,0.0,0.8,21.588969073992708,3.3231685790306935,-0.16016885027459948,3,6,41,True,False
causal,outward,2.0,0.2,1.0,VisualCogA_Task-1,right,Training_mean_template,late_stage,0.8,2.8,27.87665206779353,4.14508064387879,0.5559043453806836,3,6,41,True,False
causal,outward,2.0,0.2,1.0,VisualCogA_Task-1,right,Training_mean_template,candidate_target_600ms,2.0,2.6,24.49367317894044,8.209735917883444,0.16092934487311406,3,6,41,True,False
causal,outward,2.0,0.2,1.0,VisualCogA_Task-1,left,Q2_visual_only,cue_stage,0.0,0.8,19.20607479045288,4.310697622203902,-0.4199968670820206,3,6,45,True,False
causal,outward,2.0,0.2,1.0,VisualCogA_Task-1,left,Q2_visual_only,late_stage,0.8,2.8,11.182996838040046,1.9687251492157622,0.5046829032654137,3,6,45,True,False
causal,outward,2.0,0.2,1.0,VisualCogA_Task-1,left,Q2_visual_only,candidate_target_600ms,2.0,2.6,14.104378211719945,6.692374556922855,0.4177943223570374,3,6,45,True,False
causal,outward,2.0,0.2,1.0,VisualCogA_Task-1,right,Q2_visual_only,cue_stage,0.0,0.8,24.696850385047135,3.801561664168534,-0.8009722957236544,3,6,41,True,False
causal,outward,2.0,0.2,1.0,VisualCogA_Task-1,right,Q2_visual_only,late_stage,0.8,2.8,19.984199322861276,2.9715231798695863,-0.2391791736878856,3,6,41,True,False
causal,outward,2.0,0.2,1.0,VisualCogA_Task-1,right,Q2_visual_only,candidate_target_600ms,2.0,2.6,17.71138473929663,5.936463281247483,-0.45587250692796594,3,6,41,True,False
causal,outward,2.0,0.2,1.0,VisualCogA_Task-1,left,Q2_plus_memory,cue_stage,0.0,0.8,19.484972903110357,4.373294766294341,-0.2177032287250817,3,6,45,True,False
causal,outward,2.0,0.2,1.0,VisualCogA_Task-1,left,Q2_plus_memory,late_stage,0.8,2.8,11.840737170815181,2.0845178972189804,0.39812402427251825,3,6,45,True,False
causal,outward,2.0,0.2,1.0,VisualCogA_Task-1,left,Q2_plus_memory,candidate_target_600ms,2.0,2.6,14.664086651519334,6.957950143849182,0.4619395537375474,3,6,45,True,False
causal,outward,2.0,0.2,1.0,VisualCogA_Task-1,right,Q2_plus_memory,cue_stage,0.0,0.8,25.70104824298638,3.956136843613008,-0.79639913013752,3,6,41,True,False
causal,outward,2.0,0.2,1.0,VisualCogA_Task-1,right,Q2_plus_memory,late_stage,0.8,2.8,20.04204321918957,2.980124198903502,-0.227203815788062,3,6,41,True,False
causal,outward,2.0,0.2,1.0,VisualCogA_Task-1,right,Q2_plus_memory,candidate_target_600ms,2.0,2.6,18.36885859083759,6.156833931849039,-0.5087176850928821,3,6,41,True,False
causal,outward,2.0,0.2,1.0,VisualCogA_Task-1,left,Q2_plus_memory_control,cue_stage,0.0,0.8,21.00450910413935,4.714346290881993,-0.45022823888393176,3,6,45,True,False
causal,outward,2.0,0.2,1.0,VisualCogA_Task-1,left,Q2_plus_memory_control,late_stage,0.8,2.8,13.431177561306606,2.364509033802166,0.34324450906977644,3,6,45,True,False
causal,outward,2.0,0.2,1.0,VisualCogA_Task-1,left,Q2_plus_memory_control,candidate_target_600ms,2.0,2.6,17.734974044057576,8.415052920341727,0.48799936473963107,3,6,45,True,False
causal,outward,2.0,0.2,1.0,VisualCogA_Task-1,right,Q2_plus_memory_control,cue_stage,0.0,0.8,26.374764489861782,4.059841316722652,-0.8058184247701725,3,6,41,True,False
causal,outward,2.0,0.2,1.0,VisualCogA_Task-1,right,Q2_plus_memory_control,late_stage,0.8,2.8,21.136128023066554,3.1428076421047706,-0.1791813878648353,3,6,41,True,False
causal,outward,2.0,0.2,1.0,VisualCogA_Task-1,right,Q2_plus_memory_control,candidate_target_600ms,2.0,2.6,21.388713137889958,7.169022187999844,-0.449499667492458,3,6,41,True,False
causal,outward,2.0,0.2,1.0,VisualCogA_Task-2,left,Training_mean_template,cue_stage,0.0,0.8,14.713195942736856,0.8519186648979836,0.8705575703100655,3,6,49,True,False
causal,outward,2.0,0.2,1.0,VisualCogA_Task-2,left,Training_mean_template,late_stage,0.8,2.8,22.78064222039507,0.6816371691356803,0.819328530733084,3,6,49,True,False
causal,outward,2.0,0.2,1.0,VisualCogA_Task-2,left,Training_mean_template,candidate_target_600ms,2.0,2.6,13.993029700172146,0.8311009736357389,0.8287301305745208,3,6,49,True,False
causal,outward,2.0,0.2,1.0,VisualCogA_Task-2,right,Training_mean_template,cue_stage,0.0,0.8,24.53165598018877,1.0559612869671255,-0.04108536717954614,3,6,41,True,False
causal,outward,2.0,0.2,1.0,VisualCogA_Task-2,right,Training_mean_template,late_stage,0.8,2.8,29.668513338841645,0.7937917102851009,0.7276545483506327,3,6,41,True,False
causal,outward,2.0,0.2,1.0,VisualCogA_Task-2,right,Training_mean_template,candidate_target_600ms,2.0,2.6,25.186811272152838,1.2362936896801737,-0.19305464485789733,3,6,41,True,False
causal,outward,2.0,0.2,1.0,VisualCogA_Task-2,left,Q2_visual_only,cue_stage,0.0,0.8,16.11812586043629,0.9332664580232819,0.5741035753884243,3,6,49,True,False
causal,outward,2.0,0.2,1.0,VisualCogA_Task-2,left,Q2_visual_only,late_stage,0.8,2.8,31.784830247171904,0.9510584250229565,0.5331112801856727,3,6,49,True,False
causal,outward,2.0,0.2,1.0,VisualCogA_Task-2,left,Q2_visual_only,candidate_target_600ms,2.0,2.6,21.035360996092212,1.2493726790572315,0.5412823504874347,3,6,49,True,False
causal,outward,2.0,0.2,1.0,VisualCogA_Task-2,right,Q2_visual_only,cue_stage,0.0,0.8,24.09457853789282,1.0371473569640366,-0.018106409758323106,3,6,41,True,False
causal,outward,2.0,0.2,1.0,VisualCogA_Task-2,right,Q2_visual_only,late_stage,0.8,2.8,37.395068937679916,1.0005184752351042,0.2540488933233098,3,6,41,True,False
causal,outward,2.0,0.2,1.0,VisualCogA_Task-2,right,Q2_visual_only,candidate_target_600ms,2.0,2.6,27.839434076520813,1.3664975808637974,0.07060004187269259,3,6,41,True,False
causal,outward,2.0,0.2,1.0,VisualCogA_Task-2,left,Q2_plus_memory,cue_stage,0.0,0.8,16.036858333472583,0.9285609322259001,0.5635267419156829,3,6,49,True,False
causal,outward,2.0,0.2,1.0,VisualCogA_Task-2,left,Q2_plus_memory,late_stage,0.8,2.8,31.612215728002038,0.9458934928379752,0.5534084105251623,3,6,49,True,False
causal,outward,2.0,0.2,1.0,VisualCogA_Task-2,left,Q2_plus_memory,candidate_target_600ms,2.0,2.6,20.053185167063724,1.1910374003307793,0.6950334840888533,3,6,49,True,False
causal,outward,2.0,0.2,1.0,VisualCogA_Task-2,right,Q2_plus_memory,cue_stage,0.0,0.8,24.416527656695408,1.0510056063257291,-0.061421074306304654,3,6,41,True,False
causal,outward,2.0,0.2,1.0,VisualCogA_Task-2,right,Q2_plus_memory,late_stage,0.8,2.8,37.176533257744985,0.9946714747753016,0.29163127367503494,3,6,41,True,False
causal,outward,2.0,0.2,1.0,VisualCogA_Task-2,right,Q2_plus_memory,candidate_target_600ms,2.0,2.6,27.346203709001067,1.3422873867135963,0.11796609235398671,3,6,41,True,False
causal,outward,2.0,0.2,1.0,VisualCogA_Task-2,left,Q2_plus_memory_control,cue_stage,0.0,0.8,16.309580059088745,0.9443519764884681,0.5274909059933617,3,6,49,True,False
causal,outward,2.0,0.2,1.0,VisualCogA_Task-2,left,Q2_plus_memory_control,late_stage,0.8,2.8,30.81954751827231,0.9221754558609364,0.6155233439951111,3,6,49,True,False
causal,outward,2.0,0.2,1.0,VisualCogA_Task-2,left,Q2_plus_memory_control,candidate_target_600ms,2.0,2.6,18.115702056433065,1.075962671401409,0.8045167798275984,3,6,49,True,False
causal,outward,2.0,0.2,1.0,VisualCogA_Task-2,right,Q2_plus_memory_control,cue_stage,0.0,0.8,24.845877674518984,1.0694869105534779,-0.06976605357055735,3,6,41,True,False
causal,outward,2.0,0.2,1.0,VisualCogA_Task-2,right,Q2_plus_memory_control,late_stage,0.8,2.8,36.50663958760635,0.976748229479679,0.36599750224055094,3,6,41,True,False
causal,outward,2.0,0.2,1.0,VisualCogA_Task-2,right,Q2_plus_memory_control,candidate_target_600ms,2.0,2.6,25.910691070197572,1.2718253025048236,0.2202550449121973,3,6,41,True,False
causal,outward,2.0,0.2,1.0,VisualCogB_Task-1,left,Training_mean_template,cue_stage,0.0,0.8,18.501979494376,1.7327873487562542,0.7417189870664094,3,6,43,True,False
causal,outward,2.0,0.2,1.0,VisualCogB_Task-1,left,Training_mean_template,late_stage,0.8,2.8,30.92125778338932,3.64321298968191,0.5949236856159958,3,6,43,True,False
causal,outward,2.0,0.2,1.0,VisualCogB_Task-1,left,Training_mean_template,candidate_target_600ms,2.0,2.6,35.26467663551225,7.328384067583775,-0.2456589870478381,3,6,43,True,False
causal,outward,2.0,0.2,1.0,VisualCogB_Task-1,right,Training_mean_template,cue_stage,0.0,0.8,26.402931770541624,1.3161968137069837,-0.36016739175351004,3,6,45,True,False
causal,outward,2.0,0.2,1.0,VisualCogB_Task-1,right,Training_mean_template,late_stage,0.8,2.8,25.8616667930673,1.7716783826623652,0.13143696731942994,3,6,45,True,False
causal,outward,2.0,0.2,1.0,VisualCogB_Task-1,right,Training_mean_template,candidate_target_600ms,2.0,2.6,25.642288754631668,1.5491095465679567,-0.6982790601611161,3,6,45,True,False
causal,outward,2.0,0.2,1.0,VisualCogB_Task-1,left,Q2_visual_only,cue_stage,0.0,0.8,20.898822246786583,1.9572616434984804,0.42653391406843577,3,6,43,True,False
causal,outward,2.0,0.2,1.0,VisualCogB_Task-1,left,Q2_visual_only,late_stage,0.8,2.8,18.995985049061463,2.238150206157567,0.530022938664149,3,6,43,True,False
causal,outward,2.0,0.2,1.0,VisualCogB_Task-1,left,Q2_visual_only,candidate_target_600ms,2.0,2.6,23.286432006734458,4.8391743123819175,-0.5663836878534784,3,6,43,True,False
causal,outward,2.0,0.2,1.0,VisualCogB_Task-1,right,Q2_visual_only,cue_stage,0.0,0.8,28.993423535210077,1.4453338745539526,-0.7884082751221988,3,6,45,True,False
causal,outward,2.0,0.2,1.0,VisualCogB_Task-1,right,Q2_visual_only,late_stage,0.8,2.8,21.677301374860868,1.4850244010797247,-0.5114186662094364,3,6,45,True,False
causal,outward,2.0,0.2,1.0,VisualCogB_Task-1,right,Q2_visual_only,candidate_target_600ms,2.0,2.6,25.52054249073847,1.5417545751977872,-0.8094395497852851,3,6,45,True,False
causal,outward,2.0,0.2,1.0,VisualCogB_Task-1,left,Q2_plus_memory,cue_stage,0.0,0.8,22.094593420531695,2.06925058838423,0.3406622621409755,3,6,43,True,False
causal,outward,2.0,0.2,1.0,VisualCogB_Task-1,left,Q2_plus_memory,late_stage,0.8,2.8,19.044996003591518,2.243924788402295,0.500781820266504,3,6,43,True,False
causal,outward,2.0,0.2,1.0,VisualCogB_Task-1,left,Q2_plus_memory,candidate_target_600ms,2.0,2.6,23.914934321547147,4.969783941896416,-0.4927576653426752,3,6,43,True,False
causal,outward,2.0,0.2,1.0,VisualCogB_Task-1,right,Q2_plus_memory,cue_stage,0.0,0.8,29.457397083014467,1.468463143324999,-0.7589633202164235,3,6,45,True,False
causal,outward,2.0,0.2,1.0,VisualCogB_Task-1,right,Q2_plus_memory,late_stage,0.8,2.8,21.891506591433313,1.499698735672754,-0.49244886326844706,3,6,45,True,False
causal,outward,2.0,0.2,1.0,VisualCogB_Task-1,right,Q2_plus_memory,candidate_target_600ms,2.0,2.6,25.917318850652457,1.5657247462256842,-0.8653588836689644,3,6,45,True,False
causal,outward,2.0,0.2,1.0,VisualCogB_Task-1,left,Q2_plus_memory_control,cue_stage,0.0,0.8,21.951462162377034,2.0558457506252568,0.35535381343497524,3,6,43,True,False
causal,outward,2.0,0.2,1.0,VisualCogB_Task-1,left,Q2_plus_memory_control,late_stage,0.8,2.8,20.070355471916933,2.3647349753702787,0.5080933654456199,3,6,43,True,False
causal,outward,2.0,0.2,1.0,VisualCogB_Task-1,left,Q2_plus_memory_control,candidate_target_600ms,2.0,2.6,26.474405093829937,5.501669857735356,-0.33031593539085213,3,6,43,True,False
causal,outward,2.0,0.2,1.0,VisualCogB_Task-1,right,Q2_plus_memory_control,cue_stage,0.0,0.8,30.53526542634487,1.5221953156237575,-0.7247961684919959,3,6,45,True,False
causal,outward,2.0,0.2,1.0,VisualCogB_Task-1,right,Q2_plus_memory_control,late_stage,0.8,2.8,22.029730021977393,1.5091678648604376,-0.41300058947477614,3,6,45,True,False
causal,outward,2.0,0.2,1.0,VisualCogB_Task-1,right,Q2_plus_memory_control,candidate_target_600ms,2.0,2.6,26.876115378782007,1.6236478461936392,-0.7693646528517968,3,6,45,True,False
causal,outward,2.0,0.2,1.0,VisualCogB_Task-2,left,Training_mean_template,cue_stage,0.0,0.8,26.4278692037496,0.9248201873744891,0.789906236108502,3,6,44,True,False
causal,outward,2.0,0.2,1.0,VisualCogB_Task-2,left,Training_mean_template,late_stage,0.8,2.8,39.47626028962619,1.005723497199289,0.8762536900741064,3,6,44,True,False
causal,outward,2.0,0.2,1.0,VisualCogB_Task-2,left,Training_mean_template,candidate_target_600ms,2.0,2.6,47.7762798969263,1.7453024701948108,0.6123466423075358,3,6,44,True,False
causal,outward,2.0,0.2,1.0,VisualCogB_Task-2,right,Training_mean_template,cue_stage,0.0,0.8,25.656803416207826,1.3503155298984768,-0.3645966707592247,3,6,47,True,False
causal,outward,2.0,0.2,1.0,VisualCogB_Task-2,right,Training_mean_template,late_stage,0.8,2.8,28.28070208588447,0.837867425273061,0.6846402253473619,3,6,47,True,False
causal,outward,2.0,0.2,1.0,VisualCogB_Task-2,right,Training_mean_template,candidate_target_600ms,2.0,2.6,26.579094745194563,1.5706087772841744,-0.2959889657111371,3,6,47,True,False
causal,outward,2.0,0.2,1.0,VisualCogB_Task-2,left,Q2_visual_only,cue_stage,0.0,0.8,29.2435593865531,1.0233528046798366,0.41480645788883247,3,6,44,True,False
causal,outward,2.0,0.2,1.0,VisualCogB_Task-2,left,Q2_visual_only,late_stage,0.8,2.8,46.44054256213696,1.1831501903866661,0.5451984107953882,3,6,44,True,False
causal,outward,2.0,0.2,1.0,VisualCogB_Task-2,left,Q2_visual_only,candidate_target_600ms,2.0,2.6,49.380162299694156,1.803893468185695,0.3342001407837435,3,6,44,True,False
causal,outward,2.0,0.2,1.0,VisualCogB_Task-2,right,Q2_visual_only,cue_stage,0.0,0.8,20.046384744144042,1.055039639943521,0.13284177359096727,3,6,47,True,False
causal,outward,2.0,0.2,1.0,VisualCogB_Task-2,right,Q2_visual_only,late_stage,0.8,2.8,35.638139635423116,1.05584494356516,0.40442020276341173,3,6,47,True,False
causal,outward,2.0,0.2,1.0,VisualCogB_Task-2,right,Q2_visual_only,candidate_target_600ms,2.0,2.6,29.796158132160635,1.7607111130140995,0.10597715101004543,3,6,47,True,False
causal,outward,2.0,0.2,1.0,VisualCogB_Task-2,left,Q2_plus_memory,cue_stage,0.0,0.8,29.07140341940822,1.0173283570573255,0.4220153095870475,3,6,44,True,False
causal,outward,2.0,0.2,1.0,VisualCogB_Task-2,left,Q2_plus_memory,late_stage,0.8,2.8,46.31344851111144,1.1799122577017354,0.5699232263131133,3,6,44,True,False
causal,outward,2.0,0.2,1.0,VisualCogB_Task-2,left,Q2_plus_memory,candidate_target_600ms,2.0,2.6,48.882325017178374,1.785707107908076,0.41144888073540203,3,6,44,True,False
causal,outward,2.0,0.2,1.0,VisualCogB_Task-2,right,Q2_plus_memory,cue_stage,0.0,0.8,20.348700444439906,1.0709504912845635,0.03256518158753604,3,6,47,True,False
causal,outward,2.0,0.2,1.0,VisualCogB_Task-2,right,Q2_plus_memory,late_stage,0.8,2.8,35.43230629220926,1.0497467550269053,0.44737559777472186,3,6,47,True,False
causal,outward,2.0,0.2,1.0,VisualCogB_Task-2,right,Q2_plus_memory,candidate_target_600ms,2.0,2.6,29.057830715266114,1.7170819551138388,0.2759829337908432,3,6,47,True,False
causal,outward,2.0,0.2,1.0,VisualCogB_Task-2,left,Q2_plus_memory_control,cue_stage,0.0,0.8,29.491418419438144,1.0320264149307412,0.32657889844332355,3,6,44,True,False
causal,outward,2.0,0.2,1.0,VisualCogB_Task-2,left,Q2_plus_memory_control,late_stage,0.8,2.8,45.68107339697882,1.1638014481503456,0.5994536892524139,3,6,44,True,False
causal,outward,2.0,0.2,1.0,VisualCogB_Task-2,left,Q2_plus_memory_control,candidate_target_600ms,2.0,2.6,47.904678705894526,1.7499929726564043,0.35458248183439384,3,6,44,True,False
causal,outward,2.0,0.2,1.0,VisualCogB_Task-2,right,Q2_plus_memory_control,cue_stage,0.0,0.8,20.518929146525583,1.0799096143807614,0.06997128606425332,3,6,47,True,False
causal,outward,2.0,0.2,1.0,VisualCogB_Task-2,right,Q2_plus_memory_control,late_stage,0.8,2.8,34.787849753618104,1.0306535536258243,0.5095768547089519,3,6,47,True,False
causal,outward,2.0,0.2,1.0,VisualCogB_Task-2,right,Q2_plus_memory_control,candidate_target_600ms,2.0,2.6,27.7153736233752,1.637753636679199,0.40864352437158813,3,6,47,True,False
causal,dots,2.2,0.2,-1.0,VisualCogA_Task-1,left,Training_mean_template,cue_stage,0.0,0.8,21.08297624331433,4.731957807756377,-0.10334538273310898,3,6,45,True,False
causal,dots,2.2,0.2,-1.0,VisualCogA_Task-1,left,Training_mean_template,late_stage,0.8,2.8,24.49688739931746,4.312586241327728,0.5211216432194095,3,6,45,True,False
causal,dots,2.2,0.2,-1.0,VisualCogA_Task-1,left,Training_mean_template,candidate_target_600ms,2.2,2.8000000000000003,24.350121917357043,8.35701490521298,0.3717382161229823,3,6,45,True,False
causal,dots,2.2,0.2,-1.0,VisualCogA_Task-1,right,Training_mean_template,cue_stage,0.0,0.8,21.588969073992708,3.3231685790306935,-0.16016885027459948,3,6,41,True,False
causal,dots,2.2,0.2,-1.0,VisualCogA_Task-1,right,Training_mean_template,late_stage,0.8,2.8,27.87665206779353,4.14508064387879,0.5559043453806836,3,6,41,True,False
causal,dots,2.2,0.2,-1.0,VisualCogA_Task-1,right,Training_mean_template,candidate_target_600ms,2.2,2.8000000000000003,27.586195980037484,6.765520602946754,-0.08621285494286048,3,6,41,True,False
causal,dots,2.2,0.2,-1.0,VisualCogA_Task-1,left,Q2_visual_only,cue_stage,0.0,0.8,20.29484389174841,4.555065845658739,-0.43413445995859434,3,6,45,True,False
causal,dots,2.2,0.2,-1.0,VisualCogA_Task-1,left,Q2_visual_only,late_stage,0.8,2.8,12.341969700347839,2.172758026478368,0.40787089234500024,3,6,45,True,False
causal,dots,2.2,0.2,-1.0,VisualCogA_Task-1,left,Q2_visual_only,candidate_target_600ms,2.2,2.8000000000000003,15.25513198526491,5.235594540944606,-0.10961730057088315,3,6,45,True,False
causal,dots,2.2,0.2,-1.0,VisualCogA_Task-1,right,Q2_visual_only,cue_stage,0.0,0.8,25.77631500201636,3.967722581116112,-0.8029255958283039,3,6,41,True,False
causal,dots,2.2,0.2,-1.0,VisualCogA_Task-1,right,Q2_visual_only,late_stage,0.8,2.8,20.915738821787276,3.1100371713136217,-0.28524015365051236,3,6,41,True,False
causal,dots,2.2,0.2,-1.0,VisualCogA_Task-1,right,Q2_visual_only,candidate_target_600ms,2.2,2.8000000000000003,19.552283510220477,4.795201811035382,-0.5203880199981419,3,6,41,True,False
causal,dots,2.2,0.2,-1.0,VisualCogA_Task-1,left,Q2_plus_memory,cue_stage,0.0,0.8,20.50039225153786,4.601200042024191,-0.5008981713804721,3,6,45,True,False
causal,dots,2.2,0.2,-1.0,VisualCogA_Task-1,left,Q2_plus_memory,late_stage,0.8,2.8,12.2089764900346,2.1493450646747854,0.43958127461489777,3,6,45,True,False
causal,dots,2.2,0.2,-1.0,VisualCogA_Task-1,left,Q2_plus_memory,candidate_target_600ms,2.2,2.8000000000000003,14.819536148845515,5.086097100645929,-0.06724495107679324,3,6,45,True,False
causal,dots,2.2,0.2,-1.0,VisualCogA_Task-1,right,Q2_plus_memory,cue_stage,0.0,0.8,25.58416657071628,3.938145363824357,-0.7775086393659102,3,6,41,True,False
causal,dots,2.2,0.2,-1.0,VisualCogA_Task-1,right,Q2_plus_memory,late_stage,0.8,2.8,20.952230818156206,3.115463298792542,-0.29727125123128967,3,6,41,True,False
causal,dots,2.2,0.2,-1.0,VisualCogA_Task-1,right,Q2_plus_memory,candidate_target_600ms,2.2,2.8000000000000003,19.345322081264968,4.744444475278504,-0.5972570515931184,3,6,41,True,False
causal,dots,2.2,0.2,-1.0,VisualCogA_Task-1,left,Q2_plus_memory_control,cue_stage,0.0,0.8,21.33680272433187,4.7889277623208875,-0.45527058051903807,3,6,45,True,False
causal,dots,2.2,0.2,-1.0,VisualCogA_Task-1,left,Q2_plus_memory_control,late_stage,0.8,2.8,13.32544546314382,2.3458952897631478,0.35775102820350746,3,6,45,True,False
causal,dots,2.2,0.2,-1.0,VisualCogA_Task-1,left,Q2_plus_memory_control,candidate_target_600ms,2.2,2.8000000000000003,16.19340592931868,5.557612203206947,0.15061170764093088,3,6,45,True,False
causal,dots,2.2,0.2,-1.0,VisualCogA_Task-1,right,Q2_plus_memory_control,cue_stage,0.0,0.8,26.734934333660508,4.11528190325201,-0.8043339222240262,3,6,41,True,False
causal,dots,2.2,0.2,-1.0,VisualCogA_Task-1,right,Q2_plus_memory_control,late_stage,0.8,2.8,21.55491391980577,3.2050784381200734,-0.26866132725611114,3,6,41,True,False
causal,dots,2.2,0.2,-1.0,VisualCogA_Task-1,right,Q2_plus_memory_control,candidate_target_600ms,2.2,2.8000000000000003,21.526297947795932,5.27932928397857,-0.8260614201130465,3,6,41,True,False
causal,dots,2.2,0.2,-1.0,VisualCogA_Task-2,left,Training_mean_template,cue_stage,0.0,0.8,14.713195942736856,0.8519186648979836,0.8705575703100655,3,6,49,True,False
causal,dots,2.2,0.2,-1.0,VisualCogA_Task-2,left,Training_mean_template,late_stage,0.8,2.8,22.78064222039507,0.6816371691356803,0.819328530733084,3,6,49,True,False
causal,dots,2.2,0.2,-1.0,VisualCogA_Task-2,left,Training_mean_template,candidate_target_600ms,2.2,2.8000000000000003,17.33385561819874,1.1620589275348225,0.9069987156389528,3,6,49,True,False
causal,dots,2.2,0.2,-1.0,VisualCogA_Task-2,right,Training_mean_template,cue_stage,0.0,0.8,24.53165598018877,1.0559612869671255,-0.04108536717954614,3,6,41,True,False
causal,dots,2.2,0.2,-1.0,VisualCogA_Task-2,right,Training_mean_template,late_stage,0.8,2.8,29.668513338841645,0.7937917102851009,0.7276545483506327,3,6,41,True,False
causal,dots,2.2,0.2,-1.0,VisualCogA_Task-2,right,Training_mean_template,candidate_target_600ms,2.2,2.8000000000000003,27.667597101834037,1.4130975845913976,-0.7637109727765604,3,6,41,True,False
causal,dots,2.2,0.2,-1.0,VisualCogA_Task-2,left,Q2_visual_only,cue_stage,0.0,0.8,15.959654712064259,0.9240907133603695,0.562120676719141,3,6,49,True,False
causal,dots,2.2,0.2,-1.0,VisualCogA_Task-2,left,Q2_visual_only,late_stage,0.8,2.8,31.588263564826743,0.9451768016866227,0.5462589526155734,3,6,49,True,False
causal,dots,2.2,0.2,-1.0,VisualCogA_Task-2,left,Q2_visual_only,candidate_target_600ms,2.2,2.8000000000000003,24.456582158562806,1.6395653835092954,0.7362144287458882,3,6,49,True,False
causal,dots,2.2,0.2,-1.0,VisualCogA_Task-2,right,Q2_visual_only,cue_stage,0.0,0.8,24.1721268312428,1.040485411097605,-0.02783757494417738,3,6,41,True,False
causal,dots,2.2,0.2,-1.0,VisualCogA_Task-2,right,Q2_visual_only,late_stage,0.8,2.8,37.18987545434225,0.995028450028323,0.27034397644310315,3,6,41,True,False
causal,dots,2.2,0.2,-1.0,VisualCogA_Task-2,right,Q2_visual_only,candidate_target_600ms,2.2,2.8000000000000003,29.473044467657502,1.5053091815133044,0.2067763475216593,3,6,41,True,False
causal,dots,2.2,0.2,-1.0,VisualCogA_Task-2,left,Q2_plus_memory,cue_stage,0.0,0.8,16.070366406676186,0.9305011057339548,0.5557363441564005,3,6,49,True,False
causal,dots,2.2,0.2,-1.0,VisualCogA_Task-2,left,Q2_plus_memory,late_stage,0.8,2.8,31.519556829114908,0.943120974446193,0.5576364849954311,3,6,49,True,False
causal,dots,2.2,0.2,-1.0,VisualCogA_Task-2,left,Q2_plus_memory,candidate_target_600ms,2.2,2.8000000000000003,24.524923275666744,1.6441469611454305,0.7610873610695932,3,6,49,True,False
causal,dots,2.2,0.2,-1.0,VisualCogA_Task-2,right,Q2_plus_memory,cue_stage,0.0,0.8,24.44923462686903,1.0524134727308843,-0.0627158147004885,3,6,41,True,False
causal,dots,2.2,0.2,-1.0,VisualCogA_Task-2,right,Q2_plus_memory,late_stage,0.8,2.8,37.15413600022103,0.9940722281210258,0.2753962425721497,3,6,41,True,False
causal,dots,2.2,0.2,-1.0,VisualCogA_Task-2,right,Q2_plus_memory,candidate_target_600ms,2.2,2.8000000000000003,29.624772277911045,1.5130585426665508,0.19240427553011563,3,6,41,True,False
causal,dots,2.2,0.2,-1.0,VisualCogA_Task-2,left,Q2_plus_memory_control,cue_stage,0.0,0.8,16.214161976538186,0.9388271098442686,0.5157960309088621,3,6,49,True,False
causal,dots,2.2,0.2,-1.0,VisualCogA_Task-2,left,Q2_plus_memory_control,late_stage,0.8,2.8,30.978442554235645,0.9269298768055221,0.6047424198917226,3,6,49,True,False
causal,dots,2.2,0.2,-1.0,VisualCogA_Task-2,left,Q2_plus_memory_control,candidate_target_600ms,2.2,2.8000000000000003,23.180417179247872,1.554011485987313,0.8317314310736159,3,6,49,True,False
causal,dots,2.2,0.2,-1.0,VisualCogA_Task-2,right,Q2_plus_memory_control,cue_stage,0.0,0.8,24.71327368084192,1.0637789924278815,-0.06904829574937213,3,6,41,True,False
causal,dots,2.2,0.2,-1.0,VisualCogA_Task-2,right,Q2_plus_memory_control,late_stage,0.8,2.8,36.73088917172707,0.9827481074943574,0.3306377627948701,3,6,41,True,False
causal,dots,2.2,0.2,-1.0,VisualCogA_Task-2,right,Q2_plus_memory_control,candidate_target_600ms,2.2,2.8000000000000003,29.164008587452884,1.4895254524723651,0.03925947769229381,3,6,41,True,False
causal,dots,2.2,0.2,-1.0,VisualCogB_Task-1,left,Training_mean_template,cue_stage,0.0,0.8,18.501979494376,1.7327873487562542,0.7417189870664094,3,6,43,True,False
causal,dots,2.2,0.2,-1.0,VisualCogB_Task-1,left,Training_mean_template,late_stage,0.8,2.8,30.92125778338932,3.64321298968191,0.5949236856159958,3,6,43,True,False
causal,dots,2.2,0.2,-1.0,VisualCogB_Task-1,left,Training_mean_template,candidate_target_600ms,2.2,2.8000000000000003,35.42214888888323,6.302511347979407,0.14347812929092318,3,6,43,True,False
causal,dots,2.2,0.2,-1.0,VisualCogB_Task-1,right,Training_mean_template,cue_stage,0.0,0.8,26.402931770541624,1.3161968137069837,-0.36016739175351004,3,6,45,True,False
causal,dots,2.2,0.2,-1.0,VisualCogB_Task-1,right,Training_mean_template,late_stage,0.8,2.8,25.8616667930673,1.7716783826623652,0.13143696731942994,3,6,45,True,False
causal,dots,2.2,0.2,-1.0,VisualCogB_Task-1,right,Training_mean_template,candidate_target_600ms,2.2,2.8000000000000003,26.60361194269259,1.5493726895045707,-0.8850803973104087,3,6,45,True,False
causal,dots,2.2,0.2,-1.0,VisualCogB_Task-1,left,Q2_visual_only,cue_stage,0.0,0.8,21.803450072545747,2.0419838026752775,0.41237258458695425,3,6,43,True,False
causal,dots,2.2,0.2,-1.0,VisualCogB_Task-1,left,Q2_visual_only,late_stage,0.8,2.8,19.95489420993632,2.3511310666159972,0.48691270809340526,3,6,43,True,False
causal,dots,2.2,0.2,-1.0,VisualCogB_Task-1,left,Q2_visual_only,candidate_target_600ms,2.2,2.8000000000000003,22.820654457406032,4.060381377123529,-0.2872366479492599,3,6,43,True,False
causal,dots,2.2,0.2,-1.0,VisualCogB_Task-1,right,Q2_visual_only,cue_stage,0.0,0.8,29.232629217598802,1.4572583744434655,-0.7737998350655095,3,6,45,True,False
causal,dots,2.2,0.2,-1.0,VisualCogB_Task-1,right,Q2_visual_only,late_stage,0.8,2.8,21.93052081085503,1.5023714423362098,-0.5416110761476607,3,6,45,True,False
causal,dots,2.2,0.2,-1.0,VisualCogB_Task-1,right,Q2_visual_only,candidate_target_600ms,2.2,2.8000000000000003,26.69537226631948,1.5547167360090024,-0.8587380789356368,3,6,45,True,False
causal,dots,2.2,0.2,-1.0,VisualCogB_Task-1,left,Q2_plus_memory,cue_stage,0.0,0.8,21.41696017152818,2.0057874156287525,0.44297457203136137,3,6,43,True,False
causal,dots,2.2,0.2,-1.0,VisualCogB_Task-1,left,Q2_plus_memory,late_stage,0.8,2.8,20.03297387756175,2.3603305908176235,0.4832172671138951,3,6,43,True,False
causal,dots,2.2,0.2,-1.0,VisualCogB_Task-1,left,Q2_plus_memory,candidate_target_600ms,2.2,2.8000000000000003,22.649770672578345,4.029976756657373,-0.30092797348758865,3,6,43,True,False
causal,dots,2.2,0.2,-1.0,VisualCogB_Task-1,right,Q2_plus_memory,cue_stage,0.0,0.8,29.82333185581124,1.4867051395610793,-0.7808496987404014,3,6,45,True,False
causal,dots,2.2,0.2,-1.0,VisualCogB_Task-1,right,Q2_plus_memory,late_stage,0.8,2.8,21.855269849448128,1.497216302775178,-0.5461017690437939,3,6,45,True,False
causal,dots,2.2,0.2,-1.0,VisualCogB_Task-1,right,Q2_plus_memory,candidate_target_600ms,2.2,2.8000000000000003,26.77151673533165,1.5591513278606057,-0.8780206113361122,3,6,45,True,False
causal,dots,2.2,0.2,-1.0,VisualCogB_Task-1,left,Q2_plus_memory_control,cue_stage,0.0,0.8,22.439116851335545,2.1015166409127435,0.36111518373721807,3,6,43,True,False
causal,dots,2.2,0.2,-1.0,VisualCogB_Task-1,left,Q2_plus_memory_control,late_stage,0.8,2.8,20.315341215520775,2.393599753434509,0.5061778059717743,3,6,43,True,False
causal,dots,2.2,0.2,-1.0,VisualCogB_Task-1,left,Q2_plus_memory_control,candidate_target_600ms,2.2,2.8000000000000003,24.20366729459303,4.3064549320655265,-0.12363233832331866,3,6,43,True,False
causal,dots,2.2,0.2,-1.0,VisualCogB_Task-1,right,Q2_plus_memory_control,cue_stage,0.0,0.8,30.365187129895816,1.513716843845986,-0.734386412434394,3,6,45,True,False
causal,dots,2.2,0.2,-1.0,VisualCogB_Task-1,right,Q2_plus_memory_control,late_stage,0.8,2.8,21.95086470775504,1.5037651205799696,-0.4665564268112341,3,6,45,True,False
causal,dots,2.2,0.2,-1.0,VisualCogB_Task-1,right,Q2_plus_memory_control,candidate_target_600ms,2.2,2.8000000000000003,27.092524260749467,1.5778465446634664,-0.9234958504456411,3,6,45,True,False
causal,dots,2.2,0.2,-1.0,VisualCogB_Task-2,left,Training_mean_template,cue_stage,0.0,0.8,26.4278692037496,0.9248201873744891,0.789906236108502,3,6,44,True,False
causal,dots,2.2,0.2,-1.0,VisualCogB_Task-2,left,Training_mean_template,late_stage,0.8,2.8,39.47626028962619,1.005723497199289,0.8762536900741064,3,6,44,True,False
causal,dots,2.2,0.2,-1.0,VisualCogB_Task-2,left,Training_mean_template,candidate_target_600ms,2.2,2.8000000000000003,44.2483180527083,1.6322628571846167,0.634346148101318,3,6,44,True,False
causal,dots,2.2,0.2,-1.0,VisualCogB_Task-2,right,Training_mean_template,cue_stage,0.0,0.8,25.656803416207826,1.3503155298984768,-0.3645966707592247,3,6,47,True,False
causal,dots,2.2,0.2,-1.0,VisualCogB_Task-2,right,Training_mean_template,late_stage,0.8,2.8,28.28070208588447,0.837867425273061,0.6846402253473619,3,6,47,True,False
causal,dots,2.2,0.2,-1.0,VisualCogB_Task-2,right,Training_mean_template,candidate_target_600ms,2.2,2.8000000000000003,29.79399155523826,1.7954928658332951,-0.7392356911909167,3,6,47,True,False
causal,dots,2.2,0.2,-1.0,VisualCogB_Task-2,left,Q2_visual_only,cue_stage,0.0,0.8,29.123929949990863,1.0191664770919395,0.4166805346774057,3,6,44,True,False
causal,dots,2.2,0.2,-1.0,VisualCogB_Task-2,left,Q2_visual_only,late_stage,0.8,2.8,46.100766768713605,1.174493835992448,0.6143750925137799,3,6,44,True,False
causal,dots,2.2,0.2,-1.0,VisualCogB_Task-2,left,Q2_visual_only,candidate_target_600ms,2.2,2.8000000000000003,48.000333516270906,1.7706698238281933,0.4452578807983778,3,6,44,True,False
causal,dots,2.2,0.2,-1.0,VisualCogB_Task-2,right,Q2_visual_only,cue_stage,0.0,0.8,19.875828872391573,1.0460632979336957,0.13381478894793974,3,6,47,True,False
causal,dots,2.2,0.2,-1.0,VisualCogB_Task-2,right,Q2_visual_only,late_stage,0.8,2.8,35.467096520562166,1.050777479050877,0.4283654764394501,3,6,47,True,False
causal,dots,2.2,0.2,-1.0,VisualCogB_Task-2,right,Q2_visual_only,candidate_target_600ms,2.2,2.8000000000000003,32.69976446431706,1.9706051705511691,0.2393837579588224,3,6,47,True,False
causal,dots,2.2,0.2,-1.0,VisualCogB_Task-2,left,Q2_plus_memory,cue_stage,0.0,0.8,29.813572882907113,1.043299928847884,0.2620494359337135,3,6,44,True,False
causal,dots,2.2,0.2,-1.0,VisualCogB_Task-2,left,Q2_plus_memory,late_stage,0.8,2.8,46.06971616339421,1.1737027700925158,0.6109132488346118,3,6,44,True,False
causal,dots,2.2,0.2,-1.0,VisualCogB_Task-2,left,Q2_plus_memory,candidate_target_600ms,2.2,2.8000000000000003,48.39129429907508,1.7850918582121198,0.3373774273701291,3,6,44,True,False
causal,dots,2.2,0.2,-1.0,VisualCogB_Task-2,right,Q2_plus_memory,cue_stage,0.0,0.8,20.12587266609022,1.0592230829742875,0.11822089379138913,3,6,47,True,False
causal,dots,2.2,0.2,-1.0,VisualCogB_Task-2,right,Q2_plus_memory,late_stage,0.8,2.8,35.423241767582354,1.0494782019376854,0.43604753050688816,3,6,47,True,False
causal,dots,2.2,0.2,-1.0,VisualCogB_Task-2,right,Q2_plus_memory,candidate_target_600ms,2.2,2.8000000000000003,32.97517988148479,1.9872026920933346,0.17898213922991102,3,6,47,True,False
causal,dots,2.2,0.2,-1.0,VisualCogB_Task-2,left,Q2_plus_memory_control,cue_stage,0.0,0.8,29.587986327516315,1.0354057244828918,0.2871259346889647,3,6,44,True,False
causal,dots,2.2,0.2,-1.0,VisualCogB_Task-2,left,Q2_plus_memory_control,late_stage,0.8,2.8,45.722963219577785,1.164868661168301,0.597191613046552,3,6,44,True,False
causal,dots,2.2,0.2,-1.0,VisualCogB_Task-2,left,Q2_plus_memory_control,candidate_target_600ms,2.2,2.8000000000000003,47.6164598775688,1.7565092249652179,0.12120647225636368,3,6,44,True,False
causal,dots,2.2,0.2,-1.0,VisualCogB_Task-2,right,Q2_plus_memory_control,cue_stage,0.0,0.8,20.41430882261177,1.0744034550267636,0.057157307244604626,3,6,47,True,False
causal,dots,2.2,0.2,-1.0,VisualCogB_Task-2,right,Q2_plus_memory_control,late_stage,0.8,2.8,34.96185220427242,1.035808693865207,0.4822518474907039,3,6,47,True,False
causal,dots,2.2,0.2,-1.0,VisualCogB_Task-2,right,Q2_plus_memory_control,candidate_target_600ms,2.2,2.8000000000000003,31.983022809840236,1.927411745968472,0.03501884289860883,3,6,47,True,False
causal,dots,2.2,0.2,1.0,VisualCogA_Task-1,left,Training_mean_template,cue_stage,0.0,0.8,21.08297624331433,4.731957807756377,-0.10334538273310898,3,6,45,True,False
causal,dots,2.2,0.2,1.0,VisualCogA_Task-1,left,Training_mean_template,late_stage,0.8,2.8,24.49688739931746,4.312586241327728,0.5211216432194095,3,6,45,True,False
causal,dots,2.2,0.2,1.0,VisualCogA_Task-1,left,Training_mean_template,candidate_target_600ms,2.2,2.8000000000000003,24.350121917357043,8.35701490521298,0.3717382161229823,3,6,45,True,False
causal,dots,2.2,0.2,1.0,VisualCogA_Task-1,right,Training_mean_template,cue_stage,0.0,0.8,21.588969073992708,3.3231685790306935,-0.16016885027459948,3,6,41,True,False
causal,dots,2.2,0.2,1.0,VisualCogA_Task-1,right,Training_mean_template,late_stage,0.8,2.8,27.87665206779353,4.14508064387879,0.5559043453806836,3,6,41,True,False
causal,dots,2.2,0.2,1.0,VisualCogA_Task-1,right,Training_mean_template,candidate_target_600ms,2.2,2.8000000000000003,27.586195980037484,6.765520602946754,-0.08621285494286048,3,6,41,True,False
causal,dots,2.2,0.2,1.0,VisualCogA_Task-1,left,Q2_visual_only,cue_stage,0.0,0.8,20.29484389174841,4.555065845658739,-0.43413445995859434,3,6,45,True,False
causal,dots,2.2,0.2,1.0,VisualCogA_Task-1,left,Q2_visual_only,late_stage,0.8,2.8,12.341969700347839,2.172758026478368,0.40787089234500024,3,6,45,True,False
causal,dots,2.2,0.2,1.0,VisualCogA_Task-1,left,Q2_visual_only,candidate_target_600ms,2.2,2.8000000000000003,15.25513198526491,5.235594540944606,-0.10961730057088315,3,6,45,True,False
causal,dots,2.2,0.2,1.0,VisualCogA_Task-1,right,Q2_visual_only,cue_stage,0.0,0.8,25.77631500201636,3.967722581116112,-0.8029255958283039,3,6,41,True,False
causal,dots,2.2,0.2,1.0,VisualCogA_Task-1,right,Q2_visual_only,late_stage,0.8,2.8,20.915738821787276,3.1100371713136217,-0.28524015365051236,3,6,41,True,False
causal,dots,2.2,0.2,1.0,VisualCogA_Task-1,right,Q2_visual_only,candidate_target_600ms,2.2,2.8000000000000003,19.552283510220477,4.795201811035382,-0.5203880199981419,3,6,41,True,False
causal,dots,2.2,0.2,1.0,VisualCogA_Task-1,left,Q2_plus_memory,cue_stage,0.0,0.8,20.48702425251068,4.598199668327388,-0.29697398166742467,3,6,45,True,False
causal,dots,2.2,0.2,1.0,VisualCogA_Task-1,left,Q2_plus_memory,late_stage,0.8,2.8,12.446762522022901,2.191206414372675,0.3497218129004664,3,6,45,True,False
causal,dots,2.2,0.2,1.0,VisualCogA_Task-1,left,Q2_plus_memory,candidate_target_600ms,2.2,2.8000000000000003,15.325369742811912,5.2597002923951,-0.01539817706579095,3,6,45,True,False
causal,dots,2.2,0.2,1.0,VisualCogA_Task-1,right,Q2_plus_memory,cue_stage,0.0,0.8,26.508553325651224,4.080435299408753,-0.8157657480306928,3,6,41,True,False
causal,dots,2.2,0.2,1.0,VisualCogA_Task-1,right,Q2_plus_memory,late_stage,0.8,2.8,20.733827886825814,3.0829881736942197,-0.28985579180847376,3,6,41,True,False
causal,dots,2.2,0.2,1.0,VisualCogA_Task-1,right,Q2_plus_memory,candidate_target_600ms,2.2,2.8000000000000003,20.08057378936511,4.92476511764264,-0.6536417254175915,3,6,41,True,False
causal,dots,2.2,0.2,1.0,VisualCogA_Task-1,left,Q2_plus_memory_control,cue_stage,0.0,0.8,21.45829539640709,4.816196122896583,-0.43895394415688493,3,6,45,True,False
causal,dots,2.2,0.2,1.0,VisualCogA_Task-1,left,Q2_plus_memory_control,late_stage,0.8,2.8,13.325707381744913,2.3459413995622014,0.36050829805445006,3,6,45,True,False
causal,dots,2.2,0.2,1.0,VisualCogA_Task-1,left,Q2_plus_memory_control,candidate_target_600ms,2.2,2.8000000000000003,16.076375295984533,5.517447034816443,0.2792135952537693,3,6,45,True,False
causal,dots,2.2,0.2,1.0,VisualCogA_Task-1,right,Q2_plus_memory_control,cue_stage,0.0,0.8,26.922277141022125,4.144119395621273,-0.8095459236504708,3,6,41,True,False
causal,dots,2.2,0.2,1.0,VisualCogA_Task-1,right,Q2_plus_memory_control,late_stage,0.8,2.8,21.531078814606015,3.2015343097588898,-0.2500469472056831,3,6,41,True,False
causal,dots,2.2,0.2,1.0,VisualCogA_Task-1,right,Q2_plus_memory_control,candidate_target_600ms,2.2,2.8000000000000003,21.488951276576405,5.270170004686491,-0.7758409323199342,3,6,41,True,False
causal,dots,2.2,0.2,1.0,VisualCogA_Task-2,left,Training_mean_template,cue_stage,0.0,0.8,14.713195942736856,0.8519186648979836,0.8705575703100655,3,6,49,True,False
causal,dots,2.2,0.2,1.0,VisualCogA_Task-2,left,Training_mean_template,late_stage,0.8,2.8,22.78064222039507,0.6816371691356803,0.819328530733084,3,6,49,True,False
causal,dots,2.2,0.2,1.0,VisualCogA_Task-2,left,Training_mean_template,candidate_target_600ms,2.2,2.8000000000000003,17.33385561819874,1.1620589275348225,0.9069987156389528,3,6,49,True,False
causal,dots,2.2,0.2,1.0,VisualCogA_Task-2,right,Training_mean_template,cue_stage,0.0,0.8,24.53165598018877,1.0559612869671255,-0.04108536717954614,3,6,41,True,False
causal,dots,2.2,0.2,1.0,VisualCogA_Task-2,right,Training_mean_template,late_stage,0.8,2.8,29.668513338841645,0.7937917102851009,0.7276545483506327,3,6,41,True,False
causal,dots,2.2,0.2,1.0,VisualCogA_Task-2,right,Training_mean_template,candidate_target_600ms,2.2,2.8000000000000003,27.667597101834037,1.4130975845913976,-0.7637109727765604,3,6,41,True,False
causal,dots,2.2,0.2,1.0,VisualCogA_Task-2,left,Q2_visual_only,cue_stage,0.0,0.8,15.959654712064259,0.9240907133603695,0.562120676719141,3,6,49,True,False
causal,dots,2.2,0.2,1.0,VisualCogA_Task-2,left,Q2_visual_only,late_stage,0.8,2.8,31.588263564826743,0.9451768016866227,0.5462589526155734,3,6,49,True,False
causal,dots,2.2,0.2,1.0,VisualCogA_Task-2,left,Q2_visual_only,candidate_target_600ms,2.2,2.8000000000000003,24.456582158562806,1.6395653835092954,0.7362144287458882,3,6,49,True,False
causal,dots,2.2,0.2,1.0,VisualCogA_Task-2,right,Q2_visual_only,cue_stage,0.0,0.8,24.1721268312428,1.040485411097605,-0.02783757494417738,3,6,41,True,False
causal,dots,2.2,0.2,1.0,VisualCogA_Task-2,right,Q2_visual_only,late_stage,0.8,2.8,37.18987545434225,0.995028450028323,0.27034397644310315,3,6,41,True,False
causal,dots,2.2,0.2,1.0,VisualCogA_Task-2,right,Q2_visual_only,candidate_target_600ms,2.2,2.8000000000000003,29.473044467657502,1.5053091815133044,0.2067763475216593,3,6,41,True,False
causal,dots,2.2,0.2,1.0,VisualCogA_Task-2,left,Q2_plus_memory,cue_stage,0.0,0.8,15.760811802622062,0.9125773761768156,0.5797951370377252,3,6,49,True,False
causal,dots,2.2,0.2,1.0,VisualCogA_Task-2,left,Q2_plus_memory,late_stage,0.8,2.8,31.611782265242436,0.9458805228643667,0.5452310313663153,3,6,49,True,False
causal,dots,2.2,0.2,1.0,VisualCogA_Task-2,left,Q2_plus_memory,candidate_target_600ms,2.2,2.8000000000000003,24.18144284360706,1.62112008753461,0.7682215789509462,3,6,49,True,False
causal,dots,2.2,0.2,1.0,VisualCogA_Task-2,right,Q2_plus_memory,cue_stage,0.0,0.8,24.459039534203672,1.0528355234304394,-0.06686825178356681,3,6,41,True,False
causal,dots,2.2,0.2,1.0,VisualCogA_Task-2,right,Q2_plus_memory,late_stage,0.8,2.8,37.108670018820625,0.9928557694894985,0.28852024015536104,3,6,41,True,False
causal,dots,2.2,0.2,1.0,VisualCogA_Task-2,right,Q2_plus_memory,candidate_target_600ms,2.2,2.8000000000000003,29.487471048283382,1.5060460061157919,0.16217418754189625,3,6,41,True,False
causal,dots,2.2,0.2,1.0,VisualCogA_Task-2,left,Q2_plus_memory_control,cue_stage,0.0,0.8,16.08940089365169,0.9316032343805317,0.5305476329083263,3,6,49,True,False
causal,dots,2.2,0.2,1.0,VisualCogA_Task-2,left,Q2_plus_memory_control,late_stage,0.8,2.8,30.87534522110953,0.9238450219705426,0.618937014182441,3,6,49,True,False
causal,dots,2.2,0.2,1.0,VisualCogA_Task-2,left,Q2_plus_memory_control,candidate_target_600ms,2.2,2.8000000000000003,22.792208633679778,1.5279860467509851,0.8607670124115956,3,6,49,True,False
causal,dots,2.2,0.2,1.0,VisualCogA_Task-2,right,Q2_plus_memory_control,cue_stage,0.0,0.8,24.81744050807935,1.0682628371808713,-0.07393590686608904,3,6,41,True,False
causal,dots,2.2,0.2,1.0,VisualCogA_Task-2,right,Q2_plus_memory_control,late_stage,0.8,2.8,36.584275033689444,0.9788253936712654,0.34966050604529736,3,6,41,True,False
causal,dots,2.2,0.2,1.0,VisualCogA_Task-2,right,Q2_plus_memory_control,candidate_target_600ms,2.2,2.8000000000000003,28.692241013607624,1.4654303488522142,0.0724378617017258,3,6,41,True,False
causal,dots,2.2,0.2,1.0,VisualCogB_Task-1,left,Training_mean_template,cue_stage,0.0,0.8,18.501979494376,1.7327873487562542,0.7417189870664094,3,6,43,True,False
causal,dots,2.2,0.2,1.0,VisualCogB_Task-1,left,Training_mean_template,late_stage,0.8,2.8,30.92125778338932,3.64321298968191,0.5949236856159958,3,6,43,True,False
causal,dots,2.2,0.2,1.0,VisualCogB_Task-1,left,Training_mean_template,candidate_target_600ms,2.2,2.8000000000000003,35.42214888888323,6.302511347979407,0.14347812929092318,3,6,43,True,False
causal,dots,2.2,0.2,1.0,VisualCogB_Task-1,right,Training_mean_template,cue_stage,0.0,0.8,26.402931770541624,1.3161968137069837,-0.36016739175351004,3,6,45,True,False
causal,dots,2.2,0.2,1.0,VisualCogB_Task-1,right,Training_mean_template,late_stage,0.8,2.8,25.8616667930673,1.7716783826623652,0.13143696731942994,3,6,45,True,False
causal,dots,2.2,0.2,1.0,VisualCogB_Task-1,right,Training_mean_template,candidate_target_600ms,2.2,2.8000000000000003,26.60361194269259,1.5493726895045707,-0.8850803973104087,3,6,45,True,False
causal,dots,2.2,0.2,1.0,VisualCogB_Task-1,left,Q2_visual_only,cue_stage,0.0,0.8,21.803450072545747,2.0419838026752775,0.41237258458695425,3,6,43,True,False
causal,dots,2.2,0.2,1.0,VisualCogB_Task-1,left,Q2_visual_only,late_stage,0.8,2.8,19.95489420993632,2.3511310666159972,0.48691270809340526,3,6,43,True,False
causal,dots,2.2,0.2,1.0,VisualCogB_Task-1,left,Q2_visual_only,candidate_target_600ms,2.2,2.8000000000000003,22.820654457406032,4.060381377123529,-0.2872366479492599,3,6,43,True,False
causal,dots,2.2,0.2,1.0,VisualCogB_Task-1,right,Q2_visual_only,cue_stage,0.0,0.8,29.232629217598802,1.4572583744434655,-0.7737998350655095,3,6,45,True,False
causal,dots,2.2,0.2,1.0,VisualCogB_Task-1,right,Q2_visual_only,late_stage,0.8,2.8,21.93052081085503,1.5023714423362098,-0.5416110761476607,3,6,45,True,False
causal,dots,2.2,0.2,1.0,VisualCogB_Task-1,right,Q2_visual_only,candidate_target_600ms,2.2,2.8000000000000003,26.69537226631948,1.5547167360090024,-0.8587380789356368,3,6,45,True,False
causal,dots,2.2,0.2,1.0,VisualCogB_Task-1,left,Q2_plus_memory,cue_stage,0.0,0.8,22.496530015624526,2.1068936225898796,0.3687128033433096,3,6,43,True,False
causal,dots,2.2,0.2,1.0,VisualCogB_Task-1,left,Q2_plus_memory,late_stage,0.8,2.8,19.728927874714806,2.324507198548377,0.4754079022352727,3,6,43,True,False
causal,dots,2.2,0.2,1.0,VisualCogB_Task-1,left,Q2_plus_memory,candidate_target_600ms,2.2,2.8000000000000003,22.95451693436713,4.084198954729069,-0.188957185799827,3,6,43,True,False
causal,dots,2.2,0.2,1.0,VisualCogB_Task-1,right,Q2_plus_memory,cue_stage,0.0,0.8,29.672633569295087,1.4791927691066373,-0.7728552288265265,3,6,45,True,False
causal,dots,2.2,0.2,1.0,VisualCogB_Task-1,right,Q2_plus_memory,late_stage,0.8,2.8,21.835947854525827,1.4958926309102643,-0.5188687964644536,3,6,45,True,False
causal,dots,2.2,0.2,1.0,VisualCogB_Task-1,right,Q2_plus_memory,candidate_target_600ms,2.2,2.8000000000000003,26.79724654085156,1.5606498107758087,-0.8842406015872594,3,6,45,True,False
causal,dots,2.2,0.2,1.0,VisualCogB_Task-1,left,Q2_plus_memory_control,cue_stage,0.0,0.8,22.517843341793508,2.1088897042500476,0.3634752469080689,3,6,43,True,False
causal,dots,2.2,0.2,1.0,VisualCogB_Task-1,left,Q2_plus_memory_control,late_stage,0.8,2.8,20.358325390242786,2.3986642467612365,0.5147485049535939,3,6,43,True,False
causal,dots,2.2,0.2,1.0,VisualCogB_Task-1,left,Q2_plus_memory_control,candidate_target_600ms,2.2,2.8000000000000003,24.15664953302613,4.298089262981995,-0.0926538662539647,3,6,43,True,False
causal,dots,2.2,0.2,1.0,VisualCogB_Task-1,right,Q2_plus_memory_control,cue_stage,0.0,0.8,30.535119671963866,1.5221880497089897,-0.7358304499243524,3,6,45,True,False
causal,dots,2.2,0.2,1.0,VisualCogB_Task-1,right,Q2_plus_memory_control,late_stage,0.8,2.8,21.69158968963673,1.4860032358398976,-0.44950049197492536,3,6,45,True,False
causal,dots,2.2,0.2,1.0,VisualCogB_Task-1,right,Q2_plus_memory_control,candidate_target_600ms,2.2,2.8000000000000003,26.48720704391986,1.5425933630179447,-0.9265580519488827,3,6,45,True,False
causal,dots,2.2,0.2,1.0,VisualCogB_Task-2,left,Training_mean_template,cue_stage,0.0,0.8,26.4278692037496,0.9248201873744891,0.789906236108502,3,6,44,True,False
causal,dots,2.2,0.2,1.0,VisualCogB_Task-2,left,Training_mean_template,late_stage,0.8,2.8,39.47626028962619,1.005723497199289,0.8762536900741064,3,6,44,True,False
causal,dots,2.2,0.2,1.0,VisualCogB_Task-2,left,Training_mean_template,candidate_target_600ms,2.2,2.8000000000000003,44.2483180527083,1.6322628571846167,0.634346148101318,3,6,44,True,False
causal,dots,2.2,0.2,1.0,VisualCogB_Task-2,right,Training_mean_template,cue_stage,0.0,0.8,25.656803416207826,1.3503155298984768,-0.3645966707592247,3,6,47,True,False
causal,dots,2.2,0.2,1.0,VisualCogB_Task-2,right,Training_mean_template,late_stage,0.8,2.8,28.28070208588447,0.837867425273061,0.6846402253473619,3,6,47,True,False
causal,dots,2.2,0.2,1.0,VisualCogB_Task-2,right,Training_mean_template,candidate_target_600ms,2.2,2.8000000000000003,29.79399155523826,1.7954928658332951,-0.7392356911909167,3,6,47,True,False
causal,dots,2.2,0.2,1.0,VisualCogB_Task-2,left,Q2_visual_only,cue_stage,0.0,0.8,29.123929949990863,1.0191664770919395,0.4166805346774057,3,6,44,True,False
causal,dots,2.2,0.2,1.0,VisualCogB_Task-2,left,Q2_visual_only,late_stage,0.8,2.8,46.100766768713605,1.174493835992448,0.6143750925137799,3,6,44,True,False
causal,dots,2.2,0.2,1.0,VisualCogB_Task-2,left,Q2_visual_only,candidate_target_600ms,2.2,2.8000000000000003,48.000333516270906,1.7706698238281933,0.4452578807983778,3,6,44,True,False
causal,dots,2.2,0.2,1.0,VisualCogB_Task-2,right,Q2_visual_only,cue_stage,0.0,0.8,19.875828872391573,1.0460632979336957,0.13381478894793974,3,6,47,True,False
causal,dots,2.2,0.2,1.0,VisualCogB_Task-2,right,Q2_visual_only,late_stage,0.8,2.8,35.467096520562166,1.050777479050877,0.4283654764394501,3,6,47,True,False
causal,dots,2.2,0.2,1.0,VisualCogB_Task-2,right,Q2_visual_only,candidate_target_600ms,2.2,2.8000000000000003,32.69976446431706,1.9706051705511691,0.2393837579588224,3,6,47,True,False
causal,dots,2.2,0.2,1.0,VisualCogB_Task-2,left,Q2_plus_memory,cue_stage,0.0,0.8,28.88779635084646,1.0109031881478898,0.44818988302907387,3,6,44,True,False
causal,dots,2.2,0.2,1.0,VisualCogB_Task-2,left,Q2_plus_memory,late_stage,0.8,2.8,46.164102559805,1.1761074207861186,0.6066516858870616,3,6,44,True,False
causal,dots,2.2,0.2,1.0,VisualCogB_Task-2,left,Q2_plus_memory,candidate_target_600ms,2.2,2.8000000000000003,47.88843025149141,1.7665418580492525,0.38670371187245883,3,6,44,True,False
causal,dots,2.2,0.2,1.0,VisualCogB_Task-2,right,Q2_plus_memory,cue_stage,0.0,0.8,20.080558116739468,1.056838181834186,0.05983235421463378,3,6,47,True,False
causal,dots,2.2,0.2,1.0,VisualCogB_Task-2,right,Q2_plus_memory,late_stage,0.8,2.8,35.44563414653775,1.050141617041176,0.4414315159616815,3,6,47,True,False
causal,dots,2.2,0.2,1.0,VisualCogB_Task-2,right,Q2_plus_memory,candidate_target_600ms,2.2,2.8000000000000003,32.47994823234644,1.9573582554620688,0.20329239495325152,3,6,47,True,False
causal,dots,2.2,0.2,1.0,VisualCogB_Task-2,left,Q2_plus_memory_control,cue_stage,0.0,0.8,29.319162755082957,1.025998478491481,0.3329824713935849,3,6,44,True,False
causal,dots,2.2,0.2,1.0,VisualCogB_Task-2,left,Q2_plus_memory_control,late_stage,0.8,2.8,45.648383869814744,1.162968627986023,0.6034427400909944,3,6,44,True,False
causal,dots,2.2,0.2,1.0,VisualCogB_Task-2,left,Q2_plus_memory_control,candidate_target_600ms,2.2,2.8000000000000003,47.242637375438754,1.7427193994473338,0.16195490311669156,3,6,44,True,False
causal,dots,2.2,0.2,1.0,VisualCogB_Task-2,right,Q2_plus_memory_control,cue_stage,0.0,0.8,20.332252750985646,1.070084850481927,0.06644010874048714,3,6,47,True,False
causal,dots,2.2,0.2,1.0,VisualCogB_Task-2,right,Q2_plus_memory_control,late_stage,0.8,2.8,34.870522898771576,1.0331028964695275,0.4953508003618859,3,6,47,True,False
causal,dots,2.2,0.2,1.0,VisualCogB_Task-2,right,Q2_plus_memory_control,candidate_target_600ms,2.2,2.8000000000000003,31.609138206491433,1.9048801178476453,0.06070176305581833,3,6,47,True,False
causal,inward,2.2,0.2,-1.0,VisualCogA_Task-1,left,Training_mean_template,cue_stage,0.0,0.8,21.08297624331433,4.731957807756377,-0.10334538273310898,3,6,45,True,False
causal,inward,2.2,0.2,-1.0,VisualCogA_Task-1,left,Training_mean_template,late_stage,0.8,2.8,24.49688739931746,4.312586241327728,0.5211216432194095,3,6,45,True,False
causal,inward,2.2,0.2,-1.0,VisualCogA_Task-1,left,Training_mean_template,candidate_target_600ms,2.2,2.8000000000000003,24.350121917357043,8.35701490521298,0.3717382161229823,3,6,45,True,False
causal,inward,2.2,0.2,-1.0,VisualCogA_Task-1,right,Training_mean_template,cue_stage,0.0,0.8,21.588969073992708,3.3231685790306935,-0.16016885027459948,3,6,41,True,False
causal,inward,2.2,0.2,-1.0,VisualCogA_Task-1,right,Training_mean_template,late_stage,0.8,2.8,27.87665206779353,4.14508064387879,0.5559043453806836,3,6,41,True,False
causal,inward,2.2,0.2,-1.0,VisualCogA_Task-1,right,Training_mean_template,candidate_target_600ms,2.2,2.8000000000000003,27.586195980037484,6.765520602946754,-0.08621285494286048,3,6,41,True,False
causal,inward,2.2,0.2,-1.0,VisualCogA_Task-1,left,Q2_visual_only,cue_stage,0.0,0.8,20.17455662369869,4.528068031372341,-0.4325725454126196,3,6,45,True,False
causal,inward,2.2,0.2,-1.0,VisualCogA_Task-1,left,Q2_visual_only,late_stage,0.8,2.8,12.172641735602987,2.1429484658134883,0.41069888417512723,3,6,45,True,False
causal,inward,2.2,0.2,-1.0,VisualCogA_Task-1,left,Q2_visual_only,candidate_target_600ms,2.2,2.8000000000000003,14.965127150259493,5.136064249599471,-0.10909302546629979,3,6,45,True,False
causal,inward,2.2,0.2,-1.0,VisualCogA_Task-1,right,Q2_visual_only,cue_stage,0.0,0.8,25.658488564378562,3.9495856745322424,-0.8029068559104743,3,6,41,True,False
causal,inward,2.2,0.2,-1.0,VisualCogA_Task-1,right,Q2_visual_only,late_stage,0.8,2.8,20.725507023352463,3.0817509142830155,-0.282130920733059,3,6,41,True,False
causal,inward,2.2,0.2,-1.0,VisualCogA_Task-1,right,Q2_visual_only,candidate_target_600ms,2.2,2.8000000000000003,19.12820888421175,4.691197416173359,-0.47357554997735407,3,6,41,True,False
causal,inward,2.2,0.2,-1.0,VisualCogA_Task-1,left,Q2_plus_memory,cue_stage,0.0,0.8,20.339550817224467,4.565100068655803,-0.49468128364315894,3,6,45,True,False
causal,inward,2.2,0.2,-1.0,VisualCogA_Task-1,left,Q2_plus_memory,late_stage,0.8,2.8,12.006647482522242,2.113725792732359,0.4417495629094202,3,6,45,True,False
causal,inward,2.2,0.2,-1.0,VisualCogA_Task-1,left,Q2_plus_memory,candidate_target_600ms,2.2,2.8000000000000003,14.476916925603426,4.968509436602011,-0.0707138613424842,3,6,45,True,False
causal,inward,2.2,0.2,-1.0,VisualCogA_Task-1,right,Q2_plus_memory,cue_stage,0.0,0.8,25.46033170916557,3.919083586511901,-0.7801716475099529,3,6,41,True,False
causal,inward,2.2,0.2,-1.0,VisualCogA_Task-1,right,Q2_plus_memory,late_stage,0.8,2.8,20.730977760441466,3.0825643780504803,-0.29412416321864243,3,6,41,True,False
causal,inward,2.2,0.2,-1.0,VisualCogA_Task-1,right,Q2_plus_memory,candidate_target_600ms,2.2,2.8000000000000003,18.861462944020797,4.625777915948673,-0.5444767756174442,3,6,41,True,False
causal,inward,2.2,0.2,-1.0,VisualCogA_Task-1,left,Q2_plus_memory_control,cue_stage,0.0,0.8,21.327910839217807,4.786932027719398,-0.4545064543399939,3,6,45,True,False
causal,inward,2.2,0.2,-1.0,VisualCogA_Task-1,left,Q2_plus_memory_control,late_stage,0.8,2.8,13.297395457646603,2.34095719024852,0.35096460167187143,3,6,45,True,False
causal,inward,2.2,0.2,-1.0,VisualCogA_Task-1,left,Q2_plus_memory_control,candidate_target_600ms,2.2,2.8000000000000003,16.08954153743717,5.521965717574531,0.10685943495698874,3,6,45,True,False
causal,inward,2.2,0.2,-1.0,VisualCogA_Task-1,right,Q2_plus_memory_control,cue_stage,0.0,0.8,26.73207376327587,4.11484157849228,-0.8043217232991624,3,6,41,True,False
causal,inward,2.2,0.2,-1.0,VisualCogA_Task-1,right,Q2_plus_memory_control,late_stage,0.8,2.8,21.479595407915617,3.1938790550305125,-0.26978915292640726,3,6,41,True,False
causal,inward,2.2,0.2,-1.0,VisualCogA_Task-1,right,Q2_plus_memory_control,candidate_target_600ms,2.2,2.8000000000000003,21.36190250400773,5.239011265402015,-0.8283079024811866,3,6,41,True,False
causal,inward,2.2,0.2,-1.0,VisualCogA_Task-2,left,Training_mean_template,cue_stage,0.0,0.8,14.713195942736856,0.8519186648979836,0.8705575703100655,3,6,49,True,False
causal,inward,2.2,0.2,-1.0,VisualCogA_Task-2,left,Training_mean_template,late_stage,0.8,2.8,22.78064222039507,0.6816371691356803,0.819328530733084,3,6,49,True,False
causal,inward,2.2,0.2,-1.0,VisualCogA_Task-2,left,Training_mean_template,candidate_target_600ms,2.2,2.8000000000000003,17.33385561819874,1.1620589275348225,0.9069987156389528,3,6,49,True,False
causal,inward,2.2,0.2,-1.0,VisualCogA_Task-2,right,Training_mean_template,cue_stage,0.0,0.8,24.53165598018877,1.0559612869671255,-0.04108536717954614,3,6,41,True,False
causal,inward,2.2,0.2,-1.0,VisualCogA_Task-2,right,Training_mean_template,late_stage,0.8,2.8,29.668513338841645,0.7937917102851009,0.7276545483506327,3,6,41,True,False
causal,inward,2.2,0.2,-1.0,VisualCogA_Task-2,right,Training_mean_template,candidate_target_600ms,2.2,2.8000000000000003,27.667597101834037,1.4130975845913976,-0.7637109727765604,3,6,41,True,False
causal,inward,2.2,0.2,-1.0,VisualCogA_Task-2,left,Q2_visual_only,cue_stage,0.0,0.8,15.968125553971323,0.9245811892811765,0.5655041190414056,3,6,49,True,False
causal,inward,2.2,0.2,-1.0,VisualCogA_Task-2,left,Q2_visual_only,late_stage,0.8,2.8,31.673601979045504,0.9477302782095333,0.5374298763069082,3,6,49,True,False
causal,inward,2.2,0.2,-1.0,VisualCogA_Task-2,left,Q2_visual_only,candidate_target_600ms,2.2,2.8000000000000003,24.72241897330874,1.6573870413474168,0.7282032388344536,3,6,49,True,False
causal,inward,2.2,0.2,-1.0,VisualCogA_Task-2,right,Q2_visual_only,cue_stage,0.0,0.8,24.16035612979464,1.0399787430985208,-0.02723494368818751,3,6,41,True,False
causal,inward,2.2,0.2,-1.0,VisualCogA_Task-2,right,Q2_visual_only,late_stage,0.8,2.8,37.24361344343761,0.9964662291911718,0.2658618105739558,3,6,41,True,False
causal,inward,2.2,0.2,-1.0,VisualCogA_Task-2,right,Q2_visual_only,candidate_target_600ms,2.2,2.8000000000000003,29.63338284332929,1.5134983195344045,0.2219754906627712,3,6,41,True,False
causal,inward,2.2,0.2,-1.0,VisualCogA_Task-2,left,Q2_plus_memory,cue_stage,0.0,0.8,16.0717632197933,0.9305819835507443,0.5600168420725543,3,6,49,True,False
causal,inward,2.2,0.2,-1.0,VisualCogA_Task-2,left,Q2_plus_memory,late_stage,0.8,2.8,31.617551483589722,0.9460531480969797,0.5479599782224283,3,6,49,True,False
causal,inward,2.2,0.2,-1.0,VisualCogA_Task-2,left,Q2_plus_memory,candidate_target_600ms,2.2,2.8000000000000003,24.79176245741624,1.6620358175082661,0.7564522044392613,3,6,49,True,False
causal,inward,2.2,0.2,-1.0,VisualCogA_Task-2,right,Q2_plus_memory,cue_stage,0.0,0.8,24.423466245051994,1.0513042767740948,-0.062205748357879224,3,6,41,True,False
causal,inward,2.2,0.2,-1.0,VisualCogA_Task-2,right,Q2_plus_memory,late_stage,0.8,2.8,37.21636756276883,0.995737255886467,0.270073138457632,3,6,41,True,False
causal,inward,2.2,0.2,-1.0,VisualCogA_Task-2,right,Q2_plus_memory,candidate_target_600ms,2.2,2.8000000000000003,29.780829023009385,1.5210290002652354,0.21010647399759447,3,6,41,True,False
causal,inward,2.2,0.2,-1.0,VisualCogA_Task-2,left,Q2_plus_memory_control,cue_stage,0.0,0.8,16.23464322770198,0.94001300855824,0.5144038587097535,3,6,49,True,False
causal,inward,2.2,0.2,-1.0,VisualCogA_Task-2,left,Q2_plus_memory_control,late_stage,0.8,2.8,31.00281819748634,0.9276592392308883,0.6033561940807567,3,6,49,True,False
causal,inward,2.2,0.2,-1.0,VisualCogA_Task-2,left,Q2_plus_memory_control,candidate_target_600ms,2.2,2.8000000000000003,23.296777505087245,1.5618122637502558,0.82729338171473,3,6,49,True,False
causal,inward,2.2,0.2,-1.0,VisualCogA_Task-2,right,Q2_plus_memory_control,cue_stage,0.0,0.8,24.708251045765458,1.0635627938881829,-0.06809933264329132,3,6,41,True,False
causal,inward,2.2,0.2,-1.0,VisualCogA_Task-2,right,Q2_plus_memory_control,late_stage,0.8,2.8,36.73745908653997,0.982923887920434,0.331827150861096,3,6,41,True,False
causal,inward,2.2,0.2,-1.0,VisualCogA_Task-2,right,Q2_plus_memory_control,candidate_target_600ms,2.2,2.8000000000000003,29.201788347773718,1.4914550196790626,0.050440674077924116,3,6,41,True,False
causal,inward,2.2,0.2,-1.0,VisualCogB_Task-1,left,Training_mean_template,cue_stage,0.0,0.8,18.501979494376,1.7327873487562542,0.7417189870664094,3,6,43,True,False
causal,inward,2.2,0.2,-1.0,VisualCogB_Task-1,left,Training_mean_template,late_stage,0.8,2.8,30.92125778338932,3.64321298968191,0.5949236856159958,3,6,43,True,False
causal,inward,2.2,0.2,-1.0,VisualCogB_Task-1,left,Training_mean_template,candidate_target_600ms,2.2,2.8000000000000003,35.42214888888323,6.302511347979407,0.14347812929092318,3,6,43,True,False
causal,inward,2.2,0.2,-1.0,VisualCogB_Task-1,right,Training_mean_template,cue_stage,0.0,0.8,26.402931770541624,1.3161968137069837,-0.36016739175351004,3,6,45,True,False
causal,inward,2.2,0.2,-1.0,VisualCogB_Task-1,right,Training_mean_template,late_stage,0.8,2.8,25.8616667930673,1.7716783826623652,0.13143696731942994,3,6,45,True,False
causal,inward,2.2,0.2,-1.0,VisualCogB_Task-1,right,Training_mean_template,candidate_target_600ms,2.2,2.8000000000000003,26.60361194269259,1.5493726895045707,-0.8850803973104087,3,6,45,True,False
causal,inward,2.2,0.2,-1.0,VisualCogB_Task-1,left,Q2_visual_only,cue_stage,0.0,0.8,21.702898645568638,2.032566743240189,0.41382329299502607,3,6,43,True,False
causal,inward,2.2,0.2,-1.0,VisualCogB_Task-1,left,Q2_visual_only,late_stage,0.8,2.8,19.775899422327022,2.330041493226979,0.48493918149560483,3,6,43,True,False
causal,inward,2.2,0.2,-1.0,VisualCogB_Task-1,left,Q2_visual_only,candidate_target_600ms,2.2,2.8000000000000003,22.471822384307302,3.9983151793290213,-0.2884643182219931,3,6,43,True,False
causal,inward,2.2,0.2,-1.0,VisualCogB_Task-1,right,Q2_visual_only,cue_stage,0.0,0.8,29.205572669949685,1.4559095946141962,-0.7753292047832973,3,6,45,True,False
causal,inward,2.2,0.2,-1.0,VisualCogB_Task-1,right,Q2_visual_only,late_stage,0.8,2.8,21.92370551003486,1.501904553591913,-0.5405260991078084,3,6,45,True,False
causal,inward,2.2,0.2,-1.0,VisualCogB_Task-1,right,Q2_visual_only,candidate_target_600ms,2.2,2.8000000000000003,26.68728097681206,1.55424550589887,-0.8461312303631897,3,6,45,True,False
causal,inward,2.2,0.2,-1.0,VisualCogB_Task-1,left,Q2_plus_memory,cue_stage,0.0,0.8,21.33028083246851,1.997669534935673,0.4439804665264106,3,6,43,True,False
causal,inward,2.2,0.2,-1.0,VisualCogB_Task-1,left,Q2_plus_memory,late_stage,0.8,2.8,19.83759021955857,2.3373100434066725,0.4797806741589387,3,6,43,True,False
causal,inward,2.2,0.2,-1.0,VisualCogB_Task-1,left,Q2_plus_memory,candidate_target_600ms,2.2,2.8000000000000003,22.282857849745188,3.9646935284467073,-0.30570228633644325,3,6,43,True,False
causal,inward,2.2,0.2,-1.0,VisualCogB_Task-1,right,Q2_plus_memory,cue_stage,0.0,0.8,29.776059379020687,1.484348587498282,-0.7848988007044176,3,6,45,True,False
causal,inward,2.2,0.2,-1.0,VisualCogB_Task-1,right,Q2_plus_memory,late_stage,0.8,2.8,21.8539950189459,1.497128969284246,-0.547271545823177,3,6,45,True,False
causal,inward,2.2,0.2,-1.0,VisualCogB_Task-1,right,Q2_plus_memory,candidate_target_600ms,2.2,2.8000000000000003,26.765264003906346,1.5587871738755739,-0.8699371091942497,3,6,45,True,False
causal,inward,2.2,0.2,-1.0,VisualCogB_Task-1,left,Q2_plus_memory_control,cue_stage,0.0,0.8,22.43817177641202,2.101428130714599,0.3571448881204774,3,6,43,True,False
causal,inward,2.2,0.2,-1.0,VisualCogB_Task-1,left,Q2_plus_memory_control,late_stage,0.8,2.8,20.233664955618067,2.3839764705425037,0.5035610878854107,3,6,43,True,False
causal,inward,2.2,0.2,-1.0,VisualCogB_Task-1,left,Q2_plus_memory_control,candidate_target_600ms,2.2,2.8000000000000003,24.076609709261138,4.283848119703208,-0.14275868022628238,3,6,43,True,False
causal,inward,2.2,0.2,-1.0,VisualCogB_Task-1,right,Q2_plus_memory_control,cue_stage,0.0,0.8,30.37590523578211,1.5142511457537862,-0.7313382310179734,3,6,45,True,False
causal,inward,2.2,0.2,-1.0,VisualCogB_Task-1,right,Q2_plus_memory_control,late_stage,0.8,2.8,21.964811680253934,1.5047205713588228,-0.4648781407420168,3,6,45,True,False
causal,inward,2.2,0.2,-1.0,VisualCogB_Task-1,right,Q2_plus_memory_control,candidate_target_600ms,2.2,2.8000000000000003,27.1046307216177,1.5785516150830845,-0.9249434379209127,3,6,45,True,False
causal,inward,2.2,0.2,-1.0,VisualCogB_Task-2,left,Training_mean_template,cue_stage,0.0,0.8,26.4278692037496,0.9248201873744891,0.789906236108502,3,6,44,True,False
causal,inward,2.2,0.2,-1.0,VisualCogB_Task-2,left,Training_mean_template,late_stage,0.8,2.8,39.47626028962619,1.005723497199289,0.8762536900741064,3,6,44,True,False
causal,inward,2.2,0.2,-1.0,VisualCogB_Task-2,left,Training_mean_template,candidate_target_600ms,2.2,2.8000000000000003,44.2483180527083,1.6322628571846167,0.634346148101318,3,6,44,True,False
causal,inward,2.2,0.2,-1.0,VisualCogB_Task-2,right,Training_mean_template,cue_stage,0.0,0.8,25.656803416207826,1.3503155298984768,-0.3645966707592247,3,6,47,True,False
causal,inward,2.2,0.2,-1.0,VisualCogB_Task-2,right,Training_mean_template,late_stage,0.8,2.8,28.28070208588447,0.837867425273061,0.6846402253473619,3,6,47,True,False
causal,inward,2.2,0.2,-1.0,VisualCogB_Task-2,right,Training_mean_template,candidate_target_600ms,2.2,2.8000000000000003,29.79399155523826,1.7954928658332951,-0.7392356911909167,3,6,47,True,False
causal,inward,2.2,0.2,-1.0,VisualCogB_Task-2,left,Q2_visual_only,cue_stage,0.0,0.8,29.132433859095784,1.0194640639594692,0.4189005433915051,3,6,44,True,False
causal,inward,2.2,0.2,-1.0,VisualCogB_Task-2,left,Q2_visual_only,late_stage,0.8,2.8,46.16611719503166,1.1761587469748425,0.60824926617443,3,6,44,True,False
causal,inward,2.2,0.2,-1.0,VisualCogB_Task-2,left,Q2_visual_only,candidate_target_600ms,2.2,2.8000000000000003,48.16421025093949,1.7767150232601265,0.45544615731259885,3,6,44,True,False
causal,inward,2.2,0.2,-1.0,VisualCogB_Task-2,right,Q2_visual_only,cue_stage,0.0,0.8,19.88247698997294,1.0464131878349856,0.1361296274975561,3,6,47,True,False
causal,inward,2.2,0.2,-1.0,VisualCogB_Task-2,right,Q2_visual_only,late_stage,0.8,2.8,35.52893429118615,1.0526095358894942,0.4195879793899317,3,6,47,True,False
causal,inward,2.2,0.2,-1.0,VisualCogB_Task-2,right,Q2_visual_only,candidate_target_600ms,2.2,2.8000000000000003,32.89489777291147,1.9823646040872274,0.24924063564962123,3,6,47,True,False
causal,inward,2.2,0.2,-1.0,VisualCogB_Task-2,left,Q2_plus_memory,cue_stage,0.0,0.8,29.822319512593673,1.0436060095100537,0.2639240640709821,3,6,44,True,False
causal,inward,2.2,0.2,-1.0,VisualCogB_Task-2,left,Q2_plus_memory,late_stage,0.8,2.8,46.14889659983458,1.1757200236231775,0.6082881887321414,3,6,44,True,False
causal,inward,2.2,0.2,-1.0,VisualCogB_Task-2,left,Q2_plus_memory,candidate_target_600ms,2.2,2.8000000000000003,48.56210429729953,1.791392816711953,0.3628335548510161,3,6,44,True,False
causal,inward,2.2,0.2,-1.0,VisualCogB_Task-2,right,Q2_plus_memory,cue_stage,0.0,0.8,20.136801505171373,1.0597982669087647,0.11716024487906616,3,6,47,True,False
causal,inward,2.2,0.2,-1.0,VisualCogB_Task-2,right,Q2_plus_memory,late_stage,0.8,2.8,35.498630023873254,1.0517117166503844,0.4278348946559537,3,6,47,True,False
causal,inward,2.2,0.2,-1.0,VisualCogB_Task-2,right,Q2_plus_memory,candidate_target_600ms,2.2,2.8000000000000003,33.177523162715254,1.9993966244580204,0.19606206248021568,3,6,47,True,False
causal,inward,2.2,0.2,-1.0,VisualCogB_Task-2,left,Q2_plus_memory_control,cue_stage,0.0,0.8,29.599784555193388,1.0358185931499369,0.28626215184477766,3,6,44,True,False
causal,inward,2.2,0.2,-1.0,VisualCogB_Task-2,left,Q2_plus_memory_control,late_stage,0.8,2.8,45.75036636288783,1.1655668018969778,0.5989859334167082,3,6,44,True,False
causal,inward,2.2,0.2,-1.0,VisualCogB_Task-2,left,Q2_plus_memory_control,candidate_target_600ms,2.2,2.8000000000000003,47.696969028484766,1.7594791027478507,0.1353186622194141,3,6,44,True,False
causal,inward,2.2,0.2,-1.0,VisualCogB_Task-2,right,Q2_plus_memory_control,cue_stage,0.0,0.8,20.43409425838119,1.0754447609428537,0.056128938468175765,3,6,47,True,False
causal,inward,2.2,0.2,-1.0,VisualCogB_Task-2,right,Q2_plus_memory_control,late_stage,0.8,2.8,34.98314224105468,1.03643945006951,0.48277763343810615,3,6,47,True,False
causal,inward,2.2,0.2,-1.0,VisualCogB_Task-2,right,Q2_plus_memory_control,candidate_target_600ms,2.2,2.8000000000000003,32.07767524216487,1.9331158412608929,0.043052784631871066,3,6,47,True,False
causal,inward,2.2,0.2,1.0,VisualCogA_Task-1,left,Training_mean_template,cue_stage,0.0,0.8,21.08297624331433,4.731957807756377,-0.10334538273310898,3,6,45,True,False
causal,inward,2.2,0.2,1.0,VisualCogA_Task-1,left,Training_mean_template,late_stage,0.8,2.8,24.49688739931746,4.312586241327728,0.5211216432194095,3,6,45,True,False
causal,inward,2.2,0.2,1.0,VisualCogA_Task-1,left,Training_mean_template,candidate_target_600ms,2.2,2.8000000000000003,24.350121917357043,8.35701490521298,0.3717382161229823,3,6,45,True,False
causal,inward,2.2,0.2,1.0,VisualCogA_Task-1,right,Training_mean_template,cue_stage,0.0,0.8,21.588969073992708,3.3231685790306935,-0.16016885027459948,3,6,41,True,False
causal,inward,2.2,0.2,1.0,VisualCogA_Task-1,right,Training_mean_template,late_stage,0.8,2.8,27.87665206779353,4.14508064387879,0.5559043453806836,3,6,41,True,False
causal,inward,2.2,0.2,1.0,VisualCogA_Task-1,right,Training_mean_template,candidate_target_600ms,2.2,2.8000000000000003,27.586195980037484,6.765520602946754,-0.08621285494286048,3,6,41,True,False
causal,inward,2.2,0.2,1.0,VisualCogA_Task-1,left,Q2_visual_only,cue_stage,0.0,0.8,20.17455662369869,4.528068031372341,-0.4325725454126196,3,6,45,True,False
causal,inward,2.2,0.2,1.0,VisualCogA_Task-1,left,Q2_visual_only,late_stage,0.8,2.8,12.172641735602987,2.1429484658134883,0.41069888417512723,3,6,45,True,False
causal,inward,2.2,0.2,1.0,VisualCogA_Task-1,left,Q2_visual_only,candidate_target_600ms,2.2,2.8000000000000003,14.965127150259493,5.136064249599471,-0.10909302546629979,3,6,45,True,False
causal,inward,2.2,0.2,1.0,VisualCogA_Task-1,right,Q2_visual_only,cue_stage,0.0,0.8,25.658488564378562,3.9495856745322424,-0.8029068559104743,3,6,41,True,False
causal,inward,2.2,0.2,1.0,VisualCogA_Task-1,right,Q2_visual_only,late_stage,0.8,2.8,20.725507023352463,3.0817509142830155,-0.282130920733059,3,6,41,True,False
causal,inward,2.2,0.2,1.0,VisualCogA_Task-1,right,Q2_visual_only,candidate_target_600ms,2.2,2.8000000000000003,19.12820888421175,4.691197416173359,-0.47357554997735407,3,6,41,True,False
causal,inward,2.2,0.2,1.0,VisualCogA_Task-1,left,Q2_plus_memory,cue_stage,0.0,0.8,20.34906624203869,4.567235753306022,-0.29757460063353197,3,6,45,True,False
causal,inward,2.2,0.2,1.0,VisualCogA_Task-1,left,Q2_plus_memory,late_stage,0.8,2.8,12.228368498208152,2.15275895584707,0.3564224841878986,3,6,45,True,False
causal,inward,2.2,0.2,1.0,VisualCogA_Task-1,left,Q2_plus_memory,candidate_target_600ms,2.2,2.8000000000000003,14.921954160394042,5.121247185396149,-0.018109589519601146,3,6,45,True,False
causal,inward,2.2,0.2,1.0,VisualCogA_Task-1,right,Q2_plus_memory,cue_stage,0.0,0.8,26.36314604683754,4.058052901321107,-0.8160496422725028,3,6,41,True,False
causal,inward,2.2,0.2,1.0,VisualCogA_Task-1,right,Q2_plus_memory,late_stage,0.8,2.8,20.518041106802855,3.0509020536356535,-0.2886447209069903,3,6,41,True,False
causal,inward,2.2,0.2,1.0,VisualCogA_Task-1,right,Q2_plus_memory,candidate_target_600ms,2.2,2.8000000000000003,19.5696449018762,4.799459696139498,-0.6080757343772872,3,6,41,True,False
causal,inward,2.2,0.2,1.0,VisualCogA_Task-1,left,Q2_plus_memory_control,cue_stage,0.0,0.8,21.4352070917556,4.811014080181048,-0.4432462996358399,3,6,45,True,False
causal,inward,2.2,0.2,1.0,VisualCogA_Task-1,left,Q2_plus_memory_control,late_stage,0.8,2.8,13.297173480640089,2.3409181120191684,0.3529830216506683,3,6,45,True,False
causal,inward,2.2,0.2,1.0,VisualCogA_Task-1,left,Q2_plus_memory_control,candidate_target_600ms,2.2,2.8000000000000003,16.026256812036763,5.5002462619086225,0.192090931398146,3,6,45,True,False
causal,inward,2.2,0.2,1.0,VisualCogA_Task-1,right,Q2_plus_memory_control,cue_stage,0.0,0.8,26.87428609995641,4.136732182308866,-0.8084839960459798,3,6,41,True,False
causal,inward,2.2,0.2,1.0,VisualCogA_Task-1,right,Q2_plus_memory_control,late_stage,0.8,2.8,21.474494179079883,3.193120534787279,-0.25666369790957777,3,6,41,True,False
causal,inward,2.2,0.2,1.0,VisualCogA_Task-1,right,Q2_plus_memory_control,candidate_target_600ms,2.2,2.8000000000000003,21.3571639533788,5.237849134822963,-0.7962511818814847,3,6,41,True,False
causal,inward,2.2,0.2,1.0,VisualCogA_Task-2,left,Training_mean_template,cue_stage,0.0,0.8,14.713195942736856,0.8519186648979836,0.8705575703100655,3,6,49,True,False
causal,inward,2.2,0.2,1.0,VisualCogA_Task-2,left,Training_mean_template,late_stage,0.8,2.8,22.78064222039507,0.6816371691356803,0.819328530733084,3,6,49,True,False
causal,inward,2.2,0.2,1.0,VisualCogA_Task-2,left,Training_mean_template,candidate_target_600ms,2.2,2.8000000000000003,17.33385561819874,1.1620589275348225,0.9069987156389528,3,6,49,True,False
causal,inward,2.2,0.2,1.0,VisualCogA_Task-2,right,Training_mean_template,cue_stage,0.0,0.8,24.53165598018877,1.0559612869671255,-0.04108536717954614,3,6,41,True,False
causal,inward,2.2,0.2,1.0,VisualCogA_Task-2,right,Training_mean_template,late_stage,0.8,2.8,29.668513338841645,0.7937917102851009,0.7276545483506327,3,6,41,True,False
causal,inward,2.2,0.2,1.0,VisualCogA_Task-2,right,Training_mean_template,candidate_target_600ms,2.2,2.8000000000000003,27.667597101834037,1.4130975845913976,-0.7637109727765604,3,6,41,True,False
causal,inward,2.2,0.2,1.0,VisualCogA_Task-2,left,Q2_visual_only,cue_stage,0.0,0.8,15.968125553971323,0.9245811892811765,0.5655041190414056,3,6,49,True,False
causal,inward,2.2,0.2,1.0,VisualCogA_Task-2,left,Q2_visual_only,late_stage,0.8,2.8,31.673601979045504,0.9477302782095333,0.5374298763069082,3,6,49,True,False
causal,inward,2.2,0.2,1.0,VisualCogA_Task-2,left,Q2_visual_only,candidate_target_600ms,2.2,2.8000000000000003,24.72241897330874,1.6573870413474168,0.7282032388344536,3,6,49,True,False
causal,inward,2.2,0.2,1.0,VisualCogA_Task-2,right,Q2_visual_only,cue_stage,0.0,0.8,24.16035612979464,1.0399787430985208,-0.02723494368818751,3,6,41,True,False
causal,inward,2.2,0.2,1.0,VisualCogA_Task-2,right,Q2_visual_only,late_stage,0.8,2.8,37.24361344343761,0.9964662291911718,0.2658618105739558,3,6,41,True,False
causal,inward,2.2,0.2,1.0,VisualCogA_Task-2,right,Q2_visual_only,candidate_target_600ms,2.2,2.8000000000000003,29.63338284332929,1.5134983195344045,0.2219754906627712,3,6,41,True,False
causal,inward,2.2,0.2,1.0,VisualCogA_Task-2,left,Q2_plus_memory,cue_stage,0.0,0.8,15.765642683411103,0.9128570922580871,0.5842830455726524,3,6,49,True,False
causal,inward,2.2,0.2,1.0,VisualCogA_Task-2,left,Q2_plus_memory,late_stage,0.8,2.8,31.69739089397131,0.9484420846840811,0.5377902940343098,3,6,49,True,False
causal,inward,2.2,0.2,1.0,VisualCogA_Task-2,left,Q2_plus_memory,candidate_target_600ms,2.2,2.8000000000000003,24.448333763961728,1.6390124124453187,0.7643756674946949,3,6,49,True,False
causal,inward,2.2,0.2,1.0,VisualCogA_Task-2,right,Q2_plus_memory,cue_stage,0.0,0.8,24.445466375490902,1.0522512689408885,-0.0667435023637043,3,6,41,True,False
causal,inward,2.2,0.2,1.0,VisualCogA_Task-2,right,Q2_plus_memory,late_stage,0.8,2.8,37.162944571072494,0.994307904591953,0.28442422512986903,3,6,41,True,False
causal,inward,2.2,0.2,1.0,VisualCogA_Task-2,right,Q2_plus_memory,candidate_target_600ms,2.2,2.8000000000000003,29.642172951873967,1.513947266405615,0.18005550493928443,3,6,41,True,False
causal,inward,2.2,0.2,1.0,VisualCogA_Task-2,left,Q2_plus_memory_control,cue_stage,0.0,0.8,16.102895499510414,0.9323845946404801,0.5303973924551285,3,6,49,True,False
causal,inward,2.2,0.2,1.0,VisualCogA_Task-2,left,Q2_plus_memory_control,late_stage,0.8,2.8,30.919324599532167,0.9251609628785437,0.6156705744794759,3,6,49,True,False
causal,inward,2.2,0.2,1.0,VisualCogA_Task-2,left,Q2_plus_memory_control,candidate_target_600ms,2.2,2.8000000000000003,22.97912668956785,1.5405170035298186,0.8432268822127418,3,6,49,True,False
causal,inward,2.2,0.2,1.0,VisualCogA_Task-2,right,Q2_plus_memory_control,cue_stage,0.0,0.8,24.80708594027571,1.0678171264325733,-0.07381299991386044,3,6,41,True,False
causal,inward,2.2,0.2,1.0,VisualCogA_Task-2,right,Q2_plus_memory_control,late_stage,0.8,2.8,36.604663112607604,0.9793708840316699,0.34886645532397487,3,6,41,True,False
causal,inward,2.2,0.2,1.0,VisualCogA_Task-2,right,Q2_plus_memory_control,candidate_target_600ms,2.2,2.8000000000000003,28.771346389139595,1.4694705846081777,0.08231337597212755,3,6,41,True,False
causal,inward,2.2,0.2,1.0,VisualCogB_Task-1,left,Training_mean_template,cue_stage,0.0,0.8,18.501979494376,1.7327873487562542,0.7417189870664094,3,6,43,True,False
causal,inward,2.2,0.2,1.0,VisualCogB_Task-1,left,Training_mean_template,late_stage,0.8,2.8,30.92125778338932,3.64321298968191,0.5949236856159958,3,6,43,True,False
causal,inward,2.2,0.2,1.0,VisualCogB_Task-1,left,Training_mean_template,candidate_target_600ms,2.2,2.8000000000000003,35.42214888888323,6.302511347979407,0.14347812929092318,3,6,43,True,False
causal,inward,2.2,0.2,1.0,VisualCogB_Task-1,right,Training_mean_template,cue_stage,0.0,0.8,26.402931770541624,1.3161968137069837,-0.36016739175351004,3,6,45,True,False
causal,inward,2.2,0.2,1.0,VisualCogB_Task-1,right,Training_mean_template,late_stage,0.8,2.8,25.8616667930673,1.7716783826623652,0.13143696731942994,3,6,45,True,False
causal,inward,2.2,0.2,1.0,VisualCogB_Task-1,right,Training_mean_template,candidate_target_600ms,2.2,2.8000000000000003,26.60361194269259,1.5493726895045707,-0.8850803973104087,3,6,45,True,False
causal,inward,2.2,0.2,1.0,VisualCogB_Task-1,left,Q2_visual_only,cue_stage,0.0,0.8,21.702898645568638,2.032566743240189,0.41382329299502607,3,6,43,True,False
causal,inward,2.2,0.2,1.0,VisualCogB_Task-1,left,Q2_visual_only,late_stage,0.8,2.8,19.775899422327022,2.330041493226979,0.48493918149560483,3,6,43,True,False
causal,inward,2.2,0.2,1.0,VisualCogB_Task-1,left,Q2_visual_only,candidate_target_600ms,2.2,2.8000000000000003,22.471822384307302,3.9983151793290213,-0.2884643182219931,3,6,43,True,False
causal,inward,2.2,0.2,1.0,VisualCogB_Task-1,right,Q2_visual_only,cue_stage,0.0,0.8,29.205572669949685,1.4559095946141962,-0.7753292047832973,3,6,45,True,False
causal,inward,2.2,0.2,1.0,VisualCogB_Task-1,right,Q2_visual_only,late_stage,0.8,2.8,21.92370551003486,1.501904553591913,-0.5405260991078084,3,6,45,True,False
causal,inward,2.2,0.2,1.0,VisualCogB_Task-1,right,Q2_visual_only,candidate_target_600ms,2.2,2.8000000000000003,26.68728097681206,1.55424550589887,-0.8461312303631897,3,6,45,True,False
causal,inward,2.2,0.2,1.0,VisualCogB_Task-1,left,Q2_plus_memory,cue_stage,0.0,0.8,22.368436756303225,2.0948971559804352,0.37226888830000704,3,6,43,True,False
causal,inward,2.2,0.2,1.0,VisualCogB_Task-1,left,Q2_plus_memory,late_stage,0.8,2.8,19.533067752832192,2.301430513078398,0.47552415486883715,3,6,43,True,False
causal,inward,2.2,0.2,1.0,VisualCogB_Task-1,left,Q2_plus_memory,candidate_target_600ms,2.2,2.8000000000000003,22.542563137047953,4.01090177869969,-0.1937486467230631,3,6,43,True,False
causal,inward,2.2,0.2,1.0,VisualCogB_Task-1,right,Q2_plus_memory,cue_stage,0.0,0.8,29.634720002020575,1.4773027624635624,-0.775641920443144,3,6,45,True,False
causal,inward,2.2,0.2,1.0,VisualCogB_Task-1,right,Q2_plus_memory,late_stage,0.8,2.8,21.80975134729084,1.4940980139607518,-0.5211415671947677,3,6,45,True,False
causal,inward,2.2,0.2,1.0,VisualCogB_Task-1,right,Q2_plus_memory,candidate_target_600ms,2.2,2.8000000000000003,26.74124683609818,1.5573884335856698,-0.8788859485630377,3,6,45,True,False
causal,inward,2.2,0.2,1.0,VisualCogB_Task-1,left,Q2_plus_memory_control,cue_stage,0.0,0.8,22.47387111089066,2.10477152189944,0.36337322315789866,3,6,43,True,False
causal,inward,2.2,0.2,1.0,VisualCogB_Task-1,left,Q2_plus_memory_control,late_stage,0.8,2.8,20.300815252572637,2.3918882714090683,0.5091078445677247,3,6,43,True,False
causal,inward,2.2,0.2,1.0,VisualCogB_Task-1,left,Q2_plus_memory_control,candidate_target_600ms,2.2,2.8000000000000003,24.0393389050733,4.277216685029975,-0.12621670211404906,3,6,43,True,False
causal,inward,2.2,0.2,1.0,VisualCogB_Task-1,right,Q2_plus_memory_control,cue_stage,0.0,0.8,30.540047170290144,1.5224336874909208,-0.7348770249348111,3,6,45,True,False
causal,inward,2.2,0.2,1.0,VisualCogB_Task-1,right,Q2_plus_memory_control,late_stage,0.8,2.8,21.718874067225244,1.4878723783953547,-0.4518254948771047,3,6,45,True,False
causal,inward,2.2,0.2,1.0,VisualCogB_Task-1,right,Q2_plus_memory_control,candidate_target_600ms,2.2,2.8000000000000003,26.57232837837476,1.5475507602008047,-0.9239061885106916,3,6,45,True,False
causal,inward,2.2,0.2,1.0,VisualCogB_Task-2,left,Training_mean_template,cue_stage,0.0,0.8,26.4278692037496,0.9248201873744891,0.789906236108502,3,6,44,True,False
causal,inward,2.2,0.2,1.0,VisualCogB_Task-2,left,Training_mean_template,late_stage,0.8,2.8,39.47626028962619,1.005723497199289,0.8762536900741064,3,6,44,True,False
causal,inward,2.2,0.2,1.0,VisualCogB_Task-2,left,Training_mean_template,candidate_target_600ms,2.2,2.8000000000000003,44.2483180527083,1.6322628571846167,0.634346148101318,3,6,44,True,False
causal,inward,2.2,0.2,1.0,VisualCogB_Task-2,right,Training_mean_template,cue_stage,0.0,0.8,25.656803416207826,1.3503155298984768,-0.3645966707592247,3,6,47,True,False
causal,inward,2.2,0.2,1.0,VisualCogB_Task-2,right,Training_mean_template,late_stage,0.8,2.8,28.28070208588447,0.837867425273061,0.6846402253473619,3,6,47,True,False
causal,inward,2.2,0.2,1.0,VisualCogB_Task-2,right,Training_mean_template,candidate_target_600ms,2.2,2.8000000000000003,29.79399155523826,1.7954928658332951,-0.7392356911909167,3,6,47,True,False
causal,inward,2.2,0.2,1.0,VisualCogB_Task-2,left,Q2_visual_only,cue_stage,0.0,0.8,29.132433859095784,1.0194640639594692,0.4189005433915051,3,6,44,True,False
causal,inward,2.2,0.2,1.0,VisualCogB_Task-2,left,Q2_visual_only,late_stage,0.8,2.8,46.16611719503166,1.1761587469748425,0.60824926617443,3,6,44,True,False
causal,inward,2.2,0.2,1.0,VisualCogB_Task-2,left,Q2_visual_only,candidate_target_600ms,2.2,2.8000000000000003,48.16421025093949,1.7767150232601265,0.45544615731259885,3,6,44,True,False
causal,inward,2.2,0.2,1.0,VisualCogB_Task-2,right,Q2_visual_only,cue_stage,0.0,0.8,19.88247698997294,1.0464131878349856,0.1361296274975561,3,6,47,True,False
causal,inward,2.2,0.2,1.0,VisualCogB_Task-2,right,Q2_visual_only,late_stage,0.8,2.8,35.52893429118615,1.0526095358894942,0.4195879793899317,3,6,47,True,False
causal,inward,2.2,0.2,1.0,VisualCogB_Task-2,right,Q2_visual_only,candidate_target_600ms,2.2,2.8000000000000003,32.89489777291147,1.9823646040872274,0.24924063564962123,3,6,47,True,False
causal,inward,2.2,0.2,1.0,VisualCogB_Task-2,left,Q2_plus_memory,cue_stage,0.0,0.8,28.90157848109845,1.0113854817518046,0.4505491236465084,3,6,44,True,False
causal,inward,2.2,0.2,1.0,VisualCogB_Task-2,left,Q2_plus_memory,late_stage,0.8,2.8,46.227899322100804,1.1777327495891863,0.6076616488292047,3,6,44,True,False
causal,inward,2.2,0.2,1.0,VisualCogB_Task-2,left,Q2_plus_memory,candidate_target_600ms,2.2,2.8000000000000003,48.04820110408397,1.7724355968358187,0.4124519637630341,3,6,44,True,False
causal,inward,2.2,0.2,1.0,VisualCogB_Task-2,right,Q2_plus_memory,cue_stage,0.0,0.8,20.079813263246116,1.056798980253878,0.06378994828540067,3,6,47,True,False
causal,inward,2.2,0.2,1.0,VisualCogB_Task-2,right,Q2_plus_memory,late_stage,0.8,2.8,35.5072904499376,1.0519682975820128,0.437162709121328,3,6,47,True,False
causal,inward,2.2,0.2,1.0,VisualCogB_Task-2,right,Q2_plus_memory,candidate_target_600ms,2.2,2.8000000000000003,32.670180212017044,1.9688223173256383,0.22209437975051613,3,6,47,True,False
causal,inward,2.2,0.2,1.0,VisualCogB_Task-2,left,Q2_plus_memory_control,cue_stage,0.0,0.8,29.354823241906004,1.0272463860640249,0.32838550029025737,3,6,44,True,False
causal,inward,2.2,0.2,1.0,VisualCogB_Task-2,left,Q2_plus_memory_control,late_stage,0.8,2.8,45.70291259301574,1.1643578380528623,0.599773242461394,3,6,44,True,False
causal,inward,2.2,0.2,1.0,VisualCogB_Task-2,left,Q2_plus_memory_control,candidate_target_600ms,2.2,2.8000000000000003,47.403766133798285,1.7486632296101265,0.16101385965318793,3,6,44,True,False
causal,inward,2.2,0.2,1.0,VisualCogB_Task-2,right,Q2_plus_memory_control,cue_stage,0.0,0.8,20.348846923119343,1.0709582004458504,0.06497608496094132,3,6,47,True,False
causal,inward,2.2,0.2,1.0,VisualCogB_Task-2,right,Q2_plus_memory_control,late_stage,0.8,2.8,34.92080325824319,1.0345925439048829,0.4902299034632135,3,6,47,True,False
causal,inward,2.2,0.2,1.0,VisualCogB_Task-2,right,Q2_plus_memory_control,candidate_target_600ms,2.2,2.8000000000000003,31.792242726694884,1.9159146534222962,0.05589130786174883,3,6,47,True,False
causal,outward,2.2,0.2,-1.0,VisualCogA_Task-1,left,Training_mean_template,cue_stage,0.0,0.8,21.08297624331433,4.731957807756377,-0.10334538273310898,3,6,45,True,False
causal,outward,2.2,0.2,-1.0,VisualCogA_Task-1,left,Training_mean_template,late_stage,0.8,2.8,24.49688739931746,4.312586241327728,0.5211216432194095,3,6,45,True,False
causal,outward,2.2,0.2,-1.0,VisualCogA_Task-1,left,Training_mean_template,candidate_target_600ms,2.2,2.8000000000000003,24.350121917357043,8.35701490521298,0.3717382161229823,3,6,45,True,False
causal,outward,2.2,0.2,-1.0,VisualCogA_Task-1,right,Training_mean_template,cue_stage,0.0,0.8,21.588969073992708,3.3231685790306935,-0.16016885027459948,3,6,41,True,False
causal,outward,2.2,0.2,-1.0,VisualCogA_Task-1,right,Training_mean_template,late_stage,0.8,2.8,27.87665206779353,4.14508064387879,0.5559043453806836,3,6,41,True,False
causal,outward,2.2,0.2,-1.0,VisualCogA_Task-1,right,Training_mean_template,candidate_target_600ms,2.2,2.8000000000000003,27.586195980037484,6.765520602946754,-0.08621285494286048,3,6,41,True,False
causal,outward,2.2,0.2,-1.0,VisualCogA_Task-1,left,Q2_visual_only,cue_stage,0.0,0.8,20.16688579764359,4.526346356746118,-0.43173068520970087,3,6,45,True,False
causal,outward,2.2,0.2,-1.0,VisualCogA_Task-1,left,Q2_visual_only,late_stage,0.8,2.8,12.201282689695148,2.147990599638204,0.4091459561628328,3,6,45,True,False
causal,outward,2.2,0.2,-1.0,VisualCogA_Task-1,left,Q2_visual_only,candidate_target_600ms,2.2,2.8000000000000003,15.059826382282072,5.168565232395816,-0.11988530210921618,3,6,45,True,False
causal,outward,2.2,0.2,-1.0,VisualCogA_Task-1,right,Q2_visual_only,cue_stage,0.0,0.8,25.652796837345292,3.948709552639967,-0.8028725084052027,3,6,41,True,False
causal,outward,2.2,0.2,-1.0,VisualCogA_Task-1,right,Q2_visual_only,late_stage,0.8,2.8,20.760281676489047,3.086921683759332,-0.284395278231583,3,6,41,True,False
causal,outward,2.2,0.2,-1.0,VisualCogA_Task-1,right,Q2_visual_only,candidate_target_600ms,2.2,2.8000000000000003,19.2347745293743,4.71733266397756,-0.48706254222876366,3,6,41,True,False
causal,outward,2.2,0.2,-1.0,VisualCogA_Task-1,left,Q2_plus_memory,cue_stage,0.0,0.8,20.335327382845108,4.564152142089064,-0.4947472160233185,3,6,45,True,False
causal,outward,2.2,0.2,-1.0,VisualCogA_Task-1,left,Q2_plus_memory,late_stage,0.8,2.8,12.042952971371909,2.1201172394964125,0.44003400052470387,3,6,45,True,False
causal,outward,2.2,0.2,-1.0,VisualCogA_Task-1,left,Q2_plus_memory,candidate_target_600ms,2.2,2.8000000000000003,14.588188395129842,5.006698047423477,-0.08220963666001713,3,6,45,True,False
causal,outward,2.2,0.2,-1.0,VisualCogA_Task-1,right,Q2_plus_memory,cue_stage,0.0,0.8,25.454562984424022,3.918195612438823,-0.7797706069112924,3,6,41,True,False
causal,outward,2.2,0.2,-1.0,VisualCogA_Task-1,right,Q2_plus_memory,late_stage,0.8,2.8,20.771789970607966,3.0886328938099648,-0.2964347489721917,3,6,41,True,False
causal,outward,2.2,0.2,-1.0,VisualCogA_Task-1,right,Q2_plus_memory,candidate_target_600ms,2.2,2.8000000000000003,18.982674849786974,4.6555051623720995,-0.5587129111800393,3,6,41,True,False
causal,outward,2.2,0.2,-1.0,VisualCogA_Task-1,left,Q2_plus_memory_control,cue_stage,0.0,0.8,21.327454632348086,4.786829634602117,-0.4539691004113439,3,6,45,True,False
causal,outward,2.2,0.2,-1.0,VisualCogA_Task-1,left,Q2_plus_memory_control,late_stage,0.8,2.8,13.308833432024159,2.342970803248622,0.35156766397512423,3,6,45,True,False
causal,outward,2.2,0.2,-1.0,VisualCogA_Task-1,left,Q2_plus_memory_control,candidate_target_600ms,2.2,2.8000000000000003,16.12321465896265,5.533522406261699,0.11604091417127466,3,6,45,True,False
causal,outward,2.2,0.2,-1.0,VisualCogA_Task-1,right,Q2_plus_memory_control,cue_stage,0.0,0.8,26.734664117936212,4.115240309213802,-0.8044755743881746,3,6,41,True,False
causal,outward,2.2,0.2,-1.0,VisualCogA_Task-1,right,Q2_plus_memory_control,late_stage,0.8,2.8,21.495540812991454,3.196250035224903,-0.2694623344294338,3,6,41,True,False
causal,outward,2.2,0.2,-1.0,VisualCogA_Task-1,right,Q2_plus_memory_control,candidate_target_600ms,2.2,2.8000000000000003,21.410900710881783,5.251028086363982,-0.8292088715559705,3,6,41,True,False
causal,outward,2.2,0.2,-1.0,VisualCogA_Task-2,left,Training_mean_template,cue_stage,0.0,0.8,14.713195942736856,0.8519186648979836,0.8705575703100655,3,6,49,True,False
causal,outward,2.2,0.2,-1.0,VisualCogA_Task-2,left,Training_mean_template,late_stage,0.8,2.8,22.78064222039507,0.6816371691356803,0.819328530733084,3,6,49,True,False
causal,outward,2.2,0.2,-1.0,VisualCogA_Task-2,left,Training_mean_template,candidate_target_600ms,2.2,2.8000000000000003,17.33385561819874,1.1620589275348225,0.9069987156389528,3,6,49,True,False
causal,outward,2.2,0.2,-1.0,VisualCogA_Task-2,right,Training_mean_template,cue_stage,0.0,0.8,24.53165598018877,1.0559612869671255,-0.04108536717954614,3,6,41,True,False
causal,outward,2.2,0.2,-1.0,VisualCogA_Task-2,right,Training_mean_template,late_stage,0.8,2.8,29.668513338841645,0.7937917102851009,0.7276545483506327,3,6,41,True,False
causal,outward,2.2,0.2,-1.0,VisualCogA_Task-2,right,Training_mean_template,candidate_target_600ms,2.2,2.8000000000000003,27.667597101834037,1.4130975845913976,-0.7637109727765604,3,6,41,True,False
causal,outward,2.2,0.2,-1.0,VisualCogA_Task-2,left,Q2_visual_only,cue_stage,0.0,0.8,15.961003399631002,0.9241688046272633,0.5665960488952195,3,6,49,True,False
causal,outward,2.2,0.2,-1.0,VisualCogA_Task-2,left,Q2_visual_only,late_stage,0.8,2.8,31.670202972716393,0.9476285739191258,0.5375449811724707,3,6,49,True,False
causal,outward,2.2,0.2,-1.0,VisualCogA_Task-2,left,Q2_visual_only,candidate_target_600ms,2.2,2.8000000000000003,24.68397425253873,1.65480971337311,0.7269956870169466,3,6,49,True,False
causal,outward,2.2,0.2,-1.0,VisualCogA_Task-2,right,Q2_visual_only,cue_stage,0.0,0.8,24.157750569841912,1.0398665871787096,-0.027493586185301948,3,6,41,True,False
causal,outward,2.2,0.2,-1.0,VisualCogA_Task-2,right,Q2_visual_only,late_stage,0.8,2.8,37.243268422411624,0.9964569980299345,0.2651466490696755,3,6,41,True,False
causal,outward,2.2,0.2,-1.0,VisualCogA_Task-2,right,Q2_visual_only,candidate_target_600ms,2.2,2.8000000000000003,29.609368759629096,1.5122718218538138,0.21890254480642385,3,6,41,True,False
causal,outward,2.2,0.2,-1.0,VisualCogA_Task-2,left,Q2_plus_memory,cue_stage,0.0,0.8,16.06427882369864,0.9301486244931102,0.5610529643724048,3,6,49,True,False
causal,outward,2.2,0.2,-1.0,VisualCogA_Task-2,left,Q2_plus_memory,late_stage,0.8,2.8,31.612844392278877,0.9459123035867616,0.5480452155126047,3,6,49,True,False
causal,outward,2.2,0.2,-1.0,VisualCogA_Task-2,left,Q2_plus_memory,candidate_target_600ms,2.2,2.8000000000000003,24.753605101488517,1.659477754427345,0.7539986050988262,3,6,49,True,False
causal,outward,2.2,0.2,-1.0,VisualCogA_Task-2,right,Q2_plus_memory,cue_stage,0.0,0.8,24.422054952816946,1.0512435279210206,-0.06253814054740663,3,6,41,True,False
causal,outward,2.2,0.2,-1.0,VisualCogA_Task-2,right,Q2_plus_memory,late_stage,0.8,2.8,37.21502377483885,0.995701302358664,0.2694080715440356,3,6,41,True,False
causal,outward,2.2,0.2,-1.0,VisualCogA_Task-2,right,Q2_plus_memory,candidate_target_600ms,2.2,2.8000000000000003,29.757260776460996,1.5198252733153306,0.20659520146791893,3,6,41,True,False
causal,outward,2.2,0.2,-1.0,VisualCogA_Task-2,left,Q2_plus_memory_control,cue_stage,0.0,0.8,16.232409837608063,0.9398836915346368,0.5144736963440071,3,6,49,True,False
causal,outward,2.2,0.2,-1.0,VisualCogA_Task-2,left,Q2_plus_memory_control,late_stage,0.8,2.8,30.997194832761668,0.9274909781970306,0.6035108829602618,3,6,49,True,False
causal,outward,2.2,0.2,-1.0,VisualCogA_Task-2,left,Q2_plus_memory_control,candidate_target_600ms,2.2,2.8000000000000003,23.267804596585634,1.5598699245660297,0.8270537838176863,3,6,49,True,False
causal,outward,2.2,0.2,-1.0,VisualCogA_Task-2,right,Q2_plus_memory_control,cue_stage,0.0,0.8,24.70805518523616,1.0635543631023954,-0.0681229798064137,3,6,41,True,False
causal,outward,2.2,0.2,-1.0,VisualCogA_Task-2,right,Q2_plus_memory_control,late_stage,0.8,2.8,36.73661563253675,0.9829013210062068,0.33148084737824657,3,6,41,True,False
causal,outward,2.2,0.2,-1.0,VisualCogA_Task-2,right,Q2_plus_memory_control,candidate_target_600ms,2.2,2.8000000000000003,29.19542108338208,1.4911298173892082,0.04626787675723137,3,6,41,True,False
causal,outward,2.2,0.2,-1.0,VisualCogB_Task-1,left,Training_mean_template,cue_stage,0.0,0.8,18.501979494376,1.7327873487562542,0.7417189870664094,3,6,43,True,False
causal,outward,2.2,0.2,-1.0,VisualCogB_Task-1,left,Training_mean_template,late_stage,0.8,2.8,30.92125778338932,3.64321298968191,0.5949236856159958,3,6,43,True,False
causal,outward,2.2,0.2,-1.0,VisualCogB_Task-1,left,Training_mean_template,candidate_target_600ms,2.2,2.8000000000000003,35.42214888888323,6.302511347979407,0.14347812929092318,3,6,43,True,False
causal,outward,2.2,0.2,-1.0,VisualCogB_Task-1,right,Training_mean_template,cue_stage,0.0,0.8,26.402931770541624,1.3161968137069837,-0.36016739175351004,3,6,45,True,False
causal,outward,2.2,0.2,-1.0,VisualCogB_Task-1,right,Training_mean_template,late_stage,0.8,2.8,25.8616667930673,1.7716783826623652,0.13143696731942994,3,6,45,True,False
causal,outward,2.2,0.2,-1.0,VisualCogB_Task-1,right,Training_mean_template,candidate_target_600ms,2.2,2.8000000000000003,26.60361194269259,1.5493726895045707,-0.8850803973104087,3,6,45,True,False
causal,outward,2.2,0.2,-1.0,VisualCogB_Task-1,left,Q2_visual_only,cue_stage,0.0,0.8,21.701249760930537,2.032412318334393,0.41526180365038784,3,6,43,True,False
causal,outward,2.2,0.2,-1.0,VisualCogB_Task-1,left,Q2_visual_only,late_stage,0.8,2.8,19.81489432450383,2.3346359613801546,0.4832912233990311,3,6,43,True,False
causal,outward,2.2,0.2,-1.0,VisualCogB_Task-1,left,Q2_visual_only,candidate_target_600ms,2.2,2.8000000000000003,22.55712170546176,4.01349212246811,-0.2926911876289371,3,6,43,True,False
causal,outward,2.2,0.2,-1.0,VisualCogB_Task-1,right,Q2_visual_only,cue_stage,0.0,0.8,29.197379209602108,1.4555011473062822,-0.7766978437022319,3,6,45,True,False
causal,outward,2.2,0.2,-1.0,VisualCogB_Task-1,right,Q2_visual_only,late_stage,0.8,2.8,21.932462544490434,1.5025044626683586,-0.5428020394836316,3,6,45,True,False
causal,outward,2.2,0.2,-1.0,VisualCogB_Task-1,right,Q2_visual_only,candidate_target_600ms,2.2,2.8000000000000003,26.709786311164034,1.5555561982397532,-0.8476799298723273,3,6,45,True,False
causal,outward,2.2,0.2,-1.0,VisualCogB_Task-1,left,Q2_plus_memory,cue_stage,0.0,0.8,21.32538229022174,1.9972107660760958,0.44545525757937815,3,6,43,True,False
causal,outward,2.2,0.2,-1.0,VisualCogB_Task-1,left,Q2_plus_memory,late_stage,0.8,2.8,19.880175556668505,2.3423275447779215,0.47815626273145145,3,6,43,True,False
causal,outward,2.2,0.2,-1.0,VisualCogB_Task-1,left,Q2_plus_memory,candidate_target_600ms,2.2,2.8000000000000003,22.374688678898377,3.981032594849705,-0.3095706377711336,3,6,43,True,False
causal,outward,2.2,0.2,-1.0,VisualCogB_Task-1,right,Q2_plus_memory,cue_stage,0.0,0.8,29.769848177750372,1.484038956606064,-0.7859016826092192,3,6,45,True,False
causal,outward,2.2,0.2,-1.0,VisualCogB_Task-1,right,Q2_plus_memory,late_stage,0.8,2.8,21.86300354388139,1.4977461069581472,-0.5491972460544589,3,6,45,True,False
causal,outward,2.2,0.2,-1.0,VisualCogB_Task-1,right,Q2_plus_memory,candidate_target_600ms,2.2,2.8000000000000003,26.78977590328151,1.560214726928955,-0.8704138348211768,3,6,45,True,False
causal,outward,2.2,0.2,-1.0,VisualCogB_Task-1,left,Q2_plus_memory_control,cue_stage,0.0,0.8,22.44195722949129,2.101782654143136,0.3572654017873017,3,6,43,True,False
causal,outward,2.2,0.2,-1.0,VisualCogB_Task-1,left,Q2_plus_memory_control,late_stage,0.8,2.8,20.24896976466679,2.3857797179886946,0.5038823548503604,3,6,43,True,False
causal,outward,2.2,0.2,-1.0,VisualCogB_Task-1,left,Q2_plus_memory_control,candidate_target_600ms,2.2,2.8000000000000003,24.113382615130966,4.290390965459681,-0.13870402367015508,3,6,43,True,False
causal,outward,2.2,0.2,-1.0,VisualCogB_Task-1,right,Q2_plus_memory_control,cue_stage,0.0,0.8,30.374447253002966,1.5141784647233223,-0.7316682009825297,3,6,45,True,False
causal,outward,2.2,0.2,-1.0,VisualCogB_Task-1,right,Q2_plus_memory_control,late_stage,0.8,2.8,21.964223843881864,1.504680301062199,-0.46472323785931013,3,6,45,True,False
causal,outward,2.2,0.2,-1.0,VisualCogB_Task-1,right,Q2_plus_memory_control,candidate_target_600ms,2.2,2.8000000000000003,27.104479881772555,1.5785428302933704,-0.9244016865853768,3,6,45,True,False
causal,outward,2.2,0.2,-1.0,VisualCogB_Task-2,left,Training_mean_template,cue_stage,0.0,0.8,26.4278692037496,0.9248201873744891,0.789906236108502,3,6,44,True,False
causal,outward,2.2,0.2,-1.0,VisualCogB_Task-2,left,Training_mean_template,late_stage,0.8,2.8,39.47626028962619,1.005723497199289,0.8762536900741064,3,6,44,True,False
causal,outward,2.2,0.2,-1.0,VisualCogB_Task-2,left,Training_mean_template,candidate_target_600ms,2.2,2.8000000000000003,44.2483180527083,1.6322628571846167,0.634346148101318,3,6,44,True,False
causal,outward,2.2,0.2,-1.0,VisualCogB_Task-2,right,Training_mean_template,cue_stage,0.0,0.8,25.656803416207826,1.3503155298984768,-0.3645966707592247,3,6,47,True,False
causal,outward,2.2,0.2,-1.0,VisualCogB_Task-2,right,Training_mean_template,late_stage,0.8,2.8,28.28070208588447,0.837867425273061,0.6846402253473619,3,6,47,True,False
causal,outward,2.2,0.2,-1.0,VisualCogB_Task-2,right,Training_mean_template,candidate_target_600ms,2.2,2.8000000000000003,29.79399155523826,1.7954928658332951,-0.7392356911909167,3,6,47,True,False
causal,outward,2.2,0.2,-1.0,VisualCogB_Task-2,left,Q2_visual_only,cue_stage,0.0,0.8,29.133991302914698,1.0195185653448564,0.41990237067600583,3,6,44,True,False
causal,outward,2.2,0.2,-1.0,VisualCogB_Task-2,left,Q2_visual_only,late_stage,0.8,2.8,46.16188567658265,1.1760509419927652,0.608519023695458,3,6,44,True,False
causal,outward,2.2,0.2,-1.0,VisualCogB_Task-2,left,Q2_visual_only,candidate_target_600ms,2.2,2.8000000000000003,48.13662332953559,1.7756973776380258,0.4523850640497978,3,6,44,True,False
causal,outward,2.2,0.2,-1.0,VisualCogB_Task-2,right,Q2_visual_only,cue_stage,0.0,0.8,19.875977891377214,1.046071140791097,0.13702068685363714,3,6,47,True,False
causal,outward,2.2,0.2,-1.0,VisualCogB_Task-2,right,Q2_visual_only,late_stage,0.8,2.8,35.52731589660442,1.0525615879956567,0.4192425164223414,3,6,47,True,False
causal,outward,2.2,0.2,-1.0,VisualCogB_Task-2,right,Q2_visual_only,candidate_target_600ms,2.2,2.8000000000000003,32.864568651442504,1.9805368623721384,0.24607814271350043,3,6,47,True,False
causal,outward,2.2,0.2,-1.0,VisualCogB_Task-2,left,Q2_plus_memory,cue_stage,0.0,0.8,29.821793440033325,1.043587600060541,0.2640184441950419,3,6,44,True,False
causal,outward,2.2,0.2,-1.0,VisualCogB_Task-2,left,Q2_plus_memory,late_stage,0.8,2.8,46.14257700348748,1.1755590213779683,0.6076508275628884,3,6,44,True,False
causal,outward,2.2,0.2,-1.0,VisualCogB_Task-2,left,Q2_plus_memory,candidate_target_600ms,2.2,2.8000000000000003,48.53212313669836,1.7902868507223244,0.35731049219337485,3,6,44,True,False
causal,outward,2.2,0.2,-1.0,VisualCogB_Task-2,right,Q2_plus_memory,cue_stage,0.0,0.8,20.128812796082112,1.0593778217826872,0.11816311776397727,3,6,47,True,False
causal,outward,2.2,0.2,-1.0,VisualCogB_Task-2,right,Q2_plus_memory,late_stage,0.8,2.8,35.49530884025875,1.051613320523036,0.42705184621564757,3,6,47,True,False
causal,outward,2.2,0.2,-1.0,VisualCogB_Task-2,right,Q2_plus_memory,candidate_target_600ms,2.2,2.8000000000000003,33.14567929837755,1.9974775989010416,0.19158315899173703,3,6,47,True,False
causal,outward,2.2,0.2,-1.0,VisualCogB_Task-2,left,Q2_plus_memory_control,cue_stage,0.0,0.8,29.595868892610337,1.0356815679597549,0.2867267563938682,3,6,44,True,False
causal,outward,2.2,0.2,-1.0,VisualCogB_Task-2,left,Q2_plus_memory_control,late_stage,0.8,2.8,45.744087121412036,1.1654068277593452,0.5982241742747444,3,6,44,True,False
causal,outward,2.2,0.2,-1.0,VisualCogB_Task-2,left,Q2_plus_memory_control,candidate_target_600ms,2.2,2.8000000000000003,47.67548601065279,1.7586866221833781,0.12995147836150905,3,6,44,True,False
causal,outward,2.2,0.2,-1.0,VisualCogB_Task-2,right,Q2_plus_memory_control,cue_stage,0.0,0.8,20.432808928067416,1.075377114110332,0.05578394859018412,3,6,47,True,False
causal,outward,2.2,0.2,-1.0,VisualCogB_Task-2,right,Q2_plus_memory_control,late_stage,0.8,2.8,34.97739274300919,1.0362691106942938,0.482540050929058,3,6,47,True,False
causal,outward,2.2,0.2,-1.0,VisualCogB_Task-2,right,Q2_plus_memory_control,candidate_target_600ms,2.2,2.8000000000000003,32.052976653343315,1.9316274156518891,0.03894201212628675,3,6,47,True,False
causal,outward,2.2,0.2,1.0,VisualCogA_Task-1,left,Training_mean_template,cue_stage,0.0,0.8,21.08297624331433,4.731957807756377,-0.10334538273310898,3,6,45,True,False
causal,outward,2.2,0.2,1.0,VisualCogA_Task-1,left,Training_mean_template,late_stage,0.8,2.8,24.49688739931746,4.312586241327728,0.5211216432194095,3,6,45,True,False
causal,outward,2.2,0.2,1.0,VisualCogA_Task-1,left,Training_mean_template,candidate_target_600ms,2.2,2.8000000000000003,24.350121917357043,8.35701490521298,0.3717382161229823,3,6,45,True,False
causal,outward,2.2,0.2,1.0,VisualCogA_Task-1,right,Training_mean_template,cue_stage,0.0,0.8,21.588969073992708,3.3231685790306935,-0.16016885027459948,3,6,41,True,False
causal,outward,2.2,0.2,1.0,VisualCogA_Task-1,right,Training_mean_template,late_stage,0.8,2.8,27.87665206779353,4.14508064387879,0.5559043453806836,3,6,41,True,False
causal,outward,2.2,0.2,1.0,VisualCogA_Task-1,right,Training_mean_template,candidate_target_600ms,2.2,2.8000000000000003,27.586195980037484,6.765520602946754,-0.08621285494286048,3,6,41,True,False
causal,outward,2.2,0.2,1.0,VisualCogA_Task-1,left,Q2_visual_only,cue_stage,0.0,0.8,20.16688579764359,4.526346356746118,-0.43173068520970087,3,6,45,True,False
causal,outward,2.2,0.2,1.0,VisualCogA_Task-1,left,Q2_visual_only,late_stage,0.8,2.8,12.201282689695148,2.147990599638204,0.4091459561628328,3,6,45,True,False
causal,outward,2.2,0.2,1.0,VisualCogA_Task-1,left,Q2_visual_only,candidate_target_600ms,2.2,2.8000000000000003,15.059826382282072,5.168565232395816,-0.11988530210921618,3,6,45,True,False
causal,outward,2.2,0.2,1.0,VisualCogA_Task-1,right,Q2_visual_only,cue_stage,0.0,0.8,25.652796837345292,3.948709552639967,-0.8028725084052027,3,6,41,True,False
causal,outward,2.2,0.2,1.0,VisualCogA_Task-1,right,Q2_visual_only,late_stage,0.8,2.8,20.760281676489047,3.086921683759332,-0.284395278231583,3,6,41,True,False
causal,outward,2.2,0.2,1.0,VisualCogA_Task-1,right,Q2_visual_only,candidate_target_600ms,2.2,2.8000000000000003,19.2347745293743,4.71733266397756,-0.48706254222876366,3,6,41,True,False
causal,outward,2.2,0.2,1.0,VisualCogA_Task-1,left,Q2_plus_memory,cue_stage,0.0,0.8,20.34783453446538,4.566959303330405,-0.29540909528893655,3,6,45,True,False
causal,outward,2.2,0.2,1.0,VisualCogA_Task-1,left,Q2_plus_memory,late_stage,0.8,2.8,12.265701854085805,2.159331354792131,0.35397447253680325,3,6,45,True,False
causal,outward,2.2,0.2,1.0,VisualCogA_Task-1,left,Q2_plus_memory,candidate_target_600ms,2.2,2.8000000000000003,15.038211223266272,5.16114686271838,-0.028963656202936783,3,6,45,True,False
causal,outward,2.2,0.2,1.0,VisualCogA_Task-1,right,Q2_plus_memory,cue_stage,0.0,0.8,26.366512382193285,4.058571077980787,-0.8158131108383424,3,6,41,True,False
causal,outward,2.2,0.2,1.0,VisualCogA_Task-1,right,Q2_plus_memory,late_stage,0.8,2.8,20.556402333080218,3.056606123698696,-0.2905903918817378,3,6,41,True,False
causal,outward,2.2,0.2,1.0,VisualCogA_Task-1,right,Q2_plus_memory,candidate_target_600ms,2.2,2.8000000000000003,19.69324497867678,4.829772642031902,-0.6212822119083541,3,6,41,True,False
causal,outward,2.2,0.2,1.0,VisualCogA_Task-1,left,Q2_plus_memory_control,cue_stage,0.0,0.8,21.450559573305757,4.814459860041599,-0.4431948011981873,3,6,45,True,False
causal,outward,2.2,0.2,1.0,VisualCogA_Task-1,left,Q2_plus_memory_control,late_stage,0.8,2.8,13.309619671974769,2.3431092178781263,0.3546922696456955,3,6,45,True,False
causal,outward,2.2,0.2,1.0,VisualCogA_Task-1,left,Q2_plus_memory_control,candidate_target_600ms,2.2,2.8000000000000003,16.037479016055663,5.504097746783055,0.21474682087618152,3,6,45,True,False
causal,outward,2.2,0.2,1.0,VisualCogA_Task-1,right,Q2_plus_memory_control,cue_stage,0.0,0.8,26.8896578006944,4.139098332944576,-0.8084851073167209,3,6,41,True,False
causal,outward,2.2,0.2,1.0,VisualCogA_Task-1,right,Q2_plus_memory_control,late_stage,0.8,2.8,21.490553618423057,3.1955084711510517,-0.25466964060158453,3,6,41,True,False
causal,outward,2.2,0.2,1.0,VisualCogA_Task-1,right,Q2_plus_memory_control,candidate_target_600ms,2.2,2.8000000000000003,21.39244153826187,5.246500970238086,-0.7922908526915939,3,6,41,True,False
causal,outward,2.2,0.2,1.0,VisualCogA_Task-2,left,Training_mean_template,cue_stage,0.0,0.8,14.713195942736856,0.8519186648979836,0.8705575703100655,3,6,49,True,False
causal,outward,2.2,0.2,1.0,VisualCogA_Task-2,left,Training_mean_template,late_stage,0.8,2.8,22.78064222039507,0.6816371691356803,0.819328530733084,3,6,49,True,False
causal,outward,2.2,0.2,1.0,VisualCogA_Task-2,left,Training_mean_template,candidate_target_600ms,2.2,2.8000000000000003,17.33385561819874,1.1620589275348225,0.9069987156389528,3,6,49,True,False
causal,outward,2.2,0.2,1.0,VisualCogA_Task-2,right,Training_mean_template,cue_stage,0.0,0.8,24.53165598018877,1.0559612869671255,-0.04108536717954614,3,6,41,True,False
causal,outward,2.2,0.2,1.0,VisualCogA_Task-2,right,Training_mean_template,late_stage,0.8,2.8,29.668513338841645,0.7937917102851009,0.7276545483506327,3,6,41,True,False
causal,outward,2.2,0.2,1.0,VisualCogA_Task-2,right,Training_mean_template,candidate_target_600ms,2.2,2.8000000000000003,27.667597101834037,1.4130975845913976,-0.7637109727765604,3,6,41,True,False
causal,outward,2.2,0.2,1.0,VisualCogA_Task-2,left,Q2_visual_only,cue_stage,0.0,0.8,15.961003399631002,0.9241688046272633,0.5665960488952195,3,6,49,True,False
causal,outward,2.2,0.2,1.0,VisualCogA_Task-2,left,Q2_visual_only,late_stage,0.8,2.8,31.670202972716393,0.9476285739191258,0.5375449811724707,3,6,49,True,False
causal,outward,2.2,0.2,1.0,VisualCogA_Task-2,left,Q2_visual_only,candidate_target_600ms,2.2,2.8000000000000003,24.68397425253873,1.65480971337311,0.7269956870169466,3,6,49,True,False
causal,outward,2.2,0.2,1.0,VisualCogA_Task-2,right,Q2_visual_only,cue_stage,0.0,0.8,24.157750569841912,1.0398665871787096,-0.027493586185301948,3,6,41,True,False
causal,outward,2.2,0.2,1.0,VisualCogA_Task-2,right,Q2_visual_only,late_stage,0.8,2.8,37.243268422411624,0.9964569980299345,0.2651466490696755,3,6,41,True,False
causal,outward,2.2,0.2,1.0,VisualCogA_Task-2,right,Q2_visual_only,candidate_target_600ms,2.2,2.8000000000000003,29.609368759629096,1.5122718218538138,0.21890254480642385,3,6,41,True,False
causal,outward,2.2,0.2,1.0,VisualCogA_Task-2,left,Q2_plus_memory,cue_stage,0.0,0.8,15.760000407360057,0.9125303950334255,0.5849532455715655,3,6,49,True,False
causal,outward,2.2,0.2,1.0,VisualCogA_Task-2,left,Q2_plus_memory,late_stage,0.8,2.8,31.693459340941175,0.9483244456530195,0.5377681870282424,3,6,49,True,False
causal,outward,2.2,0.2,1.0,VisualCogA_Task-2,left,Q2_plus_memory,candidate_target_600ms,2.2,2.8000000000000003,24.40870019807642,1.6363553844833052,0.7623167290614126,3,6,49,True,False
causal,outward,2.2,0.2,1.0,VisualCogA_Task-2,right,Q2_plus_memory,cue_stage,0.0,0.8,24.44340219365165,1.0521624165571246,-0.06701784979814625,3,6,41,True,False
causal,outward,2.2,0.2,1.0,VisualCogA_Task-2,right,Q2_plus_memory,late_stage,0.8,2.8,37.16204320264178,0.9942837881564565,0.2837874778057399,3,6,41,True,False
causal,outward,2.2,0.2,1.0,VisualCogA_Task-2,right,Q2_plus_memory,candidate_target_600ms,2.2,2.8000000000000003,29.618685075849115,1.5127476443077603,0.17648349224965468,3,6,41,True,False
causal,outward,2.2,0.2,1.0,VisualCogA_Task-2,left,Q2_plus_memory_control,cue_stage,0.0,0.8,16.10438600815038,0.9324708975848249,0.5299796179839492,3,6,49,True,False
causal,outward,2.2,0.2,1.0,VisualCogA_Task-2,left,Q2_plus_memory_control,late_stage,0.8,2.8,30.903312592231355,0.9246818552562426,0.6168830128484456,3,6,49,True,False
causal,outward,2.2,0.2,1.0,VisualCogA_Task-2,left,Q2_plus_memory_control,candidate_target_600ms,2.2,2.8000000000000003,22.927978904531166,1.537088064144682,0.8475488465812646,3,6,49,True,False
causal,outward,2.2,0.2,1.0,VisualCogA_Task-2,right,Q2_plus_memory_control,cue_stage,0.0,0.8,24.81245098509627,1.0680480639460428,-0.073669922518178,3,6,41,True,False
causal,outward,2.2,0.2,1.0,VisualCogA_Task-2,right,Q2_plus_memory_control,late_stage,0.8,2.8,36.59641014656407,0.9791500729665585,0.34943371539857443,3,6,41,True,False
causal,outward,2.2,0.2,1.0,VisualCogA_Task-2,right,Q2_plus_memory_control,candidate_target_600ms,2.2,2.8000000000000003,28.752121101808164,1.468488670385879,0.07867128511496409,3,6,41,True,False
causal,outward,2.2,0.2,1.0,VisualCogB_Task-1,left,Training_mean_template,cue_stage,0.0,0.8,18.501979494376,1.7327873487562542,0.7417189870664094,3,6,43,True,False
causal,outward,2.2,0.2,1.0,VisualCogB_Task-1,left,Training_mean_template,late_stage,0.8,2.8,30.92125778338932,3.64321298968191,0.5949236856159958,3,6,43,True,False
causal,outward,2.2,0.2,1.0,VisualCogB_Task-1,left,Training_mean_template,candidate_target_600ms,2.2,2.8000000000000003,35.42214888888323,6.302511347979407,0.14347812929092318,3,6,43,True,False
causal,outward,2.2,0.2,1.0,VisualCogB_Task-1,right,Training_mean_template,cue_stage,0.0,0.8,26.402931770541624,1.3161968137069837,-0.36016739175351004,3,6,45,True,False
causal,outward,2.2,0.2,1.0,VisualCogB_Task-1,right,Training_mean_template,late_stage,0.8,2.8,25.8616667930673,1.7716783826623652,0.13143696731942994,3,6,45,True,False
causal,outward,2.2,0.2,1.0,VisualCogB_Task-1,right,Training_mean_template,candidate_target_600ms,2.2,2.8000000000000003,26.60361194269259,1.5493726895045707,-0.8850803973104087,3,6,45,True,False
causal,outward,2.2,0.2,1.0,VisualCogB_Task-1,left,Q2_visual_only,cue_stage,0.0,0.8,21.701249760930537,2.032412318334393,0.41526180365038784,3,6,43,True,False
causal,outward,2.2,0.2,1.0,VisualCogB_Task-1,left,Q2_visual_only,late_stage,0.8,2.8,19.81489432450383,2.3346359613801546,0.4832912233990311,3,6,43,True,False
causal,outward,2.2,0.2,1.0,VisualCogB_Task-1,left,Q2_visual_only,candidate_target_600ms,2.2,2.8000000000000003,22.55712170546176,4.01349212246811,-0.2926911876289371,3,6,43,True,False
causal,outward,2.2,0.2,1.0,VisualCogB_Task-1,right,Q2_visual_only,cue_stage,0.0,0.8,29.197379209602108,1.4555011473062822,-0.7766978437022319,3,6,45,True,False
causal,outward,2.2,0.2,1.0,VisualCogB_Task-1,right,Q2_visual_only,late_stage,0.8,2.8,21.932462544490434,1.5025044626683586,-0.5428020394836316,3,6,45,True,False
causal,outward,2.2,0.2,1.0,VisualCogB_Task-1,right,Q2_visual_only,candidate_target_600ms,2.2,2.8000000000000003,26.709786311164034,1.5555561982397532,-0.8476799298723273,3,6,45,True,False
causal,outward,2.2,0.2,1.0,VisualCogB_Task-1,left,Q2_plus_memory,cue_stage,0.0,0.8,22.376660120814982,2.095667308276546,0.3727855792938105,3,6,43,True,False
causal,outward,2.2,0.2,1.0,VisualCogB_Task-1,left,Q2_plus_memory,late_stage,0.8,2.8,19.57373606301252,2.306222145972354,0.47355611242450457,3,6,43,True,False
causal,outward,2.2,0.2,1.0,VisualCogB_Task-1,left,Q2_plus_memory,candidate_target_600ms,2.2,2.8000000000000003,22.640279015940237,4.028287946815246,-0.19754570086535078,3,6,43,True,False
causal,outward,2.2,0.2,1.0,VisualCogB_Task-1,right,Q2_plus_memory,cue_stage,0.0,0.8,29.629561103971515,1.4770455893119812,-0.7764304235525094,3,6,45,True,False
causal,outward,2.2,0.2,1.0,VisualCogB_Task-1,right,Q2_plus_memory,late_stage,0.8,2.8,21.821555894104435,1.4949066958053565,-0.5227182504117158,3,6,45,True,False
causal,outward,2.2,0.2,1.0,VisualCogB_Task-1,right,Q2_plus_memory,candidate_target_600ms,2.2,2.8000000000000003,26.77221757441413,1.5591921441578993,-0.8790330766868504,3,6,45,True,False
causal,outward,2.2,0.2,1.0,VisualCogB_Task-1,left,Q2_plus_memory_control,cue_stage,0.0,0.8,22.484537187962175,2.1057704443885714,0.3630200250412968,3,6,43,True,False
causal,outward,2.2,0.2,1.0,VisualCogB_Task-1,left,Q2_plus_memory_control,late_stage,0.8,2.8,20.313728286265395,2.3934097144375253,0.5109036029150804,3,6,43,True,False
causal,outward,2.2,0.2,1.0,VisualCogB_Task-1,left,Q2_plus_memory_control,candidate_target_600ms,2.2,2.8000000000000003,24.068155647651768,4.282343924703726,-0.11764044930110197,3,6,43,True,False
causal,outward,2.2,0.2,1.0,VisualCogB_Task-1,right,Q2_plus_memory_control,cue_stage,0.0,0.8,30.5458725003322,1.522724082546545,-0.7343640861747318,3,6,45,True,False
causal,outward,2.2,0.2,1.0,VisualCogB_Task-1,right,Q2_plus_memory_control,late_stage,0.8,2.8,21.710355904284352,1.4872888334420022,-0.4503517015988406,3,6,45,True,False
causal,outward,2.2,0.2,1.0,VisualCogB_Task-1,right,Q2_plus_memory_control,candidate_target_600ms,2.2,2.8000000000000003,26.546064908965633,1.5460211971353912,-0.9246456448438823,3,6,45,True,False
causal,outward,2.2,0.2,1.0,VisualCogB_Task-2,left,Training_mean_template,cue_stage,0.0,0.8,26.4278692037496,0.9248201873744891,0.789906236108502,3,6,44,True,False
causal,outward,2.2,0.2,1.0,VisualCogB_Task-2,left,Training_mean_template,late_stage,0.8,2.8,39.47626028962619,1.005723497199289,0.8762536900741064,3,6,44,True,False
causal,outward,2.2,0.2,1.0,VisualCogB_Task-2,left,Training_mean_template,candidate_target_600ms,2.2,2.8000000000000003,44.2483180527083,1.6322628571846167,0.634346148101318,3,6,44,True,False
causal,outward,2.2,0.2,1.0,VisualCogB_Task-2,right,Training_mean_template,cue_stage,0.0,0.8,25.656803416207826,1.3503155298984768,-0.3645966707592247,3,6,47,True,False
causal,outward,2.2,0.2,1.0,VisualCogB_Task-2,right,Training_mean_template,late_stage,0.8,2.8,28.28070208588447,0.837867425273061,0.6846402253473619,3,6,47,True,False
causal,outward,2.2,0.2,1.0,VisualCogB_Task-2,right,Training_mean_template,candidate_target_600ms,2.2,2.8000000000000003,29.79399155523826,1.7954928658332951,-0.7392356911909167,3,6,47,True,False
causal,outward,2.2,0.2,1.0,VisualCogB_Task-2,left,Q2_visual_only,cue_stage,0.0,0.8,29.133991302914698,1.0195185653448564,0.41990237067600583,3,6,44,True,False
causal,outward,2.2,0.2,1.0,VisualCogB_Task-2,left,Q2_visual_only,late_stage,0.8,2.8,46.16188567658265,1.1760509419927652,0.608519023695458,3,6,44,True,False
causal,outward,2.2,0.2,1.0,VisualCogB_Task-2,left,Q2_visual_only,candidate_target_600ms,2.2,2.8000000000000003,48.13662332953559,1.7756973776380258,0.4523850640497978,3,6,44,True,False
causal,outward,2.2,0.2,1.0,VisualCogB_Task-2,right,Q2_visual_only,cue_stage,0.0,0.8,19.875977891377214,1.046071140791097,0.13702068685363714,3,6,47,True,False
causal,outward,2.2,0.2,1.0,VisualCogB_Task-2,right,Q2_visual_only,late_stage,0.8,2.8,35.52731589660442,1.0525615879956567,0.4192425164223414,3,6,47,True,False
causal,outward,2.2,0.2,1.0,VisualCogB_Task-2,right,Q2_visual_only,candidate_target_600ms,2.2,2.8000000000000003,32.864568651442504,1.9805368623721384,0.24607814271350043,3,6,47,True,False
causal,outward,2.2,0.2,1.0,VisualCogB_Task-2,left,Q2_plus_memory,cue_stage,0.0,0.8,28.901857118447303,1.0113952324223254,0.4514614484289086,3,6,44,True,False
causal,outward,2.2,0.2,1.0,VisualCogB_Task-2,left,Q2_plus_memory,late_stage,0.8,2.8,46.22375210990479,1.1776270924493557,0.6067865482397253,3,6,44,True,False
causal,outward,2.2,0.2,1.0,VisualCogB_Task-2,left,Q2_plus_memory,candidate_target_600ms,2.2,2.8000000000000003,48.021142481485185,1.771437439468979,0.4059451714713153,3,6,44,True,False
causal,outward,2.2,0.2,1.0,VisualCogB_Task-2,right,Q2_plus_memory,cue_stage,0.0,0.8,20.0756671329914,1.0565807697472491,0.06351763396983669,3,6,47,True,False
causal,outward,2.2,0.2,1.0,VisualCogB_Task-2,right,Q2_plus_memory,late_stage,0.8,2.8,35.50523403350398,1.051907372491211,0.4363237123148681,3,6,47,True,False
causal,outward,2.2,0.2,1.0,VisualCogB_Task-2,right,Q2_plus_memory,candidate_target_600ms,2.2,2.8000000000000003,32.640345325330216,1.967024359972397,0.21687500178539884,3,6,47,True,False
causal,outward,2.2,0.2,1.0,VisualCogB_Task-2,left,Q2_plus_memory_control,cue_stage,0.0,0.8,29.346460662695893,1.0269537449126553,0.3293577419457946,3,6,44,True,False
causal,outward,2.2,0.2,1.0,VisualCogB_Task-2,left,Q2_plus_memory_control,late_stage,0.8,2.8,45.68426378991806,1.1638827287255762,0.6010071094687421,3,6,44,True,False
causal,outward,2.2,0.2,1.0,VisualCogB_Task-2,left,Q2_plus_memory_control,candidate_target_600ms,2.2,2.8000000000000003,47.35607154889571,1.7469038384546804,0.1608624995334144,3,6,44,True,False
causal,outward,2.2,0.2,1.0,VisualCogB_Task-2,right,Q2_plus_memory_control,cue_stage,0.0,0.8,20.34692346969449,1.0708569692445788,0.06568096378754049,3,6,47,True,False
causal,outward,2.2,0.2,1.0,VisualCogB_Task-2,right,Q2_plus_memory_control,late_stage,0.8,2.8,34.90253194257884,1.034051222824326,0.4921863867866722,3,6,47,True,False
causal,outward,2.2,0.2,1.0,VisualCogB_Task-2,right,Q2_plus_memory_control,candidate_target_600ms,2.2,2.8000000000000003,31.73847767180277,1.9126745782443546,0.05646454532084866,3,6,47,True,False
causal,dots,2.4,0.2,-1.0,VisualCogA_Task-1,left,Training_mean_template,cue_stage,0.0,0.8,21.08297624331433,4.731957807756377,-0.10334538273310898,3,6,45,True,False
causal,dots,2.4,0.2,-1.0,VisualCogA_Task-1,left,Training_mean_template,late_stage,0.8,2.8,24.49688739931746,4.312586241327728,0.5211216432194095,3,6,45,True,False
causal,dots,2.4,0.2,-1.0,VisualCogA_Task-1,left,Training_mean_template,candidate_target_600ms,2.4,3.0,22.87128667115677,6.0514832179201505,0.503430132602702,3,6,45,True,False
causal,dots,2.4,0.2,-1.0,VisualCogA_Task-1,right,Training_mean_template,cue_stage,0.0,0.8,21.588969073992708,3.3231685790306935,-0.16016885027459948,3,6,41,True,False
causal,dots,2.4,0.2,-1.0,VisualCogA_Task-1,right,Training_mean_template,late_stage,0.8,2.8,27.87665206779353,4.14508064387879,0.5559043453806836,3,6,41,True,False
causal,dots,2.4,0.2,-1.0,VisualCogA_Task-1,right,Training_mean_template,candidate_target_600ms,2.4,3.0,28.235959530260782,5.898385177372383,-0.018924780311043003,3,6,41,True,False
causal,dots,2.4,0.2,-1.0,VisualCogA_Task-1,left,Q2_visual_only,cue_stage,0.0,0.8,20.75856423063349,4.6591453196798005,-0.4516891732209688,3,6,45,True,False
causal,dots,2.4,0.2,-1.0,VisualCogA_Task-1,left,Q2_visual_only,late_stage,0.8,2.8,12.838398397598906,2.2601524588675557,0.4182060225014514,3,6,45,True,False
causal,dots,2.4,0.2,-1.0,VisualCogA_Task-1,left,Q2_visual_only,candidate_target_600ms,2.4,3.0,13.265485265212114,3.509897043144272,0.3283536690136775,3,6,45,True,False
causal,dots,2.4,0.2,-1.0,VisualCogA_Task-1,right,Q2_visual_only,cue_stage,0.0,0.8,26.185422512877075,4.030696094157805,-0.8014518645003956,3,6,41,True,False
causal,dots,2.4,0.2,-1.0,VisualCogA_Task-1,right,Q2_visual_only,late_stage,0.8,2.8,21.428872964602142,3.186336950710466,-0.2660523376471075,3,6,41,True,False
causal,dots,2.4,0.2,-1.0,VisualCogA_Task-1,right,Q2_visual_only,candidate_target_600ms,2.4,3.0,19.960330619968882,4.169637590608532,-0.26646011825740795,3,6,41,True,False
causal,dots,2.4,0.2,-1.0,VisualCogA_Task-1,left,Q2_plus_memory,cue_stage,0.0,0.8,20.94844115843584,4.701762149517194,-0.48353850515642793,3,6,45,True,False
causal,dots,2.4,0.2,-1.0,VisualCogA_Task-1,left,Q2_plus_memory,late_stage,0.8,2.8,12.74046055070924,2.2429108638797204,0.4378486510174075,3,6,45,True,False
causal,dots,2.4,0.2,-1.0,VisualCogA_Task-1,left,Q2_plus_memory,candidate_target_600ms,2.4,3.0,12.957490256583261,3.428405054839514,0.3698731101549033,3,6,45,True,False
causal,dots,2.4,0.2,-1.0,VisualCogA_Task-1,right,Q2_plus_memory,cue_stage,0.0,0.8,26.156516305212392,4.026246590306047,-0.7920710759621499,3,6,41,True,False
causal,dots,2.4,0.2,-1.0,VisualCogA_Task-1,right,Q2_plus_memory,late_stage,0.8,2.8,21.398501732954372,3.1818209419685353,-0.2630694318142977,3,6,41,True,False
causal,dots,2.4,0.2,-1.0,VisualCogA_Task-1,right,Q2_plus_memory,candidate_target_600ms,2.4,3.0,19.79990167834889,4.1361245913333065,-0.2724232451710144,3,6,41,True,False
causal,dots,2.4,0.2,-1.0,VisualCogA_Task-1,left,Q2_plus_memory_control,cue_stage,0.0,0.8,21.750779706515786,4.881842614117383,-0.4377478684965472,3,6,45,True,False
causal,dots,2.4,0.2,-1.0,VisualCogA_Task-1,left,Q2_plus_memory_control,late_stage,0.8,2.8,13.118707060504933,2.3094997601498886,0.36706894516404776,3,6,45,True,False
causal,dots,2.4,0.2,-1.0,VisualCogA_Task-1,left,Q2_plus_memory_control,candidate_target_600ms,2.4,3.0,12.897782287616259,3.4126070030125666,0.5858321388576428,3,6,45,True,False
causal,dots,2.4,0.2,-1.0,VisualCogA_Task-1,right,Q2_plus_memory_control,cue_stage,0.0,0.8,27.238407208025507,4.192780983025095,-0.8083539968137556,3,6,41,True,False
causal,dots,2.4,0.2,-1.0,VisualCogA_Task-1,right,Q2_plus_memory_control,late_stage,0.8,2.8,21.110874816768742,3.1390526511407777,-0.20371542858024028,3,6,41,True,False
causal,dots,2.4,0.2,-1.0,VisualCogA_Task-1,right,Q2_plus_memory_control,candidate_target_600ms,2.4,3.0,20.842244636256606,4.353866093833774,-0.43929045554507634,3,6,41,True,False
causal,dots,2.4,0.2,-1.0,VisualCogA_Task-2,left,Training_mean_template,cue_stage,0.0,0.8,14.713195942736856,0.8519186648979836,0.8705575703100655,3,6,49,True,False
causal,dots,2.4,0.2,-1.0,VisualCogA_Task-2,left,Training_mean_template,late_stage,0.8,2.8,22.78064222039507,0.6816371691356803,0.819328530733084,3,6,49,True,False
causal,dots,2.4,0.2,-1.0,VisualCogA_Task-2,left,Training_mean_template,candidate_target_600ms,2.4,3.0,20.05846071286471,1.3527688002082003,0.9125055226720362,3,6,49,True,False
causal,dots,2.4,0.2,-1.0,VisualCogA_Task-2,right,Training_mean_template,cue_stage,0.0,0.8,24.53165598018877,1.0559612869671255,-0.04108536717954614,3,6,41,True,False
causal,dots,2.4,0.2,-1.0,VisualCogA_Task-2,right,Training_mean_template,late_stage,0.8,2.8,29.668513338841645,0.7937917102851009,0.7276545483506327,3,6,41,True,False
causal,dots,2.4,0.2,-1.0,VisualCogA_Task-2,right,Training_mean_template,candidate_target_600ms,2.4,3.0,28.185427026250903,1.3691326500070173,-0.6553806563547246,3,6,41,True,False
causal,dots,2.4,0.2,-1.0,VisualCogA_Task-2,left,Q2_visual_only,cue_stage,0.0,0.8,16.12115068910615,0.9334416006647582,0.5255740276904106,3,6,49,True,False
causal,dots,2.4,0.2,-1.0,VisualCogA_Task-2,left,Q2_visual_only,late_stage,0.8,2.8,31.08803155456967,0.930208973822779,0.5998651168467668,3,6,49,True,False
causal,dots,2.4,0.2,-1.0,VisualCogA_Task-2,left,Q2_visual_only,candidate_target_600ms,2.4,3.0,26.542968894120367,1.7900925050462007,0.7169356236716126,3,6,49,True,False
causal,dots,2.4,0.2,-1.0,VisualCogA_Task-2,right,Q2_visual_only,cue_stage,0.0,0.8,24.27699602255334,1.0449994890020444,-0.022899345072708566,3,6,41,True,False
causal,dots,2.4,0.2,-1.0,VisualCogA_Task-2,right,Q2_visual_only,late_stage,0.8,2.8,36.872051462130514,0.9865249551795567,0.3080821734702307,3,6,41,True,False
causal,dots,2.4,0.2,-1.0,VisualCogA_Task-2,right,Q2_visual_only,candidate_target_600ms,2.4,3.0,29.119072362717976,1.414485317983036,0.2042419213737784,3,6,41,True,False
causal,dots,2.4,0.2,-1.0,VisualCogA_Task-2,left,Q2_plus_memory,cue_stage,0.0,0.8,16.137531465479594,0.9343900750269819,0.5312959468692097,3,6,49,True,False
causal,dots,2.4,0.2,-1.0,VisualCogA_Task-2,left,Q2_plus_memory,late_stage,0.8,2.8,31.101898510333452,0.9306238977033223,0.5983371916617697,3,6,49,True,False
causal,dots,2.4,0.2,-1.0,VisualCogA_Task-2,left,Q2_plus_memory,candidate_target_600ms,2.4,3.0,26.537464829788856,1.7897213037557034,0.7381603913218822,3,6,49,True,False
causal,dots,2.4,0.2,-1.0,VisualCogA_Task-2,right,Q2_plus_memory,cue_stage,0.0,0.8,24.671044808161195,1.061961257221619,-0.07195521060075516,3,6,41,True,False
causal,dots,2.4,0.2,-1.0,VisualCogA_Task-2,right,Q2_plus_memory,late_stage,0.8,2.8,36.88065647233079,0.9867551853122867,0.3067936764079857,3,6,41,True,False
causal,dots,2.4,0.2,-1.0,VisualCogA_Task-2,right,Q2_plus_memory,candidate_target_600ms,2.4,3.0,29.242782143301824,1.4204946326393226,0.18197631962401262,3,6,41,True,False
causal,dots,2.4,0.2,-1.0,VisualCogA_Task-2,left,Q2_plus_memory_control,cue_stage,0.0,0.8,16.27526033612581,0.9423648071012022,0.5040079033950188,3,6,49,True,False
causal,dots,2.4,0.2,-1.0,VisualCogA_Task-2,left,Q2_plus_memory_control,late_stage,0.8,2.8,30.919011301223364,0.9251515884381639,0.612599996481032,3,6,49,True,False
causal,dots,2.4,0.2,-1.0,VisualCogA_Task-2,left,Q2_plus_memory_control,candidate_target_600ms,2.4,3.0,25.35179689199648,1.7097583087575865,0.9183662719335016,3,6,49,True,False
causal,dots,2.4,0.2,-1.0,VisualCogA_Task-2,right,Q2_plus_memory_control,cue_stage,0.0,0.8,24.90758700339984,1.0721431789438194,-0.07188051729175235,3,6,41,True,False
causal,dots,2.4,0.2,-1.0,VisualCogA_Task-2,right,Q2_plus_memory_control,late_stage,0.8,2.8,36.57748201332378,0.9786436439761432,0.35801114732373945,3,6,41,True,False
causal,dots,2.4,0.2,-1.0,VisualCogA_Task-2,right,Q2_plus_memory_control,candidate_target_600ms,2.4,3.0,28.820876393966476,1.4000001786754814,0.12736847506675894,3,6,41,True,False
causal,dots,2.4,0.2,-1.0,VisualCogB_Task-1,left,Training_mean_template,cue_stage,0.0,0.8,18.501979494376,1.7327873487562542,0.7417189870664094,3,6,43,True,False
causal,dots,2.4,0.2,-1.0,VisualCogB_Task-1,left,Training_mean_template,late_stage,0.8,2.8,30.92125778338932,3.64321298968191,0.5949236856159958,3,6,43,True,False
causal,dots,2.4,0.2,-1.0,VisualCogB_Task-1,left,Training_mean_template,candidate_target_600ms,2.4,3.0,32.02443807547912,4.806232015661439,0.6308901813702985,3,6,43,True,False
causal,dots,2.4,0.2,-1.0,VisualCogB_Task-1,right,Training_mean_template,cue_stage,0.0,0.8,26.402931770541624,1.3161968137069837,-0.36016739175351004,3,6,45,True,False
causal,dots,2.4,0.2,-1.0,VisualCogB_Task-1,right,Training_mean_template,late_stage,0.8,2.8,25.8616667930673,1.7716783826623652,0.13143696731942994,3,6,45,True,False
causal,dots,2.4,0.2,-1.0,VisualCogB_Task-1,right,Training_mean_template,candidate_target_600ms,2.4,3.0,24.09796746611234,1.5562599985201162,-0.8171413462334456,3,6,45,True,False
causal,dots,2.4,0.2,-1.0,VisualCogB_Task-1,left,Q2_visual_only,cue_stage,0.0,0.8,22.123113773922967,2.071921638125339,0.3812556007852724,3,6,43,True,False
causal,dots,2.4,0.2,-1.0,VisualCogB_Task-1,left,Q2_visual_only,late_stage,0.8,2.8,20.334307920040605,2.3958344537420504,0.5233831873935098,3,6,43,True,False
causal,dots,2.4,0.2,-1.0,VisualCogB_Task-1,left,Q2_visual_only,candidate_target_600ms,2.4,3.0,19.50602870824412,2.927467437680292,0.3428790125991708,3,6,43,True,False
causal,dots,2.4,0.2,-1.0,VisualCogB_Task-1,right,Q2_visual_only,cue_stage,0.0,0.8,29.476989055622784,1.469439811073316,-0.7429348929276177,3,6,45,True,False
causal,dots,2.4,0.2,-1.0,VisualCogB_Task-1,right,Q2_visual_only,late_stage,0.8,2.8,21.84188760788784,1.4962995394329837,-0.5037142177007562,3,6,45,True,False
causal,dots,2.4,0.2,-1.0,VisualCogB_Task-1,right,Q2_visual_only,candidate_target_600ms,2.4,3.0,24.605868257080573,1.58906051106592,-0.7467416860405642,3,6,45,True,False
causal,dots,2.4,0.2,-1.0,VisualCogB_Task-1,left,Q2_plus_memory,cue_stage,0.0,0.8,21.907725909630365,2.0517496686106558,0.41259014518085424,3,6,43,True,False
causal,dots,2.4,0.2,-1.0,VisualCogB_Task-1,left,Q2_plus_memory,late_stage,0.8,2.8,20.40476404668348,2.4041357549887894,0.5096757334314661,3,6,43,True,False
causal,dots,2.4,0.2,-1.0,VisualCogB_Task-1,left,Q2_plus_memory,candidate_target_600ms,2.4,3.0,19.538850523464525,2.9323933401661573,0.31724024552904645,3,6,43,True,False
causal,dots,2.4,0.2,-1.0,VisualCogB_Task-1,right,Q2_plus_memory,cue_stage,0.0,0.8,30.031425924515496,1.4970787129414964,-0.7610557774629366,3,6,45,True,False
causal,dots,2.4,0.2,-1.0,VisualCogB_Task-1,right,Q2_plus_memory,late_stage,0.8,2.8,21.844717480536303,1.4964934025833012,-0.5084737779687386,3,6,45,True,False
causal,dots,2.4,0.2,-1.0,VisualCogB_Task-1,right,Q2_plus_memory,candidate_target_600ms,2.4,3.0,24.66774603095764,1.5930566117502525,-0.761693935414361,3,6,45,True,False
causal,dots,2.4,0.2,-1.0,VisualCogB_Task-1,left,Q2_plus_memory_control,cue_stage,0.0,0.8,22.84841098892161,2.1398487395806085,0.3365635147996286,3,6,43,True,False
causal,dots,2.4,0.2,-1.0,VisualCogB_Task-1,left,Q2_plus_memory_control,late_stage,0.8,2.8,19.958983731000778,2.3516129032983204,0.5243513201235824,3,6,43,True,False
causal,dots,2.4,0.2,-1.0,VisualCogB_Task-1,left,Q2_plus_memory_control,candidate_target_600ms,2.4,3.0,19.928151819460062,2.99081973154084,0.5171953188780543,3,6,43,True,False
causal,dots,2.4,0.2,-1.0,VisualCogB_Task-1,right,Q2_plus_memory_control,cue_stage,0.0,0.8,30.649307115772444,1.5278803399066216,-0.7129601609593479,3,6,45,True,False
causal,dots,2.4,0.2,-1.0,VisualCogB_Task-1,right,Q2_plus_memory_control,late_stage,0.8,2.8,21.716818636058004,1.4877315691043222,-0.4222425025118538,3,6,45,True,False
causal,dots,2.4,0.2,-1.0,VisualCogB_Task-1,right,Q2_plus_memory_control,candidate_target_600ms,2.4,3.0,24.513321636689113,1.5830837993985982,-0.8736915915407757,3,6,45,True,False
causal,dots,2.4,0.2,-1.0,VisualCogB_Task-2,left,Training_mean_template,cue_stage,0.0,0.8,26.4278692037496,0.9248201873744891,0.789906236108502,3,6,44,True,False
causal,dots,2.4,0.2,-1.0,VisualCogB_Task-2,left,Training_mean_template,late_stage,0.8,2.8,39.47626028962619,1.005723497199289,0.8762536900741064,3,6,44,True,False
causal,dots,2.4,0.2,-1.0,VisualCogB_Task-2,left,Training_mean_template,candidate_target_600ms,2.4,3.0,36.669896545526655,1.358471848739961,0.7767214860203262,3,6,44,True,False
causal,dots,2.4,0.2,-1.0,VisualCogB_Task-2,right,Training_mean_template,cue_stage,0.0,0.8,25.656803416207826,1.3503155298984768,-0.3645966707592247,3,6,47,True,False
causal,dots,2.4,0.2,-1.0,VisualCogB_Task-2,right,Training_mean_template,late_stage,0.8,2.8,28.28070208588447,0.837867425273061,0.6846402253473619,3,6,47,True,False
causal,dots,2.4,0.2,-1.0,VisualCogB_Task-2,right,Training_mean_template,candidate_target_600ms,2.4,3.0,30.12722908776242,1.7190625299245987,-0.6651841578004362,3,6,47,True,False
causal,dots,2.4,0.2,-1.0,VisualCogB_Task-2,left,Q2_visual_only,cue_stage,0.0,0.8,29.081103624527564,1.0176678072584326,0.38936347569367113,3,6,44,True,False
causal,dots,2.4,0.2,-1.0,VisualCogB_Task-2,left,Q2_visual_only,late_stage,0.8,2.8,45.77847924629311,1.1662830244369873,0.6220575597161281,3,6,44,True,False
causal,dots,2.4,0.2,-1.0,VisualCogB_Task-2,left,Q2_visual_only,candidate_target_600ms,2.4,3.0,42.99539482185529,1.5928060614633905,0.36822939317916015,3,6,44,True,False
causal,dots,2.4,0.2,-1.0,VisualCogB_Task-2,right,Q2_visual_only,cue_stage,0.0,0.8,20.021234619251544,1.0537159908641593,0.10834191442875794,3,6,47,True,False
causal,dots,2.4,0.2,-1.0,VisualCogB_Task-2,right,Q2_visual_only,late_stage,0.8,2.8,35.075329561565674,1.039170667726158,0.48182169900693234,3,6,47,True,False
causal,dots,2.4,0.2,-1.0,VisualCogB_Task-2,right,Q2_visual_only,candidate_target_600ms,2.4,3.0,32.228772039224836,1.838976768713776,0.1774243541321514,3,6,47,True,False
causal,dots,2.4,0.2,-1.0,VisualCogB_Task-2,left,Q2_plus_memory,cue_stage,0.0,0.8,29.649544349943227,1.0375598936819426,0.27696884722247433,3,6,44,True,False
causal,dots,2.4,0.2,-1.0,VisualCogB_Task-2,left,Q2_plus_memory,late_stage,0.8,2.8,45.79090469887297,1.166599583541908,0.6156504882031855,3,6,44,True,False
causal,dots,2.4,0.2,-1.0,VisualCogB_Task-2,left,Q2_plus_memory,candidate_target_600ms,2.4,3.0,43.2268668040014,1.6013811653262318,0.3020757146019813,3,6,44,True,False
causal,dots,2.4,0.2,-1.0,VisualCogB_Task-2,right,Q2_plus_memory,cue_stage,0.0,0.8,20.216506746656638,1.0639931474496458,0.09843594345616072,3,6,47,True,False
causal,dots,2.4,0.2,-1.0,VisualCogB_Task-2,right,Q2_plus_memory,late_stage,0.8,2.8,35.10591731666362,1.0400768858084026,0.474228441415623,3,6,47,True,False
causal,dots,2.4,0.2,-1.0,VisualCogB_Task-2,right,Q2_plus_memory,candidate_target_600ms,2.4,3.0,32.38574317069555,1.8479335562631751,0.12651842868770927,3,6,47,True,False
causal,dots,2.4,0.2,-1.0,VisualCogB_Task-2,left,Q2_plus_memory_control,cue_stage,0.0,0.8,29.353620029903905,1.0272042807115027,0.31749337732357447,3,6,44,True,False
causal,dots,2.4,0.2,-1.0,VisualCogB_Task-2,left,Q2_plus_memory_control,late_stage,0.8,2.8,45.76857283847686,1.166030642194076,0.6139933118336964,3,6,44,True,False
causal,dots,2.4,0.2,-1.0,VisualCogB_Task-2,left,Q2_plus_memory_control,candidate_target_600ms,2.4,3.0,42.46007316678652,1.5729745520526959,0.2745777305096818,3,6,44,True,False
causal,dots,2.4,0.2,-1.0,VisualCogB_Task-2,right,Q2_plus_memory_control,cue_stage,0.0,0.8,20.48889874147274,1.078329116543436,0.05232444346590253,3,6,47,True,False
causal,dots,2.4,0.2,-1.0,VisualCogB_Task-2,right,Q2_plus_memory_control,late_stage,0.8,2.8,34.97655635378904,1.0362443311368315,0.4948583044065615,3,6,47,True,False
causal,dots,2.4,0.2,-1.0,VisualCogB_Task-2,right,Q2_plus_memory_control,candidate_target_600ms,2.4,3.0,31.4496245241173,1.7945185381010813,0.10612465788526068,3,6,47,True,False
causal,dots,2.4,0.2,1.0,VisualCogA_Task-1,left,Training_mean_template,cue_stage,0.0,0.8,21.08297624331433,4.731957807756377,-0.10334538273310898,3,6,45,True,False
causal,dots,2.4,0.2,1.0,VisualCogA_Task-1,left,Training_mean_template,late_stage,0.8,2.8,24.49688739931746,4.312586241327728,0.5211216432194095,3,6,45,True,False
causal,dots,2.4,0.2,1.0,VisualCogA_Task-1,left,Training_mean_template,candidate_target_600ms,2.4,3.0,22.87128667115677,6.0514832179201505,0.503430132602702,3,6,45,True,False
causal,dots,2.4,0.2,1.0,VisualCogA_Task-1,right,Training_mean_template,cue_stage,0.0,0.8,21.588969073992708,3.3231685790306935,-0.16016885027459948,3,6,41,True,False
causal,dots,2.4,0.2,1.0,VisualCogA_Task-1,right,Training_mean_template,late_stage,0.8,2.8,27.87665206779353,4.14508064387879,0.5559043453806836,3,6,41,True,False
causal,dots,2.4,0.2,1.0,VisualCogA_Task-1,right,Training_mean_template,candidate_target_600ms,2.4,3.0,28.235959530260782,5.898385177372383,-0.018924780311043003,3,6,41,True,False
causal,dots,2.4,0.2,1.0,VisualCogA_Task-1,left,Q2_visual_only,cue_stage,0.0,0.8,20.75856423063349,4.6591453196798005,-0.4516891732209688,3,6,45,True,False
causal,dots,2.4,0.2,1.0,VisualCogA_Task-1,left,Q2_visual_only,late_stage,0.8,2.8,12.838398397598906,2.2601524588675557,0.4182060225014514,3,6,45,True,False
causal,dots,2.4,0.2,1.0,VisualCogA_Task-1,left,Q2_visual_only,candidate_target_600ms,2.4,3.0,13.265485265212114,3.509897043144272,0.3283536690136775,3,6,45,True,False
causal,dots,2.4,0.2,1.0,VisualCogA_Task-1,right,Q2_visual_only,cue_stage,0.0,0.8,26.185422512877075,4.030696094157805,-0.8014518645003956,3,6,41,True,False
causal,dots,2.4,0.2,1.0,VisualCogA_Task-1,right,Q2_visual_only,late_stage,0.8,2.8,21.428872964602142,3.186336950710466,-0.2660523376471075,3,6,41,True,False
causal,dots,2.4,0.2,1.0,VisualCogA_Task-1,right,Q2_visual_only,candidate_target_600ms,2.4,3.0,19.960330619968882,4.169637590608532,-0.26646011825740795,3,6,41,True,False
causal,dots,2.4,0.2,1.0,VisualCogA_Task-1,left,Q2_plus_memory,cue_stage,0.0,0.8,20.901127403613984,4.691142838042394,-0.36872013343560844,3,6,45,True,False
causal,dots,2.4,0.2,1.0,VisualCogA_Task-1,left,Q2_plus_memory,late_stage,0.8,2.8,12.801784647198486,2.2537067437999077,0.38547133517740595,3,6,45,True,False
causal,dots,2.4,0.2,1.0,VisualCogA_Task-1,left,Q2_plus_memory,candidate_target_600ms,2.4,3.0,12.958190797451088,3.4285904100128404,0.43814373914383414,3,6,45,True,False
causal,dots,2.4,0.2,1.0,VisualCogA_Task-1,right,Q2_plus_memory,cue_stage,0.0,0.8,26.689698940532566,4.108318864091239,-0.8181139627290701,3,6,41,True,False
causal,dots,2.4,0.2,1.0,VisualCogA_Task-1,right,Q2_plus_memory,late_stage,0.8,2.8,21.185125991283428,3.1500933279594143,-0.2540893509559236,3,6,41,True,False
causal,dots,2.4,0.2,1.0,VisualCogA_Task-1,right,Q2_plus_memory,candidate_target_600ms,2.4,3.0,20.13291832415754,4.2056905094084795,-0.31010258960020765,3,6,41,True,False
causal,dots,2.4,0.2,1.0,VisualCogA_Task-1,left,Q2_plus_memory_control,cue_stage,0.0,0.8,21.949847045695577,4.926522181130595,-0.4978256986941783,3,6,45,True,False
causal,dots,2.4,0.2,1.0,VisualCogA_Task-1,left,Q2_plus_memory_control,late_stage,0.8,2.8,13.097954138669019,2.3058462851708836,0.37493914030441683,3,6,45,True,False
causal,dots,2.4,0.2,1.0,VisualCogA_Task-1,left,Q2_plus_memory_control,candidate_target_600ms,2.4,3.0,13.768510422908038,3.6429917983172464,0.45638333654192553,3,6,45,True,False
causal,dots,2.4,0.2,1.0,VisualCogA_Task-1,right,Q2_plus_memory_control,cue_stage,0.0,0.8,26.982267538062437,4.153353657887557,-0.7882012964581376,3,6,41,True,False
causal,dots,2.4,0.2,1.0,VisualCogA_Task-1,right,Q2_plus_memory_control,late_stage,0.8,2.8,21.13089580799378,3.14202964504221,-0.2066093341895791,3,6,41,True,False
causal,dots,2.4,0.2,1.0,VisualCogA_Task-1,right,Q2_plus_memory_control,candidate_target_600ms,2.4,3.0,21.70138917894424,4.5333381401220585,-0.6048512159122201,3,6,41,True,False
causal,dots,2.4,0.2,1.0,VisualCogA_Task-2,left,Training_mean_template,cue_stage,0.0,0.8,14.713195942736856,0.8519186648979836,0.8705575703100655,3,6,49,True,False
causal,dots,2.4,0.2,1.0,VisualCogA_Task-2,left,Training_mean_template,late_stage,0.8,2.8,22.78064222039507,0.6816371691356803,0.819328530733084,3,6,49,True,False
causal,dots,2.4,0.2,1.0,VisualCogA_Task-2,left,Training_mean_template,candidate_target_600ms,2.4,3.0,20.05846071286471,1.3527688002082003,0.9125055226720362,3,6,49,True,False
causal,dots,2.4,0.2,1.0,VisualCogA_Task-2,right,Training_mean_template,cue_stage,0.0,0.8,24.53165598018877,1.0559612869671255,-0.04108536717954614,3,6,41,True,False
causal,dots,2.4,0.2,1.0,VisualCogA_Task-2,right,Training_mean_template,late_stage,0.8,2.8,29.668513338841645,0.7937917102851009,0.7276545483506327,3,6,41,True,False
causal,dots,2.4,0.2,1.0,VisualCogA_Task-2,right,Training_mean_template,candidate_target_600ms,2.4,3.0,28.185427026250903,1.3691326500070173,-0.6553806563547246,3,6,41,True,False
causal,dots,2.4,0.2,1.0,VisualCogA_Task-2,left,Q2_visual_only,cue_stage,0.0,0.8,16.12115068910615,0.9334416006647582,0.5255740276904106,3,6,49,True,False
causal,dots,2.4,0.2,1.0,VisualCogA_Task-2,left,Q2_visual_only,late_stage,0.8,2.8,31.08803155456967,0.930208973822779,0.5998651168467668,3,6,49,True,False
causal,dots,2.4,0.2,1.0,VisualCogA_Task-2,left,Q2_visual_only,candidate_target_600ms,2.4,3.0,26.542968894120367,1.7900925050462007,0.7169356236716126,3,6,49,True,False
causal,dots,2.4,0.2,1.0,VisualCogA_Task-2,right,Q2_visual_only,cue_stage,0.0,0.8,24.27699602255334,1.0449994890020444,-0.022899345072708566,3,6,41,True,False
causal,dots,2.4,0.2,1.0,VisualCogA_Task-2,right,Q2_visual_only,late_stage,0.8,2.8,36.872051462130514,0.9865249551795567,0.3080821734702307,3,6,41,True,False
causal,dots,2.4,0.2,1.0,VisualCogA_Task-2,right,Q2_visual_only,candidate_target_600ms,2.4,3.0,29.119072362717976,1.414485317983036,0.2042419213737784,3,6,41,True,False
causal,dots,2.4,0.2,1.0,VisualCogA_Task-2,left,Q2_plus_memory,cue_stage,0.0,0.8,15.891919345644036,0.9201687223020245,0.5507911025617177,3,6,49,True,False
causal,dots,2.4,0.2,1.0,VisualCogA_Task-2,left,Q2_plus_memory,late_stage,0.8,2.8,31.169999385149836,0.9326615965125308,0.5910522205707925,3,6,49,True,False
causal,dots,2.4,0.2,1.0,VisualCogA_Task-2,left,Q2_plus_memory,candidate_target_600ms,2.4,3.0,26.390358382191923,1.779800252710597,0.7418356942451336,3,6,49,True,False
causal,dots,2.4,0.2,1.0,VisualCogA_Task-2,right,Q2_plus_memory,cue_stage,0.0,0.8,24.52844313947243,1.05582299074202,-0.05640030117451605,3,6,41,True,False
causal,dots,2.4,0.2,1.0,VisualCogA_Task-2,right,Q2_plus_memory,late_stage,0.8,2.8,36.82292418663658,0.9852105373120148,0.31956850178372515,3,6,41,True,False
causal,dots,2.4,0.2,1.0,VisualCogA_Task-2,right,Q2_plus_memory,candidate_target_600ms,2.4,3.0,29.182701351112158,1.4175761537335907,0.1750796173219231,3,6,41,True,False
causal,dots,2.4,0.2,1.0,VisualCogA_Task-2,left,Q2_plus_memory_control,cue_stage,0.0,0.8,16.473996810551636,0.9538719815192089,0.49860241064395405,3,6,49,True,False
causal,dots,2.4,0.2,1.0,VisualCogA_Task-2,left,Q2_plus_memory_control,late_stage,0.8,2.8,30.815798512506777,0.9220632789673981,0.6307102051660229,3,6,49,True,False
causal,dots,2.4,0.2,1.0,VisualCogA_Task-2,left,Q2_plus_memory_control,candidate_target_600ms,2.4,3.0,24.87608745152745,1.6776758424984348,0.9294097065828048,3,6,49,True,False
causal,dots,2.4,0.2,1.0,VisualCogA_Task-2,right,Q2_plus_memory_control,cue_stage,0.0,0.8,25.026767781856314,1.0772732968739858,-0.07408828120664923,3,6,41,True,False
causal,dots,2.4,0.2,1.0,VisualCogA_Task-2,right,Q2_plus_memory_control,late_stage,0.8,2.8,36.510363706013344,0.9768478696027222,0.36927921601052704,3,6,41,True,False
causal,dots,2.4,0.2,1.0,VisualCogA_Task-2,right,Q2_plus_memory_control,candidate_target_600ms,2.4,3.0,28.397842794146346,1.3794509383526612,0.13724069442851944,3,6,41,True,False
causal,dots,2.4,0.2,1.0,VisualCogB_Task-1,left,Training_mean_template,cue_stage,0.0,0.8,18.501979494376,1.7327873487562542,0.7417189870664094,3,6,43,True,False
causal,dots,2.4,0.2,1.0,VisualCogB_Task-1,left,Training_mean_template,late_stage,0.8,2.8,30.92125778338932,3.64321298968191,0.5949236856159958,3,6,43,True,False
causal,dots,2.4,0.2,1.0,VisualCogB_Task-1,left,Training_mean_template,candidate_target_600ms,2.4,3.0,32.02443807547912,4.806232015661439,0.6308901813702985,3,6,43,True,False
causal,dots,2.4,0.2,1.0,VisualCogB_Task-1,right,Training_mean_template,cue_stage,0.0,0.8,26.402931770541624,1.3161968137069837,-0.36016739175351004,3,6,45,True,False
causal,dots,2.4,0.2,1.0,VisualCogB_Task-1,right,Training_mean_template,late_stage,0.8,2.8,25.8616667930673,1.7716783826623652,0.13143696731942994,3,6,45,True,False
causal,dots,2.4,0.2,1.0,VisualCogB_Task-1,right,Training_mean_template,candidate_target_600ms,2.4,3.0,24.09796746611234,1.5562599985201162,-0.8171413462334456,3,6,45,True,False
causal,dots,2.4,0.2,1.0,VisualCogB_Task-1,left,Q2_visual_only,cue_stage,0.0,0.8,22.123113773922967,2.071921638125339,0.3812556007852724,3,6,43,True,False
causal,dots,2.4,0.2,1.0,VisualCogB_Task-1,left,Q2_visual_only,late_stage,0.8,2.8,20.334307920040605,2.3958344537420504,0.5233831873935098,3,6,43,True,False
causal,dots,2.4,0.2,1.0,VisualCogB_Task-1,left,Q2_visual_only,candidate_target_600ms,2.4,3.0,19.50602870824412,2.927467437680292,0.3428790125991708,3,6,43,True,False
causal,dots,2.4,0.2,1.0,VisualCogB_Task-1,right,Q2_visual_only,cue_stage,0.0,0.8,29.476989055622784,1.469439811073316,-0.7429348929276177,3,6,45,True,False
causal,dots,2.4,0.2,1.0,VisualCogB_Task-1,right,Q2_visual_only,late_stage,0.8,2.8,21.84188760788784,1.4962995394329837,-0.5037142177007562,3,6,45,True,False
causal,dots,2.4,0.2,1.0,VisualCogB_Task-1,right,Q2_visual_only,candidate_target_600ms,2.4,3.0,24.605868257080573,1.58906051106592,-0.7467416860405642,3,6,45,True,False
causal,dots,2.4,0.2,1.0,VisualCogB_Task-1,left,Q2_plus_memory,cue_stage,0.0,0.8,22.51730142841778,2.1088389518080257,0.37036130277556817,3,6,43,True,False
causal,dots,2.4,0.2,1.0,VisualCogB_Task-1,left,Q2_plus_memory,late_stage,0.8,2.8,20.184282769959296,2.378158149001018,0.5013426858623038,3,6,43,True,False
causal,dots,2.4,0.2,1.0,VisualCogB_Task-1,left,Q2_plus_memory,candidate_target_600ms,2.4,3.0,19.360615576336706,2.905643815094822,0.4292564932300326,3,6,43,True,False
causal,dots,2.4,0.2,1.0,VisualCogB_Task-1,right,Q2_plus_memory,cue_stage,0.0,0.8,29.944141247465176,1.492727536533608,-0.7616469483006947,3,6,45,True,False
causal,dots,2.4,0.2,1.0,VisualCogB_Task-1,right,Q2_plus_memory,late_stage,0.8,2.8,21.64525281002031,1.4828288832897192,-0.4817718690242059,3,6,45,True,False
causal,dots,2.4,0.2,1.0,VisualCogB_Task-1,right,Q2_plus_memory,candidate_target_600ms,2.4,3.0,24.59187457218139,1.5881567911953076,-0.7548939605564983,3,6,45,True,False
causal,dots,2.4,0.2,1.0,VisualCogB_Task-1,left,Q2_plus_memory_control,cue_stage,0.0,0.8,22.44196855418601,2.1017837147479077,0.3567407121195217,3,6,43,True,False
causal,dots,2.4,0.2,1.0,VisualCogB_Task-1,left,Q2_plus_memory_control,late_stage,0.8,2.8,20.020732510575545,2.3588882850896993,0.5258901838320296,3,6,43,True,False
causal,dots,2.4,0.2,1.0,VisualCogB_Task-1,left,Q2_plus_memory_control,candidate_target_600ms,2.4,3.0,20.760597853435854,3.115753345375842,0.44513957672006316,3,6,43,True,False
causal,dots,2.4,0.2,1.0,VisualCogB_Task-1,right,Q2_plus_memory_control,cue_stage,0.0,0.8,30.99158009899979,1.5449427863749507,-0.7042547307609717,3,6,45,True,False
causal,dots,2.4,0.2,1.0,VisualCogB_Task-1,right,Q2_plus_memory_control,late_stage,0.8,2.8,21.639595098525767,1.4824412963166742,-0.4236799498030894,3,6,45,True,False
causal,dots,2.4,0.2,1.0,VisualCogB_Task-1,right,Q2_plus_memory_control,candidate_target_600ms,2.4,3.0,24.400240172077364,1.5757809361925286,-0.9035350116762033,3,6,45,True,False
causal,dots,2.4,0.2,1.0,VisualCogB_Task-2,left,Training_mean_template,cue_stage,0.0,0.8,26.4278692037496,0.9248201873744891,0.789906236108502,3,6,44,True,False
causal,dots,2.4,0.2,1.0,VisualCogB_Task-2,left,Training_mean_template,late_stage,0.8,2.8,39.47626028962619,1.005723497199289,0.8762536900741064,3,6,44,True,False
causal,dots,2.4,0.2,1.0,VisualCogB_Task-2,left,Training_mean_template,candidate_target_600ms,2.4,3.0,36.669896545526655,1.358471848739961,0.7767214860203262,3,6,44,True,False
causal,dots,2.4,0.2,1.0,VisualCogB_Task-2,right,Training_mean_template,cue_stage,0.0,0.8,25.656803416207826,1.3503155298984768,-0.3645966707592247,3,6,47,True,False
causal,dots,2.4,0.2,1.0,VisualCogB_Task-2,right,Training_mean_template,late_stage,0.8,2.8,28.28070208588447,0.837867425273061,0.6846402253473619,3,6,47,True,False
causal,dots,2.4,0.2,1.0,VisualCogB_Task-2,right,Training_mean_template,candidate_target_600ms,2.4,3.0,30.12722908776242,1.7190625299245987,-0.6651841578004362,3,6,47,True,False
causal,dots,2.4,0.2,1.0,VisualCogB_Task-2,left,Q2_visual_only,cue_stage,0.0,0.8,29.081103624527564,1.0176678072584326,0.38936347569367113,3,6,44,True,False
causal,dots,2.4,0.2,1.0,VisualCogB_Task-2,left,Q2_visual_only,late_stage,0.8,2.8,45.77847924629311,1.1662830244369873,0.6220575597161281,3,6,44,True,False
causal,dots,2.4,0.2,1.0,VisualCogB_Task-2,left,Q2_visual_only,candidate_target_600ms,2.4,3.0,42.99539482185529,1.5928060614633905,0.36822939317916015,3,6,44,True,False
causal,dots,2.4,0.2,1.0,VisualCogB_Task-2,right,Q2_visual_only,cue_stage,0.0,0.8,20.021234619251544,1.0537159908641593,0.10834191442875794,3,6,47,True,False
causal,dots,2.4,0.2,1.0,VisualCogB_Task-2,right,Q2_visual_only,late_stage,0.8,2.8,35.075329561565674,1.039170667726158,0.48182169900693234,3,6,47,True,False
causal,dots,2.4,0.2,1.0,VisualCogB_Task-2,right,Q2_visual_only,candidate_target_600ms,2.4,3.0,32.228772039224836,1.838976768713776,0.1774243541321514,3,6,47,True,False
causal,dots,2.4,0.2,1.0,VisualCogB_Task-2,left,Q2_plus_memory,cue_stage,0.0,0.8,28.940716300908832,1.0127550755533863,0.40724230408512624,3,6,44,True,False
causal,dots,2.4,0.2,1.0,VisualCogB_Task-2,left,Q2_plus_memory,late_stage,0.8,2.8,45.849956538301434,1.1681040275300245,0.611322095779779,3,6,44,True,False
causal,dots,2.4,0.2,1.0,VisualCogB_Task-2,left,Q2_plus_memory,candidate_target_600ms,2.4,3.0,42.951962538665484,1.5911970704490144,0.3486685057477488,3,6,44,True,False
causal,dots,2.4,0.2,1.0,VisualCogB_Task-2,right,Q2_plus_memory,cue_stage,0.0,0.8,20.13188718170654,1.0595396264543846,0.06714095444548358,3,6,47,True,False
causal,dots,2.4,0.2,1.0,VisualCogB_Task-2,right,Q2_plus_memory,late_stage,0.8,2.8,35.11968834906402,1.0404848777820683,0.47386382046166897,3,6,47,True,False
causal,dots,2.4,0.2,1.0,VisualCogB_Task-2,right,Q2_plus_memory,candidate_target_600ms,2.4,3.0,32.12136782822296,1.832848274315848,0.15751531853434583,3,6,47,True,False
causal,dots,2.4,0.2,1.0,VisualCogB_Task-2,left,Q2_plus_memory_control,cue_stage,0.0,0.8,29.70851924552897,1.0396236686145903,0.27406620573898316,3,6,44,True,False
causal,dots,2.4,0.2,1.0,VisualCogB_Task-2,left,Q2_plus_memory_control,late_stage,0.8,2.8,45.66722660268065,1.1634486779972362,0.640387512174313,3,6,44,True,False
causal,dots,2.4,0.2,1.0,VisualCogB_Task-2,left,Q2_plus_memory_control,candidate_target_600ms,2.4,3.0,42.11953164515636,1.5603588614169916,0.32066843978963827,3,6,44,True,False
causal,dots,2.4,0.2,1.0,VisualCogB_Task-2,right,Q2_plus_memory_control,cue_stage,0.0,0.8,20.580980304341796,1.0831753618976356,0.07340754841330654,3,6,47,True,False
causal,dots,2.4,0.2,1.0,VisualCogB_Task-2,right,Q2_plus_memory_control,late_stage,0.8,2.8,34.884328052640896,1.0335118993539982,0.5196379767518604,3,6,47,True,False
causal,dots,2.4,0.2,1.0,VisualCogB_Task-2,right,Q2_plus_memory_control,candidate_target_600ms,2.4,3.0,31.10006908932362,1.7745728720614053,0.13926305308047432,3,6,47,True,False
causal,inward,2.4,0.2,-1.0,VisualCogA_Task-1,left,Training_mean_template,cue_stage,0.0,0.8,21.08297624331433,4.731957807756377,-0.10334538273310898,3,6,45,True,False
causal,inward,2.4,0.2,-1.0,VisualCogA_Task-1,left,Training_mean_template,late_stage,0.8,2.8,24.49688739931746,4.312586241327728,0.5211216432194095,3,6,45,True,False
causal,inward,2.4,0.2,-1.0,VisualCogA_Task-1,left,Training_mean_template,candidate_target_600ms,2.4,3.0,22.87128667115677,6.0514832179201505,0.503430132602702,3,6,45,True,False
causal,inward,2.4,0.2,-1.0,VisualCogA_Task-1,right,Training_mean_template,cue_stage,0.0,0.8,21.588969073992708,3.3231685790306935,-0.16016885027459948,3,6,41,True,False
causal,inward,2.4,0.2,-1.0,VisualCogA_Task-1,right,Training_mean_template,late_stage,0.8,2.8,27.87665206779353,4.14508064387879,0.5559043453806836,3,6,41,True,False
causal,inward,2.4,0.2,-1.0,VisualCogA_Task-1,right,Training_mean_template,candidate_target_600ms,2.4,3.0,28.235959530260782,5.898385177372383,-0.018924780311043003,3,6,41,True,False
causal,inward,2.4,0.2,-1.0,VisualCogA_Task-1,left,Q2_visual_only,cue_stage,0.0,0.8,20.658126162756542,4.636602548962739,-0.44654266420973304,3,6,45,True,False
causal,inward,2.4,0.2,-1.0,VisualCogA_Task-1,left,Q2_visual_only,late_stage,0.8,2.8,12.751261035706289,2.2448122492369165,0.4282062436914604,3,6,45,True,False
causal,inward,2.4,0.2,-1.0,VisualCogA_Task-1,left,Q2_visual_only,candidate_target_600ms,2.4,3.0,13.069037551707513,3.457919204793311,0.3228255169763068,3,6,45,True,False
causal,inward,2.4,0.2,-1.0,VisualCogA_Task-1,right,Q2_visual_only,cue_stage,0.0,0.8,26.1021461003112,4.017877438636791,-0.8019496841829039,3,6,41,True,False
causal,inward,2.4,0.2,-1.0,VisualCogA_Task-1,right,Q2_visual_only,late_stage,0.8,2.8,21.418795981855038,3.1848385675462274,-0.2709781784214117,3,6,41,True,False
causal,inward,2.4,0.2,-1.0,VisualCogA_Task-1,right,Q2_visual_only,candidate_target_600ms,2.4,3.0,19.676176923679005,4.110278957922593,-0.25599996057118235,3,6,41,True,False
causal,inward,2.4,0.2,-1.0,VisualCogA_Task-1,left,Q2_plus_memory,cue_stage,0.0,0.8,20.87119186735427,4.6844239719345575,-0.4831373638406193,3,6,45,True,False
causal,inward,2.4,0.2,-1.0,VisualCogA_Task-1,left,Q2_plus_memory,late_stage,0.8,2.8,12.655078263435406,2.2278796286314217,0.44996060494656626,3,6,45,True,False
causal,inward,2.4,0.2,-1.0,VisualCogA_Task-1,left,Q2_plus_memory,candidate_target_600ms,2.4,3.0,12.688755437056892,3.3573008675755114,0.3706250129634295,3,6,45,True,False
causal,inward,2.4,0.2,-1.0,VisualCogA_Task-1,right,Q2_plus_memory,cue_stage,0.0,0.8,26.074426588764595,4.013610601740503,-0.7907038682734586,3,6,41,True,False
causal,inward,2.4,0.2,-1.0,VisualCogA_Task-1,right,Q2_plus_memory,late_stage,0.8,2.8,21.394853102281175,3.1812784138219214,-0.267239119267013,3,6,41,True,False
causal,inward,2.4,0.2,-1.0,VisualCogA_Task-1,right,Q2_plus_memory,candidate_target_600ms,2.4,3.0,19.470059809441572,4.067221872148053,-0.26266778637578897,3,6,41,True,False
causal,inward,2.4,0.2,-1.0,VisualCogA_Task-1,left,Q2_plus_memory_control,cue_stage,0.0,0.8,21.713912224772436,4.873567911054856,-0.4354961651621606,3,6,45,True,False
causal,inward,2.4,0.2,-1.0,VisualCogA_Task-1,left,Q2_plus_memory_control,late_stage,0.8,2.8,13.095237941371893,2.305368108702936,0.36803497611467306,3,6,45,True,False
causal,inward,2.4,0.2,-1.0,VisualCogA_Task-1,left,Q2_plus_memory_control,candidate_target_600ms,2.4,3.0,12.924292617173077,3.4196213357311946,0.5861442397945681,3,6,45,True,False
causal,inward,2.4,0.2,-1.0,VisualCogA_Task-1,right,Q2_plus_memory_control,cue_stage,0.0,0.8,27.214726448055032,4.1891358271498085,-0.8088796924075218,3,6,41,True,False
causal,inward,2.4,0.2,-1.0,VisualCogA_Task-1,right,Q2_plus_memory_control,late_stage,0.8,2.8,21.094493410608646,3.1366168403616137,-0.20374195246071314,3,6,41,True,False
causal,inward,2.4,0.2,-1.0,VisualCogA_Task-1,right,Q2_plus_memory_control,candidate_target_600ms,2.4,3.0,20.834922724316595,4.3523365741158155,-0.42082013245300237,3,6,41,True,False
causal,inward,2.4,0.2,-1.0,VisualCogA_Task-2,left,Training_mean_template,cue_stage,0.0,0.8,14.713195942736856,0.8519186648979836,0.8705575703100655,3,6,49,True,False
causal,inward,2.4,0.2,-1.0,VisualCogA_Task-2,left,Training_mean_template,late_stage,0.8,2.8,22.78064222039507,0.6816371691356803,0.819328530733084,3,6,49,True,False
causal,inward,2.4,0.2,-1.0,VisualCogA_Task-2,left,Training_mean_template,candidate_target_600ms,2.4,3.0,20.05846071286471,1.3527688002082003,0.9125055226720362,3,6,49,True,False
causal,inward,2.4,0.2,-1.0,VisualCogA_Task-2,right,Training_mean_template,cue_stage,0.0,0.8,24.53165598018877,1.0559612869671255,-0.04108536717954614,3,6,41,True,False
causal,inward,2.4,0.2,-1.0,VisualCogA_Task-2,right,Training_mean_template,late_stage,0.8,2.8,29.668513338841645,0.7937917102851009,0.7276545483506327,3,6,41,True,False
causal,inward,2.4,0.2,-1.0,VisualCogA_Task-2,right,Training_mean_template,candidate_target_600ms,2.4,3.0,28.185427026250903,1.3691326500070173,-0.6553806563547246,3,6,41,True,False
causal,inward,2.4,0.2,-1.0,VisualCogA_Task-2,left,Q2_visual_only,cue_stage,0.0,0.8,16.07182190227978,0.9305853813649058,0.5325288659804464,3,6,49,True,False
causal,inward,2.4,0.2,-1.0,VisualCogA_Task-2,left,Q2_visual_only,late_stage,0.8,2.8,31.12898034430382,0.9314342341487996,0.597391382223457,3,6,49,True,False
causal,inward,2.4,0.2,-1.0,VisualCogA_Task-2,left,Q2_visual_only,candidate_target_600ms,2.4,3.0,26.74990602782663,1.8040486157413151,0.7086859480192718,3,6,49,True,False
causal,inward,2.4,0.2,-1.0,VisualCogA_Task-2,right,Q2_visual_only,cue_stage,0.0,0.8,24.253080794714066,1.0439700617677938,-0.024048225356385334,3,6,41,True,False
causal,inward,2.4,0.2,-1.0,VisualCogA_Task-2,right,Q2_visual_only,late_stage,0.8,2.8,36.906887714626215,0.9874570116035732,0.30250649551651554,3,6,41,True,False
causal,inward,2.4,0.2,-1.0,VisualCogA_Task-2,right,Q2_visual_only,candidate_target_600ms,2.4,3.0,29.219644636364233,1.419370707280359,0.21552568297994337,3,6,41,True,False
causal,inward,2.4,0.2,-1.0,VisualCogA_Task-2,left,Q2_plus_memory,cue_stage,0.0,0.8,16.089153972794886,0.9315889372497463,0.5375910028767448,3,6,49,True,False
causal,inward,2.4,0.2,-1.0,VisualCogA_Task-2,left,Q2_plus_memory,late_stage,0.8,2.8,31.13839589129155,0.9317159639934848,0.5958985077280305,3,6,49,True,False
causal,inward,2.4,0.2,-1.0,VisualCogA_Task-2,left,Q2_plus_memory,candidate_target_600ms,2.4,3.0,26.75319460614184,1.8042704017599704,0.7336465340787287,3,6,49,True,False
causal,inward,2.4,0.2,-1.0,VisualCogA_Task-2,right,Q2_plus_memory,cue_stage,0.0,0.8,24.659184478395456,1.0614507311856516,-0.07411669596940039,3,6,41,True,False
causal,inward,2.4,0.2,-1.0,VisualCogA_Task-2,right,Q2_plus_memory,late_stage,0.8,2.8,36.91151188997337,0.9875807330727131,0.3015386023371283,3,6,41,True,False
causal,inward,2.4,0.2,-1.0,VisualCogA_Task-2,right,Q2_plus_memory,candidate_target_600ms,2.4,3.0,29.358553568342565,1.4261183344840203,0.1926352306376096,3,6,41,True,False
causal,inward,2.4,0.2,-1.0,VisualCogA_Task-2,left,Q2_plus_memory_control,cue_stage,0.0,0.8,16.263456620679555,0.9416813522255283,0.5050889558418127,3,6,49,True,False
causal,inward,2.4,0.2,-1.0,VisualCogA_Task-2,left,Q2_plus_memory_control,late_stage,0.8,2.8,30.934210553190375,0.9256063769811532,0.610922739565112,3,6,49,True,False
causal,inward,2.4,0.2,-1.0,VisualCogA_Task-2,left,Q2_plus_memory_control,candidate_target_600ms,2.4,3.0,25.383491136683208,1.7118958100330892,0.9115464889122034,3,6,49,True,False
causal,inward,2.4,0.2,-1.0,VisualCogA_Task-2,right,Q2_plus_memory_control,cue_stage,0.0,0.8,24.89868134471548,1.071759836261482,-0.07191509807683912,3,6,41,True,False
causal,inward,2.4,0.2,-1.0,VisualCogA_Task-2,right,Q2_plus_memory_control,late_stage,0.8,2.8,36.58673413106827,0.9788911877032009,0.3568216620037035,3,6,41,True,False
causal,inward,2.4,0.2,-1.0,VisualCogA_Task-2,right,Q2_plus_memory_control,candidate_target_600ms,2.4,3.0,28.847772050665053,1.4013066595634633,0.12744926616515423,3,6,41,True,False
causal,inward,2.4,0.2,-1.0,VisualCogB_Task-1,left,Training_mean_template,cue_stage,0.0,0.8,18.501979494376,1.7327873487562542,0.7417189870664094,3,6,43,True,False
causal,inward,2.4,0.2,-1.0,VisualCogB_Task-1,left,Training_mean_template,late_stage,0.8,2.8,30.92125778338932,3.64321298968191,0.5949236856159958,3,6,43,True,False
causal,inward,2.4,0.2,-1.0,VisualCogB_Task-1,left,Training_mean_template,candidate_target_600ms,2.4,3.0,32.02443807547912,4.806232015661439,0.6308901813702985,3,6,43,True,False
causal,inward,2.4,0.2,-1.0,VisualCogB_Task-1,right,Training_mean_template,cue_stage,0.0,0.8,26.402931770541624,1.3161968137069837,-0.36016739175351004,3,6,45,True,False
causal,inward,2.4,0.2,-1.0,VisualCogB_Task-1,right,Training_mean_template,late_stage,0.8,2.8,25.8616667930673,1.7716783826623652,0.13143696731942994,3,6,45,True,False
causal,inward,2.4,0.2,-1.0,VisualCogB_Task-1,right,Training_mean_template,candidate_target_600ms,2.4,3.0,24.09796746611234,1.5562599985201162,-0.8171413462334456,3,6,45,True,False
causal,inward,2.4,0.2,-1.0,VisualCogB_Task-1,left,Q2_visual_only,cue_stage,0.0,0.8,22.069699661301513,2.06691918427311,0.39115911799658093,3,6,43,True,False
causal,inward,2.4,0.2,-1.0,VisualCogB_Task-1,left,Q2_visual_only,late_stage,0.8,2.8,20.359151700747166,2.3987616045461024,0.5226659908610349,3,6,43,True,False
causal,inward,2.4,0.2,-1.0,VisualCogB_Task-1,left,Q2_visual_only,candidate_target_600ms,2.4,3.0,19.2612134510037,2.8907255306248727,0.33491805580982353,3,6,43,True,False
causal,inward,2.4,0.2,-1.0,VisualCogB_Task-1,right,Q2_visual_only,cue_stage,0.0,0.8,29.402048019374195,1.465703970145365,-0.7528020026961503,3,6,45,True,False
causal,inward,2.4,0.2,-1.0,VisualCogB_Task-1,right,Q2_visual_only,late_stage,0.8,2.8,21.829644143197783,1.495460789096672,-0.5157397316993131,3,6,45,True,False
causal,inward,2.4,0.2,-1.0,VisualCogB_Task-1,right,Q2_visual_only,candidate_target_600ms,2.4,3.0,24.610215881757526,1.5893412830597753,-0.7439850639291992,3,6,45,True,False
causal,inward,2.4,0.2,-1.0,VisualCogB_Task-1,left,Q2_plus_memory,cue_stage,0.0,0.8,21.83693643463163,2.0451199397894673,0.42339628101150956,3,6,43,True,False
causal,inward,2.4,0.2,-1.0,VisualCogB_Task-1,left,Q2_plus_memory,late_stage,0.8,2.8,20.431534315593986,2.4072898890190175,0.5098278521701047,3,6,43,True,False
causal,inward,2.4,0.2,-1.0,VisualCogB_Task-1,left,Q2_plus_memory,candidate_target_600ms,2.4,3.0,19.25291226930342,2.8894796881478966,0.31322784379172164,3,6,43,True,False
causal,inward,2.4,0.2,-1.0,VisualCogB_Task-1,right,Q2_plus_memory,cue_stage,0.0,0.8,29.97361758499834,1.4941969438660234,-0.7694102197860146,3,6,45,True,False
causal,inward,2.4,0.2,-1.0,VisualCogB_Task-1,right,Q2_plus_memory,late_stage,0.8,2.8,21.824321597096166,1.4950961629515587,-0.519317495041988,3,6,45,True,False
causal,inward,2.4,0.2,-1.0,VisualCogB_Task-1,right,Q2_plus_memory,candidate_target_600ms,2.4,3.0,24.666508357482446,1.5929766821162124,-0.7610293287297658,3,6,45,True,False
causal,inward,2.4,0.2,-1.0,VisualCogB_Task-1,left,Q2_plus_memory_control,cue_stage,0.0,0.8,22.83422633002071,2.1385202872656883,0.337536769739107,3,6,43,True,False
causal,inward,2.4,0.2,-1.0,VisualCogB_Task-1,left,Q2_plus_memory_control,late_stage,0.8,2.8,19.948137021024543,2.3503349192344913,0.5234960880317021,3,6,43,True,False
causal,inward,2.4,0.2,-1.0,VisualCogB_Task-1,left,Q2_plus_memory_control,candidate_target_600ms,2.4,3.0,19.931966136386023,2.991392184743117,0.5179120524840093,3,6,43,True,False
causal,inward,2.4,0.2,-1.0,VisualCogB_Task-1,right,Q2_plus_memory_control,cue_stage,0.0,0.8,30.621706299170835,1.5265044280502238,-0.7147775588542878,3,6,45,True,False
causal,inward,2.4,0.2,-1.0,VisualCogB_Task-1,right,Q2_plus_memory_control,late_stage,0.8,2.8,21.717508533264315,1.4877788311766573,-0.4237935317726288,3,6,45,True,False
causal,inward,2.4,0.2,-1.0,VisualCogB_Task-1,right,Q2_plus_memory_control,candidate_target_600ms,2.4,3.0,24.549638273826133,1.5854291478076121,-0.8644279692472155,3,6,45,True,False
causal,inward,2.4,0.2,-1.0,VisualCogB_Task-2,left,Training_mean_template,cue_stage,0.0,0.8,26.4278692037496,0.9248201873744891,0.789906236108502,3,6,44,True,False
causal,inward,2.4,0.2,-1.0,VisualCogB_Task-2,left,Training_mean_template,late_stage,0.8,2.8,39.47626028962619,1.005723497199289,0.8762536900741064,3,6,44,True,False
causal,inward,2.4,0.2,-1.0,VisualCogB_Task-2,left,Training_mean_template,candidate_target_600ms,2.4,3.0,36.669896545526655,1.358471848739961,0.7767214860203262,3,6,44,True,False
causal,inward,2.4,0.2,-1.0,VisualCogB_Task-2,right,Training_mean_template,cue_stage,0.0,0.8,25.656803416207826,1.3503155298984768,-0.3645966707592247,3,6,47,True,False
causal,inward,2.4,0.2,-1.0,VisualCogB_Task-2,right,Training_mean_template,late_stage,0.8,2.8,28.28070208588447,0.837867425273061,0.6846402253473619,3,6,47,True,False
causal,inward,2.4,0.2,-1.0,VisualCogB_Task-2,right,Training_mean_template,candidate_target_600ms,2.4,3.0,30.12722908776242,1.7190625299245987,-0.6651841578004362,3,6,47,True,False
causal,inward,2.4,0.2,-1.0,VisualCogB_Task-2,left,Q2_visual_only,cue_stage,0.0,0.8,29.083638799184428,1.0177565234800512,0.3935164949848462,3,6,44,True,False
causal,inward,2.4,0.2,-1.0,VisualCogB_Task-2,left,Q2_visual_only,late_stage,0.8,2.8,45.80537321986066,1.1669681932182119,0.623834692977561,3,6,44,True,False
causal,inward,2.4,0.2,-1.0,VisualCogB_Task-2,left,Q2_visual_only,candidate_target_600ms,2.4,3.0,43.09956814253334,1.5966652630664055,0.38177963544367644,3,6,44,True,False
causal,inward,2.4,0.2,-1.0,VisualCogB_Task-2,right,Q2_visual_only,cue_stage,0.0,0.8,19.98160325473104,1.0516301952911498,0.11183727071274972,3,6,47,True,False
causal,inward,2.4,0.2,-1.0,VisualCogB_Task-2,right,Q2_visual_only,late_stage,0.8,2.8,35.113176918687984,1.040291964770664,0.47855249801345756,3,6,47,True,False
causal,inward,2.4,0.2,-1.0,VisualCogB_Task-2,right,Q2_visual_only,candidate_target_600ms,2.4,3.0,32.35130665820738,1.8459686056164615,0.19050326798260775,3,6,47,True,False
causal,inward,2.4,0.2,-1.0,VisualCogB_Task-2,left,Q2_plus_memory,cue_stage,0.0,0.8,29.652572478402966,1.0376658603910986,0.27632928345461993,3,6,44,True,False
causal,inward,2.4,0.2,-1.0,VisualCogB_Task-2,left,Q2_plus_memory,late_stage,0.8,2.8,45.811382933374084,1.1671213006819772,0.616206962919219,3,6,44,True,False
causal,inward,2.4,0.2,-1.0,VisualCogB_Task-2,left,Q2_plus_memory,candidate_target_600ms,2.4,3.0,43.349591387763084,1.605927616445383,0.31762084665771545,3,6,44,True,False
causal,inward,2.4,0.2,-1.0,VisualCogB_Task-2,right,Q2_plus_memory,cue_stage,0.0,0.8,20.172634330934113,1.0616841456880755,0.1034893502338994,3,6,47,True,False
causal,inward,2.4,0.2,-1.0,VisualCogB_Task-2,right,Q2_plus_memory,late_stage,0.8,2.8,35.13810885321749,1.0410306188439566,0.47043014399976907,3,6,47,True,False
causal,inward,2.4,0.2,-1.0,VisualCogB_Task-2,right,Q2_plus_memory,candidate_target_600ms,2.4,3.0,32.522764618244764,1.8557520129686267,0.14064661538778997,3,6,47,True,False
causal,inward,2.4,0.2,-1.0,VisualCogB_Task-2,left,Q2_plus_memory_control,cue_stage,0.0,0.8,29.347840099197185,1.0270020170875236,0.31854921701227834,3,6,44,True,False
causal,inward,2.4,0.2,-1.0,VisualCogB_Task-2,left,Q2_plus_memory_control,late_stage,0.8,2.8,45.78002835096948,1.166322490459382,0.6125822914192448,3,6,44,True,False
causal,inward,2.4,0.2,-1.0,VisualCogB_Task-2,left,Q2_plus_memory_control,candidate_target_600ms,2.4,3.0,42.47143487887014,1.573395457685738,0.2734325990614711,3,6,44,True,False
causal,inward,2.4,0.2,-1.0,VisualCogB_Task-2,right,Q2_plus_memory_control,cue_stage,0.0,0.8,20.48170184058449,1.0779503442202085,0.05192505746394897,3,6,47,True,False
causal,inward,2.4,0.2,-1.0,VisualCogB_Task-2,right,Q2_plus_memory_control,late_stage,0.8,2.8,34.98954899144537,1.0366292617452566,0.49280348323451567,3,6,47,True,False
causal,inward,2.4,0.2,-1.0,VisualCogB_Task-2,right,Q2_plus_memory_control,candidate_target_600ms,2.4,3.0,31.46525826365922,1.795410600752141,0.10909787027336933,3,6,47,True,False
causal,inward,2.4,0.2,1.0,VisualCogA_Task-1,left,Training_mean_template,cue_stage,0.0,0.8,21.08297624331433,4.731957807756377,-0.10334538273310898,3,6,45,True,False
causal,inward,2.4,0.2,1.0,VisualCogA_Task-1,left,Training_mean_template,late_stage,0.8,2.8,24.49688739931746,4.312586241327728,0.5211216432194095,3,6,45,True,False
causal,inward,2.4,0.2,1.0,VisualCogA_Task-1,left,Training_mean_template,candidate_target_600ms,2.4,3.0,22.87128667115677,6.0514832179201505,0.503430132602702,3,6,45,True,False
causal,inward,2.4,0.2,1.0,VisualCogA_Task-1,right,Training_mean_template,cue_stage,0.0,0.8,21.588969073992708,3.3231685790306935,-0.16016885027459948,3,6,41,True,False
causal,inward,2.4,0.2,1.0,VisualCogA_Task-1,right,Training_mean_template,late_stage,0.8,2.8,27.87665206779353,4.14508064387879,0.5559043453806836,3,6,41,True,False
causal,inward,2.4,0.2,1.0,VisualCogA_Task-1,right,Training_mean_template,candidate_target_600ms,2.4,3.0,28.235959530260782,5.898385177372383,-0.018924780311043003,3,6,41,True,False
causal,inward,2.4,0.2,1.0,VisualCogA_Task-1,left,Q2_visual_only,cue_stage,0.0,0.8,20.658126162756542,4.636602548962739,-0.44654266420973304,3,6,45,True,False
causal,inward,2.4,0.2,1.0,VisualCogA_Task-1,left,Q2_visual_only,late_stage,0.8,2.8,12.751261035706289,2.2448122492369165,0.4282062436914604,3,6,45,True,False
causal,inward,2.4,0.2,1.0,VisualCogA_Task-1,left,Q2_visual_only,candidate_target_600ms,2.4,3.0,13.069037551707513,3.457919204793311,0.3228255169763068,3,6,45,True,False
causal,inward,2.4,0.2,1.0,VisualCogA_Task-1,right,Q2_visual_only,cue_stage,0.0,0.8,26.1021461003112,4.017877438636791,-0.8019496841829039,3,6,41,True,False
causal,inward,2.4,0.2,1.0,VisualCogA_Task-1,right,Q2_visual_only,late_stage,0.8,2.8,21.418795981855038,3.1848385675462274,-0.2709781784214117,3,6,41,True,False
causal,inward,2.4,0.2,1.0,VisualCogA_Task-1,right,Q2_visual_only,candidate_target_600ms,2.4,3.0,19.676176923679005,4.110278957922593,-0.25599996057118235,3,6,41,True,False
causal,inward,2.4,0.2,1.0,VisualCogA_Task-1,left,Q2_plus_memory,cue_stage,0.0,0.8,20.84588833261874,4.67874473303708,-0.35215756232462586,3,6,45,True,False
causal,inward,2.4,0.2,1.0,VisualCogA_Task-1,left,Q2_plus_memory,late_stage,0.8,2.8,12.72702419135051,2.240545442609686,0.39074889655713335,3,6,45,True,False
causal,inward,2.4,0.2,1.0,VisualCogA_Task-1,left,Q2_plus_memory,candidate_target_600ms,2.4,3.0,12.673325617202575,3.3532183121318035,0.44460038800722596,3,6,45,True,False
causal,inward,2.4,0.2,1.0,VisualCogA_Task-1,right,Q2_plus_memory,cue_stage,0.0,0.8,26.68904746665422,4.108218583363838,-0.818211241081244,3,6,41,True,False
causal,inward,2.4,0.2,1.0,VisualCogA_Task-1,right,Q2_plus_memory,late_stage,0.8,2.8,21.157644463438224,3.1460069997712825,-0.2569456008696868,3,6,41,True,False
causal,inward,2.4,0.2,1.0,VisualCogA_Task-1,right,Q2_plus_memory,candidate_target_600ms,2.4,3.0,19.830122137385928,4.142437530953666,-0.3027217029040371,3,6,41,True,False
causal,inward,2.4,0.2,1.0,VisualCogA_Task-1,left,Q2_plus_memory_control,cue_stage,0.0,0.8,21.87329959901075,4.909341528654219,-0.49642864498319456,3,6,45,True,False
causal,inward,2.4,0.2,1.0,VisualCogA_Task-1,left,Q2_plus_memory_control,late_stage,0.8,2.8,13.076966226126133,2.30215144094879,0.3713795673295947,3,6,45,True,False
causal,inward,2.4,0.2,1.0,VisualCogA_Task-1,left,Q2_plus_memory_control,candidate_target_600ms,2.4,3.0,14.076618773945825,3.7245137757387257,0.4335707121262891,3,6,45,True,False
causal,inward,2.4,0.2,1.0,VisualCogA_Task-1,right,Q2_plus_memory_control,cue_stage,0.0,0.8,26.91693416011252,4.143296955873627,-0.7888367108616312,3,6,41,True,False
causal,inward,2.4,0.2,1.0,VisualCogA_Task-1,right,Q2_plus_memory_control,late_stage,0.8,2.8,21.102481915046976,3.1378046801007735,-0.20909545149454634,3,6,41,True,False
causal,inward,2.4,0.2,1.0,VisualCogA_Task-1,right,Q2_plus_memory_control,candidate_target_600ms,2.4,3.0,21.91602769720178,4.5781753149744535,-0.5784026784763197,3,6,41,True,False
causal,inward,2.4,0.2,1.0,VisualCogA_Task-2,left,Training_mean_template,cue_stage,0.0,0.8,14.713195942736856,0.8519186648979836,0.8705575703100655,3,6,49,True,False
causal,inward,2.4,0.2,1.0,VisualCogA_Task-2,left,Training_mean_template,late_stage,0.8,2.8,22.78064222039507,0.6816371691356803,0.819328530733084,3,6,49,True,False
causal,inward,2.4,0.2,1.0,VisualCogA_Task-2,left,Training_mean_template,candidate_target_600ms,2.4,3.0,20.05846071286471,1.3527688002082003,0.9125055226720362,3,6,49,True,False
causal,inward,2.4,0.2,1.0,VisualCogA_Task-2,right,Training_mean_template,cue_stage,0.0,0.8,24.53165598018877,1.0559612869671255,-0.04108536717954614,3,6,41,True,False
causal,inward,2.4,0.2,1.0,VisualCogA_Task-2,right,Training_mean_template,late_stage,0.8,2.8,29.668513338841645,0.7937917102851009,0.7276545483506327,3,6,41,True,False
causal,inward,2.4,0.2,1.0,VisualCogA_Task-2,right,Training_mean_template,candidate_target_600ms,2.4,3.0,28.185427026250903,1.3691326500070173,-0.6553806563547246,3,6,41,True,False
causal,inward,2.4,0.2,1.0,VisualCogA_Task-2,left,Q2_visual_only,cue_stage,0.0,0.8,16.07182190227978,0.9305853813649058,0.5325288659804464,3,6,49,True,False
causal,inward,2.4,0.2,1.0,VisualCogA_Task-2,left,Q2_visual_only,late_stage,0.8,2.8,31.12898034430382,0.9314342341487996,0.597391382223457,3,6,49,True,False
causal,inward,2.4,0.2,1.0,VisualCogA_Task-2,left,Q2_visual_only,candidate_target_600ms,2.4,3.0,26.74990602782663,1.8040486157413151,0.7086859480192718,3,6,49,True,False
causal,inward,2.4,0.2,1.0,VisualCogA_Task-2,right,Q2_visual_only,cue_stage,0.0,0.8,24.253080794714066,1.0439700617677938,-0.024048225356385334,3,6,41,True,False
causal,inward,2.4,0.2,1.0,VisualCogA_Task-2,right,Q2_visual_only,late_stage,0.8,2.8,36.906887714626215,0.9874570116035732,0.30250649551651554,3,6,41,True,False
causal,inward,2.4,0.2,1.0,VisualCogA_Task-2,right,Q2_visual_only,candidate_target_600ms,2.4,3.0,29.219644636364233,1.419370707280359,0.21552568297994337,3,6,41,True,False
causal,inward,2.4,0.2,1.0,VisualCogA_Task-2,left,Q2_plus_memory,cue_stage,0.0,0.8,15.851082427460307,0.9178041964061532,0.5550044957406274,3,6,49,True,False
causal,inward,2.4,0.2,1.0,VisualCogA_Task-2,left,Q2_plus_memory,late_stage,0.8,2.8,31.213859134095213,0.9339739578946591,0.5873455672206437,3,6,49,True,False
causal,inward,2.4,0.2,1.0,VisualCogA_Task-2,left,Q2_plus_memory,candidate_target_600ms,2.4,3.0,26.561235021291104,1.7913243965303445,0.7398081487080733,3,6,49,True,False
causal,inward,2.4,0.2,1.0,VisualCogA_Task-2,right,Q2_plus_memory,cue_stage,0.0,0.8,24.505527327756557,1.0548365832181688,-0.05746740836987023,3,6,41,True,False
causal,inward,2.4,0.2,1.0,VisualCogA_Task-2,right,Q2_plus_memory,late_stage,0.8,2.8,36.85787573781266,0.9861456785935586,0.31448848305495075,3,6,41,True,False
causal,inward,2.4,0.2,1.0,VisualCogA_Task-2,right,Q2_plus_memory,candidate_target_600ms,2.4,3.0,29.26941752050958,1.4217884702152594,0.18455424526554315,3,6,41,True,False
causal,inward,2.4,0.2,1.0,VisualCogA_Task-2,left,Q2_plus_memory_control,cue_stage,0.0,0.8,16.468405776957763,0.9535482513185625,0.49980324405668886,3,6,49,True,False
causal,inward,2.4,0.2,1.0,VisualCogA_Task-2,left,Q2_plus_memory_control,late_stage,0.8,2.8,30.829779445557605,0.9224816132502706,0.6300214409884575,3,6,49,True,False
causal,inward,2.4,0.2,1.0,VisualCogA_Task-2,left,Q2_plus_memory_control,candidate_target_600ms,2.4,3.0,24.826984689195594,1.6743642880458056,0.9172607657599773,3,6,49,True,False
causal,inward,2.4,0.2,1.0,VisualCogA_Task-2,right,Q2_plus_memory_control,cue_stage,0.0,0.8,25.012849689907878,1.0766741947873648,-0.07363602232602291,3,6,41,True,False
causal,inward,2.4,0.2,1.0,VisualCogA_Task-2,right,Q2_plus_memory_control,late_stage,0.8,2.8,36.51564681187505,0.9769892209939998,0.36926845148117055,3,6,41,True,False
causal,inward,2.4,0.2,1.0,VisualCogA_Task-2,right,Q2_plus_memory_control,candidate_target_600ms,2.4,3.0,28.382789321162658,1.3787197022660562,0.13382607662343238,3,6,41,True,False
causal,inward,2.4,0.2,1.0,VisualCogB_Task-1,left,Training_mean_template,cue_stage,0.0,0.8,18.501979494376,1.7327873487562542,0.7417189870664094,3,6,43,True,False
causal,inward,2.4,0.2,1.0,VisualCogB_Task-1,left,Training_mean_template,late_stage,0.8,2.8,30.92125778338932,3.64321298968191,0.5949236856159958,3,6,43,True,False
causal,inward,2.4,0.2,1.0,VisualCogB_Task-1,left,Training_mean_template,candidate_target_600ms,2.4,3.0,32.02443807547912,4.806232015661439,0.6308901813702985,3,6,43,True,False
causal,inward,2.4,0.2,1.0,VisualCogB_Task-1,right,Training_mean_template,cue_stage,0.0,0.8,26.402931770541624,1.3161968137069837,-0.36016739175351004,3,6,45,True,False
causal,inward,2.4,0.2,1.0,VisualCogB_Task-1,right,Training_mean_template,late_stage,0.8,2.8,25.8616667930673,1.7716783826623652,0.13143696731942994,3,6,45,True,False
causal,inward,2.4,0.2,1.0,VisualCogB_Task-1,right,Training_mean_template,candidate_target_600ms,2.4,3.0,24.09796746611234,1.5562599985201162,-0.8171413462334456,3,6,45,True,False
causal,inward,2.4,0.2,1.0,VisualCogB_Task-1,left,Q2_visual_only,cue_stage,0.0,0.8,22.069699661301513,2.06691918427311,0.39115911799658093,3,6,43,True,False
causal,inward,2.4,0.2,1.0,VisualCogB_Task-1,left,Q2_visual_only,late_stage,0.8,2.8,20.359151700747166,2.3987616045461024,0.5226659908610349,3,6,43,True,False
causal,inward,2.4,0.2,1.0,VisualCogB_Task-1,left,Q2_visual_only,candidate_target_600ms,2.4,3.0,19.2612134510037,2.8907255306248727,0.33491805580982353,3,6,43,True,False
causal,inward,2.4,0.2,1.0,VisualCogB_Task-1,right,Q2_visual_only,cue_stage,0.0,0.8,29.402048019374195,1.465703970145365,-0.7528020026961503,3,6,45,True,False
causal,inward,2.4,0.2,1.0,VisualCogB_Task-1,right,Q2_visual_only,late_stage,0.8,2.8,21.829644143197783,1.495460789096672,-0.5157397316993131,3,6,45,True,False
causal,inward,2.4,0.2,1.0,VisualCogB_Task-1,right,Q2_visual_only,candidate_target_600ms,2.4,3.0,24.610215881757526,1.5893412830597753,-0.7439850639291992,3,6,45,True,False
causal,inward,2.4,0.2,1.0,VisualCogB_Task-1,left,Q2_plus_memory,cue_stage,0.0,0.8,22.55708013658913,2.112564393309576,0.37304552200430086,3,6,43,True,False
causal,inward,2.4,0.2,1.0,VisualCogB_Task-1,left,Q2_plus_memory,late_stage,0.8,2.8,20.183683165220177,2.3780875022055503,0.49949741358375144,3,6,43,True,False
causal,inward,2.4,0.2,1.0,VisualCogB_Task-1,left,Q2_plus_memory,candidate_target_600ms,2.4,3.0,19.0887271027396,2.864838756051731,0.42800966077988795,3,6,43,True,False
causal,inward,2.4,0.2,1.0,VisualCogB_Task-1,right,Q2_plus_memory,cue_stage,0.0,0.8,29.886640089832408,1.4898610805991517,-0.7680478955979756,3,6,45,True,False
causal,inward,2.4,0.2,1.0,VisualCogB_Task-1,right,Q2_plus_memory,late_stage,0.8,2.8,21.638647973616457,1.4823764126128924,-0.4902777197882478,3,6,45,True,False
causal,inward,2.4,0.2,1.0,VisualCogB_Task-1,right,Q2_plus_memory,candidate_target_600ms,2.4,3.0,24.552614753815675,1.5856213705231017,-0.7565361121570673,3,6,45,True,False
causal,inward,2.4,0.2,1.0,VisualCogB_Task-1,left,Q2_plus_memory_control,cue_stage,0.0,0.8,22.385210289147125,2.096468067109955,0.3578477870952661,3,6,43,True,False
causal,inward,2.4,0.2,1.0,VisualCogB_Task-1,left,Q2_plus_memory_control,late_stage,0.8,2.8,20.005161273786765,2.3570536465206056,0.5219816868648107,3,6,43,True,False
causal,inward,2.4,0.2,1.0,VisualCogB_Task-1,left,Q2_plus_memory_control,candidate_target_600ms,2.4,3.0,20.999908137084766,3.1516690652470083,0.4369393270631129,3,6,43,True,False
causal,inward,2.4,0.2,1.0,VisualCogB_Task-1,right,Q2_plus_memory_control,cue_stage,0.0,0.8,30.95981966069315,1.5433595156963598,-0.7062018248430771,3,6,45,True,False
causal,inward,2.4,0.2,1.0,VisualCogB_Task-1,right,Q2_plus_memory_control,late_stage,0.8,2.8,21.653226335086,1.4833751173010663,-0.42706416128507196,3,6,45,True,False
causal,inward,2.4,0.2,1.0,VisualCogB_Task-1,right,Q2_plus_memory_control,candidate_target_600ms,2.4,3.0,24.52136507861876,1.5836032493042025,-0.8868602143085212,3,6,45,True,False
causal,inward,2.4,0.2,1.0,VisualCogB_Task-2,left,Training_mean_template,cue_stage,0.0,0.8,26.4278692037496,0.9248201873744891,0.789906236108502,3,6,44,True,False
causal,inward,2.4,0.2,1.0,VisualCogB_Task-2,left,Training_mean_template,late_stage,0.8,2.8,39.47626028962619,1.005723497199289,0.8762536900741064,3,6,44,True,False
causal,inward,2.4,0.2,1.0,VisualCogB_Task-2,left,Training_mean_template,candidate_target_600ms,2.4,3.0,36.669896545526655,1.358471848739961,0.7767214860203262,3,6,44,True,False
causal,inward,2.4,0.2,1.0,VisualCogB_Task-2,right,Training_mean_template,cue_stage,0.0,0.8,25.656803416207826,1.3503155298984768,-0.3645966707592247,3,6,47,True,False
causal,inward,2.4,0.2,1.0,VisualCogB_Task-2,right,Training_mean_template,late_stage,0.8,2.8,28.28070208588447,0.837867425273061,0.6846402253473619,3,6,47,True,False
causal,inward,2.4,0.2,1.0,VisualCogB_Task-2,right,Training_mean_template,candidate_target_600ms,2.4,3.0,30.12722908776242,1.7190625299245987,-0.6651841578004362,3,6,47,True,False
causal,inward,2.4,0.2,1.0,VisualCogB_Task-2,left,Q2_visual_only,cue_stage,0.0,0.8,29.083638799184428,1.0177565234800512,0.3935164949848462,3,6,44,True,False
causal,inward,2.4,0.2,1.0,VisualCogB_Task-2,left,Q2_visual_only,late_stage,0.8,2.8,45.80537321986066,1.1669681932182119,0.623834692977561,3,6,44,True,False
causal,inward,2.4,0.2,1.0,VisualCogB_Task-2,left,Q2_visual_only,candidate_target_600ms,2.4,3.0,43.09956814253334,1.5966652630664055,0.38177963544367644,3,6,44,True,False
causal,inward,2.4,0.2,1.0,VisualCogB_Task-2,right,Q2_visual_only,cue_stage,0.0,0.8,19.98160325473104,1.0516301952911498,0.11183727071274972,3,6,47,True,False
causal,inward,2.4,0.2,1.0,VisualCogB_Task-2,right,Q2_visual_only,late_stage,0.8,2.8,35.113176918687984,1.040291964770664,0.47855249801345756,3,6,47,True,False
causal,inward,2.4,0.2,1.0,VisualCogB_Task-2,right,Q2_visual_only,candidate_target_600ms,2.4,3.0,32.35130665820738,1.8459686056164615,0.19050326798260775,3,6,47,True,False
causal,inward,2.4,0.2,1.0,VisualCogB_Task-2,left,Q2_plus_memory,cue_stage,0.0,0.8,28.927223569873334,1.0122829092221455,0.41241032964070656,3,6,44,True,False
causal,inward,2.4,0.2,1.0,VisualCogB_Task-2,left,Q2_plus_memory,late_stage,0.8,2.8,45.88101578682358,1.1688953136299463,0.61040312857283,3,6,44,True,False
causal,inward,2.4,0.2,1.0,VisualCogB_Task-2,left,Q2_plus_memory,candidate_target_600ms,2.4,3.0,43.04741098985971,1.5947330508080593,0.3629622424664791,3,6,44,True,False
causal,inward,2.4,0.2,1.0,VisualCogB_Task-2,right,Q2_plus_memory,cue_stage,0.0,0.8,20.113439742050737,1.058568739167687,0.06298905574758906,3,6,47,True,False
causal,inward,2.4,0.2,1.0,VisualCogB_Task-2,right,Q2_plus_memory,late_stage,0.8,2.8,35.15818162783254,1.0416253114344634,0.46911666769117094,3,6,47,True,False
causal,inward,2.4,0.2,1.0,VisualCogB_Task-2,right,Q2_plus_memory,candidate_target_600ms,2.4,3.0,32.225158704594854,1.8387705914993902,0.17071324165082433,3,6,47,True,False
causal,inward,2.4,0.2,1.0,VisualCogB_Task-2,left,Q2_plus_memory_control,cue_stage,0.0,0.8,29.712838258798,1.0397748087095389,0.27434227190447086,3,6,44,True,False
causal,inward,2.4,0.2,1.0,VisualCogB_Task-2,left,Q2_plus_memory_control,late_stage,0.8,2.8,45.67862575471375,1.1637390903859408,0.6423168899806346,3,6,44,True,False
causal,inward,2.4,0.2,1.0,VisualCogB_Task-2,left,Q2_plus_memory_control,candidate_target_600ms,2.4,3.0,42.05292294436324,1.557891277555765,0.3192875692077667,3,6,44,True,False
causal,inward,2.4,0.2,1.0,VisualCogB_Task-2,right,Q2_plus_memory_control,cue_stage,0.0,0.8,20.581509264211125,1.083203201013626,0.07289973179015005,3,6,47,True,False
causal,inward,2.4,0.2,1.0,VisualCogB_Task-2,right,Q2_plus_memory_control,late_stage,0.8,2.8,34.89546498803036,1.0338418513952123,0.5202360689549989,3,6,47,True,False
causal,inward,2.4,0.2,1.0,VisualCogB_Task-2,right,Q2_plus_memory_control,candidate_target_600ms,2.4,3.0,31.046915669027864,1.7715399328919388,0.14038803895723795,3,6,47,True,False
causal,outward,2.4,0.2,-1.0,VisualCogA_Task-1,left,Training_mean_template,cue_stage,0.0,0.8,21.08297624331433,4.731957807756377,-0.10334538273310898,3,6,45,True,False
causal,outward,2.4,0.2,-1.0,VisualCogA_Task-1,left,Training_mean_template,late_stage,0.8,2.8,24.49688739931746,4.312586241327728,0.5211216432194095,3,6,45,True,False
causal,outward,2.4,0.2,-1.0,VisualCogA_Task-1,left,Training_mean_template,candidate_target_600ms,2.4,3.0,22.87128667115677,6.0514832179201505,0.503430132602702,3,6,45,True,False
causal,outward,2.4,0.2,-1.0,VisualCogA_Task-1,right,Training_mean_template,cue_stage,0.0,0.8,21.588969073992708,3.3231685790306935,-0.16016885027459948,3,6,41,True,False
causal,outward,2.4,0.2,-1.0,VisualCogA_Task-1,right,Training_mean_template,late_stage,0.8,2.8,27.87665206779353,4.14508064387879,0.5559043453806836,3,6,41,True,False
causal,outward,2.4,0.2,-1.0,VisualCogA_Task-1,right,Training_mean_template,candidate_target_600ms,2.4,3.0,28.235959530260782,5.898385177372383,-0.018924780311043003,3,6,41,True,False
causal,outward,2.4,0.2,-1.0,VisualCogA_Task-1,left,Q2_visual_only,cue_stage,0.0,0.8,20.65119355486885,4.635046563335108,-0.44671884160781666,3,6,45,True,False
causal,outward,2.4,0.2,-1.0,VisualCogA_Task-1,left,Q2_visual_only,late_stage,0.8,2.8,12.750934481922968,2.2447547606535694,0.42775915822330607,3,6,45,True,False
causal,outward,2.4,0.2,-1.0,VisualCogA_Task-1,left,Q2_visual_only,candidate_target_600ms,2.4,3.0,13.134696251410885,3.4752917525243703,0.3266618164107167,3,6,45,True,False
causal,outward,2.4,0.2,-1.0,VisualCogA_Task-1,right,Q2_visual_only,cue_stage,0.0,0.8,26.094448157967282,4.01669250201324,-0.8019394570252719,3,6,41,True,False
causal,outward,2.4,0.2,-1.0,VisualCogA_Task-1,right,Q2_visual_only,late_stage,0.8,2.8,21.414226363771608,3.1841590944365628,-0.27060516467900986,3,6,41,True,False
causal,outward,2.4,0.2,-1.0,VisualCogA_Task-1,right,Q2_visual_only,candidate_target_600ms,2.4,3.0,19.73943496869733,4.123493324329577,-0.2495349163303825,3,6,41,True,False
causal,outward,2.4,0.2,-1.0,VisualCogA_Task-1,left,Q2_plus_memory,cue_stage,0.0,0.8,20.857891169470296,4.681438703608382,-0.48243393590344236,3,6,45,True,False
causal,outward,2.4,0.2,-1.0,VisualCogA_Task-1,left,Q2_plus_memory,late_stage,0.8,2.8,12.654884844195045,2.227845577890967,0.4490893865647046,3,6,45,True,False
causal,outward,2.4,0.2,-1.0,VisualCogA_Task-1,left,Q2_plus_memory,candidate_target_600ms,2.4,3.0,12.772520364189946,3.3794641178589,0.3729896958535901,3,6,45,True,False
causal,outward,2.4,0.2,-1.0,VisualCogA_Task-1,right,Q2_plus_memory,cue_stage,0.0,0.8,26.065772257688785,4.012278449148821,-0.7910900219398275,3,6,41,True,False
causal,outward,2.4,0.2,-1.0,VisualCogA_Task-1,right,Q2_plus_memory,late_stage,0.8,2.8,21.389351496936875,3.180460360141463,-0.2669965808944937,3,6,41,True,False
causal,outward,2.4,0.2,-1.0,VisualCogA_Task-1,right,Q2_plus_memory,candidate_target_600ms,2.4,3.0,19.54388632122492,4.082643951299758,-0.2553302646313708,3,6,41,True,False
causal,outward,2.4,0.2,-1.0,VisualCogA_Task-1,left,Q2_plus_memory_control,cue_stage,0.0,0.8,21.720635795918668,4.875076979538083,-0.4356269863821731,3,6,45,True,False
causal,outward,2.4,0.2,-1.0,VisualCogA_Task-1,left,Q2_plus_memory_control,late_stage,0.8,2.8,13.096674088764312,2.3056209371290173,0.36782526934003534,3,6,45,True,False
causal,outward,2.4,0.2,-1.0,VisualCogA_Task-1,left,Q2_plus_memory_control,candidate_target_600ms,2.4,3.0,12.916565846649867,3.4175769198300596,0.5862287467919985,3,6,45,True,False
causal,outward,2.4,0.2,-1.0,VisualCogA_Task-1,right,Q2_plus_memory_control,cue_stage,0.0,0.8,27.220713216412342,4.190057364460217,-0.8088461490848754,3,6,41,True,False
causal,outward,2.4,0.2,-1.0,VisualCogA_Task-1,right,Q2_plus_memory_control,late_stage,0.8,2.8,21.094003950511627,3.1365440607620703,-0.20369109321957046,3,6,41,True,False
causal,outward,2.4,0.2,-1.0,VisualCogA_Task-1,right,Q2_plus_memory_control,candidate_target_600ms,2.4,3.0,20.836550909787015,4.352676695903937,-0.42555928971024837,3,6,41,True,False
causal,outward,2.4,0.2,-1.0,VisualCogA_Task-2,left,Training_mean_template,cue_stage,0.0,0.8,14.713195942736856,0.8519186648979836,0.8705575703100655,3,6,49,True,False
causal,outward,2.4,0.2,-1.0,VisualCogA_Task-2,left,Training_mean_template,late_stage,0.8,2.8,22.78064222039507,0.6816371691356803,0.819328530733084,3,6,49,True,False
causal,outward,2.4,0.2,-1.0,VisualCogA_Task-2,left,Training_mean_template,candidate_target_600ms,2.4,3.0,20.05846071286471,1.3527688002082003,0.9125055226720362,3,6,49,True,False
causal,outward,2.4,0.2,-1.0,VisualCogA_Task-2,right,Training_mean_template,cue_stage,0.0,0.8,24.53165598018877,1.0559612869671255,-0.04108536717954614,3,6,41,True,False
causal,outward,2.4,0.2,-1.0,VisualCogA_Task-2,right,Training_mean_template,late_stage,0.8,2.8,29.668513338841645,0.7937917102851009,0.7276545483506327,3,6,41,True,False
causal,outward,2.4,0.2,-1.0,VisualCogA_Task-2,right,Training_mean_template,candidate_target_600ms,2.4,3.0,28.185427026250903,1.3691326500070173,-0.6553806563547246,3,6,41,True,False
causal,outward,2.4,0.2,-1.0,VisualCogA_Task-2,left,Q2_visual_only,cue_stage,0.0,0.8,16.076326622642753,0.9308462122117387,0.5322195557004024,3,6,49,True,False
causal,outward,2.4,0.2,-1.0,VisualCogA_Task-2,left,Q2_visual_only,late_stage,0.8,2.8,31.125986363582943,0.9313446489420577,0.5976873032559238,3,6,49,True,False
causal,outward,2.4,0.2,-1.0,VisualCogA_Task-2,left,Q2_visual_only,candidate_target_600ms,2.4,3.0,26.7179513079281,1.8018935476771742,0.7072448546644571,3,6,49,True,False
causal,outward,2.4,0.2,-1.0,VisualCogA_Task-2,right,Q2_visual_only,cue_stage,0.0,0.8,24.253892913770898,1.0440050193053168,-0.023905990663007616,3,6,41,True,False
causal,outward,2.4,0.2,-1.0,VisualCogA_Task-2,right,Q2_visual_only,late_stage,0.8,2.8,36.904626914896504,0.9873965230963277,0.3029465059355918,3,6,41,True,False
causal,outward,2.4,0.2,-1.0,VisualCogA_Task-2,right,Q2_visual_only,candidate_target_600ms,2.4,3.0,29.202632653250575,1.418544334790044,0.21366607120025513,3,6,41,True,False
causal,outward,2.4,0.2,-1.0,VisualCogA_Task-2,left,Q2_plus_memory,cue_stage,0.0,0.8,16.092554112716677,0.9317858110407237,0.5374760312332096,3,6,49,True,False
causal,outward,2.4,0.2,-1.0,VisualCogA_Task-2,left,Q2_plus_memory,late_stage,0.8,2.8,31.13638213901429,0.9316557089581643,0.5961495414627642,3,6,49,True,False
causal,outward,2.4,0.2,-1.0,VisualCogA_Task-2,left,Q2_plus_memory,candidate_target_600ms,2.4,3.0,26.719800778489628,1.8020182783884862,0.7310146341506413,3,6,49,True,False
causal,outward,2.4,0.2,-1.0,VisualCogA_Task-2,right,Q2_plus_memory,cue_stage,0.0,0.8,24.657658211489593,1.0613850332658914,-0.07390921841302527,3,6,41,True,False
causal,outward,2.4,0.2,-1.0,VisualCogA_Task-2,right,Q2_plus_memory,late_stage,0.8,2.8,36.91010478123428,0.9875430853739625,0.30188620735350663,3,6,41,True,False
causal,outward,2.4,0.2,-1.0,VisualCogA_Task-2,right,Q2_plus_memory,candidate_target_600ms,2.4,3.0,29.338727572678618,1.4251552687849578,0.19098971088388436,3,6,41,True,False
causal,outward,2.4,0.2,-1.0,VisualCogA_Task-2,left,Q2_plus_memory_control,cue_stage,0.0,0.8,16.26473742882728,0.9417555131604772,0.5049602028929692,3,6,49,True,False
causal,outward,2.4,0.2,-1.0,VisualCogA_Task-2,left,Q2_plus_memory_control,late_stage,0.8,2.8,30.932050969324145,0.925541758406363,0.611271723252955,3,6,49,True,False
causal,outward,2.4,0.2,-1.0,VisualCogA_Task-2,left,Q2_plus_memory_control,candidate_target_600ms,2.4,3.0,25.38006441888842,1.711664707707429,0.9133219536361525,3,6,49,True,False
causal,outward,2.4,0.2,-1.0,VisualCogA_Task-2,right,Q2_plus_memory_control,cue_stage,0.0,0.8,24.90082769592607,1.0718522256129568,-0.07196559111553558,3,6,41,True,False
causal,outward,2.4,0.2,-1.0,VisualCogA_Task-2,right,Q2_plus_memory_control,late_stage,0.8,2.8,36.585185710884396,0.9788497591660862,0.3570816043440753,3,6,41,True,False
causal,outward,2.4,0.2,-1.0,VisualCogA_Task-2,right,Q2_plus_memory_control,candidate_target_600ms,2.4,3.0,28.84528980625731,1.4011860822927775,0.12749303355512484,3,6,41,True,False
causal,outward,2.4,0.2,-1.0,VisualCogB_Task-1,left,Training_mean_template,cue_stage,0.0,0.8,18.501979494376,1.7327873487562542,0.7417189870664094,3,6,43,True,False
causal,outward,2.4,0.2,-1.0,VisualCogB_Task-1,left,Training_mean_template,late_stage,0.8,2.8,30.92125778338932,3.64321298968191,0.5949236856159958,3,6,43,True,False
causal,outward,2.4,0.2,-1.0,VisualCogB_Task-1,left,Training_mean_template,candidate_target_600ms,2.4,3.0,32.02443807547912,4.806232015661439,0.6308901813702985,3,6,43,True,False
causal,outward,2.4,0.2,-1.0,VisualCogB_Task-1,right,Training_mean_template,cue_stage,0.0,0.8,26.402931770541624,1.3161968137069837,-0.36016739175351004,3,6,45,True,False
causal,outward,2.4,0.2,-1.0,VisualCogB_Task-1,right,Training_mean_template,late_stage,0.8,2.8,25.8616667930673,1.7716783826623652,0.13143696731942994,3,6,45,True,False
causal,outward,2.4,0.2,-1.0,VisualCogB_Task-1,right,Training_mean_template,candidate_target_600ms,2.4,3.0,24.09796746611234,1.5562599985201162,-0.8171413462334456,3,6,45,True,False
causal,outward,2.4,0.2,-1.0,VisualCogB_Task-1,left,Q2_visual_only,cue_stage,0.0,0.8,22.06294961209767,2.0662870140846468,0.3906854100012571,3,6,43,True,False
causal,outward,2.4,0.2,-1.0,VisualCogB_Task-1,left,Q2_visual_only,late_stage,0.8,2.8,20.353622755028685,2.398110171573941,0.5227793941641109,3,6,43,True,False
causal,outward,2.4,0.2,-1.0,VisualCogB_Task-1,left,Q2_visual_only,candidate_target_600ms,2.4,3.0,19.318258722788666,2.8992868927617756,0.3379509800005994,3,6,43,True,False
causal,outward,2.4,0.2,-1.0,VisualCogB_Task-1,right,Q2_visual_only,cue_stage,0.0,0.8,29.403853118963415,1.465793955089022,-0.752342473131251,3,6,45,True,False
causal,outward,2.4,0.2,-1.0,VisualCogB_Task-1,right,Q2_visual_only,late_stage,0.8,2.8,21.829867529742216,1.4954760924069697,-0.515073299594412,3,6,45,True,False
causal,outward,2.4,0.2,-1.0,VisualCogB_Task-1,right,Q2_visual_only,candidate_target_600ms,2.4,3.0,24.620767229033863,1.5900226948726075,-0.7405074246542727,3,6,45,True,False
causal,outward,2.4,0.2,-1.0,VisualCogB_Task-1,left,Q2_plus_memory,cue_stage,0.0,0.8,21.832515118756188,2.044705865164849,0.4227835368087061,3,6,43,True,False
causal,outward,2.4,0.2,-1.0,VisualCogB_Task-1,left,Q2_plus_memory,late_stage,0.8,2.8,20.4260604049928,2.4066449404096724,0.5096869170481704,3,6,43,True,False
causal,outward,2.4,0.2,-1.0,VisualCogB_Task-1,left,Q2_plus_memory,candidate_target_600ms,2.4,3.0,19.31906141123094,2.899407360352207,0.31567344342024867,3,6,43,True,False
causal,outward,2.4,0.2,-1.0,VisualCogB_Task-1,right,Q2_plus_memory,cue_stage,0.0,0.8,29.972078284445317,1.494120209111685,-0.7692746447045137,3,6,45,True,False
causal,outward,2.4,0.2,-1.0,VisualCogB_Task-1,right,Q2_plus_memory,late_stage,0.8,2.8,21.826214563419565,1.4952258424320466,-0.5188993763739382,3,6,45,True,False
causal,outward,2.4,0.2,-1.0,VisualCogB_Task-1,right,Q2_plus_memory,candidate_target_600ms,2.4,3.0,24.67893745971428,1.5937793603772783,-0.7567855004087424,3,6,45,True,False
causal,outward,2.4,0.2,-1.0,VisualCogB_Task-1,left,Q2_plus_memory_control,cue_stage,0.0,0.8,22.838755644486152,2.138944476407539,0.33730138653182484,3,6,43,True,False
causal,outward,2.4,0.2,-1.0,VisualCogB_Task-1,left,Q2_plus_memory_control,late_stage,0.8,2.8,19.947649866528845,2.350277521582716,0.5235696674488238,3,6,43,True,False
causal,outward,2.4,0.2,-1.0,VisualCogB_Task-1,left,Q2_plus_memory_control,candidate_target_600ms,2.4,3.0,19.927303645173293,2.99069243742869,0.5178564641385417,3,6,43,True,False
causal,outward,2.4,0.2,-1.0,VisualCogB_Task-1,right,Q2_plus_memory_control,cue_stage,0.0,0.8,30.62746874675908,1.5267916883901254,-0.7144578803504752,3,6,45,True,False
causal,outward,2.4,0.2,-1.0,VisualCogB_Task-1,right,Q2_plus_memory_control,late_stage,0.8,2.8,21.7160437270167,1.4876784832143835,-0.4234902384630614,3,6,45,True,False
causal,outward,2.4,0.2,-1.0,VisualCogB_Task-1,right,Q2_plus_memory_control,candidate_target_600ms,2.4,3.0,24.542302335859212,1.5849553888972143,-0.8666553934029129,3,6,45,True,False
causal,outward,2.4,0.2,-1.0,VisualCogB_Task-2,left,Training_mean_template,cue_stage,0.0,0.8,26.4278692037496,0.9248201873744891,0.789906236108502,3,6,44,True,False
causal,outward,2.4,0.2,-1.0,VisualCogB_Task-2,left,Training_mean_template,late_stage,0.8,2.8,39.47626028962619,1.005723497199289,0.8762536900741064,3,6,44,True,False
causal,outward,2.4,0.2,-1.0,VisualCogB_Task-2,left,Training_mean_template,candidate_target_600ms,2.4,3.0,36.669896545526655,1.358471848739961,0.7767214860203262,3,6,44,True,False
causal,outward,2.4,0.2,-1.0,VisualCogB_Task-2,right,Training_mean_template,cue_stage,0.0,0.8,25.656803416207826,1.3503155298984768,-0.3645966707592247,3,6,47,True,False
causal,outward,2.4,0.2,-1.0,VisualCogB_Task-2,right,Training_mean_template,late_stage,0.8,2.8,28.28070208588447,0.837867425273061,0.6846402253473619,3,6,47,True,False
causal,outward,2.4,0.2,-1.0,VisualCogB_Task-2,right,Training_mean_template,candidate_target_600ms,2.4,3.0,30.12722908776242,1.7190625299245987,-0.6651841578004362,3,6,47,True,False
causal,outward,2.4,0.2,-1.0,VisualCogB_Task-2,left,Q2_visual_only,cue_stage,0.0,0.8,29.084394003766427,1.0177829512044223,0.39334662261392284,3,6,44,True,False
causal,outward,2.4,0.2,-1.0,VisualCogB_Task-2,left,Q2_visual_only,late_stage,0.8,2.8,45.8036914384077,1.1669253470338978,0.6236577741306918,3,6,44,True,False
causal,outward,2.4,0.2,-1.0,VisualCogB_Task-2,left,Q2_visual_only,candidate_target_600ms,2.4,3.0,43.08035928473106,1.595953652316742,0.37761863989448247,3,6,44,True,False
causal,outward,2.4,0.2,-1.0,VisualCogB_Task-2,right,Q2_visual_only,cue_stage,0.0,0.8,19.985245068658614,1.0518218636694596,0.1117158583697644,3,6,47,True,False
causal,outward,2.4,0.2,-1.0,VisualCogB_Task-2,right,Q2_visual_only,late_stage,0.8,2.8,35.10978800893784,1.0401915621329145,0.4789857758428645,3,6,47,True,False
causal,outward,2.4,0.2,-1.0,VisualCogB_Task-2,right,Q2_visual_only,candidate_target_600ms,2.4,3.0,32.330829248860944,1.8448001627100514,0.18790599944354225,3,6,47,True,False
causal,outward,2.4,0.2,-1.0,VisualCogB_Task-2,left,Q2_plus_memory,cue_stage,0.0,0.8,29.652719201036216,1.0376709948214278,0.2766494641191653,3,6,44,True,False
causal,outward,2.4,0.2,-1.0,VisualCogB_Task-2,left,Q2_plus_memory,late_stage,0.8,2.8,45.81096424345871,1.1671106338588577,0.6161379227591832,3,6,44,True,False
causal,outward,2.4,0.2,-1.0,VisualCogB_Task-2,left,Q2_plus_memory,candidate_target_600ms,2.4,3.0,43.32681202912332,1.6050837330325662,0.3132832292400858,3,6,44,True,False
causal,outward,2.4,0.2,-1.0,VisualCogB_Task-2,right,Q2_plus_memory,cue_stage,0.0,0.8,20.17653712822523,1.0618895496001197,0.10305023259255272,3,6,47,True,False
causal,outward,2.4,0.2,-1.0,VisualCogB_Task-2,right,Q2_plus_memory,late_stage,0.8,2.8,35.13586647048839,1.0409641841621726,0.47085440344699364,3,6,47,True,False
causal,outward,2.4,0.2,-1.0,VisualCogB_Task-2,right,Q2_plus_memory,candidate_target_600ms,2.4,3.0,32.49960731695051,1.8544306551752112,0.1382322290982245,3,6,47,True,False
causal,outward,2.4,0.2,-1.0,VisualCogB_Task-2,left,Q2_plus_memory_control,cue_stage,0.0,0.8,29.34810284050025,1.0270112114898138,0.3184421701390183,3,6,44,True,False
causal,outward,2.4,0.2,-1.0,VisualCogB_Task-2,left,Q2_plus_memory_control,late_stage,0.8,2.8,45.7786123607089,1.1662864157484945,0.6129207901590603,3,6,44,True,False
causal,outward,2.4,0.2,-1.0,VisualCogB_Task-2,left,Q2_plus_memory_control,candidate_target_600ms,2.4,3.0,42.471535225937984,1.5733991751400973,0.27398000509049764,3,6,44,True,False
causal,outward,2.4,0.2,-1.0,VisualCogB_Task-2,right,Q2_plus_memory_control,cue_stage,0.0,0.8,20.482580385952023,1.0779965819932569,0.052036404714081115,3,6,47,True,False
causal,outward,2.4,0.2,-1.0,VisualCogB_Task-2,right,Q2_plus_memory_control,late_stage,0.8,2.8,34.98781392162041,1.0365778571343494,0.4932122989978329,3,6,47,True,False
causal,outward,2.4,0.2,-1.0,VisualCogB_Task-2,right,Q2_plus_memory_control,candidate_target_600ms,2.4,3.0,31.465132341194632,1.795403415604449,0.1084713156915936,3,6,47,True,False
causal,outward,2.4,0.2,1.0,VisualCogA_Task-1,left,Training_mean_template,cue_stage,0.0,0.8,21.08297624331433,4.731957807756377,-0.10334538273310898,3,6,45,True,False
causal,outward,2.4,0.2,1.0,VisualCogA_Task-1,left,Training_mean_template,late_stage,0.8,2.8,24.49688739931746,4.312586241327728,0.5211216432194095,3,6,45,True,False
causal,outward,2.4,0.2,1.0,VisualCogA_Task-1,left,Training_mean_template,candidate_target_600ms,2.4,3.0,22.87128667115677,6.0514832179201505,0.503430132602702,3,6,45,True,False
causal,outward,2.4,0.2,1.0,VisualCogA_Task-1,right,Training_mean_template,cue_stage,0.0,0.8,21.588969073992708,3.3231685790306935,-0.16016885027459948,3,6,41,True,False
causal,outward,2.4,0.2,1.0,VisualCogA_Task-1,right,Training_mean_template,late_stage,0.8,2.8,27.87665206779353,4.14508064387879,0.5559043453806836,3,6,41,True,False
causal,outward,2.4,0.2,1.0,VisualCogA_Task-1,right,Training_mean_template,candidate_target_600ms,2.4,3.0,28.235959530260782,5.898385177372383,-0.018924780311043003,3,6,41,True,False
causal,outward,2.4,0.2,1.0,VisualCogA_Task-1,left,Q2_visual_only,cue_stage,0.0,0.8,20.65119355486885,4.635046563335108,-0.44671884160781666,3,6,45,True,False
causal,outward,2.4,0.2,1.0,VisualCogA_Task-1,left,Q2_visual_only,late_stage,0.8,2.8,12.750934481922968,2.2447547606535694,0.42775915822330607,3,6,45,True,False
causal,outward,2.4,0.2,1.0,VisualCogA_Task-1,left,Q2_visual_only,candidate_target_600ms,2.4,3.0,13.134696251410885,3.4752917525243703,0.3266618164107167,3,6,45,True,False
causal,outward,2.4,0.2,1.0,VisualCogA_Task-1,right,Q2_visual_only,cue_stage,0.0,0.8,26.094448157967282,4.01669250201324,-0.8019394570252719,3,6,41,True,False
causal,outward,2.4,0.2,1.0,VisualCogA_Task-1,right,Q2_visual_only,late_stage,0.8,2.8,21.414226363771608,3.1841590944365628,-0.27060516467900986,3,6,41,True,False
causal,outward,2.4,0.2,1.0,VisualCogA_Task-1,right,Q2_visual_only,candidate_target_600ms,2.4,3.0,19.73943496869733,4.123493324329577,-0.2495349163303825,3,6,41,True,False
causal,outward,2.4,0.2,1.0,VisualCogA_Task-1,left,Q2_plus_memory,cue_stage,0.0,0.8,20.832990979433184,4.675849993205215,-0.35362442635167857,3,6,45,True,False
causal,outward,2.4,0.2,1.0,VisualCogA_Task-1,left,Q2_plus_memory,late_stage,0.8,2.8,12.724654243541618,2.240128222080943,0.3908867571024693,3,6,45,True,False
causal,outward,2.4,0.2,1.0,VisualCogA_Task-1,left,Q2_plus_memory,candidate_target_600ms,2.4,3.0,12.754316142142452,3.3746474870414205,0.446182663781643,3,6,45,True,False
causal,outward,2.4,0.2,1.0,VisualCogA_Task-1,right,Q2_plus_memory,cue_stage,0.0,0.8,26.670458739159056,4.105357238992814,-0.8182503163845521,3,6,41,True,False
causal,outward,2.4,0.2,1.0,VisualCogA_Task-1,right,Q2_plus_memory,late_stage,0.8,2.8,21.15500850556188,3.1456150496208575,-0.25683541646244923,3,6,41,True,False
causal,outward,2.4,0.2,1.0,VisualCogA_Task-1,right,Q2_plus_memory,candidate_target_600ms,2.4,3.0,19.897324625065153,4.15647587651741,-0.2952478682432277,3,6,41,True,False
causal,outward,2.4,0.2,1.0,VisualCogA_Task-1,left,Q2_plus_memory_control,cue_stage,0.0,0.8,21.8947672040904,4.914159814284203,-0.49666542895910076,3,6,45,True,False
causal,outward,2.4,0.2,1.0,VisualCogA_Task-1,left,Q2_plus_memory_control,late_stage,0.8,2.8,13.070464661590828,2.30100686460711,0.3732076495430218,3,6,45,True,False
causal,outward,2.4,0.2,1.0,VisualCogA_Task-1,left,Q2_plus_memory_control,candidate_target_600ms,2.4,3.0,13.948850756104413,3.6907078064082244,0.44000750386583143,3,6,45,True,False
causal,outward,2.4,0.2,1.0,VisualCogA_Task-1,right,Q2_plus_memory_control,cue_stage,0.0,0.8,26.93728641249238,4.14642975787957,-0.7887425491195305,3,6,41,True,False
causal,outward,2.4,0.2,1.0,VisualCogA_Task-1,right,Q2_plus_memory_control,late_stage,0.8,2.8,21.105093575507585,3.1381930173802046,-0.20914770061385188,3,6,41,True,False
causal,outward,2.4,0.2,1.0,VisualCogA_Task-1,right,Q2_plus_memory_control,candidate_target_600ms,2.4,3.0,21.82164875267424,4.558459910337303,-0.5895983726942794,3,6,41,True,False
causal,outward,2.4,0.2,1.0,VisualCogA_Task-2,left,Training_mean_template,cue_stage,0.0,0.8,14.713195942736856,0.8519186648979836,0.8705575703100655,3,6,49,True,False
causal,outward,2.4,0.2,1.0,VisualCogA_Task-2,left,Training_mean_template,late_stage,0.8,2.8,22.78064222039507,0.6816371691356803,0.819328530733084,3,6,49,True,False
causal,outward,2.4,0.2,1.0,VisualCogA_Task-2,left,Training_mean_template,candidate_target_600ms,2.4,3.0,20.05846071286471,1.3527688002082003,0.9125055226720362,3,6,49,True,False
causal,outward,2.4,0.2,1.0,VisualCogA_Task-2,right,Training_mean_template,cue_stage,0.0,0.8,24.53165598018877,1.0559612869671255,-0.04108536717954614,3,6,41,True,False
causal,outward,2.4,0.2,1.0,VisualCogA_Task-2,right,Training_mean_template,late_stage,0.8,2.8,29.668513338841645,0.7937917102851009,0.7276545483506327,3,6,41,True,False
causal,outward,2.4,0.2,1.0,VisualCogA_Task-2,right,Training_mean_template,candidate_target_600ms,2.4,3.0,28.185427026250903,1.3691326500070173,-0.6553806563547246,3,6,41,True,False
causal,outward,2.4,0.2,1.0,VisualCogA_Task-2,left,Q2_visual_only,cue_stage,0.0,0.8,16.076326622642753,0.9308462122117387,0.5322195557004024,3,6,49,True,False
causal,outward,2.4,0.2,1.0,VisualCogA_Task-2,left,Q2_visual_only,late_stage,0.8,2.8,31.125986363582943,0.9313446489420577,0.5976873032559238,3,6,49,True,False
causal,outward,2.4,0.2,1.0,VisualCogA_Task-2,left,Q2_visual_only,candidate_target_600ms,2.4,3.0,26.7179513079281,1.8018935476771742,0.7072448546644571,3,6,49,True,False
causal,outward,2.4,0.2,1.0,VisualCogA_Task-2,right,Q2_visual_only,cue_stage,0.0,0.8,24.253892913770898,1.0440050193053168,-0.023905990663007616,3,6,41,True,False
causal,outward,2.4,0.2,1.0,VisualCogA_Task-2,right,Q2_visual_only,late_stage,0.8,2.8,36.904626914896504,0.9873965230963277,0.3029465059355918,3,6,41,True,False
causal,outward,2.4,0.2,1.0,VisualCogA_Task-2,right,Q2_visual_only,candidate_target_600ms,2.4,3.0,29.202632653250575,1.418544334790044,0.21366607120025513,3,6,41,True,False
causal,outward,2.4,0.2,1.0,VisualCogA_Task-2,left,Q2_plus_memory,cue_stage,0.0,0.8,15.854441742147307,0.9179987063477226,0.555080152011275,3,6,49,True,False
causal,outward,2.4,0.2,1.0,VisualCogA_Task-2,left,Q2_plus_memory,late_stage,0.8,2.8,31.21059644609957,0.9338763324902649,0.5877844886412296,3,6,49,True,False
causal,outward,2.4,0.2,1.0,VisualCogA_Task-2,left,Q2_plus_memory,candidate_target_600ms,2.4,3.0,26.534046905867257,1.7894907945003415,0.7372786596046937,3,6,49,True,False
causal,outward,2.4,0.2,1.0,VisualCogA_Task-2,right,Q2_plus_memory,cue_stage,0.0,0.8,24.506136574986375,1.0548628081696925,-0.05738586045176902,3,6,41,True,False
causal,outward,2.4,0.2,1.0,VisualCogA_Task-2,right,Q2_plus_memory,late_stage,0.8,2.8,36.85567638958552,0.9860868342432941,0.314864085266048,3,6,41,True,False
causal,outward,2.4,0.2,1.0,VisualCogA_Task-2,right,Q2_plus_memory,candidate_target_600ms,2.4,3.0,29.254423468706356,1.4210601205663231,0.18300893531956383,3,6,41,True,False
causal,outward,2.4,0.2,1.0,VisualCogA_Task-2,left,Q2_plus_memory_control,cue_stage,0.0,0.8,16.46563153828747,0.9533876182573771,0.4996630818195181,3,6,49,True,False
causal,outward,2.4,0.2,1.0,VisualCogA_Task-2,left,Q2_plus_memory_control,late_stage,0.8,2.8,30.830776898319236,0.9225114588037983,0.6298594759856206,3,6,49,True,False
causal,outward,2.4,0.2,1.0,VisualCogA_Task-2,left,Q2_plus_memory_control,candidate_target_600ms,2.4,3.0,24.866258464511432,1.6770129627708596,0.9205351200960896,3,6,49,True,False
causal,outward,2.4,0.2,1.0,VisualCogA_Task-2,right,Q2_plus_memory_control,cue_stage,0.0,0.8,25.015572313171777,1.076791389679059,-0.07394119085211887,3,6,41,True,False
causal,outward,2.4,0.2,1.0,VisualCogA_Task-2,right,Q2_plus_memory_control,late_stage,0.8,2.8,36.51886777840019,0.9770753991080684,0.36869483577219353,3,6,41,True,False
causal,outward,2.4,0.2,1.0,VisualCogA_Task-2,right,Q2_plus_memory_control,candidate_target_600ms,2.4,3.0,28.405558178354216,1.379825720129659,0.1346853062906412,3,6,41,True,False
causal,outward,2.4,0.2,1.0,VisualCogB_Task-1,left,Training_mean_template,cue_stage,0.0,0.8,18.501979494376,1.7327873487562542,0.7417189870664094,3,6,43,True,False
causal,outward,2.4,0.2,1.0,VisualCogB_Task-1,left,Training_mean_template,late_stage,0.8,2.8,30.92125778338932,3.64321298968191,0.5949236856159958,3,6,43,True,False
causal,outward,2.4,0.2,1.0,VisualCogB_Task-1,left,Training_mean_template,candidate_target_600ms,2.4,3.0,32.02443807547912,4.806232015661439,0.6308901813702985,3,6,43,True,False
causal,outward,2.4,0.2,1.0,VisualCogB_Task-1,right,Training_mean_template,cue_stage,0.0,0.8,26.402931770541624,1.3161968137069837,-0.36016739175351004,3,6,45,True,False
causal,outward,2.4,0.2,1.0,VisualCogB_Task-1,right,Training_mean_template,late_stage,0.8,2.8,25.8616667930673,1.7716783826623652,0.13143696731942994,3,6,45,True,False
causal,outward,2.4,0.2,1.0,VisualCogB_Task-1,right,Training_mean_template,candidate_target_600ms,2.4,3.0,24.09796746611234,1.5562599985201162,-0.8171413462334456,3,6,45,True,False
causal,outward,2.4,0.2,1.0,VisualCogB_Task-1,left,Q2_visual_only,cue_stage,0.0,0.8,22.06294961209767,2.0662870140846468,0.3906854100012571,3,6,43,True,False
causal,outward,2.4,0.2,1.0,VisualCogB_Task-1,left,Q2_visual_only,late_stage,0.8,2.8,20.353622755028685,2.398110171573941,0.5227793941641109,3,6,43,True,False
causal,outward,2.4,0.2,1.0,VisualCogB_Task-1,left,Q2_visual_only,candidate_target_600ms,2.4,3.0,19.318258722788666,2.8992868927617756,0.3379509800005994,3,6,43,True,False
causal,outward,2.4,0.2,1.0,VisualCogB_Task-1,right,Q2_visual_only,cue_stage,0.0,0.8,29.403853118963415,1.465793955089022,-0.752342473131251,3,6,45,True,False
causal,outward,2.4,0.2,1.0,VisualCogB_Task-1,right,Q2_visual_only,late_stage,0.8,2.8,21.829867529742216,1.4954760924069697,-0.515073299594412,3,6,45,True,False
causal,outward,2.4,0.2,1.0,VisualCogB_Task-1,right,Q2_visual_only,candidate_target_600ms,2.4,3.0,24.620767229033863,1.5900226948726075,-0.7405074246542727,3,6,45,True,False
causal,outward,2.4,0.2,1.0,VisualCogB_Task-1,left,Q2_plus_memory,cue_stage,0.0,0.8,22.538303583433166,2.1108058909951724,0.3734696233691439,3,6,43,True,False
causal,outward,2.4,0.2,1.0,VisualCogB_Task-1,left,Q2_plus_memory,late_stage,0.8,2.8,20.181269771016787,2.3778031506059936,0.4997464666766832,3,6,43,True,False
causal,outward,2.4,0.2,1.0,VisualCogB_Task-1,left,Q2_plus_memory,candidate_target_600ms,2.4,3.0,19.15082532041523,2.8741584649941547,0.4297475865806377,3,6,43,True,False
causal,outward,2.4,0.2,1.0,VisualCogB_Task-1,right,Q2_plus_memory,cue_stage,0.0,0.8,29.885868700595488,1.4898226265341037,-0.7680226976303317,3,6,45,True,False
causal,outward,2.4,0.2,1.0,VisualCogB_Task-1,right,Q2_plus_memory,late_stage,0.8,2.8,21.6380732731116,1.4823370422014992,-0.4900834079591897,3,6,45,True,False
causal,outward,2.4,0.2,1.0,VisualCogB_Task-1,right,Q2_plus_memory,candidate_target_600ms,2.4,3.0,24.569797441185294,1.5867310379279573,-0.7522517543913815,3,6,45,True,False
causal,outward,2.4,0.2,1.0,VisualCogB_Task-1,left,Q2_plus_memory_control,cue_stage,0.0,0.8,22.40433931673172,2.0982595801209096,0.3577817511031085,3,6,43,True,False
causal,outward,2.4,0.2,1.0,VisualCogB_Task-1,left,Q2_plus_memory_control,late_stage,0.8,2.8,20.004958047159835,2.3570297018967397,0.5230379170066829,3,6,43,True,False
causal,outward,2.4,0.2,1.0,VisualCogB_Task-1,left,Q2_plus_memory_control,candidate_target_600ms,2.4,3.0,20.89305888796536,3.135633115427789,0.43814816039198995,3,6,43,True,False
causal,outward,2.4,0.2,1.0,VisualCogB_Task-1,right,Q2_plus_memory_control,cue_stage,0.0,0.8,30.965448543863218,1.5436401177960644,-0.7059527869519178,3,6,45,True,False
causal,outward,2.4,0.2,1.0,VisualCogB_Task-1,right,Q2_plus_memory_control,late_stage,0.8,2.8,21.645532123094892,1.4828480179008094,-0.42665845084594145,3,6,45,True,False
causal,outward,2.4,0.2,1.0,VisualCogB_Task-1,right,Q2_plus_memory_control,candidate_target_600ms,2.4,3.0,24.477275730796027,1.5807559349622835,-0.8926458162794537,3,6,45,True,False
causal,outward,2.4,0.2,1.0,VisualCogB_Task-2,left,Training_mean_template,cue_stage,0.0,0.8,26.4278692037496,0.9248201873744891,0.789906236108502,3,6,44,True,False
causal,outward,2.4,0.2,1.0,VisualCogB_Task-2,left,Training_mean_template,late_stage,0.8,2.8,39.47626028962619,1.005723497199289,0.8762536900741064,3,6,44,True,False
causal,outward,2.4,0.2,1.0,VisualCogB_Task-2,left,Training_mean_template,candidate_target_600ms,2.4,3.0,36.669896545526655,1.358471848739961,0.7767214860203262,3,6,44,True,False
causal,outward,2.4,0.2,1.0,VisualCogB_Task-2,right,Training_mean_template,cue_stage,0.0,0.8,25.656803416207826,1.3503155298984768,-0.3645966707592247,3,6,47,True,False
causal,outward,2.4,0.2,1.0,VisualCogB_Task-2,right,Training_mean_template,late_stage,0.8,2.8,28.28070208588447,0.837867425273061,0.6846402253473619,3,6,47,True,False
causal,outward,2.4,0.2,1.0,VisualCogB_Task-2,right,Training_mean_template,candidate_target_600ms,2.4,3.0,30.12722908776242,1.7190625299245987,-0.6651841578004362,3,6,47,True,False
causal,outward,2.4,0.2,1.0,VisualCogB_Task-2,left,Q2_visual_only,cue_stage,0.0,0.8,29.084394003766427,1.0177829512044223,0.39334662261392284,3,6,44,True,False
causal,outward,2.4,0.2,1.0,VisualCogB_Task-2,left,Q2_visual_only,late_stage,0.8,2.8,45.8036914384077,1.1669253470338978,0.6236577741306918,3,6,44,True,False
causal,outward,2.4,0.2,1.0,VisualCogB_Task-2,left,Q2_visual_only,candidate_target_600ms,2.4,3.0,43.08035928473106,1.595953652316742,0.37761863989448247,3,6,44,True,False
causal,outward,2.4,0.2,1.0,VisualCogB_Task-2,right,Q2_visual_only,cue_stage,0.0,0.8,19.985245068658614,1.0518218636694596,0.1117158583697644,3,6,47,True,False
causal,outward,2.4,0.2,1.0,VisualCogB_Task-2,right,Q2_visual_only,late_stage,0.8,2.8,35.10978800893784,1.0401915621329145,0.4789857758428645,3,6,47,True,False
causal,outward,2.4,0.2,1.0,VisualCogB_Task-2,right,Q2_visual_only,candidate_target_600ms,2.4,3.0,32.330829248860944,1.8448001627100514,0.18790599944354225,3,6,47,True,False
causal,outward,2.4,0.2,1.0,VisualCogB_Task-2,left,Q2_plus_memory,cue_stage,0.0,0.8,28.930153124688292,1.0123854264327463,0.4121450395234784,3,6,44,True,False
causal,outward,2.4,0.2,1.0,VisualCogB_Task-2,left,Q2_plus_memory,late_stage,0.8,2.8,45.87887556047303,1.16884078779811,0.610522320605773,3,6,44,True,False
causal,outward,2.4,0.2,1.0,VisualCogB_Task-2,left,Q2_plus_memory,candidate_target_600ms,2.4,3.0,43.029429476387165,1.594066908218323,0.3582060511115994,3,6,44,True,False
causal,outward,2.4,0.2,1.0,VisualCogB_Task-2,right,Q2_plus_memory,cue_stage,0.0,0.8,20.11428816580542,1.0586133916426388,0.06378209700691125,3,6,47,True,False
causal,outward,2.4,0.2,1.0,VisualCogB_Task-2,right,Q2_plus_memory,late_stage,0.8,2.8,35.15480457349053,1.0415252600348215,0.46968847527817564,3,6,47,True,False
causal,outward,2.4,0.2,1.0,VisualCogB_Task-2,right,Q2_plus_memory,candidate_target_600ms,2.4,3.0,32.207204479804254,1.8377461217414361,0.16796676367527125,3,6,47,True,False
causal,outward,2.4,0.2,1.0,VisualCogB_Task-2,left,Q2_plus_memory_control,cue_stage,0.0,0.8,29.709919548709607,1.0396726710006667,0.2742128382257573,3,6,44,True,False
causal,outward,2.4,0.2,1.0,VisualCogB_Task-2,left,Q2_plus_memory_control,late_stage,0.8,2.8,45.679788789376104,1.1637687206315468,0.6413091304513917,3,6,44,True,False
causal,outward,2.4,0.2,1.0,VisualCogB_Task-2,left,Q2_plus_memory_control,candidate_target_600ms,2.4,3.0,42.093125978734165,1.5593806379186723,0.31846661056344544,3,6,44,True,False
causal,outward,2.4,0.2,1.0,VisualCogB_Task-2,right,Q2_plus_memory_control,cue_stage,0.0,0.8,20.578642631567686,1.083052330364849,0.07293524621131188,3,6,47,True,False
causal,outward,2.4,0.2,1.0,VisualCogB_Task-2,right,Q2_plus_memory_control,late_stage,0.8,2.8,34.89712558842376,1.033891049713267,0.5194386662392858,3,6,47,True,False
causal,outward,2.4,0.2,1.0,VisualCogB_Task-2,right,Q2_plus_memory_control,candidate_target_600ms,2.4,3.0,31.08484180730663,1.773704001915009,0.13841074131558811,3,6,47,True,False
zero_phase,dots,,0.2,,VisualCogA_Task-1,left,Training_mean_template,cue_stage,0.0,0.8,24.353480321004458,4.745078819267011,0.4317427489629862,3,6,45,True,False
zero_phase,dots,,0.2,,VisualCogA_Task-1,left,Training_mean_template,late_stage,0.8,2.8,14.058063376248118,4.256082261374945,0.08289001385021638,3,6,45,True,False
zero_phase,dots,,0.2,,VisualCogA_Task-1,right,Training_mean_template,cue_stage,0.0,0.8,27.26455504758991,4.201082889056167,0.3232764914667962,3,6,41,True,False
zero_phase,dots,,0.2,,VisualCogA_Task-1,right,Training_mean_template,late_stage,0.8,2.8,13.001877552623991,2.154178894080687,0.6323042254594922,3,6,41,True,False
zero_phase,dots,,0.2,,VisualCogA_Task-1,left,Q2_visual_only,cue_stage,0.0,0.8,17.284088629060154,3.367664981885614,-0.2070938200839026,3,6,45,True,False
zero_phase,dots,,0.2,,VisualCogA_Task-1,left,Q2_visual_only,late_stage,0.8,2.8,6.747443228485647,2.0427901529390144,-0.04259654180156324,3,6,45,True,False
zero_phase,dots,,0.2,,VisualCogA_Task-1,right,Q2_visual_only,cue_stage,0.0,0.8,19.895217681482183,3.0655720744326183,-0.361129383839663,3,6,41,True,False
zero_phase,dots,,0.2,,VisualCogA_Task-1,right,Q2_visual_only,late_stage,0.8,2.8,9.91025902714079,1.641952921394097,-0.011481618662305413,3,6,41,True,False
zero_phase,dots,,0.2,,VisualCogA_Task-1,left,Q2_plus_memory,cue_stage,0.0,0.8,17.915972669371772,3.490782480345557,-0.1633223988535464,3,6,45,True,False
zero_phase,dots,,0.2,,VisualCogA_Task-1,left,Q2_plus_memory,late_stage,0.8,2.8,6.58065939787308,1.992296305816826,0.020491645023195785,3,6,45,True,False
zero_phase,dots,,0.2,,VisualCogA_Task-1,right,Q2_plus_memory,cue_stage,0.0,0.8,19.75428898510034,3.0438569525862014,-0.27242262656018507,3,6,41,True,False
zero_phase,dots,,0.2,,VisualCogA_Task-1,right,Q2_plus_memory,late_stage,0.8,2.8,9.955588556838409,1.6494632148696349,-0.005355458748064275,3,6,41,True,False
zero_phase,dots,,0.2,,VisualCogA_Task-1,left,Q2_plus_memory_control,cue_stage,0.0,0.8,17.915972669371776,3.490782480345558,-0.16332239885354644,3,6,45,True,False
zero_phase,dots,,0.2,,VisualCogA_Task-1,left,Q2_plus_memory_control,late_stage,0.8,2.8,6.58065939787308,1.992296305816826,0.02049164502319597,3,6,45,True,False
zero_phase,dots,,0.2,,VisualCogA_Task-1,right,Q2_plus_memory_control,cue_stage,0.0,0.8,19.754288985100345,3.0438569525862023,-0.272422626560185,3,6,41,True,False
zero_phase,dots,,0.2,,VisualCogA_Task-1,right,Q2_plus_memory_control,late_stage,0.8,2.8,9.955588556838409,1.6494632148696349,-0.005355458748064324,3,6,41,True,False
zero_phase,dots,,0.2,,VisualCogA_Task-2,left,Training_mean_template,cue_stage,0.0,0.8,17.942668252010783,0.5616130895010134,0.9778792134801574,3,6,49,True,False
zero_phase,dots,,0.2,,VisualCogA_Task-2,left,Training_mean_template,late_stage,0.8,2.8,14.11515994647172,0.7172024522469914,0.8249400997850687,3,6,49,True,False
zero_phase,dots,,0.2,,VisualCogA_Task-2,right,Training_mean_template,cue_stage,0.0,0.8,29.522392068994023,0.8499804956070128,0.8347233626213681,3,6,41,True,False
zero_phase,dots,,0.2,,VisualCogA_Task-2,right,Training_mean_template,late_stage,0.8,2.8,22.033639211302557,1.0152767067432606,0.7652449528820708,3,6,41,True,False
zero_phase,dots,,0.2,,VisualCogA_Task-2,left,Q2_visual_only,cue_stage,0.0,0.8,28.953639072243966,0.9062611236674843,0.5683053925753796,3,6,49,True,False
zero_phase,dots,,0.2,,VisualCogA_Task-2,left,Q2_visual_only,late_stage,0.8,2.8,19.389059778448313,0.9851734782036675,0.2320762107509636,3,6,49,True,False
zero_phase,dots,,0.2,,VisualCogA_Task-2,right,Q2_visual_only,cue_stage,0.0,0.8,36.91642255723722,1.0628623543751892,0.3267695799159146,3,6,41,True,False
zero_phase,dots,,0.2,,VisualCogA_Task-2,right,Q2_visual_only,late_stage,0.8,2.8,25.994636952381608,1.1977934804552186,-0.05630662438645082,3,6,41,True,False
zero_phase,dots,,0.2,,VisualCogA_Task-2,left,Q2_plus_memory,cue_stage,0.0,0.8,28.12590703644865,0.8803527615792606,0.6169848250622609,3,6,49,True,False
zero_phase,dots,,0.2,,VisualCogA_Task-2,left,Q2_plus_memory,late_stage,0.8,2.8,19.30654726567401,0.9809809521021419,0.26433214600702376,3,6,49,True,False
zero_phase,dots,,0.2,,VisualCogA_Task-2,right,Q2_plus_memory,cue_stage,0.0,0.8,36.811566412031446,1.059843436461588,0.3925369706020567,3,6,41,True,False
zero_phase,dots,,0.2,,VisualCogA_Task-2,right,Q2_plus_memory,late_stage,0.8,2.8,25.893058435183626,1.1931128963071527,-0.06140408196215376,3,6,41,True,False
zero_phase,dots,,0.2,,VisualCogA_Task-2,left,Q2_plus_memory_control,cue_stage,0.0,0.8,28.12590703644865,0.8803527615792606,0.616984825062261,3,6,49,True,False
zero_phase,dots,,0.2,,VisualCogA_Task-2,left,Q2_plus_memory_control,late_stage,0.8,2.8,19.30654726567401,0.9809809521021419,0.26433214600702376,3,6,49,True,False
zero_phase,dots,,0.2,,VisualCogA_Task-2,right,Q2_plus_memory_control,cue_stage,0.0,0.8,36.81156641203144,1.0598434364615879,0.39253697060205683,3,6,41,True,False
zero_phase,dots,,0.2,,VisualCogA_Task-2,right,Q2_plus_memory_control,late_stage,0.8,2.8,25.893058435183626,1.1931128963071527,-0.06140408196215377,3,6,41,True,False
zero_phase,dots,,0.2,,VisualCogB_Task-1,left,Training_mean_template,cue_stage,0.0,0.8,20.152321295734094,1.8756942490310125,0.7767057748957286,3,6,43,True,False
zero_phase,dots,,0.2,,VisualCogB_Task-1,left,Training_mean_template,late_stage,0.8,2.8,16.527684592388866,3.996159706535847,0.18858882964125626,3,6,43,True,False
zero_phase,dots,,0.2,,VisualCogB_Task-1,right,Training_mean_template,cue_stage,0.0,0.8,20.384083337199673,1.9055213339803905,0.5878701690048956,3,6,45,True,False
zero_phase,dots,,0.2,,VisualCogB_Task-1,right,Training_mean_template,late_stage,0.8,2.8,16.056368692494058,2.851287073991265,0.2094399473240979,3,6,45,True,False
zero_phase,dots,,0.2,,VisualCogB_Task-1,left,Q2_visual_only,cue_stage,0.0,0.8,18.60160802517908,1.7313603075067758,0.2699958987675718,3,6,43,True,False
zero_phase,dots,,0.2,,VisualCogB_Task-1,left,Q2_visual_only,late_stage,0.8,2.8,10.58646261298159,2.5596565019293216,0.3516892787383622,3,6,43,True,False
zero_phase,dots,,0.2,,VisualCogB_Task-1,right,Q2_visual_only,cue_stage,0.0,0.8,17.38481407629552,1.625147109225597,-0.1178334348768382,3,6,45,True,False
zero_phase,dots,,0.2,,VisualCogB_Task-1,right,Q2_visual_only,late_stage,0.8,2.8,10.420745803014551,1.850514171574421,-0.13402648447735085,3,6,45,True,False
zero_phase,dots,,0.2,,VisualCogB_Task-1,left,Q2_plus_memory,cue_stage,0.0,0.8,18.095128899121907,1.6842193369923373,0.3135144137942156,3,6,43,True,False
zero_phase,dots,,0.2,,VisualCogB_Task-1,left,Q2_plus_memory,late_stage,0.8,2.8,10.740476335445004,2.5968948354975527,0.34303423197500355,3,6,43,True,False
zero_phase,dots,,0.2,,VisualCogB_Task-1,right,Q2_plus_memory,cue_stage,0.0,0.8,17.37116643638655,1.6238713163152743,-0.0388489300254561,3,6,45,True,False
zero_phase,dots,,0.2,,VisualCogB_Task-1,right,Q2_plus_memory,late_stage,0.8,2.8,10.578300339477284,1.8784926779147049,-0.1763905370633899,3,6,45,True,False
zero_phase,dots,,0.2,,VisualCogB_Task-1,left,Q2_plus_memory_control,cue_stage,0.0,0.8,18.095128899121903,1.6842193369923368,0.31351441379421524,3,6,43,True,False
zero_phase,dots,,0.2,,VisualCogB_Task-1,left,Q2_plus_memory_control,late_stage,0.8,2.8,10.740476335445006,2.596894835497553,0.34303423197500343,3,6,43,True,False
zero_phase,dots,,0.2,,VisualCogB_Task-1,right,Q2_plus_memory_control,cue_stage,0.0,0.8,17.371166436386545,1.6238713163152738,-0.03884893002545651,3,6,45,True,False
zero_phase,dots,,0.2,,VisualCogB_Task-1,right,Q2_plus_memory_control,late_stage,0.8,2.8,10.578300339477284,1.8784926779147049,-0.17639053706339025,3,6,45,True,False
zero_phase,dots,,0.2,,VisualCogB_Task-2,left,Training_mean_template,cue_stage,0.0,0.8,29.925330604980914,0.8918247222486201,0.8874754406814326,3,6,44,True,False
zero_phase,dots,,0.2,,VisualCogB_Task-2,left,Training_mean_template,late_stage,0.8,2.8,20.92505270211325,0.9852233485754245,0.7986104501142345,3,6,44,True,False
zero_phase,dots,,0.2,,VisualCogB_Task-2,right,Training_mean_template,cue_stage,0.0,0.8,22.623078630841086,0.6467140961557449,0.9207145457673893,3,6,47,True,False
zero_phase,dots,,0.2,,VisualCogB_Task-2,right,Training_mean_template,late_stage,0.8,2.8,12.53780346035479,0.6687291285477598,0.8141075721263659,3,6,47,True,False
zero_phase,dots,,0.2,,VisualCogB_Task-2,left,Q2_visual_only,cue_stage,0.0,0.8,35.14979683009467,1.047522522270046,0.6217630901422648,3,6,44,True,False
zero_phase,dots,,0.2,,VisualCogB_Task-2,left,Q2_visual_only,late_stage,0.8,2.8,23.69896555127675,1.1158286925530414,0.45301265292031745,3,6,44,True,False
zero_phase,dots,,0.2,,VisualCogB_Task-2,right,Q2_visual_only,cue_stage,0.0,0.8,33.59281278487766,0.9603001391634032,0.445582506468937,3,6,47,True,False
zero_phase,dots,,0.2,,VisualCogB_Task-2,right,Q2_visual_only,late_stage,0.8,2.8,18.754182302985107,1.0002922782892432,0.18371037598536238,3,6,47,True,False
zero_phase,dots,,0.2,,VisualCogB_Task-2,left,Q2_plus_memory,cue_stage,0.0,0.8,35.106799321207944,1.046241124850366,0.6193081007562833,3,6,44,True,False
zero_phase,dots,,0.2,,VisualCogB_Task-2,left,Q2_plus_memory,late_stage,0.8,2.8,23.65454463437832,1.1137372032212585,0.4909334811438688,3,6,44,True,False
zero_phase,dots,,0.2,,VisualCogB_Task-2,right,Q2_plus_memory,cue_stage,0.0,0.8,32.76114436719414,0.9365256698340944,0.5398149889590264,3,6,47,True,False
zero_phase,dots,,0.2,,VisualCogB_Task-2,right,Q2_plus_memory,late_stage,0.8,2.8,18.71471497362186,0.9981872083816914,0.20874849930098258,3,6,47,True,False
zero_phase,dots,,0.2,,VisualCogB_Task-2,left,Q2_plus_memory_control,cue_stage,0.0,0.8,35.10679932120795,1.0462411248503662,0.6193081007562834,3,6,44,True,False
zero_phase,dots,,0.2,,VisualCogB_Task-2,left,Q2_plus_memory_control,late_stage,0.8,2.8,23.654544634378315,1.1137372032212582,0.4909334811438687,3,6,44,True,False
zero_phase,dots,,0.2,,VisualCogB_Task-2,right,Q2_plus_memory_control,cue_stage,0.0,0.8,32.76114436719414,0.9365256698340944,0.5398149889590266,3,6,47,True,False
zero_phase,dots,,0.2,,VisualCogB_Task-2,right,Q2_plus_memory_control,late_stage,0.8,2.8,18.71471497362186,0.9981872083816914,0.2087484993009825,3,6,47,True,False
zero_phase,dots,2.0,0.2,-1.0,VisualCogA_Task-1,left,Training_mean_template,cue_stage,0.0,0.8,24.353480321004458,4.745078819267011,0.4317427489629862,3,6,45,True,False
zero_phase,dots,2.0,0.2,-1.0,VisualCogA_Task-1,left,Training_mean_template,late_stage,0.8,2.8,14.058063376248118,4.256082261374945,0.08289001385021638,3,6,45,True,False
zero_phase,dots,2.0,0.2,-1.0,VisualCogA_Task-1,left,Training_mean_template,candidate_target_600ms,2.0,2.6,11.977038553434035,6.659974378867618,-0.5140503187683216,3,6,45,True,False
zero_phase,dots,2.0,0.2,-1.0,VisualCogA_Task-1,right,Training_mean_template,cue_stage,0.0,0.8,27.26455504758991,4.201082889056167,0.3232764914667962,3,6,41,True,False
zero_phase,dots,2.0,0.2,-1.0,VisualCogA_Task-1,right,Training_mean_template,late_stage,0.8,2.8,13.001877552623991,2.154178894080687,0.6323042254594922,3,6,41,True,False
zero_phase,dots,2.0,0.2,-1.0,VisualCogA_Task-1,right,Training_mean_template,candidate_target_600ms,2.0,2.6,12.782799469602129,3.2880684016258552,-0.09158170010082405,3,6,41,True,False
zero_phase,dots,2.0,0.2,-1.0,VisualCogA_Task-1,left,Q2_visual_only,cue_stage,0.0,0.8,12.799220441675933,2.4938246616252377,-0.1786823223072093,3,6,45,True,False
zero_phase,dots,2.0,0.2,-1.0,VisualCogA_Task-1,left,Q2_visual_only,late_stage,0.8,2.8,7.226852683677177,2.1879314873865088,0.285466835215689,3,6,45,True,False
zero_phase,dots,2.0,0.2,-1.0,VisualCogA_Task-1,left,Q2_visual_only,candidate_target_600ms,2.0,2.6,8.466484057043331,4.707888903207437,-0.12898338885092364,3,6,45,True,False
zero_phase,dots,2.0,0.2,-1.0,VisualCogA_Task-1,right,Q2_visual_only,cue_stage,0.0,0.8,15.466819722074462,2.383218488954114,-0.3528909757177577,3,6,41,True,False
zero_phase,dots,2.0,0.2,-1.0,VisualCogA_Task-1,right,Q2_visual_only,late_stage,0.8,2.8,11.005212625351682,1.823367176505858,-0.13470525486819568,3,6,41,True,False
zero_phase,dots,2.0,0.2,-1.0,VisualCogA_Task-1,right,Q2_visual_only,candidate_target_600ms,2.0,2.6,9.244309309889308,2.3778767248117396,-0.03525084779664631,3,6,41,True,False
zero_phase,dots,2.0,0.2,-1.0,VisualCogA_Task-1,left,Q2_plus_memory,cue_stage,0.0,0.8,13.577977408752202,2.6455591628596724,-0.11101654294401653,3,6,45,True,False
zero_phase,dots,2.0,0.2,-1.0,VisualCogA_Task-1,left,Q2_plus_memory,late_stage,0.8,2.8,7.4965847574053806,2.2695929412862044,0.31386787493690643,3,6,45,True,False
zero_phase,dots,2.0,0.2,-1.0,VisualCogA_Task-1,left,Q2_plus_memory,candidate_target_600ms,2.0,2.6,9.77089345764945,5.433221225453323,-0.2500245708903388,3,6,45,True,False
zero_phase,dots,2.0,0.2,-1.0,VisualCogA_Task-1,right,Q2_plus_memory,cue_stage,0.0,0.8,15.552281374471292,2.39638692265597,-0.21358779839769554,3,6,41,True,False
zero_phase,dots,2.0,0.2,-1.0,VisualCogA_Task-1,right,Q2_plus_memory,late_stage,0.8,2.8,11.55202686090311,1.9139645291143685,-0.2020359093925654,3,6,41,True,False
zero_phase,dots,2.0,0.2,-1.0,VisualCogA_Task-1,right,Q2_plus_memory,candidate_target_600ms,2.0,2.6,10.614062319499064,2.7302128151681613,-0.11870533623135991,3,6,41,True,False
zero_phase,dots,2.0,0.2,-1.0,VisualCogA_Task-1,left,Q2_plus_memory_control,cue_stage,0.0,0.8,15.907175715459916,3.0993846286802187,-0.15121567065717123,3,6,45,True,False
zero_phase,dots,2.0,0.2,-1.0,VisualCogA_Task-1,left,Q2_plus_memory_control,late_stage,0.8,2.8,7.636482420068946,2.3119469942261137,0.10736050084289633,3,6,45,True,False
zero_phase,dots,2.0,0.2,-1.0,VisualCogA_Task-1,left,Q2_plus_memory_control,candidate_target_600ms,2.0,2.6,11.524495230611878,6.408332295402918,-0.4538925690933604,3,6,45,True,False
zero_phase,dots,2.0,0.2,-1.0,VisualCogA_Task-1,right,Q2_plus_memory_control,cue_stage,0.0,0.8,18.117736482737445,2.791687324190723,-0.28372698028359083,3,6,41,True,False
zero_phase,dots,2.0,0.2,-1.0,VisualCogA_Task-1,right,Q2_plus_memory_control,late_stage,0.8,2.8,11.165967840555627,1.8500014445416963,-0.12349816961339011,3,6,41,True,False
zero_phase,dots,2.0,0.2,-1.0,VisualCogA_Task-1,right,Q2_plus_memory_control,candidate_target_600ms,2.0,2.6,11.535368383640863,2.96719669064354,0.20753228560402198,3,6,41,True,False
zero_phase,dots,2.0,0.2,-1.0,VisualCogA_Task-2,left,Training_mean_template,cue_stage,0.0,0.8,17.942668252010783,0.5616130895010134,0.9778792134801574,3,6,49,True,False
zero_phase,dots,2.0,0.2,-1.0,VisualCogA_Task-2,left,Training_mean_template,late_stage,0.8,2.8,14.11515994647172,0.7172024522469914,0.8249400997850687,3,6,49,True,False
zero_phase,dots,2.0,0.2,-1.0,VisualCogA_Task-2,left,Training_mean_template,candidate_target_600ms,2.0,2.6,5.86483674693109,0.7854992766225345,0.6465826347870633,3,6,49,True,False
zero_phase,dots,2.0,0.2,-1.0,VisualCogA_Task-2,right,Training_mean_template,cue_stage,0.0,0.8,29.522392068994023,0.8499804956070128,0.8347233626213681,3,6,41,True,False
zero_phase,dots,2.0,0.2,-1.0,VisualCogA_Task-2,right,Training_mean_template,late_stage,0.8,2.8,22.033639211302557,1.0152767067432606,0.7652449528820708,3,6,41,True,False
zero_phase,dots,2.0,0.2,-1.0,VisualCogA_Task-2,right,Training_mean_template,candidate_target_600ms,2.0,2.6,21.948700386892437,2.1012217978063563,-0.6922461607410232,3,6,41,True,False
zero_phase,dots,2.0,0.2,-1.0,VisualCogA_Task-2,left,Q2_visual_only,cue_stage,0.0,0.8,30.173212460228992,0.944434285467025,0.5556205152373357,3,6,49,True,False
zero_phase,dots,2.0,0.2,-1.0,VisualCogA_Task-2,left,Q2_visual_only,late_stage,0.8,2.8,19.283672913056563,0.9798186881353849,0.23682766807391964,3,6,49,True,False
zero_phase,dots,2.0,0.2,-1.0,VisualCogA_Task-2,left,Q2_visual_only,candidate_target_600ms,2.0,2.6,7.82504826589885,1.0480376552026445,0.5778813897049487,3,6,49,True,False
zero_phase,dots,2.0,0.2,-1.0,VisualCogA_Task-2,right,Q2_visual_only,cue_stage,0.0,0.8,38.126033055910995,1.0976883037342857,0.259307346656718,3,6,41,True,False
zero_phase,dots,2.0,0.2,-1.0,VisualCogA_Task-2,right,Q2_visual_only,late_stage,0.8,2.8,25.98594224993717,1.1973928417418747,-0.10409132463747314,3,6,41,True,False
zero_phase,dots,2.0,0.2,-1.0,VisualCogA_Task-2,right,Q2_visual_only,candidate_target_600ms,2.0,2.6,22.490569537242614,2.153096726626951,-0.08076219584297743,3,6,41,True,False
zero_phase,dots,2.0,0.2,-1.0,VisualCogA_Task-2,left,Q2_plus_memory,cue_stage,0.0,0.8,29.195973497314327,0.9138462934563181,0.635581149292278,3,6,49,True,False
zero_phase,dots,2.0,0.2,-1.0,VisualCogA_Task-2,left,Q2_plus_memory,late_stage,0.8,2.8,19.104357936191104,0.9707075521921704,0.286755545836656,3,6,49,True,False
zero_phase,dots,2.0,0.2,-1.0,VisualCogA_Task-2,left,Q2_plus_memory,candidate_target_600ms,2.0,2.6,7.236460795518344,0.9692059584030869,0.6162390654730163,3,6,49,True,False
zero_phase,dots,2.0,0.2,-1.0,VisualCogA_Task-2,right,Q2_plus_memory,cue_stage,0.0,0.8,37.71944368859069,1.0859821712794426,0.39937696297372605,3,6,41,True,False
zero_phase,dots,2.0,0.2,-1.0,VisualCogA_Task-2,right,Q2_plus_memory,late_stage,0.8,2.8,25.829040086341053,1.19016302780106,-0.08362008371331044,3,6,41,True,False
zero_phase,dots,2.0,0.2,-1.0,VisualCogA_Task-2,right,Q2_plus_memory,candidate_target_600ms,2.0,2.6,21.80385310327789,2.087355087508298,-0.07308468796957049,3,6,41,True,False
zero_phase,dots,2.0,0.2,-1.0,VisualCogA_Task-2,left,Q2_plus_memory_control,cue_stage,0.0,0.8,28.74297973378326,0.8996673974589035,0.6256365358850455,3,6,49,True,False
zero_phase,dots,2.0,0.2,-1.0,VisualCogA_Task-2,left,Q2_plus_memory_control,late_stage,0.8,2.8,19.16734895981363,0.9739081759741856,0.27205331483175893,3,6,49,True,False
zero_phase,dots,2.0,0.2,-1.0,VisualCogA_Task-2,left,Q2_plus_memory_control,candidate_target_600ms,2.0,2.6,7.077792242099505,0.9479548922078583,0.551088815906034,3,6,49,True,False
zero_phase,dots,2.0,0.2,-1.0,VisualCogA_Task-2,right,Q2_plus_memory_control,cue_stage,0.0,0.8,37.145662577857024,1.069462413946379,0.38105121238931944,3,6,41,True,False
zero_phase,dots,2.0,0.2,-1.0,VisualCogA_Task-2,right,Q2_plus_memory_control,late_stage,0.8,2.8,25.81867554578445,1.189685445477854,-0.027638307127332014,3,6,41,True,False
zero_phase,dots,2.0,0.2,-1.0,VisualCogA_Task-2,right,Q2_plus_memory_control,candidate_target_600ms,2.0,2.6,21.188754993913854,2.028469707854702,-0.04832807958941836,3,6,41,True,False
zero_phase,dots,2.0,0.2,-1.0,VisualCogB_Task-1,left,Training_mean_template,cue_stage,0.0,0.8,20.152321295734094,1.8756942490310125,0.7767057748957286,3,6,43,True,False
zero_phase,dots,2.0,0.2,-1.0,VisualCogB_Task-1,left,Training_mean_template,late_stage,0.8,2.8,16.527684592388866,3.996159706535847,0.18858882964125626,3,6,43,True,False
zero_phase,dots,2.0,0.2,-1.0,VisualCogB_Task-1,left,Training_mean_template,candidate_target_600ms,2.0,2.6,14.39886479720722,4.070481079421422,0.33998256140416333,3,6,43,True,False
zero_phase,dots,2.0,0.2,-1.0,VisualCogB_Task-1,right,Training_mean_template,cue_stage,0.0,0.8,20.384083337199673,1.9055213339803905,0.5878701690048956,3,6,45,True,False
zero_phase,dots,2.0,0.2,-1.0,VisualCogB_Task-1,right,Training_mean_template,late_stage,0.8,2.8,16.056368692494058,2.851287073991265,0.2094399473240979,3,6,45,True,False
zero_phase,dots,2.0,0.2,-1.0,VisualCogB_Task-1,right,Training_mean_template,candidate_target_600ms,2.0,2.6,14.722899222563747,2.4440443391724793,-0.8085314751196195,3,6,45,True,False
zero_phase,dots,2.0,0.2,-1.0,VisualCogB_Task-1,left,Q2_visual_only,cue_stage,0.0,0.8,16.265297853842256,1.5139062738984104,0.2487406942337163,3,6,43,True,False
zero_phase,dots,2.0,0.2,-1.0,VisualCogB_Task-1,left,Q2_visual_only,late_stage,0.8,2.8,11.66846009476948,2.8212681460240536,0.2831648464432455,3,6,43,True,False
zero_phase,dots,2.0,0.2,-1.0,VisualCogB_Task-1,left,Q2_visual_only,candidate_target_600ms,2.0,2.6,11.521206416037783,3.2569826433599487,-0.10129326069514981,3,6,43,True,False
zero_phase,dots,2.0,0.2,-1.0,VisualCogB_Task-1,right,Q2_visual_only,cue_stage,0.0,0.8,14.874118001658424,1.3904451187450648,-0.2461132912463917,3,6,45,True,False
zero_phase,dots,2.0,0.2,-1.0,VisualCogB_Task-1,right,Q2_visual_only,late_stage,0.8,2.8,11.151447586965606,1.9802720633756947,-0.17179231056887778,3,6,45,True,False
zero_phase,dots,2.0,0.2,-1.0,VisualCogB_Task-1,right,Q2_visual_only,candidate_target_600ms,2.0,2.6,11.660598603121079,1.9356934783363928,-0.5012983420210535,3,6,45,True,False
zero_phase,dots,2.0,0.2,-1.0,VisualCogB_Task-1,left,Q2_plus_memory,cue_stage,0.0,0.8,15.41835483159237,1.4350763399777293,0.34198685987354327,3,6,43,True,False
zero_phase,dots,2.0,0.2,-1.0,VisualCogB_Task-1,left,Q2_plus_memory,late_stage,0.8,2.8,12.09097453565175,2.9234261449043557,0.23899686361423747,3,6,43,True,False
zero_phase,dots,2.0,0.2,-1.0,VisualCogB_Task-1,left,Q2_plus_memory,candidate_target_600ms,2.0,2.6,12.584279321637853,3.55750759509989,0.0063381503812571585,3,6,43,True,False
zero_phase,dots,2.0,0.2,-1.0,VisualCogB_Task-1,right,Q2_plus_memory,cue_stage,0.0,0.8,14.703192193304229,1.3744668297556173,-0.054557689634638376,3,6,45,True,False
zero_phase,dots,2.0,0.2,-1.0,VisualCogB_Task-1,right,Q2_plus_memory,late_stage,0.8,2.8,11.7209353915075,2.0814016056142854,-0.25033687853208847,3,6,45,True,False
zero_phase,dots,2.0,0.2,-1.0,VisualCogB_Task-1,right,Q2_plus_memory,candidate_target_600ms,2.0,2.6,12.661441262013371,2.1018362874319845,-0.5043040332107263,3,6,45,True,False
zero_phase,dots,2.0,0.2,-1.0,VisualCogB_Task-1,left,Q2_plus_memory_control,cue_stage,0.0,0.8,17.218862269620107,1.602660083670873,0.30986028933530685,3,6,43,True,False
zero_phase,dots,2.0,0.2,-1.0,VisualCogB_Task-1,left,Q2_plus_memory_control,late_stage,0.8,2.8,11.76271472102096,2.844057577748459,0.20699161904285412,3,6,43,True,False
zero_phase,dots,2.0,0.2,-1.0,VisualCogB_Task-1,left,Q2_plus_memory_control,candidate_target_600ms,2.0,2.6,14.173689320706291,4.006825191991705,0.08123948018056411,3,6,43,True,False
zero_phase,dots,2.0,0.2,-1.0,VisualCogB_Task-1,right,Q2_plus_memory_control,cue_stage,0.0,0.8,16.330929667973436,1.526629104251481,-0.08307674061977954,3,6,45,True,False
zero_phase,dots,2.0,0.2,-1.0,VisualCogB_Task-1,right,Q2_plus_memory_control,late_stage,0.8,2.8,11.658718805350759,2.070353195398126,-0.2594651028712748,3,6,45,True,False
zero_phase,dots,2.0,0.2,-1.0,VisualCogB_Task-1,right,Q2_plus_memory_control,candidate_target_600ms,2.0,2.6,14.424290227183016,2.394474372431977,-0.4929692290059982,3,6,45,True,False
zero_phase,dots,2.0,0.2,-1.0,VisualCogB_Task-2,left,Training_mean_template,cue_stage,0.0,0.8,29.925330604980914,0.8918247222486201,0.8874754406814326,3,6,44,True,False
zero_phase,dots,2.0,0.2,-1.0,VisualCogB_Task-2,left,Training_mean_template,late_stage,0.8,2.8,20.92505270211325,0.9852233485754245,0.7986104501142345,3,6,44,True,False
zero_phase,dots,2.0,0.2,-1.0,VisualCogB_Task-2,left,Training_mean_template,candidate_target_600ms,2.0,2.6,25.068517171983324,2.21857476779332,0.22446522450011935,3,6,44,True,False
zero_phase,dots,2.0,0.2,-1.0,VisualCogB_Task-2,right,Training_mean_template,cue_stage,0.0,0.8,22.623078630841086,0.6467140961557449,0.9207145457673893,3,6,47,True,False
zero_phase,dots,2.0,0.2,-1.0,VisualCogB_Task-2,right,Training_mean_template,late_stage,0.8,2.8,12.53780346035479,0.6687291285477598,0.8141075721263659,3,6,47,True,False
zero_phase,dots,2.0,0.2,-1.0,VisualCogB_Task-2,right,Training_mean_template,candidate_target_600ms,2.0,2.6,8.592311200822682,1.5846695408185807,-0.40212012024904187,3,6,47,True,False
zero_phase,dots,2.0,0.2,-1.0,VisualCogB_Task-2,left,Q2_visual_only,cue_stage,0.0,0.8,36.4431895294893,1.0860677801361034,0.6590805106192356,3,6,44,True,False
zero_phase,dots,2.0,0.2,-1.0,VisualCogB_Task-2,left,Q2_visual_only,late_stage,0.8,2.8,23.80246094907923,1.1207016113378436,0.18691954905311328,3,6,44,True,False
zero_phase,dots,2.0,0.2,-1.0,VisualCogB_Task-2,left,Q2_visual_only,candidate_target_600ms,2.0,2.6,23.619255866546435,2.090314506441487,0.33009420352439967,3,6,44,True,False
zero_phase,dots,2.0,0.2,-1.0,VisualCogB_Task-2,right,Q2_visual_only,cue_stage,0.0,0.8,34.41872698164124,0.9839101155940204,0.458425898204902,3,6,47,True,False
zero_phase,dots,2.0,0.2,-1.0,VisualCogB_Task-2,right,Q2_visual_only,late_stage,0.8,2.8,18.8990483960164,1.0080190046217514,0.07245310738225802,3,6,47,True,False
zero_phase,dots,2.0,0.2,-1.0,VisualCogB_Task-2,right,Q2_visual_only,candidate_target_600ms,2.0,2.6,10.90386834053478,2.0109872224701437,0.369870285065496,3,6,47,True,False
zero_phase,dots,2.0,0.2,-1.0,VisualCogB_Task-2,left,Q2_plus_memory,cue_stage,0.0,0.8,36.04056037112263,1.0740687602399026,0.6582499478130253,3,6,44,True,False
zero_phase,dots,2.0,0.2,-1.0,VisualCogB_Task-2,left,Q2_plus_memory,late_stage,0.8,2.8,23.70485226375442,1.116105859194479,0.18112948572441032,3,6,44,True,False
zero_phase,dots,2.0,0.2,-1.0,VisualCogB_Task-2,left,Q2_plus_memory,candidate_target_600ms,2.0,2.6,22.851341774386505,2.0223537723856664,0.3498446564036666,3,6,44,True,False
zero_phase,dots,2.0,0.2,-1.0,VisualCogB_Task-2,right,Q2_plus_memory,cue_stage,0.0,0.8,33.457884035843406,0.9564430017065164,0.580986150953523,3,6,47,True,False
zero_phase,dots,2.0,0.2,-1.0,VisualCogB_Task-2,right,Q2_plus_memory,late_stage,0.8,2.8,18.75400019882846,1.0002825653954046,0.12658714273432406,3,6,47,True,False
zero_phase,dots,2.0,0.2,-1.0,VisualCogB_Task-2,right,Q2_plus_memory,candidate_target_600ms,2.0,2.6,10.070558523491053,1.8573009028908596,0.42536599888955584,3,6,47,True,False
zero_phase,dots,2.0,0.2,-1.0,VisualCogB_Task-2,left,Q2_plus_memory_control,cue_stage,0.0,0.8,35.464889954027406,1.056912822462318,0.6482900467525886,3,6,44,True,False
zero_phase,dots,2.0,0.2,-1.0,VisualCogB_Task-2,left,Q2_plus_memory_control,late_stage,0.8,2.8,23.629703155314402,1.1125675810685531,0.2732768283296054,3,6,44,True,False
zero_phase,dots,2.0,0.2,-1.0,VisualCogB_Task-2,left,Q2_plus_memory_control,candidate_target_600ms,2.0,2.6,22.381129716289713,1.9807397989524234,0.3913425200626922,3,6,44,True,False
zero_phase,dots,2.0,0.2,-1.0,VisualCogB_Task-2,right,Q2_plus_memory_control,cue_stage,0.0,0.8,33.194514327051444,0.9489141898257143,0.5514967994238945,3,6,47,True,False
zero_phase,dots,2.0,0.2,-1.0,VisualCogB_Task-2,right,Q2_plus_memory_control,late_stage,0.8,2.8,18.685839675953908,0.9966470859266613,0.16610867735910606,3,6,47,True,False
zero_phase,dots,2.0,0.2,-1.0,VisualCogB_Task-2,right,Q2_plus_memory_control,candidate_target_600ms,2.0,2.6,9.602629844013427,1.771001383668062,0.4324892510457747,3,6,47,True,False
zero_phase,dots,2.0,0.2,1.0,VisualCogA_Task-1,left,Training_mean_template,cue_stage,0.0,0.8,24.353480321004458,4.745078819267011,0.4317427489629862,3,6,45,True,False
zero_phase,dots,2.0,0.2,1.0,VisualCogA_Task-1,left,Training_mean_template,late_stage,0.8,2.8,14.058063376248118,4.256082261374945,0.08289001385021638,3,6,45,True,False
zero_phase,dots,2.0,0.2,1.0,VisualCogA_Task-1,left,Training_mean_template,candidate_target_600ms,2.0,2.6,11.977038553434035,6.659974378867618,-0.5140503187683216,3,6,45,True,False
zero_phase,dots,2.0,0.2,1.0,VisualCogA_Task-1,right,Training_mean_template,cue_stage,0.0,0.8,27.26455504758991,4.201082889056167,0.3232764914667962,3,6,41,True,False
zero_phase,dots,2.0,0.2,1.0,VisualCogA_Task-1,right,Training_mean_template,late_stage,0.8,2.8,13.001877552623991,2.154178894080687,0.6323042254594922,3,6,41,True,False
zero_phase,dots,2.0,0.2,1.0,VisualCogA_Task-1,right,Training_mean_template,candidate_target_600ms,2.0,2.6,12.782799469602129,3.2880684016258552,-0.09158170010082405,3,6,41,True,False
zero_phase,dots,2.0,0.2,1.0,VisualCogA_Task-1,left,Q2_visual_only,cue_stage,0.0,0.8,12.799220441675933,2.4938246616252377,-0.1786823223072093,3,6,45,True,False
zero_phase,dots,2.0,0.2,1.0,VisualCogA_Task-1,left,Q2_visual_only,late_stage,0.8,2.8,7.226852683677177,2.1879314873865088,0.285466835215689,3,6,45,True,False
zero_phase,dots,2.0,0.2,1.0,VisualCogA_Task-1,left,Q2_visual_only,candidate_target_600ms,2.0,2.6,8.466484057043331,4.707888903207437,-0.12898338885092364,3,6,45,True,False
zero_phase,dots,2.0,0.2,1.0,VisualCogA_Task-1,right,Q2_visual_only,cue_stage,0.0,0.8,15.466819722074462,2.383218488954114,-0.3528909757177577,3,6,41,True,False
zero_phase,dots,2.0,0.2,1.0,VisualCogA_Task-1,right,Q2_visual_only,late_stage,0.8,2.8,11.005212625351682,1.823367176505858,-0.13470525486819568,3,6,41,True,False
zero_phase,dots,2.0,0.2,1.0,VisualCogA_Task-1,right,Q2_visual_only,candidate_target_600ms,2.0,2.6,9.244309309889308,2.3778767248117396,-0.03525084779664631,3,6,41,True,False
zero_phase,dots,2.0,0.2,1.0,VisualCogA_Task-1,left,Q2_plus_memory,cue_stage,0.0,0.8,13.00285117286512,2.5335004638835414,-0.17926282498805635,3,6,45,True,False
zero_phase,dots,2.0,0.2,1.0,VisualCogA_Task-1,left,Q2_plus_memory,late_stage,0.8,2.8,7.216113557707463,2.184680214268791,0.266458519946372,3,6,45,True,False
zero_phase,dots,2.0,0.2,1.0,VisualCogA_Task-1,left,Q2_plus_memory,candidate_target_600ms,2.0,2.6,8.674526151158503,4.82357317777594,-0.17757850354598997,3,6,45,True,False
zero_phase,dots,2.0,0.2,1.0,VisualCogA_Task-1,right,Q2_plus_memory,cue_stage,0.0,0.8,15.746916389960724,2.42637742980918,-0.3694785408066798,3,6,41,True,False
zero_phase,dots,2.0,0.2,1.0,VisualCogA_Task-1,right,Q2_plus_memory,late_stage,0.8,2.8,11.000592536409673,1.8226017102839704,-0.149026805230064,3,6,41,True,False
zero_phase,dots,2.0,0.2,1.0,VisualCogA_Task-1,right,Q2_plus_memory,candidate_target_600ms,2.0,2.6,9.434630025570993,2.4268321615997377,-0.05277270966982459,3,6,41,True,False
zero_phase,dots,2.0,0.2,1.0,VisualCogA_Task-1,left,Q2_plus_memory_control,cue_stage,0.0,0.8,16.167031210002197,3.150015371677525,-0.14229618085065904,3,6,45,True,False
zero_phase,dots,2.0,0.2,1.0,VisualCogA_Task-1,left,Q2_plus_memory_control,late_stage,0.8,2.8,7.579355840128183,2.294651907624805,0.07324917136884836,3,6,45,True,False
zero_phase,dots,2.0,0.2,1.0,VisualCogA_Task-1,left,Q2_plus_memory_control,candidate_target_600ms,2.0,2.6,11.466289960812858,6.375966564605015,-0.4448740995850528,3,6,45,True,False
zero_phase,dots,2.0,0.2,1.0,VisualCogA_Task-1,right,Q2_plus_memory_control,cue_stage,0.0,0.8,18.104143665291595,2.789592862986931,-0.25505159593797894,3,6,41,True,False
zero_phase,dots,2.0,0.2,1.0,VisualCogA_Task-1,right,Q2_plus_memory_control,late_stage,0.8,2.8,10.769185759516471,1.7842617403286336,-0.028083009158353107,3,6,41,True,False
zero_phase,dots,2.0,0.2,1.0,VisualCogA_Task-1,right,Q2_plus_memory_control,candidate_target_600ms,2.0,2.6,11.03737779880492,2.839100563484533,0.34472566435766516,3,6,41,True,False
zero_phase,dots,2.0,0.2,1.0,VisualCogA_Task-2,left,Training_mean_template,cue_stage,0.0,0.8,17.942668252010783,0.5616130895010134,0.9778792134801574,3,6,49,True,False
zero_phase,dots,2.0,0.2,1.0,VisualCogA_Task-2,left,Training_mean_template,late_stage,0.8,2.8,14.11515994647172,0.7172024522469914,0.8249400997850687,3,6,49,True,False
zero_phase,dots,2.0,0.2,1.0,VisualCogA_Task-2,left,Training_mean_template,candidate_target_600ms,2.0,2.6,5.86483674693109,0.7854992766225345,0.6465826347870633,3,6,49,True,False
zero_phase,dots,2.0,0.2,1.0,VisualCogA_Task-2,right,Training_mean_template,cue_stage,0.0,0.8,29.522392068994023,0.8499804956070128,0.8347233626213681,3,6,41,True,False
zero_phase,dots,2.0,0.2,1.0,VisualCogA_Task-2,right,Training_mean_template,late_stage,0.8,2.8,22.033639211302557,1.0152767067432606,0.7652449528820708,3,6,41,True,False
zero_phase,dots,2.0,0.2,1.0,VisualCogA_Task-2,right,Training_mean_template,candidate_target_600ms,2.0,2.6,21.948700386892437,2.1012217978063563,-0.6922461607410232,3,6,41,True,False
zero_phase,dots,2.0,0.2,1.0,VisualCogA_Task-2,left,Q2_visual_only,cue_stage,0.0,0.8,30.173212460228992,0.944434285467025,0.5556205152373357,3,6,49,True,False
zero_phase,dots,2.0,0.2,1.0,VisualCogA_Task-2,left,Q2_visual_only,late_stage,0.8,2.8,19.283672913056563,0.9798186881353849,0.23682766807391964,3,6,49,True,False
zero_phase,dots,2.0,0.2,1.0,VisualCogA_Task-2,left,Q2_visual_only,candidate_target_600ms,2.0,2.6,7.82504826589885,1.0480376552026445,0.5778813897049487,3,6,49,True,False
zero_phase,dots,2.0,0.2,1.0,VisualCogA_Task-2,right,Q2_visual_only,cue_stage,0.0,0.8,38.126033055910995,1.0976883037342857,0.259307346656718,3,6,41,True,False
zero_phase,dots,2.0,0.2,1.0,VisualCogA_Task-2,right,Q2_visual_only,late_stage,0.8,2.8,25.98594224993717,1.1973928417418747,-0.10409132463747314,3,6,41,True,False
zero_phase,dots,2.0,0.2,1.0,VisualCogA_Task-2,right,Q2_visual_only,candidate_target_600ms,2.0,2.6,22.490569537242614,2.153096726626951,-0.08076219584297743,3,6,41,True,False
zero_phase,dots,2.0,0.2,1.0,VisualCogA_Task-2,left,Q2_plus_memory,cue_stage,0.0,0.8,30.13324218824562,0.9431831990833562,0.5572395211599737,3,6,49,True,False
zero_phase,dots,2.0,0.2,1.0,VisualCogA_Task-2,left,Q2_plus_memory,late_stage,0.8,2.8,19.30578407373599,0.9809421737155306,0.22929430525093658,3,6,49,True,False
zero_phase,dots,2.0,0.2,1.0,VisualCogA_Task-2,left,Q2_plus_memory,candidate_target_600ms,2.0,2.6,7.722253260052928,1.0342699398822424,0.6113997680019033,3,6,49,True,False
zero_phase,dots,2.0,0.2,1.0,VisualCogA_Task-2,right,Q2_plus_memory,cue_stage,0.0,0.8,38.256233218946285,1.1014369023859878,0.2209565934482925,3,6,41,True,False
zero_phase,dots,2.0,0.2,1.0,VisualCogA_Task-2,right,Q2_plus_memory,late_stage,0.8,2.8,25.983083469178485,1.197261113456495,-0.10308984649825194,3,6,41,True,False
zero_phase,dots,2.0,0.2,1.0,VisualCogA_Task-2,right,Q2_plus_memory,candidate_target_600ms,2.0,2.6,22.62406602281071,2.165876787426074,-0.13930498969711871,3,6,41,True,False
zero_phase,dots,2.0,0.2,1.0,VisualCogA_Task-2,left,Q2_plus_memory_control,cue_stage,0.0,0.8,28.461543977316353,0.8908583394935297,0.6315493079885367,3,6,49,True,False
zero_phase,dots,2.0,0.2,1.0,VisualCogA_Task-2,left,Q2_plus_memory_control,late_stage,0.8,2.8,19.181375407688652,0.9746208708958463,0.2708592358153541,3,6,49,True,False
zero_phase,dots,2.0,0.2,1.0,VisualCogA_Task-2,left,Q2_plus_memory_control,candidate_target_600ms,2.0,2.6,7.7032418935133595,1.031723677248035,0.4457366647285498,3,6,49,True,False
zero_phase,dots,2.0,0.2,1.0,VisualCogA_Task-2,right,Q2_plus_memory_control,cue_stage,0.0,0.8,37.19928085600055,1.0710061401635338,0.3926172863115769,3,6,41,True,False
zero_phase,dots,2.0,0.2,1.0,VisualCogA_Task-2,right,Q2_plus_memory_control,late_stage,0.8,2.8,25.782949988115618,1.1880392659162875,-0.009679032282172812,3,6,41,True,False
zero_phase,dots,2.0,0.2,1.0,VisualCogA_Task-2,right,Q2_plus_memory_control,candidate_target_600ms,2.0,2.6,21.510748455024434,2.059295208559095,-0.01997741236593145,3,6,41,True,False
zero_phase,dots,2.0,0.2,1.0,VisualCogB_Task-1,left,Training_mean_template,cue_stage,0.0,0.8,20.152321295734094,1.8756942490310125,0.7767057748957286,3,6,43,True,False
zero_phase,dots,2.0,0.2,1.0,VisualCogB_Task-1,left,Training_mean_template,late_stage,0.8,2.8,16.527684592388866,3.996159706535847,0.18858882964125626,3,6,43,True,False
zero_phase,dots,2.0,0.2,1.0,VisualCogB_Task-1,left,Training_mean_template,candidate_target_600ms,2.0,2.6,14.39886479720722,4.070481079421422,0.33998256140416333,3,6,43,True,False
zero_phase,dots,2.0,0.2,1.0,VisualCogB_Task-1,right,Training_mean_template,cue_stage,0.0,0.8,20.384083337199673,1.9055213339803905,0.5878701690048956,3,6,45,True,False
zero_phase,dots,2.0,0.2,1.0,VisualCogB_Task-1,right,Training_mean_template,late_stage,0.8,2.8,16.056368692494058,2.851287073991265,0.2094399473240979,3,6,45,True,False
zero_phase,dots,2.0,0.2,1.0,VisualCogB_Task-1,right,Training_mean_template,candidate_target_600ms,2.0,2.6,14.722899222563747,2.4440443391724793,-0.8085314751196195,3,6,45,True,False
zero_phase,dots,2.0,0.2,1.0,VisualCogB_Task-1,left,Q2_visual_only,cue_stage,0.0,0.8,16.265297853842256,1.5139062738984104,0.2487406942337163,3,6,43,True,False
zero_phase,dots,2.0,0.2,1.0,VisualCogB_Task-1,left,Q2_visual_only,late_stage,0.8,2.8,11.66846009476948,2.8212681460240536,0.2831648464432455,3,6,43,True,False
zero_phase,dots,2.0,0.2,1.0,VisualCogB_Task-1,left,Q2_visual_only,candidate_target_600ms,2.0,2.6,11.521206416037783,3.2569826433599487,-0.10129326069514981,3,6,43,True,False
zero_phase,dots,2.0,0.2,1.0,VisualCogB_Task-1,right,Q2_visual_only,cue_stage,0.0,0.8,14.874118001658424,1.3904451187450648,-0.2461132912463917,3,6,45,True,False
zero_phase,dots,2.0,0.2,1.0,VisualCogB_Task-1,right,Q2_visual_only,late_stage,0.8,2.8,11.151447586965606,1.9802720633756947,-0.17179231056887778,3,6,45,True,False
zero_phase,dots,2.0,0.2,1.0,VisualCogB_Task-1,right,Q2_visual_only,candidate_target_600ms,2.0,2.6,11.660598603121079,1.9356934783363928,-0.5012983420210535,3,6,45,True,False
zero_phase,dots,2.0,0.2,1.0,VisualCogB_Task-1,left,Q2_plus_memory,cue_stage,0.0,0.8,16.651616850601833,1.549863239345699,0.2019269883475383,3,6,43,True,False
zero_phase,dots,2.0,0.2,1.0,VisualCogB_Task-1,left,Q2_plus_memory,late_stage,0.8,2.8,11.660095560087312,2.8192457201800734,0.269248596786515,3,6,43,True,False
zero_phase,dots,2.0,0.2,1.0,VisualCogB_Task-1,left,Q2_plus_memory,candidate_target_600ms,2.0,2.6,11.80883004243409,3.338292284483034,-0.14396399208899885,3,6,43,True,False
zero_phase,dots,2.0,0.2,1.0,VisualCogB_Task-1,right,Q2_plus_memory,cue_stage,0.0,0.8,15.312138460928198,1.431391641384876,-0.2958848081969608,3,6,45,True,False
zero_phase,dots,2.0,0.2,1.0,VisualCogB_Task-1,right,Q2_plus_memory,late_stage,0.8,2.8,11.203823251578486,1.9895729245082756,-0.20698788407193294,3,6,45,True,False
zero_phase,dots,2.0,0.2,1.0,VisualCogB_Task-1,right,Q2_plus_memory,candidate_target_600ms,2.0,2.6,12.067503668321905,2.0032409094605947,-0.5765022339907212,3,6,45,True,False
zero_phase,dots,2.0,0.2,1.0,VisualCogB_Task-1,left,Q2_plus_memory_control,cue_stage,0.0,0.8,17.044140722857637,1.5863977287969688,0.31932024966760075,3,6,43,True,False
zero_phase,dots,2.0,0.2,1.0,VisualCogB_Task-1,left,Q2_plus_memory_control,late_stage,0.8,2.8,11.602993246725493,2.8054391907457226,0.23326188390724295,3,6,43,True,False
zero_phase,dots,2.0,0.2,1.0,VisualCogB_Task-1,left,Q2_plus_memory_control,candidate_target_600ms,2.0,2.6,13.798210092264904,3.900679248084873,0.08611111842762142,3,6,43,True,False
zero_phase,dots,2.0,0.2,1.0,VisualCogB_Task-1,right,Q2_plus_memory_control,cue_stage,0.0,0.8,16.31676594592852,1.5253050675470243,-0.04790017256824375,3,6,45,True,False
zero_phase,dots,2.0,0.2,1.0,VisualCogB_Task-1,right,Q2_plus_memory_control,late_stage,0.8,2.8,11.459204652053483,2.0349235078224557,-0.2276173873785645,3,6,45,True,False
zero_phase,dots,2.0,0.2,1.0,VisualCogB_Task-1,right,Q2_plus_memory_control,candidate_target_600ms,2.0,2.6,14.14306446172467,2.3477900727089613,-0.4465640258397629,3,6,45,True,False
zero_phase,dots,2.0,0.2,1.0,VisualCogB_Task-2,left,Training_mean_template,cue_stage,0.0,0.8,29.925330604980914,0.8918247222486201,0.8874754406814326,3,6,44,True,False
zero_phase,dots,2.0,0.2,1.0,VisualCogB_Task-2,left,Training_mean_template,late_stage,0.8,2.8,20.92505270211325,0.9852233485754245,0.7986104501142345,3,6,44,True,False
zero_phase,dots,2.0,0.2,1.0,VisualCogB_Task-2,left,Training_mean_template,candidate_target_600ms,2.0,2.6,25.068517171983324,2.21857476779332,0.22446522450011935,3,6,44,True,False
zero_phase,dots,2.0,0.2,1.0,VisualCogB_Task-2,right,Training_mean_template,cue_stage,0.0,0.8,22.623078630841086,0.6467140961557449,0.9207145457673893,3,6,47,True,False
zero_phase,dots,2.0,0.2,1.0,VisualCogB_Task-2,right,Training_mean_template,late_stage,0.8,2.8,12.53780346035479,0.6687291285477598,0.8141075721263659,3,6,47,True,False
zero_phase,dots,2.0,0.2,1.0,VisualCogB_Task-2,right,Training_mean_template,candidate_target_600ms,2.0,2.6,8.592311200822682,1.5846695408185807,-0.40212012024904187,3,6,47,True,False
zero_phase,dots,2.0,0.2,1.0,VisualCogB_Task-2,left,Q2_visual_only,cue_stage,0.0,0.8,36.4431895294893,1.0860677801361034,0.6590805106192356,3,6,44,True,False
zero_phase,dots,2.0,0.2,1.0,VisualCogB_Task-2,left,Q2_visual_only,late_stage,0.8,2.8,23.80246094907923,1.1207016113378436,0.18691954905311328,3,6,44,True,False
zero_phase,dots,2.0,0.2,1.0,VisualCogB_Task-2,left,Q2_visual_only,candidate_target_600ms,2.0,2.6,23.619255866546435,2.090314506441487,0.33009420352439967,3,6,44,True,False
zero_phase,dots,2.0,0.2,1.0,VisualCogB_Task-2,right,Q2_visual_only,cue_stage,0.0,0.8,34.41872698164124,0.9839101155940204,0.458425898204902,3,6,47,True,False
zero_phase,dots,2.0,0.2,1.0,VisualCogB_Task-2,right,Q2_visual_only,late_stage,0.8,2.8,18.8990483960164,1.0080190046217514,0.07245310738225802,3,6,47,True,False
zero_phase,dots,2.0,0.2,1.0,VisualCogB_Task-2,right,Q2_visual_only,candidate_target_600ms,2.0,2.6,10.90386834053478,2.0109872224701437,0.369870285065496,3,6,47,True,False
zero_phase,dots,2.0,0.2,1.0,VisualCogB_Task-2,left,Q2_plus_memory,cue_stage,0.0,0.8,36.562443831295504,1.0896217570658542,0.6419075336913151,3,6,44,True,False
zero_phase,dots,2.0,0.2,1.0,VisualCogB_Task-2,left,Q2_plus_memory,late_stage,0.8,2.8,23.812286600782038,1.1211642367663377,0.1743765878651299,3,6,44,True,False
zero_phase,dots,2.0,0.2,1.0,VisualCogB_Task-2,left,Q2_plus_memory,candidate_target_600ms,2.0,2.6,23.840606101794332,2.1099040993718154,0.2441387315404858,3,6,44,True,False
zero_phase,dots,2.0,0.2,1.0,VisualCogB_Task-2,right,Q2_plus_memory,cue_stage,0.0,0.8,34.40550509092567,0.9835321483313362,0.4758037744374175,3,6,47,True,False
zero_phase,dots,2.0,0.2,1.0,VisualCogB_Task-2,right,Q2_plus_memory,late_stage,0.8,2.8,18.931952392594006,1.0097740058886526,0.0571165756658782,3,6,47,True,False
zero_phase,dots,2.0,0.2,1.0,VisualCogB_Task-2,right,Q2_plus_memory,candidate_target_600ms,2.0,2.6,11.13514605319046,2.0536414907048135,0.2843471861963885,3,6,47,True,False
zero_phase,dots,2.0,0.2,1.0,VisualCogB_Task-2,left,Q2_plus_memory_control,cue_stage,0.0,0.8,35.52571326573322,1.0587254585125028,0.6324611539435951,3,6,44,True,False
zero_phase,dots,2.0,0.2,1.0,VisualCogB_Task-2,left,Q2_plus_memory_control,late_stage,0.8,2.8,23.520829051233434,1.1074414143189246,0.3472726276515966,3,6,44,True,False
zero_phase,dots,2.0,0.2,1.0,VisualCogB_Task-2,left,Q2_plus_memory_control,candidate_target_600ms,2.0,2.6,22.534156703322903,1.9942827544409394,0.433112652187204,3,6,44,True,False
zero_phase,dots,2.0,0.2,1.0,VisualCogB_Task-2,right,Q2_plus_memory_control,cue_stage,0.0,0.8,33.02849734286399,0.9441683492782248,0.5614035264422456,3,6,47,True,False
zero_phase,dots,2.0,0.2,1.0,VisualCogB_Task-2,right,Q2_plus_memory_control,late_stage,0.8,2.8,18.615231537532967,0.9928810579279038,0.2029744551163378,3,6,47,True,False
zero_phase,dots,2.0,0.2,1.0,VisualCogB_Task-2,right,Q2_plus_memory_control,candidate_target_600ms,2.0,2.6,9.973233644003644,1.8393513933255203,0.375922073420883,3,6,47,True,False
zero_phase,inward,2.0,0.2,-1.0,VisualCogA_Task-1,left,Training_mean_template,cue_stage,0.0,0.8,24.353480321004458,4.745078819267011,0.4317427489629862,3,6,45,True,False
zero_phase,inward,2.0,0.2,-1.0,VisualCogA_Task-1,left,Training_mean_template,late_stage,0.8,2.8,14.058063376248118,4.256082261374945,0.08289001385021638,3,6,45,True,False
zero_phase,inward,2.0,0.2,-1.0,VisualCogA_Task-1,left,Training_mean_template,candidate_target_600ms,2.0,2.6,11.977038553434035,6.659974378867618,-0.5140503187683216,3,6,45,True,False
zero_phase,inward,2.0,0.2,-1.0,VisualCogA_Task-1,right,Training_mean_template,cue_stage,0.0,0.8,27.26455504758991,4.201082889056167,0.3232764914667962,3,6,41,True,False
zero_phase,inward,2.0,0.2,-1.0,VisualCogA_Task-1,right,Training_mean_template,late_stage,0.8,2.8,13.001877552623991,2.154178894080687,0.6323042254594922,3,6,41,True,False
zero_phase,inward,2.0,0.2,-1.0,VisualCogA_Task-1,right,Training_mean_template,candidate_target_600ms,2.0,2.6,12.782799469602129,3.2880684016258552,-0.09158170010082405,3,6,41,True,False
zero_phase,inward,2.0,0.2,-1.0,VisualCogA_Task-1,left,Q2_visual_only,cue_stage,0.0,0.8,12.887479207101189,2.5110211687738624,-0.17565063878749906,3,6,45,True,False
zero_phase,inward,2.0,0.2,-1.0,VisualCogA_Task-1,left,Q2_visual_only,late_stage,0.8,2.8,7.276570903345488,2.2029836910317817,0.28553079822099864,3,6,45,True,False
zero_phase,inward,2.0,0.2,-1.0,VisualCogA_Task-1,left,Q2_visual_only,candidate_target_600ms,2.0,2.6,9.014762817141753,5.012765812340024,-0.08585411903108094,3,6,45,True,False
zero_phase,inward,2.0,0.2,-1.0,VisualCogA_Task-1,right,Q2_visual_only,cue_stage,0.0,0.8,15.556853270432208,2.3970913872569297,-0.3501149971218512,3,6,41,True,False
zero_phase,inward,2.0,0.2,-1.0,VisualCogA_Task-1,right,Q2_visual_only,late_stage,0.8,2.8,11.099893843643615,1.8390541633494748,-0.15070436995397052,3,6,41,True,False
zero_phase,inward,2.0,0.2,-1.0,VisualCogA_Task-1,right,Q2_visual_only,candidate_target_600ms,2.0,2.6,10.120597717573453,2.60328088849819,-0.16826751285141361,3,6,41,True,False
zero_phase,inward,2.0,0.2,-1.0,VisualCogA_Task-1,left,Q2_plus_memory,cue_stage,0.0,0.8,13.516576808185329,2.6335957520699274,-0.10975395363263848,3,6,45,True,False
zero_phase,inward,2.0,0.2,-1.0,VisualCogA_Task-1,left,Q2_plus_memory,late_stage,0.8,2.8,7.580375367855238,2.2949605699033824,0.30764872271217003,3,6,45,True,False
zero_phase,inward,2.0,0.2,-1.0,VisualCogA_Task-1,left,Q2_plus_memory,candidate_target_600ms,2.0,2.6,10.319987796287347,5.738551646708513,-0.19966997901535094,3,6,45,True,False
zero_phase,inward,2.0,0.2,-1.0,VisualCogA_Task-1,right,Q2_plus_memory,cue_stage,0.0,0.8,15.52831557236703,2.39269413100883,-0.2156300230644868,3,6,41,True,False
zero_phase,inward,2.0,0.2,-1.0,VisualCogA_Task-1,right,Q2_plus_memory,late_stage,0.8,2.8,11.642217400047567,1.9289074906277643,-0.2127786051747063,3,6,41,True,False
zero_phase,inward,2.0,0.2,-1.0,VisualCogA_Task-1,right,Q2_plus_memory,candidate_target_600ms,2.0,2.6,11.476325503789651,2.9520093267142675,-0.25927275585210374,3,6,41,True,False
zero_phase,inward,2.0,0.2,-1.0,VisualCogA_Task-1,left,Q2_plus_memory_control,cue_stage,0.0,0.8,16.135607150520425,3.1438926476521734,-0.15251588835108068,3,6,45,True,False
zero_phase,inward,2.0,0.2,-1.0,VisualCogA_Task-1,left,Q2_plus_memory_control,late_stage,0.8,2.8,7.623448824720589,2.3080010699206506,0.11142712746361154,3,6,45,True,False
zero_phase,inward,2.0,0.2,-1.0,VisualCogA_Task-1,left,Q2_plus_memory_control,candidate_target_600ms,2.0,2.6,11.657902285107822,6.482514870748176,-0.4343062766931151,3,6,45,True,False
zero_phase,inward,2.0,0.2,-1.0,VisualCogA_Task-1,right,Q2_plus_memory_control,cue_stage,0.0,0.8,18.36061437246122,2.8291113769532794,-0.28669891627976957,3,6,41,True,False
zero_phase,inward,2.0,0.2,-1.0,VisualCogA_Task-1,right,Q2_plus_memory_control,late_stage,0.8,2.8,11.186823341520906,1.8534568285678148,-0.12789965778105405,3,6,41,True,False
zero_phase,inward,2.0,0.2,-1.0,VisualCogA_Task-1,right,Q2_plus_memory_control,candidate_target_600ms,2.0,2.6,11.895407151551584,3.0598080234695564,0.13715890112064996,3,6,41,True,False
zero_phase,inward,2.0,0.2,-1.0,VisualCogA_Task-2,left,Training_mean_template,cue_stage,0.0,0.8,17.942668252010783,0.5616130895010134,0.9778792134801574,3,6,49,True,False
zero_phase,inward,2.0,0.2,-1.0,VisualCogA_Task-2,left,Training_mean_template,late_stage,0.8,2.8,14.11515994647172,0.7172024522469914,0.8249400997850687,3,6,49,True,False
zero_phase,inward,2.0,0.2,-1.0,VisualCogA_Task-2,left,Training_mean_template,candidate_target_600ms,2.0,2.6,5.86483674693109,0.7854992766225345,0.6465826347870633,3,6,49,True,False
zero_phase,inward,2.0,0.2,-1.0,VisualCogA_Task-2,right,Training_mean_template,cue_stage,0.0,0.8,29.522392068994023,0.8499804956070128,0.8347233626213681,3,6,41,True,False
zero_phase,inward,2.0,0.2,-1.0,VisualCogA_Task-2,right,Training_mean_template,late_stage,0.8,2.8,22.033639211302557,1.0152767067432606,0.7652449528820708,3,6,41,True,False
zero_phase,inward,2.0,0.2,-1.0,VisualCogA_Task-2,right,Training_mean_template,candidate_target_600ms,2.0,2.6,21.948700386892437,2.1012217978063563,-0.6922461607410232,3,6,41,True,False
zero_phase,inward,2.0,0.2,-1.0,VisualCogA_Task-2,left,Q2_visual_only,cue_stage,0.0,0.8,30.130236732865495,0.9430891270614203,0.5596884710184865,3,6,49,True,False
zero_phase,inward,2.0,0.2,-1.0,VisualCogA_Task-2,left,Q2_visual_only,late_stage,0.8,2.8,19.257685755826696,0.9784982601017764,0.2441771633037905,3,6,49,True,False
zero_phase,inward,2.0,0.2,-1.0,VisualCogA_Task-2,left,Q2_visual_only,candidate_target_600ms,2.0,2.6,7.660760332346325,1.026033964642827,0.5766606550897087,3,6,49,True,False
zero_phase,inward,2.0,0.2,-1.0,VisualCogA_Task-2,right,Q2_visual_only,cue_stage,0.0,0.8,38.09133416622849,1.0966892864669715,0.26335006571111286,3,6,41,True,False
zero_phase,inward,2.0,0.2,-1.0,VisualCogA_Task-2,right,Q2_visual_only,late_stage,0.8,2.8,25.969607356259043,1.1966401545938514,-0.10029054163738642,3,6,41,True,False
zero_phase,inward,2.0,0.2,-1.0,VisualCogA_Task-2,right,Q2_visual_only,candidate_target_600ms,2.0,2.6,22.35696013720051,2.1403058561511776,-0.1101428187494947,3,6,41,True,False
zero_phase,inward,2.0,0.2,-1.0,VisualCogA_Task-2,left,Q2_plus_memory,cue_stage,0.0,0.8,29.21588198844003,0.914469437631497,0.6368772342966056,3,6,49,True,False
zero_phase,inward,2.0,0.2,-1.0,VisualCogA_Task-2,left,Q2_plus_memory,late_stage,0.8,2.8,19.081925873153214,0.9695677613091238,0.29173532092419985,3,6,49,True,False
zero_phase,inward,2.0,0.2,-1.0,VisualCogA_Task-2,left,Q2_plus_memory,candidate_target_600ms,2.0,2.6,7.043899522605592,0.9434155149337731,0.6218822898538601,3,6,49,True,False
zero_phase,inward,2.0,0.2,-1.0,VisualCogA_Task-2,right,Q2_plus_memory,cue_stage,0.0,0.8,37.71970470923845,1.0859896863364553,0.39794966994158,3,6,41,True,False
zero_phase,inward,2.0,0.2,-1.0,VisualCogA_Task-2,right,Q2_plus_memory,late_stage,0.8,2.8,25.81523744389187,1.1895270229524841,-0.07893704215393484,3,6,41,True,False
zero_phase,inward,2.0,0.2,-1.0,VisualCogA_Task-2,right,Q2_plus_memory,candidate_target_600ms,2.0,2.6,21.6632470326147,2.0738944025759984,-0.10916530586074868,3,6,41,True,False
zero_phase,inward,2.0,0.2,-1.0,VisualCogA_Task-2,left,Q2_plus_memory_control,cue_stage,0.0,0.8,28.68479836013712,0.8978462959066769,0.6245862955196718,3,6,49,True,False
zero_phase,inward,2.0,0.2,-1.0,VisualCogA_Task-2,left,Q2_plus_memory_control,late_stage,0.8,2.8,19.141978034982984,0.9726190591966698,0.2800452341819839,3,6,49,True,False
zero_phase,inward,2.0,0.2,-1.0,VisualCogA_Task-2,left,Q2_plus_memory_control,candidate_target_600ms,2.0,2.6,6.892397767558674,0.9231243245509085,0.5775602094768304,3,6,49,True,False
zero_phase,inward,2.0,0.2,-1.0,VisualCogA_Task-2,right,Q2_plus_memory_control,cue_stage,0.0,0.8,37.07683197961799,1.0674807091486305,0.38093975094929916,3,6,41,True,False
zero_phase,inward,2.0,0.2,-1.0,VisualCogA_Task-2,right,Q2_plus_memory_control,late_stage,0.8,2.8,25.800099218514873,1.188829476466436,-0.02185930610978859,3,6,41,True,False
zero_phase,inward,2.0,0.2,-1.0,VisualCogA_Task-2,right,Q2_plus_memory_control,candidate_target_600ms,2.0,2.6,21.063381266340894,2.016467265586828,-0.07055073874674433,3,6,41,True,False
zero_phase,inward,2.0,0.2,-1.0,VisualCogB_Task-1,left,Training_mean_template,cue_stage,0.0,0.8,20.152321295734094,1.8756942490310125,0.7767057748957286,3,6,43,True,False
zero_phase,inward,2.0,0.2,-1.0,VisualCogB_Task-1,left,Training_mean_template,late_stage,0.8,2.8,16.527684592388866,3.996159706535847,0.18858882964125626,3,6,43,True,False
zero_phase,inward,2.0,0.2,-1.0,VisualCogB_Task-1,left,Training_mean_template,candidate_target_600ms,2.0,2.6,14.39886479720722,4.070481079421422,0.33998256140416333,3,6,43,True,False
zero_phase,inward,2.0,0.2,-1.0,VisualCogB_Task-1,right,Training_mean_template,cue_stage,0.0,0.8,20.384083337199673,1.9055213339803905,0.5878701690048956,3,6,45,True,False
zero_phase,inward,2.0,0.2,-1.0,VisualCogB_Task-1,right,Training_mean_template,late_stage,0.8,2.8,16.056368692494058,2.851287073991265,0.2094399473240979,3,6,45,True,False
zero_phase,inward,2.0,0.2,-1.0,VisualCogB_Task-1,right,Training_mean_template,candidate_target_600ms,2.0,2.6,14.722899222563747,2.4440443391724793,-0.8085314751196195,3,6,45,True,False
zero_phase,inward,2.0,0.2,-1.0,VisualCogB_Task-1,left,Q2_visual_only,cue_stage,0.0,0.8,16.301461829118054,1.5172722663045197,0.2522870646813745,3,6,43,True,False
zero_phase,inward,2.0,0.2,-1.0,VisualCogB_Task-1,left,Q2_visual_only,late_stage,0.8,2.8,11.713991052820672,2.8322768858718566,0.2779253456123222,3,6,43,True,False
zero_phase,inward,2.0,0.2,-1.0,VisualCogB_Task-1,left,Q2_visual_only,candidate_target_600ms,2.0,2.6,12.065150916407056,3.4107528070632647,-0.13868885552408053,3,6,43,True,False
zero_phase,inward,2.0,0.2,-1.0,VisualCogB_Task-1,right,Q2_visual_only,cue_stage,0.0,0.8,14.908282905922,1.393638882863407,-0.23893628507535006,3,6,45,True,False
zero_phase,inward,2.0,0.2,-1.0,VisualCogB_Task-1,right,Q2_visual_only,late_stage,0.8,2.8,11.193236898472922,1.9876930018216028,-0.1715332779600651,3,6,45,True,False
zero_phase,inward,2.0,0.2,-1.0,VisualCogB_Task-1,right,Q2_visual_only,candidate_target_600ms,2.0,2.6,12.087317051709979,2.0065299890622033,-0.49539245867387016,3,6,45,True,False
zero_phase,inward,2.0,0.2,-1.0,VisualCogB_Task-1,left,Q2_plus_memory,cue_stage,0.0,0.8,15.441310625904231,1.4372129698349463,0.34049787638021717,3,6,43,True,False
zero_phase,inward,2.0,0.2,-1.0,VisualCogB_Task-1,left,Q2_plus_memory,late_stage,0.8,2.8,12.149415455694136,2.9375563304473333,0.23307072929537548,3,6,43,True,False
zero_phase,inward,2.0,0.2,-1.0,VisualCogB_Task-1,left,Q2_plus_memory,candidate_target_600ms,2.0,2.6,13.151079754505945,3.7177390071098793,-0.038312635613084595,3,6,43,True,False
zero_phase,inward,2.0,0.2,-1.0,VisualCogB_Task-1,right,Q2_plus_memory,cue_stage,0.0,0.8,14.688258995353324,1.3730708617932967,-0.058923988063774066,3,6,45,True,False
zero_phase,inward,2.0,0.2,-1.0,VisualCogB_Task-1,right,Q2_plus_memory,late_stage,0.8,2.8,11.759041817554062,2.088168537920303,-0.24559415111102698,3,6,45,True,False
zero_phase,inward,2.0,0.2,-1.0,VisualCogB_Task-1,right,Q2_plus_memory,candidate_target_600ms,2.0,2.6,13.098573860221835,2.1744015774586805,-0.5036584350950474,3,6,45,True,False
zero_phase,inward,2.0,0.2,-1.0,VisualCogB_Task-1,left,Q2_plus_memory_control,cue_stage,0.0,0.8,17.385799521250068,1.6181979087301452,0.30888248391969725,3,6,43,True,False
zero_phase,inward,2.0,0.2,-1.0,VisualCogB_Task-1,left,Q2_plus_memory_control,late_stage,0.8,2.8,11.750537664920842,2.841113338302244,0.2110233788179801,3,6,43,True,False
zero_phase,inward,2.0,0.2,-1.0,VisualCogB_Task-1,left,Q2_plus_memory_control,candidate_target_600ms,2.0,2.6,14.397474694852392,4.0700881050159055,0.06339258206613407,3,6,43,True,False
zero_phase,inward,2.0,0.2,-1.0,VisualCogB_Task-1,right,Q2_plus_memory_control,cue_stage,0.0,0.8,16.478418071608093,1.5404164448442104,-0.0811763146250083,3,6,45,True,False
zero_phase,inward,2.0,0.2,-1.0,VisualCogB_Task-1,right,Q2_plus_memory_control,late_stage,0.8,2.8,11.647507418448669,2.0683622793219154,-0.25292885010238203,3,6,45,True,False
zero_phase,inward,2.0,0.2,-1.0,VisualCogB_Task-1,right,Q2_plus_memory_control,candidate_target_600ms,2.0,2.6,14.585104734180247,2.421170051016874,-0.5128733876619834,3,6,45,True,False
zero_phase,inward,2.0,0.2,-1.0,VisualCogB_Task-2,left,Training_mean_template,cue_stage,0.0,0.8,29.925330604980914,0.8918247222486201,0.8874754406814326,3,6,44,True,False
zero_phase,inward,2.0,0.2,-1.0,VisualCogB_Task-2,left,Training_mean_template,late_stage,0.8,2.8,20.92505270211325,0.9852233485754245,0.7986104501142345,3,6,44,True,False
zero_phase,inward,2.0,0.2,-1.0,VisualCogB_Task-2,left,Training_mean_template,candidate_target_600ms,2.0,2.6,25.068517171983324,2.21857476779332,0.22446522450011935,3,6,44,True,False
zero_phase,inward,2.0,0.2,-1.0,VisualCogB_Task-2,right,Training_mean_template,cue_stage,0.0,0.8,22.623078630841086,0.6467140961557449,0.9207145457673893,3,6,47,True,False
zero_phase,inward,2.0,0.2,-1.0,VisualCogB_Task-2,right,Training_mean_template,late_stage,0.8,2.8,12.53780346035479,0.6687291285477598,0.8141075721263659,3,6,47,True,False
zero_phase,inward,2.0,0.2,-1.0,VisualCogB_Task-2,right,Training_mean_template,candidate_target_600ms,2.0,2.6,8.592311200822682,1.5846695408185807,-0.40212012024904187,3,6,47,True,False
zero_phase,inward,2.0,0.2,-1.0,VisualCogB_Task-2,left,Q2_visual_only,cue_stage,0.0,0.8,36.39504491008914,1.0846329902455225,0.6592189616609847,3,6,44,True,False
zero_phase,inward,2.0,0.2,-1.0,VisualCogB_Task-2,left,Q2_visual_only,late_stage,0.8,2.8,23.79251083315297,1.1202331257062355,0.18685318586393612,3,6,44,True,False
zero_phase,inward,2.0,0.2,-1.0,VisualCogB_Task-2,left,Q2_visual_only,candidate_target_600ms,2.0,2.6,23.51388437389408,2.080989083113118,0.24749073751473744,3,6,44,True,False
zero_phase,inward,2.0,0.2,-1.0,VisualCogB_Task-2,right,Q2_visual_only,cue_stage,0.0,0.8,34.37992281374201,0.9828008411765318,0.46188325619480036,3,6,47,True,False
zero_phase,inward,2.0,0.2,-1.0,VisualCogB_Task-2,right,Q2_visual_only,late_stage,0.8,2.8,18.877393719294574,1.006864008601997,0.08236174672860531,3,6,47,True,False
zero_phase,inward,2.0,0.2,-1.0,VisualCogB_Task-2,right,Q2_visual_only,candidate_target_600ms,2.0,2.6,10.797922832998688,1.9914478209220556,0.3054202443824298,3,6,47,True,False
zero_phase,inward,2.0,0.2,-1.0,VisualCogB_Task-2,left,Q2_plus_memory,cue_stage,0.0,0.8,36.039256192160735,1.0740298935334387,0.6606377612138782,3,6,44,True,False
zero_phase,inward,2.0,0.2,-1.0,VisualCogB_Task-2,left,Q2_plus_memory,late_stage,0.8,2.8,23.693464027932446,1.1155696619389395,0.18095009000799914,3,6,44,True,False
zero_phase,inward,2.0,0.2,-1.0,VisualCogB_Task-2,left,Q2_plus_memory,candidate_target_600ms,2.0,2.6,22.723576532600074,2.0110464924343345,0.27079395419951274,3,6,44,True,False
zero_phase,inward,2.0,0.2,-1.0,VisualCogB_Task-2,right,Q2_plus_memory,cue_stage,0.0,0.8,33.47351681091384,0.9568898876571448,0.5823271157307249,3,6,47,True,False
zero_phase,inward,2.0,0.2,-1.0,VisualCogB_Task-2,right,Q2_plus_memory,late_stage,0.8,2.8,18.73350881818056,0.9991896161266798,0.13473064458141046,3,6,47,True,False
zero_phase,inward,2.0,0.2,-1.0,VisualCogB_Task-2,right,Q2_plus_memory,candidate_target_600ms,2.0,2.6,9.948047977394015,1.8347064313579338,0.3638298580887557,3,6,47,True,False
zero_phase,inward,2.0,0.2,-1.0,VisualCogB_Task-2,left,Q2_plus_memory_control,cue_stage,0.0,0.8,35.377609114455225,1.054311707990549,0.6479401802227469,3,6,44,True,False
zero_phase,inward,2.0,0.2,-1.0,VisualCogB_Task-2,left,Q2_plus_memory_control,late_stage,0.8,2.8,23.610503168804037,1.111663579761047,0.2838098028682191,3,6,44,True,False
zero_phase,inward,2.0,0.2,-1.0,VisualCogB_Task-2,left,Q2_plus_memory_control,candidate_target_600ms,2.0,2.6,22.26290854505501,1.9702771734320987,0.3664349553495277,3,6,44,True,False
zero_phase,inward,2.0,0.2,-1.0,VisualCogB_Task-2,right,Q2_plus_memory_control,cue_stage,0.0,0.8,33.15120846299029,0.9476762277785696,0.548710326708574,3,6,47,True,False
zero_phase,inward,2.0,0.2,-1.0,VisualCogB_Task-2,right,Q2_plus_memory_control,late_stage,0.8,2.8,18.654449988524707,0.9949728534036926,0.1795906263268891,3,6,47,True,False
zero_phase,inward,2.0,0.2,-1.0,VisualCogB_Task-2,right,Q2_plus_memory_control,candidate_target_600ms,2.0,2.6,9.449502274892714,1.742760251686954,0.42491672929139646,3,6,47,True,False
zero_phase,inward,2.0,0.2,1.0,VisualCogA_Task-1,left,Training_mean_template,cue_stage,0.0,0.8,24.353480321004458,4.745078819267011,0.4317427489629862,3,6,45,True,False
zero_phase,inward,2.0,0.2,1.0,VisualCogA_Task-1,left,Training_mean_template,late_stage,0.8,2.8,14.058063376248118,4.256082261374945,0.08289001385021638,3,6,45,True,False
zero_phase,inward,2.0,0.2,1.0,VisualCogA_Task-1,left,Training_mean_template,candidate_target_600ms,2.0,2.6,11.977038553434035,6.659974378867618,-0.5140503187683216,3,6,45,True,False
zero_phase,inward,2.0,0.2,1.0,VisualCogA_Task-1,right,Training_mean_template,cue_stage,0.0,0.8,27.26455504758991,4.201082889056167,0.3232764914667962,3,6,41,True,False
zero_phase,inward,2.0,0.2,1.0,VisualCogA_Task-1,right,Training_mean_template,late_stage,0.8,2.8,13.001877552623991,2.154178894080687,0.6323042254594922,3,6,41,True,False
zero_phase,inward,2.0,0.2,1.0,VisualCogA_Task-1,right,Training_mean_template,candidate_target_600ms,2.0,2.6,12.782799469602129,3.2880684016258552,-0.09158170010082405,3,6,41,True,False
zero_phase,inward,2.0,0.2,1.0,VisualCogA_Task-1,left,Q2_visual_only,cue_stage,0.0,0.8,12.887479207101189,2.5110211687738624,-0.17565063878749906,3,6,45,True,False
zero_phase,inward,2.0,0.2,1.0,VisualCogA_Task-1,left,Q2_visual_only,late_stage,0.8,2.8,7.276570903345488,2.2029836910317817,0.28553079822099864,3,6,45,True,False
zero_phase,inward,2.0,0.2,1.0,VisualCogA_Task-1,left,Q2_visual_only,candidate_target_600ms,2.0,2.6,9.014762817141753,5.012765812340024,-0.08585411903108094,3,6,45,True,False
zero_phase,inward,2.0,0.2,1.0,VisualCogA_Task-1,right,Q2_visual_only,cue_stage,0.0,0.8,15.556853270432208,2.3970913872569297,-0.3501149971218512,3,6,41,True,False
zero_phase,inward,2.0,0.2,1.0,VisualCogA_Task-1,right,Q2_visual_only,late_stage,0.8,2.8,11.099893843643615,1.8390541633494748,-0.15070436995397052,3,6,41,True,False
zero_phase,inward,2.0,0.2,1.0,VisualCogA_Task-1,right,Q2_visual_only,candidate_target_600ms,2.0,2.6,10.120597717573453,2.60328088849819,-0.16826751285141361,3,6,41,True,False
zero_phase,inward,2.0,0.2,1.0,VisualCogA_Task-1,left,Q2_plus_memory,cue_stage,0.0,0.8,13.03720879255827,2.5401947684074737,-0.17505026626257447,3,6,45,True,False
zero_phase,inward,2.0,0.2,1.0,VisualCogA_Task-1,left,Q2_plus_memory,late_stage,0.8,2.8,7.278399366120839,2.2035372586018998,0.26806337869838703,3,6,45,True,False
zero_phase,inward,2.0,0.2,1.0,VisualCogA_Task-1,left,Q2_plus_memory,candidate_target_600ms,2.0,2.6,9.190960091693764,5.110742397195071,-0.12722986397348726,3,6,45,True,False
zero_phase,inward,2.0,0.2,1.0,VisualCogA_Task-1,right,Q2_plus_memory,cue_stage,0.0,0.8,15.767513791191728,2.429551198452004,-0.3630819254756621,3,6,41,True,False
zero_phase,inward,2.0,0.2,1.0,VisualCogA_Task-1,right,Q2_plus_memory,late_stage,0.8,2.8,11.099518648660602,1.8389920002418545,-0.16197741716676378,3,6,41,True,False
zero_phase,inward,2.0,0.2,1.0,VisualCogA_Task-1,right,Q2_plus_memory,candidate_target_600ms,2.0,2.6,10.27807522343786,2.643788197732833,-0.18398563181317945,3,6,41,True,False
zero_phase,inward,2.0,0.2,1.0,VisualCogA_Task-1,left,Q2_plus_memory_control,cue_stage,0.0,0.8,16.469651614865533,3.2089785118311127,-0.14133407326706618,3,6,45,True,False
zero_phase,inward,2.0,0.2,1.0,VisualCogA_Task-1,left,Q2_plus_memory_control,late_stage,0.8,2.8,7.53148148460624,2.280157934318641,0.09094412549485754,3,6,45,True,False
zero_phase,inward,2.0,0.2,1.0,VisualCogA_Task-1,left,Q2_plus_memory_control,candidate_target_600ms,2.0,2.6,11.486642136533805,6.38728363336546,-0.42239355426376357,3,6,45,True,False
zero_phase,inward,2.0,0.2,1.0,VisualCogA_Task-1,right,Q2_plus_memory_control,cue_stage,0.0,0.8,18.371476022526412,2.8307850038346327,-0.2527227410899865,3,6,41,True,False
zero_phase,inward,2.0,0.2,1.0,VisualCogA_Task-1,right,Q2_plus_memory_control,late_stage,0.8,2.8,10.801565459369014,1.789626478285648,-0.03442380306378461,3,6,41,True,False
zero_phase,inward,2.0,0.2,1.0,VisualCogA_Task-1,right,Q2_plus_memory_control,candidate_target_600ms,2.0,2.6,11.287107184932706,2.903337455054088,0.29282160047785133,3,6,41,True,False
zero_phase,inward,2.0,0.2,1.0,VisualCogA_Task-2,left,Training_mean_template,cue_stage,0.0,0.8,17.942668252010783,0.5616130895010134,0.9778792134801574,3,6,49,True,False
zero_phase,inward,2.0,0.2,1.0,VisualCogA_Task-2,left,Training_mean_template,late_stage,0.8,2.8,14.11515994647172,0.7172024522469914,0.8249400997850687,3,6,49,True,False
zero_phase,inward,2.0,0.2,1.0,VisualCogA_Task-2,left,Training_mean_template,candidate_target_600ms,2.0,2.6,5.86483674693109,0.7854992766225345,0.6465826347870633,3,6,49,True,False
zero_phase,inward,2.0,0.2,1.0,VisualCogA_Task-2,right,Training_mean_template,cue_stage,0.0,0.8,29.522392068994023,0.8499804956070128,0.8347233626213681,3,6,41,True,False
zero_phase,inward,2.0,0.2,1.0,VisualCogA_Task-2,right,Training_mean_template,late_stage,0.8,2.8,22.033639211302557,1.0152767067432606,0.7652449528820708,3,6,41,True,False
zero_phase,inward,2.0,0.2,1.0,VisualCogA_Task-2,right,Training_mean_template,candidate_target_600ms,2.0,2.6,21.948700386892437,2.1012217978063563,-0.6922461607410232,3,6,41,True,False
zero_phase,inward,2.0,0.2,1.0,VisualCogA_Task-2,left,Q2_visual_only,cue_stage,0.0,0.8,30.130236732865495,0.9430891270614203,0.5596884710184865,3,6,49,True,False
zero_phase,inward,2.0,0.2,1.0,VisualCogA_Task-2,left,Q2_visual_only,late_stage,0.8,2.8,19.257685755826696,0.9784982601017764,0.2441771633037905,3,6,49,True,False
zero_phase,inward,2.0,0.2,1.0,VisualCogA_Task-2,left,Q2_visual_only,candidate_target_600ms,2.0,2.6,7.660760332346325,1.026033964642827,0.5766606550897087,3,6,49,True,False
zero_phase,inward,2.0,0.2,1.0,VisualCogA_Task-2,right,Q2_visual_only,cue_stage,0.0,0.8,38.09133416622849,1.0966892864669715,0.26335006571111286,3,6,41,True,False
zero_phase,inward,2.0,0.2,1.0,VisualCogA_Task-2,right,Q2_visual_only,late_stage,0.8,2.8,25.969607356259043,1.1966401545938514,-0.10029054163738642,3,6,41,True,False
zero_phase,inward,2.0,0.2,1.0,VisualCogA_Task-2,right,Q2_visual_only,candidate_target_600ms,2.0,2.6,22.35696013720051,2.1403058561511776,-0.1101428187494947,3,6,41,True,False
zero_phase,inward,2.0,0.2,1.0,VisualCogA_Task-2,left,Q2_plus_memory,cue_stage,0.0,0.8,30.080039884850212,0.9415179445315357,0.5640135557585056,3,6,49,True,False
zero_phase,inward,2.0,0.2,1.0,VisualCogA_Task-2,left,Q2_plus_memory,late_stage,0.8,2.8,19.282900994610138,0.9797794663479726,0.23535841755883213,3,6,49,True,False
zero_phase,inward,2.0,0.2,1.0,VisualCogA_Task-2,left,Q2_plus_memory,candidate_target_600ms,2.0,2.6,7.584287072195095,1.015791618074324,0.6059367899864031,3,6,49,True,False
zero_phase,inward,2.0,0.2,1.0,VisualCogA_Task-2,right,Q2_plus_memory,cue_stage,0.0,0.8,38.22352285305937,1.1004951367952096,0.2290561483898619,3,6,41,True,False
zero_phase,inward,2.0,0.2,1.0,VisualCogA_Task-2,right,Q2_plus_memory,late_stage,0.8,2.8,25.969209820002728,1.1966218367255568,-0.10011580249929289,3,6,41,True,False
zero_phase,inward,2.0,0.2,1.0,VisualCogA_Task-2,right,Q2_plus_memory,candidate_target_600ms,2.0,2.6,22.52836355531385,2.1567148731776866,-0.16752934987582005,3,6,41,True,False
zero_phase,inward,2.0,0.2,1.0,VisualCogA_Task-2,left,Q2_plus_memory_control,cue_stage,0.0,0.8,28.35391045988476,0.8874893649681357,0.6322166965594566,3,6,49,True,False
zero_phase,inward,2.0,0.2,1.0,VisualCogA_Task-2,left,Q2_plus_memory_control,late_stage,0.8,2.8,19.13975549757805,0.9725061303114803,0.284324354257426,3,6,49,True,False
zero_phase,inward,2.0,0.2,1.0,VisualCogA_Task-2,left,Q2_plus_memory_control,candidate_target_600ms,2.0,2.6,7.5259867067798245,1.0079832345102824,0.4716866618478171,3,6,49,True,False
zero_phase,inward,2.0,0.2,1.0,VisualCogA_Task-2,right,Q2_plus_memory_control,cue_stage,0.0,0.8,37.112377708850104,1.0685041078108668,0.39656007438754554,3,6,41,True,False
zero_phase,inward,2.0,0.2,1.0,VisualCogA_Task-2,right,Q2_plus_memory_control,late_stage,0.8,2.8,25.753198246479982,1.1866683507452607,-0.0035697267851553943,3,6,41,True,False
zero_phase,inward,2.0,0.2,1.0,VisualCogA_Task-2,right,Q2_plus_memory_control,candidate_target_600ms,2.0,2.6,21.41269866051155,2.04990857691944,-0.04133903856300087,3,6,41,True,False
zero_phase,inward,2.0,0.2,1.0,VisualCogB_Task-1,left,Training_mean_template,cue_stage,0.0,0.8,20.152321295734094,1.8756942490310125,0.7767057748957286,3,6,43,True,False
zero_phase,inward,2.0,0.2,1.0,VisualCogB_Task-1,left,Training_mean_template,late_stage,0.8,2.8,16.527684592388866,3.996159706535847,0.18858882964125626,3,6,43,True,False
zero_phase,inward,2.0,0.2,1.0,VisualCogB_Task-1,left,Training_mean_template,candidate_target_600ms,2.0,2.6,14.39886479720722,4.070481079421422,0.33998256140416333,3,6,43,True,False
zero_phase,inward,2.0,0.2,1.0,VisualCogB_Task-1,right,Training_mean_template,cue_stage,0.0,0.8,20.384083337199673,1.9055213339803905,0.5878701690048956,3,6,45,True,False
zero_phase,inward,2.0,0.2,1.0,VisualCogB_Task-1,right,Training_mean_template,late_stage,0.8,2.8,16.056368692494058,2.851287073991265,0.2094399473240979,3,6,45,True,False
zero_phase,inward,2.0,0.2,1.0,VisualCogB_Task-1,right,Training_mean_template,candidate_target_600ms,2.0,2.6,14.722899222563747,2.4440443391724793,-0.8085314751196195,3,6,45,True,False
zero_phase,inward,2.0,0.2,1.0,VisualCogB_Task-1,left,Q2_visual_only,cue_stage,0.0,0.8,16.301461829118054,1.5172722663045197,0.2522870646813745,3,6,43,True,False
zero_phase,inward,2.0,0.2,1.0,VisualCogB_Task-1,left,Q2_visual_only,late_stage,0.8,2.8,11.713991052820672,2.8322768858718566,0.2779253456123222,3,6,43,True,False
zero_phase,inward,2.0,0.2,1.0,VisualCogB_Task-1,left,Q2_visual_only,candidate_target_600ms,2.0,2.6,12.065150916407056,3.4107528070632647,-0.13868885552408053,3,6,43,True,False
zero_phase,inward,2.0,0.2,1.0,VisualCogB_Task-1,right,Q2_visual_only,cue_stage,0.0,0.8,14.908282905922,1.393638882863407,-0.23893628507535006,3,6,45,True,False
zero_phase,inward,2.0,0.2,1.0,VisualCogB_Task-1,right,Q2_visual_only,late_stage,0.8,2.8,11.193236898472922,1.9876930018216028,-0.1715332779600651,3,6,45,True,False
zero_phase,inward,2.0,0.2,1.0,VisualCogB_Task-1,right,Q2_visual_only,candidate_target_600ms,2.0,2.6,12.087317051709979,2.0065299890622033,-0.49539245867387016,3,6,45,True,False
zero_phase,inward,2.0,0.2,1.0,VisualCogB_Task-1,left,Q2_plus_memory,cue_stage,0.0,0.8,16.621815539654495,1.5470894572718026,0.21100770697572735,3,6,43,True,False
zero_phase,inward,2.0,0.2,1.0,VisualCogB_Task-1,left,Q2_plus_memory,late_stage,0.8,2.8,11.716028780061428,2.832769579415644,0.2640066779480825,3,6,43,True,False
zero_phase,inward,2.0,0.2,1.0,VisualCogB_Task-1,left,Q2_plus_memory,candidate_target_600ms,2.0,2.6,12.31920079593516,3.482571331815925,-0.17985014405965644,3,6,43,True,False
zero_phase,inward,2.0,0.2,1.0,VisualCogB_Task-1,right,Q2_plus_memory,cue_stage,0.0,0.8,15.293880281556579,1.4296848513498899,-0.28483173425077335,3,6,45,True,False
zero_phase,inward,2.0,0.2,1.0,VisualCogB_Task-1,right,Q2_plus_memory,late_stage,0.8,2.8,11.251237839279545,1.9979927984922266,-0.20455058767222922,3,6,45,True,False
zero_phase,inward,2.0,0.2,1.0,VisualCogB_Task-1,right,Q2_plus_memory,candidate_target_600ms,2.0,2.6,12.465244635973319,2.0692670735842764,-0.5652457812689545,3,6,45,True,False
zero_phase,inward,2.0,0.2,1.0,VisualCogB_Task-1,left,Q2_plus_memory_control,cue_stage,0.0,0.8,17.19175737769312,1.600137273064493,0.3226637408206003,3,6,43,True,False
zero_phase,inward,2.0,0.2,1.0,VisualCogB_Task-1,left,Q2_plus_memory_control,late_stage,0.8,2.8,11.596431122337282,2.803852562145518,0.23900324822562752,3,6,43,True,False
zero_phase,inward,2.0,0.2,1.0,VisualCogB_Task-1,left,Q2_plus_memory_control,candidate_target_600ms,2.0,2.6,13.937449069783739,3.940041352770954,0.06992514196209411,3,6,43,True,False
zero_phase,inward,2.0,0.2,1.0,VisualCogB_Task-1,right,Q2_plus_memory_control,cue_stage,0.0,0.8,16.474876696524714,1.540085394109116,-0.03962731846570111,3,6,45,True,False
zero_phase,inward,2.0,0.2,1.0,VisualCogB_Task-1,right,Q2_plus_memory_control,late_stage,0.8,2.8,11.45123964381268,2.0335090830869396,-0.22137282421841148,3,6,45,True,False
zero_phase,inward,2.0,0.2,1.0,VisualCogB_Task-1,right,Q2_plus_memory_control,candidate_target_600ms,2.0,2.6,14.219543604491147,2.3604858341291513,-0.46198050844281974,3,6,45,True,False
zero_phase,inward,2.0,0.2,1.0,VisualCogB_Task-2,left,Training_mean_template,cue_stage,0.0,0.8,29.925330604980914,0.8918247222486201,0.8874754406814326,3,6,44,True,False
zero_phase,inward,2.0,0.2,1.0,VisualCogB_Task-2,left,Training_mean_template,late_stage,0.8,2.8,20.92505270211325,0.9852233485754245,0.7986104501142345,3,6,44,True,False
zero_phase,inward,2.0,0.2,1.0,VisualCogB_Task-2,left,Training_mean_template,candidate_target_600ms,2.0,2.6,25.068517171983324,2.21857476779332,0.22446522450011935,3,6,44,True,False
zero_phase,inward,2.0,0.2,1.0,VisualCogB_Task-2,right,Training_mean_template,cue_stage,0.0,0.8,22.623078630841086,0.6467140961557449,0.9207145457673893,3,6,47,True,False
zero_phase,inward,2.0,0.2,1.0,VisualCogB_Task-2,right,Training_mean_template,late_stage,0.8,2.8,12.53780346035479,0.6687291285477598,0.8141075721263659,3,6,47,True,False
zero_phase,inward,2.0,0.2,1.0,VisualCogB_Task-2,right,Training_mean_template,candidate_target_600ms,2.0,2.6,8.592311200822682,1.5846695408185807,-0.40212012024904187,3,6,47,True,False
zero_phase,inward,2.0,0.2,1.0,VisualCogB_Task-2,left,Q2_visual_only,cue_stage,0.0,0.8,36.39504491008914,1.0846329902455225,0.6592189616609847,3,6,44,True,False
zero_phase,inward,2.0,0.2,1.0,VisualCogB_Task-2,left,Q2_visual_only,late_stage,0.8,2.8,23.79251083315297,1.1202331257062355,0.18685318586393612,3,6,44,True,False
zero_phase,inward,2.0,0.2,1.0,VisualCogB_Task-2,left,Q2_visual_only,candidate_target_600ms,2.0,2.6,23.51388437389408,2.080989083113118,0.24749073751473744,3,6,44,True,False
zero_phase,inward,2.0,0.2,1.0,VisualCogB_Task-2,right,Q2_visual_only,cue_stage,0.0,0.8,34.37992281374201,0.9828008411765318,0.46188325619480036,3,6,47,True,False
zero_phase,inward,2.0,0.2,1.0,VisualCogB_Task-2,right,Q2_visual_only,late_stage,0.8,2.8,18.877393719294574,1.006864008601997,0.08236174672860531,3,6,47,True,False
zero_phase,inward,2.0,0.2,1.0,VisualCogB_Task-2,right,Q2_visual_only,candidate_target_600ms,2.0,2.6,10.797922832998688,1.9914478209220556,0.3054202443824298,3,6,47,True,False
zero_phase,inward,2.0,0.2,1.0,VisualCogB_Task-2,left,Q2_plus_memory,cue_stage,0.0,0.8,36.515378818056654,1.0882191412380318,0.6434448995669175,3,6,44,True,False
zero_phase,inward,2.0,0.2,1.0,VisualCogB_Task-2,left,Q2_plus_memory,late_stage,0.8,2.8,23.806379184520324,1.1208860953196398,0.1717308885270319,3,6,44,True,False
zero_phase,inward,2.0,0.2,1.0,VisualCogB_Task-2,left,Q2_plus_memory,candidate_target_600ms,2.0,2.6,23.771367279694143,2.103776433239457,0.1653238390995684,3,6,44,True,False
zero_phase,inward,2.0,0.2,1.0,VisualCogB_Task-2,right,Q2_plus_memory,cue_stage,0.0,0.8,34.35465126727827,0.98207841671802,0.4826188653676148,3,6,47,True,False
zero_phase,inward,2.0,0.2,1.0,VisualCogB_Task-2,right,Q2_plus_memory,late_stage,0.8,2.8,18.915868442314448,1.0089161358408356,0.06444852875441244,3,6,47,True,False
zero_phase,inward,2.0,0.2,1.0,VisualCogB_Task-2,right,Q2_plus_memory,candidate_target_600ms,2.0,2.6,11.068425025533067,2.0413362124403736,0.22256818229362815,3,6,47,True,False
zero_phase,inward,2.0,0.2,1.0,VisualCogB_Task-2,left,Q2_plus_memory_control,cue_stage,0.0,0.8,35.41550401771806,1.055441039259203,0.6324240314893477,3,6,44,True,False
zero_phase,inward,2.0,0.2,1.0,VisualCogB_Task-2,left,Q2_plus_memory_control,late_stage,0.8,2.8,23.497249931510577,1.1063312283795854,0.36102673791617684,3,6,44,True,False
zero_phase,inward,2.0,0.2,1.0,VisualCogB_Task-2,left,Q2_plus_memory_control,candidate_target_600ms,2.0,2.6,22.43570722319518,1.9855699322578293,0.4185727000808061,3,6,44,True,False
zero_phase,inward,2.0,0.2,1.0,VisualCogB_Task-2,right,Q2_plus_memory_control,cue_stage,0.0,0.8,32.930120356302446,0.941356097904977,0.5616301010247114,3,6,47,True,False
zero_phase,inward,2.0,0.2,1.0,VisualCogB_Task-2,right,Q2_plus_memory_control,late_stage,0.8,2.8,18.574618781649214,0.9907148943781287,0.22134691414997337,3,6,47,True,False
zero_phase,inward,2.0,0.2,1.0,VisualCogB_Task-2,right,Q2_plus_memory_control,candidate_target_600ms,2.0,2.6,9.81876690683761,1.810863280204896,0.3761530012889606,3,6,47,True,False
zero_phase,outward,2.0,0.2,-1.0,VisualCogA_Task-1,left,Training_mean_template,cue_stage,0.0,0.8,24.353480321004458,4.745078819267011,0.4317427489629862,3,6,45,True,False
zero_phase,outward,2.0,0.2,-1.0,VisualCogA_Task-1,left,Training_mean_template,late_stage,0.8,2.8,14.058063376248118,4.256082261374945,0.08289001385021638,3,6,45,True,False
zero_phase,outward,2.0,0.2,-1.0,VisualCogA_Task-1,left,Training_mean_template,candidate_target_600ms,2.0,2.6,11.977038553434035,6.659974378867618,-0.5140503187683216,3,6,45,True,False
zero_phase,outward,2.0,0.2,-1.0,VisualCogA_Task-1,right,Training_mean_template,cue_stage,0.0,0.8,27.26455504758991,4.201082889056167,0.3232764914667962,3,6,41,True,False
zero_phase,outward,2.0,0.2,-1.0,VisualCogA_Task-1,right,Training_mean_template,late_stage,0.8,2.8,13.001877552623991,2.154178894080687,0.6323042254594922,3,6,41,True,False
zero_phase,outward,2.0,0.2,-1.0,VisualCogA_Task-1,right,Training_mean_template,candidate_target_600ms,2.0,2.6,12.782799469602129,3.2880684016258552,-0.09158170010082405,3,6,41,True,False
zero_phase,outward,2.0,0.2,-1.0,VisualCogA_Task-1,left,Q2_visual_only,cue_stage,0.0,0.8,12.870259808126784,2.5076661080483738,-0.17613966051544971,3,6,45,True,False
zero_phase,outward,2.0,0.2,-1.0,VisualCogA_Task-1,left,Q2_visual_only,late_stage,0.8,2.8,7.272871073988878,2.201863566753399,0.2858900782184263,3,6,45,True,False
zero_phase,outward,2.0,0.2,-1.0,VisualCogA_Task-1,left,Q2_visual_only,candidate_target_600ms,2.0,2.6,8.949081424104467,4.976242894521476,-0.08895612368325101,3,6,45,True,False
zero_phase,outward,2.0,0.2,-1.0,VisualCogA_Task-1,right,Q2_visual_only,cue_stage,0.0,0.8,15.539734390004785,2.394453609544515,-0.35063593571096624,3,6,41,True,False
zero_phase,outward,2.0,0.2,-1.0,VisualCogA_Task-1,right,Q2_visual_only,late_stage,0.8,2.8,11.080233396802003,1.835796778447719,-0.14491087592706284,3,6,41,True,False
zero_phase,outward,2.0,0.2,-1.0,VisualCogA_Task-1,right,Q2_visual_only,candidate_target_600ms,2.0,2.6,9.994984019139649,2.570969779056652,-0.14259598834018417,3,6,41,True,False
zero_phase,outward,2.0,0.2,-1.0,VisualCogA_Task-1,left,Q2_plus_memory,cue_stage,0.0,0.8,13.5222959403814,2.6347100787571383,-0.10985396068964183,3,6,45,True,False
zero_phase,outward,2.0,0.2,-1.0,VisualCogA_Task-1,left,Q2_plus_memory,late_stage,0.8,2.8,7.572694700114267,2.2926352457920194,0.30898838093594494,3,6,45,True,False
zero_phase,outward,2.0,0.2,-1.0,VisualCogA_Task-1,left,Q2_plus_memory,candidate_target_600ms,2.0,2.6,10.259708361213946,5.705032551702647,-0.20282127709265166,3,6,45,True,False
zero_phase,outward,2.0,0.2,-1.0,VisualCogA_Task-1,right,Q2_plus_memory,cue_stage,0.0,0.8,15.528365014578455,2.392701749355363,-0.21514748185424482,3,6,41,True,False
zero_phase,outward,2.0,0.2,-1.0,VisualCogA_Task-1,right,Q2_plus_memory,late_stage,0.8,2.8,11.623982638841136,1.9258863163726994,-0.20741368181896935,3,6,41,True,False
zero_phase,outward,2.0,0.2,-1.0,VisualCogA_Task-1,right,Q2_plus_memory,candidate_target_600ms,2.0,2.6,11.358892673009468,2.9218025491519644,-0.23152671093114718,3,6,41,True,False
zero_phase,outward,2.0,0.2,-1.0,VisualCogA_Task-1,left,Q2_plus_memory_control,cue_stage,0.0,0.8,16.12742135755023,3.1422977120483173,-0.1525892132163163,3,6,45,True,False
zero_phase,outward,2.0,0.2,-1.0,VisualCogA_Task-1,left,Q2_plus_memory_control,late_stage,0.8,2.8,7.622997586175636,2.30786445733644,0.1104889090135196,3,6,45,True,False
zero_phase,outward,2.0,0.2,-1.0,VisualCogA_Task-1,left,Q2_plus_memory_control,candidate_target_600ms,2.0,2.6,11.647063383276056,6.476487770795832,-0.4367938302155854,3,6,45,True,False
zero_phase,outward,2.0,0.2,-1.0,VisualCogA_Task-1,right,Q2_plus_memory_control,cue_stage,0.0,0.8,18.35093933315812,2.827620590032449,-0.2865993372613388,3,6,41,True,False
zero_phase,outward,2.0,0.2,-1.0,VisualCogA_Task-1,right,Q2_plus_memory_control,late_stage,0.8,2.8,11.178695260831883,1.8521101507669502,-0.12606078393156356,3,6,41,True,False
zero_phase,outward,2.0,0.2,-1.0,VisualCogA_Task-1,right,Q2_plus_memory_control,candidate_target_600ms,2.0,2.6,11.85909844032462,3.050468478843746,0.14568049714969006,3,6,41,True,False
zero_phase,outward,2.0,0.2,-1.0,VisualCogA_Task-2,left,Training_mean_template,cue_stage,0.0,0.8,17.942668252010783,0.5616130895010134,0.9778792134801574,3,6,49,True,False
zero_phase,outward,2.0,0.2,-1.0,VisualCogA_Task-2,left,Training_mean_template,late_stage,0.8,2.8,14.11515994647172,0.7172024522469914,0.8249400997850687,3,6,49,True,False
zero_phase,outward,2.0,0.2,-1.0,VisualCogA_Task-2,left,Training_mean_template,candidate_target_600ms,2.0,2.6,5.86483674693109,0.7854992766225345,0.6465826347870633,3,6,49,True,False
zero_phase,outward,2.0,0.2,-1.0,VisualCogA_Task-2,right,Training_mean_template,cue_stage,0.0,0.8,29.522392068994023,0.8499804956070128,0.8347233626213681,3,6,41,True,False
zero_phase,outward,2.0,0.2,-1.0,VisualCogA_Task-2,right,Training_mean_template,late_stage,0.8,2.8,22.033639211302557,1.0152767067432606,0.7652449528820708,3,6,41,True,False
zero_phase,outward,2.0,0.2,-1.0,VisualCogA_Task-2,right,Training_mean_template,candidate_target_600ms,2.0,2.6,21.948700386892437,2.1012217978063563,-0.6922461607410232,3,6,41,True,False
zero_phase,outward,2.0,0.2,-1.0,VisualCogA_Task-2,left,Q2_visual_only,cue_stage,0.0,0.8,30.13633923106561,0.9432801378308168,0.5589981906628054,3,6,49,True,False
zero_phase,outward,2.0,0.2,-1.0,VisualCogA_Task-2,left,Q2_visual_only,late_stage,0.8,2.8,19.260614924113867,0.978647093461552,0.24322356314886806,3,6,49,True,False
zero_phase,outward,2.0,0.2,-1.0,VisualCogA_Task-2,left,Q2_visual_only,candidate_target_600ms,2.0,2.6,7.691860830063538,1.0301993693273228,0.5741498346343913,3,6,49,True,False
zero_phase,outward,2.0,0.2,-1.0,VisualCogA_Task-2,right,Q2_visual_only,cue_stage,0.0,0.8,38.09516924988445,1.0967997025301064,0.26275760306277995,3,6,41,True,False
zero_phase,outward,2.0,0.2,-1.0,VisualCogA_Task-2,right,Q2_visual_only,late_stage,0.8,2.8,25.970967398974107,1.1967028233012555,-0.09974781969586881,3,6,41,True,False
zero_phase,outward,2.0,0.2,-1.0,VisualCogA_Task-2,right,Q2_visual_only,candidate_target_600ms,2.0,2.6,22.377896690478728,2.1423101817533166,-0.10488093824900324,3,6,41,True,False
zero_phase,outward,2.0,0.2,-1.0,VisualCogA_Task-2,left,Q2_plus_memory,cue_stage,0.0,0.8,29.21069235880367,0.9143070000334482,0.6366656232291293,3,6,49,True,False
zero_phase,outward,2.0,0.2,-1.0,VisualCogA_Task-2,left,Q2_plus_memory,late_stage,0.8,2.8,19.083638604449067,0.9696547865422833,0.2912149488695943,3,6,49,True,False
zero_phase,outward,2.0,0.2,-1.0,VisualCogA_Task-2,left,Q2_plus_memory,candidate_target_600ms,2.0,2.6,7.079359356939076,0.9481647816942982,0.6179485640290457,3,6,49,True,False
zero_phase,outward,2.0,0.2,-1.0,VisualCogA_Task-2,right,Q2_plus_memory,cue_stage,0.0,0.8,37.71745740872824,1.085924984208085,0.3982916390232259,3,6,41,True,False
zero_phase,outward,2.0,0.2,-1.0,VisualCogA_Task-2,right,Q2_plus_memory,late_stage,0.8,2.8,25.815592365564797,1.189543377205351,-0.07839671838630158,3,6,41,True,False
zero_phase,outward,2.0,0.2,-1.0,VisualCogA_Task-2,right,Q2_plus_memory,candidate_target_600ms,2.0,2.6,21.683597703684555,2.075842639733471,-0.1028806533653316,3,6,41,True,False
zero_phase,outward,2.0,0.2,-1.0,VisualCogA_Task-2,left,Q2_plus_memory_control,cue_stage,0.0,0.8,28.68678613367192,0.8979085140573124,0.6245921536321516,3,6,49,True,False
zero_phase,outward,2.0,0.2,-1.0,VisualCogA_Task-2,left,Q2_plus_memory_control,late_stage,0.8,2.8,19.144079609032833,0.9727258418380176,0.27941607188973083,3,6,49,True,False
zero_phase,outward,2.0,0.2,-1.0,VisualCogA_Task-2,left,Q2_plus_memory_control,candidate_target_600ms,2.0,2.6,6.914219545861657,0.9260469960269014,0.5739993721224999,3,6,49,True,False
zero_phase,outward,2.0,0.2,-1.0,VisualCogA_Task-2,right,Q2_plus_memory_control,cue_stage,0.0,0.8,37.079673307924004,1.067562513957539,0.3809700134128866,3,6,41,True,False
zero_phase,outward,2.0,0.2,-1.0,VisualCogA_Task-2,right,Q2_plus_memory_control,late_stage,0.8,2.8,25.800763865502116,1.1888601023924523,-0.02185772602569676,3,6,41,True,False
zero_phase,outward,2.0,0.2,-1.0,VisualCogA_Task-2,right,Q2_plus_memory_control,candidate_target_600ms,2.0,2.6,21.0729223988998,2.017380669813736,-0.06722618640941276,3,6,41,True,False
zero_phase,outward,2.0,0.2,-1.0,VisualCogB_Task-1,left,Training_mean_template,cue_stage,0.0,0.8,20.152321295734094,1.8756942490310125,0.7767057748957286,3,6,43,True,False
zero_phase,outward,2.0,0.2,-1.0,VisualCogB_Task-1,left,Training_mean_template,late_stage,0.8,2.8,16.527684592388866,3.996159706535847,0.18858882964125626,3,6,43,True,False
zero_phase,outward,2.0,0.2,-1.0,VisualCogB_Task-1,left,Training_mean_template,candidate_target_600ms,2.0,2.6,14.39886479720722,4.070481079421422,0.33998256140416333,3,6,43,True,False
zero_phase,outward,2.0,0.2,-1.0,VisualCogB_Task-1,right,Training_mean_template,cue_stage,0.0,0.8,20.384083337199673,1.9055213339803905,0.5878701690048956,3,6,45,True,False
zero_phase,outward,2.0,0.2,-1.0,VisualCogB_Task-1,right,Training_mean_template,late_stage,0.8,2.8,16.056368692494058,2.851287073991265,0.2094399473240979,3,6,45,True,False
zero_phase,outward,2.0,0.2,-1.0,VisualCogB_Task-1,right,Training_mean_template,candidate_target_600ms,2.0,2.6,14.722899222563747,2.4440443391724793,-0.8085314751196195,3,6,45,True,False
zero_phase,outward,2.0,0.2,-1.0,VisualCogB_Task-1,left,Q2_visual_only,cue_stage,0.0,0.8,16.29736877786852,1.5168913021179589,0.2516257980776287,3,6,43,True,False
zero_phase,outward,2.0,0.2,-1.0,VisualCogB_Task-1,left,Q2_visual_only,late_stage,0.8,2.8,11.707697159244269,2.8307551116773735,0.2793403812931489,3,6,43,True,False
zero_phase,outward,2.0,0.2,-1.0,VisualCogB_Task-1,left,Q2_visual_only,candidate_target_600ms,2.0,2.6,11.995206349355511,3.390979856847991,-0.13243935404804705,3,6,43,True,False
zero_phase,outward,2.0,0.2,-1.0,VisualCogB_Task-1,right,Q2_visual_only,cue_stage,0.0,0.8,14.903731893348674,1.3932134503626548,-0.2404012707171189,3,6,45,True,False
zero_phase,outward,2.0,0.2,-1.0,VisualCogB_Task-1,right,Q2_visual_only,late_stage,0.8,2.8,11.185570056731914,1.9863315254396676,-0.1696358748986874,3,6,45,True,False
zero_phase,outward,2.0,0.2,-1.0,VisualCogB_Task-1,right,Q2_visual_only,candidate_target_600ms,2.0,2.6,12.030021501238988,1.9970187600799532,-0.4927694792090254,3,6,45,True,False
zero_phase,outward,2.0,0.2,-1.0,VisualCogB_Task-1,left,Q2_plus_memory,cue_stage,0.0,0.8,15.438020137015943,1.4369067048149673,0.34078217723040055,3,6,43,True,False
zero_phase,outward,2.0,0.2,-1.0,VisualCogB_Task-1,left,Q2_plus_memory,late_stage,0.8,2.8,12.14187298472845,2.935732667949885,0.23472946208902745,3,6,43,True,False
zero_phase,outward,2.0,0.2,-1.0,VisualCogB_Task-1,left,Q2_plus_memory,candidate_target_600ms,2.0,2.6,13.082886807119552,3.698461230285408,-0.03131125143904812,3,6,43,True,False
zero_phase,outward,2.0,0.2,-1.0,VisualCogB_Task-1,right,Q2_plus_memory,cue_stage,0.0,0.8,14.690765803408075,1.3733052003283932,-0.058259208200201223,3,6,45,True,False
zero_phase,outward,2.0,0.2,-1.0,VisualCogB_Task-1,right,Q2_plus_memory,late_stage,0.8,2.8,11.752577085074087,2.0870205318854405,-0.2440763617909492,3,6,45,True,False
zero_phase,outward,2.0,0.2,-1.0,VisualCogB_Task-1,right,Q2_plus_memory,candidate_target_600ms,2.0,2.6,13.044275420948054,2.16538787770248,-0.4997833977952501,3,6,45,True,False
zero_phase,outward,2.0,0.2,-1.0,VisualCogB_Task-1,left,Q2_plus_memory_control,cue_stage,0.0,0.8,17.37847282221969,1.6175159700574737,0.30886729741389096,3,6,43,True,False
zero_phase,outward,2.0,0.2,-1.0,VisualCogB_Task-1,left,Q2_plus_memory_control,late_stage,0.8,2.8,11.74704706064312,2.8402693596984583,0.21168283416638223,3,6,43,True,False
zero_phase,outward,2.0,0.2,-1.0,VisualCogB_Task-1,left,Q2_plus_memory_control,candidate_target_600ms,2.0,2.6,14.373238384029765,4.06323663123461,0.0666205593591924,3,6,43,True,False
zero_phase,outward,2.0,0.2,-1.0,VisualCogB_Task-1,right,Q2_plus_memory_control,cue_stage,0.0,0.8,16.472614635036837,1.5398739346898906,-0.08128075664294368,3,6,45,True,False
zero_phase,outward,2.0,0.2,-1.0,VisualCogB_Task-1,right,Q2_plus_memory_control,late_stage,0.8,2.8,11.644803342610832,2.0678820900193915,-0.2526704537436651,3,6,45,True,False
zero_phase,outward,2.0,0.2,-1.0,VisualCogB_Task-1,right,Q2_plus_memory_control,candidate_target_600ms,2.0,2.6,14.570249577891957,2.4187040516179055,-0.5102618753976639,3,6,45,True,False
zero_phase,outward,2.0,0.2,-1.0,VisualCogB_Task-2,left,Training_mean_template,cue_stage,0.0,0.8,29.925330604980914,0.8918247222486201,0.8874754406814326,3,6,44,True,False
zero_phase,outward,2.0,0.2,-1.0,VisualCogB_Task-2,left,Training_mean_template,late_stage,0.8,2.8,20.92505270211325,0.9852233485754245,0.7986104501142345,3,6,44,True,False
zero_phase,outward,2.0,0.2,-1.0,VisualCogB_Task-2,left,Training_mean_template,candidate_target_600ms,2.0,2.6,25.068517171983324,2.21857476779332,0.22446522450011935,3,6,44,True,False
zero_phase,outward,2.0,0.2,-1.0,VisualCogB_Task-2,right,Training_mean_template,cue_stage,0.0,0.8,22.623078630841086,0.6467140961557449,0.9207145457673893,3,6,47,True,False
zero_phase,outward,2.0,0.2,-1.0,VisualCogB_Task-2,right,Training_mean_template,late_stage,0.8,2.8,12.53780346035479,0.6687291285477598,0.8141075721263659,3,6,47,True,False
zero_phase,outward,2.0,0.2,-1.0,VisualCogB_Task-2,right,Training_mean_template,candidate_target_600ms,2.0,2.6,8.592311200822682,1.5846695408185807,-0.40212012024904187,3,6,47,True,False
zero_phase,outward,2.0,0.2,-1.0,VisualCogB_Task-2,left,Q2_visual_only,cue_stage,0.0,0.8,36.401667832630515,1.08483036437428,0.6592049842476406,3,6,44,True,False
zero_phase,outward,2.0,0.2,-1.0,VisualCogB_Task-2,left,Q2_visual_only,late_stage,0.8,2.8,23.792091564686153,1.1202133851068348,0.1877844275733433,3,6,44,True,False
zero_phase,outward,2.0,0.2,-1.0,VisualCogB_Task-2,left,Q2_visual_only,candidate_target_600ms,2.0,2.6,23.529036678685035,2.0823300687347444,0.2587693638000053,3,6,44,True,False
zero_phase,outward,2.0,0.2,-1.0,VisualCogB_Task-2,right,Q2_visual_only,cue_stage,0.0,0.8,34.38595910510159,0.9829733974750995,0.4612497714283954,3,6,47,True,False
zero_phase,outward,2.0,0.2,-1.0,VisualCogB_Task-2,right,Q2_visual_only,late_stage,0.8,2.8,18.87847938236472,1.0069219146396131,0.08210373556822621,3,6,47,True,False
zero_phase,outward,2.0,0.2,-1.0,VisualCogB_Task-2,right,Q2_visual_only,candidate_target_600ms,2.0,2.6,10.814551248864623,1.9945145795064383,0.31410685218587786,3,6,47,True,False
zero_phase,outward,2.0,0.2,-1.0,VisualCogB_Task-2,left,Q2_plus_memory,cue_stage,0.0,0.8,36.03786765975825,1.0739885129538713,0.6602525891319259,3,6,44,True,False
zero_phase,outward,2.0,0.2,-1.0,VisualCogB_Task-2,left,Q2_plus_memory,late_stage,0.8,2.8,23.692650177912085,1.1155313430848026,0.1820872381589644,3,6,44,True,False
zero_phase,outward,2.0,0.2,-1.0,VisualCogB_Task-2,left,Q2_plus_memory,candidate_target_600ms,2.0,2.6,22.74042210024611,2.0125373325615046,0.2814554392251843,3,6,44,True,False
zero_phase,outward,2.0,0.2,-1.0,VisualCogB_Task-2,right,Q2_plus_memory,cue_stage,0.0,0.8,33.46980112192498,0.9567836692027408,0.5821349568203087,3,6,47,True,False
zero_phase,outward,2.0,0.2,-1.0,VisualCogB_Task-2,right,Q2_plus_memory,late_stage,0.8,2.8,18.733633278327893,0.9991962544605896,0.13481107902766257,3,6,47,True,False
zero_phase,outward,2.0,0.2,-1.0,VisualCogB_Task-2,right,Q2_plus_memory,candidate_target_600ms,2.0,2.6,9.965912719674565,1.8380012041245266,0.3718486000320222,3,6,47,True,False
zero_phase,outward,2.0,0.2,-1.0,VisualCogB_Task-2,left,Q2_plus_memory_control,cue_stage,0.0,0.8,35.38314282425133,1.0544766217643369,0.6478208736304253,3,6,44,True,False
zero_phase,outward,2.0,0.2,-1.0,VisualCogB_Task-2,left,Q2_plus_memory_control,late_stage,0.8,2.8,23.610895777653376,1.111682065134094,0.28366478521142796,3,6,44,True,False
zero_phase,outward,2.0,0.2,-1.0,VisualCogB_Task-2,left,Q2_plus_memory_control,candidate_target_600ms,2.0,2.6,22.274769975325174,1.9713269152148611,0.3700690367104106,3,6,44,True,False
zero_phase,outward,2.0,0.2,-1.0,VisualCogB_Task-2,right,Q2_plus_memory_control,cue_stage,0.0,0.8,33.153196695083764,0.9477330643277528,0.5488545701560982,3,6,47,True,False
zero_phase,outward,2.0,0.2,-1.0,VisualCogB_Task-2,right,Q2_plus_memory_control,late_stage,0.8,2.8,18.655955379299204,0.9950531464680986,0.17896319361916133,3,6,47,True,False
zero_phase,outward,2.0,0.2,-1.0,VisualCogB_Task-2,right,Q2_plus_memory_control,candidate_target_600ms,2.0,2.6,9.464890519272439,1.7455982869472328,0.42667203587296076,3,6,47,True,False
zero_phase,outward,2.0,0.2,1.0,VisualCogA_Task-1,left,Training_mean_template,cue_stage,0.0,0.8,24.353480321004458,4.745078819267011,0.4317427489629862,3,6,45,True,False
zero_phase,outward,2.0,0.2,1.0,VisualCogA_Task-1,left,Training_mean_template,late_stage,0.8,2.8,14.058063376248118,4.256082261374945,0.08289001385021638,3,6,45,True,False
zero_phase,outward,2.0,0.2,1.0,VisualCogA_Task-1,left,Training_mean_template,candidate_target_600ms,2.0,2.6,11.977038553434035,6.659974378867618,-0.5140503187683216,3,6,45,True,False
zero_phase,outward,2.0,0.2,1.0,VisualCogA_Task-1,right,Training_mean_template,cue_stage,0.0,0.8,27.26455504758991,4.201082889056167,0.3232764914667962,3,6,41,True,False
zero_phase,outward,2.0,0.2,1.0,VisualCogA_Task-1,right,Training_mean_template,late_stage,0.8,2.8,13.001877552623991,2.154178894080687,0.6323042254594922,3,6,41,True,False
zero_phase,outward,2.0,0.2,1.0,VisualCogA_Task-1,right,Training_mean_template,candidate_target_600ms,2.0,2.6,12.782799469602129,3.2880684016258552,-0.09158170010082405,3,6,41,True,False
zero_phase,outward,2.0,0.2,1.0,VisualCogA_Task-1,left,Q2_visual_only,cue_stage,0.0,0.8,12.870259808126784,2.5076661080483738,-0.17613966051544971,3,6,45,True,False
zero_phase,outward,2.0,0.2,1.0,VisualCogA_Task-1,left,Q2_visual_only,late_stage,0.8,2.8,7.272871073988878,2.201863566753399,0.2858900782184263,3,6,45,True,False
zero_phase,outward,2.0,0.2,1.0,VisualCogA_Task-1,left,Q2_visual_only,candidate_target_600ms,2.0,2.6,8.949081424104467,4.976242894521476,-0.08895612368325101,3,6,45,True,False
zero_phase,outward,2.0,0.2,1.0,VisualCogA_Task-1,right,Q2_visual_only,cue_stage,0.0,0.8,15.539734390004785,2.394453609544515,-0.35063593571096624,3,6,41,True,False
zero_phase,outward,2.0,0.2,1.0,VisualCogA_Task-1,right,Q2_visual_only,late_stage,0.8,2.8,11.080233396802003,1.835796778447719,-0.14491087592706284,3,6,41,True,False
zero_phase,outward,2.0,0.2,1.0,VisualCogA_Task-1,right,Q2_visual_only,candidate_target_600ms,2.0,2.6,9.994984019139649,2.570969779056652,-0.14259598834018417,3,6,41,True,False
zero_phase,outward,2.0,0.2,1.0,VisualCogA_Task-1,left,Q2_plus_memory,cue_stage,0.0,0.8,13.027893364419164,2.5383797325205024,-0.17571200791651198,3,6,45,True,False
zero_phase,outward,2.0,0.2,1.0,VisualCogA_Task-1,left,Q2_plus_memory,late_stage,0.8,2.8,7.272921070236613,2.201878703130112,0.26820255978410945,3,6,45,True,False
zero_phase,outward,2.0,0.2,1.0,VisualCogA_Task-1,left,Q2_plus_memory,candidate_target_600ms,2.0,2.6,9.130197830426312,5.076954820955929,-0.13113771059049623,3,6,45,True,False
zero_phase,outward,2.0,0.2,1.0,VisualCogA_Task-1,right,Q2_plus_memory,cue_stage,0.0,0.8,15.76066121559262,2.4284953133277054,-0.36415557242485064,3,6,41,True,False
zero_phase,outward,2.0,0.2,1.0,VisualCogA_Task-1,right,Q2_plus_memory,late_stage,0.8,2.8,11.07917451792661,1.8356213411298756,-0.1565672108321986,3,6,41,True,False
zero_phase,outward,2.0,0.2,1.0,VisualCogA_Task-1,right,Q2_plus_memory,candidate_target_600ms,2.0,2.6,10.157670222775579,2.6128169007945647,-0.15860930122683775,3,6,41,True,False
zero_phase,outward,2.0,0.2,1.0,VisualCogA_Task-1,left,Q2_plus_memory_control,cue_stage,0.0,0.8,16.47343613019683,3.2097158940575143,-0.14190719650209294,3,6,45,True,False
zero_phase,outward,2.0,0.2,1.0,VisualCogA_Task-1,left,Q2_plus_memory_control,late_stage,0.8,2.8,7.528557328956106,2.2792726454521066,0.08663097733686036,3,6,45,True,False
zero_phase,outward,2.0,0.2,1.0,VisualCogA_Task-1,left,Q2_plus_memory_control,candidate_target_600ms,2.0,2.6,11.474959756333792,6.380787507259732,-0.4278929569997706,3,6,45,True,False
zero_phase,outward,2.0,0.2,1.0,VisualCogA_Task-1,right,Q2_plus_memory_control,cue_stage,0.0,0.8,18.37796435183893,2.8317847637502376,-0.2534451814041118,3,6,41,True,False
zero_phase,outward,2.0,0.2,1.0,VisualCogA_Task-1,right,Q2_plus_memory_control,late_stage,0.8,2.8,10.78148533490919,1.786299560298089,-0.031438297837788474,3,6,41,True,False
zero_phase,outward,2.0,0.2,1.0,VisualCogA_Task-1,right,Q2_plus_memory_control,candidate_target_600ms,2.0,2.6,11.2418354397894,2.8916923850484015,0.3023704461087827,3,6,41,True,False
zero_phase,outward,2.0,0.2,1.0,VisualCogA_Task-2,left,Training_mean_template,cue_stage,0.0,0.8,17.942668252010783,0.5616130895010134,0.9778792134801574,3,6,49,True,False
zero_phase,outward,2.0,0.2,1.0,VisualCogA_Task-2,left,Training_mean_template,late_stage,0.8,2.8,14.11515994647172,0.7172024522469914,0.8249400997850687,3,6,49,True,False
zero_phase,outward,2.0,0.2,1.0,VisualCogA_Task-2,left,Training_mean_template,candidate_target_600ms,2.0,2.6,5.86483674693109,0.7854992766225345,0.6465826347870633,3,6,49,True,False
zero_phase,outward,2.0,0.2,1.0,VisualCogA_Task-2,right,Training_mean_template,cue_stage,0.0,0.8,29.522392068994023,0.8499804956070128,0.8347233626213681,3,6,41,True,False
zero_phase,outward,2.0,0.2,1.0,VisualCogA_Task-2,right,Training_mean_template,late_stage,0.8,2.8,22.033639211302557,1.0152767067432606,0.7652449528820708,3,6,41,True,False
zero_phase,outward,2.0,0.2,1.0,VisualCogA_Task-2,right,Training_mean_template,candidate_target_600ms,2.0,2.6,21.948700386892437,2.1012217978063563,-0.6922461607410232,3,6,41,True,False
zero_phase,outward,2.0,0.2,1.0,VisualCogA_Task-2,left,Q2_visual_only,cue_stage,0.0,0.8,30.13633923106561,0.9432801378308168,0.5589981906628054,3,6,49,True,False
zero_phase,outward,2.0,0.2,1.0,VisualCogA_Task-2,left,Q2_visual_only,late_stage,0.8,2.8,19.260614924113867,0.978647093461552,0.24322356314886806,3,6,49,True,False
zero_phase,outward,2.0,0.2,1.0,VisualCogA_Task-2,left,Q2_visual_only,candidate_target_600ms,2.0,2.6,7.691860830063538,1.0301993693273228,0.5741498346343913,3,6,49,True,False
zero_phase,outward,2.0,0.2,1.0,VisualCogA_Task-2,right,Q2_visual_only,cue_stage,0.0,0.8,38.09516924988445,1.0967997025301064,0.26275760306277995,3,6,41,True,False
zero_phase,outward,2.0,0.2,1.0,VisualCogA_Task-2,right,Q2_visual_only,late_stage,0.8,2.8,25.970967398974107,1.1967028233012555,-0.09974781969586881,3,6,41,True,False
zero_phase,outward,2.0,0.2,1.0,VisualCogA_Task-2,right,Q2_visual_only,candidate_target_600ms,2.0,2.6,22.377896690478728,2.1423101817533166,-0.10488093824900324,3,6,41,True,False
zero_phase,outward,2.0,0.2,1.0,VisualCogA_Task-2,left,Q2_plus_memory,cue_stage,0.0,0.8,30.087957174477562,0.9417657590385888,0.5628826261578557,3,6,49,True,False
zero_phase,outward,2.0,0.2,1.0,VisualCogA_Task-2,left,Q2_plus_memory,late_stage,0.8,2.8,19.28529198295165,0.9799009543586172,0.2346458858316015,3,6,49,True,False
zero_phase,outward,2.0,0.2,1.0,VisualCogA_Task-2,left,Q2_plus_memory,candidate_target_600ms,2.0,2.6,7.610626020707498,1.0193192908632243,0.6042047810133501,3,6,49,True,False
zero_phase,outward,2.0,0.2,1.0,VisualCogA_Task-2,right,Q2_plus_memory,cue_stage,0.0,0.8,38.22702847345422,1.1005960672670243,0.22782062674246145,3,6,41,True,False
zero_phase,outward,2.0,0.2,1.0,VisualCogA_Task-2,right,Q2_plus_memory,late_stage,0.8,2.8,25.970158824267948,1.1966655654040488,-0.09943985665523565,3,6,41,True,False
zero_phase,outward,2.0,0.2,1.0,VisualCogA_Task-2,right,Q2_plus_memory,candidate_target_600ms,2.0,2.6,22.543048639342498,2.1581207249192342,-0.1623212501750233,3,6,41,True,False
zero_phase,outward,2.0,0.2,1.0,VisualCogA_Task-2,left,Q2_plus_memory_control,cue_stage,0.0,0.8,28.35690063615592,0.8875829587475119,0.6319505981271436,3,6,49,True,False
zero_phase,outward,2.0,0.2,1.0,VisualCogA_Task-2,left,Q2_plus_memory_control,late_stage,0.8,2.8,19.145643009392828,0.9728052794480967,0.2827560607067286,3,6,49,True,False
zero_phase,outward,2.0,0.2,1.0,VisualCogA_Task-2,left,Q2_plus_memory_control,candidate_target_600ms,2.0,2.6,7.54922483353885,1.0110956027733597,0.4679207473921472,3,6,49,True,False
zero_phase,outward,2.0,0.2,1.0,VisualCogA_Task-2,right,Q2_plus_memory_control,cue_stage,0.0,0.8,37.11361897394819,1.0685398451291974,0.3961535646032129,3,6,41,True,False
zero_phase,outward,2.0,0.2,1.0,VisualCogA_Task-2,right,Q2_plus_memory_control,late_stage,0.8,2.8,25.755984958491904,1.1867967582119971,-0.00365848978618254,3,6,41,True,False
zero_phase,outward,2.0,0.2,1.0,VisualCogA_Task-2,right,Q2_plus_memory_control,candidate_target_600ms,2.0,2.6,21.418790132051424,2.050491733669256,-0.03739093785870793,3,6,41,True,False
zero_phase,outward,2.0,0.2,1.0,VisualCogB_Task-1,left,Training_mean_template,cue_stage,0.0,0.8,20.152321295734094,1.8756942490310125,0.7767057748957286,3,6,43,True,False
zero_phase,outward,2.0,0.2,1.0,VisualCogB_Task-1,left,Training_mean_template,late_stage,0.8,2.8,16.527684592388866,3.996159706535847,0.18858882964125626,3,6,43,True,False
zero_phase,outward,2.0,0.2,1.0,VisualCogB_Task-1,left,Training_mean_template,candidate_target_600ms,2.0,2.6,14.39886479720722,4.070481079421422,0.33998256140416333,3,6,43,True,False
zero_phase,outward,2.0,0.2,1.0,VisualCogB_Task-1,right,Training_mean_template,cue_stage,0.0,0.8,20.384083337199673,1.9055213339803905,0.5878701690048956,3,6,45,True,False
zero_phase,outward,2.0,0.2,1.0,VisualCogB_Task-1,right,Training_mean_template,late_stage,0.8,2.8,16.056368692494058,2.851287073991265,0.2094399473240979,3,6,45,True,False
zero_phase,outward,2.0,0.2,1.0,VisualCogB_Task-1,right,Training_mean_template,candidate_target_600ms,2.0,2.6,14.722899222563747,2.4440443391724793,-0.8085314751196195,3,6,45,True,False
zero_phase,outward,2.0,0.2,1.0,VisualCogB_Task-1,left,Q2_visual_only,cue_stage,0.0,0.8,16.29736877786852,1.5168913021179589,0.2516257980776287,3,6,43,True,False
zero_phase,outward,2.0,0.2,1.0,VisualCogB_Task-1,left,Q2_visual_only,late_stage,0.8,2.8,11.707697159244269,2.8307551116773735,0.2793403812931489,3,6,43,True,False
zero_phase,outward,2.0,0.2,1.0,VisualCogB_Task-1,left,Q2_visual_only,candidate_target_600ms,2.0,2.6,11.995206349355511,3.390979856847991,-0.13243935404804705,3,6,43,True,False
zero_phase,outward,2.0,0.2,1.0,VisualCogB_Task-1,right,Q2_visual_only,cue_stage,0.0,0.8,14.903731893348674,1.3932134503626548,-0.2404012707171189,3,6,45,True,False
zero_phase,outward,2.0,0.2,1.0,VisualCogB_Task-1,right,Q2_visual_only,late_stage,0.8,2.8,11.185570056731914,1.9863315254396676,-0.1696358748986874,3,6,45,True,False
zero_phase,outward,2.0,0.2,1.0,VisualCogB_Task-1,right,Q2_visual_only,candidate_target_600ms,2.0,2.6,12.030021501238988,1.9970187600799532,-0.4927694792090254,3,6,45,True,False
zero_phase,outward,2.0,0.2,1.0,VisualCogB_Task-1,left,Q2_plus_memory,cue_stage,0.0,0.8,16.627779681010253,1.5476445747432461,0.20949029442985898,3,6,43,True,False
zero_phase,outward,2.0,0.2,1.0,VisualCogB_Task-1,left,Q2_plus_memory,late_stage,0.8,2.8,11.708189495075198,2.830874151498024,0.2654357756189628,3,6,43,True,False
zero_phase,outward,2.0,0.2,1.0,VisualCogB_Task-1,left,Q2_plus_memory,candidate_target_600ms,2.0,2.6,12.254696845864604,3.4643364145493174,-0.1737222412472878,3,6,43,True,False
zero_phase,outward,2.0,0.2,1.0,VisualCogB_Task-1,right,Q2_plus_memory,cue_stage,0.0,0.8,15.297241250852208,1.4299990375995106,-0.2869197222090587,3,6,45,True,False
zero_phase,outward,2.0,0.2,1.0,VisualCogB_Task-1,right,Q2_plus_memory,late_stage,0.8,2.8,11.242776283227814,1.9964901968854616,-0.20293670828800942,3,6,45,True,False
zero_phase,outward,2.0,0.2,1.0,VisualCogB_Task-1,right,Q2_plus_memory,candidate_target_600ms,2.0,2.6,12.412679498676919,2.060541107026671,-0.5633333695938039,3,6,45,True,False
zero_phase,outward,2.0,0.2,1.0,VisualCogB_Task-1,left,Q2_plus_memory_control,cue_stage,0.0,0.8,17.196764811146995,1.6006033441435517,0.3222425281097135,3,6,43,True,False
zero_phase,outward,2.0,0.2,1.0,VisualCogB_Task-1,left,Q2_plus_memory_control,late_stage,0.8,2.8,11.583815743392858,2.8008023424527,0.24007977807512423,3,6,43,True,False
zero_phase,outward,2.0,0.2,1.0,VisualCogB_Task-1,left,Q2_plus_memory_control,candidate_target_600ms,2.0,2.6,13.910668324413129,3.932470581126163,0.07405817996452381,3,6,43,True,False
zero_phase,outward,2.0,0.2,1.0,VisualCogB_Task-1,right,Q2_plus_memory_control,cue_stage,0.0,0.8,16.477535458756904,1.5403339374491136,-0.04019809678926414,3,6,45,True,False
zero_phase,outward,2.0,0.2,1.0,VisualCogB_Task-1,right,Q2_plus_memory_control,late_stage,0.8,2.8,11.442284409244843,2.0319188141377857,-0.22124553667541152,3,6,45,True,False
zero_phase,outward,2.0,0.2,1.0,VisualCogB_Task-1,right,Q2_plus_memory_control,candidate_target_600ms,2.0,2.6,14.207233285878267,2.3584422852285987,-0.4606194404723544,3,6,45,True,False
zero_phase,outward,2.0,0.2,1.0,VisualCogB_Task-2,left,Training_mean_template,cue_stage,0.0,0.8,29.925330604980914,0.8918247222486201,0.8874754406814326,3,6,44,True,False
zero_phase,outward,2.0,0.2,1.0,VisualCogB_Task-2,left,Training_mean_template,late_stage,0.8,2.8,20.92505270211325,0.9852233485754245,0.7986104501142345,3,6,44,True,False
zero_phase,outward,2.0,0.2,1.0,VisualCogB_Task-2,left,Training_mean_template,candidate_target_600ms,2.0,2.6,25.068517171983324,2.21857476779332,0.22446522450011935,3,6,44,True,False
zero_phase,outward,2.0,0.2,1.0,VisualCogB_Task-2,right,Training_mean_template,cue_stage,0.0,0.8,22.623078630841086,0.6467140961557449,0.9207145457673893,3,6,47,True,False
zero_phase,outward,2.0,0.2,1.0,VisualCogB_Task-2,right,Training_mean_template,late_stage,0.8,2.8,12.53780346035479,0.6687291285477598,0.8141075721263659,3,6,47,True,False
zero_phase,outward,2.0,0.2,1.0,VisualCogB_Task-2,right,Training_mean_template,candidate_target_600ms,2.0,2.6,8.592311200822682,1.5846695408185807,-0.40212012024904187,3,6,47,True,False
zero_phase,outward,2.0,0.2,1.0,VisualCogB_Task-2,left,Q2_visual_only,cue_stage,0.0,0.8,36.401667832630515,1.08483036437428,0.6592049842476406,3,6,44,True,False
zero_phase,outward,2.0,0.2,1.0,VisualCogB_Task-2,left,Q2_visual_only,late_stage,0.8,2.8,23.792091564686153,1.1202133851068348,0.1877844275733433,3,6,44,True,False
zero_phase,outward,2.0,0.2,1.0,VisualCogB_Task-2,left,Q2_visual_only,candidate_target_600ms,2.0,2.6,23.529036678685035,2.0823300687347444,0.2587693638000053,3,6,44,True,False
zero_phase,outward,2.0,0.2,1.0,VisualCogB_Task-2,right,Q2_visual_only,cue_stage,0.0,0.8,34.38595910510159,0.9829733974750995,0.4612497714283954,3,6,47,True,False
zero_phase,outward,2.0,0.2,1.0,VisualCogB_Task-2,right,Q2_visual_only,late_stage,0.8,2.8,18.87847938236472,1.0069219146396131,0.08210373556822621,3,6,47,True,False
zero_phase,outward,2.0,0.2,1.0,VisualCogB_Task-2,right,Q2_visual_only,candidate_target_600ms,2.0,2.6,10.814551248864623,1.9945145795064383,0.31410685218587786,3,6,47,True,False
zero_phase,outward,2.0,0.2,1.0,VisualCogB_Task-2,left,Q2_plus_memory,cue_stage,0.0,0.8,36.52181313395975,1.0884108945746578,0.6432062972832681,3,6,44,True,False
zero_phase,outward,2.0,0.2,1.0,VisualCogB_Task-2,left,Q2_plus_memory,late_stage,0.8,2.8,23.805353081422453,1.1208377828616278,0.173093346805481,3,6,44,True,False
zero_phase,outward,2.0,0.2,1.0,VisualCogB_Task-2,left,Q2_plus_memory,candidate_target_600ms,2.0,2.6,23.780736309600872,2.104605596496588,0.17651384210306542,3,6,44,True,False
zero_phase,outward,2.0,0.2,1.0,VisualCogB_Task-2,right,Q2_plus_memory,cue_stage,0.0,0.8,34.36264937072817,0.9823070543109826,0.48144644097580463,3,6,47,True,False
zero_phase,outward,2.0,0.2,1.0,VisualCogB_Task-2,right,Q2_plus_memory,late_stage,0.8,2.8,18.916107165154166,1.0089288686067521,0.06460430227448906,3,6,47,True,False
zero_phase,outward,2.0,0.2,1.0,VisualCogB_Task-2,right,Q2_plus_memory,candidate_target_600ms,2.0,2.6,11.078632203740558,2.0432187099460006,0.23140172434277523,3,6,47,True,False
zero_phase,outward,2.0,0.2,1.0,VisualCogB_Task-2,left,Q2_plus_memory_control,cue_stage,0.0,0.8,35.41860215401965,1.0555333688839992,0.632270305810393,3,6,44,True,False
zero_phase,outward,2.0,0.2,1.0,VisualCogB_Task-2,left,Q2_plus_memory_control,late_stage,0.8,2.8,23.498711975432187,1.1064000664288234,0.3617616515394557,3,6,44,True,False
zero_phase,outward,2.0,0.2,1.0,VisualCogB_Task-2,left,Q2_plus_memory_control,candidate_target_600ms,2.0,2.6,22.446502909075836,1.986525355194556,0.42338463789990055,3,6,44,True,False
zero_phase,outward,2.0,0.2,1.0,VisualCogB_Task-2,right,Q2_plus_memory_control,cue_stage,0.0,0.8,32.93603379914299,0.9415251423972937,0.561198855553207,3,6,47,True,False
zero_phase,outward,2.0,0.2,1.0,VisualCogB_Task-2,right,Q2_plus_memory_control,late_stage,0.8,2.8,18.57826560946312,0.9909094053220646,0.22006851565496302,3,6,47,True,False
zero_phase,outward,2.0,0.2,1.0,VisualCogB_Task-2,right,Q2_plus_memory_control,candidate_target_600ms,2.0,2.6,9.83554205469715,1.8139571003930193,0.3782685627520391,3,6,47,True,False
zero_phase,dots,2.2,0.2,-1.0,VisualCogA_Task-1,left,Training_mean_template,cue_stage,0.0,0.8,24.353480321004458,4.745078819267011,0.4317427489629862,3,6,45,True,False
zero_phase,dots,2.2,0.2,-1.0,VisualCogA_Task-1,left,Training_mean_template,late_stage,0.8,2.8,14.058063376248118,4.256082261374945,0.08289001385021638,3,6,45,True,False
zero_phase,dots,2.2,0.2,-1.0,VisualCogA_Task-1,left,Training_mean_template,candidate_target_600ms,2.2,2.8000000000000003,11.59339823037067,3.775757555773878,0.06486639758644093,3,6,45,True,False
zero_phase,dots,2.2,0.2,-1.0,VisualCogA_Task-1,right,Training_mean_template,cue_stage,0.0,0.8,27.26455504758991,4.201082889056167,0.3232764914667962,3,6,41,True,False
zero_phase,dots,2.2,0.2,-1.0,VisualCogA_Task-1,right,Training_mean_template,late_stage,0.8,2.8,13.001877552623991,2.154178894080687,0.6323042254594922,3,6,41,True,False
zero_phase,dots,2.2,0.2,-1.0,VisualCogA_Task-1,right,Training_mean_template,candidate_target_600ms,2.2,2.8000000000000003,16.01675069963518,3.178972316306632,-0.20756076775632468,3,6,41,True,False
zero_phase,dots,2.2,0.2,-1.0,VisualCogA_Task-1,left,Q2_visual_only,cue_stage,0.0,0.8,11.502186652443424,2.2411081102314463,-0.17437423617946016,3,6,45,True,False
zero_phase,dots,2.2,0.2,-1.0,VisualCogA_Task-1,left,Q2_visual_only,late_stage,0.8,2.8,7.010268019698573,2.1223604253010566,0.052320864723286536,3,6,45,True,False
zero_phase,dots,2.2,0.2,-1.0,VisualCogA_Task-1,left,Q2_visual_only,candidate_target_600ms,2.2,2.8000000000000003,7.780380032732253,2.533927336199316,-0.33990705994807835,3,6,45,True,False
zero_phase,dots,2.2,0.2,-1.0,VisualCogA_Task-1,right,Q2_visual_only,cue_stage,0.0,0.8,14.138540452092661,2.178549412078721,-0.3552691740068596,3,6,41,True,False
zero_phase,dots,2.2,0.2,-1.0,VisualCogA_Task-1,right,Q2_visual_only,late_stage,0.8,2.8,9.84004520755836,1.6303197455235294,0.026695948592705493,3,6,41,True,False
zero_phase,dots,2.2,0.2,-1.0,VisualCogA_Task-1,right,Q2_visual_only,candidate_target_600ms,2.2,2.8000000000000003,11.217009663528492,2.2263294135503564,-0.2747880269253325,3,6,41,True,False
zero_phase,dots,2.2,0.2,-1.0,VisualCogA_Task-1,left,Q2_plus_memory,cue_stage,0.0,0.8,11.655787633170473,2.2710360199453588,-0.14017440483851384,3,6,45,True,False
zero_phase,dots,2.2,0.2,-1.0,VisualCogA_Task-1,left,Q2_plus_memory,late_stage,0.8,2.8,6.929092422518362,2.097784492616122,0.11221817975536472,3,6,45,True,False
zero_phase,dots,2.2,0.2,-1.0,VisualCogA_Task-1,left,Q2_plus_memory,candidate_target_600ms,2.2,2.8000000000000003,8.053752101418768,2.622959614170815,-0.3596929273097392,3,6,45,True,False
zero_phase,dots,2.2,0.2,-1.0,VisualCogA_Task-1,right,Q2_plus_memory,cue_stage,0.0,0.8,14.000934399686098,2.157346262744843,-0.2669784539067973,3,6,41,True,False
zero_phase,dots,2.2,0.2,-1.0,VisualCogA_Task-1,right,Q2_plus_memory,late_stage,0.8,2.8,10.160050526926414,1.683338911577519,-0.06230363378222065,3,6,41,True,False
zero_phase,dots,2.2,0.2,-1.0,VisualCogA_Task-1,right,Q2_plus_memory,candidate_target_600ms,2.2,2.8000000000000003,11.702819489028029,2.322751966115151,-0.33618148813607396,3,6,41,True,False
zero_phase,dots,2.2,0.2,-1.0,VisualCogA_Task-1,left,Q2_plus_memory_control,cue_stage,0.0,0.8,14.653313419753989,2.8550796938943592,-0.18321494931067275,3,6,45,True,False
zero_phase,dots,2.2,0.2,-1.0,VisualCogA_Task-1,left,Q2_plus_memory_control,late_stage,0.8,2.8,7.145736783937702,2.163373628116935,0.01675294246929363,3,6,45,True,False
zero_phase,dots,2.2,0.2,-1.0,VisualCogA_Task-1,left,Q2_plus_memory_control,candidate_target_600ms,2.2,2.8000000000000003,9.123728258793198,2.971431259880447,-0.2069857521754055,3,6,45,True,False
zero_phase,dots,2.2,0.2,-1.0,VisualCogA_Task-1,right,Q2_plus_memory_control,cue_stage,0.0,0.8,17.114233207297428,2.6370616414240593,-0.3302007089689462,3,6,41,True,False
zero_phase,dots,2.2,0.2,-1.0,VisualCogA_Task-1,right,Q2_plus_memory_control,late_stage,0.8,2.8,10.225766543176421,1.6942268817676596,-0.028991149392258473,3,6,41,True,False
zero_phase,dots,2.2,0.2,-1.0,VisualCogA_Task-1,right,Q2_plus_memory_control,candidate_target_600ms,2.2,2.8000000000000003,12.813400937696619,2.5431779280676947,-0.19831089153195208,3,6,41,True,False
zero_phase,dots,2.2,0.2,-1.0,VisualCogA_Task-2,left,Training_mean_template,cue_stage,0.0,0.8,17.942668252010783,0.5616130895010134,0.9778792134801574,3,6,49,True,False
zero_phase,dots,2.2,0.2,-1.0,VisualCogA_Task-2,left,Training_mean_template,late_stage,0.8,2.8,14.11515994647172,0.7172024522469914,0.8249400997850687,3,6,49,True,False
zero_phase,dots,2.2,0.2,-1.0,VisualCogA_Task-2,left,Training_mean_template,candidate_target_600ms,2.2,2.8000000000000003,6.915571138800232,0.9031167916970531,0.6900909996738115,3,6,49,True,False
zero_phase,dots,2.2,0.2,-1.0,VisualCogA_Task-2,right,Training_mean_template,cue_stage,0.0,0.8,29.522392068994023,0.8499804956070128,0.8347233626213681,3,6,41,True,False
zero_phase,dots,2.2,0.2,-1.0,VisualCogA_Task-2,right,Training_mean_template,late_stage,0.8,2.8,22.033639211302557,1.0152767067432606,0.7652449528820708,3,6,41,True,False
zero_phase,dots,2.2,0.2,-1.0,VisualCogA_Task-2,right,Training_mean_template,candidate_target_600ms,2.2,2.8000000000000003,23.774915649693398,2.0909020276521604,-0.6567645954050718,3,6,41,True,False
zero_phase,dots,2.2,0.2,-1.0,VisualCogA_Task-2,left,Q2_visual_only,cue_stage,0.0,0.8,30.755310228204877,0.9626541912955767,0.4981149299127253,3,6,49,True,False
zero_phase,dots,2.2,0.2,-1.0,VisualCogA_Task-2,left,Q2_visual_only,late_stage,0.8,2.8,19.54223472379889,0.9929564184498171,0.15882207724813946,3,6,49,True,False
zero_phase,dots,2.2,0.2,-1.0,VisualCogA_Task-2,left,Q2_visual_only,candidate_target_600ms,2.2,2.8000000000000003,10.66162623504309,1.3923208201334054,0.507346628624396,3,6,49,True,False
zero_phase,dots,2.2,0.2,-1.0,VisualCogA_Task-2,right,Q2_visual_only,cue_stage,0.0,0.8,38.59650532188216,1.1112336915492358,0.18767883681900668,3,6,41,True,False
zero_phase,dots,2.2,0.2,-1.0,VisualCogA_Task-2,right,Q2_visual_only,late_stage,0.8,2.8,26.128683013342393,1.20397011982101,-0.1365154705991301,3,6,41,True,False
zero_phase,dots,2.2,0.2,-1.0,VisualCogA_Task-2,right,Q2_visual_only,candidate_target_600ms,2.2,2.8000000000000003,23.465389802042395,2.06368055473507,-0.10395683989683649,3,6,41,True,False
zero_phase,dots,2.2,0.2,-1.0,VisualCogA_Task-2,left,Q2_plus_memory,cue_stage,0.0,0.8,30.246220116366864,0.9467194559190966,0.5786877476978185,3,6,49,True,False
zero_phase,dots,2.2,0.2,-1.0,VisualCogA_Task-2,left,Q2_plus_memory,late_stage,0.8,2.8,19.59267441173216,0.9955192989282176,0.13765535386681235,3,6,49,True,False
zero_phase,dots,2.2,0.2,-1.0,VisualCogA_Task-2,left,Q2_plus_memory,candidate_target_600ms,2.2,2.8000000000000003,10.547320060963742,1.3773933726191259,0.48786642775056743,3,6,49,True,False
zero_phase,dots,2.2,0.2,-1.0,VisualCogA_Task-2,right,Q2_plus_memory,cue_stage,0.0,0.8,38.433891152736564,1.1065518598141895,0.285710716518149,3,6,41,True,False
zero_phase,dots,2.2,0.2,-1.0,VisualCogA_Task-2,right,Q2_plus_memory,late_stage,0.8,2.8,26.17590004878667,1.206145809265151,-0.1824151277929331,3,6,41,True,False
zero_phase,dots,2.2,0.2,-1.0,VisualCogA_Task-2,right,Q2_plus_memory,candidate_target_600ms,2.2,2.8000000000000003,23.299454202099096,2.049087229253152,-0.1281550112972857,3,6,41,True,False
zero_phase,dots,2.2,0.2,-1.0,VisualCogA_Task-2,left,Q2_plus_memory_control,cue_stage,0.0,0.8,29.412278808518487,0.9206167409948123,0.5898417355948284,3,6,49,True,False
zero_phase,dots,2.2,0.2,-1.0,VisualCogA_Task-2,left,Q2_plus_memory_control,late_stage,0.8,2.8,19.564871981773937,0.9941066354500792,0.15612101433040268,3,6,49,True,False
zero_phase,dots,2.2,0.2,-1.0,VisualCogA_Task-2,left,Q2_plus_memory_control,candidate_target_600ms,2.2,2.8000000000000003,10.577300081223793,1.3813085170329202,0.4166090894659451,3,6,49,True,False
zero_phase,dots,2.2,0.2,-1.0,VisualCogA_Task-2,right,Q2_plus_memory_control,cue_stage,0.0,0.8,37.62612040190904,1.0832952964056193,0.31217251451224703,3,6,41,True,False
zero_phase,dots,2.2,0.2,-1.0,VisualCogA_Task-2,right,Q2_plus_memory_control,late_stage,0.8,2.8,26.149183243139216,1.2049147393455468,-0.11283260145830733,3,6,41,True,False
zero_phase,dots,2.2,0.2,-1.0,VisualCogA_Task-2,right,Q2_plus_memory_control,candidate_target_600ms,2.2,2.8000000000000003,23.398305724827402,2.057780797396759,-0.23069639365339448,3,6,41,True,False
zero_phase,dots,2.2,0.2,-1.0,VisualCogB_Task-1,left,Training_mean_template,cue_stage,0.0,0.8,20.152321295734094,1.8756942490310125,0.7767057748957286,3,6,43,True,False
zero_phase,dots,2.2,0.2,-1.0,VisualCogB_Task-1,left,Training_mean_template,late_stage,0.8,2.8,16.527684592388866,3.996159706535847,0.18858882964125626,3,6,43,True,False
zero_phase,dots,2.2,0.2,-1.0,VisualCogB_Task-1,left,Training_mean_template,candidate_target_600ms,2.2,2.8000000000000003,16.33663620139436,3.432784003007164,0.3205129788718092,3,6,43,True,False
zero_phase,dots,2.2,0.2,-1.0,VisualCogB_Task-1,right,Training_mean_template,cue_stage,0.0,0.8,20.384083337199673,1.9055213339803905,0.5878701690048956,3,6,45,True,False
zero_phase,dots,2.2,0.2,-1.0,VisualCogB_Task-1,right,Training_mean_template,late_stage,0.8,2.8,16.056368692494058,2.851287073991265,0.2094399473240979,3,6,45,True,False
zero_phase,dots,2.2,0.2,-1.0,VisualCogB_Task-1,right,Training_mean_template,candidate_target_600ms,2.2,2.8000000000000003,14.990946774585039,2.320719698955194,-0.5853817520767917,3,6,45,True,False
zero_phase,dots,2.2,0.2,-1.0,VisualCogB_Task-1,left,Q2_visual_only,cue_stage,0.0,0.8,15.87030243602194,1.4771417432656042,0.19972127352689056,3,6,43,True,False
zero_phase,dots,2.2,0.2,-1.0,VisualCogB_Task-1,left,Q2_visual_only,late_stage,0.8,2.8,11.149397598985397,2.6957661969015794,0.3317163214617829,3,6,43,True,False
zero_phase,dots,2.2,0.2,-1.0,VisualCogB_Task-1,left,Q2_visual_only,candidate_target_600ms,2.2,2.8000000000000003,11.74257967019895,2.4674442858962355,-0.09848247005131103,3,6,43,True,False
zero_phase,dots,2.2,0.2,-1.0,VisualCogB_Task-1,right,Q2_visual_only,cue_stage,0.0,0.8,14.381277895912449,1.3443740092325622,-0.3622864905631547,3,6,45,True,False
zero_phase,dots,2.2,0.2,-1.0,VisualCogB_Task-1,right,Q2_visual_only,late_stage,0.8,2.8,10.62501714113338,1.8867886391778832,-0.21632835945619125,3,6,45,True,False
zero_phase,dots,2.2,0.2,-1.0,VisualCogB_Task-1,right,Q2_visual_only,candidate_target_600ms,2.2,2.8000000000000003,12.172877530017484,1.88445980775371,-0.7157373591198052,3,6,45,True,False
zero_phase,dots,2.2,0.2,-1.0,VisualCogB_Task-1,left,Q2_plus_memory,cue_stage,0.0,0.8,15.238449154129919,1.4183314677800147,0.2746947086496654,3,6,43,True,False
zero_phase,dots,2.2,0.2,-1.0,VisualCogB_Task-1,left,Q2_plus_memory,late_stage,0.8,2.8,11.271153005230788,2.7252049271587384,0.3024426511228381,3,6,43,True,False
zero_phase,dots,2.2,0.2,-1.0,VisualCogB_Task-1,left,Q2_plus_memory,candidate_target_600ms,2.2,2.8000000000000003,12.050766219815896,2.532202896201626,-0.11834206886890675,3,6,43,True,False
zero_phase,dots,2.2,0.2,-1.0,VisualCogB_Task-1,right,Q2_plus_memory,cue_stage,0.0,0.8,14.252564962935853,1.3323418155013633,-0.24077609213824802,3,6,45,True,False
zero_phase,dots,2.2,0.2,-1.0,VisualCogB_Task-1,right,Q2_plus_memory,late_stage,0.8,2.8,10.808799519548975,1.9194246809902962,-0.264103215749805,3,6,45,True,False
zero_phase,dots,2.2,0.2,-1.0,VisualCogB_Task-1,right,Q2_plus_memory,candidate_target_600ms,2.2,2.8000000000000003,12.350475261607407,1.911953371728551,-0.7020301460769224,3,6,45,True,False
zero_phase,dots,2.2,0.2,-1.0,VisualCogB_Task-1,left,Q2_plus_memory_control,cue_stage,0.0,0.8,16.946861577331866,1.57734339053312,0.25897008793442217,3,6,43,True,False
zero_phase,dots,2.2,0.2,-1.0,VisualCogB_Task-1,left,Q2_plus_memory_control,late_stage,0.8,2.8,11.016866037393129,2.6637219451300282,0.32268164501971097,3,6,43,True,False
zero_phase,dots,2.2,0.2,-1.0,VisualCogB_Task-1,left,Q2_plus_memory_control,candidate_target_600ms,2.2,2.8000000000000003,12.67776411435537,2.6639526833524574,0.040342235320156995,3,6,43,True,False
zero_phase,dots,2.2,0.2,-1.0,VisualCogB_Task-1,right,Q2_plus_memory_control,cue_stage,0.0,0.8,15.886449582571935,1.485078730302787,-0.18285373060833252,3,6,45,True,False
zero_phase,dots,2.2,0.2,-1.0,VisualCogB_Task-1,right,Q2_plus_memory_control,late_stage,0.8,2.8,10.694209636776717,1.899075830150103,-0.15210209456539162,3,6,45,True,False
zero_phase,dots,2.2,0.2,-1.0,VisualCogB_Task-1,right,Q2_plus_memory_control,candidate_target_600ms,2.2,2.8000000000000003,13.011772241874743,2.014327488056402,-0.45084543767524093,3,6,45,True,False
zero_phase,dots,2.2,0.2,-1.0,VisualCogB_Task-2,left,Training_mean_template,cue_stage,0.0,0.8,29.925330604980914,0.8918247222486201,0.8874754406814326,3,6,44,True,False
zero_phase,dots,2.2,0.2,-1.0,VisualCogB_Task-2,left,Training_mean_template,late_stage,0.8,2.8,20.92505270211325,0.9852233485754245,0.7986104501142345,3,6,44,True,False
zero_phase,dots,2.2,0.2,-1.0,VisualCogB_Task-2,left,Training_mean_template,candidate_target_600ms,2.2,2.8000000000000003,23.053627863440415,2.073408702564747,0.3634064899507505,3,6,44,True,False
zero_phase,dots,2.2,0.2,-1.0,VisualCogB_Task-2,right,Training_mean_template,cue_stage,0.0,0.8,22.623078630841086,0.6467140961557449,0.9207145457673893,3,6,47,True,False
zero_phase,dots,2.2,0.2,-1.0,VisualCogB_Task-2,right,Training_mean_template,late_stage,0.8,2.8,12.53780346035479,0.6687291285477598,0.8141075721263659,3,6,47,True,False
zero_phase,dots,2.2,0.2,-1.0,VisualCogB_Task-2,right,Training_mean_template,candidate_target_600ms,2.2,2.8000000000000003,11.194314454326992,1.652541905722566,-0.37890337835527804,3,6,47,True,False
zero_phase,dots,2.2,0.2,-1.0,VisualCogB_Task-2,left,Q2_visual_only,cue_stage,0.0,0.8,37.15195074904149,1.107190045621201,0.6661393287600107,3,6,44,True,False
zero_phase,dots,2.2,0.2,-1.0,VisualCogB_Task-2,left,Q2_visual_only,late_stage,0.8,2.8,23.848083007151196,1.122849654521411,0.2407671022256811,3,6,44,True,False
zero_phase,dots,2.2,0.2,-1.0,VisualCogB_Task-2,left,Q2_visual_only,candidate_target_600ms,2.2,2.8000000000000003,22.86851361586791,2.056759804865907,0.6275371220576337,3,6,44,True,False
zero_phase,dots,2.2,0.2,-1.0,VisualCogB_Task-2,right,Q2_visual_only,cue_stage,0.0,0.8,34.94908470521529,0.9990711739732645,0.42549712420133223,3,6,47,True,False
zero_phase,dots,2.2,0.2,-1.0,VisualCogB_Task-2,right,Q2_visual_only,late_stage,0.8,2.8,19.0282770281568,1.014911675321841,-0.005070293849420555,3,6,47,True,False
zero_phase,dots,2.2,0.2,-1.0,VisualCogB_Task-2,right,Q2_visual_only,candidate_target_600ms,2.2,2.8000000000000003,12.632677357938427,1.8648778181674688,0.4610901669819911,3,6,47,True,False
zero_phase,dots,2.2,0.2,-1.0,VisualCogB_Task-2,left,Q2_plus_memory,cue_stage,0.0,0.8,36.93882629622369,1.1008385817577744,0.6418880911182374,3,6,44,True,False
zero_phase,dots,2.2,0.2,-1.0,VisualCogB_Task-2,left,Q2_plus_memory,late_stage,0.8,2.8,24.006587506031796,1.1303125907144294,0.08379671600950128,3,6,44,True,False
zero_phase,dots,2.2,0.2,-1.0,VisualCogB_Task-2,left,Q2_plus_memory,candidate_target_600ms,2.2,2.8000000000000003,22.720813442762097,2.0434758728920777,0.4858596575547964,3,6,44,True,False
zero_phase,dots,2.2,0.2,-1.0,VisualCogB_Task-2,right,Q2_plus_memory,cue_stage,0.0,0.8,34.38236148479032,0.9828705541881234,0.5385811777017364,3,6,47,True,False
zero_phase,dots,2.2,0.2,-1.0,VisualCogB_Task-2,right,Q2_plus_memory,late_stage,0.8,2.8,19.180574233839593,1.0230347550908414,-0.11823718865127085,3,6,47,True,False
zero_phase,dots,2.2,0.2,-1.0,VisualCogB_Task-2,right,Q2_plus_memory,candidate_target_600ms,2.2,2.8000000000000003,12.450684755831956,1.8380114653649364,0.3599428737827522,3,6,47,True,False
zero_phase,dots,2.2,0.2,-1.0,VisualCogB_Task-2,left,Q2_plus_memory_control,cue_stage,0.0,0.8,36.03817600493476,1.073997702153985,0.6214398391385672,3,6,44,True,False
zero_phase,dots,2.2,0.2,-1.0,VisualCogB_Task-2,left,Q2_plus_memory_control,late_stage,0.8,2.8,23.93111031902327,1.126758865522708,0.18051183181471828,3,6,44,True,False
zero_phase,dots,2.2,0.2,-1.0,VisualCogB_Task-2,left,Q2_plus_memory_control,candidate_target_600ms,2.2,2.8000000000000003,23.035660178700045,2.0717927159562053,0.1383089573545562,3,6,44,True,False
zero_phase,dots,2.2,0.2,-1.0,VisualCogB_Task-2,right,Q2_plus_memory_control,cue_stage,0.0,0.8,33.79567586811463,0.9660992798400444,0.5090466104263806,3,6,47,True,False
zero_phase,dots,2.2,0.2,-1.0,VisualCogB_Task-2,right,Q2_plus_memory_control,late_stage,0.8,2.8,19.049958354515002,1.0160680927538996,0.0077388871473691705,3,6,47,True,False
zero_phase,dots,2.2,0.2,-1.0,VisualCogB_Task-2,right,Q2_plus_memory_control,candidate_target_600ms,2.2,2.8000000000000003,12.6224042198956,1.8633612633852792,0.15525606396008101,3,6,47,True,False
zero_phase,dots,2.2,0.2,1.0,VisualCogA_Task-1,left,Training_mean_template,cue_stage,0.0,0.8,24.353480321004458,4.745078819267011,0.4317427489629862,3,6,45,True,False
zero_phase,dots,2.2,0.2,1.0,VisualCogA_Task-1,left,Training_mean_template,late_stage,0.8,2.8,14.058063376248118,4.256082261374945,0.08289001385021638,3,6,45,True,False
zero_phase,dots,2.2,0.2,1.0,VisualCogA_Task-1,left,Training_mean_template,candidate_target_600ms,2.2,2.8000000000000003,11.59339823037067,3.775757555773878,0.06486639758644093,3,6,45,True,False
zero_phase,dots,2.2,0.2,1.0,VisualCogA_Task-1,right,Training_mean_template,cue_stage,0.0,0.8,27.26455504758991,4.201082889056167,0.3232764914667962,3,6,41,True,False
zero_phase,dots,2.2,0.2,1.0,VisualCogA_Task-1,right,Training_mean_template,late_stage,0.8,2.8,13.001877552623991,2.154178894080687,0.6323042254594922,3,6,41,True,False
zero_phase,dots,2.2,0.2,1.0,VisualCogA_Task-1,right,Training_mean_template,candidate_target_600ms,2.2,2.8000000000000003,16.01675069963518,3.178972316306632,-0.20756076775632468,3,6,41,True,False
zero_phase,dots,2.2,0.2,1.0,VisualCogA_Task-1,left,Q2_visual_only,cue_stage,0.0,0.8,11.502186652443424,2.2411081102314463,-0.17437423617946016,3,6,45,True,False
zero_phase,dots,2.2,0.2,1.0,VisualCogA_Task-1,left,Q2_visual_only,late_stage,0.8,2.8,7.010268019698573,2.1223604253010566,0.052320864723286536,3,6,45,True,False
zero_phase,dots,2.2,0.2,1.0,VisualCogA_Task-1,left,Q2_visual_only,candidate_target_600ms,2.2,2.8000000000000003,7.780380032732253,2.533927336199316,-0.33990705994807835,3,6,45,True,False
zero_phase,dots,2.2,0.2,1.0,VisualCogA_Task-1,right,Q2_visual_only,cue_stage,0.0,0.8,14.138540452092661,2.178549412078721,-0.3552691740068596,3,6,41,True,False
zero_phase,dots,2.2,0.2,1.0,VisualCogA_Task-1,right,Q2_visual_only,late_stage,0.8,2.8,9.84004520755836,1.6303197455235294,0.026695948592705493,3,6,41,True,False
zero_phase,dots,2.2,0.2,1.0,VisualCogA_Task-1,right,Q2_visual_only,candidate_target_600ms,2.2,2.8000000000000003,11.217009663528492,2.2263294135503564,-0.2747880269253325,3,6,41,True,False
zero_phase,dots,2.2,0.2,1.0,VisualCogA_Task-1,left,Q2_plus_memory,cue_stage,0.0,0.8,10.981938214021469,2.1397419065770302,-0.12742881239928527,3,6,45,True,False
zero_phase,dots,2.2,0.2,1.0,VisualCogA_Task-1,left,Q2_plus_memory,late_stage,0.8,2.8,7.281243261853186,2.204398248757919,0.05927522918134388,3,6,45,True,False
zero_phase,dots,2.2,0.2,1.0,VisualCogA_Task-1,left,Q2_plus_memory,candidate_target_600ms,2.2,2.8000000000000003,7.892892885849841,2.570570712613966,-0.28287322469585274,3,6,45,True,False
zero_phase,dots,2.2,0.2,1.0,VisualCogA_Task-1,right,Q2_plus_memory,cue_stage,0.0,0.8,13.402043935071376,2.065065699980471,-0.27286459833697874,3,6,41,True,False
zero_phase,dots,2.2,0.2,1.0,VisualCogA_Task-1,right,Q2_plus_memory,late_stage,0.8,2.8,9.847953771422349,1.6316300533071044,0.09537463384356759,3,6,41,True,False
zero_phase,dots,2.2,0.2,1.0,VisualCogA_Task-1,right,Q2_plus_memory,candidate_target_600ms,2.2,2.8000000000000003,11.08341416117427,2.199813648178743,-0.23192988684829652,3,6,41,True,False
zero_phase,dots,2.2,0.2,1.0,VisualCogA_Task-1,left,Q2_plus_memory_control,cue_stage,0.0,0.8,16.238343373383696,3.1639099703778926,-0.13812592952793137,3,6,45,True,False
zero_phase,dots,2.2,0.2,1.0,VisualCogA_Task-1,left,Q2_plus_memory_control,late_stage,0.8,2.8,7.721331053871258,2.3376349396822467,-0.0011926405523656409,3,6,45,True,False
zero_phase,dots,2.2,0.2,1.0,VisualCogA_Task-1,left,Q2_plus_memory_control,candidate_target_600ms,2.2,2.8000000000000003,10.06466849299409,3.277878267756762,-0.05691378897463074,3,6,45,True,False
zero_phase,dots,2.2,0.2,1.0,VisualCogA_Task-1,right,Q2_plus_memory_control,cue_stage,0.0,0.8,18.06602928112061,2.783719974656711,-0.23519596274331508,3,6,41,True,False
zero_phase,dots,2.2,0.2,1.0,VisualCogA_Task-1,right,Q2_plus_memory_control,late_stage,0.8,2.8,9.972538452135028,1.6522715097914313,0.19269556763832518,3,6,41,True,False
zero_phase,dots,2.2,0.2,1.0,VisualCogA_Task-1,right,Q2_plus_memory_control,candidate_target_600ms,2.2,2.8000000000000003,13.04037704748442,2.5882276877230552,0.17284876014808506,3,6,41,True,False
zero_phase,dots,2.2,0.2,1.0,VisualCogA_Task-2,left,Training_mean_template,cue_stage,0.0,0.8,17.942668252010783,0.5616130895010134,0.9778792134801574,3,6,49,True,False
zero_phase,dots,2.2,0.2,1.0,VisualCogA_Task-2,left,Training_mean_template,late_stage,0.8,2.8,14.11515994647172,0.7172024522469914,0.8249400997850687,3,6,49,True,False
zero_phase,dots,2.2,0.2,1.0,VisualCogA_Task-2,left,Training_mean_template,candidate_target_600ms,2.2,2.8000000000000003,6.915571138800232,0.9031167916970531,0.6900909996738115,3,6,49,True,False
zero_phase,dots,2.2,0.2,1.0,VisualCogA_Task-2,right,Training_mean_template,cue_stage,0.0,0.8,29.522392068994023,0.8499804956070128,0.8347233626213681,3,6,41,True,False
zero_phase,dots,2.2,0.2,1.0,VisualCogA_Task-2,right,Training_mean_template,late_stage,0.8,2.8,22.033639211302557,1.0152767067432606,0.7652449528820708,3,6,41,True,False
zero_phase,dots,2.2,0.2,1.0,VisualCogA_Task-2,right,Training_mean_template,candidate_target_600ms,2.2,2.8000000000000003,23.774915649693398,2.0909020276521604,-0.6567645954050718,3,6,41,True,False
zero_phase,dots,2.2,0.2,1.0,VisualCogA_Task-2,left,Q2_visual_only,cue_stage,0.0,0.8,30.755310228204877,0.9626541912955767,0.4981149299127253,3,6,49,True,False
zero_phase,dots,2.2,0.2,1.0,VisualCogA_Task-2,left,Q2_visual_only,late_stage,0.8,2.8,19.54223472379889,0.9929564184498171,0.15882207724813946,3,6,49,True,False
zero_phase,dots,2.2,0.2,1.0,VisualCogA_Task-2,left,Q2_visual_only,candidate_target_600ms,2.2,2.8000000000000003,10.66162623504309,1.3923208201334054,0.507346628624396,3,6,49,True,False
zero_phase,dots,2.2,0.2,1.0,VisualCogA_Task-2,right,Q2_visual_only,cue_stage,0.0,0.8,38.59650532188216,1.1112336915492358,0.18767883681900668,3,6,41,True,False
zero_phase,dots,2.2,0.2,1.0,VisualCogA_Task-2,right,Q2_visual_only,late_stage,0.8,2.8,26.128683013342393,1.20397011982101,-0.1365154705991301,3,6,41,True,False
zero_phase,dots,2.2,0.2,1.0,VisualCogA_Task-2,right,Q2_visual_only,candidate_target_600ms,2.2,2.8000000000000003,23.465389802042395,2.06368055473507,-0.10395683989683649,3,6,41,True,False
zero_phase,dots,2.2,0.2,1.0,VisualCogA_Task-2,left,Q2_plus_memory,cue_stage,0.0,0.8,30.510184878683607,0.9549816643934406,0.5568985940733469,3,6,49,True,False
zero_phase,dots,2.2,0.2,1.0,VisualCogA_Task-2,left,Q2_plus_memory,late_stage,0.8,2.8,19.45614645556622,0.9885822053824262,0.18350778434480805,3,6,49,True,False
zero_phase,dots,2.2,0.2,1.0,VisualCogA_Task-2,left,Q2_plus_memory,candidate_target_600ms,2.2,2.8000000000000003,11.034065787201381,1.4409583667214427,0.47594194526275024,3,6,49,True,False
zero_phase,dots,2.2,0.2,1.0,VisualCogA_Task-2,right,Q2_plus_memory,cue_stage,0.0,0.8,38.75954112474104,1.1159276625591668,0.24229795765446285,3,6,41,True,False
zero_phase,dots,2.2,0.2,1.0,VisualCogA_Task-2,right,Q2_plus_memory,late_stage,0.8,2.8,26.00015726976534,1.1980478483151888,-0.07781514794486208,3,6,41,True,False
zero_phase,dots,2.2,0.2,1.0,VisualCogA_Task-2,right,Q2_plus_memory,candidate_target_600ms,2.2,2.8000000000000003,23.869920572608073,2.099257303813226,-0.06542801421134967,3,6,41,True,False
zero_phase,dots,2.2,0.2,1.0,VisualCogA_Task-2,left,Q2_plus_memory_control,cue_stage,0.0,0.8,28.41197740104754,0.8893068847353336,0.6246521534758905,3,6,49,True,False
zero_phase,dots,2.2,0.2,1.0,VisualCogA_Task-2,left,Q2_plus_memory_control,late_stage,0.8,2.8,19.07079324068164,0.9690021034392267,0.2940546796084787,3,6,49,True,False
zero_phase,dots,2.2,0.2,1.0,VisualCogA_Task-2,left,Q2_plus_memory_control,candidate_target_600ms,2.2,2.8000000000000003,10.921899794847388,1.4263104093627352,0.23388872595233465,3,6,49,True,False
zero_phase,dots,2.2,0.2,1.0,VisualCogA_Task-2,right,Q2_plus_memory_control,cue_stage,0.0,0.8,37.07148925942093,1.0673268866551693,0.3992678657652836,3,6,41,True,False
zero_phase,dots,2.2,0.2,1.0,VisualCogA_Task-2,right,Q2_plus_memory_control,late_stage,0.8,2.8,25.635312346070528,1.1812363470897875,0.08121511820285683,3,6,41,True,False
zero_phase,dots,2.2,0.2,1.0,VisualCogA_Task-2,right,Q2_plus_memory_control,candidate_target_600ms,2.2,2.8000000000000003,23.070314071510897,2.028935335941618,-0.16461800962404838,3,6,41,True,False
zero_phase,dots,2.2,0.2,1.0,VisualCogB_Task-1,left,Training_mean_template,cue_stage,0.0,0.8,20.152321295734094,1.8756942490310125,0.7767057748957286,3,6,43,True,False
zero_phase,dots,2.2,0.2,1.0,VisualCogB_Task-1,left,Training_mean_template,late_stage,0.8,2.8,16.527684592388866,3.996159706535847,0.18858882964125626,3,6,43,True,False
zero_phase,dots,2.2,0.2,1.0,VisualCogB_Task-1,left,Training_mean_template,candidate_target_600ms,2.2,2.8000000000000003,16.33663620139436,3.432784003007164,0.3205129788718092,3,6,43,True,False
zero_phase,dots,2.2,0.2,1.0,VisualCogB_Task-1,right,Training_mean_template,cue_stage,0.0,0.8,20.384083337199673,1.9055213339803905,0.5878701690048956,3,6,45,True,False
zero_phase,dots,2.2,0.2,1.0,VisualCogB_Task-1,right,Training_mean_template,late_stage,0.8,2.8,16.056368692494058,2.851287073991265,0.2094399473240979,3,6,45,True,False
zero_phase,dots,2.2,0.2,1.0,VisualCogB_Task-1,right,Training_mean_template,candidate_target_600ms,2.2,2.8000000000000003,14.990946774585039,2.320719698955194,-0.5853817520767917,3,6,45,True,False
zero_phase,dots,2.2,0.2,1.0,VisualCogB_Task-1,left,Q2_visual_only,cue_stage,0.0,0.8,15.87030243602194,1.4771417432656042,0.19972127352689056,3,6,43,True,False
zero_phase,dots,2.2,0.2,1.0,VisualCogB_Task-1,left,Q2_visual_only,late_stage,0.8,2.8,11.149397598985397,2.6957661969015794,0.3317163214617829,3,6,43,True,False
zero_phase,dots,2.2,0.2,1.0,VisualCogB_Task-1,left,Q2_visual_only,candidate_target_600ms,2.2,2.8000000000000003,11.74257967019895,2.4674442858962355,-0.09848247005131103,3,6,43,True,False
zero_phase,dots,2.2,0.2,1.0,VisualCogB_Task-1,right,Q2_visual_only,cue_stage,0.0,0.8,14.381277895912449,1.3443740092325622,-0.3622864905631547,3,6,45,True,False
zero_phase,dots,2.2,0.2,1.0,VisualCogB_Task-1,right,Q2_visual_only,late_stage,0.8,2.8,10.62501714113338,1.8867886391778832,-0.21632835945619125,3,6,45,True,False
zero_phase,dots,2.2,0.2,1.0,VisualCogB_Task-1,right,Q2_visual_only,candidate_target_600ms,2.2,2.8000000000000003,12.172877530017484,1.88445980775371,-0.7157373591198052,3,6,45,True,False
zero_phase,dots,2.2,0.2,1.0,VisualCogB_Task-1,left,Q2_plus_memory,cue_stage,0.0,0.8,15.250391848617058,1.4194430441110353,0.20779275854347232,3,6,43,True,False
zero_phase,dots,2.2,0.2,1.0,VisualCogB_Task-1,left,Q2_plus_memory,late_stage,0.8,2.8,11.422967458678725,2.761911508673356,0.29831574775803615,3,6,43,True,False
zero_phase,dots,2.2,0.2,1.0,VisualCogB_Task-1,left,Q2_plus_memory,candidate_target_600ms,2.2,2.8000000000000003,11.629927776642528,2.4437729735561873,-0.10686178776007021,3,6,43,True,False
zero_phase,dots,2.2,0.2,1.0,VisualCogB_Task-1,right,Q2_plus_memory,cue_stage,0.0,0.8,14.061034542211868,1.3144373899376316,-0.29657643782892984,3,6,45,True,False
zero_phase,dots,2.2,0.2,1.0,VisualCogB_Task-1,right,Q2_plus_memory,late_stage,0.8,2.8,10.814170081282334,1.9203783843801268,-0.192530154097547,3,6,45,True,False
zero_phase,dots,2.2,0.2,1.0,VisualCogB_Task-1,right,Q2_plus_memory,candidate_target_600ms,2.2,2.8000000000000003,12.251017498029322,1.8965565062323035,-0.6553977541018363,3,6,45,True,False
zero_phase,dots,2.2,0.2,1.0,VisualCogB_Task-1,left,Q2_plus_memory_control,cue_stage,0.0,0.8,17.068886249926805,1.5887009395354112,0.321992326614598,3,6,43,True,False
zero_phase,dots,2.2,0.2,1.0,VisualCogB_Task-1,left,Q2_plus_memory_control,late_stage,0.8,2.8,11.302047564667069,2.7326747934234477,0.33355323288365024,3,6,43,True,False
zero_phase,dots,2.2,0.2,1.0,VisualCogB_Task-1,left,Q2_plus_memory_control,candidate_target_600ms,2.2,2.8000000000000003,13.165462435423033,2.766431735601392,0.27497469774060357,3,6,43,True,False
zero_phase,dots,2.2,0.2,1.0,VisualCogB_Task-1,right,Q2_plus_memory_control,cue_stage,0.0,0.8,16.290952893831353,1.5228920416261316,-0.03789652370212641,3,6,45,True,False
zero_phase,dots,2.2,0.2,1.0,VisualCogB_Task-1,right,Q2_plus_memory_control,late_stage,0.8,2.8,10.869172842235603,1.9301457648098748,-0.03387146070581533,3,6,45,True,False
zero_phase,dots,2.2,0.2,1.0,VisualCogB_Task-1,right,Q2_plus_memory_control,candidate_target_600ms,2.2,2.8000000000000003,13.384594494784855,2.072043385494194,-0.1870115886472532,3,6,45,True,False
zero_phase,dots,2.2,0.2,1.0,VisualCogB_Task-2,left,Training_mean_template,cue_stage,0.0,0.8,29.925330604980914,0.8918247222486201,0.8874754406814326,3,6,44,True,False
zero_phase,dots,2.2,0.2,1.0,VisualCogB_Task-2,left,Training_mean_template,late_stage,0.8,2.8,20.92505270211325,0.9852233485754245,0.7986104501142345,3,6,44,True,False
zero_phase,dots,2.2,0.2,1.0,VisualCogB_Task-2,left,Training_mean_template,candidate_target_600ms,2.2,2.8000000000000003,23.053627863440415,2.073408702564747,0.3634064899507505,3,6,44,True,False
zero_phase,dots,2.2,0.2,1.0,VisualCogB_Task-2,right,Training_mean_template,cue_stage,0.0,0.8,22.623078630841086,0.6467140961557449,0.9207145457673893,3,6,47,True,False
zero_phase,dots,2.2,0.2,1.0,VisualCogB_Task-2,right,Training_mean_template,late_stage,0.8,2.8,12.53780346035479,0.6687291285477598,0.8141075721263659,3,6,47,True,False
zero_phase,dots,2.2,0.2,1.0,VisualCogB_Task-2,right,Training_mean_template,candidate_target_600ms,2.2,2.8000000000000003,11.194314454326992,1.652541905722566,-0.37890337835527804,3,6,47,True,False
zero_phase,dots,2.2,0.2,1.0,VisualCogB_Task-2,left,Q2_visual_only,cue_stage,0.0,0.8,37.15195074904149,1.107190045621201,0.6661393287600107,3,6,44,True,False
zero_phase,dots,2.2,0.2,1.0,VisualCogB_Task-2,left,Q2_visual_only,late_stage,0.8,2.8,23.848083007151196,1.122849654521411,0.2407671022256811,3,6,44,True,False
zero_phase,dots,2.2,0.2,1.0,VisualCogB_Task-2,left,Q2_visual_only,candidate_target_600ms,2.2,2.8000000000000003,22.86851361586791,2.056759804865907,0.6275371220576337,3,6,44,True,False
zero_phase,dots,2.2,0.2,1.0,VisualCogB_Task-2,right,Q2_visual_only,cue_stage,0.0,0.8,34.94908470521529,0.9990711739732645,0.42549712420133223,3,6,47,True,False
zero_phase,dots,2.2,0.2,1.0,VisualCogB_Task-2,right,Q2_visual_only,late_stage,0.8,2.8,19.0282770281568,1.014911675321841,-0.005070293849420555,3,6,47,True,False
zero_phase,dots,2.2,0.2,1.0,VisualCogB_Task-2,right,Q2_visual_only,candidate_target_600ms,2.2,2.8000000000000003,12.632677357938427,1.8648778181674688,0.4610901669819911,3,6,47,True,False
zero_phase,dots,2.2,0.2,1.0,VisualCogB_Task-2,left,Q2_plus_memory,cue_stage,0.0,0.8,37.378237192215835,1.1139337587315583,0.6214541578432677,3,6,44,True,False
zero_phase,dots,2.2,0.2,1.0,VisualCogB_Task-2,left,Q2_plus_memory,late_stage,0.8,2.8,23.689995483443433,1.1154063509516365,0.27068818349225227,3,6,44,True,False
zero_phase,dots,2.2,0.2,1.0,VisualCogB_Task-2,left,Q2_plus_memory,candidate_target_600ms,2.2,2.8000000000000003,23.242451585675457,2.0903912248493928,0.5175078631173196,3,6,44,True,False
zero_phase,dots,2.2,0.2,1.0,VisualCogB_Task-2,right,Q2_plus_memory,cue_stage,0.0,0.8,34.735735431395895,0.9929722700603594,0.5347512568986514,3,6,47,True,False
zero_phase,dots,2.2,0.2,1.0,VisualCogB_Task-2,right,Q2_plus_memory,late_stage,0.8,2.8,18.912789706525835,1.0087519252350898,0.07302645991400586,3,6,47,True,False
zero_phase,dots,2.2,0.2,1.0,VisualCogB_Task-2,right,Q2_plus_memory,candidate_target_600ms,2.2,2.8000000000000003,13.09924234778391,1.9337536926668366,0.3672377372305521,3,6,47,True,False
zero_phase,dots,2.2,0.2,1.0,VisualCogB_Task-2,left,Q2_plus_memory_control,cue_stage,0.0,0.8,35.48902462410719,1.0576320758508464,0.6194219387320375,3,6,44,True,False
zero_phase,dots,2.2,0.2,1.0,VisualCogB_Task-2,left,Q2_plus_memory_control,late_stage,0.8,2.8,23.29482940668086,1.0968005748547327,0.4360490420225703,3,6,44,True,False
zero_phase,dots,2.2,0.2,1.0,VisualCogB_Task-2,left,Q2_plus_memory_control,candidate_target_600ms,2.2,2.8000000000000003,22.504785710803304,2.0240466627871894,0.22941954340065382,3,6,44,True,False
zero_phase,dots,2.2,0.2,1.0,VisualCogB_Task-2,right,Q2_plus_memory_control,cue_stage,0.0,0.8,32.968392882608754,0.9424501745627859,0.5582973074977116,3,6,47,True,False
zero_phase,dots,2.2,0.2,1.0,VisualCogB_Task-2,right,Q2_plus_memory_control,late_stage,0.8,2.8,18.373023000174665,0.9799623752713597,0.29317199625671764,3,6,47,True,False
zero_phase,dots,2.2,0.2,1.0,VisualCogB_Task-2,right,Q2_plus_memory_control,candidate_target_600ms,2.2,2.8000000000000003,12.34866935057635,1.8229516121776788,0.14591677604176642,3,6,47,True,False
zero_phase,inward,2.2,0.2,-1.0,VisualCogA_Task-1,left,Training_mean_template,cue_stage,0.0,0.8,24.353480321004458,4.745078819267011,0.4317427489629862,3,6,45,True,False
zero_phase,inward,2.2,0.2,-1.0,VisualCogA_Task-1,left,Training_mean_template,late_stage,0.8,2.8,14.058063376248118,4.256082261374945,0.08289001385021638,3,6,45,True,False
zero_phase,inward,2.2,0.2,-1.0,VisualCogA_Task-1,left,Training_mean_template,candidate_target_600ms,2.2,2.8000000000000003,11.59339823037067,3.775757555773878,0.06486639758644093,3,6,45,True,False
zero_phase,inward,2.2,0.2,-1.0,VisualCogA_Task-1,right,Training_mean_template,cue_stage,0.0,0.8,27.26455504758991,4.201082889056167,0.3232764914667962,3,6,41,True,False
zero_phase,inward,2.2,0.2,-1.0,VisualCogA_Task-1,right,Training_mean_template,late_stage,0.8,2.8,13.001877552623991,2.154178894080687,0.6323042254594922,3,6,41,True,False
zero_phase,inward,2.2,0.2,-1.0,VisualCogA_Task-1,right,Training_mean_template,candidate_target_600ms,2.2,2.8000000000000003,16.01675069963518,3.178972316306632,-0.20756076775632468,3,6,41,True,False
zero_phase,inward,2.2,0.2,-1.0,VisualCogA_Task-1,left,Q2_visual_only,cue_stage,0.0,0.8,11.472724427253267,2.235367633762557,-0.17338278152438782,3,6,45,True,False
zero_phase,inward,2.2,0.2,-1.0,VisualCogA_Task-1,left,Q2_visual_only,late_stage,0.8,2.8,7.013382556239279,2.1233033520306157,0.07297878032350526,3,6,45,True,False
zero_phase,inward,2.2,0.2,-1.0,VisualCogA_Task-1,left,Q2_visual_only,candidate_target_600ms,2.2,2.8000000000000003,7.819739093668892,2.5467458617745327,-0.27484798212556794,3,6,45,True,False
zero_phase,inward,2.2,0.2,-1.0,VisualCogA_Task-1,right,Q2_visual_only,cue_stage,0.0,0.8,14.108718311849884,2.1739542414305926,-0.3545822208629819,3,6,41,True,False
zero_phase,inward,2.2,0.2,-1.0,VisualCogA_Task-1,right,Q2_visual_only,late_stage,0.8,2.8,9.939172147436537,1.6467433090324226,0.0038208445299879527,3,6,41,True,False
zero_phase,inward,2.2,0.2,-1.0,VisualCogA_Task-1,right,Q2_visual_only,candidate_target_600ms,2.2,2.8000000000000003,11.462318494529566,2.275017814670049,-0.3135115430018505,3,6,41,True,False
zero_phase,inward,2.2,0.2,-1.0,VisualCogA_Task-1,left,Q2_plus_memory,cue_stage,0.0,0.8,11.61707511742454,2.2634931991211773,-0.13956886023978532,3,6,45,True,False
zero_phase,inward,2.2,0.2,-1.0,VisualCogA_Task-1,left,Q2_plus_memory,late_stage,0.8,2.8,6.933598851967989,2.0991488152777413,0.13645113582025303,3,6,45,True,False
zero_phase,inward,2.2,0.2,-1.0,VisualCogA_Task-1,left,Q2_plus_memory,candidate_target_600ms,2.2,2.8000000000000003,8.063369537592449,2.6260918370599433,-0.28608479884702376,3,6,45,True,False
zero_phase,inward,2.2,0.2,-1.0,VisualCogA_Task-1,right,Q2_plus_memory,cue_stage,0.0,0.8,13.965136078233424,2.1518302469709107,-0.26704503775484545,3,6,41,True,False
zero_phase,inward,2.2,0.2,-1.0,VisualCogA_Task-1,right,Q2_plus_memory,late_stage,0.8,2.8,10.270937268076883,1.7017108641245973,-0.08874724438827777,3,6,41,True,False
zero_phase,inward,2.2,0.2,-1.0,VisualCogA_Task-1,right,Q2_plus_memory,candidate_target_600ms,2.2,2.8000000000000003,11.955464195836129,2.372896377042559,-0.38524981904223354,3,6,41,True,False
zero_phase,inward,2.2,0.2,-1.0,VisualCogA_Task-1,left,Q2_plus_memory_control,cue_stage,0.0,0.8,14.552635597864061,2.835463433962599,-0.18232961888077073,3,6,45,True,False
zero_phase,inward,2.2,0.2,-1.0,VisualCogA_Task-1,left,Q2_plus_memory_control,late_stage,0.8,2.8,7.113113523232506,2.153496927644081,0.005860706593048268,3,6,45,True,False
zero_phase,inward,2.2,0.2,-1.0,VisualCogA_Task-1,left,Q2_plus_memory_control,candidate_target_600ms,2.2,2.8000000000000003,9.041560750637306,2.944670806767917,-0.27096350329163427,3,6,45,True,False
zero_phase,inward,2.2,0.2,-1.0,VisualCogA_Task-1,right,Q2_plus_memory_control,cue_stage,0.0,0.8,17.008012121590806,2.620694472224337,-0.3288467146568322,3,6,41,True,False
zero_phase,inward,2.2,0.2,-1.0,VisualCogA_Task-1,right,Q2_plus_memory_control,late_stage,0.8,2.8,10.211798381316934,1.6919126068219816,-0.040728992905095796,3,6,41,True,False
zero_phase,inward,2.2,0.2,-1.0,VisualCogA_Task-1,right,Q2_plus_memory_control,candidate_target_600ms,2.2,2.8000000000000003,12.710901660242614,2.5228340785829713,-0.23667439343614996,3,6,41,True,False
zero_phase,inward,2.2,0.2,-1.0,VisualCogA_Task-2,left,Training_mean_template,cue_stage,0.0,0.8,17.942668252010783,0.5616130895010134,0.9778792134801574,3,6,49,True,False
zero_phase,inward,2.2,0.2,-1.0,VisualCogA_Task-2,left,Training_mean_template,late_stage,0.8,2.8,14.11515994647172,0.7172024522469914,0.8249400997850687,3,6,49,True,False
zero_phase,inward,2.2,0.2,-1.0,VisualCogA_Task-2,left,Training_mean_template,candidate_target_600ms,2.2,2.8000000000000003,6.915571138800232,0.9031167916970531,0.6900909996738115,3,6,49,True,False
zero_phase,inward,2.2,0.2,-1.0,VisualCogA_Task-2,right,Training_mean_template,cue_stage,0.0,0.8,29.522392068994023,0.8499804956070128,0.8347233626213681,3,6,41,True,False
zero_phase,inward,2.2,0.2,-1.0,VisualCogA_Task-2,right,Training_mean_template,late_stage,0.8,2.8,22.033639211302557,1.0152767067432606,0.7652449528820708,3,6,41,True,False
zero_phase,inward,2.2,0.2,-1.0,VisualCogA_Task-2,right,Training_mean_template,candidate_target_600ms,2.2,2.8000000000000003,23.774915649693398,2.0909020276521604,-0.6567645954050718,3,6,41,True,False
zero_phase,inward,2.2,0.2,-1.0,VisualCogA_Task-2,left,Q2_visual_only,cue_stage,0.0,0.8,30.7771964958356,0.9633392407101395,0.49601256540705635,3,6,49,True,False
zero_phase,inward,2.2,0.2,-1.0,VisualCogA_Task-2,left,Q2_visual_only,late_stage,0.8,2.8,19.51708727532295,0.9916786566828165,0.16703789143680375,3,6,49,True,False
zero_phase,inward,2.2,0.2,-1.0,VisualCogA_Task-2,left,Q2_visual_only,candidate_target_600ms,2.2,2.8000000000000003,10.458365813058682,1.3657766784425436,0.5675284447718122,3,6,49,True,False
zero_phase,inward,2.2,0.2,-1.0,VisualCogA_Task-2,right,Q2_visual_only,cue_stage,0.0,0.8,38.62301473516293,1.11199692523931,0.18415318828624722,3,6,41,True,False
zero_phase,inward,2.2,0.2,-1.0,VisualCogA_Task-2,right,Q2_visual_only,late_stage,0.8,2.8,26.111719929927837,1.2031884866418432,-0.13723910510343187,3,6,41,True,False
zero_phase,inward,2.2,0.2,-1.0,VisualCogA_Task-2,right,Q2_visual_only,candidate_target_600ms,2.2,2.8000000000000003,23.37116145876633,2.055393575427921,-0.09126089246495021,3,6,41,True,False
zero_phase,inward,2.2,0.2,-1.0,VisualCogA_Task-2,left,Q2_plus_memory,cue_stage,0.0,0.8,30.28139205470276,0.9478203524343263,0.577097277323516,3,6,49,True,False
zero_phase,inward,2.2,0.2,-1.0,VisualCogA_Task-2,left,Q2_plus_memory,late_stage,0.8,2.8,19.563294958871914,0.9940265056678543,0.14748137658256782,3,6,49,True,False
zero_phase,inward,2.2,0.2,-1.0,VisualCogA_Task-2,left,Q2_plus_memory,candidate_target_600ms,2.2,2.8000000000000003,10.306037308641907,1.3458838268715372,0.5641308947612774,3,6,49,True,False
zero_phase,inward,2.2,0.2,-1.0,VisualCogA_Task-2,right,Q2_plus_memory,cue_stage,0.0,0.8,38.46582628301434,1.1074713055622623,0.28171739049078975,3,6,41,True,False
zero_phase,inward,2.2,0.2,-1.0,VisualCogA_Task-2,right,Q2_plus_memory,late_stage,0.8,2.8,26.156044178912225,1.205230880869423,-0.1822267608694498,3,6,41,True,False
zero_phase,inward,2.2,0.2,-1.0,VisualCogA_Task-2,right,Q2_plus_memory,candidate_target_600ms,2.2,2.8000000000000003,23.192160036078675,2.039651166783242,-0.1123543647590012,3,6,41,True,False
zero_phase,inward,2.2,0.2,-1.0,VisualCogA_Task-2,left,Q2_plus_memory_control,cue_stage,0.0,0.8,29.456656132983753,0.9220057699812861,0.5903126768000934,3,6,49,True,False
zero_phase,inward,2.2,0.2,-1.0,VisualCogA_Task-2,left,Q2_plus_memory_control,late_stage,0.8,2.8,19.586995287516736,0.9952307381305104,0.1485983385213608,3,6,49,True,False
zero_phase,inward,2.2,0.2,-1.0,VisualCogA_Task-2,left,Q2_plus_memory_control,candidate_target_600ms,2.2,2.8000000000000003,10.6719845103041,1.3936735258078148,0.3974909282536567,3,6,49,True,False
zero_phase,inward,2.2,0.2,-1.0,VisualCogA_Task-2,right,Q2_plus_memory_control,cue_stage,0.0,0.8,37.67324383561108,1.084652029269242,0.31103774634474,3,6,41,True,False
zero_phase,inward,2.2,0.2,-1.0,VisualCogA_Task-2,right,Q2_plus_memory_control,late_stage,0.8,2.8,26.164771229772647,1.2056330101487571,-0.12088004614991454,3,6,41,True,False
zero_phase,inward,2.2,0.2,-1.0,VisualCogA_Task-2,right,Q2_plus_memory_control,candidate_target_600ms,2.2,2.8000000000000003,23.44707639580236,2.0620699690739173,-0.2364781731594311,3,6,41,True,False
zero_phase,inward,2.2,0.2,-1.0,VisualCogB_Task-1,left,Training_mean_template,cue_stage,0.0,0.8,20.152321295734094,1.8756942490310125,0.7767057748957286,3,6,43,True,False
zero_phase,inward,2.2,0.2,-1.0,VisualCogB_Task-1,left,Training_mean_template,late_stage,0.8,2.8,16.527684592388866,3.996159706535847,0.18858882964125626,3,6,43,True,False
zero_phase,inward,2.2,0.2,-1.0,VisualCogB_Task-1,left,Training_mean_template,candidate_target_600ms,2.2,2.8000000000000003,16.33663620139436,3.432784003007164,0.3205129788718092,3,6,43,True,False
zero_phase,inward,2.2,0.2,-1.0,VisualCogB_Task-1,right,Training_mean_template,cue_stage,0.0,0.8,20.384083337199673,1.9055213339803905,0.5878701690048956,3,6,45,True,False
zero_phase,inward,2.2,0.2,-1.0,VisualCogB_Task-1,right,Training_mean_template,late_stage,0.8,2.8,16.056368692494058,2.851287073991265,0.2094399473240979,3,6,45,True,False
zero_phase,inward,2.2,0.2,-1.0,VisualCogB_Task-1,right,Training_mean_template,candidate_target_600ms,2.2,2.8000000000000003,14.990946774585039,2.320719698955194,-0.5853817520767917,3,6,45,True,False
zero_phase,inward,2.2,0.2,-1.0,VisualCogB_Task-1,left,Q2_visual_only,cue_stage,0.0,0.8,15.849067518739318,1.4751652854848276,0.19952743669715464,3,6,43,True,False
zero_phase,inward,2.2,0.2,-1.0,VisualCogB_Task-1,left,Q2_visual_only,late_stage,0.8,2.8,11.207830094968703,2.709894345626558,0.3212787026790293,3,6,43,True,False
zero_phase,inward,2.2,0.2,-1.0,VisualCogB_Task-1,left,Q2_visual_only,candidate_target_600ms,2.2,2.8000000000000003,11.922620367337915,2.505275869914502,-0.12370688319496337,3,6,43,True,False
zero_phase,inward,2.2,0.2,-1.0,VisualCogB_Task-1,right,Q2_visual_only,cue_stage,0.0,0.8,14.363431511230624,1.3427057141131258,-0.36259761357275494,3,6,45,True,False
zero_phase,inward,2.2,0.2,-1.0,VisualCogB_Task-1,right,Q2_visual_only,late_stage,0.8,2.8,10.679836999153844,1.8965235397376128,-0.22540471954808394,3,6,45,True,False
zero_phase,inward,2.2,0.2,-1.0,VisualCogB_Task-1,right,Q2_visual_only,candidate_target_600ms,2.2,2.8000000000000003,12.320627724375177,1.9073327317742041,-0.7233604128031444,3,6,45,True,False
zero_phase,inward,2.2,0.2,-1.0,VisualCogB_Task-1,left,Q2_plus_memory,cue_stage,0.0,0.8,15.220922527704758,1.4167001622887931,0.27377754663197695,3,6,43,True,False
zero_phase,inward,2.2,0.2,-1.0,VisualCogB_Task-1,left,Q2_plus_memory,late_stage,0.8,2.8,11.337735636276854,2.741303662940758,0.29037719508653936,3,6,43,True,False
zero_phase,inward,2.2,0.2,-1.0,VisualCogB_Task-1,left,Q2_plus_memory,candidate_target_600ms,2.2,2.8000000000000003,12.235400438607657,2.570999707544097,-0.14753168023700103,3,6,43,True,False
zero_phase,inward,2.2,0.2,-1.0,VisualCogB_Task-1,right,Q2_plus_memory,cue_stage,0.0,0.8,14.237008693522425,1.330887602292259,-0.24273589330195533,3,6,45,True,False
zero_phase,inward,2.2,0.2,-1.0,VisualCogB_Task-1,right,Q2_plus_memory,late_stage,0.8,2.8,10.870791641062043,1.9304332308152723,-0.2749432001592637,3,6,45,True,False
zero_phase,inward,2.2,0.2,-1.0,VisualCogB_Task-1,right,Q2_plus_memory,candidate_target_600ms,2.2,2.8000000000000003,12.502553959979949,1.9354963831481478,-0.7190011449049531,3,6,45,True,False
zero_phase,inward,2.2,0.2,-1.0,VisualCogB_Task-1,left,Q2_plus_memory_control,cue_stage,0.0,0.8,16.867783628526478,1.569983143957911,0.2591512087850089,3,6,43,True,False
zero_phase,inward,2.2,0.2,-1.0,VisualCogB_Task-1,left,Q2_plus_memory_control,late_stage,0.8,2.8,11.0031329251054,2.6604014733686765,0.31703970974663104,3,6,43,True,False
zero_phase,inward,2.2,0.2,-1.0,VisualCogB_Task-1,left,Q2_plus_memory_control,candidate_target_600ms,2.2,2.8000000000000003,12.587282837970132,2.6449400375226872,0.006839512856422213,3,6,43,True,False
zero_phase,inward,2.2,0.2,-1.0,VisualCogB_Task-1,right,Q2_plus_memory_control,cue_stage,0.0,0.8,15.817334846126496,1.4786178263410734,-0.18454759712610064,3,6,45,True,False
zero_phase,inward,2.2,0.2,-1.0,VisualCogB_Task-1,right,Q2_plus_memory_control,late_stage,0.8,2.8,10.680917061486987,1.8967153370131098,-0.16468452927134644,3,6,45,True,False
zero_phase,inward,2.2,0.2,-1.0,VisualCogB_Task-1,right,Q2_plus_memory_control,candidate_target_600ms,2.2,2.8000000000000003,12.937433728041569,2.002819285403306,-0.489577037997587,3,6,45,True,False
zero_phase,inward,2.2,0.2,-1.0,VisualCogB_Task-2,left,Training_mean_template,cue_stage,0.0,0.8,29.925330604980914,0.8918247222486201,0.8874754406814326,3,6,44,True,False
zero_phase,inward,2.2,0.2,-1.0,VisualCogB_Task-2,left,Training_mean_template,late_stage,0.8,2.8,20.92505270211325,0.9852233485754245,0.7986104501142345,3,6,44,True,False
zero_phase,inward,2.2,0.2,-1.0,VisualCogB_Task-2,left,Training_mean_template,candidate_target_600ms,2.2,2.8000000000000003,23.053627863440415,2.073408702564747,0.3634064899507505,3,6,44,True,False
zero_phase,inward,2.2,0.2,-1.0,VisualCogB_Task-2,right,Training_mean_template,cue_stage,0.0,0.8,22.623078630841086,0.6467140961557449,0.9207145457673893,3,6,47,True,False
zero_phase,inward,2.2,0.2,-1.0,VisualCogB_Task-2,right,Training_mean_template,late_stage,0.8,2.8,12.53780346035479,0.6687291285477598,0.8141075721263659,3,6,47,True,False
zero_phase,inward,2.2,0.2,-1.0,VisualCogB_Task-2,right,Training_mean_template,candidate_target_600ms,2.2,2.8000000000000003,11.194314454326992,1.652541905722566,-0.37890337835527804,3,6,47,True,False
zero_phase,inward,2.2,0.2,-1.0,VisualCogB_Task-2,left,Q2_visual_only,cue_stage,0.0,0.8,37.16860370174343,1.1076863313636733,0.6675534432619196,3,6,44,True,False
zero_phase,inward,2.2,0.2,-1.0,VisualCogB_Task-2,left,Q2_visual_only,late_stage,0.8,2.8,23.842956842213034,1.1226082970702438,0.2359093542897752,3,6,44,True,False
zero_phase,inward,2.2,0.2,-1.0,VisualCogB_Task-2,left,Q2_visual_only,candidate_target_600ms,2.2,2.8000000000000003,22.808357049407224,2.05134941353163,0.617360817109624,3,6,44,True,False
zero_phase,inward,2.2,0.2,-1.0,VisualCogB_Task-2,right,Q2_visual_only,cue_stage,0.0,0.8,34.95828784626022,0.999334259344614,0.425843142134447,3,6,47,True,False
zero_phase,inward,2.2,0.2,-1.0,VisualCogB_Task-2,right,Q2_visual_only,late_stage,0.8,2.8,19.023730007072555,1.014669150747519,-0.004541387607203574,3,6,47,True,False
zero_phase,inward,2.2,0.2,-1.0,VisualCogB_Task-2,right,Q2_visual_only,candidate_target_600ms,2.2,2.8000000000000003,12.543190016752616,1.8516673994370851,0.4904504152092896,3,6,47,True,False
zero_phase,inward,2.2,0.2,-1.0,VisualCogB_Task-2,left,Q2_plus_memory,cue_stage,0.0,0.8,36.96265477007345,1.1015487099883756,0.6421549508777363,3,6,44,True,False
zero_phase,inward,2.2,0.2,-1.0,VisualCogB_Task-2,left,Q2_plus_memory,late_stage,0.8,2.8,23.99792463611607,1.12990471304606,0.07935049866791369,3,6,44,True,False
zero_phase,inward,2.2,0.2,-1.0,VisualCogB_Task-2,left,Q2_plus_memory,candidate_target_600ms,2.2,2.8000000000000003,22.63949338398842,2.0361620688108637,0.4948293957550185,3,6,44,True,False
zero_phase,inward,2.2,0.2,-1.0,VisualCogB_Task-2,right,Q2_plus_memory,cue_stage,0.0,0.8,34.40036007154425,0.9833850703578536,0.5385790961328453,3,6,47,True,False
zero_phase,inward,2.2,0.2,-1.0,VisualCogB_Task-2,right,Q2_plus_memory,late_stage,0.8,2.8,19.173414646408393,1.0226528840016378,-0.1163745813231957,3,6,47,True,False
zero_phase,inward,2.2,0.2,-1.0,VisualCogB_Task-2,right,Q2_plus_memory,candidate_target_600ms,2.2,2.8000000000000003,12.32912568259257,1.820066510953616,0.4109696722453262,3,6,47,True,False
zero_phase,inward,2.2,0.2,-1.0,VisualCogB_Task-2,left,Q2_plus_memory_control,cue_stage,0.0,0.8,36.09465084843083,1.0756807466048468,0.6222073059430202,3,6,44,True,False
zero_phase,inward,2.2,0.2,-1.0,VisualCogB_Task-2,left,Q2_plus_memory_control,late_stage,0.8,2.8,23.949641681390325,1.1276313857091491,0.17149260149487505,3,6,44,True,False
zero_phase,inward,2.2,0.2,-1.0,VisualCogB_Task-2,left,Q2_plus_memory_control,candidate_target_600ms,2.2,2.8000000000000003,23.065218485115057,2.0744511456886965,0.14864876337298988,3,6,44,True,False
zero_phase,inward,2.2,0.2,-1.0,VisualCogB_Task-2,right,Q2_plus_memory_control,cue_stage,0.0,0.8,33.828194467674386,0.9670288720085423,0.5109625632316284,3,6,47,True,False
zero_phase,inward,2.2,0.2,-1.0,VisualCogB_Task-2,right,Q2_plus_memory_control,late_stage,0.8,2.8,19.07479938278803,1.01739303928395,-0.007604011523304007,3,6,47,True,False
zero_phase,inward,2.2,0.2,-1.0,VisualCogB_Task-2,right,Q2_plus_memory_control,candidate_target_600ms,2.2,2.8000000000000003,12.675683449322932,1.8712265203148126,0.14444581170425236,3,6,47,True,False
zero_phase,inward,2.2,0.2,1.0,VisualCogA_Task-1,left,Training_mean_template,cue_stage,0.0,0.8,24.353480321004458,4.745078819267011,0.4317427489629862,3,6,45,True,False
zero_phase,inward,2.2,0.2,1.0,VisualCogA_Task-1,left,Training_mean_template,late_stage,0.8,2.8,14.058063376248118,4.256082261374945,0.08289001385021638,3,6,45,True,False
zero_phase,inward,2.2,0.2,1.0,VisualCogA_Task-1,left,Training_mean_template,candidate_target_600ms,2.2,2.8000000000000003,11.59339823037067,3.775757555773878,0.06486639758644093,3,6,45,True,False
zero_phase,inward,2.2,0.2,1.0,VisualCogA_Task-1,right,Training_mean_template,cue_stage,0.0,0.8,27.26455504758991,4.201082889056167,0.3232764914667962,3,6,41,True,False
zero_phase,inward,2.2,0.2,1.0,VisualCogA_Task-1,right,Training_mean_template,late_stage,0.8,2.8,13.001877552623991,2.154178894080687,0.6323042254594922,3,6,41,True,False
zero_phase,inward,2.2,0.2,1.0,VisualCogA_Task-1,right,Training_mean_template,candidate_target_600ms,2.2,2.8000000000000003,16.01675069963518,3.178972316306632,-0.20756076775632468,3,6,41,True,False
zero_phase,inward,2.2,0.2,1.0,VisualCogA_Task-1,left,Q2_visual_only,cue_stage,0.0,0.8,11.472724427253267,2.235367633762557,-0.17338278152438782,3,6,45,True,False
zero_phase,inward,2.2,0.2,1.0,VisualCogA_Task-1,left,Q2_visual_only,late_stage,0.8,2.8,7.013382556239279,2.1233033520306157,0.07297878032350526,3,6,45,True,False
zero_phase,inward,2.2,0.2,1.0,VisualCogA_Task-1,left,Q2_visual_only,candidate_target_600ms,2.2,2.8000000000000003,7.819739093668892,2.5467458617745327,-0.27484798212556794,3,6,45,True,False
zero_phase,inward,2.2,0.2,1.0,VisualCogA_Task-1,right,Q2_visual_only,cue_stage,0.0,0.8,14.108718311849884,2.1739542414305926,-0.3545822208629819,3,6,41,True,False
zero_phase,inward,2.2,0.2,1.0,VisualCogA_Task-1,right,Q2_visual_only,late_stage,0.8,2.8,9.939172147436537,1.6467433090324226,0.0038208445299879527,3,6,41,True,False
zero_phase,inward,2.2,0.2,1.0,VisualCogA_Task-1,right,Q2_visual_only,candidate_target_600ms,2.2,2.8000000000000003,11.462318494529566,2.275017814670049,-0.3135115430018505,3,6,41,True,False
zero_phase,inward,2.2,0.2,1.0,VisualCogA_Task-1,left,Q2_plus_memory,cue_stage,0.0,0.8,10.9513577540687,2.133783551102056,-0.1263380513386971,3,6,45,True,False
zero_phase,inward,2.2,0.2,1.0,VisualCogA_Task-1,left,Q2_plus_memory,late_stage,0.8,2.8,7.2839294637375,2.2052114970613528,0.07723691738629072,3,6,45,True,False
zero_phase,inward,2.2,0.2,1.0,VisualCogA_Task-1,left,Q2_plus_memory,candidate_target_600ms,2.2,2.8000000000000003,7.94982700451076,2.5891131127320044,-0.2298168892328372,3,6,45,True,False
zero_phase,inward,2.2,0.2,1.0,VisualCogA_Task-1,right,Q2_plus_memory,cue_stage,0.0,0.8,13.372790662246341,2.0605581837675846,-0.27244310648076053,3,6,41,True,False
zero_phase,inward,2.2,0.2,1.0,VisualCogA_Task-1,right,Q2_plus_memory,late_stage,0.8,2.8,9.939909431895302,1.6468654638991775,0.07526699325332785,3,6,41,True,False
zero_phase,inward,2.2,0.2,1.0,VisualCogA_Task-1,right,Q2_plus_memory,candidate_target_600ms,2.2,2.8000000000000003,11.328947671380416,2.248546643173084,-0.2631043943866365,3,6,41,True,False
zero_phase,inward,2.2,0.2,1.0,VisualCogA_Task-1,left,Q2_plus_memory_control,cue_stage,0.0,0.8,15.759481089485925,3.070607524455641,-0.13777101114192158,3,6,45,True,False
zero_phase,inward,2.2,0.2,1.0,VisualCogA_Task-1,left,Q2_plus_memory_control,late_stage,0.8,2.8,7.687373926706084,2.327354410799504,-0.04267166739059942,3,6,45,True,False
zero_phase,inward,2.2,0.2,1.0,VisualCogA_Task-1,left,Q2_plus_memory_control,candidate_target_600ms,2.2,2.8000000000000003,10.016997307391165,3.2623526353531913,-0.22723667446397955,3,6,45,True,False
zero_phase,inward,2.2,0.2,1.0,VisualCogA_Task-1,right,Q2_plus_memory_control,cue_stage,0.0,0.8,17.623695228824975,2.7155625440622098,-0.23561065491054875,3,6,41,True,False
zero_phase,inward,2.2,0.2,1.0,VisualCogA_Task-1,right,Q2_plus_memory_control,late_stage,0.8,2.8,9.87152327194915,1.6355350985879387,0.18521907080521394,3,6,41,True,False
zero_phase,inward,2.2,0.2,1.0,VisualCogA_Task-1,right,Q2_plus_memory_control,candidate_target_600ms,2.2,2.8000000000000003,12.64445904811655,2.5096466831784423,0.12233452365176643,3,6,41,True,False
zero_phase,inward,2.2,0.2,1.0,VisualCogA_Task-2,left,Training_mean_template,cue_stage,0.0,0.8,17.942668252010783,0.5616130895010134,0.9778792134801574,3,6,49,True,False
zero_phase,inward,2.2,0.2,1.0,VisualCogA_Task-2,left,Training_mean_template,late_stage,0.8,2.8,14.11515994647172,0.7172024522469914,0.8249400997850687,3,6,49,True,False
zero_phase,inward,2.2,0.2,1.0,VisualCogA_Task-2,left,Training_mean_template,candidate_target_600ms,2.2,2.8000000000000003,6.915571138800232,0.9031167916970531,0.6900909996738115,3,6,49,True,False
zero_phase,inward,2.2,0.2,1.0,VisualCogA_Task-2,right,Training_mean_template,cue_stage,0.0,0.8,29.522392068994023,0.8499804956070128,0.8347233626213681,3,6,41,True,False
zero_phase,inward,2.2,0.2,1.0,VisualCogA_Task-2,right,Training_mean_template,late_stage,0.8,2.8,22.033639211302557,1.0152767067432606,0.7652449528820708,3,6,41,True,False
zero_phase,inward,2.2,0.2,1.0,VisualCogA_Task-2,right,Training_mean_template,candidate_target_600ms,2.2,2.8000000000000003,23.774915649693398,2.0909020276521604,-0.6567645954050718,3,6,41,True,False
zero_phase,inward,2.2,0.2,1.0,VisualCogA_Task-2,left,Q2_visual_only,cue_stage,0.0,0.8,30.7771964958356,0.9633392407101395,0.49601256540705635,3,6,49,True,False
zero_phase,inward,2.2,0.2,1.0,VisualCogA_Task-2,left,Q2_visual_only,late_stage,0.8,2.8,19.51708727532295,0.9916786566828165,0.16703789143680375,3,6,49,True,False
zero_phase,inward,2.2,0.2,1.0,VisualCogA_Task-2,left,Q2_visual_only,candidate_target_600ms,2.2,2.8000000000000003,10.458365813058682,1.3657766784425436,0.5675284447718122,3,6,49,True,False
zero_phase,inward,2.2,0.2,1.0,VisualCogA_Task-2,right,Q2_visual_only,cue_stage,0.0,0.8,38.62301473516293,1.11199692523931,0.18415318828624722,3,6,41,True,False
zero_phase,inward,2.2,0.2,1.0,VisualCogA_Task-2,right,Q2_visual_only,late_stage,0.8,2.8,26.111719929927837,1.2031884866418432,-0.13723910510343187,3,6,41,True,False
zero_phase,inward,2.2,0.2,1.0,VisualCogA_Task-2,right,Q2_visual_only,candidate_target_600ms,2.2,2.8000000000000003,23.37116145876633,2.055393575427921,-0.09126089246495021,3,6,41,True,False
zero_phase,inward,2.2,0.2,1.0,VisualCogA_Task-2,left,Q2_plus_memory,cue_stage,0.0,0.8,30.536227028492895,0.9557967946743008,0.5546289480500323,3,6,49,True,False
zero_phase,inward,2.2,0.2,1.0,VisualCogA_Task-2,left,Q2_plus_memory,late_stage,0.8,2.8,19.43157409637099,0.9873336643570929,0.19095847242769032,3,6,49,True,False
zero_phase,inward,2.2,0.2,1.0,VisualCogA_Task-2,left,Q2_plus_memory,candidate_target_600ms,2.2,2.8000000000000003,10.867363573452037,1.4191884267658799,0.5166210965495898,3,6,49,True,False
zero_phase,inward,2.2,0.2,1.0,VisualCogA_Task-2,right,Q2_plus_memory,cue_stage,0.0,0.8,38.79089219259201,1.116830292540081,0.23858140522302448,3,6,41,True,False
zero_phase,inward,2.2,0.2,1.0,VisualCogA_Task-2,right,Q2_plus_memory,late_stage,0.8,2.8,25.982612233085728,1.1972393996114163,-0.07750200954710859,3,6,41,True,False
zero_phase,inward,2.2,0.2,1.0,VisualCogA_Task-2,right,Q2_plus_memory,candidate_target_600ms,2.2,2.8000000000000003,23.789504017431465,2.092185012127609,-0.056403772456230704,3,6,41,True,False
zero_phase,inward,2.2,0.2,1.0,VisualCogA_Task-2,left,Q2_plus_memory_control,cue_stage,0.0,0.8,28.59061142921931,0.8948982052146784,0.6236859131271099,3,6,49,True,False
zero_phase,inward,2.2,0.2,1.0,VisualCogA_Task-2,left,Q2_plus_memory_control,late_stage,0.8,2.8,19.212800581782545,0.9762176088717459,0.2573734885139718,3,6,49,True,False
zero_phase,inward,2.2,0.2,1.0,VisualCogA_Task-2,left,Q2_plus_memory_control,candidate_target_600ms,2.2,2.8000000000000003,11.507723549296726,1.5028141802009591,0.12242135013575148,3,6,49,True,False
zero_phase,inward,2.2,0.2,1.0,VisualCogA_Task-2,right,Q2_plus_memory_control,cue_stage,0.0,0.8,37.226422047871026,1.0717875634189231,0.3933810465854266,3,6,41,True,False
zero_phase,inward,2.2,0.2,1.0,VisualCogA_Task-2,right,Q2_plus_memory_control,late_stage,0.8,2.8,25.743686326483946,1.1862300558854888,0.05569073119766215,3,6,41,True,False
zero_phase,inward,2.2,0.2,1.0,VisualCogA_Task-2,right,Q2_plus_memory_control,candidate_target_600ms,2.2,2.8000000000000003,23.41171372055642,2.0589599732083426,-0.17848100361522082,3,6,41,True,False
zero_phase,inward,2.2,0.2,1.0,VisualCogB_Task-1,left,Training_mean_template,cue_stage,0.0,0.8,20.152321295734094,1.8756942490310125,0.7767057748957286,3,6,43,True,False
zero_phase,inward,2.2,0.2,1.0,VisualCogB_Task-1,left,Training_mean_template,late_stage,0.8,2.8,16.527684592388866,3.996159706535847,0.18858882964125626,3,6,43,True,False
zero_phase,inward,2.2,0.2,1.0,VisualCogB_Task-1,left,Training_mean_template,candidate_target_600ms,2.2,2.8000000000000003,16.33663620139436,3.432784003007164,0.3205129788718092,3,6,43,True,False
zero_phase,inward,2.2,0.2,1.0,VisualCogB_Task-1,right,Training_mean_template,cue_stage,0.0,0.8,20.384083337199673,1.9055213339803905,0.5878701690048956,3,6,45,True,False
zero_phase,inward,2.2,0.2,1.0,VisualCogB_Task-1,right,Training_mean_template,late_stage,0.8,2.8,16.056368692494058,2.851287073991265,0.2094399473240979,3,6,45,True,False
zero_phase,inward,2.2,0.2,1.0,VisualCogB_Task-1,right,Training_mean_template,candidate_target_600ms,2.2,2.8000000000000003,14.990946774585039,2.320719698955194,-0.5853817520767917,3,6,45,True,False
zero_phase,inward,2.2,0.2,1.0,VisualCogB_Task-1,left,Q2_visual_only,cue_stage,0.0,0.8,15.849067518739318,1.4751652854848276,0.19952743669715464,3,6,43,True,False
zero_phase,inward,2.2,0.2,1.0,VisualCogB_Task-1,left,Q2_visual_only,late_stage,0.8,2.8,11.207830094968703,2.709894345626558,0.3212787026790293,3,6,43,True,False
zero_phase,inward,2.2,0.2,1.0,VisualCogB_Task-1,left,Q2_visual_only,candidate_target_600ms,2.2,2.8000000000000003,11.922620367337915,2.505275869914502,-0.12370688319496337,3,6,43,True,False
zero_phase,inward,2.2,0.2,1.0,VisualCogB_Task-1,right,Q2_visual_only,cue_stage,0.0,0.8,14.363431511230624,1.3427057141131258,-0.36259761357275494,3,6,45,True,False
zero_phase,inward,2.2,0.2,1.0,VisualCogB_Task-1,right,Q2_visual_only,late_stage,0.8,2.8,10.679836999153844,1.8965235397376128,-0.22540471954808394,3,6,45,True,False
zero_phase,inward,2.2,0.2,1.0,VisualCogB_Task-1,right,Q2_visual_only,candidate_target_600ms,2.2,2.8000000000000003,12.320627724375177,1.9073327317742041,-0.7233604128031444,3,6,45,True,False
zero_phase,inward,2.2,0.2,1.0,VisualCogB_Task-1,left,Q2_plus_memory,cue_stage,0.0,0.8,15.235544196901792,1.418061086443467,0.2062833985053845,3,6,43,True,False
zero_phase,inward,2.2,0.2,1.0,VisualCogB_Task-1,left,Q2_plus_memory,late_stage,0.8,2.8,11.475825311933036,2.7746917878569346,0.28971259414627293,3,6,43,True,False
zero_phase,inward,2.2,0.2,1.0,VisualCogB_Task-1,left,Q2_plus_memory,candidate_target_600ms,2.2,2.8000000000000003,11.80797162757826,2.481184964359643,-0.12600895351655308,3,6,43,True,False
zero_phase,inward,2.2,0.2,1.0,VisualCogB_Task-1,right,Q2_plus_memory,cue_stage,0.0,0.8,14.04640653432653,1.3130699514005122,-0.2977147431153769,3,6,45,True,False
zero_phase,inward,2.2,0.2,1.0,VisualCogB_Task-1,right,Q2_plus_memory,late_stage,0.8,2.8,10.861126422463595,1.9287168830292416,-0.19962254953140918,3,6,45,True,False
zero_phase,inward,2.2,0.2,1.0,VisualCogB_Task-1,right,Q2_plus_memory,candidate_target_600ms,2.2,2.8000000000000003,12.391423235243932,1.91829244893825,-0.6585585264907793,3,6,45,True,False
zero_phase,inward,2.2,0.2,1.0,VisualCogB_Task-1,left,Q2_plus_memory_control,cue_stage,0.0,0.8,16.80283145013108,1.5639376653408115,0.3179014736689336,3,6,43,True,False
zero_phase,inward,2.2,0.2,1.0,VisualCogB_Task-1,left,Q2_plus_memory_control,late_stage,0.8,2.8,11.22103496735042,2.713087096471166,0.3233869668949176,3,6,43,True,False
zero_phase,inward,2.2,0.2,1.0,VisualCogB_Task-1,left,Q2_plus_memory_control,candidate_target_600ms,2.2,2.8000000000000003,12.802006454995627,2.690059472668709,0.21187789513241229,3,6,43,True,False
zero_phase,inward,2.2,0.2,1.0,VisualCogB_Task-1,right,Q2_plus_memory_control,cue_stage,0.0,0.8,16.026596237631235,1.49817975803525,-0.04930087922078624,3,6,45,True,False
zero_phase,inward,2.2,0.2,1.0,VisualCogB_Task-1,right,Q2_plus_memory_control,late_stage,0.8,2.8,10.793596726670714,1.9167249717563761,-0.05409645679935407,3,6,45,True,False
zero_phase,inward,2.2,0.2,1.0,VisualCogB_Task-1,right,Q2_plus_memory_control,candidate_target_600ms,2.2,2.8000000000000003,13.109538989340612,2.0294625705937825,-0.23942069680027198,3,6,45,True,False
zero_phase,inward,2.2,0.2,1.0,VisualCogB_Task-2,left,Training_mean_template,cue_stage,0.0,0.8,29.925330604980914,0.8918247222486201,0.8874754406814326,3,6,44,True,False
zero_phase,inward,2.2,0.2,1.0,VisualCogB_Task-2,left,Training_mean_template,late_stage,0.8,2.8,20.92505270211325,0.9852233485754245,0.7986104501142345,3,6,44,True,False
zero_phase,inward,2.2,0.2,1.0,VisualCogB_Task-2,left,Training_mean_template,candidate_target_600ms,2.2,2.8000000000000003,23.053627863440415,2.073408702564747,0.3634064899507505,3,6,44,True,False
zero_phase,inward,2.2,0.2,1.0,VisualCogB_Task-2,right,Training_mean_template,cue_stage,0.0,0.8,22.623078630841086,0.6467140961557449,0.9207145457673893,3,6,47,True,False
zero_phase,inward,2.2,0.2,1.0,VisualCogB_Task-2,right,Training_mean_template,late_stage,0.8,2.8,12.53780346035479,0.6687291285477598,0.8141075721263659,3,6,47,True,False
zero_phase,inward,2.2,0.2,1.0,VisualCogB_Task-2,right,Training_mean_template,candidate_target_600ms,2.2,2.8000000000000003,11.194314454326992,1.652541905722566,-0.37890337835527804,3,6,47,True,False
zero_phase,inward,2.2,0.2,1.0,VisualCogB_Task-2,left,Q2_visual_only,cue_stage,0.0,0.8,37.16860370174343,1.1076863313636733,0.6675534432619196,3,6,44,True,False
zero_phase,inward,2.2,0.2,1.0,VisualCogB_Task-2,left,Q2_visual_only,late_stage,0.8,2.8,23.842956842213034,1.1226082970702438,0.2359093542897752,3,6,44,True,False
zero_phase,inward,2.2,0.2,1.0,VisualCogB_Task-2,left,Q2_visual_only,candidate_target_600ms,2.2,2.8000000000000003,22.808357049407224,2.05134941353163,0.617360817109624,3,6,44,True,False
zero_phase,inward,2.2,0.2,1.0,VisualCogB_Task-2,right,Q2_visual_only,cue_stage,0.0,0.8,34.95828784626022,0.999334259344614,0.425843142134447,3,6,47,True,False
zero_phase,inward,2.2,0.2,1.0,VisualCogB_Task-2,right,Q2_visual_only,late_stage,0.8,2.8,19.023730007072555,1.014669150747519,-0.004541387607203574,3,6,47,True,False
zero_phase,inward,2.2,0.2,1.0,VisualCogB_Task-2,right,Q2_visual_only,candidate_target_600ms,2.2,2.8000000000000003,12.543190016752616,1.8516673994370851,0.4904504152092896,3,6,47,True,False
zero_phase,inward,2.2,0.2,1.0,VisualCogB_Task-2,left,Q2_plus_memory,cue_stage,0.0,0.8,37.39933725186015,1.1145625756719664,0.6209499932753904,3,6,44,True,False
zero_phase,inward,2.2,0.2,1.0,VisualCogB_Task-2,left,Q2_plus_memory,late_stage,0.8,2.8,23.683724471848866,1.1151110901878951,0.2683546740610784,3,6,44,True,False
zero_phase,inward,2.2,0.2,1.0,VisualCogB_Task-2,left,Q2_plus_memory,candidate_target_600ms,2.2,2.8000000000000003,23.191884843863683,2.0858433279563773,0.5074406756872404,3,6,44,True,False
zero_phase,inward,2.2,0.2,1.0,VisualCogB_Task-2,right,Q2_plus_memory,cue_stage,0.0,0.8,34.74888451951727,0.9933481561534261,0.5346475159445823,3,6,47,True,False
zero_phase,inward,2.2,0.2,1.0,VisualCogB_Task-2,right,Q2_plus_memory,late_stage,0.8,2.8,18.907290281251623,1.0084586022552897,0.0743519855876296,3,6,47,True,False
zero_phase,inward,2.2,0.2,1.0,VisualCogB_Task-2,right,Q2_plus_memory,candidate_target_600ms,2.2,2.8000000000000003,13.030991143058738,1.9236782229822416,0.3801893582583122,3,6,47,True,False
zero_phase,inward,2.2,0.2,1.0,VisualCogB_Task-2,left,Q2_plus_memory_control,cue_stage,0.0,0.8,35.67214232756064,1.0630892885773118,0.6180942648403026,3,6,44,True,False
zero_phase,inward,2.2,0.2,1.0,VisualCogB_Task-2,left,Q2_plus_memory_control,late_stage,0.8,2.8,23.41010241028775,1.1022280237711435,0.40391346939759304,3,6,44,True,False
zero_phase,inward,2.2,0.2,1.0,VisualCogB_Task-2,left,Q2_plus_memory_control,candidate_target_600ms,2.2,2.8000000000000003,22.78983074584481,2.049683185584332,0.22981324100836895,3,6,44,True,False
zero_phase,inward,2.2,0.2,1.0,VisualCogB_Task-2,right,Q2_plus_memory_control,cue_stage,0.0,0.8,33.11621794528561,0.9466759721811482,0.5580641677800365,3,6,47,True,False
zero_phase,inward,2.2,0.2,1.0,VisualCogB_Task-2,right,Q2_plus_memory_control,late_stage,0.8,2.8,18.51350241236447,0.9874551291009791,0.2463474252501889,3,6,47,True,False
zero_phase,inward,2.2,0.2,1.0,VisualCogB_Task-2,right,Q2_plus_memory_control,candidate_target_600ms,2.2,2.8000000000000003,12.755845755426567,1.8830603463732196,0.07541024786193452,3,6,47,True,False
zero_phase,outward,2.2,0.2,-1.0,VisualCogA_Task-1,left,Training_mean_template,cue_stage,0.0,0.8,24.353480321004458,4.745078819267011,0.4317427489629862,3,6,45,True,False
zero_phase,outward,2.2,0.2,-1.0,VisualCogA_Task-1,left,Training_mean_template,late_stage,0.8,2.8,14.058063376248118,4.256082261374945,0.08289001385021638,3,6,45,True,False
zero_phase,outward,2.2,0.2,-1.0,VisualCogA_Task-1,left,Training_mean_template,candidate_target_600ms,2.2,2.8000000000000003,11.59339823037067,3.775757555773878,0.06486639758644093,3,6,45,True,False
zero_phase,outward,2.2,0.2,-1.0,VisualCogA_Task-1,right,Training_mean_template,cue_stage,0.0,0.8,27.26455504758991,4.201082889056167,0.3232764914667962,3,6,41,True,False
zero_phase,outward,2.2,0.2,-1.0,VisualCogA_Task-1,right,Training_mean_template,late_stage,0.8,2.8,13.001877552623991,2.154178894080687,0.6323042254594922,3,6,41,True,False
zero_phase,outward,2.2,0.2,-1.0,VisualCogA_Task-1,right,Training_mean_template,candidate_target_600ms,2.2,2.8000000000000003,16.01675069963518,3.178972316306632,-0.20756076775632468,3,6,41,True,False
zero_phase,outward,2.2,0.2,-1.0,VisualCogA_Task-1,left,Q2_visual_only,cue_stage,0.0,0.8,11.457994576368288,2.2324976413621282,-0.17278237288626724,3,6,45,True,False
zero_phase,outward,2.2,0.2,-1.0,VisualCogA_Task-1,left,Q2_visual_only,late_stage,0.8,2.8,7.019722242424712,2.1252226936350995,0.06692226499846718,3,6,45,True,False
zero_phase,outward,2.2,0.2,-1.0,VisualCogA_Task-1,left,Q2_visual_only,candidate_target_600ms,2.2,2.8000000000000003,7.842367452953574,2.5541155041215093,-0.2941121065970038,3,6,45,True,False
zero_phase,outward,2.2,0.2,-1.0,VisualCogA_Task-1,right,Q2_visual_only,cue_stage,0.0,0.8,14.093475846445134,2.171605592773494,-0.3541900932713309,3,6,41,True,False
zero_phase,outward,2.2,0.2,-1.0,VisualCogA_Task-1,right,Q2_visual_only,late_stage,0.8,2.8,9.926068130466314,1.6445722074610782,0.006377144487125821,3,6,41,True,False
zero_phase,outward,2.2,0.2,-1.0,VisualCogA_Task-1,right,Q2_visual_only,candidate_target_600ms,2.2,2.8000000000000003,11.442023819574704,2.270989768591301,-0.31142125950842764,3,6,41,True,False
zero_phase,outward,2.2,0.2,-1.0,VisualCogA_Task-1,left,Q2_plus_memory,cue_stage,0.0,0.8,11.598173397952896,2.259810351843071,-0.13902029083414413,3,6,45,True,False
zero_phase,outward,2.2,0.2,-1.0,VisualCogA_Task-1,left,Q2_plus_memory,late_stage,0.8,2.8,6.942899907469444,2.1019647121955694,0.12889404282640568,3,6,45,True,False
zero_phase,outward,2.2,0.2,-1.0,VisualCogA_Task-1,left,Q2_plus_memory,candidate_target_600ms,2.2,2.8000000000000003,8.098958049734112,2.6376823639225178,-0.3083595922126118,3,6,45,True,False
zero_phase,outward,2.2,0.2,-1.0,VisualCogA_Task-1,right,Q2_plus_memory,cue_stage,0.0,0.8,13.947200917867278,2.149066692047855,-0.26653797475419716,3,6,41,True,False
zero_phase,outward,2.2,0.2,-1.0,VisualCogA_Task-1,right,Q2_plus_memory,late_stage,0.8,2.8,10.256636596785563,1.6993414983047561,-0.08566288110805934,3,6,41,True,False
zero_phase,outward,2.2,0.2,-1.0,VisualCogA_Task-1,right,Q2_plus_memory,candidate_target_600ms,2.2,2.8000000000000003,11.938111586414546,2.3694522661862822,-0.3815754381585502,3,6,41,True,False
zero_phase,outward,2.2,0.2,-1.0,VisualCogA_Task-1,left,Q2_plus_memory_control,cue_stage,0.0,0.8,14.577059674244833,2.8402222678535645,-0.1827139523849048,3,6,45,True,False
zero_phase,outward,2.2,0.2,-1.0,VisualCogA_Task-1,left,Q2_plus_memory_control,late_stage,0.8,2.8,7.108585237010419,2.152125987839043,0.011031980027305797,3,6,45,True,False
zero_phase,outward,2.2,0.2,-1.0,VisualCogA_Task-1,left,Q2_plus_memory_control,candidate_target_600ms,2.2,2.8000000000000003,9.034617952922197,2.9424096646584053,-0.2520097857718197,3,6,45,True,False
zero_phase,outward,2.2,0.2,-1.0,VisualCogA_Task-1,right,Q2_plus_memory_control,cue_stage,0.0,0.8,17.035519593703558,2.624932985202537,-0.3295841179708361,3,6,41,True,False
zero_phase,outward,2.2,0.2,-1.0,VisualCogA_Task-1,right,Q2_plus_memory_control,late_stage,0.8,2.8,10.215312103677244,1.6924947678612319,-0.03969313148688225,3,6,41,True,False
zero_phase,outward,2.2,0.2,-1.0,VisualCogA_Task-1,right,Q2_plus_memory_control,candidate_target_600ms,2.2,2.8000000000000003,12.726306001223696,2.5258915010557406,-0.22944451387661868,3,6,41,True,False
zero_phase,outward,2.2,0.2,-1.0,VisualCogA_Task-2,left,Training_mean_template,cue_stage,0.0,0.8,17.942668252010783,0.5616130895010134,0.9778792134801574,3,6,49,True,False
zero_phase,outward,2.2,0.2,-1.0,VisualCogA_Task-2,left,Training_mean_template,late_stage,0.8,2.8,14.11515994647172,0.7172024522469914,0.8249400997850687,3,6,49,True,False
zero_phase,outward,2.2,0.2,-1.0,VisualCogA_Task-2,left,Training_mean_template,candidate_target_600ms,2.2,2.8000000000000003,6.915571138800232,0.9031167916970531,0.6900909996738115,3,6,49,True,False
zero_phase,outward,2.2,0.2,-1.0,VisualCogA_Task-2,right,Training_mean_template,cue_stage,0.0,0.8,29.522392068994023,0.8499804956070128,0.8347233626213681,3,6,41,True,False
zero_phase,outward,2.2,0.2,-1.0,VisualCogA_Task-2,right,Training_mean_template,late_stage,0.8,2.8,22.033639211302557,1.0152767067432606,0.7652449528820708,3,6,41,True,False
zero_phase,outward,2.2,0.2,-1.0,VisualCogA_Task-2,right,Training_mean_template,candidate_target_600ms,2.2,2.8000000000000003,23.774915649693398,2.0909020276521604,-0.6567645954050718,3,6,41,True,False
zero_phase,outward,2.2,0.2,-1.0,VisualCogA_Task-2,left,Q2_visual_only,cue_stage,0.0,0.8,30.78395650647776,0.9635508318964938,0.4951055578608278,3,6,49,True,False
zero_phase,outward,2.2,0.2,-1.0,VisualCogA_Task-2,left,Q2_visual_only,late_stage,0.8,2.8,19.518102920413348,0.9917302624139742,0.1667502802289635,3,6,49,True,False
zero_phase,outward,2.2,0.2,-1.0,VisualCogA_Task-2,left,Q2_visual_only,candidate_target_600ms,2.2,2.8000000000000003,10.49169222190383,1.3701288337209632,0.5544488063402903,3,6,49,True,False
zero_phase,outward,2.2,0.2,-1.0,VisualCogA_Task-2,right,Q2_visual_only,cue_stage,0.0,0.8,38.62805604421813,1.1121420697912565,0.18296305956061504,3,6,41,True,False
zero_phase,outward,2.2,0.2,-1.0,VisualCogA_Task-2,right,Q2_visual_only,late_stage,0.8,2.8,26.111287726202647,1.2031685713491154,-0.13641011336135517,3,6,41,True,False
zero_phase,outward,2.2,0.2,-1.0,VisualCogA_Task-2,right,Q2_visual_only,candidate_target_600ms,2.2,2.8000000000000003,23.382309122637505,2.056373964731305,-0.09464498744087207,3,6,41,True,False
zero_phase,outward,2.2,0.2,-1.0,VisualCogA_Task-2,left,Q2_plus_memory,cue_stage,0.0,0.8,30.288247401978783,0.9480349276975599,0.5767002627108411,3,6,49,True,False
zero_phase,outward,2.2,0.2,-1.0,VisualCogA_Task-2,left,Q2_plus_memory,late_stage,0.8,2.8,19.564983952574487,0.9941123247751056,0.14694589392083968,3,6,49,True,False
zero_phase,outward,2.2,0.2,-1.0,VisualCogA_Task-2,left,Q2_plus_memory,candidate_target_600ms,2.2,2.8000000000000003,10.34877797562867,1.351465406941983,0.5470915115733894,3,6,49,True,False
zero_phase,outward,2.2,0.2,-1.0,VisualCogA_Task-2,right,Q2_plus_memory,cue_stage,0.0,0.8,38.470867541278494,1.1076164486518818,0.28094307642679184,3,6,41,True,False
zero_phase,outward,2.2,0.2,-1.0,VisualCogA_Task-2,right,Q2_plus_memory,late_stage,0.8,2.8,26.155928665807576,1.2052255582006006,-0.18127439533990233,3,6,41,True,False
zero_phase,outward,2.2,0.2,-1.0,VisualCogA_Task-2,right,Q2_plus_memory,candidate_target_600ms,2.2,2.8000000000000003,23.206951400492052,2.0409520039470563,-0.11617953061427284,3,6,41,True,False
zero_phase,outward,2.2,0.2,-1.0,VisualCogA_Task-2,left,Q2_plus_memory_control,cue_stage,0.0,0.8,29.450431710207766,0.9218109429212032,0.5899715411084188,3,6,49,True,False
zero_phase,outward,2.2,0.2,-1.0,VisualCogA_Task-2,left,Q2_plus_memory_control,late_stage,0.8,2.8,19.582796450219178,0.9950173918830847,0.1500048681779895,3,6,49,True,False
zero_phase,outward,2.2,0.2,-1.0,VisualCogA_Task-2,left,Q2_plus_memory_control,candidate_target_600ms,2.2,2.8000000000000003,10.638140871704318,1.3892538245715562,0.40542608827922655,3,6,49,True,False
zero_phase,outward,2.2,0.2,-1.0,VisualCogA_Task-2,right,Q2_plus_memory_control,cue_stage,0.0,0.8,37.66443571275359,1.0843984342145365,0.31090774279613836,3,6,41,True,False
zero_phase,outward,2.2,0.2,-1.0,VisualCogA_Task-2,right,Q2_plus_memory_control,late_stage,0.8,2.8,26.163256349292,1.2055632067517443,-0.12026365623261355,3,6,41,True,False
zero_phase,outward,2.2,0.2,-1.0,VisualCogA_Task-2,right,Q2_plus_memory_control,candidate_target_600ms,2.2,2.8000000000000003,23.432336380459713,2.060773647840998,-0.2355650139607574,3,6,41,True,False
zero_phase,outward,2.2,0.2,-1.0,VisualCogB_Task-1,left,Training_mean_template,cue_stage,0.0,0.8,20.152321295734094,1.8756942490310125,0.7767057748957286,3,6,43,True,False
zero_phase,outward,2.2,0.2,-1.0,VisualCogB_Task-1,left,Training_mean_template,late_stage,0.8,2.8,16.527684592388866,3.996159706535847,0.18858882964125626,3,6,43,True,False
zero_phase,outward,2.2,0.2,-1.0,VisualCogB_Task-1,left,Training_mean_template,candidate_target_600ms,2.2,2.8000000000000003,16.33663620139436,3.432784003007164,0.3205129788718092,3,6,43,True,False
zero_phase,outward,2.2,0.2,-1.0,VisualCogB_Task-1,right,Training_mean_template,cue_stage,0.0,0.8,20.384083337199673,1.9055213339803905,0.5878701690048956,3,6,45,True,False
zero_phase,outward,2.2,0.2,-1.0,VisualCogB_Task-1,right,Training_mean_template,late_stage,0.8,2.8,16.056368692494058,2.851287073991265,0.2094399473240979,3,6,45,True,False
zero_phase,outward,2.2,0.2,-1.0,VisualCogB_Task-1,right,Training_mean_template,candidate_target_600ms,2.2,2.8000000000000003,14.990946774585039,2.320719698955194,-0.5853817520767917,3,6,45,True,False
zero_phase,outward,2.2,0.2,-1.0,VisualCogB_Task-1,left,Q2_visual_only,cue_stage,0.0,0.8,15.847594228974478,1.4750281578011968,0.1989076840382447,3,6,43,True,False
zero_phase,outward,2.2,0.2,-1.0,VisualCogB_Task-1,left,Q2_visual_only,late_stage,0.8,2.8,11.204430240224479,2.709072308972785,0.32075758850713576,3,6,43,True,False
zero_phase,outward,2.2,0.2,-1.0,VisualCogB_Task-1,left,Q2_visual_only,candidate_target_600ms,2.2,2.8000000000000003,11.911450577542476,2.5029287847952615,-0.12427052279897559,3,6,43,True,False
zero_phase,outward,2.2,0.2,-1.0,VisualCogB_Task-1,right,Q2_visual_only,cue_stage,0.0,0.8,14.360006692213853,1.3423855591376224,-0.36423902734049135,3,6,45,True,False
zero_phase,outward,2.2,0.2,-1.0,VisualCogB_Task-1,right,Q2_visual_only,late_stage,0.8,2.8,10.67514309725541,1.8956899974799635,-0.22585352394909627,3,6,45,True,False
zero_phase,outward,2.2,0.2,-1.0,VisualCogB_Task-1,right,Q2_visual_only,candidate_target_600ms,2.2,2.8000000000000003,12.310154879990836,1.905711450834962,-0.7244376978410212,3,6,45,True,False
zero_phase,outward,2.2,0.2,-1.0,VisualCogB_Task-1,left,Q2_plus_memory,cue_stage,0.0,0.8,15.218054304159175,1.4164331999706345,0.27346343707029735,3,6,43,True,False
zero_phase,outward,2.2,0.2,-1.0,VisualCogB_Task-1,left,Q2_plus_memory,late_stage,0.8,2.8,11.334007979702271,2.7404023684539305,0.2895559077726895,3,6,43,True,False
zero_phase,outward,2.2,0.2,-1.0,VisualCogB_Task-1,left,Q2_plus_memory,candidate_target_600ms,2.2,2.8000000000000003,12.226566331168225,2.5691434145884924,-0.14823480478154988,3,6,43,True,False
zero_phase,outward,2.2,0.2,-1.0,VisualCogB_Task-1,right,Q2_plus_memory,cue_stage,0.0,0.8,14.231820452631506,1.3304026011499497,-0.24393567598866783,3,6,45,True,False
zero_phase,outward,2.2,0.2,-1.0,VisualCogB_Task-1,right,Q2_plus_memory,late_stage,0.8,2.8,10.865773617261851,1.9295421310484142,-0.2752866959518275,3,6,45,True,False
zero_phase,outward,2.2,0.2,-1.0,VisualCogB_Task-1,right,Q2_plus_memory,candidate_target_600ms,2.2,2.8000000000000003,12.495060404108777,1.9343363201456607,-0.7184756993632363,3,6,45,True,False
zero_phase,outward,2.2,0.2,-1.0,VisualCogB_Task-1,left,Q2_plus_memory_control,cue_stage,0.0,0.8,16.888385067260092,1.5719006401900988,0.2586255760872723,3,6,43,True,False
zero_phase,outward,2.2,0.2,-1.0,VisualCogB_Task-1,left,Q2_plus_memory_control,late_stage,0.8,2.8,11.001393869037036,2.659980994278036,0.31987484030655305,3,6,43,True,False
zero_phase,outward,2.2,0.2,-1.0,VisualCogB_Task-1,left,Q2_plus_memory_control,candidate_target_600ms,2.2,2.8000000000000003,12.59655107995536,2.646887554283829,0.015730405197166508,3,6,43,True,False
zero_phase,outward,2.2,0.2,-1.0,VisualCogB_Task-1,right,Q2_plus_memory_control,cue_stage,0.0,0.8,15.834769051388289,1.4802475905800525,-0.18457813293917213,3,6,45,True,False
zero_phase,outward,2.2,0.2,-1.0,VisualCogB_Task-1,right,Q2_plus_memory_control,late_stage,0.8,2.8,10.679714037382917,1.8965017042083747,-0.16184155737123398,3,6,45,True,False
zero_phase,outward,2.2,0.2,-1.0,VisualCogB_Task-1,right,Q2_plus_memory_control,candidate_target_600ms,2.2,2.8000000000000003,12.94177822265797,2.003491848276745,-0.4814427856144621,3,6,45,True,False
zero_phase,outward,2.2,0.2,-1.0,VisualCogB_Task-2,left,Training_mean_template,cue_stage,0.0,0.8,29.925330604980914,0.8918247222486201,0.8874754406814326,3,6,44,True,False
zero_phase,outward,2.2,0.2,-1.0,VisualCogB_Task-2,left,Training_mean_template,late_stage,0.8,2.8,20.92505270211325,0.9852233485754245,0.7986104501142345,3,6,44,True,False
zero_phase,outward,2.2,0.2,-1.0,VisualCogB_Task-2,left,Training_mean_template,candidate_target_600ms,2.2,2.8000000000000003,23.053627863440415,2.073408702564747,0.3634064899507505,3,6,44,True,False
zero_phase,outward,2.2,0.2,-1.0,VisualCogB_Task-2,right,Training_mean_template,cue_stage,0.0,0.8,22.623078630841086,0.6467140961557449,0.9207145457673893,3,6,47,True,False
zero_phase,outward,2.2,0.2,-1.0,VisualCogB_Task-2,right,Training_mean_template,late_stage,0.8,2.8,12.53780346035479,0.6687291285477598,0.8141075721263659,3,6,47,True,False
zero_phase,outward,2.2,0.2,-1.0,VisualCogB_Task-2,right,Training_mean_template,candidate_target_600ms,2.2,2.8000000000000003,11.194314454326992,1.652541905722566,-0.37890337835527804,3,6,47,True,False
zero_phase,outward,2.2,0.2,-1.0,VisualCogB_Task-2,left,Q2_visual_only,cue_stage,0.0,0.8,37.177632081557334,1.1079553921278191,0.6676856142082298,3,6,44,True,False
zero_phase,outward,2.2,0.2,-1.0,VisualCogB_Task-2,left,Q2_visual_only,late_stage,0.8,2.8,23.840691979695553,1.1225016595642214,0.23847273443340977,3,6,44,True,False
zero_phase,outward,2.2,0.2,-1.0,VisualCogB_Task-2,left,Q2_visual_only,candidate_target_600ms,2.2,2.8000000000000003,22.811764891039143,2.0516559096952025,0.6176132593294843,3,6,44,True,False
zero_phase,outward,2.2,0.2,-1.0,VisualCogB_Task-2,right,Q2_visual_only,cue_stage,0.0,0.8,34.96503507868123,0.9995271389428292,0.42539189867860583,3,6,47,True,False
zero_phase,outward,2.2,0.2,-1.0,VisualCogB_Task-2,right,Q2_visual_only,late_stage,0.8,2.8,19.02173901824714,1.0145629573280432,-0.003186822444624323,3,6,47,True,False
zero_phase,outward,2.2,0.2,-1.0,VisualCogB_Task-2,right,Q2_visual_only,candidate_target_600ms,2.2,2.8000000000000003,12.55551903405425,1.8534874499484815,0.4816858143486032,3,6,47,True,False
zero_phase,outward,2.2,0.2,-1.0,VisualCogB_Task-2,left,Q2_plus_memory,cue_stage,0.0,0.8,36.97162945022325,1.1018161704130411,0.6422528715041855,3,6,44,True,False
zero_phase,outward,2.2,0.2,-1.0,VisualCogB_Task-2,left,Q2_plus_memory,late_stage,0.8,2.8,23.995737895510608,1.1298017537879663,0.08172545233126342,3,6,44,True,False
zero_phase,outward,2.2,0.2,-1.0,VisualCogB_Task-2,left,Q2_plus_memory,candidate_target_600ms,2.2,2.8000000000000003,22.64759080413394,2.0368903386301516,0.4904902987415926,3,6,44,True,False
zero_phase,outward,2.2,0.2,-1.0,VisualCogB_Task-2,right,Q2_plus_memory,cue_stage,0.0,0.8,34.40781343600682,0.9835981357827848,0.5388102194870814,3,6,47,True,False
zero_phase,outward,2.2,0.2,-1.0,VisualCogB_Task-2,right,Q2_plus_memory,late_stage,0.8,2.8,19.171539873547733,1.022552889195905,-0.11509567124920338,3,6,47,True,False
zero_phase,outward,2.2,0.2,-1.0,VisualCogB_Task-2,right,Q2_plus_memory,candidate_target_600ms,2.2,2.8000000000000003,12.349765558810152,1.8231134380805645,0.3965210943216262,3,6,47,True,False
zero_phase,outward,2.2,0.2,-1.0,VisualCogB_Task-2,left,Q2_plus_memory_control,cue_stage,0.0,0.8,36.083691603133154,1.0753541428315194,0.6220488748725984,3,6,44,True,False
zero_phase,outward,2.2,0.2,-1.0,VisualCogB_Task-2,left,Q2_plus_memory_control,late_stage,0.8,2.8,23.947887599012716,1.127548797486393,0.1719174397503285,3,6,44,True,False
zero_phase,outward,2.2,0.2,-1.0,VisualCogB_Task-2,left,Q2_plus_memory_control,candidate_target_600ms,2.2,2.8000000000000003,23.057095664947944,2.0737205914295744,0.14508159535777285,3,6,44,True,False
zero_phase,outward,2.2,0.2,-1.0,VisualCogB_Task-2,right,Q2_plus_memory_control,cue_stage,0.0,0.8,33.823983499421246,0.9669084952652967,0.5102328294513564,3,6,47,True,False
zero_phase,outward,2.2,0.2,-1.0,VisualCogB_Task-2,right,Q2_plus_memory_control,late_stage,0.8,2.8,19.070988998742823,1.0171898047373216,-0.005082661479592139,3,6,47,True,False
zero_phase,outward,2.2,0.2,-1.0,VisualCogB_Task-2,right,Q2_plus_memory_control,candidate_target_600ms,2.2,2.8000000000000003,12.658879650975132,1.8687458877527787,0.1484100762593733,3,6,47,True,False
zero_phase,outward,2.2,0.2,1.0,VisualCogA_Task-1,left,Training_mean_template,cue_stage,0.0,0.8,24.353480321004458,4.745078819267011,0.4317427489629862,3,6,45,True,False
zero_phase,outward,2.2,0.2,1.0,VisualCogA_Task-1,left,Training_mean_template,late_stage,0.8,2.8,14.058063376248118,4.256082261374945,0.08289001385021638,3,6,45,True,False
zero_phase,outward,2.2,0.2,1.0,VisualCogA_Task-1,left,Training_mean_template,candidate_target_600ms,2.2,2.8000000000000003,11.59339823037067,3.775757555773878,0.06486639758644093,3,6,45,True,False
zero_phase,outward,2.2,0.2,1.0,VisualCogA_Task-1,right,Training_mean_template,cue_stage,0.0,0.8,27.26455504758991,4.201082889056167,0.3232764914667962,3,6,41,True,False
zero_phase,outward,2.2,0.2,1.0,VisualCogA_Task-1,right,Training_mean_template,late_stage,0.8,2.8,13.001877552623991,2.154178894080687,0.6323042254594922,3,6,41,True,False
zero_phase,outward,2.2,0.2,1.0,VisualCogA_Task-1,right,Training_mean_template,candidate_target_600ms,2.2,2.8000000000000003,16.01675069963518,3.178972316306632,-0.20756076775632468,3,6,41,True,False
zero_phase,outward,2.2,0.2,1.0,VisualCogA_Task-1,left,Q2_visual_only,cue_stage,0.0,0.8,11.457994576368288,2.2324976413621282,-0.17278237288626724,3,6,45,True,False
zero_phase,outward,2.2,0.2,1.0,VisualCogA_Task-1,left,Q2_visual_only,late_stage,0.8,2.8,7.019722242424712,2.1252226936350995,0.06692226499846718,3,6,45,True,False
zero_phase,outward,2.2,0.2,1.0,VisualCogA_Task-1,left,Q2_visual_only,candidate_target_600ms,2.2,2.8000000000000003,7.842367452953574,2.5541155041215093,-0.2941121065970038,3,6,45,True,False
zero_phase,outward,2.2,0.2,1.0,VisualCogA_Task-1,right,Q2_visual_only,cue_stage,0.0,0.8,14.093475846445134,2.171605592773494,-0.3541900932713309,3,6,41,True,False
zero_phase,outward,2.2,0.2,1.0,VisualCogA_Task-1,right,Q2_visual_only,late_stage,0.8,2.8,9.926068130466314,1.6445722074610782,0.006377144487125821,3,6,41,True,False
zero_phase,outward,2.2,0.2,1.0,VisualCogA_Task-1,right,Q2_visual_only,candidate_target_600ms,2.2,2.8000000000000003,11.442023819574704,2.270989768591301,-0.31142125950842764,3,6,41,True,False
zero_phase,outward,2.2,0.2,1.0,VisualCogA_Task-1,left,Q2_plus_memory,cue_stage,0.0,0.8,10.935770742888353,2.13074654794552,-0.12552228683538985,3,6,45,True,False
zero_phase,outward,2.2,0.2,1.0,VisualCogA_Task-1,left,Q2_plus_memory,late_stage,0.8,2.8,7.289226669594345,2.2068152274813095,0.07218407701221767,3,6,45,True,False
zero_phase,outward,2.2,0.2,1.0,VisualCogA_Task-1,left,Q2_plus_memory,candidate_target_600ms,2.2,2.8000000000000003,7.963111938981685,2.593439772673276,-0.24531937078273136,3,6,45,True,False
zero_phase,outward,2.2,0.2,1.0,VisualCogA_Task-1,right,Q2_plus_memory,cue_stage,0.0,0.8,13.356480071110834,2.0580449520199853,-0.2714757618745229,3,6,41,True,False
zero_phase,outward,2.2,0.2,1.0,VisualCogA_Task-1,right,Q2_plus_memory,late_stage,0.8,2.8,9.927182269709624,1.6447568004349231,0.07777615001463027,3,6,41,True,False
zero_phase,outward,2.2,0.2,1.0,VisualCogA_Task-1,right,Q2_plus_memory,candidate_target_600ms,2.2,2.8000000000000003,11.304386125236766,2.2436717171221887,-0.26136796411427005,3,6,41,True,False
zero_phase,outward,2.2,0.2,1.0,VisualCogA_Task-1,left,Q2_plus_memory_control,cue_stage,0.0,0.8,15.865406170350697,3.091246170391067,-0.1379920041038885,3,6,45,True,False
zero_phase,outward,2.2,0.2,1.0,VisualCogA_Task-1,left,Q2_plus_memory_control,late_stage,0.8,2.8,7.652449154549593,2.316780927149619,-0.026533704330794158,3,6,45,True,False
zero_phase,outward,2.2,0.2,1.0,VisualCogA_Task-1,left,Q2_plus_memory_control,candidate_target_600ms,2.2,2.8000000000000003,9.949465333974114,3.2403587079628786,-0.17903089919653384,3,6,45,True,False
zero_phase,outward,2.2,0.2,1.0,VisualCogA_Task-1,right,Q2_plus_memory_control,cue_stage,0.0,0.8,17.717360791373892,2.7299950844587513,-0.23553819802692502,3,6,41,True,False
zero_phase,outward,2.2,0.2,1.0,VisualCogA_Task-1,right,Q2_plus_memory_control,late_stage,0.8,2.8,9.878615110628338,1.6367100895952835,0.18661792262616683,3,6,41,True,False
zero_phase,outward,2.2,0.2,1.0,VisualCogA_Task-1,right,Q2_plus_memory_control,candidate_target_600ms,2.2,2.8000000000000003,12.67182735524036,2.5150786894774946,0.1360479323741435,3,6,41,True,False
zero_phase,outward,2.2,0.2,1.0,VisualCogA_Task-2,left,Training_mean_template,cue_stage,0.0,0.8,17.942668252010783,0.5616130895010134,0.9778792134801574,3,6,49,True,False
zero_phase,outward,2.2,0.2,1.0,VisualCogA_Task-2,left,Training_mean_template,late_stage,0.8,2.8,14.11515994647172,0.7172024522469914,0.8249400997850687,3,6,49,True,False
zero_phase,outward,2.2,0.2,1.0,VisualCogA_Task-2,left,Training_mean_template,candidate_target_600ms,2.2,2.8000000000000003,6.915571138800232,0.9031167916970531,0.6900909996738115,3,6,49,True,False
zero_phase,outward,2.2,0.2,1.0,VisualCogA_Task-2,right,Training_mean_template,cue_stage,0.0,0.8,29.522392068994023,0.8499804956070128,0.8347233626213681,3,6,41,True,False
zero_phase,outward,2.2,0.2,1.0,VisualCogA_Task-2,right,Training_mean_template,late_stage,0.8,2.8,22.033639211302557,1.0152767067432606,0.7652449528820708,3,6,41,True,False
zero_phase,outward,2.2,0.2,1.0,VisualCogA_Task-2,right,Training_mean_template,candidate_target_600ms,2.2,2.8000000000000003,23.774915649693398,2.0909020276521604,-0.6567645954050718,3,6,41,True,False
zero_phase,outward,2.2,0.2,1.0,VisualCogA_Task-2,left,Q2_visual_only,cue_stage,0.0,0.8,30.78395650647776,0.9635508318964938,0.4951055578608278,3,6,49,True,False
zero_phase,outward,2.2,0.2,1.0,VisualCogA_Task-2,left,Q2_visual_only,late_stage,0.8,2.8,19.518102920413348,0.9917302624139742,0.1667502802289635,3,6,49,True,False
zero_phase,outward,2.2,0.2,1.0,VisualCogA_Task-2,left,Q2_visual_only,candidate_target_600ms,2.2,2.8000000000000003,10.49169222190383,1.3701288337209632,0.5544488063402903,3,6,49,True,False
zero_phase,outward,2.2,0.2,1.0,VisualCogA_Task-2,right,Q2_visual_only,cue_stage,0.0,0.8,38.62805604421813,1.1121420697912565,0.18296305956061504,3,6,41,True,False
zero_phase,outward,2.2,0.2,1.0,VisualCogA_Task-2,right,Q2_visual_only,late_stage,0.8,2.8,26.111287726202647,1.2031685713491154,-0.13641011336135517,3,6,41,True,False
zero_phase,outward,2.2,0.2,1.0,VisualCogA_Task-2,right,Q2_visual_only,candidate_target_600ms,2.2,2.8000000000000003,23.382309122637505,2.056373964731305,-0.09464498744087207,3,6,41,True,False
zero_phase,outward,2.2,0.2,1.0,VisualCogA_Task-2,left,Q2_plus_memory,cue_stage,0.0,0.8,30.541614272160423,0.9559654176749337,0.5540752234718881,3,6,49,True,False
zero_phase,outward,2.2,0.2,1.0,VisualCogA_Task-2,left,Q2_plus_memory,late_stage,0.8,2.8,19.43207142233148,0.9873589338828921,0.19085882101295676,3,6,49,True,False
zero_phase,outward,2.2,0.2,1.0,VisualCogA_Task-2,left,Q2_plus_memory,candidate_target_600ms,2.2,2.8000000000000003,10.892577200263215,1.4224811193426363,0.5082424026268882,3,6,49,True,False
zero_phase,outward,2.2,0.2,1.0,VisualCogA_Task-2,right,Q2_plus_memory,cue_stage,0.0,0.8,38.79530330819187,1.1169572931643863,0.23786992822578043,3,6,41,True,False
zero_phase,outward,2.2,0.2,1.0,VisualCogA_Task-2,right,Q2_plus_memory,late_stage,0.8,2.8,25.981899174380622,1.1972065429468004,-0.07675627898696519,3,6,41,True,False
zero_phase,outward,2.2,0.2,1.0,VisualCogA_Task-2,right,Q2_plus_memory,candidate_target_600ms,2.2,2.8000000000000003,23.79825114532057,2.09295428457042,-0.058791042091204296,3,6,41,True,False
zero_phase,outward,2.2,0.2,1.0,VisualCogA_Task-2,left,Q2_plus_memory_control,cue_stage,0.0,0.8,28.550736683711165,0.8936501088500038,0.623769387758587,3,6,49,True,False
zero_phase,outward,2.2,0.2,1.0,VisualCogA_Task-2,left,Q2_plus_memory_control,late_stage,0.8,2.8,19.192547655996737,0.9751885416777615,0.2628862119648462,3,6,49,True,False
zero_phase,outward,2.2,0.2,1.0,VisualCogA_Task-2,left,Q2_plus_memory_control,candidate_target_600ms,2.2,2.8000000000000003,11.381975377590573,1.4863925017721356,0.15155286235504087,3,6,49,True,False
zero_phase,outward,2.2,0.2,1.0,VisualCogA_Task-2,right,Q2_plus_memory_control,cue_stage,0.0,0.8,37.195802228848656,1.0709059868553708,0.3949152985205041,3,6,41,True,False
zero_phase,outward,2.2,0.2,1.0,VisualCogA_Task-2,right,Q2_plus_memory_control,late_stage,0.8,2.8,25.732521941416284,1.1857156179392374,0.05681071085998205,3,6,41,True,False
zero_phase,outward,2.2,0.2,1.0,VisualCogA_Task-2,right,Q2_plus_memory_control,candidate_target_600ms,2.2,2.8000000000000003,23.35314262937094,2.0538088965388823,-0.17462574939623296,3,6,41,True,False
zero_phase,outward,2.2,0.2,1.0,VisualCogB_Task-1,left,Training_mean_template,cue_stage,0.0,0.8,20.152321295734094,1.8756942490310125,0.7767057748957286,3,6,43,True,False
zero_phase,outward,2.2,0.2,1.0,VisualCogB_Task-1,left,Training_mean_template,late_stage,0.8,2.8,16.527684592388866,3.996159706535847,0.18858882964125626,3,6,43,True,False
zero_phase,outward,2.2,0.2,1.0,VisualCogB_Task-1,left,Training_mean_template,candidate_target_600ms,2.2,2.8000000000000003,16.33663620139436,3.432784003007164,0.3205129788718092,3,6,43,True,False
zero_phase,outward,2.2,0.2,1.0,VisualCogB_Task-1,right,Training_mean_template,cue_stage,0.0,0.8,20.384083337199673,1.9055213339803905,0.5878701690048956,3,6,45,True,False
zero_phase,outward,2.2,0.2,1.0,VisualCogB_Task-1,right,Training_mean_template,late_stage,0.8,2.8,16.056368692494058,2.851287073991265,0.2094399473240979,3,6,45,True,False
zero_phase,outward,2.2,0.2,1.0,VisualCogB_Task-1,right,Training_mean_template,candidate_target_600ms,2.2,2.8000000000000003,14.990946774585039,2.320719698955194,-0.5853817520767917,3,6,45,True,False
zero_phase,outward,2.2,0.2,1.0,VisualCogB_Task-1,left,Q2_visual_only,cue_stage,0.0,0.8,15.847594228974478,1.4750281578011968,0.1989076840382447,3,6,43,True,False
zero_phase,outward,2.2,0.2,1.0,VisualCogB_Task-1,left,Q2_visual_only,late_stage,0.8,2.8,11.204430240224479,2.709072308972785,0.32075758850713576,3,6,43,True,False
zero_phase,outward,2.2,0.2,1.0,VisualCogB_Task-1,left,Q2_visual_only,candidate_target_600ms,2.2,2.8000000000000003,11.911450577542476,2.5029287847952615,-0.12427052279897559,3,6,43,True,False
zero_phase,outward,2.2,0.2,1.0,VisualCogB_Task-1,right,Q2_visual_only,cue_stage,0.0,0.8,14.360006692213853,1.3423855591376224,-0.36423902734049135,3,6,45,True,False
zero_phase,outward,2.2,0.2,1.0,VisualCogB_Task-1,right,Q2_visual_only,late_stage,0.8,2.8,10.67514309725541,1.8956899974799635,-0.22585352394909627,3,6,45,True,False
zero_phase,outward,2.2,0.2,1.0,VisualCogB_Task-1,right,Q2_visual_only,candidate_target_600ms,2.2,2.8000000000000003,12.310154879990836,1.905711450834962,-0.7244376978410212,3,6,45,True,False
zero_phase,outward,2.2,0.2,1.0,VisualCogB_Task-1,left,Q2_plus_memory,cue_stage,0.0,0.8,15.231673632004425,1.4177008303612046,0.20609412834712562,3,6,43,True,False
zero_phase,outward,2.2,0.2,1.0,VisualCogB_Task-1,left,Q2_plus_memory,late_stage,0.8,2.8,11.472724756215133,2.7739421174624823,0.28939760085452326,3,6,43,True,False
zero_phase,outward,2.2,0.2,1.0,VisualCogB_Task-1,left,Q2_plus_memory,candidate_target_600ms,2.2,2.8000000000000003,11.7931692817984,2.47807457766965,-0.12617685829058523,3,6,43,True,False
zero_phase,outward,2.2,0.2,1.0,VisualCogB_Task-1,right,Q2_plus_memory,cue_stage,0.0,0.8,14.0427532414395,1.312728438494567,-0.29860554196099637,3,6,45,True,False
zero_phase,outward,2.2,0.2,1.0,VisualCogB_Task-1,right,Q2_plus_memory,late_stage,0.8,2.8,10.85707252188791,1.9279969920917532,-0.20001383953896054,3,6,45,True,False
zero_phase,outward,2.2,0.2,1.0,VisualCogB_Task-1,right,Q2_plus_memory,candidate_target_600ms,2.2,2.8000000000000003,12.378330507162302,1.9162655888320146,-0.6600069047966306,3,6,45,True,False
zero_phase,outward,2.2,0.2,1.0,VisualCogB_Task-1,left,Q2_plus_memory_control,cue_stage,0.0,0.8,16.850973055438384,1.5684184857331076,0.3187163196955836,3,6,43,True,False
zero_phase,outward,2.2,0.2,1.0,VisualCogB_Task-1,left,Q2_plus_memory_control,late_stage,0.8,2.8,11.213704981333395,2.7113148098204274,0.3318491946181818,3,6,43,True,False
zero_phase,outward,2.2,0.2,1.0,VisualCogB_Task-1,left,Q2_plus_memory_control,candidate_target_600ms,2.2,2.8000000000000003,12.816670407176048,2.6931407789942736,0.23163807576439366,3,6,43,True,False
zero_phase,outward,2.2,0.2,1.0,VisualCogB_Task-1,right,Q2_plus_memory_control,cue_stage,0.0,0.8,16.08041444575172,1.5032107296042796,-0.0465000970560552,3,6,45,True,False
zero_phase,outward,2.2,0.2,1.0,VisualCogB_Task-1,right,Q2_plus_memory_control,late_stage,0.8,2.8,10.788171543327543,1.9157615686708673,-0.04806276352561328,3,6,45,True,False
zero_phase,outward,2.2,0.2,1.0,VisualCogB_Task-1,right,Q2_plus_memory_control,candidate_target_600ms,2.2,2.8000000000000003,13.111072899895424,2.029700032342831,-0.22476356197971625,3,6,45,True,False
zero_phase,outward,2.2,0.2,1.0,VisualCogB_Task-2,left,Training_mean_template,cue_stage,0.0,0.8,29.925330604980914,0.8918247222486201,0.8874754406814326,3,6,44,True,False
zero_phase,outward,2.2,0.2,1.0,VisualCogB_Task-2,left,Training_mean_template,late_stage,0.8,2.8,20.92505270211325,0.9852233485754245,0.7986104501142345,3,6,44,True,False
zero_phase,outward,2.2,0.2,1.0,VisualCogB_Task-2,left,Training_mean_template,candidate_target_600ms,2.2,2.8000000000000003,23.053627863440415,2.073408702564747,0.3634064899507505,3,6,44,True,False
zero_phase,outward,2.2,0.2,1.0,VisualCogB_Task-2,right,Training_mean_template,cue_stage,0.0,0.8,22.623078630841086,0.6467140961557449,0.9207145457673893,3,6,47,True,False
zero_phase,outward,2.2,0.2,1.0,VisualCogB_Task-2,right,Training_mean_template,late_stage,0.8,2.8,12.53780346035479,0.6687291285477598,0.8141075721263659,3,6,47,True,False
zero_phase,outward,2.2,0.2,1.0,VisualCogB_Task-2,right,Training_mean_template,candidate_target_600ms,2.2,2.8000000000000003,11.194314454326992,1.652541905722566,-0.37890337835527804,3,6,47,True,False
zero_phase,outward,2.2,0.2,1.0,VisualCogB_Task-2,left,Q2_visual_only,cue_stage,0.0,0.8,37.177632081557334,1.1079553921278191,0.6676856142082298,3,6,44,True,False
zero_phase,outward,2.2,0.2,1.0,VisualCogB_Task-2,left,Q2_visual_only,late_stage,0.8,2.8,23.840691979695553,1.1225016595642214,0.23847273443340977,3,6,44,True,False
zero_phase,outward,2.2,0.2,1.0,VisualCogB_Task-2,left,Q2_visual_only,candidate_target_600ms,2.2,2.8000000000000003,22.811764891039143,2.0516559096952025,0.6176132593294843,3,6,44,True,False
zero_phase,outward,2.2,0.2,1.0,VisualCogB_Task-2,right,Q2_visual_only,cue_stage,0.0,0.8,34.96503507868123,0.9995271389428292,0.42539189867860583,3,6,47,True,False
zero_phase,outward,2.2,0.2,1.0,VisualCogB_Task-2,right,Q2_visual_only,late_stage,0.8,2.8,19.02173901824714,1.0145629573280432,-0.003186822444624323,3,6,47,True,False
zero_phase,outward,2.2,0.2,1.0,VisualCogB_Task-2,right,Q2_visual_only,candidate_target_600ms,2.2,2.8000000000000003,12.55551903405425,1.8534874499484815,0.4816858143486032,3,6,47,True,False
zero_phase,outward,2.2,0.2,1.0,VisualCogB_Task-2,left,Q2_plus_memory,cue_stage,0.0,0.8,37.40768256965123,1.1148112800495167,0.6201595815256356,3,6,44,True,False
zero_phase,outward,2.2,0.2,1.0,VisualCogB_Task-2,left,Q2_plus_memory,late_stage,0.8,2.8,23.6812943599984,1.1149966721757252,0.27020056092369293,3,6,44,True,False
zero_phase,outward,2.2,0.2,1.0,VisualCogB_Task-2,left,Q2_plus_memory,candidate_target_600ms,2.2,2.8000000000000003,23.193746791278194,2.086010788713349,0.5088290998430207,3,6,44,True,False
zero_phase,outward,2.2,0.2,1.0,VisualCogB_Task-2,right,Q2_plus_memory,cue_stage,0.0,0.8,34.754428679650545,0.9935066441544643,0.5344808803898238,3,6,47,True,False
zero_phase,outward,2.2,0.2,1.0,VisualCogB_Task-2,right,Q2_plus_memory,late_stage,0.8,2.8,18.905061483451654,1.0083397248127461,0.07562410265290365,3,6,47,True,False
zero_phase,outward,2.2,0.2,1.0,VisualCogB_Task-2,right,Q2_plus_memory,candidate_target_600ms,2.2,2.8000000000000003,13.038773046162602,1.92482701338275,0.3763374003463261,3,6,47,True,False
zero_phase,outward,2.2,0.2,1.0,VisualCogB_Task-2,left,Q2_plus_memory_control,cue_stage,0.0,0.8,35.63357857649039,1.0619400245293695,0.6183813974182121,3,6,44,True,False
zero_phase,outward,2.2,0.2,1.0,VisualCogB_Task-2,left,Q2_plus_memory_control,late_stage,0.8,2.8,23.399055860099903,1.1017079142487824,0.4065464481691539,3,6,44,True,False
zero_phase,outward,2.2,0.2,1.0,VisualCogB_Task-2,left,Q2_plus_memory_control,candidate_target_600ms,2.2,2.8000000000000003,22.747612539187298,2.0458861434177416,0.22881726767281244,3,6,44,True,False
zero_phase,outward,2.2,0.2,1.0,VisualCogB_Task-2,right,Q2_plus_memory_control,cue_stage,0.0,0.8,33.08295239772138,0.9457250274013869,0.558014004825802,3,6,47,True,False
zero_phase,outward,2.2,0.2,1.0,VisualCogB_Task-2,right,Q2_plus_memory_control,late_stage,0.8,2.8,18.49556041257902,0.98649815622141,0.2524287190178678,3,6,47,True,False
zero_phase,outward,2.2,0.2,1.0,VisualCogB_Task-2,right,Q2_plus_memory_control,candidate_target_600ms,2.2,2.8000000000000003,12.678450651229046,1.8716350238574018,0.09414559844451793,3,6,47,True,False
zero_phase,dots,2.4,0.2,-1.0,VisualCogA_Task-1,left,Training_mean_template,cue_stage,0.0,0.8,24.353480321004458,4.745078819267011,0.4317427489629862,3,6,45,True,False
zero_phase,dots,2.4,0.2,-1.0,VisualCogA_Task-1,left,Training_mean_template,late_stage,0.8,2.8,14.058063376248118,4.256082261374945,0.08289001385021638,3,6,45,True,False
zero_phase,dots,2.4,0.2,-1.0,VisualCogA_Task-1,left,Training_mean_template,candidate_target_600ms,2.4,3.0,9.302536237136081,2.2472293071333147,0.27453681863551427,3,6,45,True,False
zero_phase,dots,2.4,0.2,-1.0,VisualCogA_Task-1,right,Training_mean_template,cue_stage,0.0,0.8,27.26455504758991,4.201082889056167,0.3232764914667962,3,6,41,True,False
zero_phase,dots,2.4,0.2,-1.0,VisualCogA_Task-1,right,Training_mean_template,late_stage,0.8,2.8,13.001877552623991,2.154178894080687,0.6323042254594922,3,6,41,True,False
zero_phase,dots,2.4,0.2,-1.0,VisualCogA_Task-1,right,Training_mean_template,candidate_target_600ms,2.4,3.0,17.355256262369732,3.2594431718799495,-0.39285114815219246,3,6,41,True,False
zero_phase,dots,2.4,0.2,-1.0,VisualCogA_Task-1,left,Q2_visual_only,cue_stage,0.0,0.8,16.41249275715951,3.197841570356656,-0.19610305656523128,3,6,45,True,False
zero_phase,dots,2.4,0.2,-1.0,VisualCogA_Task-1,left,Q2_visual_only,late_stage,0.8,2.8,7.745243534481144,2.344874449266558,-0.09234108959705875,3,6,45,True,False
zero_phase,dots,2.4,0.2,-1.0,VisualCogA_Task-1,left,Q2_visual_only,candidate_target_600ms,2.4,3.0,9.310839943636115,2.2492352474628152,0.023426599516968055,3,6,45,True,False
zero_phase,dots,2.4,0.2,-1.0,VisualCogA_Task-1,right,Q2_visual_only,cue_stage,0.0,0.8,19.081802217855888,2.940236238950638,-0.35543451148517,3,6,41,True,False
zero_phase,dots,2.4,0.2,-1.0,VisualCogA_Task-1,right,Q2_visual_only,late_stage,0.8,2.8,10.478913029031933,1.7361687332220739,-0.0009250183936678008,3,6,41,True,False
zero_phase,dots,2.4,0.2,-1.0,VisualCogA_Task-1,right,Q2_visual_only,candidate_target_600ms,2.4,3.0,15.235354272920503,2.8613101820751914,0.021941747141817,3,6,41,True,False
zero_phase,dots,2.4,0.2,-1.0,VisualCogA_Task-1,left,Q2_plus_memory,cue_stage,0.0,0.8,16.74581983661257,3.26278765788718,-0.175004531661323,3,6,45,True,False
zero_phase,dots,2.4,0.2,-1.0,VisualCogA_Task-1,left,Q2_plus_memory,late_stage,0.8,2.8,7.517810037295641,2.2760189001694373,0.0035837596834993484,3,6,45,True,False
zero_phase,dots,2.4,0.2,-1.0,VisualCogA_Task-1,left,Q2_plus_memory,candidate_target_600ms,2.4,3.0,9.473692231447298,2.2885757482223874,0.07719873274509276,3,6,45,True,False
zero_phase,dots,2.4,0.2,-1.0,VisualCogA_Task-1,right,Q2_plus_memory,cue_stage,0.0,0.8,19.034766907048418,2.932988761811554,-0.3061764744426562,3,6,41,True,False
zero_phase,dots,2.4,0.2,-1.0,VisualCogA_Task-1,right,Q2_plus_memory,late_stage,0.8,2.8,10.613399019219543,1.7584506598468346,-0.023912353035486344,3,6,41,True,False
zero_phase,dots,2.4,0.2,-1.0,VisualCogA_Task-1,right,Q2_plus_memory,candidate_target_600ms,2.4,3.0,15.621219097466158,2.9337783985405967,0.0630356415494273,3,6,41,True,False
zero_phase,dots,2.4,0.2,-1.0,VisualCogA_Task-1,left,Q2_plus_memory_control,cue_stage,0.0,0.8,18.430471064221784,3.591028334480995,-0.17151004737429304,3,6,45,True,False
zero_phase,dots,2.4,0.2,-1.0,VisualCogA_Task-1,left,Q2_plus_memory_control,late_stage,0.8,2.8,7.1973960475703125,2.1790134833159036,-0.08849036500486074,3,6,45,True,False
zero_phase,dots,2.4,0.2,-1.0,VisualCogA_Task-1,left,Q2_plus_memory_control,candidate_target_600ms,2.4,3.0,5.685350749492749,1.3734197319854597,0.3294006964931648,3,6,45,True,False
zero_phase,dots,2.4,0.2,-1.0,VisualCogA_Task-1,right,Q2_plus_memory_control,cue_stage,0.0,0.8,20.42734864114656,3.1475659402954927,-0.28865924198550846,3,6,41,True,False
zero_phase,dots,2.4,0.2,-1.0,VisualCogA_Task-1,right,Q2_plus_memory_control,late_stage,0.8,2.8,10.005599397278958,1.6577491179260382,0.07227856834946714,3,6,41,True,False
zero_phase,dots,2.4,0.2,-1.0,VisualCogA_Task-1,right,Q2_plus_memory_control,candidate_target_600ms,2.4,3.0,13.4970459785692,2.534843259605676,-0.2601885755059628,3,6,41,True,False
zero_phase,dots,2.4,0.2,-1.0,VisualCogA_Task-2,left,Training_mean_template,cue_stage,0.0,0.8,17.942668252010783,0.5616130895010134,0.9778792134801574,3,6,49,True,False
zero_phase,dots,2.4,0.2,-1.0,VisualCogA_Task-2,left,Training_mean_template,late_stage,0.8,2.8,14.11515994647172,0.7172024522469914,0.8249400997850687,3,6,49,True,False
zero_phase,dots,2.4,0.2,-1.0,VisualCogA_Task-2,left,Training_mean_template,candidate_target_600ms,2.4,3.0,7.914473496738069,1.0375532844777726,0.8087741591045503,3,6,49,True,False
zero_phase,dots,2.4,0.2,-1.0,VisualCogA_Task-2,right,Training_mean_template,cue_stage,0.0,0.8,29.522392068994023,0.8499804956070128,0.8347233626213681,3,6,41,True,False
zero_phase,dots,2.4,0.2,-1.0,VisualCogA_Task-2,right,Training_mean_template,late_stage,0.8,2.8,22.033639211302557,1.0152767067432606,0.7652449528820708,3,6,41,True,False
zero_phase,dots,2.4,0.2,-1.0,VisualCogA_Task-2,right,Training_mean_template,candidate_target_600ms,2.4,3.0,24.226432343784754,1.9996769863566048,-0.5999040157615412,3,6,41,True,False
zero_phase,dots,2.4,0.2,-1.0,VisualCogA_Task-2,left,Q2_visual_only,cue_stage,0.0,0.8,29.125196592565167,0.9116309464642651,0.5723190626060944,3,6,49,True,False
zero_phase,dots,2.4,0.2,-1.0,VisualCogA_Task-2,left,Q2_visual_only,late_stage,0.8,2.8,19.156425048461482,0.9733531233896169,0.28493579049666545,3,6,49,True,False
zero_phase,dots,2.4,0.2,-1.0,VisualCogA_Task-2,left,Q2_visual_only,candidate_target_600ms,2.4,3.0,11.579490974037013,1.5180212426820943,0.2881844325838761,3,6,49,True,False
zero_phase,dots,2.4,0.2,-1.0,VisualCogA_Task-2,right,Q2_visual_only,cue_stage,0.0,0.8,37.05614067554849,1.066884984898148,0.31480814059215995,3,6,41,True,False
zero_phase,dots,2.4,0.2,-1.0,VisualCogA_Task-2,right,Q2_visual_only,late_stage,0.8,2.8,25.747529561996526,1.1864071463541597,0.04026345353764777,3,6,41,True,False
zero_phase,dots,2.4,0.2,-1.0,VisualCogA_Task-2,right,Q2_visual_only,candidate_target_600ms,2.4,3.0,22.37421597267298,1.8467929628856306,-0.1842589963860476,3,6,41,True,False
zero_phase,dots,2.4,0.2,-1.0,VisualCogA_Task-2,left,Q2_plus_memory,cue_stage,0.0,0.8,28.587957255806177,0.8948151284665781,0.6076700229820985,3,6,49,True,False
zero_phase,dots,2.4,0.2,-1.0,VisualCogA_Task-2,left,Q2_plus_memory,late_stage,0.8,2.8,19.15330015483145,0.9731943450702092,0.2854746277717591,3,6,49,True,False
zero_phase,dots,2.4,0.2,-1.0,VisualCogA_Task-2,left,Q2_plus_memory,candidate_target_600ms,2.4,3.0,11.195902198998528,1.4677344113983688,0.3551912373838335,3,6,49,True,False
zero_phase,dots,2.4,0.2,-1.0,VisualCogA_Task-2,right,Q2_plus_memory,cue_stage,0.0,0.8,36.96618364007125,1.0642950279116141,0.357220195895553,3,6,41,True,False
zero_phase,dots,2.4,0.2,-1.0,VisualCogA_Task-2,right,Q2_plus_memory,late_stage,0.8,2.8,25.75342932107008,1.1866789983122195,0.010058199856014784,3,6,41,True,False
zero_phase,dots,2.4,0.2,-1.0,VisualCogA_Task-2,right,Q2_plus_memory,candidate_target_600ms,2.4,3.0,22.07888139771752,1.8224157147447027,-0.15259714262954036,3,6,41,True,False
zero_phase,dots,2.4,0.2,-1.0,VisualCogA_Task-2,left,Q2_plus_memory_control,cue_stage,0.0,0.8,28.027467920995658,0.8772715757165557,0.6132382865285589,3,6,49,True,False
zero_phase,dots,2.4,0.2,-1.0,VisualCogA_Task-2,left,Q2_plus_memory_control,late_stage,0.8,2.8,19.150394737357896,0.9730467185080778,0.3038437165008852,3,6,49,True,False
zero_phase,dots,2.4,0.2,-1.0,VisualCogA_Task-2,left,Q2_plus_memory_control,candidate_target_600ms,2.4,3.0,11.373532077232994,1.4910209210644276,0.7194856038735978,3,6,49,True,False
zero_phase,dots,2.4,0.2,-1.0,VisualCogA_Task-2,right,Q2_plus_memory_control,cue_stage,0.0,0.8,36.64294298596244,1.0549885919447166,0.3798528196111408,3,6,41,True,False
zero_phase,dots,2.4,0.2,-1.0,VisualCogA_Task-2,right,Q2_plus_memory_control,late_stage,0.8,2.8,25.677990704569737,1.1832029011778682,0.05533533635534803,3,6,41,True,False
zero_phase,dots,2.4,0.2,-1.0,VisualCogA_Task-2,right,Q2_plus_memory_control,candidate_target_600ms,2.4,3.0,22.595017803655406,1.8650181944713382,-0.17605658697012233,3,6,41,True,False
zero_phase,dots,2.4,0.2,-1.0,VisualCogB_Task-1,left,Training_mean_template,cue_stage,0.0,0.8,20.152321295734094,1.8756942490310125,0.7767057748957286,3,6,43,True,False
zero_phase,dots,2.4,0.2,-1.0,VisualCogB_Task-1,left,Training_mean_template,late_stage,0.8,2.8,16.527684592388866,3.996159706535847,0.18858882964125626,3,6,43,True,False
zero_phase,dots,2.4,0.2,-1.0,VisualCogB_Task-1,left,Training_mean_template,candidate_target_600ms,2.4,3.0,18.152103184730095,3.3573110363920287,0.13955680133359555,3,6,43,True,False
zero_phase,dots,2.4,0.2,-1.0,VisualCogB_Task-1,right,Training_mean_template,cue_stage,0.0,0.8,20.384083337199673,1.9055213339803905,0.5878701690048956,3,6,45,True,False
zero_phase,dots,2.4,0.2,-1.0,VisualCogB_Task-1,right,Training_mean_template,late_stage,0.8,2.8,16.056368692494058,2.851287073991265,0.2094399473240979,3,6,45,True,False
zero_phase,dots,2.4,0.2,-1.0,VisualCogB_Task-1,right,Training_mean_template,candidate_target_600ms,2.4,3.0,13.975355146612396,2.4553892040312966,-0.4599257195547633,3,6,45,True,False
zero_phase,dots,2.4,0.2,-1.0,VisualCogB_Task-1,left,Q2_visual_only,cue_stage,0.0,0.8,18.28840745243432,1.7022089008539392,0.2753622571278452,3,6,43,True,False
zero_phase,dots,2.4,0.2,-1.0,VisualCogB_Task-1,left,Q2_visual_only,late_stage,0.8,2.8,11.235631233636285,2.7166162666263314,0.2528269427515111,3,6,43,True,False
zero_phase,dots,2.4,0.2,-1.0,VisualCogB_Task-1,left,Q2_visual_only,candidate_target_600ms,2.4,3.0,14.93651828487869,2.762574516724807,0.0679328337815232,3,6,43,True,False
zero_phase,dots,2.4,0.2,-1.0,VisualCogB_Task-1,right,Q2_visual_only,cue_stage,0.0,0.8,16.95974938413628,1.5854117026423098,-0.13350356424116502,3,6,45,True,False
zero_phase,dots,2.4,0.2,-1.0,VisualCogB_Task-1,right,Q2_visual_only,late_stage,0.8,2.8,10.934827200976722,1.9418046540652796,-0.13184048321554168,3,6,45,True,False
zero_phase,dots,2.4,0.2,-1.0,VisualCogB_Task-1,right,Q2_visual_only,candidate_target_600ms,2.4,3.0,13.606481848353008,2.3905802954418744,-0.232492927142413,3,6,45,True,False
zero_phase,dots,2.4,0.2,-1.0,VisualCogB_Task-1,left,Q2_plus_memory,cue_stage,0.0,0.8,17.921742145367684,1.6680812190999932,0.3068460729167407,3,6,43,True,False
zero_phase,dots,2.4,0.2,-1.0,VisualCogB_Task-1,left,Q2_plus_memory,late_stage,0.8,2.8,11.318225188179403,2.736586313326076,0.25276969234938557,3,6,43,True,False
zero_phase,dots,2.4,0.2,-1.0,VisualCogB_Task-1,left,Q2_plus_memory,candidate_target_600ms,2.4,3.0,15.212178332265585,2.8135590505810764,0.10912933819477542,3,6,43,True,False
zero_phase,dots,2.4,0.2,-1.0,VisualCogB_Task-1,right,Q2_plus_memory,cue_stage,0.0,0.8,16.961569238068616,1.585581824125598,-0.08906238292440061,3,6,45,True,False
zero_phase,dots,2.4,0.2,-1.0,VisualCogB_Task-1,right,Q2_plus_memory,late_stage,0.8,2.8,11.025545514155134,1.957914395856449,-0.14184832468634898,3,6,45,True,False
zero_phase,dots,2.4,0.2,-1.0,VisualCogB_Task-1,right,Q2_plus_memory,candidate_target_600ms,2.4,3.0,13.780578050122516,2.4211679928422742,-0.16142066705357613,3,6,45,True,False
zero_phase,dots,2.4,0.2,-1.0,VisualCogB_Task-1,left,Q2_plus_memory_control,cue_stage,0.0,0.8,18.695542847726536,1.7401033700974515,0.3126386585732856,3,6,43,True,False
zero_phase,dots,2.4,0.2,-1.0,VisualCogB_Task-1,left,Q2_plus_memory_control,late_stage,0.8,2.8,10.89196675541227,2.6335230703126196,0.28887154437733653,3,6,43,True,False
zero_phase,dots,2.4,0.2,-1.0,VisualCogB_Task-1,left,Q2_plus_memory_control,candidate_target_600ms,2.4,3.0,13.137201926330778,2.4297830706297163,-0.067216103986572,3,6,43,True,False
zero_phase,dots,2.4,0.2,-1.0,VisualCogB_Task-1,right,Q2_plus_memory_control,cue_stage,0.0,0.8,17.85647472644153,1.6692383453329427,-0.04660022329341907,3,6,45,True,False
zero_phase,dots,2.4,0.2,-1.0,VisualCogB_Task-1,right,Q2_plus_memory_control,late_stage,0.8,2.8,10.74944006580819,1.9088836398363644,-0.1435032032190971,3,6,45,True,False
zero_phase,dots,2.4,0.2,-1.0,VisualCogB_Task-1,right,Q2_plus_memory_control,candidate_target_600ms,2.4,3.0,12.105129125295939,2.1268012909755085,-0.5727682272110032,3,6,45,True,False
zero_phase,dots,2.4,0.2,-1.0,VisualCogB_Task-2,left,Training_mean_template,cue_stage,0.0,0.8,29.925330604980914,0.8918247222486201,0.8874754406814326,3,6,44,True,False
zero_phase,dots,2.4,0.2,-1.0,VisualCogB_Task-2,left,Training_mean_template,late_stage,0.8,2.8,20.92505270211325,0.9852233485754245,0.7986104501142345,3,6,44,True,False
zero_phase,dots,2.4,0.2,-1.0,VisualCogB_Task-2,left,Training_mean_template,candidate_target_600ms,2.4,3.0,19.30368332021704,1.7941631637646187,0.5018867494628211,3,6,44,True,False
zero_phase,dots,2.4,0.2,-1.0,VisualCogB_Task-2,right,Training_mean_template,cue_stage,0.0,0.8,22.623078630841086,0.6467140961557449,0.9207145457673893,3,6,47,True,False
zero_phase,dots,2.4,0.2,-1.0,VisualCogB_Task-2,right,Training_mean_template,late_stage,0.8,2.8,12.53780346035479,0.6687291285477598,0.8141075721263659,3,6,47,True,False
zero_phase,dots,2.4,0.2,-1.0,VisualCogB_Task-2,right,Training_mean_template,candidate_target_600ms,2.4,3.0,11.906364984058547,1.5849175892632072,-0.34183704984755675,3,6,47,True,False
zero_phase,dots,2.4,0.2,-1.0,VisualCogB_Task-2,left,Q2_visual_only,cue_stage,0.0,0.8,35.329863010377416,1.0528887945206957,0.6248978751370554,3,6,44,True,False
zero_phase,dots,2.4,0.2,-1.0,VisualCogB_Task-2,left,Q2_visual_only,late_stage,0.8,2.8,23.454957863655505,1.104339972572323,0.4441839310241559,3,6,44,True,False
zero_phase,dots,2.4,0.2,-1.0,VisualCogB_Task-2,left,Q2_visual_only,candidate_target_600ms,2.4,3.0,19.65587259725278,1.8268970735086019,0.2561739986595681,3,6,44,True,False
zero_phase,dots,2.4,0.2,-1.0,VisualCogB_Task-2,right,Q2_visual_only,cue_stage,0.0,0.8,33.719267412024344,0.9639150313376448,0.44957313823181877,3,6,47,True,False
zero_phase,dots,2.4,0.2,-1.0,VisualCogB_Task-2,right,Q2_visual_only,late_stage,0.8,2.8,18.50623779013845,0.9870676557683656,0.2700663596066646,3,6,47,True,False
zero_phase,dots,2.4,0.2,-1.0,VisualCogB_Task-2,right,Q2_visual_only,candidate_target_600ms,2.4,3.0,11.814284797772114,1.5726603212335948,0.15886550774618785,3,6,47,True,False
zero_phase,dots,2.4,0.2,-1.0,VisualCogB_Task-2,left,Q2_plus_memory,cue_stage,0.0,0.8,35.220706823214286,1.0496357582357005,0.6256261623264254,3,6,44,True,False
zero_phase,dots,2.4,0.2,-1.0,VisualCogB_Task-2,left,Q2_plus_memory,late_stage,0.8,2.8,23.55041860924517,1.1088345923358307,0.36531586098019664,3,6,44,True,False
zero_phase,dots,2.4,0.2,-1.0,VisualCogB_Task-2,left,Q2_plus_memory,candidate_target_600ms,2.4,3.0,19.29263989626816,1.7931367428416145,0.2984527207399262,3,6,44,True,False
zero_phase,dots,2.4,0.2,-1.0,VisualCogB_Task-2,right,Q2_plus_memory,cue_stage,0.0,0.8,33.15144859021935,0.9476830921698596,0.5187093932601918,3,6,47,True,False
zero_phase,dots,2.4,0.2,-1.0,VisualCogB_Task-2,right,Q2_plus_memory,late_stage,0.8,2.8,18.60578197909976,0.9923770465995893,0.21365587076739773,3,6,47,True,False
zero_phase,dots,2.4,0.2,-1.0,VisualCogB_Task-2,right,Q2_plus_memory,candidate_target_600ms,2.4,3.0,11.32972066535806,1.5081574929045987,0.2687009142385926,3,6,47,True,False
zero_phase,dots,2.4,0.2,-1.0,VisualCogB_Task-2,left,Q2_plus_memory_control,cue_stage,0.0,0.8,34.871245896508704,1.0392212402472485,0.6177353187725985,3,6,44,True,False
zero_phase,dots,2.4,0.2,-1.0,VisualCogB_Task-2,left,Q2_plus_memory_control,late_stage,0.8,2.8,23.421049578944206,1.1027434540696797,0.5488778073810604,3,6,44,True,False
zero_phase,dots,2.4,0.2,-1.0,VisualCogB_Task-2,left,Q2_plus_memory_control,candidate_target_600ms,2.4,3.0,19.910193863016772,1.850534730593344,0.6121463855487269,3,6,44,True,False
zero_phase,dots,2.4,0.2,-1.0,VisualCogB_Task-2,right,Q2_plus_memory_control,cue_stage,0.0,0.8,32.72159897139298,0.9353952063229166,0.5286767746657695,3,6,47,True,False
zero_phase,dots,2.4,0.2,-1.0,VisualCogB_Task-2,right,Q2_plus_memory_control,late_stage,0.8,2.8,18.49332340348692,0.9863788408129778,0.3039827754096324,3,6,47,True,False
zero_phase,dots,2.4,0.2,-1.0,VisualCogB_Task-2,right,Q2_plus_memory_control,candidate_target_600ms,2.4,3.0,11.69918892112123,1.5573393160737585,0.544347707975517,3,6,47,True,False
zero_phase,dots,2.4,0.2,1.0,VisualCogA_Task-1,left,Training_mean_template,cue_stage,0.0,0.8,24.353480321004458,4.745078819267011,0.4317427489629862,3,6,45,True,False
zero_phase,dots,2.4,0.2,1.0,VisualCogA_Task-1,left,Training_mean_template,late_stage,0.8,2.8,14.058063376248118,4.256082261374945,0.08289001385021638,3,6,45,True,False
zero_phase,dots,2.4,0.2,1.0,VisualCogA_Task-1,left,Training_mean_template,candidate_target_600ms,2.4,3.0,9.302536237136081,2.2472293071333147,0.27453681863551427,3,6,45,True,False
zero_phase,dots,2.4,0.2,1.0,VisualCogA_Task-1,right,Training_mean_template,cue_stage,0.0,0.8,27.26455504758991,4.201082889056167,0.3232764914667962,3,6,41,True,False
zero_phase,dots,2.4,0.2,1.0,VisualCogA_Task-1,right,Training_mean_template,late_stage,0.8,2.8,13.001877552623991,2.154178894080687,0.6323042254594922,3,6,41,True,False
zero_phase,dots,2.4,0.2,1.0,VisualCogA_Task-1,right,Training_mean_template,candidate_target_600ms,2.4,3.0,17.355256262369732,3.2594431718799495,-0.39285114815219246,3,6,41,True,False
zero_phase,dots,2.4,0.2,1.0,VisualCogA_Task-1,left,Q2_visual_only,cue_stage,0.0,0.8,16.41249275715951,3.197841570356656,-0.19610305656523128,3,6,45,True,False
zero_phase,dots,2.4,0.2,1.0,VisualCogA_Task-1,left,Q2_visual_only,late_stage,0.8,2.8,7.745243534481144,2.344874449266558,-0.09234108959705875,3,6,45,True,False
zero_phase,dots,2.4,0.2,1.0,VisualCogA_Task-1,left,Q2_visual_only,candidate_target_600ms,2.4,3.0,9.310839943636115,2.2492352474628152,0.023426599516968055,3,6,45,True,False
zero_phase,dots,2.4,0.2,1.0,VisualCogA_Task-1,right,Q2_visual_only,cue_stage,0.0,0.8,19.081802217855888,2.940236238950638,-0.35543451148517,3,6,41,True,False
zero_phase,dots,2.4,0.2,1.0,VisualCogA_Task-1,right,Q2_visual_only,late_stage,0.8,2.8,10.478913029031933,1.7361687332220739,-0.0009250183936678008,3,6,41,True,False
zero_phase,dots,2.4,0.2,1.0,VisualCogA_Task-1,right,Q2_visual_only,candidate_target_600ms,2.4,3.0,15.235354272920503,2.8613101820751914,0.021941747141817,3,6,41,True,False
zero_phase,dots,2.4,0.2,1.0,VisualCogA_Task-1,left,Q2_plus_memory,cue_stage,0.0,0.8,16.32718341953315,3.181219735377801,-0.1533247365230002,3,6,45,True,False
zero_phase,dots,2.4,0.2,1.0,VisualCogA_Task-1,left,Q2_plus_memory,late_stage,0.8,2.8,8.371781584702424,2.534559003266265,-0.14560724963147548,3,6,45,True,False
zero_phase,dots,2.4,0.2,1.0,VisualCogA_Task-1,left,Q2_plus_memory,candidate_target_600ms,2.4,3.0,10.09331818400214,2.438259830557155,-0.048899643256414715,3,6,45,True,False
zero_phase,dots,2.4,0.2,1.0,VisualCogA_Task-1,right,Q2_plus_memory,cue_stage,0.0,0.8,18.47969087915273,2.8474593849760437,-0.2755788849472746,3,6,41,True,False
zero_phase,dots,2.4,0.2,1.0,VisualCogA_Task-1,right,Q2_plus_memory,late_stage,0.8,2.8,10.732490265593439,1.7781819523751692,0.035765216022289076,3,6,41,True,False
zero_phase,dots,2.4,0.2,1.0,VisualCogA_Task-1,right,Q2_plus_memory,candidate_target_600ms,2.4,3.0,15.419109862176752,2.8958208162969807,-0.02563998916400449,3,6,41,True,False
zero_phase,dots,2.4,0.2,1.0,VisualCogA_Task-1,left,Q2_plus_memory_control,cue_stage,0.0,0.8,18.354444476195827,3.5762151682399477,-0.1473799310658136,3,6,45,True,False
zero_phase,dots,2.4,0.2,1.0,VisualCogA_Task-1,left,Q2_plus_memory_control,late_stage,0.8,2.8,7.4056171540088735,2.2420524762297016,-0.06636614887831145,3,6,45,True,False
zero_phase,dots,2.4,0.2,1.0,VisualCogA_Task-1,left,Q2_plus_memory_control,candidate_target_600ms,2.4,3.0,8.459568896679539,2.0435922705079816,-0.16713948303895207,3,6,45,True,False
zero_phase,dots,2.4,0.2,1.0,VisualCogA_Task-1,right,Q2_plus_memory_control,cue_stage,0.0,0.8,20.106414560483685,3.098114530858061,-0.2506419766209204,3,6,41,True,False
zero_phase,dots,2.4,0.2,1.0,VisualCogA_Task-1,right,Q2_plus_memory_control,late_stage,0.8,2.8,10.501169837370595,1.7398562888523044,-0.02642938293386377,3,6,41,True,False
zero_phase,dots,2.4,0.2,1.0,VisualCogA_Task-1,right,Q2_plus_memory_control,candidate_target_600ms,2.4,3.0,14.911217162694996,2.800434878668224,-0.2412811477020027,3,6,41,True,False
zero_phase,dots,2.4,0.2,1.0,VisualCogA_Task-2,left,Training_mean_template,cue_stage,0.0,0.8,17.942668252010783,0.5616130895010134,0.9778792134801574,3,6,49,True,False
zero_phase,dots,2.4,0.2,1.0,VisualCogA_Task-2,left,Training_mean_template,late_stage,0.8,2.8,14.11515994647172,0.7172024522469914,0.8249400997850687,3,6,49,True,False
zero_phase,dots,2.4,0.2,1.0,VisualCogA_Task-2,left,Training_mean_template,candidate_target_600ms,2.4,3.0,7.914473496738069,1.0375532844777726,0.8087741591045503,3,6,49,True,False
zero_phase,dots,2.4,0.2,1.0,VisualCogA_Task-2,right,Training_mean_template,cue_stage,0.0,0.8,29.522392068994023,0.8499804956070128,0.8347233626213681,3,6,41,True,False
zero_phase,dots,2.4,0.2,1.0,VisualCogA_Task-2,right,Training_mean_template,late_stage,0.8,2.8,22.033639211302557,1.0152767067432606,0.7652449528820708,3,6,41,True,False
zero_phase,dots,2.4,0.2,1.0,VisualCogA_Task-2,right,Training_mean_template,candidate_target_600ms,2.4,3.0,24.226432343784754,1.9996769863566048,-0.5999040157615412,3,6,41,True,False
zero_phase,dots,2.4,0.2,1.0,VisualCogA_Task-2,left,Q2_visual_only,cue_stage,0.0,0.8,29.125196592565167,0.9116309464642651,0.5723190626060944,3,6,49,True,False
zero_phase,dots,2.4,0.2,1.0,VisualCogA_Task-2,left,Q2_visual_only,late_stage,0.8,2.8,19.156425048461482,0.9733531233896169,0.28493579049666545,3,6,49,True,False
zero_phase,dots,2.4,0.2,1.0,VisualCogA_Task-2,left,Q2_visual_only,candidate_target_600ms,2.4,3.0,11.579490974037013,1.5180212426820943,0.2881844325838761,3,6,49,True,False
zero_phase,dots,2.4,0.2,1.0,VisualCogA_Task-2,right,Q2_visual_only,cue_stage,0.0,0.8,37.05614067554849,1.066884984898148,0.31480814059215995,3,6,41,True,False
zero_phase,dots,2.4,0.2,1.0,VisualCogA_Task-2,right,Q2_visual_only,late_stage,0.8,2.8,25.747529561996526,1.1864071463541597,0.04026345353764777,3,6,41,True,False
zero_phase,dots,2.4,0.2,1.0,VisualCogA_Task-2,right,Q2_visual_only,candidate_target_600ms,2.4,3.0,22.37421597267298,1.8467929628856306,-0.1842589963860476,3,6,41,True,False
zero_phase,dots,2.4,0.2,1.0,VisualCogA_Task-2,left,Q2_plus_memory,cue_stage,0.0,0.8,28.550128012470374,0.8936310571832602,0.6216773609478364,3,6,49,True,False
zero_phase,dots,2.4,0.2,1.0,VisualCogA_Task-2,left,Q2_plus_memory,late_stage,0.8,2.8,19.07116713856802,0.969021101486859,0.29547292855422275,3,6,49,True,False
zero_phase,dots,2.4,0.2,1.0,VisualCogA_Task-2,left,Q2_plus_memory,candidate_target_600ms,2.4,3.0,12.341601709161019,1.6179306676981209,0.143549051393063,3,6,49,True,False
zero_phase,dots,2.4,0.2,1.0,VisualCogA_Task-2,right,Q2_plus_memory,cue_stage,0.0,0.8,36.9577153086338,1.0640512158067095,0.3832179326659698,3,6,41,True,False
zero_phase,dots,2.4,0.2,1.0,VisualCogA_Task-2,right,Q2_plus_memory,late_stage,0.8,2.8,25.598194363663666,1.1795260067062678,0.08525261090476628,3,6,41,True,False
zero_phase,dots,2.4,0.2,1.0,VisualCogA_Task-2,right,Q2_plus_memory,candidate_target_600ms,2.4,3.0,22.80262750090541,1.8821545324943736,-0.1872153854141588,3,6,41,True,False
zero_phase,dots,2.4,0.2,1.0,VisualCogA_Task-2,left,Q2_plus_memory_control,cue_stage,0.0,0.8,27.924801947014547,0.8740580873978547,0.6267077305768732,3,6,49,True,False
zero_phase,dots,2.4,0.2,1.0,VisualCogA_Task-2,left,Q2_plus_memory_control,late_stage,0.8,2.8,18.929754369422415,0.961835806726128,0.3673441141051052,3,6,49,True,False
zero_phase,dots,2.4,0.2,1.0,VisualCogA_Task-2,left,Q2_plus_memory_control,candidate_target_600ms,2.4,3.0,11.159225628313298,1.4629262714262625,0.4781289751772654,3,6,49,True,False
zero_phase,dots,2.4,0.2,1.0,VisualCogA_Task-2,right,Q2_plus_memory_control,cue_stage,0.0,0.8,36.63669133878502,1.054808600494369,0.40757313216616176,3,6,41,True,False
zero_phase,dots,2.4,0.2,1.0,VisualCogA_Task-2,right,Q2_plus_memory_control,late_stage,0.8,2.8,25.522926538206253,1.176057779364371,0.07793969923927101,3,6,41,True,False
zero_phase,dots,2.4,0.2,1.0,VisualCogA_Task-2,right,Q2_plus_memory_control,candidate_target_600ms,2.4,3.0,22.187130326189024,1.8313507031074345,-0.16165752907748818,3,6,41,True,False
zero_phase,dots,2.4,0.2,1.0,VisualCogB_Task-1,left,Training_mean_template,cue_stage,0.0,0.8,20.152321295734094,1.8756942490310125,0.7767057748957286,3,6,43,True,False
zero_phase,dots,2.4,0.2,1.0,VisualCogB_Task-1,left,Training_mean_template,late_stage,0.8,2.8,16.527684592388866,3.996159706535847,0.18858882964125626,3,6,43,True,False
zero_phase,dots,2.4,0.2,1.0,VisualCogB_Task-1,left,Training_mean_template,candidate_target_600ms,2.4,3.0,18.152103184730095,3.3573110363920287,0.13955680133359555,3,6,43,True,False
zero_phase,dots,2.4,0.2,1.0,VisualCogB_Task-1,right,Training_mean_template,cue_stage,0.0,0.8,20.384083337199673,1.9055213339803905,0.5878701690048956,3,6,45,True,False
zero_phase,dots,2.4,0.2,1.0,VisualCogB_Task-1,right,Training_mean_template,late_stage,0.8,2.8,16.056368692494058,2.851287073991265,0.2094399473240979,3,6,45,True,False
zero_phase,dots,2.4,0.2,1.0,VisualCogB_Task-1,right,Training_mean_template,candidate_target_600ms,2.4,3.0,13.975355146612396,2.4553892040312966,-0.4599257195547633,3,6,45,True,False
zero_phase,dots,2.4,0.2,1.0,VisualCogB_Task-1,left,Q2_visual_only,cue_stage,0.0,0.8,18.28840745243432,1.7022089008539392,0.2753622571278452,3,6,43,True,False
zero_phase,dots,2.4,0.2,1.0,VisualCogB_Task-1,left,Q2_visual_only,late_stage,0.8,2.8,11.235631233636285,2.7166162666263314,0.2528269427515111,3,6,43,True,False
zero_phase,dots,2.4,0.2,1.0,VisualCogB_Task-1,left,Q2_visual_only,candidate_target_600ms,2.4,3.0,14.93651828487869,2.762574516724807,0.0679328337815232,3,6,43,True,False
zero_phase,dots,2.4,0.2,1.0,VisualCogB_Task-1,right,Q2_visual_only,cue_stage,0.0,0.8,16.95974938413628,1.5854117026423098,-0.13350356424116502,3,6,45,True,False
zero_phase,dots,2.4,0.2,1.0,VisualCogB_Task-1,right,Q2_visual_only,late_stage,0.8,2.8,10.934827200976722,1.9418046540652796,-0.13184048321554168,3,6,45,True,False
zero_phase,dots,2.4,0.2,1.0,VisualCogB_Task-1,right,Q2_visual_only,candidate_target_600ms,2.4,3.0,13.606481848353008,2.3905802954418744,-0.232492927142413,3,6,45,True,False
zero_phase,dots,2.4,0.2,1.0,VisualCogB_Task-1,left,Q2_plus_memory,cue_stage,0.0,0.8,17.554459941201326,1.6338961191297927,0.31423083347385383,3,6,43,True,False
zero_phase,dots,2.4,0.2,1.0,VisualCogB_Task-1,left,Q2_plus_memory,late_stage,0.8,2.8,11.68840684607569,2.8260909875661095,0.19142798076751907,3,6,43,True,False
zero_phase,dots,2.4,0.2,1.0,VisualCogB_Task-1,left,Q2_plus_memory,candidate_target_600ms,2.4,3.0,15.141936296897429,2.800567478300982,-0.0006523335503031044,3,6,43,True,False
zero_phase,dots,2.4,0.2,1.0,VisualCogB_Task-1,right,Q2_plus_memory,cue_stage,0.0,0.8,16.509826958470715,1.5433525741272023,-0.05847768797527682,3,6,45,True,False
zero_phase,dots,2.4,0.2,1.0,VisualCogB_Task-1,right,Q2_plus_memory,late_stage,0.8,2.8,11.36839005646038,2.018796668217346,-0.15175179702123878,3,6,45,True,False
zero_phase,dots,2.4,0.2,1.0,VisualCogB_Task-1,right,Q2_plus_memory,candidate_target_600ms,2.4,3.0,13.979543407252498,2.456125057242288,-0.27400215043421455,3,6,45,True,False
zero_phase,dots,2.4,0.2,1.0,VisualCogB_Task-1,left,Q2_plus_memory_control,cue_stage,0.0,0.8,18.358781826096347,1.7087590548545588,0.32932060371176675,3,6,43,True,False
zero_phase,dots,2.4,0.2,1.0,VisualCogB_Task-1,left,Q2_plus_memory_control,late_stage,0.8,2.8,11.289209881415047,2.7295708237022067,0.2298830897064777,3,6,43,True,False
zero_phase,dots,2.4,0.2,1.0,VisualCogB_Task-1,left,Q2_plus_memory_control,candidate_target_600ms,2.4,3.0,14.379383425935082,2.659529982895604,-0.05787991178557344,3,6,43,True,False
zero_phase,dots,2.4,0.2,1.0,VisualCogB_Task-1,right,Q2_plus_memory_control,cue_stage,0.0,0.8,17.60492501371715,1.645723265639455,-0.01264073337153808,3,6,45,True,False
zero_phase,dots,2.4,0.2,1.0,VisualCogB_Task-1,right,Q2_plus_memory_control,late_stage,0.8,2.8,11.09576958861703,1.9703847744103375,-0.1995021549623779,3,6,45,True,False
zero_phase,dots,2.4,0.2,1.0,VisualCogB_Task-1,right,Q2_plus_memory_control,candidate_target_600ms,2.4,3.0,13.199805321761268,2.3191295779144308,-0.4409378357261432,3,6,45,True,False
zero_phase,dots,2.4,0.2,1.0,VisualCogB_Task-2,left,Training_mean_template,cue_stage,0.0,0.8,29.925330604980914,0.8918247222486201,0.8874754406814326,3,6,44,True,False
zero_phase,dots,2.4,0.2,1.0,VisualCogB_Task-2,left,Training_mean_template,late_stage,0.8,2.8,20.92505270211325,0.9852233485754245,0.7986104501142345,3,6,44,True,False
zero_phase,dots,2.4,0.2,1.0,VisualCogB_Task-2,left,Training_mean_template,candidate_target_600ms,2.4,3.0,19.30368332021704,1.7941631637646187,0.5018867494628211,3,6,44,True,False
zero_phase,dots,2.4,0.2,1.0,VisualCogB_Task-2,right,Training_mean_template,cue_stage,0.0,0.8,22.623078630841086,0.6467140961557449,0.9207145457673893,3,6,47,True,False
zero_phase,dots,2.4,0.2,1.0,VisualCogB_Task-2,right,Training_mean_template,late_stage,0.8,2.8,12.53780346035479,0.6687291285477598,0.8141075721263659,3,6,47,True,False
zero_phase,dots,2.4,0.2,1.0,VisualCogB_Task-2,right,Training_mean_template,candidate_target_600ms,2.4,3.0,11.906364984058547,1.5849175892632072,-0.34183704984755675,3,6,47,True,False
zero_phase,dots,2.4,0.2,1.0,VisualCogB_Task-2,left,Q2_visual_only,cue_stage,0.0,0.8,35.329863010377416,1.0528887945206957,0.6248978751370554,3,6,44,True,False
zero_phase,dots,2.4,0.2,1.0,VisualCogB_Task-2,left,Q2_visual_only,late_stage,0.8,2.8,23.454957863655505,1.104339972572323,0.4441839310241559,3,6,44,True,False
zero_phase,dots,2.4,0.2,1.0,VisualCogB_Task-2,left,Q2_visual_only,candidate_target_600ms,2.4,3.0,19.65587259725278,1.8268970735086019,0.2561739986595681,3,6,44,True,False
zero_phase,dots,2.4,0.2,1.0,VisualCogB_Task-2,right,Q2_visual_only,cue_stage,0.0,0.8,33.719267412024344,0.9639150313376448,0.44957313823181877,3,6,47,True,False
zero_phase,dots,2.4,0.2,1.0,VisualCogB_Task-2,right,Q2_visual_only,late_stage,0.8,2.8,18.50623779013845,0.9870676557683656,0.2700663596066646,3,6,47,True,False
zero_phase,dots,2.4,0.2,1.0,VisualCogB_Task-2,right,Q2_visual_only,candidate_target_600ms,2.4,3.0,11.814284797772114,1.5726603212335948,0.15886550774618785,3,6,47,True,False
zero_phase,dots,2.4,0.2,1.0,VisualCogB_Task-2,left,Q2_plus_memory,cue_stage,0.0,0.8,35.31089214217267,1.05232343103346,0.6399463549228258,3,6,44,True,False
zero_phase,dots,2.4,0.2,1.0,VisualCogB_Task-2,left,Q2_plus_memory,late_stage,0.8,2.8,23.301945262391612,1.097135613781092,0.43590728513393917,3,6,44,True,False
zero_phase,dots,2.4,0.2,1.0,VisualCogB_Task-2,left,Q2_plus_memory,candidate_target_600ms,2.4,3.0,20.14289636381591,1.8721630513715064,0.15737441373429759,3,6,44,True,False
zero_phase,dots,2.4,0.2,1.0,VisualCogB_Task-2,right,Q2_plus_memory,cue_stage,0.0,0.8,33.164632423286896,0.9480599714984989,0.5433517097126476,3,6,47,True,False
zero_phase,dots,2.4,0.2,1.0,VisualCogB_Task-2,right,Q2_plus_memory,late_stage,0.8,2.8,18.37721133139435,0.980185768395639,0.29202999508707506,3,6,47,True,False
zero_phase,dots,2.4,0.2,1.0,VisualCogB_Task-2,right,Q2_plus_memory,candidate_target_600ms,2.4,3.0,12.540353639189247,1.669311085704424,0.0009603536728047605,3,6,47,True,False
zero_phase,dots,2.4,0.2,1.0,VisualCogB_Task-2,left,Q2_plus_memory_control,cue_stage,0.0,0.8,34.947878999908504,1.0415050344367502,0.6254064062339575,3,6,44,True,False
zero_phase,dots,2.4,0.2,1.0,VisualCogB_Task-2,left,Q2_plus_memory_control,late_stage,0.8,2.8,23.277418828434598,1.095980825034046,0.5506150852776606,3,6,44,True,False
zero_phase,dots,2.4,0.2,1.0,VisualCogB_Task-2,left,Q2_plus_memory_control,candidate_target_600ms,2.4,3.0,19.343000642704016,1.7978174762879757,0.46960724807021564,3,6,44,True,False
zero_phase,dots,2.4,0.2,1.0,VisualCogB_Task-2,right,Q2_plus_memory_control,cue_stage,0.0,0.8,32.57071059430021,0.9310818393402758,0.5545817141853869,3,6,47,True,False
zero_phase,dots,2.4,0.2,1.0,VisualCogB_Task-2,right,Q2_plus_memory_control,late_stage,0.8,2.8,18.3052996423655,0.9763502128863569,0.38253933238957677,3,6,47,True,False
zero_phase,dots,2.4,0.2,1.0,VisualCogB_Task-2,right,Q2_plus_memory_control,candidate_target_600ms,2.4,3.0,11.31224995984841,1.5058318772783217,0.38009145178450415,3,6,47,True,False
zero_phase,inward,2.4,0.2,-1.0,VisualCogA_Task-1,left,Training_mean_template,cue_stage,0.0,0.8,24.353480321004458,4.745078819267011,0.4317427489629862,3,6,45,True,False
zero_phase,inward,2.4,0.2,-1.0,VisualCogA_Task-1,left,Training_mean_template,late_stage,0.8,2.8,14.058063376248118,4.256082261374945,0.08289001385021638,3,6,45,True,False
zero_phase,inward,2.4,0.2,-1.0,VisualCogA_Task-1,left,Training_mean_template,candidate_target_600ms,2.4,3.0,9.302536237136081,2.2472293071333147,0.27453681863551427,3,6,45,True,False
zero_phase,inward,2.4,0.2,-1.0,VisualCogA_Task-1,right,Training_mean_template,cue_stage,0.0,0.8,27.26455504758991,4.201082889056167,0.3232764914667962,3,6,41,True,False
zero_phase,inward,2.4,0.2,-1.0,VisualCogA_Task-1,right,Training_mean_template,late_stage,0.8,2.8,13.001877552623991,2.154178894080687,0.6323042254594922,3,6,41,True,False
zero_phase,inward,2.4,0.2,-1.0,VisualCogA_Task-1,right,Training_mean_template,candidate_target_600ms,2.4,3.0,17.355256262369732,3.2594431718799495,-0.39285114815219246,3,6,41,True,False
zero_phase,inward,2.4,0.2,-1.0,VisualCogA_Task-1,left,Q2_visual_only,cue_stage,0.0,0.8,16.064828720376976,3.1301020425596855,-0.1998335647903258,3,6,45,True,False
zero_phase,inward,2.4,0.2,-1.0,VisualCogA_Task-1,left,Q2_visual_only,late_stage,0.8,2.8,7.593924518328619,2.299062578654025,-0.09468737365924695,3,6,45,True,False
zero_phase,inward,2.4,0.2,-1.0,VisualCogA_Task-1,left,Q2_visual_only,candidate_target_600ms,2.4,3.0,8.545693497808509,2.0643975350926618,0.14563412871921866,3,6,45,True,False
zero_phase,inward,2.4,0.2,-1.0,VisualCogA_Task-1,right,Q2_visual_only,cue_stage,0.0,0.8,18.7341845389306,2.886673263860181,-0.35920871686833467,3,6,41,True,False
zero_phase,inward,2.4,0.2,-1.0,VisualCogA_Task-1,right,Q2_visual_only,late_stage,0.8,2.8,10.197636257763907,1.6895661958878827,0.04147742816422611,3,6,41,True,False
zero_phase,inward,2.4,0.2,-1.0,VisualCogA_Task-1,right,Q2_visual_only,candidate_target_600ms,2.4,3.0,14.815173320709702,2.782397147606952,0.012318122427072182,3,6,41,True,False
zero_phase,inward,2.4,0.2,-1.0,VisualCogA_Task-1,left,Q2_plus_memory,cue_stage,0.0,0.8,16.450518797795308,3.20525063705362,-0.17742466462237233,3,6,45,True,False
zero_phase,inward,2.4,0.2,-1.0,VisualCogA_Task-1,left,Q2_plus_memory,late_stage,0.8,2.8,7.329161806250031,2.218905600257194,0.004817009823413005,3,6,45,True,False
zero_phase,inward,2.4,0.2,-1.0,VisualCogA_Task-1,left,Q2_plus_memory,candidate_target_600ms,2.4,3.0,8.530418680299826,2.0607075717652847,0.2145089821613507,3,6,45,True,False
zero_phase,inward,2.4,0.2,-1.0,VisualCogA_Task-1,right,Q2_plus_memory,cue_stage,0.0,0.8,18.725872578764164,2.885392508184221,-0.30672198860080924,3,6,41,True,False
zero_phase,inward,2.4,0.2,-1.0,VisualCogA_Task-1,right,Q2_plus_memory,late_stage,0.8,2.8,10.30677472501403,1.7076484906742293,0.02210994910581558,3,6,41,True,False
zero_phase,inward,2.4,0.2,-1.0,VisualCogA_Task-1,right,Q2_plus_memory,candidate_target_600ms,2.4,3.0,15.110194446779888,2.837804257729249,0.05866226684072825,3,6,41,True,False
zero_phase,inward,2.4,0.2,-1.0,VisualCogA_Task-1,left,Q2_plus_memory_control,cue_stage,0.0,0.8,18.275860854266874,3.5609037846084775,-0.17623320706542542,3,6,45,True,False
zero_phase,inward,2.4,0.2,-1.0,VisualCogA_Task-1,left,Q2_plus_memory_control,late_stage,0.8,2.8,7.1225681311808415,2.1563593126042426,-0.06509974704235352,3,6,45,True,False
zero_phase,inward,2.4,0.2,-1.0,VisualCogA_Task-1,left,Q2_plus_memory_control,candidate_target_600ms,2.4,3.0,5.354287152177105,1.2934441425926748,0.4309044148581451,3,6,45,True,False
zero_phase,inward,2.4,0.2,-1.0,VisualCogA_Task-1,right,Q2_plus_memory_control,cue_stage,0.0,0.8,20.338430514940242,3.133864912793659,-0.2972282699475699,3,6,41,True,False
zero_phase,inward,2.4,0.2,-1.0,VisualCogA_Task-1,right,Q2_plus_memory_control,late_stage,0.8,2.8,9.962591073782184,1.6506234068607275,0.07624732235081225,3,6,41,True,False
zero_phase,inward,2.4,0.2,-1.0,VisualCogA_Task-1,right,Q2_plus_memory_control,candidate_target_600ms,2.4,3.0,13.460720977408487,2.528021160570553,-0.27686789063827605,3,6,41,True,False
zero_phase,inward,2.4,0.2,-1.0,VisualCogA_Task-2,left,Training_mean_template,cue_stage,0.0,0.8,17.942668252010783,0.5616130895010134,0.9778792134801574,3,6,49,True,False
zero_phase,inward,2.4,0.2,-1.0,VisualCogA_Task-2,left,Training_mean_template,late_stage,0.8,2.8,14.11515994647172,0.7172024522469914,0.8249400997850687,3,6,49,True,False
zero_phase,inward,2.4,0.2,-1.0,VisualCogA_Task-2,left,Training_mean_template,candidate_target_600ms,2.4,3.0,7.914473496738069,1.0375532844777726,0.8087741591045503,3,6,49,True,False
zero_phase,inward,2.4,0.2,-1.0,VisualCogA_Task-2,right,Training_mean_template,cue_stage,0.0,0.8,29.522392068994023,0.8499804956070128,0.8347233626213681,3,6,41,True,False
zero_phase,inward,2.4,0.2,-1.0,VisualCogA_Task-2,right,Training_mean_template,late_stage,0.8,2.8,22.033639211302557,1.0152767067432606,0.7652449528820708,3,6,41,True,False
zero_phase,inward,2.4,0.2,-1.0,VisualCogA_Task-2,right,Training_mean_template,candidate_target_600ms,2.4,3.0,24.226432343784754,1.9996769863566048,-0.5999040157615412,3,6,41,True,False
zero_phase,inward,2.4,0.2,-1.0,VisualCogA_Task-2,left,Q2_visual_only,cue_stage,0.0,0.8,29.21802500951228,0.9145365150955814,0.5685704129909881,3,6,49,True,False
zero_phase,inward,2.4,0.2,-1.0,VisualCogA_Task-2,left,Q2_visual_only,late_stage,0.8,2.8,19.287852687480395,0.9800310657831041,0.2478851584914887,3,6,49,True,False
zero_phase,inward,2.4,0.2,-1.0,VisualCogA_Task-2,left,Q2_visual_only,candidate_target_600ms,2.4,3.0,11.77250730214356,1.5433248494561047,0.2666888641264737,3,6,49,True,False
zero_phase,inward,2.4,0.2,-1.0,VisualCogA_Task-2,right,Q2_visual_only,cue_stage,0.0,0.8,37.13700845639801,1.0692132527527471,0.3113627482917339,3,6,41,True,False
zero_phase,inward,2.4,0.2,-1.0,VisualCogA_Task-2,right,Q2_visual_only,late_stage,0.8,2.8,25.857088626989974,1.191455462051521,0.013416346888615671,3,6,41,True,False
zero_phase,inward,2.4,0.2,-1.0,VisualCogA_Task-2,right,Q2_visual_only,candidate_target_600ms,2.4,3.0,22.539208675912256,1.8604116462684106,-0.19534420487216095,3,6,41,True,False
zero_phase,inward,2.4,0.2,-1.0,VisualCogA_Task-2,left,Q2_plus_memory,cue_stage,0.0,0.8,28.652855492666713,0.8968464706724582,0.6053070813268168,3,6,49,True,False
zero_phase,inward,2.4,0.2,-1.0,VisualCogA_Task-2,left,Q2_plus_memory,late_stage,0.8,2.8,19.293820020035334,0.9803342706747246,0.2452911505592832,3,6,49,True,False
zero_phase,inward,2.4,0.2,-1.0,VisualCogA_Task-2,left,Q2_plus_memory,candidate_target_600ms,2.4,3.0,11.369623732667941,1.4905085539762046,0.34166188008399495,3,6,49,True,False
zero_phase,inward,2.4,0.2,-1.0,VisualCogA_Task-2,right,Q2_plus_memory,cue_stage,0.0,0.8,37.03490526870838,1.0662735953607354,0.3562312767433092,3,6,41,True,False
zero_phase,inward,2.4,0.2,-1.0,VisualCogA_Task-2,right,Q2_plus_memory,late_stage,0.8,2.8,25.87142358099315,1.1921159950098803,-0.021200600430201475,3,6,41,True,False
zero_phase,inward,2.4,0.2,-1.0,VisualCogA_Task-2,right,Q2_plus_memory,candidate_target_600ms,2.4,3.0,22.233064187876067,1.8351421357379858,-0.16708527187495387,3,6,41,True,False
zero_phase,inward,2.4,0.2,-1.0,VisualCogA_Task-2,left,Q2_plus_memory_control,cue_stage,0.0,0.8,28.102310912022173,0.879614192925297,0.6101075534460789,3,6,49,True,False
zero_phase,inward,2.4,0.2,-1.0,VisualCogA_Task-2,left,Q2_plus_memory_control,late_stage,0.8,2.8,19.21327750467015,0.9762418417012583,0.28409274088145653,3,6,49,True,False
zero_phase,inward,2.4,0.2,-1.0,VisualCogA_Task-2,left,Q2_plus_memory_control,candidate_target_600ms,2.4,3.0,11.320555871794042,1.4840759693913936,0.776099254842766,3,6,49,True,False
zero_phase,inward,2.4,0.2,-1.0,VisualCogA_Task-2,right,Q2_plus_memory_control,cue_stage,0.0,0.8,36.68024398873585,1.0560625267651027,0.3739160847508551,3,6,41,True,False
zero_phase,inward,2.4,0.2,-1.0,VisualCogA_Task-2,right,Q2_plus_memory_control,late_stage,0.8,2.8,25.74438247554725,1.1862621333794343,0.0358264361414051,3,6,41,True,False
zero_phase,inward,2.4,0.2,-1.0,VisualCogA_Task-2,right,Q2_plus_memory_control,candidate_target_600ms,2.4,3.0,22.60286170952531,1.8656656392881654,-0.16222234986995634,3,6,41,True,False
zero_phase,inward,2.4,0.2,-1.0,VisualCogB_Task-1,left,Training_mean_template,cue_stage,0.0,0.8,20.152321295734094,1.8756942490310125,0.7767057748957286,3,6,43,True,False
zero_phase,inward,2.4,0.2,-1.0,VisualCogB_Task-1,left,Training_mean_template,late_stage,0.8,2.8,16.527684592388866,3.996159706535847,0.18858882964125626,3,6,43,True,False
zero_phase,inward,2.4,0.2,-1.0,VisualCogB_Task-1,left,Training_mean_template,candidate_target_600ms,2.4,3.0,18.152103184730095,3.3573110363920287,0.13955680133359555,3,6,43,True,False
zero_phase,inward,2.4,0.2,-1.0,VisualCogB_Task-1,right,Training_mean_template,cue_stage,0.0,0.8,20.384083337199673,1.9055213339803905,0.5878701690048956,3,6,45,True,False
zero_phase,inward,2.4,0.2,-1.0,VisualCogB_Task-1,right,Training_mean_template,late_stage,0.8,2.8,16.056368692494058,2.851287073991265,0.2094399473240979,3,6,45,True,False
zero_phase,inward,2.4,0.2,-1.0,VisualCogB_Task-1,right,Training_mean_template,candidate_target_600ms,2.4,3.0,13.975355146612396,2.4553892040312966,-0.4599257195547633,3,6,45,True,False
zero_phase,inward,2.4,0.2,-1.0,VisualCogB_Task-1,left,Q2_visual_only,cue_stage,0.0,0.8,18.074030889575305,1.6822556220142053,0.2705478861494826,3,6,43,True,False
zero_phase,inward,2.4,0.2,-1.0,VisualCogB_Task-1,left,Q2_visual_only,late_stage,0.8,2.8,11.049974110382097,2.671727007575405,0.2878730273294763,3,6,43,True,False
zero_phase,inward,2.4,0.2,-1.0,VisualCogB_Task-1,left,Q2_visual_only,candidate_target_600ms,2.4,3.0,14.604035981456684,2.701080457588852,0.052165447963720496,3,6,43,True,False
zero_phase,inward,2.4,0.2,-1.0,VisualCogB_Task-1,right,Q2_visual_only,cue_stage,0.0,0.8,16.74055582860819,1.5649213038630057,-0.1446884257620905,3,6,45,True,False
zero_phase,inward,2.4,0.2,-1.0,VisualCogB_Task-1,right,Q2_visual_only,late_stage,0.8,2.8,10.747528848514575,1.9085442462119877,-0.11380246838051813,3,6,45,True,False
zero_phase,inward,2.4,0.2,-1.0,VisualCogB_Task-1,right,Q2_visual_only,candidate_target_600ms,2.4,3.0,13.271576067636396,2.3317392835525577,-0.2497763796846074,3,6,45,True,False
zero_phase,inward,2.4,0.2,-1.0,VisualCogB_Task-1,left,Q2_plus_memory,cue_stage,0.0,0.8,17.701065731780467,1.6475415763567054,0.30487284456532815,3,6,43,True,False
zero_phase,inward,2.4,0.2,-1.0,VisualCogB_Task-1,left,Q2_plus_memory,late_stage,0.8,2.8,11.110358549906152,2.686327108562261,0.29236841048978046,3,6,43,True,False
zero_phase,inward,2.4,0.2,-1.0,VisualCogB_Task-1,left,Q2_plus_memory,candidate_target_600ms,2.4,3.0,14.808249845286513,2.7388507066802568,0.09786137202060624,3,6,43,True,False
zero_phase,inward,2.4,0.2,-1.0,VisualCogB_Task-1,right,Q2_plus_memory,cue_stage,0.0,0.8,16.758469547459224,1.5665958934374742,-0.09509013659603524,3,6,45,True,False
zero_phase,inward,2.4,0.2,-1.0,VisualCogB_Task-1,right,Q2_plus_memory,late_stage,0.8,2.8,10.82116263289988,1.9216201204428172,-0.12264988780768242,3,6,45,True,False
zero_phase,inward,2.4,0.2,-1.0,VisualCogB_Task-1,right,Q2_plus_memory,candidate_target_600ms,2.4,3.0,13.371929697322278,2.349370836835538,-0.1798521636572363,3,6,45,True,False
zero_phase,inward,2.4,0.2,-1.0,VisualCogB_Task-1,left,Q2_plus_memory_control,cue_stage,0.0,0.8,18.661840568248806,1.7369665020975853,0.30736633638582295,3,6,43,True,False
zero_phase,inward,2.4,0.2,-1.0,VisualCogB_Task-1,left,Q2_plus_memory_control,late_stage,0.8,2.8,10.82296134952384,2.616838541938241,0.3100314779527433,3,6,43,True,False
zero_phase,inward,2.4,0.2,-1.0,VisualCogB_Task-1,left,Q2_plus_memory_control,candidate_target_600ms,2.4,3.0,13.060365229558075,2.4155717868214626,-0.05207619432707911,3,6,43,True,False
zero_phase,inward,2.4,0.2,-1.0,VisualCogB_Task-1,right,Q2_plus_memory_control,cue_stage,0.0,0.8,17.800217480489408,1.6639793704465362,-0.056657763272320236,3,6,45,True,False
zero_phase,inward,2.4,0.2,-1.0,VisualCogB_Task-1,right,Q2_plus_memory_control,late_stage,0.8,2.8,10.707089236013896,1.901362987073718,-0.137580432798824,3,6,45,True,False
zero_phase,inward,2.4,0.2,-1.0,VisualCogB_Task-1,right,Q2_plus_memory_control,candidate_target_600ms,2.4,3.0,12.07721457039945,2.1218968648618874,-0.5818896518691398,3,6,45,True,False
zero_phase,inward,2.4,0.2,-1.0,VisualCogB_Task-2,left,Training_mean_template,cue_stage,0.0,0.8,29.925330604980914,0.8918247222486201,0.8874754406814326,3,6,44,True,False
zero_phase,inward,2.4,0.2,-1.0,VisualCogB_Task-2,left,Training_mean_template,late_stage,0.8,2.8,20.92505270211325,0.9852233485754245,0.7986104501142345,3,6,44,True,False
zero_phase,inward,2.4,0.2,-1.0,VisualCogB_Task-2,left,Training_mean_template,candidate_target_600ms,2.4,3.0,19.30368332021704,1.7941631637646187,0.5018867494628211,3,6,44,True,False
zero_phase,inward,2.4,0.2,-1.0,VisualCogB_Task-2,right,Training_mean_template,cue_stage,0.0,0.8,22.623078630841086,0.6467140961557449,0.9207145457673893,3,6,47,True,False
zero_phase,inward,2.4,0.2,-1.0,VisualCogB_Task-2,right,Training_mean_template,late_stage,0.8,2.8,12.53780346035479,0.6687291285477598,0.8141075721263659,3,6,47,True,False
zero_phase,inward,2.4,0.2,-1.0,VisualCogB_Task-2,right,Training_mean_template,candidate_target_600ms,2.4,3.0,11.906364984058547,1.5849175892632072,-0.34183704984755675,3,6,47,True,False
zero_phase,inward,2.4,0.2,-1.0,VisualCogB_Task-2,left,Q2_visual_only,cue_stage,0.0,0.8,35.43757490382946,1.0560987884462014,0.6239815185598003,3,6,44,True,False
zero_phase,inward,2.4,0.2,-1.0,VisualCogB_Task-2,left,Q2_visual_only,late_stage,0.8,2.8,23.554450857642564,1.1090244444391886,0.4156609741969472,3,6,44,True,False
zero_phase,inward,2.4,0.2,-1.0,VisualCogB_Task-2,left,Q2_visual_only,candidate_target_600ms,2.4,3.0,19.86418811715612,1.8462587686862062,0.21746423827703443,3,6,44,True,False
zero_phase,inward,2.4,0.2,-1.0,VisualCogB_Task-2,right,Q2_visual_only,cue_stage,0.0,0.8,33.79514285557035,0.9660840428896966,0.44582632940967765,3,6,47,True,False
zero_phase,inward,2.4,0.2,-1.0,VisualCogB_Task-2,right,Q2_visual_only,late_stage,0.8,2.8,18.62173507378989,0.9932279371996456,0.22433848856481287,3,6,47,True,False
zero_phase,inward,2.4,0.2,-1.0,VisualCogB_Task-2,right,Q2_visual_only,candidate_target_600ms,2.4,3.0,12.0279750557116,1.6011057324834552,0.11037832044731823,3,6,47,True,False
zero_phase,inward,2.4,0.2,-1.0,VisualCogB_Task-2,left,Q2_plus_memory,cue_stage,0.0,0.8,35.3068176033843,1.0522020029873944,0.6237826328290188,3,6,44,True,False
zero_phase,inward,2.4,0.2,-1.0,VisualCogB_Task-2,left,Q2_plus_memory,late_stage,0.8,2.8,23.662090031443107,1.114092466429831,0.33280556516263077,3,6,44,True,False
zero_phase,inward,2.4,0.2,-1.0,VisualCogB_Task-2,left,Q2_plus_memory,candidate_target_600ms,2.4,3.0,19.50584943397445,1.8129533080209281,0.26646893571083546,3,6,44,True,False
zero_phase,inward,2.4,0.2,-1.0,VisualCogB_Task-2,right,Q2_plus_memory,cue_stage,0.0,0.8,33.20367568631361,0.9491760808031303,0.517151394140426,3,6,47,True,False
zero_phase,inward,2.4,0.2,-1.0,VisualCogB_Task-2,right,Q2_plus_memory,late_stage,0.8,2.8,18.73287033142565,0.9991555611430817,0.16097176819010364,3,6,47,True,False
zero_phase,inward,2.4,0.2,-1.0,VisualCogB_Task-2,right,Q2_plus_memory,candidate_target_600ms,2.4,3.0,11.531991767025652,1.5350828414271611,0.23031163351305914,3,6,47,True,False
zero_phase,inward,2.4,0.2,-1.0,VisualCogB_Task-2,left,Q2_plus_memory_control,cue_stage,0.0,0.8,34.90221890837679,1.0401442876170863,0.6169128917402498,3,6,44,True,False
zero_phase,inward,2.4,0.2,-1.0,VisualCogB_Task-2,left,Q2_plus_memory_control,late_stage,0.8,2.8,23.488191971071625,1.1059047484924391,0.5183768760247933,3,6,44,True,False
zero_phase,inward,2.4,0.2,-1.0,VisualCogB_Task-2,left,Q2_plus_memory_control,candidate_target_600ms,2.4,3.0,19.935752878875643,1.8529102899099452,0.6417109098473419,3,6,44,True,False
zero_phase,inward,2.4,0.2,-1.0,VisualCogB_Task-2,right,Q2_plus_memory_control,cue_stage,0.0,0.8,32.791072416511,0.9373812073000372,0.5232052985032251,3,6,47,True,False
zero_phase,inward,2.4,0.2,-1.0,VisualCogB_Task-2,right,Q2_plus_memory_control,late_stage,0.8,2.8,18.564556345252562,0.99017819396295,0.2676622767819907,3,6,47,True,False
zero_phase,inward,2.4,0.2,-1.0,VisualCogB_Task-2,right,Q2_plus_memory_control,candidate_target_600ms,2.4,3.0,11.679773154547961,1.5547547833475903,0.6131098149848987,3,6,47,True,False
zero_phase,inward,2.4,0.2,1.0,VisualCogA_Task-1,left,Training_mean_template,cue_stage,0.0,0.8,24.353480321004458,4.745078819267011,0.4317427489629862,3,6,45,True,False
zero_phase,inward,2.4,0.2,1.0,VisualCogA_Task-1,left,Training_mean_template,late_stage,0.8,2.8,14.058063376248118,4.256082261374945,0.08289001385021638,3,6,45,True,False
zero_phase,inward,2.4,0.2,1.0,VisualCogA_Task-1,left,Training_mean_template,candidate_target_600ms,2.4,3.0,9.302536237136081,2.2472293071333147,0.27453681863551427,3,6,45,True,False
zero_phase,inward,2.4,0.2,1.0,VisualCogA_Task-1,right,Training_mean_template,cue_stage,0.0,0.8,27.26455504758991,4.201082889056167,0.3232764914667962,3,6,41,True,False
zero_phase,inward,2.4,0.2,1.0,VisualCogA_Task-1,right,Training_mean_template,late_stage,0.8,2.8,13.001877552623991,2.154178894080687,0.6323042254594922,3,6,41,True,False
zero_phase,inward,2.4,0.2,1.0,VisualCogA_Task-1,right,Training_mean_template,candidate_target_600ms,2.4,3.0,17.355256262369732,3.2594431718799495,-0.39285114815219246,3,6,41,True,False
zero_phase,inward,2.4,0.2,1.0,VisualCogA_Task-1,left,Q2_visual_only,cue_stage,0.0,0.8,16.064828720376976,3.1301020425596855,-0.1998335647903258,3,6,45,True,False
zero_phase,inward,2.4,0.2,1.0,VisualCogA_Task-1,left,Q2_visual_only,late_stage,0.8,2.8,7.593924518328619,2.299062578654025,-0.09468737365924695,3,6,45,True,False
zero_phase,inward,2.4,0.2,1.0,VisualCogA_Task-1,left,Q2_visual_only,candidate_target_600ms,2.4,3.0,8.545693497808509,2.0643975350926618,0.14563412871921866,3,6,45,True,False
zero_phase,inward,2.4,0.2,1.0,VisualCogA_Task-1,right,Q2_visual_only,cue_stage,0.0,0.8,18.7341845389306,2.886673263860181,-0.35920871686833467,3,6,41,True,False
zero_phase,inward,2.4,0.2,1.0,VisualCogA_Task-1,right,Q2_visual_only,late_stage,0.8,2.8,10.197636257763907,1.6895661958878827,0.04147742816422611,3,6,41,True,False
zero_phase,inward,2.4,0.2,1.0,VisualCogA_Task-1,right,Q2_visual_only,candidate_target_600ms,2.4,3.0,14.815173320709702,2.782397147606952,0.012318122427072182,3,6,41,True,False
zero_phase,inward,2.4,0.2,1.0,VisualCogA_Task-1,left,Q2_plus_memory,cue_stage,0.0,0.8,15.911374725643881,3.100202771878776,-0.1562479714321106,3,6,45,True,False
zero_phase,inward,2.4,0.2,1.0,VisualCogA_Task-1,left,Q2_plus_memory,late_stage,0.8,2.8,8.214837443575817,2.487044124637659,-0.14513690913779306,3,6,45,True,False
zero_phase,inward,2.4,0.2,1.0,VisualCogA_Task-1,left,Q2_plus_memory,candidate_target_600ms,2.4,3.0,9.524625032223213,2.3008796704732997,0.05475731333529964,3,6,45,True,False
zero_phase,inward,2.4,0.2,1.0,VisualCogA_Task-1,right,Q2_plus_memory,cue_stage,0.0,0.8,18.086061313947546,2.7868066280128856,-0.27902565075854263,3,6,41,True,False
zero_phase,inward,2.4,0.2,1.0,VisualCogA_Task-1,right,Q2_plus_memory,late_stage,0.8,2.8,10.457256312448116,1.732580602077851,0.07260568413442646,3,6,41,True,False
zero_phase,inward,2.4,0.2,1.0,VisualCogA_Task-1,right,Q2_plus_memory,candidate_target_600ms,2.4,3.0,15.101980354606722,2.836261591562742,-0.03500583127830702,3,6,41,True,False
zero_phase,inward,2.4,0.2,1.0,VisualCogA_Task-1,left,Q2_plus_memory_control,cue_stage,0.0,0.8,18.28445113250563,3.5625775308979217,-0.14553821215358045,3,6,45,True,False
zero_phase,inward,2.4,0.2,1.0,VisualCogA_Task-1,left,Q2_plus_memory_control,late_stage,0.8,2.8,7.566004478084138,2.2906097793714313,-0.07313556109686097,3,6,45,True,False
zero_phase,inward,2.4,0.2,1.0,VisualCogA_Task-1,left,Q2_plus_memory_control,candidate_target_600ms,2.4,3.0,8.983942279214562,2.170266029478053,-0.2293738330331529,3,6,45,True,False
zero_phase,inward,2.4,0.2,1.0,VisualCogA_Task-1,right,Q2_plus_memory_control,cue_stage,0.0,0.8,20.05630141990066,3.0903928036172257,-0.24976298565919822,3,6,41,True,False
zero_phase,inward,2.4,0.2,1.0,VisualCogA_Task-1,right,Q2_plus_memory_control,late_stage,0.8,2.8,10.677994075092126,1.7691529069230347,-0.05022139423196077,3,6,41,True,False
zero_phase,inward,2.4,0.2,1.0,VisualCogA_Task-1,right,Q2_plus_memory_control,candidate_target_600ms,2.4,3.0,15.183539436296261,2.85157897944218,-0.24662325731775048,3,6,41,True,False
zero_phase,inward,2.4,0.2,1.0,VisualCogA_Task-2,left,Training_mean_template,cue_stage,0.0,0.8,17.942668252010783,0.5616130895010134,0.9778792134801574,3,6,49,True,False
zero_phase,inward,2.4,0.2,1.0,VisualCogA_Task-2,left,Training_mean_template,late_stage,0.8,2.8,14.11515994647172,0.7172024522469914,0.8249400997850687,3,6,49,True,False
zero_phase,inward,2.4,0.2,1.0,VisualCogA_Task-2,left,Training_mean_template,candidate_target_600ms,2.4,3.0,7.914473496738069,1.0375532844777726,0.8087741591045503,3,6,49,True,False
zero_phase,inward,2.4,0.2,1.0,VisualCogA_Task-2,right,Training_mean_template,cue_stage,0.0,0.8,29.522392068994023,0.8499804956070128,0.8347233626213681,3,6,41,True,False
zero_phase,inward,2.4,0.2,1.0,VisualCogA_Task-2,right,Training_mean_template,late_stage,0.8,2.8,22.033639211302557,1.0152767067432606,0.7652449528820708,3,6,41,True,False
zero_phase,inward,2.4,0.2,1.0,VisualCogA_Task-2,right,Training_mean_template,candidate_target_600ms,2.4,3.0,24.226432343784754,1.9996769863566048,-0.5999040157615412,3,6,41,True,False
zero_phase,inward,2.4,0.2,1.0,VisualCogA_Task-2,left,Q2_visual_only,cue_stage,0.0,0.8,29.21802500951228,0.9145365150955814,0.5685704129909881,3,6,49,True,False
zero_phase,inward,2.4,0.2,1.0,VisualCogA_Task-2,left,Q2_visual_only,late_stage,0.8,2.8,19.287852687480395,0.9800310657831041,0.2478851584914887,3,6,49,True,False
zero_phase,inward,2.4,0.2,1.0,VisualCogA_Task-2,left,Q2_visual_only,candidate_target_600ms,2.4,3.0,11.77250730214356,1.5433248494561047,0.2666888641264737,3,6,49,True,False
zero_phase,inward,2.4,0.2,1.0,VisualCogA_Task-2,right,Q2_visual_only,cue_stage,0.0,0.8,37.13700845639801,1.0692132527527471,0.3113627482917339,3,6,41,True,False
zero_phase,inward,2.4,0.2,1.0,VisualCogA_Task-2,right,Q2_visual_only,late_stage,0.8,2.8,25.857088626989974,1.191455462051521,0.013416346888615671,3,6,41,True,False
zero_phase,inward,2.4,0.2,1.0,VisualCogA_Task-2,right,Q2_visual_only,candidate_target_600ms,2.4,3.0,22.539208675912256,1.8604116462684106,-0.19534420487216095,3,6,41,True,False
zero_phase,inward,2.4,0.2,1.0,VisualCogA_Task-2,left,Q2_plus_memory,cue_stage,0.0,0.8,28.677046743371015,0.8976036670301076,0.6183711060620648,3,6,49,True,False
zero_phase,inward,2.4,0.2,1.0,VisualCogA_Task-2,left,Q2_plus_memory,late_stage,0.8,2.8,19.203466307856328,0.9757433270233492,0.26150411292286746,3,6,49,True,False
zero_phase,inward,2.4,0.2,1.0,VisualCogA_Task-2,left,Q2_plus_memory,candidate_target_600ms,2.4,3.0,12.526417385858029,1.6421592044995894,0.12473459487864204,3,6,49,True,False
zero_phase,inward,2.4,0.2,1.0,VisualCogA_Task-2,right,Q2_plus_memory,cue_stage,0.0,0.8,37.056688735974774,1.0669007641301176,0.3792984050913049,3,6,41,True,False
zero_phase,inward,2.4,0.2,1.0,VisualCogA_Task-2,right,Q2_plus_memory,late_stage,0.8,2.8,25.711422952652693,1.184743408508826,0.05969577059620539,3,6,41,True,False
zero_phase,inward,2.4,0.2,1.0,VisualCogA_Task-2,right,Q2_plus_memory,candidate_target_600ms,2.4,3.0,22.967381353655405,1.895753500889003,-0.19204983077671633,3,6,41,True,False
zero_phase,inward,2.4,0.2,1.0,VisualCogA_Task-2,left,Q2_plus_memory_control,cue_stage,0.0,0.8,27.919275063406282,0.8738850936081377,0.6271976641482472,3,6,49,True,False
zero_phase,inward,2.4,0.2,1.0,VisualCogA_Task-2,left,Q2_plus_memory_control,late_stage,0.8,2.8,18.889924567622085,0.9598120229622855,0.3779878457028148,3,6,49,True,False
zero_phase,inward,2.4,0.2,1.0,VisualCogA_Task-2,left,Q2_plus_memory_control,candidate_target_600ms,2.4,3.0,11.118981012306152,1.457650376126598,0.48932947225485063,3,6,49,True,False
zero_phase,inward,2.4,0.2,1.0,VisualCogA_Task-2,right,Q2_plus_memory_control,cue_stage,0.0,0.8,36.63075722623147,1.0546377511974194,0.4076417146668776,3,6,41,True,False
zero_phase,inward,2.4,0.2,1.0,VisualCogA_Task-2,right,Q2_plus_memory_control,late_stage,0.8,2.8,25.495374554424444,1.1747882257019016,0.08572384669509356,3,6,41,True,False
zero_phase,inward,2.4,0.2,1.0,VisualCogA_Task-2,right,Q2_plus_memory_control,candidate_target_600ms,2.4,3.0,22.16002075828917,1.8291130488680427,-0.14859301187171467,3,6,41,True,False
zero_phase,inward,2.4,0.2,1.0,VisualCogB_Task-1,left,Training_mean_template,cue_stage,0.0,0.8,20.152321295734094,1.8756942490310125,0.7767057748957286,3,6,43,True,False
zero_phase,inward,2.4,0.2,1.0,VisualCogB_Task-1,left,Training_mean_template,late_stage,0.8,2.8,16.527684592388866,3.996159706535847,0.18858882964125626,3,6,43,True,False
zero_phase,inward,2.4,0.2,1.0,VisualCogB_Task-1,left,Training_mean_template,candidate_target_600ms,2.4,3.0,18.152103184730095,3.3573110363920287,0.13955680133359555,3,6,43,True,False
zero_phase,inward,2.4,0.2,1.0,VisualCogB_Task-1,right,Training_mean_template,cue_stage,0.0,0.8,20.384083337199673,1.9055213339803905,0.5878701690048956,3,6,45,True,False
zero_phase,inward,2.4,0.2,1.0,VisualCogB_Task-1,right,Training_mean_template,late_stage,0.8,2.8,16.056368692494058,2.851287073991265,0.2094399473240979,3,6,45,True,False
zero_phase,inward,2.4,0.2,1.0,VisualCogB_Task-1,right,Training_mean_template,candidate_target_600ms,2.4,3.0,13.975355146612396,2.4553892040312966,-0.4599257195547633,3,6,45,True,False
zero_phase,inward,2.4,0.2,1.0,VisualCogB_Task-1,left,Q2_visual_only,cue_stage,0.0,0.8,18.074030889575305,1.6822556220142053,0.2705478861494826,3,6,43,True,False
zero_phase,inward,2.4,0.2,1.0,VisualCogB_Task-1,left,Q2_visual_only,late_stage,0.8,2.8,11.049974110382097,2.671727007575405,0.2878730273294763,3,6,43,True,False
zero_phase,inward,2.4,0.2,1.0,VisualCogB_Task-1,left,Q2_visual_only,candidate_target_600ms,2.4,3.0,14.604035981456684,2.701080457588852,0.052165447963720496,3,6,43,True,False
zero_phase,inward,2.4,0.2,1.0,VisualCogB_Task-1,right,Q2_visual_only,cue_stage,0.0,0.8,16.74055582860819,1.5649213038630057,-0.1446884257620905,3,6,45,True,False
zero_phase,inward,2.4,0.2,1.0,VisualCogB_Task-1,right,Q2_visual_only,late_stage,0.8,2.8,10.747528848514575,1.9085442462119877,-0.11380246838051813,3,6,45,True,False
zero_phase,inward,2.4,0.2,1.0,VisualCogB_Task-1,right,Q2_visual_only,candidate_target_600ms,2.4,3.0,13.271576067636396,2.3317392835525577,-0.2497763796846074,3,6,45,True,False
zero_phase,inward,2.4,0.2,1.0,VisualCogB_Task-1,left,Q2_plus_memory,cue_stage,0.0,0.8,17.32231429786722,1.6122889681842805,0.3082188202147091,3,6,43,True,False
zero_phase,inward,2.4,0.2,1.0,VisualCogB_Task-1,left,Q2_plus_memory,late_stage,0.8,2.8,11.508389943191416,2.782565453800007,0.22153751353512025,3,6,43,True,False
zero_phase,inward,2.4,0.2,1.0,VisualCogB_Task-1,left,Q2_plus_memory,candidate_target_600ms,2.4,3.0,14.896954560575013,2.755257032525111,-0.015254626104519919,3,6,43,True,False
zero_phase,inward,2.4,0.2,1.0,VisualCogB_Task-1,right,Q2_plus_memory,cue_stage,0.0,0.8,16.27140861513625,1.521065025939691,-0.0704348006659219,3,6,45,True,False
zero_phase,inward,2.4,0.2,1.0,VisualCogB_Task-1,right,Q2_plus_memory,late_stage,0.8,2.8,11.18170989753963,1.9856460390623119,-0.13572662398203744,3,6,45,True,False
zero_phase,inward,2.4,0.2,1.0,VisualCogB_Task-1,right,Q2_plus_memory,candidate_target_600ms,2.4,3.0,13.736322425251018,2.4133925350891685,-0.28395393845795663,3,6,45,True,False
zero_phase,inward,2.4,0.2,1.0,VisualCogB_Task-1,left,Q2_plus_memory_control,cue_stage,0.0,0.8,18.34378442192303,1.7073631588510427,0.3302901334874768,3,6,43,True,False
zero_phase,inward,2.4,0.2,1.0,VisualCogB_Task-1,left,Q2_plus_memory_control,late_stage,0.8,2.8,11.438796448119243,2.7657387338024284,0.20227306143459248,3,6,43,True,False
zero_phase,inward,2.4,0.2,1.0,VisualCogB_Task-1,left,Q2_plus_memory_control,candidate_target_600ms,2.4,3.0,14.600746005093189,2.7004719620419597,-0.06812710388858884,3,6,43,True,False
zero_phase,inward,2.4,0.2,1.0,VisualCogB_Task-1,right,Q2_plus_memory_control,cue_stage,0.0,0.8,17.578674289077792,1.643269325719505,-0.013039993380344657,3,6,45,True,False
zero_phase,inward,2.4,0.2,1.0,VisualCogB_Task-1,right,Q2_plus_memory_control,late_stage,0.8,2.8,11.25168063708153,1.9980714304465226,-0.21983262911158893,3,6,45,True,False
zero_phase,inward,2.4,0.2,1.0,VisualCogB_Task-1,right,Q2_plus_memory_control,candidate_target_600ms,2.4,3.0,13.469270496352161,2.3664730531686726,-0.44617074173029686,3,6,45,True,False
zero_phase,inward,2.4,0.2,1.0,VisualCogB_Task-2,left,Training_mean_template,cue_stage,0.0,0.8,29.925330604980914,0.8918247222486201,0.8874754406814326,3,6,44,True,False
zero_phase,inward,2.4,0.2,1.0,VisualCogB_Task-2,left,Training_mean_template,late_stage,0.8,2.8,20.92505270211325,0.9852233485754245,0.7986104501142345,3,6,44,True,False
zero_phase,inward,2.4,0.2,1.0,VisualCogB_Task-2,left,Training_mean_template,candidate_target_600ms,2.4,3.0,19.30368332021704,1.7941631637646187,0.5018867494628211,3,6,44,True,False
zero_phase,inward,2.4,0.2,1.0,VisualCogB_Task-2,right,Training_mean_template,cue_stage,0.0,0.8,22.623078630841086,0.6467140961557449,0.9207145457673893,3,6,47,True,False
zero_phase,inward,2.4,0.2,1.0,VisualCogB_Task-2,right,Training_mean_template,late_stage,0.8,2.8,12.53780346035479,0.6687291285477598,0.8141075721263659,3,6,47,True,False
zero_phase,inward,2.4,0.2,1.0,VisualCogB_Task-2,right,Training_mean_template,candidate_target_600ms,2.4,3.0,11.906364984058547,1.5849175892632072,-0.34183704984755675,3,6,47,True,False
zero_phase,inward,2.4,0.2,1.0,VisualCogB_Task-2,left,Q2_visual_only,cue_stage,0.0,0.8,35.43757490382946,1.0560987884462014,0.6239815185598003,3,6,44,True,False
zero_phase,inward,2.4,0.2,1.0,VisualCogB_Task-2,left,Q2_visual_only,late_stage,0.8,2.8,23.554450857642564,1.1090244444391886,0.4156609741969472,3,6,44,True,False
zero_phase,inward,2.4,0.2,1.0,VisualCogB_Task-2,left,Q2_visual_only,candidate_target_600ms,2.4,3.0,19.86418811715612,1.8462587686862062,0.21746423827703443,3,6,44,True,False
zero_phase,inward,2.4,0.2,1.0,VisualCogB_Task-2,right,Q2_visual_only,cue_stage,0.0,0.8,33.79514285557035,0.9660840428896966,0.44582632940967765,3,6,47,True,False
zero_phase,inward,2.4,0.2,1.0,VisualCogB_Task-2,right,Q2_visual_only,late_stage,0.8,2.8,18.62173507378989,0.9932279371996456,0.22433848856481287,3,6,47,True,False
zero_phase,inward,2.4,0.2,1.0,VisualCogB_Task-2,right,Q2_visual_only,candidate_target_600ms,2.4,3.0,12.0279750557116,1.6011057324834552,0.11037832044731823,3,6,47,True,False
zero_phase,inward,2.4,0.2,1.0,VisualCogB_Task-2,left,Q2_plus_memory,cue_stage,0.0,0.8,35.44061310203764,1.0561893318159277,0.6388003760413017,3,6,44,True,False
zero_phase,inward,2.4,0.2,1.0,VisualCogB_Task-2,left,Q2_plus_memory,late_stage,0.8,2.8,23.40420217947109,1.1019502206398772,0.40927056901941533,3,6,44,True,False
zero_phase,inward,2.4,0.2,1.0,VisualCogB_Task-2,left,Q2_plus_memory,candidate_target_600ms,2.4,3.0,20.345100402323077,1.8909567205089424,0.12248128106078925,3,6,44,True,False
zero_phase,inward,2.4,0.2,1.0,VisualCogB_Task-2,right,Q2_plus_memory,cue_stage,0.0,0.8,33.271131205454786,0.9511043963875809,0.5406937158640185,3,6,47,True,False
zero_phase,inward,2.4,0.2,1.0,VisualCogB_Task-2,right,Q2_plus_memory,late_stage,0.8,2.8,18.495974360100433,0.986520234950442,0.2524739104004062,3,6,47,True,False
zero_phase,inward,2.4,0.2,1.0,VisualCogB_Task-2,right,Q2_plus_memory,candidate_target_600ms,2.4,3.0,12.747988480307342,1.6969504292213204,-0.03678566107859705,3,6,47,True,False
zero_phase,inward,2.4,0.2,1.0,VisualCogB_Task-2,left,Q2_plus_memory_control,cue_stage,0.0,0.8,34.938929419636196,1.0412383220302626,0.62597767176474,3,6,44,True,False
zero_phase,inward,2.4,0.2,1.0,VisualCogB_Task-2,left,Q2_plus_memory_control,late_stage,0.8,2.8,23.245414215417142,1.0944739379329331,0.5615999218275493,3,6,44,True,False
zero_phase,inward,2.4,0.2,1.0,VisualCogB_Task-2,left,Q2_plus_memory_control,candidate_target_600ms,2.4,3.0,19.300274157726495,1.7938463022797735,0.48783367240780035,3,6,44,True,False
zero_phase,inward,2.4,0.2,1.0,VisualCogB_Task-2,right,Q2_plus_memory_control,cue_stage,0.0,0.8,32.56649144508671,0.9309612287322026,0.554993500534969,3,6,47,True,False
zero_phase,inward,2.4,0.2,1.0,VisualCogB_Task-2,right,Q2_plus_memory_control,late_stage,0.8,2.8,18.270398875027812,0.9744887098087899,0.3977547407501365,3,6,47,True,False
zero_phase,inward,2.4,0.2,1.0,VisualCogB_Task-2,right,Q2_plus_memory_control,candidate_target_600ms,2.4,3.0,11.274424991858812,1.5007968009002417,0.3953387586143191,3,6,47,True,False
zero_phase,outward,2.4,0.2,-1.0,VisualCogA_Task-1,left,Training_mean_template,cue_stage,0.0,0.8,24.353480321004458,4.745078819267011,0.4317427489629862,3,6,45,True,False
zero_phase,outward,2.4,0.2,-1.0,VisualCogA_Task-1,left,Training_mean_template,late_stage,0.8,2.8,14.058063376248118,4.256082261374945,0.08289001385021638,3,6,45,True,False
zero_phase,outward,2.4,0.2,-1.0,VisualCogA_Task-1,left,Training_mean_template,candidate_target_600ms,2.4,3.0,9.302536237136081,2.2472293071333147,0.27453681863551427,3,6,45,True,False
zero_phase,outward,2.4,0.2,-1.0,VisualCogA_Task-1,right,Training_mean_template,cue_stage,0.0,0.8,27.26455504758991,4.201082889056167,0.3232764914667962,3,6,41,True,False
zero_phase,outward,2.4,0.2,-1.0,VisualCogA_Task-1,right,Training_mean_template,late_stage,0.8,2.8,13.001877552623991,2.154178894080687,0.6323042254594922,3,6,41,True,False
zero_phase,outward,2.4,0.2,-1.0,VisualCogA_Task-1,right,Training_mean_template,candidate_target_600ms,2.4,3.0,17.355256262369732,3.2594431718799495,-0.39285114815219246,3,6,41,True,False
zero_phase,outward,2.4,0.2,-1.0,VisualCogA_Task-1,left,Q2_visual_only,cue_stage,0.0,0.8,16.128066658120403,3.1424234436491902,-0.19878440107456932,3,6,45,True,False
zero_phase,outward,2.4,0.2,-1.0,VisualCogA_Task-1,left,Q2_visual_only,late_stage,0.8,2.8,7.633161642027073,2.31094162782964,-0.09407653669445319,3,6,45,True,False
zero_phase,outward,2.4,0.2,-1.0,VisualCogA_Task-1,left,Q2_visual_only,candidate_target_600ms,2.4,3.0,8.736246707811567,2.1104297941638754,0.12401335581428714,3,6,45,True,False
zero_phase,outward,2.4,0.2,-1.0,VisualCogA_Task-1,right,Q2_visual_only,cue_stage,0.0,0.8,18.798142545068686,2.8965282893588866,-0.3582586351829253,3,6,41,True,False
zero_phase,outward,2.4,0.2,-1.0,VisualCogA_Task-1,right,Q2_visual_only,late_stage,0.8,2.8,10.260289487270171,1.6999467170166291,0.03313970615659382,3,6,41,True,False
zero_phase,outward,2.4,0.2,-1.0,VisualCogA_Task-1,right,Q2_visual_only,candidate_target_600ms,2.4,3.0,14.907652678947217,2.799765442732659,0.02486103893650799,3,6,41,True,False
zero_phase,outward,2.4,0.2,-1.0,VisualCogA_Task-1,left,Q2_plus_memory,cue_stage,0.0,0.8,16.505540555616694,3.2159711818872845,-0.1765599701347073,3,6,45,True,False
zero_phase,outward,2.4,0.2,-1.0,VisualCogA_Task-1,left,Q2_plus_memory,late_stage,0.8,2.8,7.375685015121615,2.2329905135714374,0.00504577022331956,3,6,45,True,False
zero_phase,outward,2.4,0.2,-1.0,VisualCogA_Task-1,left,Q2_plus_memory,candidate_target_600ms,2.4,3.0,8.76807398874784,2.1181183638897134,0.1889410107667483,3,6,45,True,False
zero_phase,outward,2.4,0.2,-1.0,VisualCogA_Task-1,right,Q2_plus_memory,cue_stage,0.0,0.8,18.782659662560253,2.8941425958214015,-0.3061726030770435,3,6,41,True,False
zero_phase,outward,2.4,0.2,-1.0,VisualCogA_Task-1,right,Q2_plus_memory,late_stage,0.8,2.8,10.375748669110806,1.7190762413212726,0.012899128874182758,3,6,41,True,False
zero_phase,outward,2.4,0.2,-1.0,VisualCogA_Task-1,right,Q2_plus_memory,candidate_target_600ms,2.4,3.0,15.226793505143773,2.8597024077125384,0.07076243252184798,3,6,41,True,False
zero_phase,outward,2.4,0.2,-1.0,VisualCogA_Task-1,left,Q2_plus_memory_control,cue_stage,0.0,0.8,18.315354845742196,3.5685988696627575,-0.17527504285778317,3,6,45,True,False
zero_phase,outward,2.4,0.2,-1.0,VisualCogA_Task-1,left,Q2_plus_memory_control,late_stage,0.8,2.8,7.127689258776777,2.157909735285942,-0.06970245173874472,3,6,45,True,False
zero_phase,outward,2.4,0.2,-1.0,VisualCogA_Task-1,left,Q2_plus_memory_control,candidate_target_600ms,2.4,3.0,5.373193976994616,1.2980114960274438,0.423856874944127,3,6,45,True,False
zero_phase,outward,2.4,0.2,-1.0,VisualCogA_Task-1,right,Q2_plus_memory_control,cue_stage,0.0,0.8,20.36274138505107,3.137610874547386,-0.29540786797326035,3,6,41,True,False
zero_phase,outward,2.4,0.2,-1.0,VisualCogA_Task-1,right,Q2_plus_memory_control,late_stage,0.8,2.8,9.961076276028425,1.6503724319275503,0.07677055489905256,3,6,41,True,False
zero_phase,outward,2.4,0.2,-1.0,VisualCogA_Task-1,right,Q2_plus_memory_control,candidate_target_600ms,2.4,3.0,13.451075433043666,2.526209657286263,-0.2684267635112287,3,6,41,True,False
zero_phase,outward,2.4,0.2,-1.0,VisualCogA_Task-2,left,Training_mean_template,cue_stage,0.0,0.8,17.942668252010783,0.5616130895010134,0.9778792134801574,3,6,49,True,False
zero_phase,outward,2.4,0.2,-1.0,VisualCogA_Task-2,left,Training_mean_template,late_stage,0.8,2.8,14.11515994647172,0.7172024522469914,0.8249400997850687,3,6,49,True,False
zero_phase,outward,2.4,0.2,-1.0,VisualCogA_Task-2,left,Training_mean_template,candidate_target_600ms,2.4,3.0,7.914473496738069,1.0375532844777726,0.8087741591045503,3,6,49,True,False
zero_phase,outward,2.4,0.2,-1.0,VisualCogA_Task-2,right,Training_mean_template,cue_stage,0.0,0.8,29.522392068994023,0.8499804956070128,0.8347233626213681,3,6,41,True,False
zero_phase,outward,2.4,0.2,-1.0,VisualCogA_Task-2,right,Training_mean_template,late_stage,0.8,2.8,22.033639211302557,1.0152767067432606,0.7652449528820708,3,6,41,True,False
zero_phase,outward,2.4,0.2,-1.0,VisualCogA_Task-2,right,Training_mean_template,candidate_target_600ms,2.4,3.0,24.226432343784754,1.9996769863566048,-0.5999040157615412,3,6,41,True,False
zero_phase,outward,2.4,0.2,-1.0,VisualCogA_Task-2,left,Q2_visual_only,cue_stage,0.0,0.8,29.19791626403437,0.9139071028746553,0.5695228642294419,3,6,49,True,False
zero_phase,outward,2.4,0.2,-1.0,VisualCogA_Task-2,left,Q2_visual_only,late_stage,0.8,2.8,19.25553425363507,0.9783889405720154,0.2570234455616009,3,6,49,True,False
zero_phase,outward,2.4,0.2,-1.0,VisualCogA_Task-2,left,Q2_visual_only,candidate_target_600ms,2.4,3.0,11.74571001321792,1.5398118406436605,0.26607039453190623,3,6,49,True,False
zero_phase,outward,2.4,0.2,-1.0,VisualCogA_Task-2,right,Q2_visual_only,cue_stage,0.0,0.8,37.119308064221805,1.0687036399788499,0.31211881347067727,3,6,41,True,False
zero_phase,outward,2.4,0.2,-1.0,VisualCogA_Task-2,right,Q2_visual_only,late_stage,0.8,2.8,25.82902165210489,1.1901621783793914,0.020845717203793364,3,6,41,True,False
zero_phase,outward,2.4,0.2,-1.0,VisualCogA_Task-2,right,Q2_visual_only,candidate_target_600ms,2.4,3.0,22.505430961411015,1.8576235957052336,-0.19177232924662185,3,6,41,True,False
zero_phase,outward,2.4,0.2,-1.0,VisualCogA_Task-2,left,Q2_plus_memory,cue_stage,0.0,0.8,28.635433367138074,0.8963011507899085,0.6060823350286083,3,6,49,True,False
zero_phase,outward,2.4,0.2,-1.0,VisualCogA_Task-2,left,Q2_plus_memory,late_stage,0.8,2.8,19.25885868909611,0.9785578577698395,0.2553981820563718,3,6,49,True,False
zero_phase,outward,2.4,0.2,-1.0,VisualCogA_Task-2,left,Q2_plus_memory,candidate_target_600ms,2.4,3.0,11.34681529793092,1.487518466715827,0.3386100932938464,3,6,49,True,False
zero_phase,outward,2.4,0.2,-1.0,VisualCogA_Task-2,right,Q2_plus_memory,cue_stage,0.0,0.8,37.01839560687476,1.0657982649567883,0.356766030527211,3,6,41,True,False
zero_phase,outward,2.4,0.2,-1.0,VisualCogA_Task-2,right,Q2_plus_memory,late_stage,0.8,2.8,25.841041813365635,1.1907160491958415,-0.012716070187104212,3,6,41,True,False
zero_phase,outward,2.4,0.2,-1.0,VisualCogA_Task-2,right,Q2_plus_memory,candidate_target_600ms,2.4,3.0,22.200324245662618,1.8324397440671925,-0.1626751479284927,3,6,41,True,False
zero_phase,outward,2.4,0.2,-1.0,VisualCogA_Task-2,left,Q2_plus_memory_control,cue_stage,0.0,0.8,28.08289378649979,0.8790064287008967,0.6108135598977404,3,6,49,True,False
zero_phase,outward,2.4,0.2,-1.0,VisualCogA_Task-2,left,Q2_plus_memory_control,late_stage,0.8,2.8,19.201568724338365,0.9756469093024316,0.2880913991765343,3,6,49,True,False
zero_phase,outward,2.4,0.2,-1.0,VisualCogA_Task-2,left,Q2_plus_memory_control,candidate_target_600ms,2.4,3.0,11.338066104954656,1.4863714853136156,0.7610089760442005,3,6,49,True,False
zero_phase,outward,2.4,0.2,-1.0,VisualCogA_Task-2,right,Q2_plus_memory_control,cue_stage,0.0,0.8,36.67133171570297,1.0558059331180916,0.3752910761562995,3,6,41,True,False
zero_phase,outward,2.4,0.2,-1.0,VisualCogA_Task-2,right,Q2_plus_memory_control,late_stage,0.8,2.8,25.731131189615965,1.185651534203719,0.03984353753786327,3,6,41,True,False
zero_phase,outward,2.4,0.2,-1.0,VisualCogA_Task-2,right,Q2_plus_memory_control,candidate_target_600ms,2.4,3.0,22.601114801297342,1.865521447517327,-0.16723549069237523,3,6,41,True,False
zero_phase,outward,2.4,0.2,-1.0,VisualCogB_Task-1,left,Training_mean_template,cue_stage,0.0,0.8,20.152321295734094,1.8756942490310125,0.7767057748957286,3,6,43,True,False
zero_phase,outward,2.4,0.2,-1.0,VisualCogB_Task-1,left,Training_mean_template,late_stage,0.8,2.8,16.527684592388866,3.996159706535847,0.18858882964125626,3,6,43,True,False
zero_phase,outward,2.4,0.2,-1.0,VisualCogB_Task-1,left,Training_mean_template,candidate_target_600ms,2.4,3.0,18.152103184730095,3.3573110363920287,0.13955680133359555,3,6,43,True,False
zero_phase,outward,2.4,0.2,-1.0,VisualCogB_Task-1,right,Training_mean_template,cue_stage,0.0,0.8,20.384083337199673,1.9055213339803905,0.5878701690048956,3,6,45,True,False
zero_phase,outward,2.4,0.2,-1.0,VisualCogB_Task-1,right,Training_mean_template,late_stage,0.8,2.8,16.056368692494058,2.851287073991265,0.2094399473240979,3,6,45,True,False
zero_phase,outward,2.4,0.2,-1.0,VisualCogB_Task-1,right,Training_mean_template,candidate_target_600ms,2.4,3.0,13.975355146612396,2.4553892040312966,-0.4599257195547633,3,6,45,True,False
zero_phase,outward,2.4,0.2,-1.0,VisualCogB_Task-1,left,Q2_visual_only,cue_stage,0.0,0.8,18.11629867389371,1.6861897315791463,0.2717275991673803,3,6,43,True,False
zero_phase,outward,2.4,0.2,-1.0,VisualCogB_Task-1,left,Q2_visual_only,late_stage,0.8,2.8,11.094012163077238,2.6823747840834145,0.28055352801813693,3,6,43,True,False
zero_phase,outward,2.4,0.2,-1.0,VisualCogB_Task-1,left,Q2_visual_only,candidate_target_600ms,2.4,3.0,14.681648563766004,2.7154352448274546,0.06277878705114842,3,6,43,True,False
zero_phase,outward,2.4,0.2,-1.0,VisualCogB_Task-1,right,Q2_visual_only,cue_stage,0.0,0.8,16.7828461859448,1.5688746422002513,-0.1423714819035388,3,6,45,True,False
zero_phase,outward,2.4,0.2,-1.0,VisualCogB_Task-1,right,Q2_visual_only,late_stage,0.8,2.8,10.790930385942826,1.916251483447912,-0.11721452841853601,3,6,45,True,False
zero_phase,outward,2.4,0.2,-1.0,VisualCogB_Task-1,right,Q2_visual_only,candidate_target_600ms,2.4,3.0,13.35110090038218,2.3457113374809135,-0.23842772296650983,3,6,45,True,False
zero_phase,outward,2.4,0.2,-1.0,VisualCogB_Task-1,left,Q2_plus_memory,cue_stage,0.0,0.8,17.742972007161498,1.6514420381733372,0.3056541792382858,3,6,43,True,False
zero_phase,outward,2.4,0.2,-1.0,VisualCogB_Task-1,left,Q2_plus_memory,late_stage,0.8,2.8,11.159472711782824,2.6982022162710697,0.2841873060703055,3,6,43,True,False
zero_phase,outward,2.4,0.2,-1.0,VisualCogB_Task-1,left,Q2_plus_memory,candidate_target_600ms,2.4,3.0,14.904766644690513,2.7567019117190688,0.10796267342009155,3,6,43,True,False
zero_phase,outward,2.4,0.2,-1.0,VisualCogB_Task-1,right,Q2_plus_memory,cue_stage,0.0,0.8,16.797352478094233,1.5702307026475344,-0.09346380637563369,3,6,45,True,False
zero_phase,outward,2.4,0.2,-1.0,VisualCogB_Task-1,right,Q2_plus_memory,late_stage,0.8,2.8,10.868292395097448,1.9299894151649188,-0.1261301803738146,3,6,45,True,False
zero_phase,outward,2.4,0.2,-1.0,VisualCogB_Task-1,right,Q2_plus_memory,candidate_target_600ms,2.4,3.0,13.470608855483169,2.366708195140159,-0.1675601190816553,3,6,45,True,False
zero_phase,outward,2.4,0.2,-1.0,VisualCogB_Task-1,left,Q2_plus_memory_control,cue_stage,0.0,0.8,18.67245274475062,1.7379542393483984,0.3085213632027468,3,6,43,True,False
zero_phase,outward,2.4,0.2,-1.0,VisualCogB_Task-1,left,Q2_plus_memory_control,late_stage,0.8,2.8,10.827287865856382,2.6178846322203446,0.30728899811154786,3,6,43,True,False
zero_phase,outward,2.4,0.2,-1.0,VisualCogB_Task-1,left,Q2_plus_memory_control,candidate_target_600ms,2.4,3.0,13.061838722907435,2.4158443158740748,-0.0516982222685012,3,6,43,True,False
zero_phase,outward,2.4,0.2,-1.0,VisualCogB_Task-1,right,Q2_plus_memory_control,cue_stage,0.0,0.8,17.817157333237624,1.665562922194841,-0.05437736013782418,3,6,45,True,False
zero_phase,outward,2.4,0.2,-1.0,VisualCogB_Task-1,right,Q2_plus_memory_control,late_stage,0.8,2.8,10.705818897249129,1.901137400543604,-0.13788858720395267,3,6,45,True,False
zero_phase,outward,2.4,0.2,-1.0,VisualCogB_Task-1,right,Q2_plus_memory_control,candidate_target_600ms,2.4,3.0,12.066870821432323,2.1200795278943003,-0.5801847065641463,3,6,45,True,False
zero_phase,outward,2.4,0.2,-1.0,VisualCogB_Task-2,left,Training_mean_template,cue_stage,0.0,0.8,29.925330604980914,0.8918247222486201,0.8874754406814326,3,6,44,True,False
zero_phase,outward,2.4,0.2,-1.0,VisualCogB_Task-2,left,Training_mean_template,late_stage,0.8,2.8,20.92505270211325,0.9852233485754245,0.7986104501142345,3,6,44,True,False
zero_phase,outward,2.4,0.2,-1.0,VisualCogB_Task-2,left,Training_mean_template,candidate_target_600ms,2.4,3.0,19.30368332021704,1.7941631637646187,0.5018867494628211,3,6,44,True,False
zero_phase,outward,2.4,0.2,-1.0,VisualCogB_Task-2,right,Training_mean_template,cue_stage,0.0,0.8,22.623078630841086,0.6467140961557449,0.9207145457673893,3,6,47,True,False
zero_phase,outward,2.4,0.2,-1.0,VisualCogB_Task-2,right,Training_mean_template,late_stage,0.8,2.8,12.53780346035479,0.6687291285477598,0.8141075721263659,3,6,47,True,False
zero_phase,outward,2.4,0.2,-1.0,VisualCogB_Task-2,right,Training_mean_template,candidate_target_600ms,2.4,3.0,11.906364984058547,1.5849175892632072,-0.34183704984755675,3,6,47,True,False
zero_phase,outward,2.4,0.2,-1.0,VisualCogB_Task-2,left,Q2_visual_only,cue_stage,0.0,0.8,35.41336975587735,1.0553774346996272,0.6242859426827407,3,6,44,True,False
zero_phase,outward,2.4,0.2,-1.0,VisualCogB_Task-2,left,Q2_visual_only,late_stage,0.8,2.8,23.528897297287212,1.1078212950536301,0.4229067234252945,3,6,44,True,False
zero_phase,outward,2.4,0.2,-1.0,VisualCogB_Task-2,left,Q2_visual_only,candidate_target_600ms,2.4,3.0,19.821772419529076,1.8423164805236087,0.2230043635445687,3,6,44,True,False
zero_phase,outward,2.4,0.2,-1.0,VisualCogB_Task-2,right,Q2_visual_only,cue_stage,0.0,0.8,33.77805356324087,0.9655955202432812,0.4467979624823961,3,6,47,True,False
zero_phase,outward,2.4,0.2,-1.0,VisualCogB_Task-2,right,Q2_visual_only,late_stage,0.8,2.8,18.59217420596161,0.9916512484722756,0.23619803899971564,3,6,47,True,False
zero_phase,outward,2.4,0.2,-1.0,VisualCogB_Task-2,right,Q2_visual_only,candidate_target_600ms,2.4,3.0,11.990586191607967,1.5961287081406133,0.11761808253146248,3,6,47,True,False
zero_phase,outward,2.4,0.2,-1.0,VisualCogB_Task-2,left,Q2_plus_memory,cue_stage,0.0,0.8,35.28562841223087,1.0515705297794782,0.6243089976849822,3,6,44,True,False
zero_phase,outward,2.4,0.2,-1.0,VisualCogB_Task-2,left,Q2_plus_memory,late_stage,0.8,2.8,23.633526055381697,1.1127475763335204,0.34134479362421183,3,6,44,True,False
zero_phase,outward,2.4,0.2,-1.0,VisualCogB_Task-2,left,Q2_plus_memory,candidate_target_600ms,2.4,3.0,19.461150717425916,1.8087988267559487,0.2701153293358143,3,6,44,True,False
zero_phase,outward,2.4,0.2,-1.0,VisualCogB_Task-2,right,Q2_plus_memory,cue_stage,0.0,0.8,33.18866754603563,0.9487470509600558,0.5178376610119727,3,6,47,True,False
zero_phase,outward,2.4,0.2,-1.0,VisualCogB_Task-2,right,Q2_plus_memory,late_stage,0.8,2.8,18.7002137438551,0.9974137559364159,0.17491096559994845,3,6,47,True,False
zero_phase,outward,2.4,0.2,-1.0,VisualCogB_Task-2,right,Q2_plus_memory,candidate_target_600ms,2.4,3.0,11.496555329689116,1.5303657146709517,0.2344807034469805,3,6,47,True,False
zero_phase,outward,2.4,0.2,-1.0,VisualCogB_Task-2,left,Q2_plus_memory_control,cue_stage,0.0,0.8,34.89375791491127,1.0398921359116653,0.6170468335433223,3,6,44,True,False
zero_phase,outward,2.4,0.2,-1.0,VisualCogB_Task-2,left,Q2_plus_memory_control,late_stage,0.8,2.8,23.475167572840743,1.1052915150912677,0.5262031858515158,3,6,44,True,False
zero_phase,outward,2.4,0.2,-1.0,VisualCogB_Task-2,left,Q2_plus_memory_control,candidate_target_600ms,2.4,3.0,19.933585384561713,1.8527088341363909,0.6329779992420048,3,6,44,True,False
zero_phase,outward,2.4,0.2,-1.0,VisualCogB_Task-2,right,Q2_plus_memory_control,cue_stage,0.0,0.8,32.77325360607802,0.9368718303018057,0.5244644651423441,3,6,47,True,False
zero_phase,outward,2.4,0.2,-1.0,VisualCogB_Task-2,right,Q2_plus_memory_control,late_stage,0.8,2.8,18.550386957680093,0.989422440992874,0.2755574611560515,3,6,47,True,False
zero_phase,outward,2.4,0.2,-1.0,VisualCogB_Task-2,right,Q2_plus_memory_control,candidate_target_600ms,2.4,3.0,11.690403021264268,1.5561697796754164,0.5922639416949684,3,6,47,True,False
zero_phase,outward,2.4,0.2,1.0,VisualCogA_Task-1,left,Training_mean_template,cue_stage,0.0,0.8,24.353480321004458,4.745078819267011,0.4317427489629862,3,6,45,True,False
zero_phase,outward,2.4,0.2,1.0,VisualCogA_Task-1,left,Training_mean_template,late_stage,0.8,2.8,14.058063376248118,4.256082261374945,0.08289001385021638,3,6,45,True,False
zero_phase,outward,2.4,0.2,1.0,VisualCogA_Task-1,left,Training_mean_template,candidate_target_600ms,2.4,3.0,9.302536237136081,2.2472293071333147,0.27453681863551427,3,6,45,True,False
zero_phase,outward,2.4,0.2,1.0,VisualCogA_Task-1,right,Training_mean_template,cue_stage,0.0,0.8,27.26455504758991,4.201082889056167,0.3232764914667962,3,6,41,True,False
zero_phase,outward,2.4,0.2,1.0,VisualCogA_Task-1,right,Training_mean_template,late_stage,0.8,2.8,13.001877552623991,2.154178894080687,0.6323042254594922,3,6,41,True,False
zero_phase,outward,2.4,0.2,1.0,VisualCogA_Task-1,right,Training_mean_template,candidate_target_600ms,2.4,3.0,17.355256262369732,3.2594431718799495,-0.39285114815219246,3,6,41,True,False
zero_phase,outward,2.4,0.2,1.0,VisualCogA_Task-1,left,Q2_visual_only,cue_stage,0.0,0.8,16.128066658120403,3.1424234436491902,-0.19878440107456932,3,6,45,True,False
zero_phase,outward,2.4,0.2,1.0,VisualCogA_Task-1,left,Q2_visual_only,late_stage,0.8,2.8,7.633161642027073,2.31094162782964,-0.09407653669445319,3,6,45,True,False
zero_phase,outward,2.4,0.2,1.0,VisualCogA_Task-1,left,Q2_visual_only,candidate_target_600ms,2.4,3.0,8.736246707811567,2.1104297941638754,0.12401335581428714,3,6,45,True,False
zero_phase,outward,2.4,0.2,1.0,VisualCogA_Task-1,right,Q2_visual_only,cue_stage,0.0,0.8,18.798142545068686,2.8965282893588866,-0.3582586351829253,3,6,41,True,False
zero_phase,outward,2.4,0.2,1.0,VisualCogA_Task-1,right,Q2_visual_only,late_stage,0.8,2.8,10.260289487270171,1.6999467170166291,0.03313970615659382,3,6,41,True,False
zero_phase,outward,2.4,0.2,1.0,VisualCogA_Task-1,right,Q2_visual_only,candidate_target_600ms,2.4,3.0,14.907652678947217,2.799765442732659,0.02486103893650799,3,6,41,True,False
zero_phase,outward,2.4,0.2,1.0,VisualCogA_Task-1,left,Q2_plus_memory,cue_stage,0.0,0.8,15.984122363253453,3.1143770611311896,-0.15545294189389228,3,6,45,True,False
zero_phase,outward,2.4,0.2,1.0,VisualCogA_Task-1,left,Q2_plus_memory,late_stage,0.8,2.8,8.253824418265285,2.498847441137204,-0.14485419203372002,3,6,45,True,False
zero_phase,outward,2.4,0.2,1.0,VisualCogA_Task-1,left,Q2_plus_memory,candidate_target_600ms,2.4,3.0,9.664557846370498,2.334683475475002,0.03771905526159355,3,6,45,True,False
zero_phase,outward,2.4,0.2,1.0,VisualCogA_Task-1,right,Q2_plus_memory,cue_stage,0.0,0.8,18.156826732648682,2.7977105796498485,-0.2783039354800593,3,6,41,True,False
zero_phase,outward,2.4,0.2,1.0,VisualCogA_Task-1,right,Q2_plus_memory,late_stage,0.8,2.8,10.518475712556182,1.7427235632838238,0.06526128147665991,3,6,41,True,False
zero_phase,outward,2.4,0.2,1.0,VisualCogA_Task-1,right,Q2_plus_memory,candidate_target_600ms,2.4,3.0,15.171037543720352,2.849231033219082,-0.02397655610946419,3,6,41,True,False
zero_phase,outward,2.4,0.2,1.0,VisualCogA_Task-1,left,Q2_plus_memory_control,cue_stage,0.0,0.8,18.31017584392191,3.567589783014013,-0.1461249646178177,3,6,45,True,False
zero_phase,outward,2.4,0.2,1.0,VisualCogA_Task-1,left,Q2_plus_memory_control,late_stage,0.8,2.8,7.510025036870676,2.273661989311469,-0.0706460654943265,3,6,45,True,False
zero_phase,outward,2.4,0.2,1.0,VisualCogA_Task-1,left,Q2_plus_memory_control,candidate_target_600ms,2.4,3.0,8.827696102773409,2.132521378140454,-0.2135629829254,3,6,45,True,False
zero_phase,outward,2.4,0.2,1.0,VisualCogA_Task-1,right,Q2_plus_memory_control,cue_stage,0.0,0.8,20.074296398536596,3.0931655756908727,-0.2499920601591366,3,6,41,True,False
zero_phase,outward,2.4,0.2,1.0,VisualCogA_Task-1,right,Q2_plus_memory_control,late_stage,0.8,2.8,10.623607734146372,1.7601420615803192,-0.044415276875464184,3,6,41,True,False
zero_phase,outward,2.4,0.2,1.0,VisualCogA_Task-1,right,Q2_plus_memory_control,candidate_target_600ms,2.4,3.0,15.114377648132102,2.83858989332448,-0.2515201760221675,3,6,41,True,False
zero_phase,outward,2.4,0.2,1.0,VisualCogA_Task-2,left,Training_mean_template,cue_stage,0.0,0.8,17.942668252010783,0.5616130895010134,0.9778792134801574,3,6,49,True,False
zero_phase,outward,2.4,0.2,1.0,VisualCogA_Task-2,left,Training_mean_template,late_stage,0.8,2.8,14.11515994647172,0.7172024522469914,0.8249400997850687,3,6,49,True,False
zero_phase,outward,2.4,0.2,1.0,VisualCogA_Task-2,left,Training_mean_template,candidate_target_600ms,2.4,3.0,7.914473496738069,1.0375532844777726,0.8087741591045503,3,6,49,True,False
zero_phase,outward,2.4,0.2,1.0,VisualCogA_Task-2,right,Training_mean_template,cue_stage,0.0,0.8,29.522392068994023,0.8499804956070128,0.8347233626213681,3,6,41,True,False
zero_phase,outward,2.4,0.2,1.0,VisualCogA_Task-2,right,Training_mean_template,late_stage,0.8,2.8,22.033639211302557,1.0152767067432606,0.7652449528820708,3,6,41,True,False
zero_phase,outward,2.4,0.2,1.0,VisualCogA_Task-2,right,Training_mean_template,candidate_target_600ms,2.4,3.0,24.226432343784754,1.9996769863566048,-0.5999040157615412,3,6,41,True,False
zero_phase,outward,2.4,0.2,1.0,VisualCogA_Task-2,left,Q2_visual_only,cue_stage,0.0,0.8,29.19791626403437,0.9139071028746553,0.5695228642294419,3,6,49,True,False
zero_phase,outward,2.4,0.2,1.0,VisualCogA_Task-2,left,Q2_visual_only,late_stage,0.8,2.8,19.25553425363507,0.9783889405720154,0.2570234455616009,3,6,49,True,False
zero_phase,outward,2.4,0.2,1.0,VisualCogA_Task-2,left,Q2_visual_only,candidate_target_600ms,2.4,3.0,11.74571001321792,1.5398118406436605,0.26607039453190623,3,6,49,True,False
zero_phase,outward,2.4,0.2,1.0,VisualCogA_Task-2,right,Q2_visual_only,cue_stage,0.0,0.8,37.119308064221805,1.0687036399788499,0.31211881347067727,3,6,41,True,False
zero_phase,outward,2.4,0.2,1.0,VisualCogA_Task-2,right,Q2_visual_only,late_stage,0.8,2.8,25.82902165210489,1.1901621783793914,0.020845717203793364,3,6,41,True,False
zero_phase,outward,2.4,0.2,1.0,VisualCogA_Task-2,right,Q2_visual_only,candidate_target_600ms,2.4,3.0,22.505430961411015,1.8576235957052336,-0.19177232924662185,3,6,41,True,False
zero_phase,outward,2.4,0.2,1.0,VisualCogA_Task-2,left,Q2_plus_memory,cue_stage,0.0,0.8,28.65187745146021,0.8968158575698845,0.6191776387635699,3,6,49,True,False
zero_phase,outward,2.4,0.2,1.0,VisualCogA_Task-2,left,Q2_plus_memory,late_stage,0.8,2.8,19.17159970851896,0.9741241598813399,0.2697099835001646,3,6,49,True,False
zero_phase,outward,2.4,0.2,1.0,VisualCogA_Task-2,left,Q2_plus_memory,candidate_target_600ms,2.4,3.0,12.498101506514098,1.6384471150436983,0.1256439312889343,3,6,49,True,False
zero_phase,outward,2.4,0.2,1.0,VisualCogA_Task-2,right,Q2_plus_memory,cue_stage,0.0,0.8,37.03627093679649,1.0663129143710532,0.3799977522389045,3,6,41,True,False
zero_phase,outward,2.4,0.2,1.0,VisualCogA_Task-2,right,Q2_plus_memory,late_stage,0.8,2.8,25.683307842508338,1.1834479068368895,0.0664413472232241,3,6,41,True,False
zero_phase,outward,2.4,0.2,1.0,VisualCogA_Task-2,right,Q2_plus_memory,candidate_target_600ms,2.4,3.0,22.932668166357594,1.8928882353485599,-0.19018750380955252,3,6,41,True,False
zero_phase,outward,2.4,0.2,1.0,VisualCogA_Task-2,left,Q2_plus_memory_control,cue_stage,0.0,0.8,27.920763093226284,0.8739316695695691,0.6269266885009781,3,6,49,True,False
zero_phase,outward,2.4,0.2,1.0,VisualCogA_Task-2,left,Q2_plus_memory_control,late_stage,0.8,2.8,18.903823146562107,0.9605182207621216,0.37456160874679184,3,6,49,True,False
zero_phase,outward,2.4,0.2,1.0,VisualCogA_Task-2,left,Q2_plus_memory_control,candidate_target_600ms,2.4,3.0,11.12843131267112,1.458889269678647,0.4863253806336278,3,6,49,True,False
zero_phase,outward,2.4,0.2,1.0,VisualCogA_Task-2,right,Q2_plus_memory_control,cue_stage,0.0,0.8,36.63316251464364,1.0547070019624618,0.4075720213317462,3,6,41,True,False
zero_phase,outward,2.4,0.2,1.0,VisualCogA_Task-2,right,Q2_plus_memory_control,late_stage,0.8,2.8,25.505200582236547,1.1752409941738624,0.08306045331254319,3,6,41,True,False
zero_phase,outward,2.4,0.2,1.0,VisualCogA_Task-2,right,Q2_plus_memory_control,candidate_target_600ms,2.4,3.0,22.164177290410713,1.8294561337064768,-0.15309889996034406,3,6,41,True,False
zero_phase,outward,2.4,0.2,1.0,VisualCogB_Task-1,left,Training_mean_template,cue_stage,0.0,0.8,20.152321295734094,1.8756942490310125,0.7767057748957286,3,6,43,True,False
zero_phase,outward,2.4,0.2,1.0,VisualCogB_Task-1,left,Training_mean_template,late_stage,0.8,2.8,16.527684592388866,3.996159706535847,0.18858882964125626,3,6,43,True,False
zero_phase,outward,2.4,0.2,1.0,VisualCogB_Task-1,left,Training_mean_template,candidate_target_600ms,2.4,3.0,18.152103184730095,3.3573110363920287,0.13955680133359555,3,6,43,True,False
zero_phase,outward,2.4,0.2,1.0,VisualCogB_Task-1,right,Training_mean_template,cue_stage,0.0,0.8,20.384083337199673,1.9055213339803905,0.5878701690048956,3,6,45,True,False
zero_phase,outward,2.4,0.2,1.0,VisualCogB_Task-1,right,Training_mean_template,late_stage,0.8,2.8,16.056368692494058,2.851287073991265,0.2094399473240979,3,6,45,True,False
zero_phase,outward,2.4,0.2,1.0,VisualCogB_Task-1,right,Training_mean_template,candidate_target_600ms,2.4,3.0,13.975355146612396,2.4553892040312966,-0.4599257195547633,3,6,45,True,False
zero_phase,outward,2.4,0.2,1.0,VisualCogB_Task-1,left,Q2_visual_only,cue_stage,0.0,0.8,18.11629867389371,1.6861897315791463,0.2717275991673803,3,6,43,True,False
zero_phase,outward,2.4,0.2,1.0,VisualCogB_Task-1,left,Q2_visual_only,late_stage,0.8,2.8,11.094012163077238,2.6823747840834145,0.28055352801813693,3,6,43,True,False
zero_phase,outward,2.4,0.2,1.0,VisualCogB_Task-1,left,Q2_visual_only,candidate_target_600ms,2.4,3.0,14.681648563766004,2.7154352448274546,0.06277878705114842,3,6,43,True,False
zero_phase,outward,2.4,0.2,1.0,VisualCogB_Task-1,right,Q2_visual_only,cue_stage,0.0,0.8,16.7828461859448,1.5688746422002513,-0.1423714819035388,3,6,45,True,False
zero_phase,outward,2.4,0.2,1.0,VisualCogB_Task-1,right,Q2_visual_only,late_stage,0.8,2.8,10.790930385942826,1.916251483447912,-0.11721452841853601,3,6,45,True,False
zero_phase,outward,2.4,0.2,1.0,VisualCogB_Task-1,right,Q2_visual_only,candidate_target_600ms,2.4,3.0,13.35110090038218,2.3457113374809135,-0.23842772296650983,3,6,45,True,False
zero_phase,outward,2.4,0.2,1.0,VisualCogB_Task-1,left,Q2_plus_memory,cue_stage,0.0,0.8,17.367516959347476,1.616496243908758,0.3094774018310709,3,6,43,True,False
zero_phase,outward,2.4,0.2,1.0,VisualCogB_Task-1,left,Q2_plus_memory,late_stage,0.8,2.8,11.550722852555731,2.7928009508362956,0.215426646887451,3,6,43,True,False
zero_phase,outward,2.4,0.2,1.0,VisualCogB_Task-1,left,Q2_plus_memory,candidate_target_600ms,2.4,3.0,14.954859830358359,2.7659668659438865,-0.005775135968847997,3,6,43,True,False
zero_phase,outward,2.4,0.2,1.0,VisualCogB_Task-1,right,Q2_plus_memory,cue_stage,0.0,0.8,16.316202580439214,1.5252524036650659,-0.06820756023094171,3,6,45,True,False
zero_phase,outward,2.4,0.2,1.0,VisualCogB_Task-1,right,Q2_plus_memory,late_stage,0.8,2.8,11.224388056427946,1.9932248188667945,-0.1387151106713923,3,6,45,True,False
zero_phase,outward,2.4,0.2,1.0,VisualCogB_Task-1,right,Q2_plus_memory,candidate_target_600ms,2.4,3.0,13.794678899101571,2.4236454305880506,-0.2756421178270378,3,6,45,True,False
zero_phase,outward,2.4,0.2,1.0,VisualCogB_Task-1,left,Q2_plus_memory_control,cue_stage,0.0,0.8,18.35113422558085,1.7080472480063402,0.3300007903061985,3,6,43,True,False
zero_phase,outward,2.4,0.2,1.0,VisualCogB_Task-1,left,Q2_plus_memory_control,late_stage,0.8,2.8,11.388643733178254,2.753612518693456,0.2099501985929824,3,6,43,True,False
zero_phase,outward,2.4,0.2,1.0,VisualCogB_Task-1,left,Q2_plus_memory_control,candidate_target_600ms,2.4,3.0,14.538979884245363,2.689048047298462,-0.07082107129590863,3,6,43,True,False
zero_phase,outward,2.4,0.2,1.0,VisualCogB_Task-1,right,Q2_plus_memory_control,cue_stage,0.0,0.8,17.590815684542562,1.644404313626476,-0.0127373601122081,3,6,45,True,False
zero_phase,outward,2.4,0.2,1.0,VisualCogB_Task-1,right,Q2_plus_memory_control,late_stage,0.8,2.8,11.20014070580708,1.9889189786903585,-0.21467158269625822,3,6,45,True,False
zero_phase,outward,2.4,0.2,1.0,VisualCogB_Task-1,right,Q2_plus_memory_control,candidate_target_600ms,2.4,3.0,13.39146622009864,2.3528032910813264,-0.45022273802730634,3,6,45,True,False
zero_phase,outward,2.4,0.2,1.0,VisualCogB_Task-2,left,Training_mean_template,cue_stage,0.0,0.8,29.925330604980914,0.8918247222486201,0.8874754406814326,3,6,44,True,False
zero_phase,outward,2.4,0.2,1.0,VisualCogB_Task-2,left,Training_mean_template,late_stage,0.8,2.8,20.92505270211325,0.9852233485754245,0.7986104501142345,3,6,44,True,False
zero_phase,outward,2.4,0.2,1.0,VisualCogB_Task-2,left,Training_mean_template,candidate_target_600ms,2.4,3.0,19.30368332021704,1.7941631637646187,0.5018867494628211,3,6,44,True,False
zero_phase,outward,2.4,0.2,1.0,VisualCogB_Task-2,right,Training_mean_template,cue_stage,0.0,0.8,22.623078630841086,0.6467140961557449,0.9207145457673893,3,6,47,True,False
zero_phase,outward,2.4,0.2,1.0,VisualCogB_Task-2,right,Training_mean_template,late_stage,0.8,2.8,12.53780346035479,0.6687291285477598,0.8141075721263659,3,6,47,True,False
zero_phase,outward,2.4,0.2,1.0,VisualCogB_Task-2,right,Training_mean_template,candidate_target_600ms,2.4,3.0,11.906364984058547,1.5849175892632072,-0.34183704984755675,3,6,47,True,False
zero_phase,outward,2.4,0.2,1.0,VisualCogB_Task-2,left,Q2_visual_only,cue_stage,0.0,0.8,35.41336975587735,1.0553774346996272,0.6242859426827407,3,6,44,True,False
zero_phase,outward,2.4,0.2,1.0,VisualCogB_Task-2,left,Q2_visual_only,late_stage,0.8,2.8,23.528897297287212,1.1078212950536301,0.4229067234252945,3,6,44,True,False
zero_phase,outward,2.4,0.2,1.0,VisualCogB_Task-2,left,Q2_visual_only,candidate_target_600ms,2.4,3.0,19.821772419529076,1.8423164805236087,0.2230043635445687,3,6,44,True,False
zero_phase,outward,2.4,0.2,1.0,VisualCogB_Task-2,right,Q2_visual_only,cue_stage,0.0,0.8,33.77805356324087,0.9655955202432812,0.4467979624823961,3,6,47,True,False
zero_phase,outward,2.4,0.2,1.0,VisualCogB_Task-2,right,Q2_visual_only,late_stage,0.8,2.8,18.59217420596161,0.9916512484722756,0.23619803899971564,3,6,47,True,False
zero_phase,outward,2.4,0.2,1.0,VisualCogB_Task-2,right,Q2_visual_only,candidate_target_600ms,2.4,3.0,11.990586191607967,1.5961287081406133,0.11761808253146248,3,6,47,True,False
zero_phase,outward,2.4,0.2,1.0,VisualCogB_Task-2,left,Q2_plus_memory,cue_stage,0.0,0.8,35.41305688551187,1.055368110641341,0.6391522290853107,3,6,44,True,False
zero_phase,outward,2.4,0.2,1.0,VisualCogB_Task-2,left,Q2_plus_memory,late_stage,0.8,2.8,23.37878330065326,1.100753412523671,0.41580236472371196,3,6,44,True,False
zero_phase,outward,2.4,0.2,1.0,VisualCogB_Task-2,left,Q2_plus_memory,candidate_target_600ms,2.4,3.0,20.303042801865498,1.8870477153597391,0.1286651929984224,3,6,44,True,False
zero_phase,outward,2.4,0.2,1.0,VisualCogB_Task-2,right,Q2_plus_memory,cue_stage,0.0,0.8,33.24955814508773,0.9504876986134074,0.5413087266534985,3,6,47,True,False
zero_phase,outward,2.4,0.2,1.0,VisualCogB_Task-2,right,Q2_plus_memory,late_stage,0.8,2.8,18.466520001372565,0.984949227101555,0.26237969326369415,3,6,47,True,False
zero_phase,outward,2.4,0.2,1.0,VisualCogB_Task-2,right,Q2_plus_memory,candidate_target_600ms,2.4,3.0,12.709915582586113,1.6918823496392323,-0.030033416311274742,3,6,47,True,False
zero_phase,outward,2.4,0.2,1.0,VisualCogB_Task-2,left,Q2_plus_memory_control,cue_stage,0.0,0.8,34.94166299286145,1.0413197870678437,0.6257531829505707,3,6,44,True,False
zero_phase,outward,2.4,0.2,1.0,VisualCogB_Task-2,left,Q2_plus_memory_control,late_stage,0.8,2.8,23.256597496491143,1.0950004852150184,0.558576653185908,3,6,44,True,False
zero_phase,outward,2.4,0.2,1.0,VisualCogB_Task-2,left,Q2_plus_memory_control,candidate_target_600ms,2.4,3.0,19.311221808099408,1.7948638216154893,0.48272077189267465,3,6,44,True,False
zero_phase,outward,2.4,0.2,1.0,VisualCogB_Task-2,right,Q2_plus_memory_control,cue_stage,0.0,0.8,32.56775582365607,0.9309973728599327,0.554766253730596,3,6,47,True,False
zero_phase,outward,2.4,0.2,1.0,VisualCogB_Task-2,right,Q2_plus_memory_control,late_stage,0.8,2.8,18.282164965991175,0.975116278089089,0.3930935620621441,3,6,47,True,False
zero_phase,outward,2.4,0.2,1.0,VisualCogB_Task-2,right,Q2_plus_memory_control,candidate_target_600ms,2.4,3.0,11.286327033168064,1.5023811429428742,0.38913087161564247,3,6,47,True,False
