record,original_trial_index,true_cue_side,predicted_cue_side,score_right,sample,stage,candidate,held_out_record
VisualCogA_Task-1,0,-1,1,0.5678740761765181,raw_qc_pass,cue_locked,temporal::logistic_erp_100ms_l2_0.1,VisualCogA_Task-1
VisualCogA_Task-1,1,1,-1,0.4807594800391861,raw_qc_pass,cue_locked,temporal::logistic_erp_100ms_l2_0.1,VisualCogA_Task-1
VisualCogA_Task-1,2,-1,-1,0.3093023816585213,raw_qc_pass,cue_locked,temporal::logistic_erp_100ms_l2_0.1,VisualCogA_Task-1
VisualCogA_Task-1,3,-1,-1,0.47452671731973817,raw_qc_pass,cue_locked,temporal::logistic_erp_100ms_l2_0.1,VisualCogA_Task-1
VisualCogA_Task-1,4,1,1,0.63886337349741,raw_qc_pass,cue_locked,temporal::logistic_erp_100ms_l2_0.1,VisualCogA_Task-1
VisualCogA_Task-1,5,-1,1,0.5707684434027851,raw_qc_pass,cue_locked,temporal::logistic_erp_100ms_l2_0.1,VisualCogA_Task-1
VisualCogA_Task-1,6,-1,1,0.5809731292456602,raw_qc_pass,cue_locked,temporal::logistic_erp_100ms_l2_0.1,VisualCogA_Task-1
VisualCogA_Task-1,7,-1,-1,0.4755122505678384,raw_qc_pass,cue_locked,temporal::logistic_erp_100ms_l2_0.1,VisualCogA_Task-1
VisualCogA_Task-1,8,1,1,0.5410010355123646,raw_qc_pass,cue_locked,temporal::logistic_erp_100ms_l2_0.1,VisualCogA_Task-1
VisualCogA_Task-1,9,1,-1,0.409468569978828,raw_qc_pass,cue_locked,temporal::logistic_erp_100ms_l2_0.1,VisualCogA_Task-1
VisualCogA_Task-1,10,1,1,0.5592721873934765,raw_qc_pass,cue_locked,temporal::logistic_erp_100ms_l2_0.1,VisualCogA_Task-1
VisualCogA_Task-1,11,1,1,0.5824047954496071,raw_qc_pass,cue_locked,temporal::logistic_erp_100ms_l2_0.1,VisualCogA_Task-1
VisualCogA_Task-1,12,-1,1,0.529684664363145,raw_qc_pass,cue_locked,temporal::logistic_erp_100ms_l2_0.1,VisualCogA_Task-1
VisualCogA_Task-1,13,-1,-1,0.36902065528433653,raw_qc_pass,cue_locked,temporal::logistic_erp_100ms_l2_0.1,VisualCogA_Task-1
VisualCogA_Task-1,14,1,1,0.5851939417883533,raw_qc_pass,cue_locked,temporal::logistic_erp_100ms_l2_0.1,VisualCogA_Task-1
VisualCogA_Task-1,15,-1,1,0.5218643329972986,raw_qc_pass,cue_locked,temporal::logistic_erp_100ms_l2_0.1,VisualCogA_Task-1
VisualCogA_Task-1,16,1,-1,0.4082682968759981,raw_qc_pass,cue_locked,temporal::logistic_erp_100ms_l2_0.1,VisualCogA_Task-1
VisualCogA_Task-1,17,-1,1,0.6024756561635933,raw_qc_pass,cue_locked,temporal::logistic_erp_100ms_l2_0.1,VisualCogA_Task-1
VisualCogA_Task-1,18,-1,1,0.5039155241536877,raw_qc_pass,cue_locked,temporal::logistic_erp_100ms_l2_0.1,VisualCogA_Task-1
VisualCogA_Task-1,19,1,-1,0.14395052767155436,raw_qc_pass,cue_locked,temporal::logistic_erp_100ms_l2_0.1,VisualCogA_Task-1
VisualCogA_Task-1,20,-1,-1,0.4372863251664036,raw_qc_pass,cue_locked,temporal::logistic_erp_100ms_l2_0.1,VisualCogA_Task-1
VisualCogA_Task-1,21,-1,1,0.5316521729032925,raw_qc_pass,cue_locked,temporal::logistic_erp_100ms_l2_0.1,VisualCogA_Task-1
VisualCogA_Task-1,22,1,-1,0.4242412718731733,raw_qc_pass,cue_locked,temporal::logistic_erp_100ms_l2_0.1,VisualCogA_Task-1
VisualCogA_Task-1,23,-1,1,0.8301935617312257,raw_qc_pass,cue_locked,temporal::logistic_erp_100ms_l2_0.1,VisualCogA_Task-1
VisualCogA_Task-1,24,-1,-1,0.4201453478204009,raw_qc_pass,cue_locked,temporal::logistic_erp_100ms_l2_0.1,VisualCogA_Task-1
VisualCogA_Task-1,25,1,1,0.8106826057685449,raw_qc_pass,cue_locked,temporal::logistic_erp_100ms_l2_0.1,VisualCogA_Task-1
VisualCogA_Task-1,26,1,-1,0.3063640517183057,raw_qc_pass,cue_locked,temporal::logistic_erp_100ms_l2_0.1,VisualCogA_Task-1
VisualCogA_Task-1,27,-1,1,0.6111035962708291,raw_qc_pass,cue_locked,temporal::logistic_erp_100ms_l2_0.1,VisualCogA_Task-1
VisualCogA_Task-1,28,-1,1,0.5968575724457232,raw_qc_pass,cue_locked,temporal::logistic_erp_100ms_l2_0.1,VisualCogA_Task-1
VisualCogA_Task-1,29,-1,-1,0.3984601020251687,raw_qc_pass,cue_locked,temporal::logistic_erp_100ms_l2_0.1,VisualCogA_Task-1
VisualCogA_Task-1,30,-1,1,0.5168613367044648,raw_qc_pass,cue_locked,temporal::logistic_erp_100ms_l2_0.1,VisualCogA_Task-1
VisualCogA_Task-1,31,1,-1,0.45172556544588927,raw_qc_pass,cue_locked,temporal::logistic_erp_100ms_l2_0.1,VisualCogA_Task-1
VisualCogA_Task-1,32,1,1,0.5003012002390641,raw_qc_pass,cue_locked,temporal::logistic_erp_100ms_l2_0.1,VisualCogA_Task-1
VisualCogA_Task-1,33,-1,-1,0.48217429027770786,raw_qc_pass,cue_locked,temporal::logistic_erp_100ms_l2_0.1,VisualCogA_Task-1
VisualCogA_Task-1,34,1,1,0.5331030586306698,raw_qc_pass,cue_locked,temporal::logistic_erp_100ms_l2_0.1,VisualCogA_Task-1
VisualCogA_Task-1,35,-1,-1,0.22010322750421343,raw_qc_pass,cue_locked,temporal::logistic_erp_100ms_l2_0.1,VisualCogA_Task-1
VisualCogA_Task-1,36,-1,-1,0.3475188949759731,raw_qc_pass,cue_locked,temporal::logistic_erp_100ms_l2_0.1,VisualCogA_Task-1
VisualCogA_Task-1,37,-1,1,0.5430605076312177,raw_qc_pass,cue_locked,temporal::logistic_erp_100ms_l2_0.1,VisualCogA_Task-1
VisualCogA_Task-1,38,-1,-1,0.009785569971839467,raw_qc_pass,cue_locked,temporal::logistic_erp_100ms_l2_0.1,VisualCogA_Task-1
VisualCogA_Task-1,39,-1,1,0.5684540941546179,raw_qc_pass,cue_locked,temporal::logistic_erp_100ms_l2_0.1,VisualCogA_Task-1
VisualCogA_Task-1,40,-1,1,0.5021974000455858,raw_qc_pass,cue_locked,temporal::logistic_erp_100ms_l2_0.1,VisualCogA_Task-1
VisualCogA_Task-1,41,1,-1,0.4051163413147445,raw_qc_pass,cue_locked,temporal::logistic_erp_100ms_l2_0.1,VisualCogA_Task-1
VisualCogA_Task-1,42,-1,1,0.5448602897137308,raw_qc_pass,cue_locked,temporal::logistic_erp_100ms_l2_0.1,VisualCogA_Task-1
VisualCogA_Task-1,43,1,1,0.5722087405901343,raw_qc_pass,cue_locked,temporal::logistic_erp_100ms_l2_0.1,VisualCogA_Task-1
VisualCogA_Task-1,44,-1,1,0.5417935692119482,raw_qc_pass,cue_locked,temporal::logistic_erp_100ms_l2_0.1,VisualCogA_Task-1
VisualCogA_Task-1,45,-1,-1,0.48569951833703623,raw_qc_pass,cue_locked,temporal::logistic_erp_100ms_l2_0.1,VisualCogA_Task-1
VisualCogA_Task-1,46,-1,1,0.568493168847376,raw_qc_pass,cue_locked,temporal::logistic_erp_100ms_l2_0.1,VisualCogA_Task-1
VisualCogA_Task-1,47,1,-1,0.4862817372084581,raw_qc_pass,cue_locked,temporal::logistic_erp_100ms_l2_0.1,VisualCogA_Task-1
VisualCogA_Task-1,48,-1,-1,0.4746987285139938,raw_qc_pass,cue_locked,temporal::logistic_erp_100ms_l2_0.1,VisualCogA_Task-1
VisualCogA_Task-1,49,-1,-1,0.48626980456721924,raw_qc_pass,cue_locked,temporal::logistic_erp_100ms_l2_0.1,VisualCogA_Task-1
VisualCogA_Task-1,50,1,1,0.5310447683347906,raw_qc_pass,cue_locked,temporal::logistic_erp_100ms_l2_0.1,VisualCogA_Task-1
VisualCogA_Task-1,51,1,1,0.5446160249749082,raw_qc_pass,cue_locked,temporal::logistic_erp_100ms_l2_0.1,VisualCogA_Task-1
VisualCogA_Task-1,52,1,1,0.5573355457031195,raw_qc_pass,cue_locked,temporal::logistic_erp_100ms_l2_0.1,VisualCogA_Task-1
VisualCogA_Task-1,53,-1,-1,0.36379129979419783,raw_qc_pass,cue_locked,temporal::logistic_erp_100ms_l2_0.1,VisualCogA_Task-1
VisualCogA_Task-1,54,1,-1,0.24953991075205798,raw_qc_pass,cue_locked,temporal::logistic_erp_100ms_l2_0.1,VisualCogA_Task-1
VisualCogA_Task-1,55,-1,-1,0.48675786745075017,raw_qc_pass,cue_locked,temporal::logistic_erp_100ms_l2_0.1,VisualCogA_Task-1
VisualCogA_Task-1,56,-1,1,0.528338034433783,raw_qc_pass,cue_locked,temporal::logistic_erp_100ms_l2_0.1,VisualCogA_Task-1
VisualCogA_Task-1,57,1,-1,0.4238575308886991,raw_qc_pass,cue_locked,temporal::logistic_erp_100ms_l2_0.1,VisualCogA_Task-1
VisualCogA_Task-1,58,1,-1,0.4901295477160971,raw_qc_pass,cue_locked,temporal::logistic_erp_100ms_l2_0.1,VisualCogA_Task-1
VisualCogA_Task-1,59,-1,-1,0.4997711670416796,raw_qc_pass,cue_locked,temporal::logistic_erp_100ms_l2_0.1,VisualCogA_Task-1
VisualCogA_Task-1,60,1,-1,0.27489883970910745,raw_qc_pass,cue_locked,temporal::logistic_erp_100ms_l2_0.1,VisualCogA_Task-1
VisualCogA_Task-1,61,-1,1,0.5537919941625323,raw_qc_pass,cue_locked,temporal::logistic_erp_100ms_l2_0.1,VisualCogA_Task-1
VisualCogA_Task-1,62,1,1,0.5563817176175784,raw_qc_pass,cue_locked,temporal::logistic_erp_100ms_l2_0.1,VisualCogA_Task-1
VisualCogA_Task-1,63,1,1,0.5836531795854377,raw_qc_pass,cue_locked,temporal::logistic_erp_100ms_l2_0.1,VisualCogA_Task-1
VisualCogA_Task-1,64,-1,1,0.5835937496415793,raw_qc_pass,cue_locked,temporal::logistic_erp_100ms_l2_0.1,VisualCogA_Task-1
VisualCogA_Task-1,65,1,1,0.5533469630655425,raw_qc_pass,cue_locked,temporal::logistic_erp_100ms_l2_0.1,VisualCogA_Task-1
VisualCogA_Task-1,66,-1,1,0.50010372490275,raw_qc_pass,cue_locked,temporal::logistic_erp_100ms_l2_0.1,VisualCogA_Task-1
VisualCogA_Task-1,67,-1,1,0.515298722707149,raw_qc_pass,cue_locked,temporal::logistic_erp_100ms_l2_0.1,VisualCogA_Task-1
VisualCogA_Task-1,68,1,-1,0.36454533556173585,raw_qc_pass,cue_locked,temporal::logistic_erp_100ms_l2_0.1,VisualCogA_Task-1
VisualCogA_Task-1,69,1,-1,0.4516887558297597,raw_qc_pass,cue_locked,temporal::logistic_erp_100ms_l2_0.1,VisualCogA_Task-1
VisualCogA_Task-1,70,-1,1,0.5290978483105545,raw_qc_pass,cue_locked,temporal::logistic_erp_100ms_l2_0.1,VisualCogA_Task-1
VisualCogA_Task-1,71,1,1,0.5186722344851844,raw_qc_pass,cue_locked,temporal::logistic_erp_100ms_l2_0.1,VisualCogA_Task-1
VisualCogA_Task-1,72,-1,-1,0.48306193623399063,raw_qc_pass,cue_locked,temporal::logistic_erp_100ms_l2_0.1,VisualCogA_Task-1
VisualCogA_Task-1,73,1,1,0.5233996493601171,raw_qc_pass,cue_locked,temporal::logistic_erp_100ms_l2_0.1,VisualCogA_Task-1
VisualCogA_Task-1,74,-1,1,0.5128793353382941,raw_qc_pass,cue_locked,temporal::logistic_erp_100ms_l2_0.1,VisualCogA_Task-1
VisualCogA_Task-1,75,1,-1,0.45683391278836727,raw_qc_pass,cue_locked,temporal::logistic_erp_100ms_l2_0.1,VisualCogA_Task-1
VisualCogA_Task-1,76,-1,1,0.5254410449910847,raw_qc_pass,cue_locked,temporal::logistic_erp_100ms_l2_0.1,VisualCogA_Task-1
VisualCogA_Task-1,77,-1,-1,0.49673086947394046,raw_qc_pass,cue_locked,temporal::logistic_erp_100ms_l2_0.1,VisualCogA_Task-1
VisualCogA_Task-1,78,-1,-1,0.4721337854293588,raw_qc_pass,cue_locked,temporal::logistic_erp_100ms_l2_0.1,VisualCogA_Task-1
VisualCogA_Task-1,79,-1,1,0.5421062289195325,raw_qc_pass,cue_locked,temporal::logistic_erp_100ms_l2_0.1,VisualCogA_Task-1
VisualCogA_Task-1,80,-1,1,0.5386383315655005,raw_qc_pass,cue_locked,temporal::logistic_erp_100ms_l2_0.1,VisualCogA_Task-1
VisualCogA_Task-1,81,1,-1,0.481758064014911,raw_qc_pass,cue_locked,temporal::logistic_erp_100ms_l2_0.1,VisualCogA_Task-1
VisualCogA_Task-1,82,-1,-1,0.43768849675164895,raw_qc_pass,cue_locked,temporal::logistic_erp_100ms_l2_0.1,VisualCogA_Task-1
VisualCogA_Task-1,83,1,1,0.5463869343037281,raw_qc_pass,cue_locked,temporal::logistic_erp_100ms_l2_0.1,VisualCogA_Task-1
VisualCogA_Task-1,84,-1,1,0.570978614646137,raw_qc_pass,cue_locked,temporal::logistic_erp_100ms_l2_0.1,VisualCogA_Task-1
VisualCogA_Task-1,85,1,1,0.6899104007355061,raw_qc_pass,cue_locked,temporal::logistic_erp_100ms_l2_0.1,VisualCogA_Task-1
VisualCogA_Task-1,86,1,-1,0.46550336008864124,raw_qc_pass,cue_locked,temporal::logistic_erp_100ms_l2_0.1,VisualCogA_Task-1
VisualCogA_Task-1,87,1,-1,0.4438685031438398,raw_qc_pass,cue_locked,temporal::logistic_erp_100ms_l2_0.1,VisualCogA_Task-1
VisualCogA_Task-1,88,1,1,0.5714121904367584,raw_qc_pass,cue_locked,temporal::logistic_erp_100ms_l2_0.1,VisualCogA_Task-1
VisualCogA_Task-1,89,1,1,0.5005025131980583,raw_qc_pass,cue_locked,temporal::logistic_erp_100ms_l2_0.1,VisualCogA_Task-1
VisualCogA_Task-1,90,-1,1,0.5184943748568916,raw_qc_pass,cue_locked,temporal::logistic_erp_100ms_l2_0.1,VisualCogA_Task-1
VisualCogA_Task-1,91,1,-1,0.4778957738713783,raw_qc_pass,cue_locked,temporal::logistic_erp_100ms_l2_0.1,VisualCogA_Task-1
VisualCogA_Task-1,92,1,1,0.5432807488703181,raw_qc_pass,cue_locked,temporal::logistic_erp_100ms_l2_0.1,VisualCogA_Task-1
VisualCogA_Task-1,93,1,1,0.5049853990213461,raw_qc_pass,cue_locked,temporal::logistic_erp_100ms_l2_0.1,VisualCogA_Task-1
VisualCogA_Task-1,94,-1,-1,0.4800441980282101,raw_qc_pass,cue_locked,temporal::logistic_erp_100ms_l2_0.1,VisualCogA_Task-1
VisualCogA_Task-1,95,1,-1,0.4870647825813716,raw_qc_pass,cue_locked,temporal::logistic_erp_100ms_l2_0.1,VisualCogA_Task-1
VisualCogA_Task-1,96,1,-1,0.4974827486011593,raw_qc_pass,cue_locked,temporal::logistic_erp_100ms_l2_0.1,VisualCogA_Task-1
VisualCogA_Task-1,97,-1,1,0.5747695592114394,raw_qc_pass,cue_locked,temporal::logistic_erp_100ms_l2_0.1,VisualCogA_Task-1
VisualCogA_Task-1,98,-1,1,0.579934424686915,raw_qc_pass,cue_locked,temporal::logistic_erp_100ms_l2_0.1,VisualCogA_Task-1
VisualCogA_Task-1,99,1,-1,0.46211377832260836,raw_qc_pass,cue_locked,temporal::logistic_erp_100ms_l2_0.1,VisualCogA_Task-1
VisualCogA_Task-2,0,1,1,0.8523021963425081,raw_qc_pass,cue_locked,round1::rbf_svm_full_baseline_13_C_10_gamma_scale,VisualCogA_Task-2
VisualCogA_Task-2,1,-1,-1,-0.9797214976750797,raw_qc_pass,cue_locked,round1::rbf_svm_full_baseline_13_C_10_gamma_scale,VisualCogA_Task-2
VisualCogA_Task-2,2,-1,-1,-0.46100963070562456,raw_qc_pass,cue_locked,round1::rbf_svm_full_baseline_13_C_10_gamma_scale,VisualCogA_Task-2
VisualCogA_Task-2,3,-1,-1,-1.0755123940506583,raw_qc_pass,cue_locked,round1::rbf_svm_full_baseline_13_C_10_gamma_scale,VisualCogA_Task-2
VisualCogA_Task-2,4,1,1,0.4512352240366509,raw_qc_pass,cue_locked,round1::rbf_svm_full_baseline_13_C_10_gamma_scale,VisualCogA_Task-2
VisualCogA_Task-2,5,-1,-1,-1.6024761682348532,raw_qc_pass,cue_locked,round1::rbf_svm_full_baseline_13_C_10_gamma_scale,VisualCogA_Task-2
VisualCogA_Task-2,6,1,1,1.7320886525714536,raw_qc_pass,cue_locked,round1::rbf_svm_full_baseline_13_C_10_gamma_scale,VisualCogA_Task-2
VisualCogA_Task-2,7,1,1,0.345405501168737,raw_qc_pass,cue_locked,round1::rbf_svm_full_baseline_13_C_10_gamma_scale,VisualCogA_Task-2
VisualCogA_Task-2,8,-1,1,0.7259645200183165,raw_qc_pass,cue_locked,round1::rbf_svm_full_baseline_13_C_10_gamma_scale,VisualCogA_Task-2
VisualCogA_Task-2,9,-1,-1,-0.5373747671883022,raw_qc_pass,cue_locked,round1::rbf_svm_full_baseline_13_C_10_gamma_scale,VisualCogA_Task-2
VisualCogA_Task-2,10,1,1,0.9252845108932826,raw_qc_pass,cue_locked,round1::rbf_svm_full_baseline_13_C_10_gamma_scale,VisualCogA_Task-2
VisualCogA_Task-2,11,1,1,0.929583433888588,raw_qc_pass,cue_locked,round1::rbf_svm_full_baseline_13_C_10_gamma_scale,VisualCogA_Task-2
VisualCogA_Task-2,12,1,-1,-1.1134998590298055,raw_qc_pass,cue_locked,round1::rbf_svm_full_baseline_13_C_10_gamma_scale,VisualCogA_Task-2
VisualCogA_Task-2,13,-1,1,1.4968203561778488,raw_qc_pass,cue_locked,round1::rbf_svm_full_baseline_13_C_10_gamma_scale,VisualCogA_Task-2
VisualCogA_Task-2,14,-1,-1,-2.354568465849696,raw_qc_pass,cue_locked,round1::rbf_svm_full_baseline_13_C_10_gamma_scale,VisualCogA_Task-2
VisualCogA_Task-2,15,-1,-1,-0.3790161529121889,raw_qc_pass,cue_locked,round1::rbf_svm_full_baseline_13_C_10_gamma_scale,VisualCogA_Task-2
VisualCogA_Task-2,16,1,1,0.24924565843598528,raw_qc_pass,cue_locked,round1::rbf_svm_full_baseline_13_C_10_gamma_scale,VisualCogA_Task-2
VisualCogA_Task-2,17,1,-1,-1.9401214130667148,raw_qc_pass,cue_locked,round1::rbf_svm_full_baseline_13_C_10_gamma_scale,VisualCogA_Task-2
VisualCogA_Task-2,18,-1,1,0.8794747069858102,raw_qc_pass,cue_locked,round1::rbf_svm_full_baseline_13_C_10_gamma_scale,VisualCogA_Task-2
VisualCogA_Task-2,19,-1,1,0.04386908735664613,raw_qc_pass,cue_locked,round1::rbf_svm_full_baseline_13_C_10_gamma_scale,VisualCogA_Task-2
VisualCogA_Task-2,20,1,-1,-2.8068259528338713,raw_qc_pass,cue_locked,round1::rbf_svm_full_baseline_13_C_10_gamma_scale,VisualCogA_Task-2
VisualCogA_Task-2,21,-1,-1,-2.1356096655241616,raw_qc_pass,cue_locked,round1::rbf_svm_full_baseline_13_C_10_gamma_scale,VisualCogA_Task-2
VisualCogA_Task-2,22,1,1,0.23038751077887004,raw_qc_pass,cue_locked,round1::rbf_svm_full_baseline_13_C_10_gamma_scale,VisualCogA_Task-2
VisualCogA_Task-2,23,1,-1,-2.828056298870247,raw_qc_pass,cue_locked,round1::rbf_svm_full_baseline_13_C_10_gamma_scale,VisualCogA_Task-2
VisualCogA_Task-2,24,-1,-1,-2.625385378091814,raw_qc_pass,cue_locked,round1::rbf_svm_full_baseline_13_C_10_gamma_scale,VisualCogA_Task-2
VisualCogA_Task-2,25,-1,1,1.397374185531741,raw_qc_pass,cue_locked,round1::rbf_svm_full_baseline_13_C_10_gamma_scale,VisualCogA_Task-2
VisualCogA_Task-2,26,1,1,0.15134361220742304,raw_qc_pass,cue_locked,round1::rbf_svm_full_baseline_13_C_10_gamma_scale,VisualCogA_Task-2
VisualCogA_Task-2,27,1,-1,-0.6281821181014673,raw_qc_pass,cue_locked,round1::rbf_svm_full_baseline_13_C_10_gamma_scale,VisualCogA_Task-2
VisualCogA_Task-2,28,1,1,0.26079346790203745,raw_qc_pass,cue_locked,round1::rbf_svm_full_baseline_13_C_10_gamma_scale,VisualCogA_Task-2
VisualCogA_Task-2,30,-1,-1,-1.5371584337802642,raw_qc_pass,cue_locked,round1::rbf_svm_full_baseline_13_C_10_gamma_scale,VisualCogA_Task-2
VisualCogA_Task-2,31,-1,1,0.7124902852951249,raw_qc_pass,cue_locked,round1::rbf_svm_full_baseline_13_C_10_gamma_scale,VisualCogA_Task-2
VisualCogA_Task-2,33,-1,1,0.2948117791305516,raw_qc_pass,cue_locked,round1::rbf_svm_full_baseline_13_C_10_gamma_scale,VisualCogA_Task-2
VisualCogA_Task-2,34,-1,1,1.1416668105240066,raw_qc_pass,cue_locked,round1::rbf_svm_full_baseline_13_C_10_gamma_scale,VisualCogA_Task-2
VisualCogA_Task-2,35,1,-1,-1.3674790191875694,raw_qc_pass,cue_locked,round1::rbf_svm_full_baseline_13_C_10_gamma_scale,VisualCogA_Task-2
VisualCogA_Task-2,36,1,-1,-0.5664497694817883,raw_qc_pass,cue_locked,round1::rbf_svm_full_baseline_13_C_10_gamma_scale,VisualCogA_Task-2
VisualCogA_Task-2,37,-1,1,1.48999618118345,raw_qc_pass,cue_locked,round1::rbf_svm_full_baseline_13_C_10_gamma_scale,VisualCogA_Task-2
VisualCogA_Task-2,38,1,1,0.3774652920631309,raw_qc_pass,cue_locked,round1::rbf_svm_full_baseline_13_C_10_gamma_scale,VisualCogA_Task-2
VisualCogA_Task-2,39,-1,1,1.3969241662767462,raw_qc_pass,cue_locked,round1::rbf_svm_full_baseline_13_C_10_gamma_scale,VisualCogA_Task-2
VisualCogA_Task-2,40,-1,-1,-1.716009893808781,raw_qc_pass,cue_locked,round1::rbf_svm_full_baseline_13_C_10_gamma_scale,VisualCogA_Task-2
VisualCogA_Task-2,41,-1,-1,-0.9346190105283185,raw_qc_pass,cue_locked,round1::rbf_svm_full_baseline_13_C_10_gamma_scale,VisualCogA_Task-2
VisualCogA_Task-2,42,-1,-1,-0.6052520913021315,raw_qc_pass,cue_locked,round1::rbf_svm_full_baseline_13_C_10_gamma_scale,VisualCogA_Task-2
VisualCogA_Task-2,43,-1,1,0.836847535076682,raw_qc_pass,cue_locked,round1::rbf_svm_full_baseline_13_C_10_gamma_scale,VisualCogA_Task-2
VisualCogA_Task-2,45,-1,1,1.14907795690989,raw_qc_pass,cue_locked,round1::rbf_svm_full_baseline_13_C_10_gamma_scale,VisualCogA_Task-2
VisualCogA_Task-2,46,-1,-1,-0.1967343774277694,raw_qc_pass,cue_locked,round1::rbf_svm_full_baseline_13_C_10_gamma_scale,VisualCogA_Task-2
VisualCogA_Task-2,47,-1,-1,-1.7269300213560783,raw_qc_pass,cue_locked,round1::rbf_svm_full_baseline_13_C_10_gamma_scale,VisualCogA_Task-2
VisualCogA_Task-2,48,1,1,0.013958434192260338,raw_qc_pass,cue_locked,round1::rbf_svm_full_baseline_13_C_10_gamma_scale,VisualCogA_Task-2
VisualCogA_Task-2,49,1,-1,-1.2024990760395842,raw_qc_pass,cue_locked,round1::rbf_svm_full_baseline_13_C_10_gamma_scale,VisualCogA_Task-2
VisualCogA_Task-2,50,-1,-1,-1.5084144110318467,raw_qc_pass,cue_locked,round1::rbf_svm_full_baseline_13_C_10_gamma_scale,VisualCogA_Task-2
VisualCogA_Task-2,51,1,1,0.6774644252313704,raw_qc_pass,cue_locked,round1::rbf_svm_full_baseline_13_C_10_gamma_scale,VisualCogA_Task-2
VisualCogA_Task-2,52,1,-1,-0.8973823948927409,raw_qc_pass,cue_locked,round1::rbf_svm_full_baseline_13_C_10_gamma_scale,VisualCogA_Task-2
VisualCogA_Task-2,53,-1,-1,-0.8120354320945318,raw_qc_pass,cue_locked,round1::rbf_svm_full_baseline_13_C_10_gamma_scale,VisualCogA_Task-2
VisualCogA_Task-2,54,-1,-1,-1.424659150515094,raw_qc_pass,cue_locked,round1::rbf_svm_full_baseline_13_C_10_gamma_scale,VisualCogA_Task-2
VisualCogA_Task-2,55,1,1,0.1875948993419428,raw_qc_pass,cue_locked,round1::rbf_svm_full_baseline_13_C_10_gamma_scale,VisualCogA_Task-2
VisualCogA_Task-2,56,1,-1,-0.749216997190246,raw_qc_pass,cue_locked,round1::rbf_svm_full_baseline_13_C_10_gamma_scale,VisualCogA_Task-2
VisualCogA_Task-2,57,1,-1,-0.6912406883723279,raw_qc_pass,cue_locked,round1::rbf_svm_full_baseline_13_C_10_gamma_scale,VisualCogA_Task-2
VisualCogA_Task-2,58,1,-1,-0.5441564887065173,raw_qc_pass,cue_locked,round1::rbf_svm_full_baseline_13_C_10_gamma_scale,VisualCogA_Task-2
VisualCogA_Task-2,59,1,1,1.2152166923441914,raw_qc_pass,cue_locked,round1::rbf_svm_full_baseline_13_C_10_gamma_scale,VisualCogA_Task-2
VisualCogA_Task-2,60,-1,-1,-0.3339172616923218,raw_qc_pass,cue_locked,round1::rbf_svm_full_baseline_13_C_10_gamma_scale,VisualCogA_Task-2
VisualCogA_Task-2,61,1,-1,-1.064486548352413,raw_qc_pass,cue_locked,round1::rbf_svm_full_baseline_13_C_10_gamma_scale,VisualCogA_Task-2
VisualCogA_Task-2,62,-1,-1,-0.3391643149042515,raw_qc_pass,cue_locked,round1::rbf_svm_full_baseline_13_C_10_gamma_scale,VisualCogA_Task-2
VisualCogA_Task-2,63,-1,1,1.1470941821713183,raw_qc_pass,cue_locked,round1::rbf_svm_full_baseline_13_C_10_gamma_scale,VisualCogA_Task-2
VisualCogA_Task-2,64,1,-1,-1.7148047503033157,raw_qc_pass,cue_locked,round1::rbf_svm_full_baseline_13_C_10_gamma_scale,VisualCogA_Task-2
VisualCogA_Task-2,65,-1,-1,-2.6124988919185066,raw_qc_pass,cue_locked,round1::rbf_svm_full_baseline_13_C_10_gamma_scale,VisualCogA_Task-2
VisualCogA_Task-2,66,1,1,1.4612968474702484,raw_qc_pass,cue_locked,round1::rbf_svm_full_baseline_13_C_10_gamma_scale,VisualCogA_Task-2
VisualCogA_Task-2,67,1,1,0.30431414434224263,raw_qc_pass,cue_locked,round1::rbf_svm_full_baseline_13_C_10_gamma_scale,VisualCogA_Task-2
VisualCogA_Task-2,68,-1,1,1.0609885752213042,raw_qc_pass,cue_locked,round1::rbf_svm_full_baseline_13_C_10_gamma_scale,VisualCogA_Task-2
VisualCogA_Task-2,69,-1,1,0.8572632529810782,raw_qc_pass,cue_locked,round1::rbf_svm_full_baseline_13_C_10_gamma_scale,VisualCogA_Task-2
VisualCogA_Task-2,70,1,-1,-0.6903998071711961,raw_qc_pass,cue_locked,round1::rbf_svm_full_baseline_13_C_10_gamma_scale,VisualCogA_Task-2
VisualCogA_Task-2,71,1,-1,-1.0046798975353697,raw_qc_pass,cue_locked,round1::rbf_svm_full_baseline_13_C_10_gamma_scale,VisualCogA_Task-2
VisualCogA_Task-2,72,1,-1,-0.9144217103055754,raw_qc_pass,cue_locked,round1::rbf_svm_full_baseline_13_C_10_gamma_scale,VisualCogA_Task-2
VisualCogA_Task-2,73,1,1,1.1818007222083673,raw_qc_pass,cue_locked,round1::rbf_svm_full_baseline_13_C_10_gamma_scale,VisualCogA_Task-2
VisualCogA_Task-2,74,-1,-1,-0.979789301551975,raw_qc_pass,cue_locked,round1::rbf_svm_full_baseline_13_C_10_gamma_scale,VisualCogA_Task-2
VisualCogA_Task-2,75,-1,-1,-0.7234733300783873,raw_qc_pass,cue_locked,round1::rbf_svm_full_baseline_13_C_10_gamma_scale,VisualCogA_Task-2
VisualCogA_Task-2,76,-1,-1,-0.053488638694558055,raw_qc_pass,cue_locked,round1::rbf_svm_full_baseline_13_C_10_gamma_scale,VisualCogA_Task-2
VisualCogA_Task-2,77,1,1,0.6174732494703343,raw_qc_pass,cue_locked,round1::rbf_svm_full_baseline_13_C_10_gamma_scale,VisualCogA_Task-2
VisualCogA_Task-2,78,-1,1,0.29299272787798786,raw_qc_pass,cue_locked,round1::rbf_svm_full_baseline_13_C_10_gamma_scale,VisualCogA_Task-2
VisualCogA_Task-2,79,1,-1,-1.0260564576913502,raw_qc_pass,cue_locked,round1::rbf_svm_full_baseline_13_C_10_gamma_scale,VisualCogA_Task-2
VisualCogA_Task-2,80,-1,-1,-1.3904723111442565,raw_qc_pass,cue_locked,round1::rbf_svm_full_baseline_13_C_10_gamma_scale,VisualCogA_Task-2
VisualCogA_Task-2,81,1,-1,-0.20982994742040323,raw_qc_pass,cue_locked,round1::rbf_svm_full_baseline_13_C_10_gamma_scale,VisualCogA_Task-2
VisualCogA_Task-2,82,1,-1,-0.4824607365619215,raw_qc_pass,cue_locked,round1::rbf_svm_full_baseline_13_C_10_gamma_scale,VisualCogA_Task-2
VisualCogA_Task-2,83,-1,1,0.5943619464238805,raw_qc_pass,cue_locked,round1::rbf_svm_full_baseline_13_C_10_gamma_scale,VisualCogA_Task-2
VisualCogA_Task-2,84,1,1,0.0041023828466409396,raw_qc_pass,cue_locked,round1::rbf_svm_full_baseline_13_C_10_gamma_scale,VisualCogA_Task-2
VisualCogA_Task-2,86,-1,1,1.5867203669034804,raw_qc_pass,cue_locked,round1::rbf_svm_full_baseline_13_C_10_gamma_scale,VisualCogA_Task-2
VisualCogA_Task-2,87,1,1,1.654369391498168,raw_qc_pass,cue_locked,round1::rbf_svm_full_baseline_13_C_10_gamma_scale,VisualCogA_Task-2
VisualCogA_Task-2,88,-1,-1,-0.9222799202408274,raw_qc_pass,cue_locked,round1::rbf_svm_full_baseline_13_C_10_gamma_scale,VisualCogA_Task-2
VisualCogA_Task-2,89,-1,1,0.1186529687229248,raw_qc_pass,cue_locked,round1::rbf_svm_full_baseline_13_C_10_gamma_scale,VisualCogA_Task-2
VisualCogA_Task-2,90,-1,1,0.45398287693612965,raw_qc_pass,cue_locked,round1::rbf_svm_full_baseline_13_C_10_gamma_scale,VisualCogA_Task-2
VisualCogA_Task-2,91,-1,-1,-1.9015492515516776,raw_qc_pass,cue_locked,round1::rbf_svm_full_baseline_13_C_10_gamma_scale,VisualCogA_Task-2
VisualCogA_Task-2,92,1,-1,-0.7564336145583506,raw_qc_pass,cue_locked,round1::rbf_svm_full_baseline_13_C_10_gamma_scale,VisualCogA_Task-2
VisualCogA_Task-2,93,-1,1,0.16625528017454988,raw_qc_pass,cue_locked,round1::rbf_svm_full_baseline_13_C_10_gamma_scale,VisualCogA_Task-2
VisualCogA_Task-2,94,-1,1,0.929206182940274,raw_qc_pass,cue_locked,round1::rbf_svm_full_baseline_13_C_10_gamma_scale,VisualCogA_Task-2
VisualCogA_Task-2,95,-1,-1,-0.8213950384620212,raw_qc_pass,cue_locked,round1::rbf_svm_full_baseline_13_C_10_gamma_scale,VisualCogA_Task-2
VisualCogA_Task-2,96,-1,1,0.5684969922648493,raw_qc_pass,cue_locked,round1::rbf_svm_full_baseline_13_C_10_gamma_scale,VisualCogA_Task-2
VisualCogA_Task-2,97,-1,-1,-0.40856142937232737,raw_qc_pass,cue_locked,round1::rbf_svm_full_baseline_13_C_10_gamma_scale,VisualCogA_Task-2
VisualCogA_Task-2,98,-1,1,0.6600456706152602,raw_qc_pass,cue_locked,round1::rbf_svm_full_baseline_13_C_10_gamma_scale,VisualCogA_Task-2
VisualCogA_Task-2,99,-1,-1,-0.40719172349980876,raw_qc_pass,cue_locked,round1::rbf_svm_full_baseline_13_C_10_gamma_scale,VisualCogA_Task-2
VisualCogB_Task-1,0,-1,-1,0.45989108497056,raw_qc_pass,cue_locked,temporal::logistic_erp_50ms_l2_100,VisualCogB_Task-1
VisualCogB_Task-1,1,-1,-1,0.47009400921651234,raw_qc_pass,cue_locked,temporal::logistic_erp_50ms_l2_100,VisualCogB_Task-1
VisualCogB_Task-1,2,1,-1,0.46263376423291536,raw_qc_pass,cue_locked,temporal::logistic_erp_50ms_l2_100,VisualCogB_Task-1
VisualCogB_Task-1,3,-1,-1,0.47671066866898776,raw_qc_pass,cue_locked,temporal::logistic_erp_50ms_l2_100,VisualCogB_Task-1
VisualCogB_Task-1,4,1,-1,0.437456022246538,raw_qc_pass,cue_locked,temporal::logistic_erp_50ms_l2_100,VisualCogB_Task-1
VisualCogB_Task-1,5,1,1,0.5928783626058305,raw_qc_pass,cue_locked,temporal::logistic_erp_50ms_l2_100,VisualCogB_Task-1
VisualCogB_Task-1,6,1,-1,0.47440780275629946,raw_qc_pass,cue_locked,temporal::logistic_erp_50ms_l2_100,VisualCogB_Task-1
VisualCogB_Task-1,7,-1,-1,0.43223417754790266,raw_qc_pass,cue_locked,temporal::logistic_erp_50ms_l2_100,VisualCogB_Task-1
VisualCogB_Task-1,8,-1,-1,0.4658101108757866,raw_qc_pass,cue_locked,temporal::logistic_erp_50ms_l2_100,VisualCogB_Task-1
VisualCogB_Task-1,9,-1,-1,0.4655579856757256,raw_qc_pass,cue_locked,temporal::logistic_erp_50ms_l2_100,VisualCogB_Task-1
VisualCogB_Task-1,10,1,-1,0.47326155653268603,raw_qc_pass,cue_locked,temporal::logistic_erp_50ms_l2_100,VisualCogB_Task-1
VisualCogB_Task-1,11,-1,-1,0.4667839868970577,raw_qc_pass,cue_locked,temporal::logistic_erp_50ms_l2_100,VisualCogB_Task-1
VisualCogB_Task-1,12,1,-1,0.45875716070048667,raw_qc_pass,cue_locked,temporal::logistic_erp_50ms_l2_100,VisualCogB_Task-1
VisualCogB_Task-1,13,1,-1,0.37725010523052,raw_qc_pass,cue_locked,temporal::logistic_erp_50ms_l2_100,VisualCogB_Task-1
VisualCogB_Task-1,14,-1,1,0.5489872383380392,raw_qc_pass,cue_locked,temporal::logistic_erp_50ms_l2_100,VisualCogB_Task-1
VisualCogB_Task-1,15,1,-1,0.4540984779257553,raw_qc_pass,cue_locked,temporal::logistic_erp_50ms_l2_100,VisualCogB_Task-1
VisualCogB_Task-1,16,-1,1,0.5021134715524952,raw_qc_pass,cue_locked,temporal::logistic_erp_50ms_l2_100,VisualCogB_Task-1
VisualCogB_Task-1,17,-1,-1,0.4999587345384364,raw_qc_pass,cue_locked,temporal::logistic_erp_50ms_l2_100,VisualCogB_Task-1
VisualCogB_Task-1,18,1,-1,0.46905906877161635,raw_qc_pass,cue_locked,temporal::logistic_erp_50ms_l2_100,VisualCogB_Task-1
VisualCogB_Task-1,19,-1,-1,0.4723389991342177,raw_qc_pass,cue_locked,temporal::logistic_erp_50ms_l2_100,VisualCogB_Task-1
VisualCogB_Task-1,20,1,-1,0.491757147594866,raw_qc_pass,cue_locked,temporal::logistic_erp_50ms_l2_100,VisualCogB_Task-1
VisualCogB_Task-1,21,1,-1,0.47052573242089424,raw_qc_pass,cue_locked,temporal::logistic_erp_50ms_l2_100,VisualCogB_Task-1
VisualCogB_Task-1,22,1,-1,0.48350896093172274,raw_qc_pass,cue_locked,temporal::logistic_erp_50ms_l2_100,VisualCogB_Task-1
VisualCogB_Task-1,23,1,1,0.5159030738614713,raw_qc_pass,cue_locked,temporal::logistic_erp_50ms_l2_100,VisualCogB_Task-1
VisualCogB_Task-1,24,1,-1,0.3161544211401876,raw_qc_pass,cue_locked,temporal::logistic_erp_50ms_l2_100,VisualCogB_Task-1
VisualCogB_Task-1,25,1,-1,0.47661518880481024,raw_qc_pass,cue_locked,temporal::logistic_erp_50ms_l2_100,VisualCogB_Task-1
VisualCogB_Task-1,26,1,-1,0.4261253727478873,raw_qc_pass,cue_locked,temporal::logistic_erp_50ms_l2_100,VisualCogB_Task-1
VisualCogB_Task-1,27,1,1,0.5420838857487194,raw_qc_pass,cue_locked,temporal::logistic_erp_50ms_l2_100,VisualCogB_Task-1
VisualCogB_Task-1,28,1,-1,0.473677170006858,raw_qc_pass,cue_locked,temporal::logistic_erp_50ms_l2_100,VisualCogB_Task-1
VisualCogB_Task-1,29,-1,-1,0.4743696973067529,raw_qc_pass,cue_locked,temporal::logistic_erp_50ms_l2_100,VisualCogB_Task-1
VisualCogB_Task-1,30,1,1,0.5045782081894775,raw_qc_pass,cue_locked,temporal::logistic_erp_50ms_l2_100,VisualCogB_Task-1
VisualCogB_Task-1,31,-1,-1,0.406386963859926,raw_qc_pass,cue_locked,temporal::logistic_erp_50ms_l2_100,VisualCogB_Task-1
VisualCogB_Task-1,32,-1,-1,0.4898445534168317,raw_qc_pass,cue_locked,temporal::logistic_erp_50ms_l2_100,VisualCogB_Task-1
VisualCogB_Task-1,33,1,-1,0.4798031208982741,raw_qc_pass,cue_locked,temporal::logistic_erp_50ms_l2_100,VisualCogB_Task-1
VisualCogB_Task-1,34,-1,-1,0.49974525236079304,raw_qc_pass,cue_locked,temporal::logistic_erp_50ms_l2_100,VisualCogB_Task-1
VisualCogB_Task-1,36,-1,-1,0.4324995273740098,raw_qc_pass,cue_locked,temporal::logistic_erp_50ms_l2_100,VisualCogB_Task-1
VisualCogB_Task-1,37,-1,-1,0.40066905190146385,raw_qc_pass,cue_locked,temporal::logistic_erp_50ms_l2_100,VisualCogB_Task-1
VisualCogB_Task-1,38,1,-1,0.4765919110555591,raw_qc_pass,cue_locked,temporal::logistic_erp_50ms_l2_100,VisualCogB_Task-1
VisualCogB_Task-1,39,1,-1,0.4300521733459979,raw_qc_pass,cue_locked,temporal::logistic_erp_50ms_l2_100,VisualCogB_Task-1
VisualCogB_Task-1,40,-1,-1,0.49110133632739306,raw_qc_pass,cue_locked,temporal::logistic_erp_50ms_l2_100,VisualCogB_Task-1
VisualCogB_Task-1,41,1,-1,0.49829974026367185,raw_qc_pass,cue_locked,temporal::logistic_erp_50ms_l2_100,VisualCogB_Task-1
VisualCogB_Task-1,42,1,-1,0.46208504546388435,raw_qc_pass,cue_locked,temporal::logistic_erp_50ms_l2_100,VisualCogB_Task-1
VisualCogB_Task-1,43,1,-1,0.4388502512038231,raw_qc_pass,cue_locked,temporal::logistic_erp_50ms_l2_100,VisualCogB_Task-1
VisualCogB_Task-1,44,1,-1,0.46863254332797244,raw_qc_pass,cue_locked,temporal::logistic_erp_50ms_l2_100,VisualCogB_Task-1
VisualCogB_Task-1,45,-1,1,0.5600094814306802,raw_qc_pass,cue_locked,temporal::logistic_erp_50ms_l2_100,VisualCogB_Task-1
VisualCogB_Task-1,46,-1,-1,0.40520428543103937,raw_qc_pass,cue_locked,temporal::logistic_erp_50ms_l2_100,VisualCogB_Task-1
VisualCogB_Task-1,47,1,1,0.5770787798484823,raw_qc_pass,cue_locked,temporal::logistic_erp_50ms_l2_100,VisualCogB_Task-1
VisualCogB_Task-1,48,1,-1,0.4336102050854384,raw_qc_pass,cue_locked,temporal::logistic_erp_50ms_l2_100,VisualCogB_Task-1
VisualCogB_Task-1,49,-1,-1,0.2864850728313995,raw_qc_pass,cue_locked,temporal::logistic_erp_50ms_l2_100,VisualCogB_Task-1
VisualCogB_Task-1,50,1,-1,0.39687310130272213,raw_qc_pass,cue_locked,temporal::logistic_erp_50ms_l2_100,VisualCogB_Task-1
VisualCogB_Task-1,51,-1,-1,0.4743500481115331,raw_qc_pass,cue_locked,temporal::logistic_erp_50ms_l2_100,VisualCogB_Task-1
VisualCogB_Task-1,52,1,-1,0.4554485472909081,raw_qc_pass,cue_locked,temporal::logistic_erp_50ms_l2_100,VisualCogB_Task-1
VisualCogB_Task-1,54,1,-1,0.4929771754966301,raw_qc_pass,cue_locked,temporal::logistic_erp_50ms_l2_100,VisualCogB_Task-1
VisualCogB_Task-1,55,-1,-1,0.48309688634825565,raw_qc_pass,cue_locked,temporal::logistic_erp_50ms_l2_100,VisualCogB_Task-1
VisualCogB_Task-1,56,1,-1,0.4577237623917393,raw_qc_pass,cue_locked,temporal::logistic_erp_50ms_l2_100,VisualCogB_Task-1
VisualCogB_Task-1,57,1,1,0.604145842305986,raw_qc_pass,cue_locked,temporal::logistic_erp_50ms_l2_100,VisualCogB_Task-1
VisualCogB_Task-1,58,1,-1,0.4660047258263456,raw_qc_pass,cue_locked,temporal::logistic_erp_50ms_l2_100,VisualCogB_Task-1
VisualCogB_Task-1,59,1,-1,0.46939248748899864,raw_qc_pass,cue_locked,temporal::logistic_erp_50ms_l2_100,VisualCogB_Task-1
VisualCogB_Task-1,60,-1,1,0.5038811301802628,raw_qc_pass,cue_locked,temporal::logistic_erp_50ms_l2_100,VisualCogB_Task-1
VisualCogB_Task-1,61,-1,-1,0.46898778825891285,raw_qc_pass,cue_locked,temporal::logistic_erp_50ms_l2_100,VisualCogB_Task-1
VisualCogB_Task-1,62,1,1,0.5847007150925523,raw_qc_pass,cue_locked,temporal::logistic_erp_50ms_l2_100,VisualCogB_Task-1
VisualCogB_Task-1,63,-1,-1,0.49283264445171104,raw_qc_pass,cue_locked,temporal::logistic_erp_50ms_l2_100,VisualCogB_Task-1
VisualCogB_Task-1,64,-1,-1,0.49617739500793007,raw_qc_pass,cue_locked,temporal::logistic_erp_50ms_l2_100,VisualCogB_Task-1
VisualCogB_Task-1,65,-1,-1,0.4039616854911372,raw_qc_pass,cue_locked,temporal::logistic_erp_50ms_l2_100,VisualCogB_Task-1
VisualCogB_Task-1,66,1,-1,0.49728301425884563,raw_qc_pass,cue_locked,temporal::logistic_erp_50ms_l2_100,VisualCogB_Task-1
VisualCogB_Task-1,67,1,1,0.5037092082529193,raw_qc_pass,cue_locked,temporal::logistic_erp_50ms_l2_100,VisualCogB_Task-1
VisualCogB_Task-1,68,-1,1,0.5234859462355209,raw_qc_pass,cue_locked,temporal::logistic_erp_50ms_l2_100,VisualCogB_Task-1
VisualCogB_Task-1,69,-1,-1,0.443421077029937,raw_qc_pass,cue_locked,temporal::logistic_erp_50ms_l2_100,VisualCogB_Task-1
VisualCogB_Task-1,70,1,1,0.5534230877619136,raw_qc_pass,cue_locked,temporal::logistic_erp_50ms_l2_100,VisualCogB_Task-1
VisualCogB_Task-1,71,1,-1,0.4765715013585933,raw_qc_pass,cue_locked,temporal::logistic_erp_50ms_l2_100,VisualCogB_Task-1
VisualCogB_Task-1,72,-1,-1,0.47873520973406625,raw_qc_pass,cue_locked,temporal::logistic_erp_50ms_l2_100,VisualCogB_Task-1
VisualCogB_Task-1,73,-1,-1,0.4275365689733746,raw_qc_pass,cue_locked,temporal::logistic_erp_50ms_l2_100,VisualCogB_Task-1
VisualCogB_Task-1,74,1,-1,0.45802099097740684,raw_qc_pass,cue_locked,temporal::logistic_erp_50ms_l2_100,VisualCogB_Task-1
VisualCogB_Task-1,75,-1,-1,0.4923598726714954,raw_qc_pass,cue_locked,temporal::logistic_erp_50ms_l2_100,VisualCogB_Task-1
VisualCogB_Task-1,76,-1,-1,0.4769326047618484,raw_qc_pass,cue_locked,temporal::logistic_erp_50ms_l2_100,VisualCogB_Task-1
VisualCogB_Task-1,77,-1,-1,0.45611461640949663,raw_qc_pass,cue_locked,temporal::logistic_erp_50ms_l2_100,VisualCogB_Task-1
VisualCogB_Task-1,78,1,-1,0.4803358793722592,raw_qc_pass,cue_locked,temporal::logistic_erp_50ms_l2_100,VisualCogB_Task-1
VisualCogB_Task-1,79,-1,-1,0.49409664121236524,raw_qc_pass,cue_locked,temporal::logistic_erp_50ms_l2_100,VisualCogB_Task-1
VisualCogB_Task-1,80,-1,-1,0.46337817605156884,raw_qc_pass,cue_locked,temporal::logistic_erp_50ms_l2_100,VisualCogB_Task-1
VisualCogB_Task-1,81,1,-1,0.43736594490304215,raw_qc_pass,cue_locked,temporal::logistic_erp_50ms_l2_100,VisualCogB_Task-1
VisualCogB_Task-1,82,-1,-1,0.47829837422534266,raw_qc_pass,cue_locked,temporal::logistic_erp_50ms_l2_100,VisualCogB_Task-1
VisualCogB_Task-1,83,-1,-1,0.4614970705040142,raw_qc_pass,cue_locked,temporal::logistic_erp_50ms_l2_100,VisualCogB_Task-1
VisualCogB_Task-1,84,1,-1,0.457032452672747,raw_qc_pass,cue_locked,temporal::logistic_erp_50ms_l2_100,VisualCogB_Task-1
VisualCogB_Task-1,85,-1,-1,0.44639557755278564,raw_qc_pass,cue_locked,temporal::logistic_erp_50ms_l2_100,VisualCogB_Task-1
VisualCogB_Task-1,86,-1,-1,0.4872795001742336,raw_qc_pass,cue_locked,temporal::logistic_erp_50ms_l2_100,VisualCogB_Task-1
VisualCogB_Task-1,87,1,1,0.7349445977869263,raw_qc_pass,cue_locked,temporal::logistic_erp_50ms_l2_100,VisualCogB_Task-1
VisualCogB_Task-1,88,-1,1,0.5022412465907914,raw_qc_pass,cue_locked,temporal::logistic_erp_50ms_l2_100,VisualCogB_Task-1
VisualCogB_Task-1,89,-1,-1,0.48595642796394495,raw_qc_pass,cue_locked,temporal::logistic_erp_50ms_l2_100,VisualCogB_Task-1
VisualCogB_Task-1,90,1,1,0.5018394459558136,raw_qc_pass,cue_locked,temporal::logistic_erp_50ms_l2_100,VisualCogB_Task-1
VisualCogB_Task-1,91,1,-1,0.21582170085812818,raw_qc_pass,cue_locked,temporal::logistic_erp_50ms_l2_100,VisualCogB_Task-1
VisualCogB_Task-1,92,-1,-1,0.4729511182959659,raw_qc_pass,cue_locked,temporal::logistic_erp_50ms_l2_100,VisualCogB_Task-1
VisualCogB_Task-1,93,1,-1,0.42677330847854356,raw_qc_pass,cue_locked,temporal::logistic_erp_50ms_l2_100,VisualCogB_Task-1
VisualCogB_Task-1,94,-1,-1,0.4426387601724538,raw_qc_pass,cue_locked,temporal::logistic_erp_50ms_l2_100,VisualCogB_Task-1
VisualCogB_Task-1,95,1,-1,0.47606260447291215,raw_qc_pass,cue_locked,temporal::logistic_erp_50ms_l2_100,VisualCogB_Task-1
VisualCogB_Task-1,96,-1,1,0.5102528676371811,raw_qc_pass,cue_locked,temporal::logistic_erp_50ms_l2_100,VisualCogB_Task-1
VisualCogB_Task-1,97,1,1,0.514533326747564,raw_qc_pass,cue_locked,temporal::logistic_erp_50ms_l2_100,VisualCogB_Task-1
VisualCogB_Task-1,98,1,-1,0.46548267515990355,raw_qc_pass,cue_locked,temporal::logistic_erp_50ms_l2_100,VisualCogB_Task-1
VisualCogB_Task-1,99,1,-1,0.4163338033104554,raw_qc_pass,cue_locked,temporal::logistic_erp_50ms_l2_100,VisualCogB_Task-1
VisualCogB_Task-2,0,-1,-1,0.47812963304924433,raw_qc_pass,cue_locked,round1::logistic_erp_only_3_l2_100,VisualCogB_Task-2
VisualCogB_Task-2,1,-1,-1,0.4877883420757751,raw_qc_pass,cue_locked,round1::logistic_erp_only_3_l2_100,VisualCogB_Task-2
VisualCogB_Task-2,2,-1,-1,0.4749389056176092,raw_qc_pass,cue_locked,round1::logistic_erp_only_3_l2_100,VisualCogB_Task-2
VisualCogB_Task-2,3,1,-1,0.4764682687003543,raw_qc_pass,cue_locked,round1::logistic_erp_only_3_l2_100,VisualCogB_Task-2
VisualCogB_Task-2,4,-1,-1,0.4797311205147537,raw_qc_pass,cue_locked,round1::logistic_erp_only_3_l2_100,VisualCogB_Task-2
VisualCogB_Task-2,5,1,-1,0.4843584218318433,raw_qc_pass,cue_locked,round1::logistic_erp_only_3_l2_100,VisualCogB_Task-2
VisualCogB_Task-2,6,1,-1,0.45369529922840435,raw_qc_pass,cue_locked,round1::logistic_erp_only_3_l2_100,VisualCogB_Task-2
VisualCogB_Task-2,7,1,-1,0.48573133896228493,raw_qc_pass,cue_locked,round1::logistic_erp_only_3_l2_100,VisualCogB_Task-2
VisualCogB_Task-2,8,1,-1,0.47490076100962375,raw_qc_pass,cue_locked,round1::logistic_erp_only_3_l2_100,VisualCogB_Task-2
VisualCogB_Task-2,9,-1,-1,0.4673913241930063,raw_qc_pass,cue_locked,round1::logistic_erp_only_3_l2_100,VisualCogB_Task-2
VisualCogB_Task-2,10,1,-1,0.48304485406916864,raw_qc_pass,cue_locked,round1::logistic_erp_only_3_l2_100,VisualCogB_Task-2
VisualCogB_Task-2,11,1,-1,0.48365623504408833,raw_qc_pass,cue_locked,round1::logistic_erp_only_3_l2_100,VisualCogB_Task-2
VisualCogB_Task-2,12,1,-1,0.48297805073625616,raw_qc_pass,cue_locked,round1::logistic_erp_only_3_l2_100,VisualCogB_Task-2
VisualCogB_Task-2,14,1,-1,0.4580839775734657,raw_qc_pass,cue_locked,round1::logistic_erp_only_3_l2_100,VisualCogB_Task-2
VisualCogB_Task-2,16,-1,-1,0.48430880903890633,raw_qc_pass,cue_locked,round1::logistic_erp_only_3_l2_100,VisualCogB_Task-2
VisualCogB_Task-2,17,1,-1,0.4697794391023702,raw_qc_pass,cue_locked,round1::logistic_erp_only_3_l2_100,VisualCogB_Task-2
VisualCogB_Task-2,18,1,-1,0.4728252620256159,raw_qc_pass,cue_locked,round1::logistic_erp_only_3_l2_100,VisualCogB_Task-2
VisualCogB_Task-2,19,-1,-1,0.4854681297120326,raw_qc_pass,cue_locked,round1::logistic_erp_only_3_l2_100,VisualCogB_Task-2
VisualCogB_Task-2,20,1,-1,0.4751184058227201,raw_qc_pass,cue_locked,round1::logistic_erp_only_3_l2_100,VisualCogB_Task-2
VisualCogB_Task-2,21,1,-1,0.4831238774649037,raw_qc_pass,cue_locked,round1::logistic_erp_only_3_l2_100,VisualCogB_Task-2
VisualCogB_Task-2,23,-1,-1,0.47514201051470745,raw_qc_pass,cue_locked,round1::logistic_erp_only_3_l2_100,VisualCogB_Task-2
VisualCogB_Task-2,24,-1,-1,0.4693434230777993,raw_qc_pass,cue_locked,round1::logistic_erp_only_3_l2_100,VisualCogB_Task-2
VisualCogB_Task-2,25,1,-1,0.4740086550333088,raw_qc_pass,cue_locked,round1::logistic_erp_only_3_l2_100,VisualCogB_Task-2
VisualCogB_Task-2,26,-1,-1,0.44997550809634324,raw_qc_pass,cue_locked,round1::logistic_erp_only_3_l2_100,VisualCogB_Task-2
VisualCogB_Task-2,27,-1,-1,0.47372560337464814,raw_qc_pass,cue_locked,round1::logistic_erp_only_3_l2_100,VisualCogB_Task-2
VisualCogB_Task-2,28,-1,-1,0.4691010344881328,raw_qc_pass,cue_locked,round1::logistic_erp_only_3_l2_100,VisualCogB_Task-2
VisualCogB_Task-2,29,1,-1,0.4689320856053859,raw_qc_pass,cue_locked,round1::logistic_erp_only_3_l2_100,VisualCogB_Task-2
VisualCogB_Task-2,30,1,-1,0.4812268389597619,raw_qc_pass,cue_locked,round1::logistic_erp_only_3_l2_100,VisualCogB_Task-2
VisualCogB_Task-2,31,1,-1,0.4626919925228458,raw_qc_pass,cue_locked,round1::logistic_erp_only_3_l2_100,VisualCogB_Task-2
VisualCogB_Task-2,32,1,-1,0.47531938797784995,raw_qc_pass,cue_locked,round1::logistic_erp_only_3_l2_100,VisualCogB_Task-2
VisualCogB_Task-2,33,1,-1,0.4765014563193414,raw_qc_pass,cue_locked,round1::logistic_erp_only_3_l2_100,VisualCogB_Task-2
VisualCogB_Task-2,34,-1,-1,0.4657805555108327,raw_qc_pass,cue_locked,round1::logistic_erp_only_3_l2_100,VisualCogB_Task-2
VisualCogB_Task-2,35,1,-1,0.48417053606023175,raw_qc_pass,cue_locked,round1::logistic_erp_only_3_l2_100,VisualCogB_Task-2
VisualCogB_Task-2,36,-1,-1,0.47551494557930535,raw_qc_pass,cue_locked,round1::logistic_erp_only_3_l2_100,VisualCogB_Task-2
VisualCogB_Task-2,37,-1,-1,0.49041399769641825,raw_qc_pass,cue_locked,round1::logistic_erp_only_3_l2_100,VisualCogB_Task-2
VisualCogB_Task-2,38,1,-1,0.47026354098709183,raw_qc_pass,cue_locked,round1::logistic_erp_only_3_l2_100,VisualCogB_Task-2
VisualCogB_Task-2,39,1,-1,0.4668422257147649,raw_qc_pass,cue_locked,round1::logistic_erp_only_3_l2_100,VisualCogB_Task-2
VisualCogB_Task-2,40,1,-1,0.4933123276679023,raw_qc_pass,cue_locked,round1::logistic_erp_only_3_l2_100,VisualCogB_Task-2
VisualCogB_Task-2,41,-1,-1,0.4726308091268567,raw_qc_pass,cue_locked,round1::logistic_erp_only_3_l2_100,VisualCogB_Task-2
VisualCogB_Task-2,43,1,-1,0.4726703141738828,raw_qc_pass,cue_locked,round1::logistic_erp_only_3_l2_100,VisualCogB_Task-2
VisualCogB_Task-2,44,-1,-1,0.48375040041848605,raw_qc_pass,cue_locked,round1::logistic_erp_only_3_l2_100,VisualCogB_Task-2
VisualCogB_Task-2,45,-1,-1,0.4757505152038621,raw_qc_pass,cue_locked,round1::logistic_erp_only_3_l2_100,VisualCogB_Task-2
VisualCogB_Task-2,46,1,-1,0.4664947630570792,raw_qc_pass,cue_locked,round1::logistic_erp_only_3_l2_100,VisualCogB_Task-2
VisualCogB_Task-2,47,-1,-1,0.46662101541901135,raw_qc_pass,cue_locked,round1::logistic_erp_only_3_l2_100,VisualCogB_Task-2
VisualCogB_Task-2,48,1,-1,0.46257224834643,raw_qc_pass,cue_locked,round1::logistic_erp_only_3_l2_100,VisualCogB_Task-2
VisualCogB_Task-2,50,-1,-1,0.46639454999449664,raw_qc_pass,cue_locked,round1::logistic_erp_only_3_l2_100,VisualCogB_Task-2
VisualCogB_Task-2,51,-1,-1,0.4798394222182288,raw_qc_pass,cue_locked,round1::logistic_erp_only_3_l2_100,VisualCogB_Task-2
VisualCogB_Task-2,52,1,-1,0.47361757356581086,raw_qc_pass,cue_locked,round1::logistic_erp_only_3_l2_100,VisualCogB_Task-2
VisualCogB_Task-2,54,1,-1,0.4797938985546542,raw_qc_pass,cue_locked,round1::logistic_erp_only_3_l2_100,VisualCogB_Task-2
VisualCogB_Task-2,55,-1,-1,0.4281206012250058,raw_qc_pass,cue_locked,round1::logistic_erp_only_3_l2_100,VisualCogB_Task-2
VisualCogB_Task-2,56,-1,-1,0.49472273936260613,raw_qc_pass,cue_locked,round1::logistic_erp_only_3_l2_100,VisualCogB_Task-2
VisualCogB_Task-2,57,-1,-1,0.4813251679081941,raw_qc_pass,cue_locked,round1::logistic_erp_only_3_l2_100,VisualCogB_Task-2
VisualCogB_Task-2,58,-1,-1,0.44970330245465,raw_qc_pass,cue_locked,round1::logistic_erp_only_3_l2_100,VisualCogB_Task-2
VisualCogB_Task-2,59,-1,-1,0.4656963933088926,raw_qc_pass,cue_locked,round1::logistic_erp_only_3_l2_100,VisualCogB_Task-2
VisualCogB_Task-2,60,-1,-1,0.4775551969714263,raw_qc_pass,cue_locked,round1::logistic_erp_only_3_l2_100,VisualCogB_Task-2
VisualCogB_Task-2,61,1,-1,0.4705595540510166,raw_qc_pass,cue_locked,round1::logistic_erp_only_3_l2_100,VisualCogB_Task-2
VisualCogB_Task-2,62,-1,-1,0.46711241272812626,raw_qc_pass,cue_locked,round1::logistic_erp_only_3_l2_100,VisualCogB_Task-2
VisualCogB_Task-2,63,-1,-1,0.4670106251786829,raw_qc_pass,cue_locked,round1::logistic_erp_only_3_l2_100,VisualCogB_Task-2
VisualCogB_Task-2,64,1,-1,0.47458425741979293,raw_qc_pass,cue_locked,round1::logistic_erp_only_3_l2_100,VisualCogB_Task-2
VisualCogB_Task-2,65,1,-1,0.4631664877642406,raw_qc_pass,cue_locked,round1::logistic_erp_only_3_l2_100,VisualCogB_Task-2
VisualCogB_Task-2,66,1,-1,0.4604347082568645,raw_qc_pass,cue_locked,round1::logistic_erp_only_3_l2_100,VisualCogB_Task-2
VisualCogB_Task-2,67,1,-1,0.4803425151722489,raw_qc_pass,cue_locked,round1::logistic_erp_only_3_l2_100,VisualCogB_Task-2
VisualCogB_Task-2,68,-1,-1,0.4774819566813157,raw_qc_pass,cue_locked,round1::logistic_erp_only_3_l2_100,VisualCogB_Task-2
VisualCogB_Task-2,69,-1,-1,0.4915968341713518,raw_qc_pass,cue_locked,round1::logistic_erp_only_3_l2_100,VisualCogB_Task-2
VisualCogB_Task-2,70,1,-1,0.46145883502990587,raw_qc_pass,cue_locked,round1::logistic_erp_only_3_l2_100,VisualCogB_Task-2
VisualCogB_Task-2,71,1,-1,0.46550320817446184,raw_qc_pass,cue_locked,round1::logistic_erp_only_3_l2_100,VisualCogB_Task-2
VisualCogB_Task-2,72,1,-1,0.4826118166071361,raw_qc_pass,cue_locked,round1::logistic_erp_only_3_l2_100,VisualCogB_Task-2
VisualCogB_Task-2,73,-1,-1,0.46639381268348107,raw_qc_pass,cue_locked,round1::logistic_erp_only_3_l2_100,VisualCogB_Task-2
VisualCogB_Task-2,74,-1,-1,0.4601540354388979,raw_qc_pass,cue_locked,round1::logistic_erp_only_3_l2_100,VisualCogB_Task-2
VisualCogB_Task-2,75,1,-1,0.4577885747260015,raw_qc_pass,cue_locked,round1::logistic_erp_only_3_l2_100,VisualCogB_Task-2
VisualCogB_Task-2,76,1,-1,0.47091790968165786,raw_qc_pass,cue_locked,round1::logistic_erp_only_3_l2_100,VisualCogB_Task-2
VisualCogB_Task-2,77,-1,-1,0.4856615665492641,raw_qc_pass,cue_locked,round1::logistic_erp_only_3_l2_100,VisualCogB_Task-2
VisualCogB_Task-2,78,-1,-1,0.46217170122024326,raw_qc_pass,cue_locked,round1::logistic_erp_only_3_l2_100,VisualCogB_Task-2
VisualCogB_Task-2,79,-1,-1,0.469008854291972,raw_qc_pass,cue_locked,round1::logistic_erp_only_3_l2_100,VisualCogB_Task-2
VisualCogB_Task-2,80,1,-1,0.48448776981460884,raw_qc_pass,cue_locked,round1::logistic_erp_only_3_l2_100,VisualCogB_Task-2
VisualCogB_Task-2,82,1,-1,0.4780717278465321,raw_qc_pass,cue_locked,round1::logistic_erp_only_3_l2_100,VisualCogB_Task-2
VisualCogB_Task-2,83,-1,-1,0.4814390295985832,raw_qc_pass,cue_locked,round1::logistic_erp_only_3_l2_100,VisualCogB_Task-2
VisualCogB_Task-2,84,-1,1,0.5555229217613156,raw_qc_pass,cue_locked,round1::logistic_erp_only_3_l2_100,VisualCogB_Task-2
VisualCogB_Task-2,85,1,-1,0.47123091027299197,raw_qc_pass,cue_locked,round1::logistic_erp_only_3_l2_100,VisualCogB_Task-2
VisualCogB_Task-2,86,-1,-1,0.467744021557349,raw_qc_pass,cue_locked,round1::logistic_erp_only_3_l2_100,VisualCogB_Task-2
VisualCogB_Task-2,87,1,-1,0.48156322499690635,raw_qc_pass,cue_locked,round1::logistic_erp_only_3_l2_100,VisualCogB_Task-2
VisualCogB_Task-2,88,-1,-1,0.45699413381230786,raw_qc_pass,cue_locked,round1::logistic_erp_only_3_l2_100,VisualCogB_Task-2
VisualCogB_Task-2,89,1,-1,0.47044203190715383,raw_qc_pass,cue_locked,round1::logistic_erp_only_3_l2_100,VisualCogB_Task-2
VisualCogB_Task-2,90,-1,-1,0.43926423079023064,raw_qc_pass,cue_locked,round1::logistic_erp_only_3_l2_100,VisualCogB_Task-2
VisualCogB_Task-2,91,-1,-1,0.49045999060473894,raw_qc_pass,cue_locked,round1::logistic_erp_only_3_l2_100,VisualCogB_Task-2
VisualCogB_Task-2,92,1,-1,0.4733612679242347,raw_qc_pass,cue_locked,round1::logistic_erp_only_3_l2_100,VisualCogB_Task-2
VisualCogB_Task-2,93,-1,-1,0.47629822453099013,raw_qc_pass,cue_locked,round1::logistic_erp_only_3_l2_100,VisualCogB_Task-2
VisualCogB_Task-2,94,1,-1,0.46972339130343976,raw_qc_pass,cue_locked,round1::logistic_erp_only_3_l2_100,VisualCogB_Task-2
VisualCogB_Task-2,95,1,-1,0.4383511827146616,raw_qc_pass,cue_locked,round1::logistic_erp_only_3_l2_100,VisualCogB_Task-2
VisualCogB_Task-2,96,-1,-1,0.48464433880021496,raw_qc_pass,cue_locked,round1::logistic_erp_only_3_l2_100,VisualCogB_Task-2
VisualCogB_Task-2,97,-1,-1,0.47264445814934,raw_qc_pass,cue_locked,round1::logistic_erp_only_3_l2_100,VisualCogB_Task-2
VisualCogB_Task-2,98,1,-1,0.4795881106354554,raw_qc_pass,cue_locked,round1::logistic_erp_only_3_l2_100,VisualCogB_Task-2
VisualCogB_Task-2,99,-1,-1,0.4844599346484267,raw_qc_pass,cue_locked,round1::logistic_erp_only_3_l2_100,VisualCogB_Task-2
VisualCogA_Task-1,0,-1,1,0.6681738809086166,q1_quality_matched,cue_locked,temporal::logistic_erp_50ms_l2_1,VisualCogA_Task-1
VisualCogA_Task-1,1,1,1,0.6343661120452936,q1_quality_matched,cue_locked,temporal::logistic_erp_50ms_l2_1,VisualCogA_Task-1
VisualCogA_Task-1,4,1,1,0.6153203291825244,q1_quality_matched,cue_locked,temporal::logistic_erp_50ms_l2_1,VisualCogA_Task-1
VisualCogA_Task-1,5,-1,1,0.5617019178895444,q1_quality_matched,cue_locked,temporal::logistic_erp_50ms_l2_1,VisualCogA_Task-1
VisualCogA_Task-1,6,-1,-1,0.45495576718895875,q1_quality_matched,cue_locked,temporal::logistic_erp_50ms_l2_1,VisualCogA_Task-1
VisualCogA_Task-1,7,-1,-1,0.38112108058600824,q1_quality_matched,cue_locked,temporal::logistic_erp_50ms_l2_1,VisualCogA_Task-1
VisualCogA_Task-1,8,1,1,0.677088641918784,q1_quality_matched,cue_locked,temporal::logistic_erp_50ms_l2_1,VisualCogA_Task-1
VisualCogA_Task-1,9,1,-1,0.4060484914512755,q1_quality_matched,cue_locked,temporal::logistic_erp_50ms_l2_1,VisualCogA_Task-1
VisualCogA_Task-1,10,1,1,0.5791057603036752,q1_quality_matched,cue_locked,temporal::logistic_erp_50ms_l2_1,VisualCogA_Task-1
VisualCogA_Task-1,11,1,-1,0.4191007589739944,q1_quality_matched,cue_locked,temporal::logistic_erp_50ms_l2_1,VisualCogA_Task-1
VisualCogA_Task-1,12,-1,1,0.5686984022175228,q1_quality_matched,cue_locked,temporal::logistic_erp_50ms_l2_1,VisualCogA_Task-1
VisualCogA_Task-1,15,-1,-1,0.4001633696715854,q1_quality_matched,cue_locked,temporal::logistic_erp_50ms_l2_1,VisualCogA_Task-1
VisualCogA_Task-1,16,1,-1,0.43432714434537995,q1_quality_matched,cue_locked,temporal::logistic_erp_50ms_l2_1,VisualCogA_Task-1
VisualCogA_Task-1,17,-1,1,0.7888304543087511,q1_quality_matched,cue_locked,temporal::logistic_erp_50ms_l2_1,VisualCogA_Task-1
VisualCogA_Task-1,20,-1,-1,0.42908035906671654,q1_quality_matched,cue_locked,temporal::logistic_erp_50ms_l2_1,VisualCogA_Task-1
VisualCogA_Task-1,23,-1,1,0.9109910336271101,q1_quality_matched,cue_locked,temporal::logistic_erp_50ms_l2_1,VisualCogA_Task-1
VisualCogA_Task-1,24,-1,-1,0.3454853875710857,q1_quality_matched,cue_locked,temporal::logistic_erp_50ms_l2_1,VisualCogA_Task-1
VisualCogA_Task-1,28,-1,1,0.6427074080933776,q1_quality_matched,cue_locked,temporal::logistic_erp_50ms_l2_1,VisualCogA_Task-1
VisualCogA_Task-1,29,-1,-1,0.20273499969346834,q1_quality_matched,cue_locked,temporal::logistic_erp_50ms_l2_1,VisualCogA_Task-1
VisualCogA_Task-1,30,-1,1,0.681813038336035,q1_quality_matched,cue_locked,temporal::logistic_erp_50ms_l2_1,VisualCogA_Task-1
VisualCogA_Task-1,31,1,-1,0.41148182473129274,q1_quality_matched,cue_locked,temporal::logistic_erp_50ms_l2_1,VisualCogA_Task-1
VisualCogA_Task-1,32,1,1,0.5088072097571218,q1_quality_matched,cue_locked,temporal::logistic_erp_50ms_l2_1,VisualCogA_Task-1
VisualCogA_Task-1,33,-1,-1,0.492441205815062,q1_quality_matched,cue_locked,temporal::logistic_erp_50ms_l2_1,VisualCogA_Task-1
VisualCogA_Task-1,34,1,1,0.587840380745493,q1_quality_matched,cue_locked,temporal::logistic_erp_50ms_l2_1,VisualCogA_Task-1
VisualCogA_Task-1,37,-1,1,0.5236912406234507,q1_quality_matched,cue_locked,temporal::logistic_erp_50ms_l2_1,VisualCogA_Task-1
VisualCogA_Task-1,41,1,-1,0.4047612711743483,q1_quality_matched,cue_locked,temporal::logistic_erp_50ms_l2_1,VisualCogA_Task-1
VisualCogA_Task-1,44,-1,1,0.5073937850491794,q1_quality_matched,cue_locked,temporal::logistic_erp_50ms_l2_1,VisualCogA_Task-1
VisualCogA_Task-1,46,-1,1,0.6518927993721709,q1_quality_matched,cue_locked,temporal::logistic_erp_50ms_l2_1,VisualCogA_Task-1
VisualCogA_Task-1,48,-1,1,0.5544916881627246,q1_quality_matched,cue_locked,temporal::logistic_erp_50ms_l2_1,VisualCogA_Task-1
VisualCogA_Task-1,49,-1,1,0.6277597703969341,q1_quality_matched,cue_locked,temporal::logistic_erp_50ms_l2_1,VisualCogA_Task-1
VisualCogA_Task-1,50,1,-1,0.24866890419245494,q1_quality_matched,cue_locked,temporal::logistic_erp_50ms_l2_1,VisualCogA_Task-1
VisualCogA_Task-1,54,1,-1,0.2351642943352923,q1_quality_matched,cue_locked,temporal::logistic_erp_50ms_l2_1,VisualCogA_Task-1
VisualCogA_Task-1,55,-1,1,0.6369529397242807,q1_quality_matched,cue_locked,temporal::logistic_erp_50ms_l2_1,VisualCogA_Task-1
VisualCogA_Task-1,57,1,-1,0.3963682804807467,q1_quality_matched,cue_locked,temporal::logistic_erp_50ms_l2_1,VisualCogA_Task-1
VisualCogA_Task-1,60,1,-1,0.19992090348186425,q1_quality_matched,cue_locked,temporal::logistic_erp_50ms_l2_1,VisualCogA_Task-1
VisualCogA_Task-1,64,-1,1,0.6051893348650219,q1_quality_matched,cue_locked,temporal::logistic_erp_50ms_l2_1,VisualCogA_Task-1
VisualCogA_Task-1,66,-1,1,0.5200558005373713,q1_quality_matched,cue_locked,temporal::logistic_erp_50ms_l2_1,VisualCogA_Task-1
VisualCogA_Task-1,68,1,-1,0.44572322226379846,q1_quality_matched,cue_locked,temporal::logistic_erp_50ms_l2_1,VisualCogA_Task-1
VisualCogA_Task-1,69,1,1,0.6349825905216491,q1_quality_matched,cue_locked,temporal::logistic_erp_50ms_l2_1,VisualCogA_Task-1
VisualCogA_Task-1,71,1,-1,0.4937050397948307,q1_quality_matched,cue_locked,temporal::logistic_erp_50ms_l2_1,VisualCogA_Task-1
VisualCogA_Task-1,72,-1,1,0.6108060353581978,q1_quality_matched,cue_locked,temporal::logistic_erp_50ms_l2_1,VisualCogA_Task-1
VisualCogA_Task-1,73,1,-1,0.4458719184159639,q1_quality_matched,cue_locked,temporal::logistic_erp_50ms_l2_1,VisualCogA_Task-1
VisualCogA_Task-1,74,-1,1,0.6535571007111945,q1_quality_matched,cue_locked,temporal::logistic_erp_50ms_l2_1,VisualCogA_Task-1
VisualCogA_Task-1,75,1,-1,0.33804127606429185,q1_quality_matched,cue_locked,temporal::logistic_erp_50ms_l2_1,VisualCogA_Task-1
VisualCogA_Task-1,78,-1,1,0.52884026052758,q1_quality_matched,cue_locked,temporal::logistic_erp_50ms_l2_1,VisualCogA_Task-1
VisualCogA_Task-1,79,-1,1,0.5642643709734456,q1_quality_matched,cue_locked,temporal::logistic_erp_50ms_l2_1,VisualCogA_Task-1
VisualCogA_Task-1,81,1,-1,0.49981570409416826,q1_quality_matched,cue_locked,temporal::logistic_erp_50ms_l2_1,VisualCogA_Task-1
VisualCogA_Task-1,84,-1,1,0.5950724155854539,q1_quality_matched,cue_locked,temporal::logistic_erp_50ms_l2_1,VisualCogA_Task-1
VisualCogA_Task-1,89,1,-1,0.4516283138733406,q1_quality_matched,cue_locked,temporal::logistic_erp_50ms_l2_1,VisualCogA_Task-1
VisualCogA_Task-1,90,-1,1,0.6010518094756843,q1_quality_matched,cue_locked,temporal::logistic_erp_50ms_l2_1,VisualCogA_Task-1
VisualCogA_Task-1,91,1,1,0.5951281812733723,q1_quality_matched,cue_locked,temporal::logistic_erp_50ms_l2_1,VisualCogA_Task-1
VisualCogA_Task-1,93,1,1,0.671854622692152,q1_quality_matched,cue_locked,temporal::logistic_erp_50ms_l2_1,VisualCogA_Task-1
VisualCogA_Task-1,94,-1,1,0.5305476078357056,q1_quality_matched,cue_locked,temporal::logistic_erp_50ms_l2_1,VisualCogA_Task-1
VisualCogA_Task-1,99,1,1,0.5089045142365798,q1_quality_matched,cue_locked,temporal::logistic_erp_50ms_l2_1,VisualCogA_Task-1
VisualCogA_Task-2,0,1,1,1.0260465846355005,q1_quality_matched,cue_locked,round1::rbf_svm_full_baseline_13_C_1_gamma_scale,VisualCogA_Task-2
VisualCogA_Task-2,1,-1,-1,-0.7970013924899595,q1_quality_matched,cue_locked,round1::rbf_svm_full_baseline_13_C_1_gamma_scale,VisualCogA_Task-2
VisualCogA_Task-2,2,-1,-1,-0.5992499643208075,q1_quality_matched,cue_locked,round1::rbf_svm_full_baseline_13_C_1_gamma_scale,VisualCogA_Task-2
VisualCogA_Task-2,3,-1,-1,-0.5121736462609991,q1_quality_matched,cue_locked,round1::rbf_svm_full_baseline_13_C_1_gamma_scale,VisualCogA_Task-2
VisualCogA_Task-2,4,1,1,0.2620278476259318,q1_quality_matched,cue_locked,round1::rbf_svm_full_baseline_13_C_1_gamma_scale,VisualCogA_Task-2
VisualCogA_Task-2,5,-1,-1,-0.211923324601962,q1_quality_matched,cue_locked,round1::rbf_svm_full_baseline_13_C_1_gamma_scale,VisualCogA_Task-2
VisualCogA_Task-2,6,1,-1,-0.08818048880446216,q1_quality_matched,cue_locked,round1::rbf_svm_full_baseline_13_C_1_gamma_scale,VisualCogA_Task-2
VisualCogA_Task-2,7,1,1,0.5414165816936046,q1_quality_matched,cue_locked,round1::rbf_svm_full_baseline_13_C_1_gamma_scale,VisualCogA_Task-2
VisualCogA_Task-2,8,-1,1,0.6331265160725333,q1_quality_matched,cue_locked,round1::rbf_svm_full_baseline_13_C_1_gamma_scale,VisualCogA_Task-2
VisualCogA_Task-2,9,-1,-1,-0.12797026066420047,q1_quality_matched,cue_locked,round1::rbf_svm_full_baseline_13_C_1_gamma_scale,VisualCogA_Task-2
VisualCogA_Task-2,10,1,1,0.9677171096802085,q1_quality_matched,cue_locked,round1::rbf_svm_full_baseline_13_C_1_gamma_scale,VisualCogA_Task-2
VisualCogA_Task-2,11,1,1,0.1186098602885921,q1_quality_matched,cue_locked,round1::rbf_svm_full_baseline_13_C_1_gamma_scale,VisualCogA_Task-2
VisualCogA_Task-2,12,1,-1,-1.0675242519014427,q1_quality_matched,cue_locked,round1::rbf_svm_full_baseline_13_C_1_gamma_scale,VisualCogA_Task-2
VisualCogA_Task-2,13,-1,1,0.6511947125133398,q1_quality_matched,cue_locked,round1::rbf_svm_full_baseline_13_C_1_gamma_scale,VisualCogA_Task-2
VisualCogA_Task-2,14,-1,-1,-1.0943818568019816,q1_quality_matched,cue_locked,round1::rbf_svm_full_baseline_13_C_1_gamma_scale,VisualCogA_Task-2
VisualCogA_Task-2,15,-1,-1,-0.409354287623508,q1_quality_matched,cue_locked,round1::rbf_svm_full_baseline_13_C_1_gamma_scale,VisualCogA_Task-2
VisualCogA_Task-2,16,1,-1,-0.9231646100421398,q1_quality_matched,cue_locked,round1::rbf_svm_full_baseline_13_C_1_gamma_scale,VisualCogA_Task-2
VisualCogA_Task-2,17,1,-1,-1.4135268724576142,q1_quality_matched,cue_locked,round1::rbf_svm_full_baseline_13_C_1_gamma_scale,VisualCogA_Task-2
VisualCogA_Task-2,18,-1,-1,-0.11871618012381824,q1_quality_matched,cue_locked,round1::rbf_svm_full_baseline_13_C_1_gamma_scale,VisualCogA_Task-2
VisualCogA_Task-2,19,-1,1,0.2769521399243321,q1_quality_matched,cue_locked,round1::rbf_svm_full_baseline_13_C_1_gamma_scale,VisualCogA_Task-2
VisualCogA_Task-2,20,1,-1,-0.9328792432956606,q1_quality_matched,cue_locked,round1::rbf_svm_full_baseline_13_C_1_gamma_scale,VisualCogA_Task-2
VisualCogA_Task-2,21,-1,-1,-1.0126346825913481,q1_quality_matched,cue_locked,round1::rbf_svm_full_baseline_13_C_1_gamma_scale,VisualCogA_Task-2
VisualCogA_Task-2,23,1,-1,-1.0859250905701123,q1_quality_matched,cue_locked,round1::rbf_svm_full_baseline_13_C_1_gamma_scale,VisualCogA_Task-2
VisualCogA_Task-2,24,-1,-1,-1.1473118751521056,q1_quality_matched,cue_locked,round1::rbf_svm_full_baseline_13_C_1_gamma_scale,VisualCogA_Task-2
VisualCogA_Task-2,25,-1,1,0.663749748188247,q1_quality_matched,cue_locked,round1::rbf_svm_full_baseline_13_C_1_gamma_scale,VisualCogA_Task-2
VisualCogA_Task-2,26,1,-1,-0.14340861932466276,q1_quality_matched,cue_locked,round1::rbf_svm_full_baseline_13_C_1_gamma_scale,VisualCogA_Task-2
VisualCogA_Task-2,27,1,-1,-0.8860984403356477,q1_quality_matched,cue_locked,round1::rbf_svm_full_baseline_13_C_1_gamma_scale,VisualCogA_Task-2
VisualCogA_Task-2,28,1,1,0.5906753518844473,q1_quality_matched,cue_locked,round1::rbf_svm_full_baseline_13_C_1_gamma_scale,VisualCogA_Task-2
VisualCogA_Task-2,31,-1,1,0.41623086184067726,q1_quality_matched,cue_locked,round1::rbf_svm_full_baseline_13_C_1_gamma_scale,VisualCogA_Task-2
VisualCogA_Task-2,35,1,-1,-0.4557172640193369,q1_quality_matched,cue_locked,round1::rbf_svm_full_baseline_13_C_1_gamma_scale,VisualCogA_Task-2
VisualCogA_Task-2,36,1,-1,-0.4673313042054711,q1_quality_matched,cue_locked,round1::rbf_svm_full_baseline_13_C_1_gamma_scale,VisualCogA_Task-2
VisualCogA_Task-2,37,-1,1,0.8668862822876998,q1_quality_matched,cue_locked,round1::rbf_svm_full_baseline_13_C_1_gamma_scale,VisualCogA_Task-2
VisualCogA_Task-2,39,-1,1,0.7317632871450094,q1_quality_matched,cue_locked,round1::rbf_svm_full_baseline_13_C_1_gamma_scale,VisualCogA_Task-2
VisualCogA_Task-2,41,-1,-1,-0.48478620507147174,q1_quality_matched,cue_locked,round1::rbf_svm_full_baseline_13_C_1_gamma_scale,VisualCogA_Task-2
VisualCogA_Task-2,43,-1,1,1.0920515795939179,q1_quality_matched,cue_locked,round1::rbf_svm_full_baseline_13_C_1_gamma_scale,VisualCogA_Task-2
VisualCogA_Task-2,45,-1,1,0.9572979813481627,q1_quality_matched,cue_locked,round1::rbf_svm_full_baseline_13_C_1_gamma_scale,VisualCogA_Task-2
VisualCogA_Task-2,46,-1,1,0.5148319002692098,q1_quality_matched,cue_locked,round1::rbf_svm_full_baseline_13_C_1_gamma_scale,VisualCogA_Task-2
VisualCogA_Task-2,47,-1,-1,-1.1108910587151968,q1_quality_matched,cue_locked,round1::rbf_svm_full_baseline_13_C_1_gamma_scale,VisualCogA_Task-2
VisualCogA_Task-2,48,1,1,0.6806591387957778,q1_quality_matched,cue_locked,round1::rbf_svm_full_baseline_13_C_1_gamma_scale,VisualCogA_Task-2
VisualCogA_Task-2,49,1,-1,-0.6069713457743161,q1_quality_matched,cue_locked,round1::rbf_svm_full_baseline_13_C_1_gamma_scale,VisualCogA_Task-2
VisualCogA_Task-2,51,1,1,0.8956160193812462,q1_quality_matched,cue_locked,round1::rbf_svm_full_baseline_13_C_1_gamma_scale,VisualCogA_Task-2
VisualCogA_Task-2,52,1,-1,-0.5570755566040453,q1_quality_matched,cue_locked,round1::rbf_svm_full_baseline_13_C_1_gamma_scale,VisualCogA_Task-2
VisualCogA_Task-2,53,-1,-1,-0.22746069337615804,q1_quality_matched,cue_locked,round1::rbf_svm_full_baseline_13_C_1_gamma_scale,VisualCogA_Task-2
VisualCogA_Task-2,54,-1,-1,-0.7854237815860469,q1_quality_matched,cue_locked,round1::rbf_svm_full_baseline_13_C_1_gamma_scale,VisualCogA_Task-2
VisualCogA_Task-2,55,1,1,0.16927204626660364,q1_quality_matched,cue_locked,round1::rbf_svm_full_baseline_13_C_1_gamma_scale,VisualCogA_Task-2
VisualCogA_Task-2,56,1,-1,-1.1596892311142186,q1_quality_matched,cue_locked,round1::rbf_svm_full_baseline_13_C_1_gamma_scale,VisualCogA_Task-2
VisualCogA_Task-2,57,1,1,0.11806305916745885,q1_quality_matched,cue_locked,round1::rbf_svm_full_baseline_13_C_1_gamma_scale,VisualCogA_Task-2
VisualCogA_Task-2,58,1,1,0.3552103980290523,q1_quality_matched,cue_locked,round1::rbf_svm_full_baseline_13_C_1_gamma_scale,VisualCogA_Task-2
VisualCogA_Task-2,60,-1,-1,-0.023166402419048437,q1_quality_matched,cue_locked,round1::rbf_svm_full_baseline_13_C_1_gamma_scale,VisualCogA_Task-2
VisualCogA_Task-2,63,-1,1,0.3147360704853809,q1_quality_matched,cue_locked,round1::rbf_svm_full_baseline_13_C_1_gamma_scale,VisualCogA_Task-2
VisualCogA_Task-2,64,1,-1,-0.6862263896584393,q1_quality_matched,cue_locked,round1::rbf_svm_full_baseline_13_C_1_gamma_scale,VisualCogA_Task-2
VisualCogA_Task-2,65,-1,-1,-1.0471567895345886,q1_quality_matched,cue_locked,round1::rbf_svm_full_baseline_13_C_1_gamma_scale,VisualCogA_Task-2
VisualCogA_Task-2,66,1,1,1.280389014092072,q1_quality_matched,cue_locked,round1::rbf_svm_full_baseline_13_C_1_gamma_scale,VisualCogA_Task-2
VisualCogA_Task-2,68,-1,1,0.20904198980312194,q1_quality_matched,cue_locked,round1::rbf_svm_full_baseline_13_C_1_gamma_scale,VisualCogA_Task-2
VisualCogA_Task-2,69,-1,1,0.2933253897598499,q1_quality_matched,cue_locked,round1::rbf_svm_full_baseline_13_C_1_gamma_scale,VisualCogA_Task-2
VisualCogA_Task-2,70,1,-1,-0.32252330113043637,q1_quality_matched,cue_locked,round1::rbf_svm_full_baseline_13_C_1_gamma_scale,VisualCogA_Task-2
VisualCogA_Task-2,71,1,-1,-0.07542214660265856,q1_quality_matched,cue_locked,round1::rbf_svm_full_baseline_13_C_1_gamma_scale,VisualCogA_Task-2
VisualCogA_Task-2,72,1,-1,-0.3928872480674195,q1_quality_matched,cue_locked,round1::rbf_svm_full_baseline_13_C_1_gamma_scale,VisualCogA_Task-2
VisualCogA_Task-2,73,1,1,0.24067722004154535,q1_quality_matched,cue_locked,round1::rbf_svm_full_baseline_13_C_1_gamma_scale,VisualCogA_Task-2
VisualCogA_Task-2,74,-1,1,0.2808578717680944,q1_quality_matched,cue_locked,round1::rbf_svm_full_baseline_13_C_1_gamma_scale,VisualCogA_Task-2
VisualCogA_Task-2,75,-1,-1,-0.07415371118048247,q1_quality_matched,cue_locked,round1::rbf_svm_full_baseline_13_C_1_gamma_scale,VisualCogA_Task-2
VisualCogA_Task-2,76,-1,1,0.007606395980595315,q1_quality_matched,cue_locked,round1::rbf_svm_full_baseline_13_C_1_gamma_scale,VisualCogA_Task-2
VisualCogA_Task-2,78,-1,-1,-0.09169586710526861,q1_quality_matched,cue_locked,round1::rbf_svm_full_baseline_13_C_1_gamma_scale,VisualCogA_Task-2
VisualCogA_Task-2,80,-1,-1,-0.436538287442714,q1_quality_matched,cue_locked,round1::rbf_svm_full_baseline_13_C_1_gamma_scale,VisualCogA_Task-2
VisualCogA_Task-2,81,1,-1,-0.41071474121607904,q1_quality_matched,cue_locked,round1::rbf_svm_full_baseline_13_C_1_gamma_scale,VisualCogA_Task-2
VisualCogA_Task-2,82,1,1,0.4093688174848008,q1_quality_matched,cue_locked,round1::rbf_svm_full_baseline_13_C_1_gamma_scale,VisualCogA_Task-2
VisualCogA_Task-2,83,-1,1,0.5714077241803225,q1_quality_matched,cue_locked,round1::rbf_svm_full_baseline_13_C_1_gamma_scale,VisualCogA_Task-2
VisualCogA_Task-2,84,1,1,0.3783220326908009,q1_quality_matched,cue_locked,round1::rbf_svm_full_baseline_13_C_1_gamma_scale,VisualCogA_Task-2
VisualCogA_Task-2,86,-1,1,1.0313879220217497,q1_quality_matched,cue_locked,round1::rbf_svm_full_baseline_13_C_1_gamma_scale,VisualCogA_Task-2
VisualCogA_Task-2,87,1,1,0.12663535796027003,q1_quality_matched,cue_locked,round1::rbf_svm_full_baseline_13_C_1_gamma_scale,VisualCogA_Task-2
VisualCogA_Task-2,88,-1,-1,-0.7566882643740223,q1_quality_matched,cue_locked,round1::rbf_svm_full_baseline_13_C_1_gamma_scale,VisualCogA_Task-2
VisualCogA_Task-2,89,-1,1,0.5895895821059315,q1_quality_matched,cue_locked,round1::rbf_svm_full_baseline_13_C_1_gamma_scale,VisualCogA_Task-2
VisualCogA_Task-2,90,-1,1,0.16486346949768704,q1_quality_matched,cue_locked,round1::rbf_svm_full_baseline_13_C_1_gamma_scale,VisualCogA_Task-2
VisualCogA_Task-2,91,-1,-1,-0.28518245959117516,q1_quality_matched,cue_locked,round1::rbf_svm_full_baseline_13_C_1_gamma_scale,VisualCogA_Task-2
VisualCogA_Task-2,92,1,1,0.39854771390866317,q1_quality_matched,cue_locked,round1::rbf_svm_full_baseline_13_C_1_gamma_scale,VisualCogA_Task-2
VisualCogA_Task-2,94,-1,1,0.902968180825792,q1_quality_matched,cue_locked,round1::rbf_svm_full_baseline_13_C_1_gamma_scale,VisualCogA_Task-2
VisualCogA_Task-2,95,-1,-1,-0.1402532045377669,q1_quality_matched,cue_locked,round1::rbf_svm_full_baseline_13_C_1_gamma_scale,VisualCogA_Task-2
VisualCogA_Task-2,96,-1,1,0.8804959483917182,q1_quality_matched,cue_locked,round1::rbf_svm_full_baseline_13_C_1_gamma_scale,VisualCogA_Task-2
VisualCogA_Task-2,97,-1,1,0.05658986963493917,q1_quality_matched,cue_locked,round1::rbf_svm_full_baseline_13_C_1_gamma_scale,VisualCogA_Task-2
VisualCogA_Task-2,98,-1,1,0.9276162935027809,q1_quality_matched,cue_locked,round1::rbf_svm_full_baseline_13_C_1_gamma_scale,VisualCogA_Task-2
VisualCogB_Task-1,0,-1,-1,0.44175348347759835,q1_quality_matched,cue_locked,round1::logistic_bandpower_only_9_l2_0.1,VisualCogB_Task-1
VisualCogB_Task-1,1,-1,-1,0.4516746386651724,q1_quality_matched,cue_locked,round1::logistic_bandpower_only_9_l2_0.1,VisualCogB_Task-1
VisualCogB_Task-1,2,1,-1,0.45004257347394944,q1_quality_matched,cue_locked,round1::logistic_bandpower_only_9_l2_0.1,VisualCogB_Task-1
VisualCogB_Task-1,3,-1,1,0.5414761242987676,q1_quality_matched,cue_locked,round1::logistic_bandpower_only_9_l2_0.1,VisualCogB_Task-1
VisualCogB_Task-1,4,1,-1,0.4842885565428485,q1_quality_matched,cue_locked,round1::logistic_bandpower_only_9_l2_0.1,VisualCogB_Task-1
VisualCogB_Task-1,6,1,1,0.5349955097590894,q1_quality_matched,cue_locked,round1::logistic_bandpower_only_9_l2_0.1,VisualCogB_Task-1
VisualCogB_Task-1,7,-1,-1,0.4141970543281421,q1_quality_matched,cue_locked,round1::logistic_bandpower_only_9_l2_0.1,VisualCogB_Task-1
VisualCogB_Task-1,8,-1,1,0.5296257250309097,q1_quality_matched,cue_locked,round1::logistic_bandpower_only_9_l2_0.1,VisualCogB_Task-1
VisualCogB_Task-1,9,-1,-1,0.47678006415545715,q1_quality_matched,cue_locked,round1::logistic_bandpower_only_9_l2_0.1,VisualCogB_Task-1
VisualCogB_Task-1,10,1,1,0.5358891386064641,q1_quality_matched,cue_locked,round1::logistic_bandpower_only_9_l2_0.1,VisualCogB_Task-1
VisualCogB_Task-1,11,-1,-1,0.4164138313462506,q1_quality_matched,cue_locked,round1::logistic_bandpower_only_9_l2_0.1,VisualCogB_Task-1
VisualCogB_Task-1,12,1,-1,0.38314546704972124,q1_quality_matched,cue_locked,round1::logistic_bandpower_only_9_l2_0.1,VisualCogB_Task-1
VisualCogB_Task-1,14,-1,-1,0.46379881536455747,q1_quality_matched,cue_locked,round1::logistic_bandpower_only_9_l2_0.1,VisualCogB_Task-1
VisualCogB_Task-1,15,1,1,0.5618056949730283,q1_quality_matched,cue_locked,round1::logistic_bandpower_only_9_l2_0.1,VisualCogB_Task-1
VisualCogB_Task-1,16,-1,1,0.6711644271977101,q1_quality_matched,cue_locked,round1::logistic_bandpower_only_9_l2_0.1,VisualCogB_Task-1
VisualCogB_Task-1,17,-1,1,0.5991103179581705,q1_quality_matched,cue_locked,round1::logistic_bandpower_only_9_l2_0.1,VisualCogB_Task-1
VisualCogB_Task-1,18,1,1,0.5226065602444119,q1_quality_matched,cue_locked,round1::logistic_bandpower_only_9_l2_0.1,VisualCogB_Task-1
VisualCogB_Task-1,19,-1,1,0.5848513413571351,q1_quality_matched,cue_locked,round1::logistic_bandpower_only_9_l2_0.1,VisualCogB_Task-1
VisualCogB_Task-1,20,1,-1,0.4752031942968803,q1_quality_matched,cue_locked,round1::logistic_bandpower_only_9_l2_0.1,VisualCogB_Task-1
VisualCogB_Task-1,21,1,-1,0.2576801556376297,q1_quality_matched,cue_locked,round1::logistic_bandpower_only_9_l2_0.1,VisualCogB_Task-1
VisualCogB_Task-1,23,1,1,0.5109492132556691,q1_quality_matched,cue_locked,round1::logistic_bandpower_only_9_l2_0.1,VisualCogB_Task-1
VisualCogB_Task-1,25,1,-1,0.48861865735700993,q1_quality_matched,cue_locked,round1::logistic_bandpower_only_9_l2_0.1,VisualCogB_Task-1
VisualCogB_Task-1,26,1,1,0.55711698862873,q1_quality_matched,cue_locked,round1::logistic_bandpower_only_9_l2_0.1,VisualCogB_Task-1
VisualCogB_Task-1,27,1,1,0.5971199026163663,q1_quality_matched,cue_locked,round1::logistic_bandpower_only_9_l2_0.1,VisualCogB_Task-1
VisualCogB_Task-1,28,1,-1,0.43358901320417725,q1_quality_matched,cue_locked,round1::logistic_bandpower_only_9_l2_0.1,VisualCogB_Task-1
VisualCogB_Task-1,29,-1,-1,0.4339040884229549,q1_quality_matched,cue_locked,round1::logistic_bandpower_only_9_l2_0.1,VisualCogB_Task-1
VisualCogB_Task-1,30,1,-1,0.3676791592447075,q1_quality_matched,cue_locked,round1::logistic_bandpower_only_9_l2_0.1,VisualCogB_Task-1
VisualCogB_Task-1,31,-1,1,0.6922641951994588,q1_quality_matched,cue_locked,round1::logistic_bandpower_only_9_l2_0.1,VisualCogB_Task-1
VisualCogB_Task-1,32,-1,-1,0.44909639253416905,q1_quality_matched,cue_locked,round1::logistic_bandpower_only_9_l2_0.1,VisualCogB_Task-1
VisualCogB_Task-1,33,1,1,0.5803244437970106,q1_quality_matched,cue_locked,round1::logistic_bandpower_only_9_l2_0.1,VisualCogB_Task-1
VisualCogB_Task-1,34,-1,-1,0.3866193621601947,q1_quality_matched,cue_locked,round1::logistic_bandpower_only_9_l2_0.1,VisualCogB_Task-1
VisualCogB_Task-1,36,-1,-1,0.4222435112296982,q1_quality_matched,cue_locked,round1::logistic_bandpower_only_9_l2_0.1,VisualCogB_Task-1
VisualCogB_Task-1,37,-1,1,0.5655924668006278,q1_quality_matched,cue_locked,round1::logistic_bandpower_only_9_l2_0.1,VisualCogB_Task-1
VisualCogB_Task-1,38,1,1,0.5248992882598809,q1_quality_matched,cue_locked,round1::logistic_bandpower_only_9_l2_0.1,VisualCogB_Task-1
VisualCogB_Task-1,39,1,1,0.5437780619104091,q1_quality_matched,cue_locked,round1::logistic_bandpower_only_9_l2_0.1,VisualCogB_Task-1
VisualCogB_Task-1,40,-1,1,0.5468069312276597,q1_quality_matched,cue_locked,round1::logistic_bandpower_only_9_l2_0.1,VisualCogB_Task-1
VisualCogB_Task-1,41,1,-1,0.4503546717882069,q1_quality_matched,cue_locked,round1::logistic_bandpower_only_9_l2_0.1,VisualCogB_Task-1
VisualCogB_Task-1,42,1,-1,0.42432149202516645,q1_quality_matched,cue_locked,round1::logistic_bandpower_only_9_l2_0.1,VisualCogB_Task-1
VisualCogB_Task-1,43,1,1,0.6054997143917137,q1_quality_matched,cue_locked,round1::logistic_bandpower_only_9_l2_0.1,VisualCogB_Task-1
VisualCogB_Task-1,44,1,-1,0.4696216655852145,q1_quality_matched,cue_locked,round1::logistic_bandpower_only_9_l2_0.1,VisualCogB_Task-1
VisualCogB_Task-1,47,1,-1,0.45173742966798913,q1_quality_matched,cue_locked,round1::logistic_bandpower_only_9_l2_0.1,VisualCogB_Task-1
VisualCogB_Task-1,48,1,1,0.5361052870305669,q1_quality_matched,cue_locked,round1::logistic_bandpower_only_9_l2_0.1,VisualCogB_Task-1
VisualCogB_Task-1,49,-1,-1,0.44609834067743126,q1_quality_matched,cue_locked,round1::logistic_bandpower_only_9_l2_0.1,VisualCogB_Task-1
VisualCogB_Task-1,50,1,1,0.5853389770455829,q1_quality_matched,cue_locked,round1::logistic_bandpower_only_9_l2_0.1,VisualCogB_Task-1
VisualCogB_Task-1,51,-1,-1,0.406773483501375,q1_quality_matched,cue_locked,round1::logistic_bandpower_only_9_l2_0.1,VisualCogB_Task-1
VisualCogB_Task-1,52,1,1,0.5457868781227827,q1_quality_matched,cue_locked,round1::logistic_bandpower_only_9_l2_0.1,VisualCogB_Task-1
VisualCogB_Task-1,54,1,1,0.5817384619460705,q1_quality_matched,cue_locked,round1::logistic_bandpower_only_9_l2_0.1,VisualCogB_Task-1
VisualCogB_Task-1,55,-1,-1,0.4923839435342821,q1_quality_matched,cue_locked,round1::logistic_bandpower_only_9_l2_0.1,VisualCogB_Task-1
VisualCogB_Task-1,56,1,1,0.6105357265291931,q1_quality_matched,cue_locked,round1::logistic_bandpower_only_9_l2_0.1,VisualCogB_Task-1
VisualCogB_Task-1,58,1,-1,0.4437925612508294,q1_quality_matched,cue_locked,round1::logistic_bandpower_only_9_l2_0.1,VisualCogB_Task-1
VisualCogB_Task-1,59,1,1,0.5615807831085046,q1_quality_matched,cue_locked,round1::logistic_bandpower_only_9_l2_0.1,VisualCogB_Task-1
VisualCogB_Task-1,60,-1,1,0.5439083466827778,q1_quality_matched,cue_locked,round1::logistic_bandpower_only_9_l2_0.1,VisualCogB_Task-1
VisualCogB_Task-1,61,-1,1,0.5929624595266003,q1_quality_matched,cue_locked,round1::logistic_bandpower_only_9_l2_0.1,VisualCogB_Task-1
VisualCogB_Task-1,63,-1,1,0.5392880388940013,q1_quality_matched,cue_locked,round1::logistic_bandpower_only_9_l2_0.1,VisualCogB_Task-1
VisualCogB_Task-1,64,-1,1,0.62841160502393,q1_quality_matched,cue_locked,round1::logistic_bandpower_only_9_l2_0.1,VisualCogB_Task-1
VisualCogB_Task-1,66,1,-1,0.47470992828442055,q1_quality_matched,cue_locked,round1::logistic_bandpower_only_9_l2_0.1,VisualCogB_Task-1
VisualCogB_Task-1,67,1,1,0.6370399968621303,q1_quality_matched,cue_locked,round1::logistic_bandpower_only_9_l2_0.1,VisualCogB_Task-1
VisualCogB_Task-1,68,-1,1,0.5467988296375554,q1_quality_matched,cue_locked,round1::logistic_bandpower_only_9_l2_0.1,VisualCogB_Task-1
VisualCogB_Task-1,69,-1,-1,0.39656593311888966,q1_quality_matched,cue_locked,round1::logistic_bandpower_only_9_l2_0.1,VisualCogB_Task-1
VisualCogB_Task-1,71,1,-1,0.4576969601339569,q1_quality_matched,cue_locked,round1::logistic_bandpower_only_9_l2_0.1,VisualCogB_Task-1
VisualCogB_Task-1,72,-1,1,0.5464017284086613,q1_quality_matched,cue_locked,round1::logistic_bandpower_only_9_l2_0.1,VisualCogB_Task-1
VisualCogB_Task-1,73,-1,1,0.6308548232544464,q1_quality_matched,cue_locked,round1::logistic_bandpower_only_9_l2_0.1,VisualCogB_Task-1
VisualCogB_Task-1,74,1,-1,0.3647700450011444,q1_quality_matched,cue_locked,round1::logistic_bandpower_only_9_l2_0.1,VisualCogB_Task-1
VisualCogB_Task-1,75,-1,1,0.5092869632614361,q1_quality_matched,cue_locked,round1::logistic_bandpower_only_9_l2_0.1,VisualCogB_Task-1
VisualCogB_Task-1,76,-1,1,0.6479960644234494,q1_quality_matched,cue_locked,round1::logistic_bandpower_only_9_l2_0.1,VisualCogB_Task-1
VisualCogB_Task-1,78,1,-1,0.49392360326406,q1_quality_matched,cue_locked,round1::logistic_bandpower_only_9_l2_0.1,VisualCogB_Task-1
VisualCogB_Task-1,79,-1,-1,0.4013591286738327,q1_quality_matched,cue_locked,round1::logistic_bandpower_only_9_l2_0.1,VisualCogB_Task-1
VisualCogB_Task-1,80,-1,-1,0.4862472220391783,q1_quality_matched,cue_locked,round1::logistic_bandpower_only_9_l2_0.1,VisualCogB_Task-1
VisualCogB_Task-1,81,1,-1,0.3923167831649082,q1_quality_matched,cue_locked,round1::logistic_bandpower_only_9_l2_0.1,VisualCogB_Task-1
VisualCogB_Task-1,82,-1,1,0.5963233825927243,q1_quality_matched,cue_locked,round1::logistic_bandpower_only_9_l2_0.1,VisualCogB_Task-1
VisualCogB_Task-1,83,-1,1,0.5168846947523517,q1_quality_matched,cue_locked,round1::logistic_bandpower_only_9_l2_0.1,VisualCogB_Task-1
VisualCogB_Task-1,85,-1,-1,0.46532441417275006,q1_quality_matched,cue_locked,round1::logistic_bandpower_only_9_l2_0.1,VisualCogB_Task-1
VisualCogB_Task-1,86,-1,1,0.5173563584566583,q1_quality_matched,cue_locked,round1::logistic_bandpower_only_9_l2_0.1,VisualCogB_Task-1
VisualCogB_Task-1,88,-1,-1,0.337891289170739,q1_quality_matched,cue_locked,round1::logistic_bandpower_only_9_l2_0.1,VisualCogB_Task-1
VisualCogB_Task-1,89,-1,-1,0.4750714143166658,q1_quality_matched,cue_locked,round1::logistic_bandpower_only_9_l2_0.1,VisualCogB_Task-1
VisualCogB_Task-1,90,1,-1,0.48169397220769494,q1_quality_matched,cue_locked,round1::logistic_bandpower_only_9_l2_0.1,VisualCogB_Task-1
VisualCogB_Task-1,92,-1,-1,0.48481142726123655,q1_quality_matched,cue_locked,round1::logistic_bandpower_only_9_l2_0.1,VisualCogB_Task-1
VisualCogB_Task-1,93,1,1,0.5315355946193827,q1_quality_matched,cue_locked,round1::logistic_bandpower_only_9_l2_0.1,VisualCogB_Task-1
VisualCogB_Task-1,94,-1,1,0.574203148767982,q1_quality_matched,cue_locked,round1::logistic_bandpower_only_9_l2_0.1,VisualCogB_Task-1
VisualCogB_Task-1,95,1,-1,0.4660760900709423,q1_quality_matched,cue_locked,round1::logistic_bandpower_only_9_l2_0.1,VisualCogB_Task-1
VisualCogB_Task-1,97,1,1,0.6062329893000481,q1_quality_matched,cue_locked,round1::logistic_bandpower_only_9_l2_0.1,VisualCogB_Task-1
VisualCogB_Task-1,98,1,-1,0.36826569994282266,q1_quality_matched,cue_locked,round1::logistic_bandpower_only_9_l2_0.1,VisualCogB_Task-1
VisualCogB_Task-1,99,1,1,0.5331974893618666,q1_quality_matched,cue_locked,round1::logistic_bandpower_only_9_l2_0.1,VisualCogB_Task-1
VisualCogB_Task-2,0,-1,-1,0.48642349973636834,q1_quality_matched,cue_locked,round1::logistic_erp_only_3_l2_10,VisualCogB_Task-2
VisualCogB_Task-2,2,-1,-1,0.4686112808968809,q1_quality_matched,cue_locked,round1::logistic_erp_only_3_l2_10,VisualCogB_Task-2
VisualCogB_Task-2,3,1,-1,0.4777821361133132,q1_quality_matched,cue_locked,round1::logistic_erp_only_3_l2_10,VisualCogB_Task-2
VisualCogB_Task-2,4,-1,-1,0.4935530496916671,q1_quality_matched,cue_locked,round1::logistic_erp_only_3_l2_10,VisualCogB_Task-2
VisualCogB_Task-2,5,1,1,0.5185527708640625,q1_quality_matched,cue_locked,round1::logistic_erp_only_3_l2_10,VisualCogB_Task-2
VisualCogB_Task-2,7,1,1,0.5226437337944583,q1_quality_matched,cue_locked,round1::logistic_erp_only_3_l2_10,VisualCogB_Task-2
VisualCogB_Task-2,8,1,-1,0.46831586479503595,q1_quality_matched,cue_locked,round1::logistic_erp_only_3_l2_10,VisualCogB_Task-2
VisualCogB_Task-2,10,1,-1,0.48932352093461257,q1_quality_matched,cue_locked,round1::logistic_erp_only_3_l2_10,VisualCogB_Task-2
VisualCogB_Task-2,11,1,1,0.511696607668333,q1_quality_matched,cue_locked,round1::logistic_erp_only_3_l2_10,VisualCogB_Task-2
VisualCogB_Task-2,12,1,1,0.5099747713783893,q1_quality_matched,cue_locked,round1::logistic_erp_only_3_l2_10,VisualCogB_Task-2
VisualCogB_Task-2,16,-1,1,0.5219687981577097,q1_quality_matched,cue_locked,round1::logistic_erp_only_3_l2_10,VisualCogB_Task-2
VisualCogB_Task-2,17,1,-1,0.4453645772674246,q1_quality_matched,cue_locked,round1::logistic_erp_only_3_l2_10,VisualCogB_Task-2
VisualCogB_Task-2,18,1,-1,0.45952655367057477,q1_quality_matched,cue_locked,round1::logistic_erp_only_3_l2_10,VisualCogB_Task-2
VisualCogB_Task-2,20,1,-1,0.47828526386564313,q1_quality_matched,cue_locked,round1::logistic_erp_only_3_l2_10,VisualCogB_Task-2
VisualCogB_Task-2,21,1,1,0.5107019051507412,q1_quality_matched,cue_locked,round1::logistic_erp_only_3_l2_10,VisualCogB_Task-2
VisualCogB_Task-2,23,-1,-1,0.46590169726463015,q1_quality_matched,cue_locked,round1::logistic_erp_only_3_l2_10,VisualCogB_Task-2
VisualCogB_Task-2,24,-1,-1,0.4327045373156269,q1_quality_matched,cue_locked,round1::logistic_erp_only_3_l2_10,VisualCogB_Task-2
VisualCogB_Task-2,25,1,-1,0.46804437369339563,q1_quality_matched,cue_locked,round1::logistic_erp_only_3_l2_10,VisualCogB_Task-2
VisualCogB_Task-2,26,-1,-1,0.3502437149316356,q1_quality_matched,cue_locked,round1::logistic_erp_only_3_l2_10,VisualCogB_Task-2
VisualCogB_Task-2,27,-1,-1,0.4629744991124772,q1_quality_matched,cue_locked,round1::logistic_erp_only_3_l2_10,VisualCogB_Task-2
VisualCogB_Task-2,28,-1,-1,0.43556176885395487,q1_quality_matched,cue_locked,round1::logistic_erp_only_3_l2_10,VisualCogB_Task-2
VisualCogB_Task-2,29,1,-1,0.4518234164880557,q1_quality_matched,cue_locked,round1::logistic_erp_only_3_l2_10,VisualCogB_Task-2
VisualCogB_Task-2,30,1,1,0.5036903144217225,q1_quality_matched,cue_locked,round1::logistic_erp_only_3_l2_10,VisualCogB_Task-2
VisualCogB_Task-2,31,1,-1,0.4061004885920944,q1_quality_matched,cue_locked,round1::logistic_erp_only_3_l2_10,VisualCogB_Task-2
VisualCogB_Task-2,32,1,-1,0.468999771825584,q1_quality_matched,cue_locked,round1::logistic_erp_only_3_l2_10,VisualCogB_Task-2
VisualCogB_Task-2,33,1,-1,0.4503998532593705,q1_quality_matched,cue_locked,round1::logistic_erp_only_3_l2_10,VisualCogB_Task-2
VisualCogB_Task-2,34,-1,-1,0.42369395770265234,q1_quality_matched,cue_locked,round1::logistic_erp_only_3_l2_10,VisualCogB_Task-2
VisualCogB_Task-2,35,1,1,0.5192236391437913,q1_quality_matched,cue_locked,round1::logistic_erp_only_3_l2_10,VisualCogB_Task-2
VisualCogB_Task-2,36,-1,-1,0.4711821063117522,q1_quality_matched,cue_locked,round1::logistic_erp_only_3_l2_10,VisualCogB_Task-2
VisualCogB_Task-2,37,-1,1,0.54306635204464,q1_quality_matched,cue_locked,round1::logistic_erp_only_3_l2_10,VisualCogB_Task-2
VisualCogB_Task-2,38,1,-1,0.445503763645345,q1_quality_matched,cue_locked,round1::logistic_erp_only_3_l2_10,VisualCogB_Task-2
VisualCogB_Task-2,39,1,-1,0.42850995526246805,q1_quality_matched,cue_locked,round1::logistic_erp_only_3_l2_10,VisualCogB_Task-2
VisualCogB_Task-2,40,1,1,0.5613286673515032,q1_quality_matched,cue_locked,round1::logistic_erp_only_3_l2_10,VisualCogB_Task-2
VisualCogB_Task-2,41,-1,-1,0.43583844881683587,q1_quality_matched,cue_locked,round1::logistic_erp_only_3_l2_10,VisualCogB_Task-2
VisualCogB_Task-2,43,1,-1,0.4576728205782741,q1_quality_matched,cue_locked,round1::logistic_erp_only_3_l2_10,VisualCogB_Task-2
VisualCogB_Task-2,44,-1,1,0.5242352383696638,q1_quality_matched,cue_locked,round1::logistic_erp_only_3_l2_10,VisualCogB_Task-2
VisualCogB_Task-2,45,-1,-1,0.4746564508253052,q1_quality_matched,cue_locked,round1::logistic_erp_only_3_l2_10,VisualCogB_Task-2
VisualCogB_Task-2,46,1,-1,0.43153643200762515,q1_quality_matched,cue_locked,round1::logistic_erp_only_3_l2_10,VisualCogB_Task-2
VisualCogB_Task-2,47,-1,-1,0.42923423630685464,q1_quality_matched,cue_locked,round1::logistic_erp_only_3_l2_10,VisualCogB_Task-2
VisualCogB_Task-2,48,1,-1,0.4010437279334673,q1_quality_matched,cue_locked,round1::logistic_erp_only_3_l2_10,VisualCogB_Task-2
VisualCogB_Task-2,50,-1,-1,0.4155398107389925,q1_quality_matched,cue_locked,round1::logistic_erp_only_3_l2_10,VisualCogB_Task-2
VisualCogB_Task-2,51,-1,-1,0.4920798074534399,q1_quality_matched,cue_locked,round1::logistic_erp_only_3_l2_10,VisualCogB_Task-2
VisualCogB_Task-2,52,1,-1,0.467338734150806,q1_quality_matched,cue_locked,round1::logistic_erp_only_3_l2_10,VisualCogB_Task-2
VisualCogB_Task-2,54,1,-1,0.4979935089173869,q1_quality_matched,cue_locked,round1::logistic_erp_only_3_l2_10,VisualCogB_Task-2
VisualCogB_Task-2,57,-1,-1,0.4945075766586625,q1_quality_matched,cue_locked,round1::logistic_erp_only_3_l2_10,VisualCogB_Task-2
VisualCogB_Task-2,59,-1,-1,0.42944203247146456,q1_quality_matched,cue_locked,round1::logistic_erp_only_3_l2_10,VisualCogB_Task-2
VisualCogB_Task-2,60,-1,-1,0.4805048884409888,q1_quality_matched,cue_locked,round1::logistic_erp_only_3_l2_10,VisualCogB_Task-2
VisualCogB_Task-2,61,1,-1,0.44931126800028065,q1_quality_matched,cue_locked,round1::logistic_erp_only_3_l2_10,VisualCogB_Task-2
VisualCogB_Task-2,62,-1,-1,0.4318950992039171,q1_quality_matched,cue_locked,round1::logistic_erp_only_3_l2_10,VisualCogB_Task-2
VisualCogB_Task-2,63,-1,-1,0.4275823596532648,q1_quality_matched,cue_locked,round1::logistic_erp_only_3_l2_10,VisualCogB_Task-2
VisualCogB_Task-2,64,1,-1,0.4720873570339922,q1_quality_matched,cue_locked,round1::logistic_erp_only_3_l2_10,VisualCogB_Task-2
VisualCogB_Task-2,66,1,-1,0.40979111740953605,q1_quality_matched,cue_locked,round1::logistic_erp_only_3_l2_10,VisualCogB_Task-2
VisualCogB_Task-2,67,1,1,0.5034377558795506,q1_quality_matched,cue_locked,round1::logistic_erp_only_3_l2_10,VisualCogB_Task-2
VisualCogB_Task-2,68,-1,-1,0.4678305311595778,q1_quality_matched,cue_locked,round1::logistic_erp_only_3_l2_10,VisualCogB_Task-2
VisualCogB_Task-2,69,-1,1,0.5451477882643188,q1_quality_matched,cue_locked,round1::logistic_erp_only_3_l2_10,VisualCogB_Task-2
VisualCogB_Task-2,70,1,-1,0.4095255450026543,q1_quality_matched,cue_locked,round1::logistic_erp_only_3_l2_10,VisualCogB_Task-2
VisualCogB_Task-2,71,1,-1,0.4242287604573823,q1_quality_matched,cue_locked,round1::logistic_erp_only_3_l2_10,VisualCogB_Task-2
VisualCogB_Task-2,72,1,1,0.505921949137005,q1_quality_matched,cue_locked,round1::logistic_erp_only_3_l2_10,VisualCogB_Task-2
VisualCogB_Task-2,73,-1,-1,0.42771847644636035,q1_quality_matched,cue_locked,round1::logistic_erp_only_3_l2_10,VisualCogB_Task-2
VisualCogB_Task-2,74,-1,-1,0.40131898129924937,q1_quality_matched,cue_locked,round1::logistic_erp_only_3_l2_10,VisualCogB_Task-2
VisualCogB_Task-2,75,1,-1,0.3810764104980749,q1_quality_matched,cue_locked,round1::logistic_erp_only_3_l2_10,VisualCogB_Task-2
VisualCogB_Task-2,76,1,-1,0.45065514644966226,q1_quality_matched,cue_locked,round1::logistic_erp_only_3_l2_10,VisualCogB_Task-2
VisualCogB_Task-2,77,-1,1,0.5229301861473074,q1_quality_matched,cue_locked,round1::logistic_erp_only_3_l2_10,VisualCogB_Task-2
VisualCogB_Task-2,79,-1,-1,0.44276761293755174,q1_quality_matched,cue_locked,round1::logistic_erp_only_3_l2_10,VisualCogB_Task-2
VisualCogB_Task-2,82,1,-1,0.4854132904853141,q1_quality_matched,cue_locked,round1::logistic_erp_only_3_l2_10,VisualCogB_Task-2
VisualCogB_Task-2,83,-1,1,0.5015923297864795,q1_quality_matched,cue_locked,round1::logistic_erp_only_3_l2_10,VisualCogB_Task-2
VisualCogB_Task-2,85,1,-1,0.45182948205295165,q1_quality_matched,cue_locked,round1::logistic_erp_only_3_l2_10,VisualCogB_Task-2
VisualCogB_Task-2,86,-1,-1,0.4361968665924805,q1_quality_matched,cue_locked,round1::logistic_erp_only_3_l2_10,VisualCogB_Task-2
VisualCogB_Task-2,87,1,1,0.5068512653540319,q1_quality_matched,cue_locked,round1::logistic_erp_only_3_l2_10,VisualCogB_Task-2
VisualCogB_Task-2,88,-1,-1,0.37698982138366105,q1_quality_matched,cue_locked,round1::logistic_erp_only_3_l2_10,VisualCogB_Task-2
VisualCogB_Task-2,89,1,-1,0.4513625129345915,q1_quality_matched,cue_locked,round1::logistic_erp_only_3_l2_10,VisualCogB_Task-2
VisualCogB_Task-2,91,-1,1,0.5470295734444616,q1_quality_matched,cue_locked,round1::logistic_erp_only_3_l2_10,VisualCogB_Task-2
VisualCogB_Task-2,92,1,-1,0.4600010768062725,q1_quality_matched,cue_locked,round1::logistic_erp_only_3_l2_10,VisualCogB_Task-2
VisualCogB_Task-2,93,-1,-1,0.4739247797068846,q1_quality_matched,cue_locked,round1::logistic_erp_only_3_l2_10,VisualCogB_Task-2
VisualCogB_Task-2,94,1,-1,0.44364179402746096,q1_quality_matched,cue_locked,round1::logistic_erp_only_3_l2_10,VisualCogB_Task-2
VisualCogB_Task-2,95,1,-1,0.3027362510533336,q1_quality_matched,cue_locked,round1::logistic_erp_only_3_l2_10,VisualCogB_Task-2
VisualCogB_Task-2,96,-1,1,0.5133801957335693,q1_quality_matched,cue_locked,round1::logistic_erp_only_3_l2_10,VisualCogB_Task-2
VisualCogB_Task-2,97,-1,-1,0.4587745603582153,q1_quality_matched,cue_locked,round1::logistic_erp_only_3_l2_10,VisualCogB_Task-2
VisualCogB_Task-2,98,1,-1,0.49171660477388307,q1_quality_matched,cue_locked,round1::logistic_erp_only_3_l2_10,VisualCogB_Task-2
VisualCogB_Task-2,99,-1,1,0.5141881236952306,q1_quality_matched,cue_locked,round1::logistic_erp_only_3_l2_10,VisualCogB_Task-2
VisualCogA_Task-1,0,-1,1,0.5455002785855692,raw_qc_pass,target_locked,temporal::logistic_wave64_l2_0.1,VisualCogA_Task-1
VisualCogA_Task-1,1,1,1,0.775168321563273,raw_qc_pass,target_locked,temporal::logistic_wave64_l2_0.1,VisualCogA_Task-1
VisualCogA_Task-1,2,-1,-1,0.31241384930609506,raw_qc_pass,target_locked,temporal::logistic_wave64_l2_0.1,VisualCogA_Task-1
VisualCogA_Task-1,3,-1,-1,0.27944039122135467,raw_qc_pass,target_locked,temporal::logistic_wave64_l2_0.1,VisualCogA_Task-1
VisualCogA_Task-1,4,1,1,0.6428401856259215,raw_qc_pass,target_locked,temporal::logistic_wave64_l2_0.1,VisualCogA_Task-1
VisualCogA_Task-1,5,-1,1,0.5501710276014644,raw_qc_pass,target_locked,temporal::logistic_wave64_l2_0.1,VisualCogA_Task-1
VisualCogA_Task-1,6,-1,-1,0.02943126511133793,raw_qc_pass,target_locked,temporal::logistic_wave64_l2_0.1,VisualCogA_Task-1
VisualCogA_Task-1,7,-1,-1,0.16612594981228918,raw_qc_pass,target_locked,temporal::logistic_wave64_l2_0.1,VisualCogA_Task-1
VisualCogA_Task-1,8,1,1,0.9526047661309011,raw_qc_pass,target_locked,temporal::logistic_wave64_l2_0.1,VisualCogA_Task-1
VisualCogA_Task-1,9,1,-1,0.13060115354894822,raw_qc_pass,target_locked,temporal::logistic_wave64_l2_0.1,VisualCogA_Task-1
VisualCogA_Task-1,10,1,-1,0.17656201918071657,raw_qc_pass,target_locked,temporal::logistic_wave64_l2_0.1,VisualCogA_Task-1
VisualCogA_Task-1,11,1,-1,0.051101447268270934,raw_qc_pass,target_locked,temporal::logistic_wave64_l2_0.1,VisualCogA_Task-1
VisualCogA_Task-1,12,-1,-1,0.03175896640366349,raw_qc_pass,target_locked,temporal::logistic_wave64_l2_0.1,VisualCogA_Task-1
VisualCogA_Task-1,13,-1,-1,0.30868245972819014,raw_qc_pass,target_locked,temporal::logistic_wave64_l2_0.1,VisualCogA_Task-1
VisualCogA_Task-1,14,1,-1,0.31976942828744837,raw_qc_pass,target_locked,temporal::logistic_wave64_l2_0.1,VisualCogA_Task-1
VisualCogA_Task-1,15,-1,1,0.5245094089107044,raw_qc_pass,target_locked,temporal::logistic_wave64_l2_0.1,VisualCogA_Task-1
VisualCogA_Task-1,16,1,1,0.6324396647391515,raw_qc_pass,target_locked,temporal::logistic_wave64_l2_0.1,VisualCogA_Task-1
VisualCogA_Task-1,17,-1,1,0.9774032041557001,raw_qc_pass,target_locked,temporal::logistic_wave64_l2_0.1,VisualCogA_Task-1
VisualCogA_Task-1,18,-1,1,0.9603870648358506,raw_qc_pass,target_locked,temporal::logistic_wave64_l2_0.1,VisualCogA_Task-1
VisualCogA_Task-1,19,1,-1,0.08201122597085501,raw_qc_pass,target_locked,temporal::logistic_wave64_l2_0.1,VisualCogA_Task-1
VisualCogA_Task-1,20,-1,-1,0.1948623671225692,raw_qc_pass,target_locked,temporal::logistic_wave64_l2_0.1,VisualCogA_Task-1
VisualCogA_Task-1,21,-1,-1,0.045238836071111045,raw_qc_pass,target_locked,temporal::logistic_wave64_l2_0.1,VisualCogA_Task-1
VisualCogA_Task-1,22,1,-1,0.48433089528829903,raw_qc_pass,target_locked,temporal::logistic_wave64_l2_0.1,VisualCogA_Task-1
VisualCogA_Task-1,23,-1,-1,0.3761057197736601,raw_qc_pass,target_locked,temporal::logistic_wave64_l2_0.1,VisualCogA_Task-1
VisualCogA_Task-1,24,-1,1,0.6656655177567004,raw_qc_pass,target_locked,temporal::logistic_wave64_l2_0.1,VisualCogA_Task-1
VisualCogA_Task-1,25,1,-1,0.35673870309797007,raw_qc_pass,target_locked,temporal::logistic_wave64_l2_0.1,VisualCogA_Task-1
VisualCogA_Task-1,26,1,1,0.9284777954509897,raw_qc_pass,target_locked,temporal::logistic_wave64_l2_0.1,VisualCogA_Task-1
VisualCogA_Task-1,27,-1,1,0.9588477313599966,raw_qc_pass,target_locked,temporal::logistic_wave64_l2_0.1,VisualCogA_Task-1
VisualCogA_Task-1,28,-1,1,0.7043017676274183,raw_qc_pass,target_locked,temporal::logistic_wave64_l2_0.1,VisualCogA_Task-1
VisualCogA_Task-1,29,-1,1,0.7818054208113767,raw_qc_pass,target_locked,temporal::logistic_wave64_l2_0.1,VisualCogA_Task-1
VisualCogA_Task-1,30,-1,-1,0.30449657207937547,raw_qc_pass,target_locked,temporal::logistic_wave64_l2_0.1,VisualCogA_Task-1
VisualCogA_Task-1,31,1,-1,0.3053805244123757,raw_qc_pass,target_locked,temporal::logistic_wave64_l2_0.1,VisualCogA_Task-1
VisualCogA_Task-1,32,1,-1,0.19120845384444968,raw_qc_pass,target_locked,temporal::logistic_wave64_l2_0.1,VisualCogA_Task-1
VisualCogA_Task-1,33,-1,-1,0.1908204827071877,raw_qc_pass,target_locked,temporal::logistic_wave64_l2_0.1,VisualCogA_Task-1
VisualCogA_Task-1,34,1,-1,0.23008113814081121,raw_qc_pass,target_locked,temporal::logistic_wave64_l2_0.1,VisualCogA_Task-1
VisualCogA_Task-1,35,-1,1,0.5821884492446388,raw_qc_pass,target_locked,temporal::logistic_wave64_l2_0.1,VisualCogA_Task-1
VisualCogA_Task-1,36,-1,-1,0.21103823241935674,raw_qc_pass,target_locked,temporal::logistic_wave64_l2_0.1,VisualCogA_Task-1
VisualCogA_Task-1,37,-1,-1,0.33705045614485846,raw_qc_pass,target_locked,temporal::logistic_wave64_l2_0.1,VisualCogA_Task-1
VisualCogA_Task-1,38,-1,-1,0.3772195378083761,raw_qc_pass,target_locked,temporal::logistic_wave64_l2_0.1,VisualCogA_Task-1
VisualCogA_Task-1,39,-1,1,0.9859953315323159,raw_qc_pass,target_locked,temporal::logistic_wave64_l2_0.1,VisualCogA_Task-1
VisualCogA_Task-1,40,-1,-1,0.11041082498831183,raw_qc_pass,target_locked,temporal::logistic_wave64_l2_0.1,VisualCogA_Task-1
VisualCogA_Task-1,41,1,1,0.9887203291663826,raw_qc_pass,target_locked,temporal::logistic_wave64_l2_0.1,VisualCogA_Task-1
VisualCogA_Task-1,42,-1,-1,0.150766694549321,raw_qc_pass,target_locked,temporal::logistic_wave64_l2_0.1,VisualCogA_Task-1
VisualCogA_Task-1,43,1,1,0.5103800613686025,raw_qc_pass,target_locked,temporal::logistic_wave64_l2_0.1,VisualCogA_Task-1
VisualCogA_Task-1,44,-1,1,0.8262974398432054,raw_qc_pass,target_locked,temporal::logistic_wave64_l2_0.1,VisualCogA_Task-1
VisualCogA_Task-1,45,-1,1,0.6178619804135764,raw_qc_pass,target_locked,temporal::logistic_wave64_l2_0.1,VisualCogA_Task-1
VisualCogA_Task-1,46,-1,-1,0.1908728485600163,raw_qc_pass,target_locked,temporal::logistic_wave64_l2_0.1,VisualCogA_Task-1
VisualCogA_Task-1,47,1,-1,0.05483460564768536,raw_qc_pass,target_locked,temporal::logistic_wave64_l2_0.1,VisualCogA_Task-1
VisualCogA_Task-1,48,-1,1,0.8140812568692515,raw_qc_pass,target_locked,temporal::logistic_wave64_l2_0.1,VisualCogA_Task-1
VisualCogA_Task-1,49,-1,-1,0.11963134896044701,raw_qc_pass,target_locked,temporal::logistic_wave64_l2_0.1,VisualCogA_Task-1
VisualCogA_Task-1,50,1,1,0.8201450789384878,raw_qc_pass,target_locked,temporal::logistic_wave64_l2_0.1,VisualCogA_Task-1
VisualCogA_Task-1,51,1,-1,0.2296275819508471,raw_qc_pass,target_locked,temporal::logistic_wave64_l2_0.1,VisualCogA_Task-1
VisualCogA_Task-1,52,1,-1,0.11389923205500896,raw_qc_pass,target_locked,temporal::logistic_wave64_l2_0.1,VisualCogA_Task-1
VisualCogA_Task-1,53,-1,-1,0.03297627436754805,raw_qc_pass,target_locked,temporal::logistic_wave64_l2_0.1,VisualCogA_Task-1
VisualCogA_Task-1,54,1,-1,0.1805309291280651,raw_qc_pass,target_locked,temporal::logistic_wave64_l2_0.1,VisualCogA_Task-1
VisualCogA_Task-1,55,-1,1,0.802854070566757,raw_qc_pass,target_locked,temporal::logistic_wave64_l2_0.1,VisualCogA_Task-1
VisualCogA_Task-1,56,-1,-1,0.05173646303542668,raw_qc_pass,target_locked,temporal::logistic_wave64_l2_0.1,VisualCogA_Task-1
VisualCogA_Task-1,57,1,1,0.9500717973599637,raw_qc_pass,target_locked,temporal::logistic_wave64_l2_0.1,VisualCogA_Task-1
VisualCogA_Task-1,58,1,-1,0.029328870085158696,raw_qc_pass,target_locked,temporal::logistic_wave64_l2_0.1,VisualCogA_Task-1
VisualCogA_Task-1,59,-1,1,0.6306573224587857,raw_qc_pass,target_locked,temporal::logistic_wave64_l2_0.1,VisualCogA_Task-1
VisualCogA_Task-1,60,1,-1,0.10112962946960377,raw_qc_pass,target_locked,temporal::logistic_wave64_l2_0.1,VisualCogA_Task-1
VisualCogA_Task-1,61,-1,-1,0.053339900064312246,raw_qc_pass,target_locked,temporal::logistic_wave64_l2_0.1,VisualCogA_Task-1
VisualCogA_Task-1,62,1,-1,0.04972371391726003,raw_qc_pass,target_locked,temporal::logistic_wave64_l2_0.1,VisualCogA_Task-1
VisualCogA_Task-1,63,1,-1,0.2044947358057126,raw_qc_pass,target_locked,temporal::logistic_wave64_l2_0.1,VisualCogA_Task-1
VisualCogA_Task-1,64,-1,1,0.8656689122893224,raw_qc_pass,target_locked,temporal::logistic_wave64_l2_0.1,VisualCogA_Task-1
VisualCogA_Task-1,65,1,1,0.8779401509535213,raw_qc_pass,target_locked,temporal::logistic_wave64_l2_0.1,VisualCogA_Task-1
VisualCogA_Task-1,66,-1,1,0.978782143145996,raw_qc_pass,target_locked,temporal::logistic_wave64_l2_0.1,VisualCogA_Task-1
VisualCogA_Task-1,67,-1,-1,0.2933432048837361,raw_qc_pass,target_locked,temporal::logistic_wave64_l2_0.1,VisualCogA_Task-1
VisualCogA_Task-1,68,1,1,0.942809479472995,raw_qc_pass,target_locked,temporal::logistic_wave64_l2_0.1,VisualCogA_Task-1
VisualCogA_Task-1,69,1,-1,0.0677466755872088,raw_qc_pass,target_locked,temporal::logistic_wave64_l2_0.1,VisualCogA_Task-1
VisualCogA_Task-1,70,-1,-1,0.21453000573757205,raw_qc_pass,target_locked,temporal::logistic_wave64_l2_0.1,VisualCogA_Task-1
VisualCogA_Task-1,71,1,-1,0.3952484071317889,raw_qc_pass,target_locked,temporal::logistic_wave64_l2_0.1,VisualCogA_Task-1
VisualCogA_Task-1,72,-1,-1,0.06636526442078476,raw_qc_pass,target_locked,temporal::logistic_wave64_l2_0.1,VisualCogA_Task-1
VisualCogA_Task-1,73,1,-1,0.33403493547323576,raw_qc_pass,target_locked,temporal::logistic_wave64_l2_0.1,VisualCogA_Task-1
VisualCogA_Task-1,74,-1,1,0.8181593141752991,raw_qc_pass,target_locked,temporal::logistic_wave64_l2_0.1,VisualCogA_Task-1
VisualCogA_Task-1,75,1,1,0.9757674034395549,raw_qc_pass,target_locked,temporal::logistic_wave64_l2_0.1,VisualCogA_Task-1
VisualCogA_Task-1,76,-1,-1,0.038331159591876884,raw_qc_pass,target_locked,temporal::logistic_wave64_l2_0.1,VisualCogA_Task-1
VisualCogA_Task-1,77,-1,1,0.9429169868811373,raw_qc_pass,target_locked,temporal::logistic_wave64_l2_0.1,VisualCogA_Task-1
VisualCogA_Task-1,78,-1,1,0.631918739020462,raw_qc_pass,target_locked,temporal::logistic_wave64_l2_0.1,VisualCogA_Task-1
VisualCogA_Task-1,79,-1,1,0.6270784518011041,raw_qc_pass,target_locked,temporal::logistic_wave64_l2_0.1,VisualCogA_Task-1
VisualCogA_Task-1,80,-1,1,0.815411881657389,raw_qc_pass,target_locked,temporal::logistic_wave64_l2_0.1,VisualCogA_Task-1
VisualCogA_Task-1,81,1,1,0.7346136510601262,raw_qc_pass,target_locked,temporal::logistic_wave64_l2_0.1,VisualCogA_Task-1
VisualCogA_Task-1,82,-1,-1,0.16334572267647282,raw_qc_pass,target_locked,temporal::logistic_wave64_l2_0.1,VisualCogA_Task-1
VisualCogA_Task-1,83,1,-1,0.4063561572192334,raw_qc_pass,target_locked,temporal::logistic_wave64_l2_0.1,VisualCogA_Task-1
VisualCogA_Task-1,84,-1,-1,0.2866480957315899,raw_qc_pass,target_locked,temporal::logistic_wave64_l2_0.1,VisualCogA_Task-1
VisualCogA_Task-1,85,1,-1,0.14999191686537866,raw_qc_pass,target_locked,temporal::logistic_wave64_l2_0.1,VisualCogA_Task-1
VisualCogA_Task-1,86,1,1,0.6469347959897512,raw_qc_pass,target_locked,temporal::logistic_wave64_l2_0.1,VisualCogA_Task-1
VisualCogA_Task-1,87,1,-1,0.3279082333881699,raw_qc_pass,target_locked,temporal::logistic_wave64_l2_0.1,VisualCogA_Task-1
VisualCogA_Task-1,88,1,1,0.763156206607556,raw_qc_pass,target_locked,temporal::logistic_wave64_l2_0.1,VisualCogA_Task-1
VisualCogA_Task-1,89,1,1,0.6927022005389514,raw_qc_pass,target_locked,temporal::logistic_wave64_l2_0.1,VisualCogA_Task-1
VisualCogA_Task-1,90,-1,-1,0.3992776520390685,raw_qc_pass,target_locked,temporal::logistic_wave64_l2_0.1,VisualCogA_Task-1
VisualCogA_Task-1,91,1,-1,0.026874094992446054,raw_qc_pass,target_locked,temporal::logistic_wave64_l2_0.1,VisualCogA_Task-1
VisualCogA_Task-1,92,1,1,0.8751007851345727,raw_qc_pass,target_locked,temporal::logistic_wave64_l2_0.1,VisualCogA_Task-1
VisualCogA_Task-1,93,1,-1,0.13539755456327981,raw_qc_pass,target_locked,temporal::logistic_wave64_l2_0.1,VisualCogA_Task-1
VisualCogA_Task-1,94,-1,-1,0.36087731584057364,raw_qc_pass,target_locked,temporal::logistic_wave64_l2_0.1,VisualCogA_Task-1
VisualCogA_Task-1,95,1,-1,0.12099747791520532,raw_qc_pass,target_locked,temporal::logistic_wave64_l2_0.1,VisualCogA_Task-1
VisualCogA_Task-1,96,1,1,0.8453761948305138,raw_qc_pass,target_locked,temporal::logistic_wave64_l2_0.1,VisualCogA_Task-1
VisualCogA_Task-1,97,-1,1,0.6565557590663017,raw_qc_pass,target_locked,temporal::logistic_wave64_l2_0.1,VisualCogA_Task-1
VisualCogA_Task-1,98,-1,-1,0.2227281363616572,raw_qc_pass,target_locked,temporal::logistic_wave64_l2_0.1,VisualCogA_Task-1
VisualCogA_Task-1,99,1,1,0.9227981678375258,raw_qc_pass,target_locked,temporal::logistic_wave64_l2_0.1,VisualCogA_Task-1
VisualCogA_Task-2,0,1,-1,-0.9339931385689149,raw_qc_pass,target_locked,round1::rbf_svm_drop_redundant_alpha_asym_12_C_10_gamma_0.03,VisualCogA_Task-2
VisualCogA_Task-2,1,-1,-1,-0.8754605513547722,raw_qc_pass,target_locked,round1::rbf_svm_drop_redundant_alpha_asym_12_C_10_gamma_0.03,VisualCogA_Task-2
VisualCogA_Task-2,2,-1,1,0.3011061512259372,raw_qc_pass,target_locked,round1::rbf_svm_drop_redundant_alpha_asym_12_C_10_gamma_0.03,VisualCogA_Task-2
VisualCogA_Task-2,3,-1,-1,-0.8109121157105819,raw_qc_pass,target_locked,round1::rbf_svm_drop_redundant_alpha_asym_12_C_10_gamma_0.03,VisualCogA_Task-2
VisualCogA_Task-2,4,1,-1,-0.1030420629249662,raw_qc_pass,target_locked,round1::rbf_svm_drop_redundant_alpha_asym_12_C_10_gamma_0.03,VisualCogA_Task-2
VisualCogA_Task-2,5,-1,1,0.39685677097973193,raw_qc_pass,target_locked,round1::rbf_svm_drop_redundant_alpha_asym_12_C_10_gamma_0.03,VisualCogA_Task-2
VisualCogA_Task-2,6,1,1,0.10592656360248554,raw_qc_pass,target_locked,round1::rbf_svm_drop_redundant_alpha_asym_12_C_10_gamma_0.03,VisualCogA_Task-2
VisualCogA_Task-2,7,1,-1,-0.922203723837882,raw_qc_pass,target_locked,round1::rbf_svm_drop_redundant_alpha_asym_12_C_10_gamma_0.03,VisualCogA_Task-2
VisualCogA_Task-2,8,-1,-1,-0.3357631883645553,raw_qc_pass,target_locked,round1::rbf_svm_drop_redundant_alpha_asym_12_C_10_gamma_0.03,VisualCogA_Task-2
VisualCogA_Task-2,9,-1,-1,-1.9865328571317618,raw_qc_pass,target_locked,round1::rbf_svm_drop_redundant_alpha_asym_12_C_10_gamma_0.03,VisualCogA_Task-2
VisualCogA_Task-2,10,1,1,0.2085961413291766,raw_qc_pass,target_locked,round1::rbf_svm_drop_redundant_alpha_asym_12_C_10_gamma_0.03,VisualCogA_Task-2
VisualCogA_Task-2,11,1,-1,-0.37745943615863475,raw_qc_pass,target_locked,round1::rbf_svm_drop_redundant_alpha_asym_12_C_10_gamma_0.03,VisualCogA_Task-2
VisualCogA_Task-2,12,1,-1,-0.16480422109438586,raw_qc_pass,target_locked,round1::rbf_svm_drop_redundant_alpha_asym_12_C_10_gamma_0.03,VisualCogA_Task-2
VisualCogA_Task-2,13,-1,-1,-0.16289694883129102,raw_qc_pass,target_locked,round1::rbf_svm_drop_redundant_alpha_asym_12_C_10_gamma_0.03,VisualCogA_Task-2
VisualCogA_Task-2,14,-1,-1,-0.7887708671720788,raw_qc_pass,target_locked,round1::rbf_svm_drop_redundant_alpha_asym_12_C_10_gamma_0.03,VisualCogA_Task-2
VisualCogA_Task-2,15,-1,-1,-1.5289358392769354,raw_qc_pass,target_locked,round1::rbf_svm_drop_redundant_alpha_asym_12_C_10_gamma_0.03,VisualCogA_Task-2
VisualCogA_Task-2,16,1,1,0.6169994521256734,raw_qc_pass,target_locked,round1::rbf_svm_drop_redundant_alpha_asym_12_C_10_gamma_0.03,VisualCogA_Task-2
VisualCogA_Task-2,17,1,-1,-0.42648296917444495,raw_qc_pass,target_locked,round1::rbf_svm_drop_redundant_alpha_asym_12_C_10_gamma_0.03,VisualCogA_Task-2
VisualCogA_Task-2,18,-1,-1,-0.03707543689699411,raw_qc_pass,target_locked,round1::rbf_svm_drop_redundant_alpha_asym_12_C_10_gamma_0.03,VisualCogA_Task-2
VisualCogA_Task-2,19,-1,-1,-0.7185919575321045,raw_qc_pass,target_locked,round1::rbf_svm_drop_redundant_alpha_asym_12_C_10_gamma_0.03,VisualCogA_Task-2
VisualCogA_Task-2,20,1,-1,-0.0907541770843141,raw_qc_pass,target_locked,round1::rbf_svm_drop_redundant_alpha_asym_12_C_10_gamma_0.03,VisualCogA_Task-2
VisualCogA_Task-2,21,-1,1,1.7122424203394677,raw_qc_pass,target_locked,round1::rbf_svm_drop_redundant_alpha_asym_12_C_10_gamma_0.03,VisualCogA_Task-2
VisualCogA_Task-2,22,1,-1,-0.9940178584871584,raw_qc_pass,target_locked,round1::rbf_svm_drop_redundant_alpha_asym_12_C_10_gamma_0.03,VisualCogA_Task-2
VisualCogA_Task-2,23,1,1,0.26129755403032884,raw_qc_pass,target_locked,round1::rbf_svm_drop_redundant_alpha_asym_12_C_10_gamma_0.03,VisualCogA_Task-2
VisualCogA_Task-2,24,-1,-1,-1.0061662251744068,raw_qc_pass,target_locked,round1::rbf_svm_drop_redundant_alpha_asym_12_C_10_gamma_0.03,VisualCogA_Task-2
VisualCogA_Task-2,25,-1,-1,-2.184458113753913,raw_qc_pass,target_locked,round1::rbf_svm_drop_redundant_alpha_asym_12_C_10_gamma_0.03,VisualCogA_Task-2
VisualCogA_Task-2,26,1,1,0.27008424961734767,raw_qc_pass,target_locked,round1::rbf_svm_drop_redundant_alpha_asym_12_C_10_gamma_0.03,VisualCogA_Task-2
VisualCogA_Task-2,27,1,-1,-0.3257730323950867,raw_qc_pass,target_locked,round1::rbf_svm_drop_redundant_alpha_asym_12_C_10_gamma_0.03,VisualCogA_Task-2
VisualCogA_Task-2,28,1,-1,-1.2791684204832798,raw_qc_pass,target_locked,round1::rbf_svm_drop_redundant_alpha_asym_12_C_10_gamma_0.03,VisualCogA_Task-2
VisualCogA_Task-2,29,-1,-1,-0.3999488856484412,raw_qc_pass,target_locked,round1::rbf_svm_drop_redundant_alpha_asym_12_C_10_gamma_0.03,VisualCogA_Task-2
VisualCogA_Task-2,31,-1,-1,-1.4536824153664638,raw_qc_pass,target_locked,round1::rbf_svm_drop_redundant_alpha_asym_12_C_10_gamma_0.03,VisualCogA_Task-2
VisualCogA_Task-2,32,1,1,0.2546177485453627,raw_qc_pass,target_locked,round1::rbf_svm_drop_redundant_alpha_asym_12_C_10_gamma_0.03,VisualCogA_Task-2
VisualCogA_Task-2,34,-1,-1,-0.9467523188006182,raw_qc_pass,target_locked,round1::rbf_svm_drop_redundant_alpha_asym_12_C_10_gamma_0.03,VisualCogA_Task-2
VisualCogA_Task-2,35,1,-1,-0.680485492151303,raw_qc_pass,target_locked,round1::rbf_svm_drop_redundant_alpha_asym_12_C_10_gamma_0.03,VisualCogA_Task-2
VisualCogA_Task-2,36,1,1,0.7452470975099448,raw_qc_pass,target_locked,round1::rbf_svm_drop_redundant_alpha_asym_12_C_10_gamma_0.03,VisualCogA_Task-2
VisualCogA_Task-2,37,-1,1,0.16993246626700986,raw_qc_pass,target_locked,round1::rbf_svm_drop_redundant_alpha_asym_12_C_10_gamma_0.03,VisualCogA_Task-2
VisualCogA_Task-2,38,1,-1,-0.3531759938934471,raw_qc_pass,target_locked,round1::rbf_svm_drop_redundant_alpha_asym_12_C_10_gamma_0.03,VisualCogA_Task-2
VisualCogA_Task-2,39,-1,1,0.14581377386801253,raw_qc_pass,target_locked,round1::rbf_svm_drop_redundant_alpha_asym_12_C_10_gamma_0.03,VisualCogA_Task-2
VisualCogA_Task-2,40,-1,1,0.26670704593800276,raw_qc_pass,target_locked,round1::rbf_svm_drop_redundant_alpha_asym_12_C_10_gamma_0.03,VisualCogA_Task-2
VisualCogA_Task-2,41,-1,1,0.3946138243867201,raw_qc_pass,target_locked,round1::rbf_svm_drop_redundant_alpha_asym_12_C_10_gamma_0.03,VisualCogA_Task-2
VisualCogA_Task-2,42,-1,-1,-0.3545401768829335,raw_qc_pass,target_locked,round1::rbf_svm_drop_redundant_alpha_asym_12_C_10_gamma_0.03,VisualCogA_Task-2
VisualCogA_Task-2,43,-1,-1,-1.193215122161366,raw_qc_pass,target_locked,round1::rbf_svm_drop_redundant_alpha_asym_12_C_10_gamma_0.03,VisualCogA_Task-2
VisualCogA_Task-2,44,-1,1,0.3738376690212408,raw_qc_pass,target_locked,round1::rbf_svm_drop_redundant_alpha_asym_12_C_10_gamma_0.03,VisualCogA_Task-2
VisualCogA_Task-2,45,-1,1,0.009701696509935687,raw_qc_pass,target_locked,round1::rbf_svm_drop_redundant_alpha_asym_12_C_10_gamma_0.03,VisualCogA_Task-2
VisualCogA_Task-2,46,-1,1,0.5170767705310657,raw_qc_pass,target_locked,round1::rbf_svm_drop_redundant_alpha_asym_12_C_10_gamma_0.03,VisualCogA_Task-2
VisualCogA_Task-2,47,-1,-1,-0.6406899901668013,raw_qc_pass,target_locked,round1::rbf_svm_drop_redundant_alpha_asym_12_C_10_gamma_0.03,VisualCogA_Task-2
VisualCogA_Task-2,48,1,-1,-1.2236261751829762,raw_qc_pass,target_locked,round1::rbf_svm_drop_redundant_alpha_asym_12_C_10_gamma_0.03,VisualCogA_Task-2
VisualCogA_Task-2,49,1,-1,-0.8383158883180395,raw_qc_pass,target_locked,round1::rbf_svm_drop_redundant_alpha_asym_12_C_10_gamma_0.03,VisualCogA_Task-2
VisualCogA_Task-2,50,-1,-1,-1.299643623627586,raw_qc_pass,target_locked,round1::rbf_svm_drop_redundant_alpha_asym_12_C_10_gamma_0.03,VisualCogA_Task-2
VisualCogA_Task-2,51,1,-1,-0.07371114964144021,raw_qc_pass,target_locked,round1::rbf_svm_drop_redundant_alpha_asym_12_C_10_gamma_0.03,VisualCogA_Task-2
VisualCogA_Task-2,52,1,-1,-1.3312306123832356,raw_qc_pass,target_locked,round1::rbf_svm_drop_redundant_alpha_asym_12_C_10_gamma_0.03,VisualCogA_Task-2
VisualCogA_Task-2,53,-1,-1,-0.10101368129106825,raw_qc_pass,target_locked,round1::rbf_svm_drop_redundant_alpha_asym_12_C_10_gamma_0.03,VisualCogA_Task-2
VisualCogA_Task-2,54,-1,-1,-0.5589354405347591,raw_qc_pass,target_locked,round1::rbf_svm_drop_redundant_alpha_asym_12_C_10_gamma_0.03,VisualCogA_Task-2
VisualCogA_Task-2,55,1,-1,-0.37352587421036554,raw_qc_pass,target_locked,round1::rbf_svm_drop_redundant_alpha_asym_12_C_10_gamma_0.03,VisualCogA_Task-2
VisualCogA_Task-2,56,1,-1,-0.18763545230050505,raw_qc_pass,target_locked,round1::rbf_svm_drop_redundant_alpha_asym_12_C_10_gamma_0.03,VisualCogA_Task-2
VisualCogA_Task-2,57,1,-1,-1.1697823228303303,raw_qc_pass,target_locked,round1::rbf_svm_drop_redundant_alpha_asym_12_C_10_gamma_0.03,VisualCogA_Task-2
VisualCogA_Task-2,58,1,1,0.5243010981224738,raw_qc_pass,target_locked,round1::rbf_svm_drop_redundant_alpha_asym_12_C_10_gamma_0.03,VisualCogA_Task-2
VisualCogA_Task-2,59,1,1,0.10375043253081606,raw_qc_pass,target_locked,round1::rbf_svm_drop_redundant_alpha_asym_12_C_10_gamma_0.03,VisualCogA_Task-2
VisualCogA_Task-2,60,-1,1,0.2994896715421145,raw_qc_pass,target_locked,round1::rbf_svm_drop_redundant_alpha_asym_12_C_10_gamma_0.03,VisualCogA_Task-2
VisualCogA_Task-2,61,1,-1,-0.8604298883851469,raw_qc_pass,target_locked,round1::rbf_svm_drop_redundant_alpha_asym_12_C_10_gamma_0.03,VisualCogA_Task-2
VisualCogA_Task-2,62,-1,1,0.10021299156211305,raw_qc_pass,target_locked,round1::rbf_svm_drop_redundant_alpha_asym_12_C_10_gamma_0.03,VisualCogA_Task-2
VisualCogA_Task-2,63,-1,1,0.6880652454465721,raw_qc_pass,target_locked,round1::rbf_svm_drop_redundant_alpha_asym_12_C_10_gamma_0.03,VisualCogA_Task-2
VisualCogA_Task-2,64,1,-1,-0.9861070656847384,raw_qc_pass,target_locked,round1::rbf_svm_drop_redundant_alpha_asym_12_C_10_gamma_0.03,VisualCogA_Task-2
VisualCogA_Task-2,65,-1,-1,-0.36545379344535633,raw_qc_pass,target_locked,round1::rbf_svm_drop_redundant_alpha_asym_12_C_10_gamma_0.03,VisualCogA_Task-2
VisualCogA_Task-2,66,1,-1,-0.4589986210615178,raw_qc_pass,target_locked,round1::rbf_svm_drop_redundant_alpha_asym_12_C_10_gamma_0.03,VisualCogA_Task-2
VisualCogA_Task-2,67,1,1,0.37915852711845405,raw_qc_pass,target_locked,round1::rbf_svm_drop_redundant_alpha_asym_12_C_10_gamma_0.03,VisualCogA_Task-2
VisualCogA_Task-2,68,-1,-1,-0.15181264949716256,raw_qc_pass,target_locked,round1::rbf_svm_drop_redundant_alpha_asym_12_C_10_gamma_0.03,VisualCogA_Task-2
VisualCogA_Task-2,69,-1,-1,-1.761053878600743,raw_qc_pass,target_locked,round1::rbf_svm_drop_redundant_alpha_asym_12_C_10_gamma_0.03,VisualCogA_Task-2
VisualCogA_Task-2,70,1,1,0.12659499223049386,raw_qc_pass,target_locked,round1::rbf_svm_drop_redundant_alpha_asym_12_C_10_gamma_0.03,VisualCogA_Task-2
VisualCogA_Task-2,71,1,1,0.2568378057039007,raw_qc_pass,target_locked,round1::rbf_svm_drop_redundant_alpha_asym_12_C_10_gamma_0.03,VisualCogA_Task-2
VisualCogA_Task-2,72,1,-1,-2.0481073449474705,raw_qc_pass,target_locked,round1::rbf_svm_drop_redundant_alpha_asym_12_C_10_gamma_0.03,VisualCogA_Task-2
VisualCogA_Task-2,73,1,-1,-1.0001792275968382,raw_qc_pass,target_locked,round1::rbf_svm_drop_redundant_alpha_asym_12_C_10_gamma_0.03,VisualCogA_Task-2
VisualCogA_Task-2,74,-1,1,2.2542467989085906,raw_qc_pass,target_locked,round1::rbf_svm_drop_redundant_alpha_asym_12_C_10_gamma_0.03,VisualCogA_Task-2
VisualCogA_Task-2,75,-1,-1,-0.05808560188709344,raw_qc_pass,target_locked,round1::rbf_svm_drop_redundant_alpha_asym_12_C_10_gamma_0.03,VisualCogA_Task-2
VisualCogA_Task-2,76,-1,-1,-0.5732531217470689,raw_qc_pass,target_locked,round1::rbf_svm_drop_redundant_alpha_asym_12_C_10_gamma_0.03,VisualCogA_Task-2
VisualCogA_Task-2,77,1,1,0.22370983704459646,raw_qc_pass,target_locked,round1::rbf_svm_drop_redundant_alpha_asym_12_C_10_gamma_0.03,VisualCogA_Task-2
VisualCogA_Task-2,78,-1,-1,-0.15748075597961742,raw_qc_pass,target_locked,round1::rbf_svm_drop_redundant_alpha_asym_12_C_10_gamma_0.03,VisualCogA_Task-2
VisualCogA_Task-2,79,1,-1,-0.8164279307232996,raw_qc_pass,target_locked,round1::rbf_svm_drop_redundant_alpha_asym_12_C_10_gamma_0.03,VisualCogA_Task-2
VisualCogA_Task-2,80,-1,1,0.25152268993835736,raw_qc_pass,target_locked,round1::rbf_svm_drop_redundant_alpha_asym_12_C_10_gamma_0.03,VisualCogA_Task-2
VisualCogA_Task-2,81,1,-1,-0.6366119741440512,raw_qc_pass,target_locked,round1::rbf_svm_drop_redundant_alpha_asym_12_C_10_gamma_0.03,VisualCogA_Task-2
VisualCogA_Task-2,82,1,-1,-0.8295488820485784,raw_qc_pass,target_locked,round1::rbf_svm_drop_redundant_alpha_asym_12_C_10_gamma_0.03,VisualCogA_Task-2
VisualCogA_Task-2,83,-1,1,0.03300815906930743,raw_qc_pass,target_locked,round1::rbf_svm_drop_redundant_alpha_asym_12_C_10_gamma_0.03,VisualCogA_Task-2
VisualCogA_Task-2,84,1,1,0.6694606413639259,raw_qc_pass,target_locked,round1::rbf_svm_drop_redundant_alpha_asym_12_C_10_gamma_0.03,VisualCogA_Task-2
VisualCogA_Task-2,85,-1,-1,-0.7219641301539874,raw_qc_pass,target_locked,round1::rbf_svm_drop_redundant_alpha_asym_12_C_10_gamma_0.03,VisualCogA_Task-2
VisualCogA_Task-2,86,-1,1,0.5987831906829555,raw_qc_pass,target_locked,round1::rbf_svm_drop_redundant_alpha_asym_12_C_10_gamma_0.03,VisualCogA_Task-2
VisualCogA_Task-2,87,1,-1,-0.8124950990306277,raw_qc_pass,target_locked,round1::rbf_svm_drop_redundant_alpha_asym_12_C_10_gamma_0.03,VisualCogA_Task-2
VisualCogA_Task-2,88,-1,-1,-1.1141505752541827,raw_qc_pass,target_locked,round1::rbf_svm_drop_redundant_alpha_asym_12_C_10_gamma_0.03,VisualCogA_Task-2
VisualCogA_Task-2,89,-1,-1,-0.15160608570066825,raw_qc_pass,target_locked,round1::rbf_svm_drop_redundant_alpha_asym_12_C_10_gamma_0.03,VisualCogA_Task-2
VisualCogA_Task-2,90,-1,-1,-1.4896965390702237,raw_qc_pass,target_locked,round1::rbf_svm_drop_redundant_alpha_asym_12_C_10_gamma_0.03,VisualCogA_Task-2
VisualCogA_Task-2,91,-1,1,0.20738787867684993,raw_qc_pass,target_locked,round1::rbf_svm_drop_redundant_alpha_asym_12_C_10_gamma_0.03,VisualCogA_Task-2
VisualCogA_Task-2,92,1,-1,-0.3710718226271881,raw_qc_pass,target_locked,round1::rbf_svm_drop_redundant_alpha_asym_12_C_10_gamma_0.03,VisualCogA_Task-2
VisualCogA_Task-2,93,-1,-1,-0.44411871858229124,raw_qc_pass,target_locked,round1::rbf_svm_drop_redundant_alpha_asym_12_C_10_gamma_0.03,VisualCogA_Task-2
VisualCogA_Task-2,94,-1,1,0.35613956921604806,raw_qc_pass,target_locked,round1::rbf_svm_drop_redundant_alpha_asym_12_C_10_gamma_0.03,VisualCogA_Task-2
VisualCogA_Task-2,95,-1,-1,-0.33552241210553535,raw_qc_pass,target_locked,round1::rbf_svm_drop_redundant_alpha_asym_12_C_10_gamma_0.03,VisualCogA_Task-2
VisualCogA_Task-2,96,-1,1,0.827949496643283,raw_qc_pass,target_locked,round1::rbf_svm_drop_redundant_alpha_asym_12_C_10_gamma_0.03,VisualCogA_Task-2
VisualCogA_Task-2,97,-1,-1,-0.6534068543862663,raw_qc_pass,target_locked,round1::rbf_svm_drop_redundant_alpha_asym_12_C_10_gamma_0.03,VisualCogA_Task-2
VisualCogA_Task-2,98,-1,1,0.06849089624739846,raw_qc_pass,target_locked,round1::rbf_svm_drop_redundant_alpha_asym_12_C_10_gamma_0.03,VisualCogA_Task-2
VisualCogA_Task-2,99,-1,1,0.3682617838972886,raw_qc_pass,target_locked,round1::rbf_svm_drop_redundant_alpha_asym_12_C_10_gamma_0.03,VisualCogA_Task-2
VisualCogB_Task-1,0,-1,-1,0.01391934782497782,raw_qc_pass,target_locked,temporal::logistic_wave64_l2_0.1,VisualCogB_Task-1
VisualCogB_Task-1,1,-1,1,0.7274515741678006,raw_qc_pass,target_locked,temporal::logistic_wave64_l2_0.1,VisualCogB_Task-1
VisualCogB_Task-1,2,1,-1,0.06359794332172145,raw_qc_pass,target_locked,temporal::logistic_wave64_l2_0.1,VisualCogB_Task-1
VisualCogB_Task-1,3,-1,-1,0.3427385410308925,raw_qc_pass,target_locked,temporal::logistic_wave64_l2_0.1,VisualCogB_Task-1
VisualCogB_Task-1,4,1,-1,0.493154680937843,raw_qc_pass,target_locked,temporal::logistic_wave64_l2_0.1,VisualCogB_Task-1
VisualCogB_Task-1,6,1,-1,0.1878497612037268,raw_qc_pass,target_locked,temporal::logistic_wave64_l2_0.1,VisualCogB_Task-1
VisualCogB_Task-1,7,-1,-1,0.006786969212116966,raw_qc_pass,target_locked,temporal::logistic_wave64_l2_0.1,VisualCogB_Task-1
VisualCogB_Task-1,8,-1,1,0.9029565756185352,raw_qc_pass,target_locked,temporal::logistic_wave64_l2_0.1,VisualCogB_Task-1
VisualCogB_Task-1,9,-1,-1,0.23977337383059744,raw_qc_pass,target_locked,temporal::logistic_wave64_l2_0.1,VisualCogB_Task-1
VisualCogB_Task-1,10,1,1,0.995609225936713,raw_qc_pass,target_locked,temporal::logistic_wave64_l2_0.1,VisualCogB_Task-1
VisualCogB_Task-1,11,-1,1,0.7126979223795266,raw_qc_pass,target_locked,temporal::logistic_wave64_l2_0.1,VisualCogB_Task-1
VisualCogB_Task-1,12,1,1,0.8520160450698215,raw_qc_pass,target_locked,temporal::logistic_wave64_l2_0.1,VisualCogB_Task-1
VisualCogB_Task-1,13,1,-1,0.2973738546332272,raw_qc_pass,target_locked,temporal::logistic_wave64_l2_0.1,VisualCogB_Task-1
VisualCogB_Task-1,14,-1,-1,0.47285004180138157,raw_qc_pass,target_locked,temporal::logistic_wave64_l2_0.1,VisualCogB_Task-1
VisualCogB_Task-1,15,1,1,0.6389590696657295,raw_qc_pass,target_locked,temporal::logistic_wave64_l2_0.1,VisualCogB_Task-1
VisualCogB_Task-1,16,-1,-1,0.03537165703620098,raw_qc_pass,target_locked,temporal::logistic_wave64_l2_0.1,VisualCogB_Task-1
VisualCogB_Task-1,17,-1,-1,0.04133333236781709,raw_qc_pass,target_locked,temporal::logistic_wave64_l2_0.1,VisualCogB_Task-1
VisualCogB_Task-1,18,1,-1,0.2493507949006046,raw_qc_pass,target_locked,temporal::logistic_wave64_l2_0.1,VisualCogB_Task-1
VisualCogB_Task-1,19,-1,-1,0.1973512162470627,raw_qc_pass,target_locked,temporal::logistic_wave64_l2_0.1,VisualCogB_Task-1
VisualCogB_Task-1,20,1,-1,0.1713304829367801,raw_qc_pass,target_locked,temporal::logistic_wave64_l2_0.1,VisualCogB_Task-1
VisualCogB_Task-1,21,1,-1,0.018078678101910887,raw_qc_pass,target_locked,temporal::logistic_wave64_l2_0.1,VisualCogB_Task-1
VisualCogB_Task-1,22,1,-1,0.29828415620713716,raw_qc_pass,target_locked,temporal::logistic_wave64_l2_0.1,VisualCogB_Task-1
VisualCogB_Task-1,23,1,-1,0.0022380823509179346,raw_qc_pass,target_locked,temporal::logistic_wave64_l2_0.1,VisualCogB_Task-1
VisualCogB_Task-1,24,1,-1,0.06561268487986455,raw_qc_pass,target_locked,temporal::logistic_wave64_l2_0.1,VisualCogB_Task-1
VisualCogB_Task-1,25,1,1,0.743477272040971,raw_qc_pass,target_locked,temporal::logistic_wave64_l2_0.1,VisualCogB_Task-1
VisualCogB_Task-1,26,1,1,0.8798715752435201,raw_qc_pass,target_locked,temporal::logistic_wave64_l2_0.1,VisualCogB_Task-1
VisualCogB_Task-1,27,1,1,0.5626284082987034,raw_qc_pass,target_locked,temporal::logistic_wave64_l2_0.1,VisualCogB_Task-1
VisualCogB_Task-1,28,1,1,0.622263525180219,raw_qc_pass,target_locked,temporal::logistic_wave64_l2_0.1,VisualCogB_Task-1
VisualCogB_Task-1,29,-1,-1,0.13936603042037912,raw_qc_pass,target_locked,temporal::logistic_wave64_l2_0.1,VisualCogB_Task-1
VisualCogB_Task-1,30,1,-1,0.07975050793307993,raw_qc_pass,target_locked,temporal::logistic_wave64_l2_0.1,VisualCogB_Task-1
VisualCogB_Task-1,31,-1,-1,0.09623010601992756,raw_qc_pass,target_locked,temporal::logistic_wave64_l2_0.1,VisualCogB_Task-1
VisualCogB_Task-1,32,-1,-1,0.014795607602375204,raw_qc_pass,target_locked,temporal::logistic_wave64_l2_0.1,VisualCogB_Task-1
VisualCogB_Task-1,33,1,1,0.8954353960774125,raw_qc_pass,target_locked,temporal::logistic_wave64_l2_0.1,VisualCogB_Task-1
VisualCogB_Task-1,34,-1,1,0.6683192033518488,raw_qc_pass,target_locked,temporal::logistic_wave64_l2_0.1,VisualCogB_Task-1
VisualCogB_Task-1,35,-1,-1,0.22928305497178209,raw_qc_pass,target_locked,temporal::logistic_wave64_l2_0.1,VisualCogB_Task-1
VisualCogB_Task-1,36,-1,-1,0.3308101123931911,raw_qc_pass,target_locked,temporal::logistic_wave64_l2_0.1,VisualCogB_Task-1
VisualCogB_Task-1,37,-1,-1,0.11331691741068624,raw_qc_pass,target_locked,temporal::logistic_wave64_l2_0.1,VisualCogB_Task-1
VisualCogB_Task-1,38,1,1,0.8107146299923391,raw_qc_pass,target_locked,temporal::logistic_wave64_l2_0.1,VisualCogB_Task-1
VisualCogB_Task-1,39,1,1,0.7968610203927762,raw_qc_pass,target_locked,temporal::logistic_wave64_l2_0.1,VisualCogB_Task-1
VisualCogB_Task-1,40,-1,1,0.5702958161501772,raw_qc_pass,target_locked,temporal::logistic_wave64_l2_0.1,VisualCogB_Task-1
VisualCogB_Task-1,41,1,-1,0.42938929562170175,raw_qc_pass,target_locked,temporal::logistic_wave64_l2_0.1,VisualCogB_Task-1
VisualCogB_Task-1,42,1,-1,0.030976770029315353,raw_qc_pass,target_locked,temporal::logistic_wave64_l2_0.1,VisualCogB_Task-1
VisualCogB_Task-1,43,1,-1,0.313133980965949,raw_qc_pass,target_locked,temporal::logistic_wave64_l2_0.1,VisualCogB_Task-1
VisualCogB_Task-1,44,1,-1,0.2427457777443522,raw_qc_pass,target_locked,temporal::logistic_wave64_l2_0.1,VisualCogB_Task-1
VisualCogB_Task-1,45,-1,-1,0.08660813189291779,raw_qc_pass,target_locked,temporal::logistic_wave64_l2_0.1,VisualCogB_Task-1
VisualCogB_Task-1,46,-1,-1,0.01473109465228767,raw_qc_pass,target_locked,temporal::logistic_wave64_l2_0.1,VisualCogB_Task-1
VisualCogB_Task-1,47,1,1,0.9999852977682958,raw_qc_pass,target_locked,temporal::logistic_wave64_l2_0.1,VisualCogB_Task-1
VisualCogB_Task-1,48,1,-1,0.19514091840638578,raw_qc_pass,target_locked,temporal::logistic_wave64_l2_0.1,VisualCogB_Task-1
VisualCogB_Task-1,49,-1,-1,0.301369519757599,raw_qc_pass,target_locked,temporal::logistic_wave64_l2_0.1,VisualCogB_Task-1
VisualCogB_Task-1,50,1,-1,0.36362931251252584,raw_qc_pass,target_locked,temporal::logistic_wave64_l2_0.1,VisualCogB_Task-1
VisualCogB_Task-1,51,-1,1,0.7748369491083144,raw_qc_pass,target_locked,temporal::logistic_wave64_l2_0.1,VisualCogB_Task-1
VisualCogB_Task-1,52,1,-1,0.26511443893988557,raw_qc_pass,target_locked,temporal::logistic_wave64_l2_0.1,VisualCogB_Task-1
VisualCogB_Task-1,53,-1,1,0.5188385954488459,raw_qc_pass,target_locked,temporal::logistic_wave64_l2_0.1,VisualCogB_Task-1
VisualCogB_Task-1,54,1,-1,0.0026543936623187442,raw_qc_pass,target_locked,temporal::logistic_wave64_l2_0.1,VisualCogB_Task-1
VisualCogB_Task-1,55,-1,1,0.7763717572512109,raw_qc_pass,target_locked,temporal::logistic_wave64_l2_0.1,VisualCogB_Task-1
VisualCogB_Task-1,56,1,-1,0.35580057516271757,raw_qc_pass,target_locked,temporal::logistic_wave64_l2_0.1,VisualCogB_Task-1
VisualCogB_Task-1,57,1,-1,0.03194317110775204,raw_qc_pass,target_locked,temporal::logistic_wave64_l2_0.1,VisualCogB_Task-1
VisualCogB_Task-1,58,1,-1,0.34495289779850774,raw_qc_pass,target_locked,temporal::logistic_wave64_l2_0.1,VisualCogB_Task-1
VisualCogB_Task-1,59,1,-1,0.08616229123899809,raw_qc_pass,target_locked,temporal::logistic_wave64_l2_0.1,VisualCogB_Task-1
VisualCogB_Task-1,60,-1,1,0.8954432810334949,raw_qc_pass,target_locked,temporal::logistic_wave64_l2_0.1,VisualCogB_Task-1
VisualCogB_Task-1,61,-1,-1,0.0677331388747863,raw_qc_pass,target_locked,temporal::logistic_wave64_l2_0.1,VisualCogB_Task-1
VisualCogB_Task-1,62,1,1,0.9880415193937627,raw_qc_pass,target_locked,temporal::logistic_wave64_l2_0.1,VisualCogB_Task-1
VisualCogB_Task-1,63,-1,1,0.5246986482981467,raw_qc_pass,target_locked,temporal::logistic_wave64_l2_0.1,VisualCogB_Task-1
VisualCogB_Task-1,64,-1,-1,0.47026828920511615,raw_qc_pass,target_locked,temporal::logistic_wave64_l2_0.1,VisualCogB_Task-1
VisualCogB_Task-1,65,-1,1,0.7495014341101058,raw_qc_pass,target_locked,temporal::logistic_wave64_l2_0.1,VisualCogB_Task-1
VisualCogB_Task-1,66,1,-1,0.28597209215651465,raw_qc_pass,target_locked,temporal::logistic_wave64_l2_0.1,VisualCogB_Task-1
VisualCogB_Task-1,67,1,1,0.9637612903607334,raw_qc_pass,target_locked,temporal::logistic_wave64_l2_0.1,VisualCogB_Task-1
VisualCogB_Task-1,68,-1,-1,0.38396285462451457,raw_qc_pass,target_locked,temporal::logistic_wave64_l2_0.1,VisualCogB_Task-1
VisualCogB_Task-1,69,-1,-1,0.14369916087889723,raw_qc_pass,target_locked,temporal::logistic_wave64_l2_0.1,VisualCogB_Task-1
VisualCogB_Task-1,70,1,1,0.819423364625264,raw_qc_pass,target_locked,temporal::logistic_wave64_l2_0.1,VisualCogB_Task-1
VisualCogB_Task-1,71,1,-1,0.011225264794531765,raw_qc_pass,target_locked,temporal::logistic_wave64_l2_0.1,VisualCogB_Task-1
VisualCogB_Task-1,72,-1,-1,0.12629457383318085,raw_qc_pass,target_locked,temporal::logistic_wave64_l2_0.1,VisualCogB_Task-1
VisualCogB_Task-1,73,-1,1,0.9013227322214955,raw_qc_pass,target_locked,temporal::logistic_wave64_l2_0.1,VisualCogB_Task-1
VisualCogB_Task-1,74,1,1,0.8596416739337441,raw_qc_pass,target_locked,temporal::logistic_wave64_l2_0.1,VisualCogB_Task-1
VisualCogB_Task-1,75,-1,-1,0.039160102193038976,raw_qc_pass,target_locked,temporal::logistic_wave64_l2_0.1,VisualCogB_Task-1
VisualCogB_Task-1,76,-1,1,0.5611822872050072,raw_qc_pass,target_locked,temporal::logistic_wave64_l2_0.1,VisualCogB_Task-1
VisualCogB_Task-1,77,-1,-1,0.07011883694009784,raw_qc_pass,target_locked,temporal::logistic_wave64_l2_0.1,VisualCogB_Task-1
VisualCogB_Task-1,78,1,1,0.6564713310991896,raw_qc_pass,target_locked,temporal::logistic_wave64_l2_0.1,VisualCogB_Task-1
VisualCogB_Task-1,79,-1,1,0.8499260774096724,raw_qc_pass,target_locked,temporal::logistic_wave64_l2_0.1,VisualCogB_Task-1
VisualCogB_Task-1,80,-1,1,0.8414964352750611,raw_qc_pass,target_locked,temporal::logistic_wave64_l2_0.1,VisualCogB_Task-1
VisualCogB_Task-1,81,1,-1,0.21815863449930434,raw_qc_pass,target_locked,temporal::logistic_wave64_l2_0.1,VisualCogB_Task-1
VisualCogB_Task-1,82,-1,1,0.6719700111538375,raw_qc_pass,target_locked,temporal::logistic_wave64_l2_0.1,VisualCogB_Task-1
VisualCogB_Task-1,83,-1,-1,0.07842025969522981,raw_qc_pass,target_locked,temporal::logistic_wave64_l2_0.1,VisualCogB_Task-1
VisualCogB_Task-1,84,1,1,0.6112727583643055,raw_qc_pass,target_locked,temporal::logistic_wave64_l2_0.1,VisualCogB_Task-1
VisualCogB_Task-1,85,-1,-1,0.47385947115863686,raw_qc_pass,target_locked,temporal::logistic_wave64_l2_0.1,VisualCogB_Task-1
VisualCogB_Task-1,86,-1,-1,0.11112518021076868,raw_qc_pass,target_locked,temporal::logistic_wave64_l2_0.1,VisualCogB_Task-1
VisualCogB_Task-1,87,1,-1,0.317952717010299,raw_qc_pass,target_locked,temporal::logistic_wave64_l2_0.1,VisualCogB_Task-1
VisualCogB_Task-1,88,-1,1,0.963911331811253,raw_qc_pass,target_locked,temporal::logistic_wave64_l2_0.1,VisualCogB_Task-1
VisualCogB_Task-1,89,-1,-1,0.036053985671792514,raw_qc_pass,target_locked,temporal::logistic_wave64_l2_0.1,VisualCogB_Task-1
VisualCogB_Task-1,90,1,1,0.7407345888667672,raw_qc_pass,target_locked,temporal::logistic_wave64_l2_0.1,VisualCogB_Task-1
VisualCogB_Task-1,91,1,-1,0.0068908558473587764,raw_qc_pass,target_locked,temporal::logistic_wave64_l2_0.1,VisualCogB_Task-1
VisualCogB_Task-1,92,-1,1,0.9029386277267282,raw_qc_pass,target_locked,temporal::logistic_wave64_l2_0.1,VisualCogB_Task-1
VisualCogB_Task-1,93,1,1,0.6984643674336933,raw_qc_pass,target_locked,temporal::logistic_wave64_l2_0.1,VisualCogB_Task-1
VisualCogB_Task-1,94,-1,-1,0.07302064394997547,raw_qc_pass,target_locked,temporal::logistic_wave64_l2_0.1,VisualCogB_Task-1
VisualCogB_Task-1,95,1,-1,0.018249577333218622,raw_qc_pass,target_locked,temporal::logistic_wave64_l2_0.1,VisualCogB_Task-1
VisualCogB_Task-1,97,1,1,0.9086181185954992,raw_qc_pass,target_locked,temporal::logistic_wave64_l2_0.1,VisualCogB_Task-1
VisualCogB_Task-1,98,1,1,0.7633800674464014,raw_qc_pass,target_locked,temporal::logistic_wave64_l2_0.1,VisualCogB_Task-1
VisualCogB_Task-1,99,1,1,0.9474100661648626,raw_qc_pass,target_locked,temporal::logistic_wave64_l2_0.1,VisualCogB_Task-1
VisualCogB_Task-2,0,-1,-1,-2.066689443368044,raw_qc_pass,target_locked,round1::rbf_svm_drop_redundant_alpha_asym_12_C_10_gamma_0.1,VisualCogB_Task-2
VisualCogB_Task-2,1,-1,-1,-0.3369166731005167,raw_qc_pass,target_locked,round1::rbf_svm_drop_redundant_alpha_asym_12_C_10_gamma_0.1,VisualCogB_Task-2
VisualCogB_Task-2,2,-1,-1,-1.3701540175214117,raw_qc_pass,target_locked,round1::rbf_svm_drop_redundant_alpha_asym_12_C_10_gamma_0.1,VisualCogB_Task-2
VisualCogB_Task-2,3,1,-1,-1.19748153003634,raw_qc_pass,target_locked,round1::rbf_svm_drop_redundant_alpha_asym_12_C_10_gamma_0.1,VisualCogB_Task-2
VisualCogB_Task-2,4,-1,-1,-0.2811742022949551,raw_qc_pass,target_locked,round1::rbf_svm_drop_redundant_alpha_asym_12_C_10_gamma_0.1,VisualCogB_Task-2
VisualCogB_Task-2,5,1,1,0.5444274718169527,raw_qc_pass,target_locked,round1::rbf_svm_drop_redundant_alpha_asym_12_C_10_gamma_0.1,VisualCogB_Task-2
VisualCogB_Task-2,6,1,-1,-0.08937313378320118,raw_qc_pass,target_locked,round1::rbf_svm_drop_redundant_alpha_asym_12_C_10_gamma_0.1,VisualCogB_Task-2
VisualCogB_Task-2,7,1,-1,-0.6238957020570396,raw_qc_pass,target_locked,round1::rbf_svm_drop_redundant_alpha_asym_12_C_10_gamma_0.1,VisualCogB_Task-2
VisualCogB_Task-2,8,1,-1,-0.6780874602545698,raw_qc_pass,target_locked,round1::rbf_svm_drop_redundant_alpha_asym_12_C_10_gamma_0.1,VisualCogB_Task-2
VisualCogB_Task-2,9,-1,-1,-1.4725311626693318,raw_qc_pass,target_locked,round1::rbf_svm_drop_redundant_alpha_asym_12_C_10_gamma_0.1,VisualCogB_Task-2
VisualCogB_Task-2,10,1,-1,-0.5883297089604648,raw_qc_pass,target_locked,round1::rbf_svm_drop_redundant_alpha_asym_12_C_10_gamma_0.1,VisualCogB_Task-2
VisualCogB_Task-2,11,1,-1,-0.35491074100189796,raw_qc_pass,target_locked,round1::rbf_svm_drop_redundant_alpha_asym_12_C_10_gamma_0.1,VisualCogB_Task-2
VisualCogB_Task-2,12,1,-1,-1.4219191954918569,raw_qc_pass,target_locked,round1::rbf_svm_drop_redundant_alpha_asym_12_C_10_gamma_0.1,VisualCogB_Task-2
VisualCogB_Task-2,13,1,-1,-1.0700478986446544,raw_qc_pass,target_locked,round1::rbf_svm_drop_redundant_alpha_asym_12_C_10_gamma_0.1,VisualCogB_Task-2
VisualCogB_Task-2,14,1,-1,-1.9398852937633664,raw_qc_pass,target_locked,round1::rbf_svm_drop_redundant_alpha_asym_12_C_10_gamma_0.1,VisualCogB_Task-2
VisualCogB_Task-2,15,1,1,0.9560002491383153,raw_qc_pass,target_locked,round1::rbf_svm_drop_redundant_alpha_asym_12_C_10_gamma_0.1,VisualCogB_Task-2
VisualCogB_Task-2,16,-1,-1,-1.1858715899654872,raw_qc_pass,target_locked,round1::rbf_svm_drop_redundant_alpha_asym_12_C_10_gamma_0.1,VisualCogB_Task-2
VisualCogB_Task-2,17,1,1,0.31692010726625414,raw_qc_pass,target_locked,round1::rbf_svm_drop_redundant_alpha_asym_12_C_10_gamma_0.1,VisualCogB_Task-2
VisualCogB_Task-2,18,1,-1,-0.18477212856109754,raw_qc_pass,target_locked,round1::rbf_svm_drop_redundant_alpha_asym_12_C_10_gamma_0.1,VisualCogB_Task-2
VisualCogB_Task-2,19,-1,-1,-1.501676542865157,raw_qc_pass,target_locked,round1::rbf_svm_drop_redundant_alpha_asym_12_C_10_gamma_0.1,VisualCogB_Task-2
VisualCogB_Task-2,20,1,1,0.37576998242884446,raw_qc_pass,target_locked,round1::rbf_svm_drop_redundant_alpha_asym_12_C_10_gamma_0.1,VisualCogB_Task-2
VisualCogB_Task-2,21,1,-1,-1.4949619678636998,raw_qc_pass,target_locked,round1::rbf_svm_drop_redundant_alpha_asym_12_C_10_gamma_0.1,VisualCogB_Task-2
VisualCogB_Task-2,22,-1,-1,-0.41645928102710533,raw_qc_pass,target_locked,round1::rbf_svm_drop_redundant_alpha_asym_12_C_10_gamma_0.1,VisualCogB_Task-2
VisualCogB_Task-2,23,-1,-1,-0.20042725790208632,raw_qc_pass,target_locked,round1::rbf_svm_drop_redundant_alpha_asym_12_C_10_gamma_0.1,VisualCogB_Task-2
VisualCogB_Task-2,24,-1,1,0.697029524956751,raw_qc_pass,target_locked,round1::rbf_svm_drop_redundant_alpha_asym_12_C_10_gamma_0.1,VisualCogB_Task-2
VisualCogB_Task-2,25,1,1,0.4917251383474855,raw_qc_pass,target_locked,round1::rbf_svm_drop_redundant_alpha_asym_12_C_10_gamma_0.1,VisualCogB_Task-2
VisualCogB_Task-2,26,-1,-1,-0.6074880263788832,raw_qc_pass,target_locked,round1::rbf_svm_drop_redundant_alpha_asym_12_C_10_gamma_0.1,VisualCogB_Task-2
VisualCogB_Task-2,27,-1,-1,-0.9816721084295242,raw_qc_pass,target_locked,round1::rbf_svm_drop_redundant_alpha_asym_12_C_10_gamma_0.1,VisualCogB_Task-2
VisualCogB_Task-2,28,-1,-1,-0.22962850973641974,raw_qc_pass,target_locked,round1::rbf_svm_drop_redundant_alpha_asym_12_C_10_gamma_0.1,VisualCogB_Task-2
VisualCogB_Task-2,29,1,1,0.37958144895374385,raw_qc_pass,target_locked,round1::rbf_svm_drop_redundant_alpha_asym_12_C_10_gamma_0.1,VisualCogB_Task-2
VisualCogB_Task-2,30,1,-1,-0.7268908906524129,raw_qc_pass,target_locked,round1::rbf_svm_drop_redundant_alpha_asym_12_C_10_gamma_0.1,VisualCogB_Task-2
VisualCogB_Task-2,31,1,1,0.1003742992666944,raw_qc_pass,target_locked,round1::rbf_svm_drop_redundant_alpha_asym_12_C_10_gamma_0.1,VisualCogB_Task-2
VisualCogB_Task-2,32,1,-1,-0.7528996507569056,raw_qc_pass,target_locked,round1::rbf_svm_drop_redundant_alpha_asym_12_C_10_gamma_0.1,VisualCogB_Task-2
VisualCogB_Task-2,33,1,1,1.3629889203167456,raw_qc_pass,target_locked,round1::rbf_svm_drop_redundant_alpha_asym_12_C_10_gamma_0.1,VisualCogB_Task-2
VisualCogB_Task-2,34,-1,1,0.11104898724240357,raw_qc_pass,target_locked,round1::rbf_svm_drop_redundant_alpha_asym_12_C_10_gamma_0.1,VisualCogB_Task-2
VisualCogB_Task-2,35,1,-1,-1.4142927155229768,raw_qc_pass,target_locked,round1::rbf_svm_drop_redundant_alpha_asym_12_C_10_gamma_0.1,VisualCogB_Task-2
VisualCogB_Task-2,36,-1,-1,-0.1019249501235505,raw_qc_pass,target_locked,round1::rbf_svm_drop_redundant_alpha_asym_12_C_10_gamma_0.1,VisualCogB_Task-2
VisualCogB_Task-2,37,-1,1,0.3596814628475706,raw_qc_pass,target_locked,round1::rbf_svm_drop_redundant_alpha_asym_12_C_10_gamma_0.1,VisualCogB_Task-2
VisualCogB_Task-2,38,1,1,0.703174274131063,raw_qc_pass,target_locked,round1::rbf_svm_drop_redundant_alpha_asym_12_C_10_gamma_0.1,VisualCogB_Task-2
VisualCogB_Task-2,39,1,1,1.7345688039772027,raw_qc_pass,target_locked,round1::rbf_svm_drop_redundant_alpha_asym_12_C_10_gamma_0.1,VisualCogB_Task-2
VisualCogB_Task-2,40,1,-1,-1.1273332444992206,raw_qc_pass,target_locked,round1::rbf_svm_drop_redundant_alpha_asym_12_C_10_gamma_0.1,VisualCogB_Task-2
VisualCogB_Task-2,41,-1,-1,-0.013868330387752772,raw_qc_pass,target_locked,round1::rbf_svm_drop_redundant_alpha_asym_12_C_10_gamma_0.1,VisualCogB_Task-2
VisualCogB_Task-2,42,-1,1,0.45030606783916033,raw_qc_pass,target_locked,round1::rbf_svm_drop_redundant_alpha_asym_12_C_10_gamma_0.1,VisualCogB_Task-2
VisualCogB_Task-2,43,1,-1,-1.1476346664631882,raw_qc_pass,target_locked,round1::rbf_svm_drop_redundant_alpha_asym_12_C_10_gamma_0.1,VisualCogB_Task-2
VisualCogB_Task-2,44,-1,-1,-0.19937411190219262,raw_qc_pass,target_locked,round1::rbf_svm_drop_redundant_alpha_asym_12_C_10_gamma_0.1,VisualCogB_Task-2
VisualCogB_Task-2,45,-1,-1,-1.4326925533809058,raw_qc_pass,target_locked,round1::rbf_svm_drop_redundant_alpha_asym_12_C_10_gamma_0.1,VisualCogB_Task-2
VisualCogB_Task-2,46,1,-1,-0.637265992781759,raw_qc_pass,target_locked,round1::rbf_svm_drop_redundant_alpha_asym_12_C_10_gamma_0.1,VisualCogB_Task-2
VisualCogB_Task-2,47,-1,1,1.33846878239855,raw_qc_pass,target_locked,round1::rbf_svm_drop_redundant_alpha_asym_12_C_10_gamma_0.1,VisualCogB_Task-2
VisualCogB_Task-2,48,1,-1,-0.5845460318198047,raw_qc_pass,target_locked,round1::rbf_svm_drop_redundant_alpha_asym_12_C_10_gamma_0.1,VisualCogB_Task-2
VisualCogB_Task-2,49,-1,-1,-0.10446140525120125,raw_qc_pass,target_locked,round1::rbf_svm_drop_redundant_alpha_asym_12_C_10_gamma_0.1,VisualCogB_Task-2
VisualCogB_Task-2,50,-1,1,0.10491422023523193,raw_qc_pass,target_locked,round1::rbf_svm_drop_redundant_alpha_asym_12_C_10_gamma_0.1,VisualCogB_Task-2
VisualCogB_Task-2,51,-1,-1,-0.8749390760814576,raw_qc_pass,target_locked,round1::rbf_svm_drop_redundant_alpha_asym_12_C_10_gamma_0.1,VisualCogB_Task-2
VisualCogB_Task-2,52,1,-1,-1.2802150869158715,raw_qc_pass,target_locked,round1::rbf_svm_drop_redundant_alpha_asym_12_C_10_gamma_0.1,VisualCogB_Task-2
VisualCogB_Task-2,53,1,1,0.7363830627929299,raw_qc_pass,target_locked,round1::rbf_svm_drop_redundant_alpha_asym_12_C_10_gamma_0.1,VisualCogB_Task-2
VisualCogB_Task-2,54,1,-1,-0.686899910838021,raw_qc_pass,target_locked,round1::rbf_svm_drop_redundant_alpha_asym_12_C_10_gamma_0.1,VisualCogB_Task-2
VisualCogB_Task-2,55,-1,-1,-0.6915339810674784,raw_qc_pass,target_locked,round1::rbf_svm_drop_redundant_alpha_asym_12_C_10_gamma_0.1,VisualCogB_Task-2
VisualCogB_Task-2,56,-1,1,1.5864389952059947,raw_qc_pass,target_locked,round1::rbf_svm_drop_redundant_alpha_asym_12_C_10_gamma_0.1,VisualCogB_Task-2
VisualCogB_Task-2,57,-1,-1,-0.10839091198912472,raw_qc_pass,target_locked,round1::rbf_svm_drop_redundant_alpha_asym_12_C_10_gamma_0.1,VisualCogB_Task-2
VisualCogB_Task-2,58,-1,-1,-1.2513679341742128,raw_qc_pass,target_locked,round1::rbf_svm_drop_redundant_alpha_asym_12_C_10_gamma_0.1,VisualCogB_Task-2
VisualCogB_Task-2,59,-1,-1,-0.33198358642403264,raw_qc_pass,target_locked,round1::rbf_svm_drop_redundant_alpha_asym_12_C_10_gamma_0.1,VisualCogB_Task-2
VisualCogB_Task-2,60,-1,-1,-0.7550621924766517,raw_qc_pass,target_locked,round1::rbf_svm_drop_redundant_alpha_asym_12_C_10_gamma_0.1,VisualCogB_Task-2
VisualCogB_Task-2,61,1,1,1.529178143650713,raw_qc_pass,target_locked,round1::rbf_svm_drop_redundant_alpha_asym_12_C_10_gamma_0.1,VisualCogB_Task-2
VisualCogB_Task-2,62,-1,1,0.06632840661831489,raw_qc_pass,target_locked,round1::rbf_svm_drop_redundant_alpha_asym_12_C_10_gamma_0.1,VisualCogB_Task-2
VisualCogB_Task-2,63,-1,1,0.5673095175429211,raw_qc_pass,target_locked,round1::rbf_svm_drop_redundant_alpha_asym_12_C_10_gamma_0.1,VisualCogB_Task-2
VisualCogB_Task-2,64,1,1,0.23423408071407253,raw_qc_pass,target_locked,round1::rbf_svm_drop_redundant_alpha_asym_12_C_10_gamma_0.1,VisualCogB_Task-2
VisualCogB_Task-2,65,1,-1,-0.4488772973230804,raw_qc_pass,target_locked,round1::rbf_svm_drop_redundant_alpha_asym_12_C_10_gamma_0.1,VisualCogB_Task-2
VisualCogB_Task-2,66,1,-1,-1.0809971433466514,raw_qc_pass,target_locked,round1::rbf_svm_drop_redundant_alpha_asym_12_C_10_gamma_0.1,VisualCogB_Task-2
VisualCogB_Task-2,67,1,-1,-2.2875388574282076,raw_qc_pass,target_locked,round1::rbf_svm_drop_redundant_alpha_asym_12_C_10_gamma_0.1,VisualCogB_Task-2
VisualCogB_Task-2,68,-1,1,0.38897988532471367,raw_qc_pass,target_locked,round1::rbf_svm_drop_redundant_alpha_asym_12_C_10_gamma_0.1,VisualCogB_Task-2
VisualCogB_Task-2,69,-1,-1,-0.9181028383448554,raw_qc_pass,target_locked,round1::rbf_svm_drop_redundant_alpha_asym_12_C_10_gamma_0.1,VisualCogB_Task-2
VisualCogB_Task-2,70,1,-1,-0.47992468514941816,raw_qc_pass,target_locked,round1::rbf_svm_drop_redundant_alpha_asym_12_C_10_gamma_0.1,VisualCogB_Task-2
VisualCogB_Task-2,71,1,1,1.3239938822016,raw_qc_pass,target_locked,round1::rbf_svm_drop_redundant_alpha_asym_12_C_10_gamma_0.1,VisualCogB_Task-2
VisualCogB_Task-2,72,1,1,0.8696206541691577,raw_qc_pass,target_locked,round1::rbf_svm_drop_redundant_alpha_asym_12_C_10_gamma_0.1,VisualCogB_Task-2
VisualCogB_Task-2,73,-1,-1,-0.63829083656203,raw_qc_pass,target_locked,round1::rbf_svm_drop_redundant_alpha_asym_12_C_10_gamma_0.1,VisualCogB_Task-2
VisualCogB_Task-2,74,-1,-1,-1.215167697384714,raw_qc_pass,target_locked,round1::rbf_svm_drop_redundant_alpha_asym_12_C_10_gamma_0.1,VisualCogB_Task-2
VisualCogB_Task-2,75,1,-1,-1.2814850928284112,raw_qc_pass,target_locked,round1::rbf_svm_drop_redundant_alpha_asym_12_C_10_gamma_0.1,VisualCogB_Task-2
VisualCogB_Task-2,76,1,1,2.04870423681999,raw_qc_pass,target_locked,round1::rbf_svm_drop_redundant_alpha_asym_12_C_10_gamma_0.1,VisualCogB_Task-2
VisualCogB_Task-2,77,-1,-1,-0.7298331301318332,raw_qc_pass,target_locked,round1::rbf_svm_drop_redundant_alpha_asym_12_C_10_gamma_0.1,VisualCogB_Task-2
VisualCogB_Task-2,78,-1,1,0.06970198578026833,raw_qc_pass,target_locked,round1::rbf_svm_drop_redundant_alpha_asym_12_C_10_gamma_0.1,VisualCogB_Task-2
VisualCogB_Task-2,79,-1,1,0.35359593306117837,raw_qc_pass,target_locked,round1::rbf_svm_drop_redundant_alpha_asym_12_C_10_gamma_0.1,VisualCogB_Task-2
VisualCogB_Task-2,80,1,-1,-0.4784863447911492,raw_qc_pass,target_locked,round1::rbf_svm_drop_redundant_alpha_asym_12_C_10_gamma_0.1,VisualCogB_Task-2
VisualCogB_Task-2,81,-1,-1,-1.9160264251549515,raw_qc_pass,target_locked,round1::rbf_svm_drop_redundant_alpha_asym_12_C_10_gamma_0.1,VisualCogB_Task-2
VisualCogB_Task-2,82,1,1,3.7400714435344766,raw_qc_pass,target_locked,round1::rbf_svm_drop_redundant_alpha_asym_12_C_10_gamma_0.1,VisualCogB_Task-2
VisualCogB_Task-2,83,-1,-1,-0.02109243060352907,raw_qc_pass,target_locked,round1::rbf_svm_drop_redundant_alpha_asym_12_C_10_gamma_0.1,VisualCogB_Task-2
VisualCogB_Task-2,84,-1,1,0.3237504621490109,raw_qc_pass,target_locked,round1::rbf_svm_drop_redundant_alpha_asym_12_C_10_gamma_0.1,VisualCogB_Task-2
VisualCogB_Task-2,85,1,1,0.5298898949586558,raw_qc_pass,target_locked,round1::rbf_svm_drop_redundant_alpha_asym_12_C_10_gamma_0.1,VisualCogB_Task-2
VisualCogB_Task-2,86,-1,1,0.4877272903179732,raw_qc_pass,target_locked,round1::rbf_svm_drop_redundant_alpha_asym_12_C_10_gamma_0.1,VisualCogB_Task-2
VisualCogB_Task-2,87,1,-1,-0.09032414610636026,raw_qc_pass,target_locked,round1::rbf_svm_drop_redundant_alpha_asym_12_C_10_gamma_0.1,VisualCogB_Task-2
VisualCogB_Task-2,88,-1,-1,-0.15454853464343948,raw_qc_pass,target_locked,round1::rbf_svm_drop_redundant_alpha_asym_12_C_10_gamma_0.1,VisualCogB_Task-2
VisualCogB_Task-2,89,1,-1,-0.20892613123560683,raw_qc_pass,target_locked,round1::rbf_svm_drop_redundant_alpha_asym_12_C_10_gamma_0.1,VisualCogB_Task-2
VisualCogB_Task-2,90,-1,1,1.0874868296729905,raw_qc_pass,target_locked,round1::rbf_svm_drop_redundant_alpha_asym_12_C_10_gamma_0.1,VisualCogB_Task-2
VisualCogB_Task-2,91,-1,-1,-0.03558162707956532,raw_qc_pass,target_locked,round1::rbf_svm_drop_redundant_alpha_asym_12_C_10_gamma_0.1,VisualCogB_Task-2
VisualCogB_Task-2,92,1,1,1.1167810668253835,raw_qc_pass,target_locked,round1::rbf_svm_drop_redundant_alpha_asym_12_C_10_gamma_0.1,VisualCogB_Task-2
VisualCogB_Task-2,93,-1,1,0.9971135255896652,raw_qc_pass,target_locked,round1::rbf_svm_drop_redundant_alpha_asym_12_C_10_gamma_0.1,VisualCogB_Task-2
VisualCogB_Task-2,94,1,-1,-0.5880295638604475,raw_qc_pass,target_locked,round1::rbf_svm_drop_redundant_alpha_asym_12_C_10_gamma_0.1,VisualCogB_Task-2
VisualCogB_Task-2,95,1,-1,-0.2840243097686908,raw_qc_pass,target_locked,round1::rbf_svm_drop_redundant_alpha_asym_12_C_10_gamma_0.1,VisualCogB_Task-2
VisualCogB_Task-2,96,-1,1,0.24100519004133708,raw_qc_pass,target_locked,round1::rbf_svm_drop_redundant_alpha_asym_12_C_10_gamma_0.1,VisualCogB_Task-2
VisualCogB_Task-2,97,-1,-1,-0.4113089120715275,raw_qc_pass,target_locked,round1::rbf_svm_drop_redundant_alpha_asym_12_C_10_gamma_0.1,VisualCogB_Task-2
VisualCogB_Task-2,98,1,1,0.11778451235559377,raw_qc_pass,target_locked,round1::rbf_svm_drop_redundant_alpha_asym_12_C_10_gamma_0.1,VisualCogB_Task-2
VisualCogB_Task-2,99,-1,1,0.7530534531807073,raw_qc_pass,target_locked,round1::rbf_svm_drop_redundant_alpha_asym_12_C_10_gamma_0.1,VisualCogB_Task-2
VisualCogA_Task-1,0,-1,-1,0.47012663495761864,q1_quality_matched,target_locked,temporal::csp_e2_shrink0.1_l2_10,VisualCogA_Task-1
VisualCogA_Task-1,1,1,-1,0.4901086894216241,q1_quality_matched,target_locked,temporal::csp_e2_shrink0.1_l2_10,VisualCogA_Task-1
VisualCogA_Task-1,4,1,1,0.5229758474560258,q1_quality_matched,target_locked,temporal::csp_e2_shrink0.1_l2_10,VisualCogA_Task-1
VisualCogA_Task-1,5,-1,1,0.5422746208474626,q1_quality_matched,target_locked,temporal::csp_e2_shrink0.1_l2_10,VisualCogA_Task-1
VisualCogA_Task-1,6,-1,-1,0.4466644393996547,q1_quality_matched,target_locked,temporal::csp_e2_shrink0.1_l2_10,VisualCogA_Task-1
VisualCogA_Task-1,7,-1,-1,0.4520271651863105,q1_quality_matched,target_locked,temporal::csp_e2_shrink0.1_l2_10,VisualCogA_Task-1
VisualCogA_Task-1,8,1,-1,0.4567503054294231,q1_quality_matched,target_locked,temporal::csp_e2_shrink0.1_l2_10,VisualCogA_Task-1
VisualCogA_Task-1,9,1,1,0.5209098535248609,q1_quality_matched,target_locked,temporal::csp_e2_shrink0.1_l2_10,VisualCogA_Task-1
VisualCogA_Task-1,10,1,-1,0.4964210774153882,q1_quality_matched,target_locked,temporal::csp_e2_shrink0.1_l2_10,VisualCogA_Task-1
VisualCogA_Task-1,11,1,-1,0.4417619058795816,q1_quality_matched,target_locked,temporal::csp_e2_shrink0.1_l2_10,VisualCogA_Task-1
VisualCogA_Task-1,12,-1,1,0.5232502972972389,q1_quality_matched,target_locked,temporal::csp_e2_shrink0.1_l2_10,VisualCogA_Task-1
VisualCogA_Task-1,15,-1,-1,0.464970021060198,q1_quality_matched,target_locked,temporal::csp_e2_shrink0.1_l2_10,VisualCogA_Task-1
VisualCogA_Task-1,16,1,1,0.5122077196733639,q1_quality_matched,target_locked,temporal::csp_e2_shrink0.1_l2_10,VisualCogA_Task-1
VisualCogA_Task-1,17,-1,1,0.5263042265969413,q1_quality_matched,target_locked,temporal::csp_e2_shrink0.1_l2_10,VisualCogA_Task-1
VisualCogA_Task-1,20,-1,-1,0.4803886825756174,q1_quality_matched,target_locked,temporal::csp_e2_shrink0.1_l2_10,VisualCogA_Task-1
VisualCogA_Task-1,23,-1,-1,0.48633525753667145,q1_quality_matched,target_locked,temporal::csp_e2_shrink0.1_l2_10,VisualCogA_Task-1
VisualCogA_Task-1,24,-1,1,0.5240372297623321,q1_quality_matched,target_locked,temporal::csp_e2_shrink0.1_l2_10,VisualCogA_Task-1
VisualCogA_Task-1,28,-1,-1,0.47531968509429706,q1_quality_matched,target_locked,temporal::csp_e2_shrink0.1_l2_10,VisualCogA_Task-1
VisualCogA_Task-1,29,-1,1,0.5639849353139945,q1_quality_matched,target_locked,temporal::csp_e2_shrink0.1_l2_10,VisualCogA_Task-1
VisualCogA_Task-1,30,-1,1,0.5041352910052662,q1_quality_matched,target_locked,temporal::csp_e2_shrink0.1_l2_10,VisualCogA_Task-1
VisualCogA_Task-1,31,1,-1,0.4671067243154973,q1_quality_matched,target_locked,temporal::csp_e2_shrink0.1_l2_10,VisualCogA_Task-1
VisualCogA_Task-1,32,1,1,0.5895672997967839,q1_quality_matched,target_locked,temporal::csp_e2_shrink0.1_l2_10,VisualCogA_Task-1
VisualCogA_Task-1,33,-1,1,0.5184754074728767,q1_quality_matched,target_locked,temporal::csp_e2_shrink0.1_l2_10,VisualCogA_Task-1
VisualCogA_Task-1,34,1,1,0.5621586719213223,q1_quality_matched,target_locked,temporal::csp_e2_shrink0.1_l2_10,VisualCogA_Task-1
VisualCogA_Task-1,37,-1,1,0.5330706304348855,q1_quality_matched,target_locked,temporal::csp_e2_shrink0.1_l2_10,VisualCogA_Task-1
VisualCogA_Task-1,41,1,1,0.554961347874148,q1_quality_matched,target_locked,temporal::csp_e2_shrink0.1_l2_10,VisualCogA_Task-1
VisualCogA_Task-1,44,-1,1,0.512012930538528,q1_quality_matched,target_locked,temporal::csp_e2_shrink0.1_l2_10,VisualCogA_Task-1
VisualCogA_Task-1,46,-1,1,0.5488740452516317,q1_quality_matched,target_locked,temporal::csp_e2_shrink0.1_l2_10,VisualCogA_Task-1
VisualCogA_Task-1,48,-1,1,0.5682261671636601,q1_quality_matched,target_locked,temporal::csp_e2_shrink0.1_l2_10,VisualCogA_Task-1
VisualCogA_Task-1,49,-1,1,0.502085997414317,q1_quality_matched,target_locked,temporal::csp_e2_shrink0.1_l2_10,VisualCogA_Task-1
VisualCogA_Task-1,50,1,-1,0.4805383701760074,q1_quality_matched,target_locked,temporal::csp_e2_shrink0.1_l2_10,VisualCogA_Task-1
VisualCogA_Task-1,54,1,1,0.5334281505966519,q1_quality_matched,target_locked,temporal::csp_e2_shrink0.1_l2_10,VisualCogA_Task-1
VisualCogA_Task-1,55,-1,-1,0.4880206804516375,q1_quality_matched,target_locked,temporal::csp_e2_shrink0.1_l2_10,VisualCogA_Task-1
VisualCogA_Task-1,57,1,1,0.5591413805086248,q1_quality_matched,target_locked,temporal::csp_e2_shrink0.1_l2_10,VisualCogA_Task-1
VisualCogA_Task-1,60,1,-1,0.4933648250151018,q1_quality_matched,target_locked,temporal::csp_e2_shrink0.1_l2_10,VisualCogA_Task-1
VisualCogA_Task-1,64,-1,1,0.5180906475982319,q1_quality_matched,target_locked,temporal::csp_e2_shrink0.1_l2_10,VisualCogA_Task-1
VisualCogA_Task-1,66,-1,1,0.5521636959640118,q1_quality_matched,target_locked,temporal::csp_e2_shrink0.1_l2_10,VisualCogA_Task-1
VisualCogA_Task-1,68,1,-1,0.4929948991608686,q1_quality_matched,target_locked,temporal::csp_e2_shrink0.1_l2_10,VisualCogA_Task-1
VisualCogA_Task-1,69,1,1,0.5724309768221444,q1_quality_matched,target_locked,temporal::csp_e2_shrink0.1_l2_10,VisualCogA_Task-1
VisualCogA_Task-1,71,1,-1,0.4937006057453609,q1_quality_matched,target_locked,temporal::csp_e2_shrink0.1_l2_10,VisualCogA_Task-1
VisualCogA_Task-1,72,-1,1,0.5095413622019174,q1_quality_matched,target_locked,temporal::csp_e2_shrink0.1_l2_10,VisualCogA_Task-1
VisualCogA_Task-1,73,1,-1,0.4529980545997455,q1_quality_matched,target_locked,temporal::csp_e2_shrink0.1_l2_10,VisualCogA_Task-1
VisualCogA_Task-1,74,-1,-1,0.4974287045757953,q1_quality_matched,target_locked,temporal::csp_e2_shrink0.1_l2_10,VisualCogA_Task-1
VisualCogA_Task-1,75,1,1,0.5377458463231451,q1_quality_matched,target_locked,temporal::csp_e2_shrink0.1_l2_10,VisualCogA_Task-1
VisualCogA_Task-1,78,-1,1,0.5480466414875323,q1_quality_matched,target_locked,temporal::csp_e2_shrink0.1_l2_10,VisualCogA_Task-1
VisualCogA_Task-1,79,-1,1,0.5162116025401056,q1_quality_matched,target_locked,temporal::csp_e2_shrink0.1_l2_10,VisualCogA_Task-1
VisualCogA_Task-1,81,1,1,0.54549737436664,q1_quality_matched,target_locked,temporal::csp_e2_shrink0.1_l2_10,VisualCogA_Task-1
VisualCogA_Task-1,84,-1,1,0.521142252212604,q1_quality_matched,target_locked,temporal::csp_e2_shrink0.1_l2_10,VisualCogA_Task-1
VisualCogA_Task-1,89,1,1,0.5055241739079305,q1_quality_matched,target_locked,temporal::csp_e2_shrink0.1_l2_10,VisualCogA_Task-1
VisualCogA_Task-1,90,-1,1,0.5335059819371251,q1_quality_matched,target_locked,temporal::csp_e2_shrink0.1_l2_10,VisualCogA_Task-1
VisualCogA_Task-1,91,1,-1,0.4885999886159846,q1_quality_matched,target_locked,temporal::csp_e2_shrink0.1_l2_10,VisualCogA_Task-1
VisualCogA_Task-1,93,1,-1,0.49396946527230906,q1_quality_matched,target_locked,temporal::csp_e2_shrink0.1_l2_10,VisualCogA_Task-1
VisualCogA_Task-1,94,-1,1,0.5179654983732105,q1_quality_matched,target_locked,temporal::csp_e2_shrink0.1_l2_10,VisualCogA_Task-1
VisualCogA_Task-1,99,1,1,0.534682347068952,q1_quality_matched,target_locked,temporal::csp_e2_shrink0.1_l2_10,VisualCogA_Task-1
VisualCogA_Task-2,0,1,-1,0.4299225966748257,q1_quality_matched,target_locked,round1::shrinkage_lda_bandpower_only_9,VisualCogA_Task-2
VisualCogA_Task-2,1,-1,-1,0.40117398776070445,q1_quality_matched,target_locked,round1::shrinkage_lda_bandpower_only_9,VisualCogA_Task-2
VisualCogA_Task-2,2,-1,-1,0.37357272743610304,q1_quality_matched,target_locked,round1::shrinkage_lda_bandpower_only_9,VisualCogA_Task-2
VisualCogA_Task-2,3,-1,-1,0.3715854669305028,q1_quality_matched,target_locked,round1::shrinkage_lda_bandpower_only_9,VisualCogA_Task-2
VisualCogA_Task-2,4,1,-1,0.38552065556933746,q1_quality_matched,target_locked,round1::shrinkage_lda_bandpower_only_9,VisualCogA_Task-2
VisualCogA_Task-2,5,-1,1,0.5988741364586052,q1_quality_matched,target_locked,round1::shrinkage_lda_bandpower_only_9,VisualCogA_Task-2
VisualCogA_Task-2,6,1,-1,0.472357738771597,q1_quality_matched,target_locked,round1::shrinkage_lda_bandpower_only_9,VisualCogA_Task-2
VisualCogA_Task-2,7,1,-1,0.4069966457489342,q1_quality_matched,target_locked,round1::shrinkage_lda_bandpower_only_9,VisualCogA_Task-2
VisualCogA_Task-2,8,-1,-1,0.4362867188779956,q1_quality_matched,target_locked,round1::shrinkage_lda_bandpower_only_9,VisualCogA_Task-2
VisualCogA_Task-2,9,-1,-1,0.37166979450291865,q1_quality_matched,target_locked,round1::shrinkage_lda_bandpower_only_9,VisualCogA_Task-2
VisualCogA_Task-2,10,1,-1,0.4494495183075509,q1_quality_matched,target_locked,round1::shrinkage_lda_bandpower_only_9,VisualCogA_Task-2
VisualCogA_Task-2,11,1,1,0.5034498293694767,q1_quality_matched,target_locked,round1::shrinkage_lda_bandpower_only_9,VisualCogA_Task-2
VisualCogA_Task-2,12,1,-1,0.27304034109589975,q1_quality_matched,target_locked,round1::shrinkage_lda_bandpower_only_9,VisualCogA_Task-2
VisualCogA_Task-2,13,-1,-1,0.4342185109946482,q1_quality_matched,target_locked,round1::shrinkage_lda_bandpower_only_9,VisualCogA_Task-2
VisualCogA_Task-2,14,-1,-1,0.39919773738763487,q1_quality_matched,target_locked,round1::shrinkage_lda_bandpower_only_9,VisualCogA_Task-2
VisualCogA_Task-2,15,-1,-1,0.26346334707900576,q1_quality_matched,target_locked,round1::shrinkage_lda_bandpower_only_9,VisualCogA_Task-2
VisualCogA_Task-2,16,1,1,0.6406344862318213,q1_quality_matched,target_locked,round1::shrinkage_lda_bandpower_only_9,VisualCogA_Task-2
VisualCogA_Task-2,17,1,-1,0.38070397898424,q1_quality_matched,target_locked,round1::shrinkage_lda_bandpower_only_9,VisualCogA_Task-2
VisualCogA_Task-2,18,-1,-1,0.34373236736794693,q1_quality_matched,target_locked,round1::shrinkage_lda_bandpower_only_9,VisualCogA_Task-2
VisualCogA_Task-2,19,-1,-1,0.43546881087785416,q1_quality_matched,target_locked,round1::shrinkage_lda_bandpower_only_9,VisualCogA_Task-2
VisualCogA_Task-2,20,1,-1,0.18729087561296193,q1_quality_matched,target_locked,round1::shrinkage_lda_bandpower_only_9,VisualCogA_Task-2
VisualCogA_Task-2,21,-1,-1,0.41352440284567465,q1_quality_matched,target_locked,round1::shrinkage_lda_bandpower_only_9,VisualCogA_Task-2
VisualCogA_Task-2,23,1,1,0.6225472416918288,q1_quality_matched,target_locked,round1::shrinkage_lda_bandpower_only_9,VisualCogA_Task-2
VisualCogA_Task-2,24,-1,-1,0.3788436009700945,q1_quality_matched,target_locked,round1::shrinkage_lda_bandpower_only_9,VisualCogA_Task-2
VisualCogA_Task-2,25,-1,-1,0.2790717020716221,q1_quality_matched,target_locked,round1::shrinkage_lda_bandpower_only_9,VisualCogA_Task-2
VisualCogA_Task-2,26,1,-1,0.4759643341624083,q1_quality_matched,target_locked,round1::shrinkage_lda_bandpower_only_9,VisualCogA_Task-2
VisualCogA_Task-2,27,1,-1,0.49625060054238107,q1_quality_matched,target_locked,round1::shrinkage_lda_bandpower_only_9,VisualCogA_Task-2
VisualCogA_Task-2,28,1,1,0.51005225349898,q1_quality_matched,target_locked,round1::shrinkage_lda_bandpower_only_9,VisualCogA_Task-2
VisualCogA_Task-2,31,-1,-1,0.3429862498447713,q1_quality_matched,target_locked,round1::shrinkage_lda_bandpower_only_9,VisualCogA_Task-2
VisualCogA_Task-2,35,1,1,0.5200854355668685,q1_quality_matched,target_locked,round1::shrinkage_lda_bandpower_only_9,VisualCogA_Task-2
VisualCogA_Task-2,36,1,-1,0.45188936984691863,q1_quality_matched,target_locked,round1::shrinkage_lda_bandpower_only_9,VisualCogA_Task-2
VisualCogA_Task-2,37,-1,-1,0.4831793259969207,q1_quality_matched,target_locked,round1::shrinkage_lda_bandpower_only_9,VisualCogA_Task-2
VisualCogA_Task-2,39,-1,1,0.5744992032982996,q1_quality_matched,target_locked,round1::shrinkage_lda_bandpower_only_9,VisualCogA_Task-2
VisualCogA_Task-2,41,-1,1,0.5907984844066412,q1_quality_matched,target_locked,round1::shrinkage_lda_bandpower_only_9,VisualCogA_Task-2
VisualCogA_Task-2,43,-1,-1,0.4401419496799395,q1_quality_matched,target_locked,round1::shrinkage_lda_bandpower_only_9,VisualCogA_Task-2
VisualCogA_Task-2,45,-1,-1,0.2620376417313148,q1_quality_matched,target_locked,round1::shrinkage_lda_bandpower_only_9,VisualCogA_Task-2
VisualCogA_Task-2,46,-1,1,0.6047327351875368,q1_quality_matched,target_locked,round1::shrinkage_lda_bandpower_only_9,VisualCogA_Task-2
VisualCogA_Task-2,47,-1,1,0.5356607431898451,q1_quality_matched,target_locked,round1::shrinkage_lda_bandpower_only_9,VisualCogA_Task-2
VisualCogA_Task-2,48,1,-1,0.473874667709923,q1_quality_matched,target_locked,round1::shrinkage_lda_bandpower_only_9,VisualCogA_Task-2
VisualCogA_Task-2,49,1,-1,0.41160650224558765,q1_quality_matched,target_locked,round1::shrinkage_lda_bandpower_only_9,VisualCogA_Task-2
VisualCogA_Task-2,51,1,1,0.5576580381567817,q1_quality_matched,target_locked,round1::shrinkage_lda_bandpower_only_9,VisualCogA_Task-2
VisualCogA_Task-2,52,1,-1,0.38212760417364483,q1_quality_matched,target_locked,round1::shrinkage_lda_bandpower_only_9,VisualCogA_Task-2
VisualCogA_Task-2,53,-1,-1,0.479204970532411,q1_quality_matched,target_locked,round1::shrinkage_lda_bandpower_only_9,VisualCogA_Task-2
VisualCogA_Task-2,54,-1,1,0.5924508698277152,q1_quality_matched,target_locked,round1::shrinkage_lda_bandpower_only_9,VisualCogA_Task-2
VisualCogA_Task-2,55,1,-1,0.4105802778628154,q1_quality_matched,target_locked,round1::shrinkage_lda_bandpower_only_9,VisualCogA_Task-2
VisualCogA_Task-2,56,1,1,0.7733579656252695,q1_quality_matched,target_locked,round1::shrinkage_lda_bandpower_only_9,VisualCogA_Task-2
VisualCogA_Task-2,57,1,-1,0.3236170912954213,q1_quality_matched,target_locked,round1::shrinkage_lda_bandpower_only_9,VisualCogA_Task-2
VisualCogA_Task-2,58,1,1,0.6545279012167956,q1_quality_matched,target_locked,round1::shrinkage_lda_bandpower_only_9,VisualCogA_Task-2
VisualCogA_Task-2,60,-1,1,0.644230925402106,q1_quality_matched,target_locked,round1::shrinkage_lda_bandpower_only_9,VisualCogA_Task-2
VisualCogA_Task-2,63,-1,1,0.664174168230973,q1_quality_matched,target_locked,round1::shrinkage_lda_bandpower_only_9,VisualCogA_Task-2
VisualCogA_Task-2,64,1,-1,0.23056714696004377,q1_quality_matched,target_locked,round1::shrinkage_lda_bandpower_only_9,VisualCogA_Task-2
VisualCogA_Task-2,65,-1,-1,0.3902817122017682,q1_quality_matched,target_locked,round1::shrinkage_lda_bandpower_only_9,VisualCogA_Task-2
VisualCogA_Task-2,66,1,-1,0.481435475178959,q1_quality_matched,target_locked,round1::shrinkage_lda_bandpower_only_9,VisualCogA_Task-2
VisualCogA_Task-2,68,-1,1,0.5319170464480583,q1_quality_matched,target_locked,round1::shrinkage_lda_bandpower_only_9,VisualCogA_Task-2
VisualCogA_Task-2,69,-1,-1,0.3530339071371313,q1_quality_matched,target_locked,round1::shrinkage_lda_bandpower_only_9,VisualCogA_Task-2
VisualCogA_Task-2,70,1,1,0.5536908797079125,q1_quality_matched,target_locked,round1::shrinkage_lda_bandpower_only_9,VisualCogA_Task-2
VisualCogA_Task-2,71,1,1,0.56494784865211,q1_quality_matched,target_locked,round1::shrinkage_lda_bandpower_only_9,VisualCogA_Task-2
VisualCogA_Task-2,72,1,-1,0.28661986221260694,q1_quality_matched,target_locked,round1::shrinkage_lda_bandpower_only_9,VisualCogA_Task-2
VisualCogA_Task-2,73,1,-1,0.24966246193170893,q1_quality_matched,target_locked,round1::shrinkage_lda_bandpower_only_9,VisualCogA_Task-2
VisualCogA_Task-2,74,-1,1,0.5523290510976973,q1_quality_matched,target_locked,round1::shrinkage_lda_bandpower_only_9,VisualCogA_Task-2
VisualCogA_Task-2,75,-1,1,0.5831755474730936,q1_quality_matched,target_locked,round1::shrinkage_lda_bandpower_only_9,VisualCogA_Task-2
VisualCogA_Task-2,76,-1,1,0.5429310821614934,q1_quality_matched,target_locked,round1::shrinkage_lda_bandpower_only_9,VisualCogA_Task-2
VisualCogA_Task-2,78,-1,-1,0.4983663714380261,q1_quality_matched,target_locked,round1::shrinkage_lda_bandpower_only_9,VisualCogA_Task-2
VisualCogA_Task-2,80,-1,-1,0.38994448693850425,q1_quality_matched,target_locked,round1::shrinkage_lda_bandpower_only_9,VisualCogA_Task-2
VisualCogA_Task-2,81,1,1,0.521487644776248,q1_quality_matched,target_locked,round1::shrinkage_lda_bandpower_only_9,VisualCogA_Task-2
VisualCogA_Task-2,82,1,-1,0.4774481928632889,q1_quality_matched,target_locked,round1::shrinkage_lda_bandpower_only_9,VisualCogA_Task-2
VisualCogA_Task-2,83,-1,-1,0.4432664428927893,q1_quality_matched,target_locked,round1::shrinkage_lda_bandpower_only_9,VisualCogA_Task-2
VisualCogA_Task-2,84,1,1,0.6384548360438076,q1_quality_matched,target_locked,round1::shrinkage_lda_bandpower_only_9,VisualCogA_Task-2
VisualCogA_Task-2,86,-1,-1,0.33965662298953453,q1_quality_matched,target_locked,round1::shrinkage_lda_bandpower_only_9,VisualCogA_Task-2
VisualCogA_Task-2,87,1,-1,0.4070957587209303,q1_quality_matched,target_locked,round1::shrinkage_lda_bandpower_only_9,VisualCogA_Task-2
VisualCogA_Task-2,88,-1,1,0.5533632623268135,q1_quality_matched,target_locked,round1::shrinkage_lda_bandpower_only_9,VisualCogA_Task-2
VisualCogA_Task-2,89,-1,1,0.5030982478533526,q1_quality_matched,target_locked,round1::shrinkage_lda_bandpower_only_9,VisualCogA_Task-2
VisualCogA_Task-2,90,-1,-1,0.2909125620223051,q1_quality_matched,target_locked,round1::shrinkage_lda_bandpower_only_9,VisualCogA_Task-2
VisualCogA_Task-2,91,-1,-1,0.45078166975489004,q1_quality_matched,target_locked,round1::shrinkage_lda_bandpower_only_9,VisualCogA_Task-2
VisualCogA_Task-2,92,1,-1,0.2493600781206641,q1_quality_matched,target_locked,round1::shrinkage_lda_bandpower_only_9,VisualCogA_Task-2
VisualCogA_Task-2,94,-1,1,0.5559068563475902,q1_quality_matched,target_locked,round1::shrinkage_lda_bandpower_only_9,VisualCogA_Task-2
VisualCogA_Task-2,95,-1,-1,0.4453437549487512,q1_quality_matched,target_locked,round1::shrinkage_lda_bandpower_only_9,VisualCogA_Task-2
VisualCogA_Task-2,96,-1,1,0.538743994618643,q1_quality_matched,target_locked,round1::shrinkage_lda_bandpower_only_9,VisualCogA_Task-2
VisualCogA_Task-2,97,-1,-1,0.36307371869617955,q1_quality_matched,target_locked,round1::shrinkage_lda_bandpower_only_9,VisualCogA_Task-2
VisualCogA_Task-2,98,-1,1,0.5921604231148203,q1_quality_matched,target_locked,round1::shrinkage_lda_bandpower_only_9,VisualCogA_Task-2
VisualCogB_Task-1,0,-1,-1,0.02702491944573715,q1_quality_matched,target_locked,temporal::logistic_wave64_l2_1,VisualCogB_Task-1
VisualCogB_Task-1,1,-1,-1,0.09895966054002597,q1_quality_matched,target_locked,temporal::logistic_wave64_l2_1,VisualCogB_Task-1
VisualCogB_Task-1,2,1,-1,0.05035488839853779,q1_quality_matched,target_locked,temporal::logistic_wave64_l2_1,VisualCogB_Task-1
VisualCogB_Task-1,3,-1,1,0.5637641251954016,q1_quality_matched,target_locked,temporal::logistic_wave64_l2_1,VisualCogB_Task-1
VisualCogB_Task-1,4,1,1,0.5706300265904601,q1_quality_matched,target_locked,temporal::logistic_wave64_l2_1,VisualCogB_Task-1
VisualCogB_Task-1,6,1,-1,0.3080192563928373,q1_quality_matched,target_locked,temporal::logistic_wave64_l2_1,VisualCogB_Task-1
VisualCogB_Task-1,7,-1,-1,0.06163677725422173,q1_quality_matched,target_locked,temporal::logistic_wave64_l2_1,VisualCogB_Task-1
VisualCogB_Task-1,8,-1,1,0.8401599318688153,q1_quality_matched,target_locked,temporal::logistic_wave64_l2_1,VisualCogB_Task-1
VisualCogB_Task-1,9,-1,-1,0.48172440233046165,q1_quality_matched,target_locked,temporal::logistic_wave64_l2_1,VisualCogB_Task-1
VisualCogB_Task-1,10,1,1,0.8809376974073801,q1_quality_matched,target_locked,temporal::logistic_wave64_l2_1,VisualCogB_Task-1
VisualCogB_Task-1,11,-1,1,0.6546456158505671,q1_quality_matched,target_locked,temporal::logistic_wave64_l2_1,VisualCogB_Task-1
VisualCogB_Task-1,12,1,1,0.7533337647511515,q1_quality_matched,target_locked,temporal::logistic_wave64_l2_1,VisualCogB_Task-1
VisualCogB_Task-1,14,-1,1,0.7416738805668942,q1_quality_matched,target_locked,temporal::logistic_wave64_l2_1,VisualCogB_Task-1
VisualCogB_Task-1,15,1,-1,0.48597873033380073,q1_quality_matched,target_locked,temporal::logistic_wave64_l2_1,VisualCogB_Task-1
VisualCogB_Task-1,16,-1,-1,0.05074281717963704,q1_quality_matched,target_locked,temporal::logistic_wave64_l2_1,VisualCogB_Task-1
VisualCogB_Task-1,17,-1,-1,0.052732743186285645,q1_quality_matched,target_locked,temporal::logistic_wave64_l2_1,VisualCogB_Task-1
VisualCogB_Task-1,18,1,1,0.9931363020844122,q1_quality_matched,target_locked,temporal::logistic_wave64_l2_1,VisualCogB_Task-1
VisualCogB_Task-1,19,-1,-1,0.0030927489785606997,q1_quality_matched,target_locked,temporal::logistic_wave64_l2_1,VisualCogB_Task-1
VisualCogB_Task-1,20,1,-1,0.10823096455729772,q1_quality_matched,target_locked,temporal::logistic_wave64_l2_1,VisualCogB_Task-1
VisualCogB_Task-1,21,1,-1,0.05138497600638331,q1_quality_matched,target_locked,temporal::logistic_wave64_l2_1,VisualCogB_Task-1
VisualCogB_Task-1,23,1,-1,0.0010638959313221188,q1_quality_matched,target_locked,temporal::logistic_wave64_l2_1,VisualCogB_Task-1
VisualCogB_Task-1,25,1,1,0.8737938622841318,q1_quality_matched,target_locked,temporal::logistic_wave64_l2_1,VisualCogB_Task-1
VisualCogB_Task-1,26,1,1,0.5760041241049958,q1_quality_matched,target_locked,temporal::logistic_wave64_l2_1,VisualCogB_Task-1
VisualCogB_Task-1,27,1,1,0.7156515352712776,q1_quality_matched,target_locked,temporal::logistic_wave64_l2_1,VisualCogB_Task-1
VisualCogB_Task-1,28,1,1,0.8860748946871945,q1_quality_matched,target_locked,temporal::logistic_wave64_l2_1,VisualCogB_Task-1
VisualCogB_Task-1,29,-1,-1,0.23753953435064531,q1_quality_matched,target_locked,temporal::logistic_wave64_l2_1,VisualCogB_Task-1
VisualCogB_Task-1,30,1,-1,0.42466440188709853,q1_quality_matched,target_locked,temporal::logistic_wave64_l2_1,VisualCogB_Task-1
VisualCogB_Task-1,31,-1,-1,0.0032129874247402296,q1_quality_matched,target_locked,temporal::logistic_wave64_l2_1,VisualCogB_Task-1
VisualCogB_Task-1,32,-1,-1,0.07661046779776756,q1_quality_matched,target_locked,temporal::logistic_wave64_l2_1,VisualCogB_Task-1
VisualCogB_Task-1,33,1,1,0.7830999762860962,q1_quality_matched,target_locked,temporal::logistic_wave64_l2_1,VisualCogB_Task-1
VisualCogB_Task-1,34,-1,1,0.6050034634206284,q1_quality_matched,target_locked,temporal::logistic_wave64_l2_1,VisualCogB_Task-1
VisualCogB_Task-1,36,-1,1,0.8634136331284276,q1_quality_matched,target_locked,temporal::logistic_wave64_l2_1,VisualCogB_Task-1
VisualCogB_Task-1,37,-1,-1,0.43678898928267984,q1_quality_matched,target_locked,temporal::logistic_wave64_l2_1,VisualCogB_Task-1
VisualCogB_Task-1,38,1,-1,0.0018013325205351212,q1_quality_matched,target_locked,temporal::logistic_wave64_l2_1,VisualCogB_Task-1
VisualCogB_Task-1,39,1,1,0.7454990276362468,q1_quality_matched,target_locked,temporal::logistic_wave64_l2_1,VisualCogB_Task-1
VisualCogB_Task-1,40,-1,1,0.7071481813031812,q1_quality_matched,target_locked,temporal::logistic_wave64_l2_1,VisualCogB_Task-1
VisualCogB_Task-1,41,1,-1,0.3847463029980114,q1_quality_matched,target_locked,temporal::logistic_wave64_l2_1,VisualCogB_Task-1
VisualCogB_Task-1,42,1,-1,0.08984971539546546,q1_quality_matched,target_locked,temporal::logistic_wave64_l2_1,VisualCogB_Task-1
VisualCogB_Task-1,43,1,1,0.5176311258092249,q1_quality_matched,target_locked,temporal::logistic_wave64_l2_1,VisualCogB_Task-1
VisualCogB_Task-1,44,1,1,0.5048028857779076,q1_quality_matched,target_locked,temporal::logistic_wave64_l2_1,VisualCogB_Task-1
VisualCogB_Task-1,47,1,1,0.999999991254389,q1_quality_matched,target_locked,temporal::logistic_wave64_l2_1,VisualCogB_Task-1
VisualCogB_Task-1,48,1,-1,0.4225629692785667,q1_quality_matched,target_locked,temporal::logistic_wave64_l2_1,VisualCogB_Task-1
VisualCogB_Task-1,49,-1,1,0.5101041399658931,q1_quality_matched,target_locked,temporal::logistic_wave64_l2_1,VisualCogB_Task-1
VisualCogB_Task-1,50,1,-1,0.45340294349806676,q1_quality_matched,target_locked,temporal::logistic_wave64_l2_1,VisualCogB_Task-1
VisualCogB_Task-1,51,-1,1,0.6979703340035492,q1_quality_matched,target_locked,temporal::logistic_wave64_l2_1,VisualCogB_Task-1
VisualCogB_Task-1,52,1,1,0.6995531793084544,q1_quality_matched,target_locked,temporal::logistic_wave64_l2_1,VisualCogB_Task-1
VisualCogB_Task-1,54,1,-1,0.007384657540539894,q1_quality_matched,target_locked,temporal::logistic_wave64_l2_1,VisualCogB_Task-1
VisualCogB_Task-1,55,-1,-1,0.0114675245015571,q1_quality_matched,target_locked,temporal::logistic_wave64_l2_1,VisualCogB_Task-1
VisualCogB_Task-1,56,1,-1,0.40535561384481406,q1_quality_matched,target_locked,temporal::logistic_wave64_l2_1,VisualCogB_Task-1
VisualCogB_Task-1,58,1,-1,0.06305883268496522,q1_quality_matched,target_locked,temporal::logistic_wave64_l2_1,VisualCogB_Task-1
VisualCogB_Task-1,59,1,-1,0.2758636516281965,q1_quality_matched,target_locked,temporal::logistic_wave64_l2_1,VisualCogB_Task-1
VisualCogB_Task-1,60,-1,-1,0.30194203120809704,q1_quality_matched,target_locked,temporal::logistic_wave64_l2_1,VisualCogB_Task-1
VisualCogB_Task-1,61,-1,-1,0.09367001310151872,q1_quality_matched,target_locked,temporal::logistic_wave64_l2_1,VisualCogB_Task-1
VisualCogB_Task-1,63,-1,1,0.8671802765999576,q1_quality_matched,target_locked,temporal::logistic_wave64_l2_1,VisualCogB_Task-1
VisualCogB_Task-1,64,-1,1,0.8736327308548706,q1_quality_matched,target_locked,temporal::logistic_wave64_l2_1,VisualCogB_Task-1
VisualCogB_Task-1,66,1,-1,0.33414197978810406,q1_quality_matched,target_locked,temporal::logistic_wave64_l2_1,VisualCogB_Task-1
VisualCogB_Task-1,67,1,1,0.5748256264073319,q1_quality_matched,target_locked,temporal::logistic_wave64_l2_1,VisualCogB_Task-1
VisualCogB_Task-1,68,-1,1,0.8270049671458184,q1_quality_matched,target_locked,temporal::logistic_wave64_l2_1,VisualCogB_Task-1
VisualCogB_Task-1,69,-1,-1,0.18718499505322883,q1_quality_matched,target_locked,temporal::logistic_wave64_l2_1,VisualCogB_Task-1
VisualCogB_Task-1,71,1,-1,0.041125127733163125,q1_quality_matched,target_locked,temporal::logistic_wave64_l2_1,VisualCogB_Task-1
VisualCogB_Task-1,72,-1,-1,0.16529829078791095,q1_quality_matched,target_locked,temporal::logistic_wave64_l2_1,VisualCogB_Task-1
VisualCogB_Task-1,73,-1,1,0.6450254144598905,q1_quality_matched,target_locked,temporal::logistic_wave64_l2_1,VisualCogB_Task-1
VisualCogB_Task-1,74,1,1,0.9636797185965993,q1_quality_matched,target_locked,temporal::logistic_wave64_l2_1,VisualCogB_Task-1
VisualCogB_Task-1,75,-1,-1,0.22741510133507672,q1_quality_matched,target_locked,temporal::logistic_wave64_l2_1,VisualCogB_Task-1
VisualCogB_Task-1,76,-1,-1,0.13404288119010396,q1_quality_matched,target_locked,temporal::logistic_wave64_l2_1,VisualCogB_Task-1
VisualCogB_Task-1,78,1,1,0.7169821929603146,q1_quality_matched,target_locked,temporal::logistic_wave64_l2_1,VisualCogB_Task-1
VisualCogB_Task-1,79,-1,-1,0.4616936941874566,q1_quality_matched,target_locked,temporal::logistic_wave64_l2_1,VisualCogB_Task-1
VisualCogB_Task-1,80,-1,1,0.7706952414884669,q1_quality_matched,target_locked,temporal::logistic_wave64_l2_1,VisualCogB_Task-1
VisualCogB_Task-1,81,1,-1,0.28265079920445263,q1_quality_matched,target_locked,temporal::logistic_wave64_l2_1,VisualCogB_Task-1
VisualCogB_Task-1,82,-1,1,0.9762121163292931,q1_quality_matched,target_locked,temporal::logistic_wave64_l2_1,VisualCogB_Task-1
VisualCogB_Task-1,83,-1,-1,0.06237880079706329,q1_quality_matched,target_locked,temporal::logistic_wave64_l2_1,VisualCogB_Task-1
VisualCogB_Task-1,85,-1,1,0.7696244042510015,q1_quality_matched,target_locked,temporal::logistic_wave64_l2_1,VisualCogB_Task-1
VisualCogB_Task-1,86,-1,-1,0.1302411332284241,q1_quality_matched,target_locked,temporal::logistic_wave64_l2_1,VisualCogB_Task-1
VisualCogB_Task-1,88,-1,1,0.9516300120104443,q1_quality_matched,target_locked,temporal::logistic_wave64_l2_1,VisualCogB_Task-1
VisualCogB_Task-1,89,-1,-1,0.32169476221002063,q1_quality_matched,target_locked,temporal::logistic_wave64_l2_1,VisualCogB_Task-1
VisualCogB_Task-1,90,1,-1,0.46612063048650804,q1_quality_matched,target_locked,temporal::logistic_wave64_l2_1,VisualCogB_Task-1
VisualCogB_Task-1,92,-1,1,0.9064405983508109,q1_quality_matched,target_locked,temporal::logistic_wave64_l2_1,VisualCogB_Task-1
VisualCogB_Task-1,93,1,1,0.5436699253342625,q1_quality_matched,target_locked,temporal::logistic_wave64_l2_1,VisualCogB_Task-1
VisualCogB_Task-1,94,-1,1,0.5835158717762707,q1_quality_matched,target_locked,temporal::logistic_wave64_l2_1,VisualCogB_Task-1
VisualCogB_Task-1,95,1,-1,0.048078863323491317,q1_quality_matched,target_locked,temporal::logistic_wave64_l2_1,VisualCogB_Task-1
VisualCogB_Task-1,97,1,1,0.906787624306139,q1_quality_matched,target_locked,temporal::logistic_wave64_l2_1,VisualCogB_Task-1
VisualCogB_Task-1,98,1,1,0.8270540645178222,q1_quality_matched,target_locked,temporal::logistic_wave64_l2_1,VisualCogB_Task-1
VisualCogB_Task-1,99,1,1,0.5830923066254925,q1_quality_matched,target_locked,temporal::logistic_wave64_l2_1,VisualCogB_Task-1
VisualCogB_Task-2,0,-1,-1,-1.4488971704582099,q1_quality_matched,target_locked,round1::rbf_svm_full_baseline_13_C_10_gamma_scale,VisualCogB_Task-2
VisualCogB_Task-2,2,-1,-1,-0.8913005137561738,q1_quality_matched,target_locked,round1::rbf_svm_full_baseline_13_C_10_gamma_scale,VisualCogB_Task-2
VisualCogB_Task-2,3,1,-1,-1.2715035747246652,q1_quality_matched,target_locked,round1::rbf_svm_full_baseline_13_C_10_gamma_scale,VisualCogB_Task-2
VisualCogB_Task-2,4,-1,1,0.23251856082624206,q1_quality_matched,target_locked,round1::rbf_svm_full_baseline_13_C_10_gamma_scale,VisualCogB_Task-2
VisualCogB_Task-2,5,1,1,0.43780444162727633,q1_quality_matched,target_locked,round1::rbf_svm_full_baseline_13_C_10_gamma_scale,VisualCogB_Task-2
VisualCogB_Task-2,7,1,-1,-0.853333926955407,q1_quality_matched,target_locked,round1::rbf_svm_full_baseline_13_C_10_gamma_scale,VisualCogB_Task-2
VisualCogB_Task-2,8,1,-1,-0.5988783473791919,q1_quality_matched,target_locked,round1::rbf_svm_full_baseline_13_C_10_gamma_scale,VisualCogB_Task-2
VisualCogB_Task-2,10,1,-1,-0.06896134699823557,q1_quality_matched,target_locked,round1::rbf_svm_full_baseline_13_C_10_gamma_scale,VisualCogB_Task-2
VisualCogB_Task-2,11,1,-1,-0.22089447777261256,q1_quality_matched,target_locked,round1::rbf_svm_full_baseline_13_C_10_gamma_scale,VisualCogB_Task-2
VisualCogB_Task-2,12,1,1,0.04581558408146731,q1_quality_matched,target_locked,round1::rbf_svm_full_baseline_13_C_10_gamma_scale,VisualCogB_Task-2
VisualCogB_Task-2,16,-1,-1,-1.2159887518135588,q1_quality_matched,target_locked,round1::rbf_svm_full_baseline_13_C_10_gamma_scale,VisualCogB_Task-2
VisualCogB_Task-2,17,1,1,0.6752790605986188,q1_quality_matched,target_locked,round1::rbf_svm_full_baseline_13_C_10_gamma_scale,VisualCogB_Task-2
VisualCogB_Task-2,18,1,-1,-0.700609122440645,q1_quality_matched,target_locked,round1::rbf_svm_full_baseline_13_C_10_gamma_scale,VisualCogB_Task-2
VisualCogB_Task-2,20,1,1,1.0274911158059217,q1_quality_matched,target_locked,round1::rbf_svm_full_baseline_13_C_10_gamma_scale,VisualCogB_Task-2
VisualCogB_Task-2,21,1,-1,-1.2108534121190955,q1_quality_matched,target_locked,round1::rbf_svm_full_baseline_13_C_10_gamma_scale,VisualCogB_Task-2
VisualCogB_Task-2,23,-1,-1,-0.27544720371033776,q1_quality_matched,target_locked,round1::rbf_svm_full_baseline_13_C_10_gamma_scale,VisualCogB_Task-2
VisualCogB_Task-2,24,-1,-1,-0.16243871323624998,q1_quality_matched,target_locked,round1::rbf_svm_full_baseline_13_C_10_gamma_scale,VisualCogB_Task-2
VisualCogB_Task-2,25,1,1,1.1059818048971435,q1_quality_matched,target_locked,round1::rbf_svm_full_baseline_13_C_10_gamma_scale,VisualCogB_Task-2
VisualCogB_Task-2,26,-1,-1,-0.885756454256692,q1_quality_matched,target_locked,round1::rbf_svm_full_baseline_13_C_10_gamma_scale,VisualCogB_Task-2
VisualCogB_Task-2,27,-1,-1,-0.9951894283536578,q1_quality_matched,target_locked,round1::rbf_svm_full_baseline_13_C_10_gamma_scale,VisualCogB_Task-2
VisualCogB_Task-2,28,-1,-1,-0.9101192467656118,q1_quality_matched,target_locked,round1::rbf_svm_full_baseline_13_C_10_gamma_scale,VisualCogB_Task-2
VisualCogB_Task-2,29,1,1,0.034463659628778356,q1_quality_matched,target_locked,round1::rbf_svm_full_baseline_13_C_10_gamma_scale,VisualCogB_Task-2
VisualCogB_Task-2,30,1,-1,-1.8687940135617853,q1_quality_matched,target_locked,round1::rbf_svm_full_baseline_13_C_10_gamma_scale,VisualCogB_Task-2
VisualCogB_Task-2,31,1,1,0.1434345847494941,q1_quality_matched,target_locked,round1::rbf_svm_full_baseline_13_C_10_gamma_scale,VisualCogB_Task-2
VisualCogB_Task-2,32,1,-1,-0.6383011607131177,q1_quality_matched,target_locked,round1::rbf_svm_full_baseline_13_C_10_gamma_scale,VisualCogB_Task-2
VisualCogB_Task-2,33,1,1,1.1103051295369766,q1_quality_matched,target_locked,round1::rbf_svm_full_baseline_13_C_10_gamma_scale,VisualCogB_Task-2
VisualCogB_Task-2,34,-1,-1,-0.3429325209286001,q1_quality_matched,target_locked,round1::rbf_svm_full_baseline_13_C_10_gamma_scale,VisualCogB_Task-2
VisualCogB_Task-2,35,1,-1,-1.3183477592070938,q1_quality_matched,target_locked,round1::rbf_svm_full_baseline_13_C_10_gamma_scale,VisualCogB_Task-2
VisualCogB_Task-2,36,-1,1,0.11087880434159755,q1_quality_matched,target_locked,round1::rbf_svm_full_baseline_13_C_10_gamma_scale,VisualCogB_Task-2
VisualCogB_Task-2,37,-1,-1,-0.6982002031142085,q1_quality_matched,target_locked,round1::rbf_svm_full_baseline_13_C_10_gamma_scale,VisualCogB_Task-2
VisualCogB_Task-2,38,1,1,1.103877087437041,q1_quality_matched,target_locked,round1::rbf_svm_full_baseline_13_C_10_gamma_scale,VisualCogB_Task-2
VisualCogB_Task-2,39,1,1,1.0361821797372057,q1_quality_matched,target_locked,round1::rbf_svm_full_baseline_13_C_10_gamma_scale,VisualCogB_Task-2
VisualCogB_Task-2,40,1,-1,-0.5933334376353421,q1_quality_matched,target_locked,round1::rbf_svm_full_baseline_13_C_10_gamma_scale,VisualCogB_Task-2
VisualCogB_Task-2,41,-1,-1,-0.8801317439152672,q1_quality_matched,target_locked,round1::rbf_svm_full_baseline_13_C_10_gamma_scale,VisualCogB_Task-2
VisualCogB_Task-2,43,1,-1,-1.7341094467762237,q1_quality_matched,target_locked,round1::rbf_svm_full_baseline_13_C_10_gamma_scale,VisualCogB_Task-2
VisualCogB_Task-2,44,-1,1,0.005804983928036259,q1_quality_matched,target_locked,round1::rbf_svm_full_baseline_13_C_10_gamma_scale,VisualCogB_Task-2
VisualCogB_Task-2,45,-1,-1,-0.40181632320949173,q1_quality_matched,target_locked,round1::rbf_svm_full_baseline_13_C_10_gamma_scale,VisualCogB_Task-2
VisualCogB_Task-2,46,1,-1,-0.8696173376849485,q1_quality_matched,target_locked,round1::rbf_svm_full_baseline_13_C_10_gamma_scale,VisualCogB_Task-2
VisualCogB_Task-2,47,-1,1,1.5133303032587775,q1_quality_matched,target_locked,round1::rbf_svm_full_baseline_13_C_10_gamma_scale,VisualCogB_Task-2
VisualCogB_Task-2,48,1,-1,-0.7733911118954802,q1_quality_matched,target_locked,round1::rbf_svm_full_baseline_13_C_10_gamma_scale,VisualCogB_Task-2
VisualCogB_Task-2,50,-1,1,0.9890180785287526,q1_quality_matched,target_locked,round1::rbf_svm_full_baseline_13_C_10_gamma_scale,VisualCogB_Task-2
VisualCogB_Task-2,51,-1,-1,-0.9596378578836311,q1_quality_matched,target_locked,round1::rbf_svm_full_baseline_13_C_10_gamma_scale,VisualCogB_Task-2
VisualCogB_Task-2,52,1,-1,-1.1904684637921537,q1_quality_matched,target_locked,round1::rbf_svm_full_baseline_13_C_10_gamma_scale,VisualCogB_Task-2
VisualCogB_Task-2,54,1,-1,-1.0160737465435286,q1_quality_matched,target_locked,round1::rbf_svm_full_baseline_13_C_10_gamma_scale,VisualCogB_Task-2
VisualCogB_Task-2,57,-1,-1,-0.5151561424151871,q1_quality_matched,target_locked,round1::rbf_svm_full_baseline_13_C_10_gamma_scale,VisualCogB_Task-2
VisualCogB_Task-2,59,-1,1,0.3619945368591954,q1_quality_matched,target_locked,round1::rbf_svm_full_baseline_13_C_10_gamma_scale,VisualCogB_Task-2
VisualCogB_Task-2,60,-1,1,0.04236773291556824,q1_quality_matched,target_locked,round1::rbf_svm_full_baseline_13_C_10_gamma_scale,VisualCogB_Task-2
VisualCogB_Task-2,61,1,1,0.7560055402001775,q1_quality_matched,target_locked,round1::rbf_svm_full_baseline_13_C_10_gamma_scale,VisualCogB_Task-2
VisualCogB_Task-2,62,-1,1,1.0446390120691196,q1_quality_matched,target_locked,round1::rbf_svm_full_baseline_13_C_10_gamma_scale,VisualCogB_Task-2
VisualCogB_Task-2,63,-1,-1,-0.05652756544149544,q1_quality_matched,target_locked,round1::rbf_svm_full_baseline_13_C_10_gamma_scale,VisualCogB_Task-2
VisualCogB_Task-2,64,1,-1,-0.3210872940538981,q1_quality_matched,target_locked,round1::rbf_svm_full_baseline_13_C_10_gamma_scale,VisualCogB_Task-2
VisualCogB_Task-2,66,1,-1,-0.7889633603135953,q1_quality_matched,target_locked,round1::rbf_svm_full_baseline_13_C_10_gamma_scale,VisualCogB_Task-2
VisualCogB_Task-2,67,1,-1,-2.033098085631393,q1_quality_matched,target_locked,round1::rbf_svm_full_baseline_13_C_10_gamma_scale,VisualCogB_Task-2
VisualCogB_Task-2,68,-1,1,0.34027709366887293,q1_quality_matched,target_locked,round1::rbf_svm_full_baseline_13_C_10_gamma_scale,VisualCogB_Task-2
VisualCogB_Task-2,69,-1,-1,-0.2553406747924279,q1_quality_matched,target_locked,round1::rbf_svm_full_baseline_13_C_10_gamma_scale,VisualCogB_Task-2
VisualCogB_Task-2,70,1,-1,-0.3790808966116273,q1_quality_matched,target_locked,round1::rbf_svm_full_baseline_13_C_10_gamma_scale,VisualCogB_Task-2
VisualCogB_Task-2,71,1,1,0.5769051887351058,q1_quality_matched,target_locked,round1::rbf_svm_full_baseline_13_C_10_gamma_scale,VisualCogB_Task-2
VisualCogB_Task-2,72,1,-1,-0.21719042284279638,q1_quality_matched,target_locked,round1::rbf_svm_full_baseline_13_C_10_gamma_scale,VisualCogB_Task-2
VisualCogB_Task-2,73,-1,-1,-1.1521362742781536,q1_quality_matched,target_locked,round1::rbf_svm_full_baseline_13_C_10_gamma_scale,VisualCogB_Task-2
VisualCogB_Task-2,74,-1,-1,-0.7353338522855384,q1_quality_matched,target_locked,round1::rbf_svm_full_baseline_13_C_10_gamma_scale,VisualCogB_Task-2
VisualCogB_Task-2,75,1,-1,-1.562955130498151,q1_quality_matched,target_locked,round1::rbf_svm_full_baseline_13_C_10_gamma_scale,VisualCogB_Task-2
VisualCogB_Task-2,76,1,1,1.6061246096515411,q1_quality_matched,target_locked,round1::rbf_svm_full_baseline_13_C_10_gamma_scale,VisualCogB_Task-2
VisualCogB_Task-2,77,-1,-1,-0.5195023743848055,q1_quality_matched,target_locked,round1::rbf_svm_full_baseline_13_C_10_gamma_scale,VisualCogB_Task-2
VisualCogB_Task-2,79,-1,-1,-0.26170354367779997,q1_quality_matched,target_locked,round1::rbf_svm_full_baseline_13_C_10_gamma_scale,VisualCogB_Task-2
VisualCogB_Task-2,82,1,1,2.8410426560922617,q1_quality_matched,target_locked,round1::rbf_svm_full_baseline_13_C_10_gamma_scale,VisualCogB_Task-2
VisualCogB_Task-2,83,-1,-1,-1.487630001303621,q1_quality_matched,target_locked,round1::rbf_svm_full_baseline_13_C_10_gamma_scale,VisualCogB_Task-2
VisualCogB_Task-2,85,1,-1,-0.5272564997897549,q1_quality_matched,target_locked,round1::rbf_svm_full_baseline_13_C_10_gamma_scale,VisualCogB_Task-2
VisualCogB_Task-2,86,-1,1,0.4590770176628695,q1_quality_matched,target_locked,round1::rbf_svm_full_baseline_13_C_10_gamma_scale,VisualCogB_Task-2
VisualCogB_Task-2,87,1,-1,-1.1843836905698928,q1_quality_matched,target_locked,round1::rbf_svm_full_baseline_13_C_10_gamma_scale,VisualCogB_Task-2
VisualCogB_Task-2,88,-1,-1,-1.2229852562284393,q1_quality_matched,target_locked,round1::rbf_svm_full_baseline_13_C_10_gamma_scale,VisualCogB_Task-2
VisualCogB_Task-2,89,1,1,0.10259179091334887,q1_quality_matched,target_locked,round1::rbf_svm_full_baseline_13_C_10_gamma_scale,VisualCogB_Task-2
VisualCogB_Task-2,91,-1,-1,-1.0382971989492256,q1_quality_matched,target_locked,round1::rbf_svm_full_baseline_13_C_10_gamma_scale,VisualCogB_Task-2
VisualCogB_Task-2,92,1,1,0.4477135780357337,q1_quality_matched,target_locked,round1::rbf_svm_full_baseline_13_C_10_gamma_scale,VisualCogB_Task-2
VisualCogB_Task-2,93,-1,1,0.7859851150381263,q1_quality_matched,target_locked,round1::rbf_svm_full_baseline_13_C_10_gamma_scale,VisualCogB_Task-2
VisualCogB_Task-2,94,1,-1,-0.3601559728105324,q1_quality_matched,target_locked,round1::rbf_svm_full_baseline_13_C_10_gamma_scale,VisualCogB_Task-2
VisualCogB_Task-2,95,1,-1,-0.10680150688635019,q1_quality_matched,target_locked,round1::rbf_svm_full_baseline_13_C_10_gamma_scale,VisualCogB_Task-2
VisualCogB_Task-2,96,-1,1,0.5822221005049226,q1_quality_matched,target_locked,round1::rbf_svm_full_baseline_13_C_10_gamma_scale,VisualCogB_Task-2
VisualCogB_Task-2,97,-1,1,0.023504052646438914,q1_quality_matched,target_locked,round1::rbf_svm_full_baseline_13_C_10_gamma_scale,VisualCogB_Task-2
VisualCogB_Task-2,98,1,-1,-0.051341856622635615,q1_quality_matched,target_locked,round1::rbf_svm_full_baseline_13_C_10_gamma_scale,VisualCogB_Task-2
VisualCogB_Task-2,99,-1,-1,-0.46871181585540894,q1_quality_matched,target_locked,round1::rbf_svm_full_baseline_13_C_10_gamma_scale,VisualCogB_Task-2
